country,gpercentile,inc25,B90kC,B90kG,B90kN,B90kI,B,BG,BN,BI,B45kC,B120kC,B45kG,B120kG,B45kN,B120kN,B45kI,B120kI
IT,0,5759,11197,8237,10351,7219,9937,7311,9102,6407,8957,12317,6589,9060,8281,11387,5775,7940
IT,1,5885,11244,8411,10373,7378,9979,7465,9122,6547,8995,12368,6728,9251,8298,11411,5902,8115
IT,2,6059,11329,8654,10426,7595,10054,7680,9167,6741,9063,12461,6923,9519,8340,11468,6076,8355
IT,3,6290,11530,8977,10585,7885,10232,7966,9308,6998,9225,12683,7182,9874,8469,11644,6308,8673
IT,4,6585,11703,9310,10724,8255,10386,8264,9431,7326,9363,12874,7448,10241,8580,11797,6604,9081
IT,5,6953,11707,9584,10788,8716,10390,8506,9486,7734,9366,12877,7667,10543,8631,11867,6974,9588
IT,6,7190,11805,9602,10820,9013,10477,8522,9514,7998,9444,12985,7682,10562,8656,11902,7210,9914
IT,7,7190,12152,9605,11254,9013,10785,8524,9895,7998,9721,13367,7683,10565,9002,12379,7210,9914
IT,8,7190,12251,9640,11447,9013,10871,8555,10065,7998,9800,13476,7712,10605,9158,12592,7210,9914
IT,9,7190,12261,9657,11553,9013,10881,8569,10159,7998,9808,13486,7725,10622,9243,12709,7210,9914
IT,10,7190,12416,9679,11820,9013,11018,8590,10393,7998,9933,13658,7742,10647,9456,13002,7210,9914
IT,11,7190,12500,9718,11985,9013,11093,8624,10539,7998,9999,13750,7775,10690,9588,13184,7210,9914
IT,12,7193,12528,9785,12088,9017,11119,8684,10631,8003,10023,13781,7828,10764,9671,13297,7214,9920
IT,13,7206,12786,9812,12435,9034,11346,8708,10934,8017,10229,14064,7849,10793,9947,13678,7227,9937
IT,14,7235,12862,9877,12577,9070,11414,8765,11059,8048,10290,14149,7901,10864,10062,13835,7256,9976
IT,15,7288,12900,9962,12669,9137,11448,8841,11140,8108,10320,14190,7969,10958,10135,13935,7309,10050
IT,16,7343,13125,10042,12936,9205,11648,8912,11375,8169,10500,14438,8034,11046,10349,14230,7364,10126
IT,17,7390,13245,10101,13084,9264,11755,8964,11505,8221,10596,14570,8081,11111,10467,14393,7411,10190
IT,18,7816,13358,10210,13178,9799,11855,9060,11588,8695,10686,14694,8169,11232,10543,14496,7840,10779
IT,19,7909,13392,10304,13234,9914,11885,9144,11637,8799,10714,14731,8243,11335,10587,14557,7931,10905
IT,20,8362,13550,10868,13375,10482,12025,9645,11761,9302,10840,14905,8694,11955,10700,14713,8386,11530
IT,21,8535,13572,11075,13398,10700,12044,9828,11782,9496,10857,14929,8860,12182,10719,14738,8560,11770
IT,22,8840,13813,11453,13629,11082,12258,10164,11984,9835,11050,15194,9162,12598,10903,14992,8866,12190
IT,23,9134,13817,11815,13637,11450,12262,10486,11991,10162,11054,15200,9452,12996,10910,15001,9160,12596
IT,24,9250,14140,11953,13971,11595,12549,10609,12285,10290,11313,15554,9563,13148,11177,15369,9276,12754
IT,25,9475,14172,12236,13989,11877,12577,10859,12300,10540,11337,15589,9789,13460,11191,15388,9501,13065
IT,26,9699,14238,12511,14050,12158,12635,11103,12355,10789,11390,15661,10009,13762,11240,15455,9726,13374
IT,27,9966,14260,12842,14061,12494,12655,11397,12364,11087,11408,15686,10274,14127,11249,15466,9995,13743
IT,28,10111,14534,12997,14372,12674,12899,11534,12637,11248,11628,15987,10398,14297,11498,15809,10140,13942
IT,29,10552,14587,13522,14420,13227,12945,12000,12680,11739,11670,16047,10818,14875,11536,15861,10582,14549
IT,30,10553,14619,13532,14464,13228,12973,12010,12717,11740,11695,16080,10826,14886,11571,15910,10582,14550
IT,31,10981,15025,14042,14885,13765,13333,12461,13089,12216,12020,16527,11234,15447,11908,16373,11013,15142
IT,32,11347,15557,14509,15414,14224,13806,12876,13554,12622,12445,17113,11607,15960,12332,16956,11379,15646
IT,33,11716,16078,14978,15935,14687,14269,13292,14013,13035,12862,17686,11982,16475,12749,17529,11749,16155
IT,34,11908,16295,15212,16162,14928,14461,13499,14212,13248,13037,17925,12170,16733,12930,17779,11943,16421
IT,35,12125,16592,15483,16462,15199,14724,13740,14475,13488,13273,18251,12386,17031,13170,18109,12159,16719
IT,36,12338,16680,15743,16548,15466,14803,13971,14550,13726,13344,18349,12595,17318,13238,18203,12373,17013
IT,37,12421,16856,15801,16781,15571,14959,14022,14757,13819,13485,18541,12641,17382,13425,18459,12457,17128
IT,38,12817,17023,16271,16932,16066,15107,14439,14890,14259,13618,18725,13017,17898,13546,18625,12853,17672
IT,39,12823,17108,16295,17060,16074,15183,14461,15001,14266,13687,18819,13037,17925,13648,18766,12860,17682
IT,40,12904,17172,16365,17130,16177,15239,14523,15063,14356,13737,18888,13092,18001,13704,18843,12942,17795
IT,41,13021,17198,16495,17170,16323,15263,14638,15098,14487,13758,18918,13196,18144,13736,18887,13059,17956
IT,42,13235,17462,16760,17436,16591,15496,14873,15332,14723,13969,19208,13407,18435,13949,19180,13273,18250
IT,43,13506,17619,17068,17621,16930,15637,15147,15495,15025,14095,19382,13654,18775,14098,19384,13544,18623
IT,44,13739,17740,17330,17767,17223,15743,15380,15623,15285,14191,19514,13864,19063,14213,19544,13778,18945
IT,45,13981,18065,17631,18097,17525,16031,15646,15913,15553,14452,19871,14105,19394,14477,19907,14020,19277
IT,46,14457,18704,18229,18742,18123,16600,16177,16481,16084,14964,20575,14584,20052,14994,20617,14498,19935
IT,47,14716,18997,18543,19048,18448,16859,16456,16749,16372,15198,20897,14834,20397,15238,20953,14759,20293
IT,48,15135,19538,19063,19597,18973,17339,16919,17232,16837,15631,21491,15251,20969,15677,21556,15178,20870
IT,49,15377,19793,19354,19866,19276,17565,17176,17469,17106,15835,21772,15483,21289,15893,21852,15421,21204
IT,50,15549,20013,19562,20095,19492,17760,17361,17670,17298,16011,22014,15649,21518,16075,22104,15594,21441
IT,51,16009,20530,20125,20630,20068,18220,17860,18140,17810,16424,22583,16100,22138,16504,22692,16055,22075
IT,52,16300,20939,20489,21044,20433,18583,18183,18505,18133,16752,23034,16390,22537,16835,23149,16346,22477
IT,53,16667,21278,20924,21406,20893,18884,18570,18823,18542,17023,23407,16739,23017,17125,23547,16715,22982
IT,54,17094,21879,21460,22014,21428,19416,19045,19357,19017,17503,24067,17169,23606,17611,24215,17142,23570
IT,55,17453,22311,21899,22461,21877,19800,19435,19750,19415,17850,24543,17520,24089,17969,24707,17502,24065
IT,56,18001,23047,22583,23205,22565,20453,20042,20405,20025,18438,25351,18067,24842,18564,25526,18052,24822
IT,57,18351,23538,23020,23706,23005,20888,20430,20845,20416,18830,25892,18416,25322,18965,26076,18404,25306
IT,58,18601,23772,23314,23959,23318,21095,20690,21068,20694,19017,26149,18651,25645,19167,26355,18654,25650
IT,59,19167,24495,24015,24699,24028,21738,21312,21718,21324,19596,26945,19211,26416,19759,27169,19222,26430
IT,60,19494,24902,24414,25120,24436,22099,21666,22088,21686,19921,27393,19531,26855,20096,27631,19550,26880
IT,61,20224,25766,25309,26008,25352,22866,22461,22868,22499,20613,28342,20248,27841,20806,28609,20281,27887
IT,62,20504,26156,25655,26410,25703,23212,22768,23223,22810,20925,28772,20523,28220,21128,29051,20563,28274
IT,63,20933,26727,26185,26994,26242,23718,23238,23737,23288,21381,29400,20948,28803,21596,29694,20994,28866
IT,64,21342,27249,26685,27533,26752,24183,23681,24210,23741,21800,29974,21348,29353,22026,30287,21402,29427
IT,65,21652,27527,27049,27836,27143,24428,24004,24478,24088,22022,30280,21639,29754,22269,30620,21714,29857
IT,66,22083,28046,27571,28376,27682,24889,24469,24952,24567,22436,30851,22057,30328,22700,31213,22146,30451
IT,67,22356,28240,27884,28598,28024,25062,24745,25147,24871,22593,31064,22307,30672,22879,31458,22419,30826
IT,68,22687,28693,28290,29066,28440,25463,25106,25558,25239,22954,31563,22632,31119,23253,31973,22751,31284
IT,69,23053,29073,28724,29471,28898,25802,25491,25915,25646,23259,31981,22980,31597,23577,32418,23118,31788
IT,70,23720,29880,29540,30305,29735,26517,26215,26648,26389,23904,32869,23631,32494,24244,33336,23788,32709
IT,71,24259,30524,30195,30974,30410,27088,26796,27236,26987,24419,33575,24156,33215,24779,34072,24329,33451
IT,72,25097,31491,31214,31978,31461,27947,27702,28120,27920,25192,34641,24971,34336,25583,35177,25168,34607
IT,73,25899,32427,32190,32949,32466,28778,28567,28973,28812,25942,35670,25752,35410,26359,36243,25973,35713
IT,74,26704,33359,33168,33917,33475,29604,29435,29825,29706,26687,36694,26535,36484,27133,37309,26780,36822
IT,75,27347,34103,33946,34695,34282,30265,30126,30509,30423,27283,37514,27156,37340,27756,38164,27425,37709
IT,76,27945,34739,34662,35368,35031,30830,30760,31099,31088,27791,38213,27730,38127,28295,38904,28025,38534
IT,77,28738,35660,35623,36328,36026,31646,31612,31944,31970,28528,39226,28499,39185,29063,39961,28821,39628
IT,78,29530,36562,36579,37271,37017,32447,32461,32774,32850,29249,40218,29263,40237,29816,40998,29614,40719
IT,79,30538,37721,37802,38479,38281,33476,33548,33836,33974,30177,41494,30241,41582,30783,42328,30625,42110
IT,80,31563,38957,39048,39761,39567,34572,34653,34964,35113,31165,42852,31238,42953,31809,43738,31653,43524
IT,81,32181,39625,39785,40470,40342,35164,35307,35587,35801,31699,43586,31828,43763,32376,44517,32274,44376
IT,82,33000,40566,40770,41459,41368,36000,36182,36456,36712,32453,44623,32616,44847,33168,45605,33094,45504
IT,83,33849,41505,41788,42450,42432,36834,37085,37327,37656,33205,45656,33431,45967,33960,46696,33946,46675
IT,84,34676,42476,42783,43470,43468,37695,37968,38225,38577,33981,46724,34226,47061,34776,47818,34775,47815
IT,85,35376,43249,43615,44293,44346,38382,38706,38948,39355,34599,47574,34892,47976,35434,48722,35477,48780
IT,86,36507,44594,44983,45700,45765,39575,39920,40185,40614,35675,49052,35986,49482,36559,50269,36612,50341
IT,87,37916,46193,46682,47374,47530,40994,41428,41658,42182,36954,50812,37346,51350,37899,52112,38024,52284
IT,88,39237,47497,48251,48764,49186,42150,42821,42880,43650,37998,52246,38601,53076,39011,53640,39349,54106
IT,89,40645,49110,49945,50460,50951,43583,44324,44371,45217,39288,54020,39956,54939,40368,55507,40761,56046
IT,90,42262,50906,51885,52351,52978,45176,46046,46034,47015,40725,55997,41508,57074,41881,57587,42382,58276
IT,91,43866,52532,53793,54084,54988,46620,47739,47558,48800,42025,57786,43034,59172,43267,59492,43990,60487
IT,92,45855,54541,56162,56219,57482,48402,49842,49435,51014,43633,59995,44930,61779,44975,61841,45986,63231
IT,93,48755,57522,59632,59368,61119,51047,52921,52204,54240,46017,63274,47705,65595,47495,65305,48895,67231
IT,94,52187,60967,63732,63017,65421,54104,56559,55412,58058,48773,67063,50986,70106,50413,69318,52336,71962
IT,95,58123,67071,70857,69441,72861,59522,62882,61062,64660,53656,73778,56686,77943,55553,76386,58288,80147
IT,96,65664,74631,79892,77419,82315,66232,70900,68077,73051,59705,82095,63914,87881,61935,85160,65851,90546
IT,97,76362,84602,92316,88368,95724,75081,81927,77705,84952,67681,93062,73853,101548,70694,97204,76579,105297
IT,98,101694,99354,113252,114359,127481,88172,100506,100559,113133,79483,109289,90601,124577,91487,125796,101985,140229
IT,99,134640,119777,141382,148467,168780,106297,125471,130552,149784,95822,131755,113106,155521,118773,163314,135024,185658
IT,99.1,140356,123600,146577,154330,175944,109689,130081,135707,156142,98880,135959,117262,161235,123465,169763,140756,193539
IT,99.2,148316,128764,153781,162361,185924,114271,136474,142769,164999,103011,141640,123025,169160,129889,178597,148739,204516
IT,99.3,156159,132853,160347,169809,195756,117900,142301,149318,173724,106282,146138,128277,176382,135847,186790,156604,215332
IT,99.4,167122,138411,169426,180161,209499,122833,150357,158421,185921,110729,152253,135540,186369,144128,198177,167599,230448
IT,99.5,181264,146883,182428,193456,227227,130351,161897,170111,201653,117507,161571,145943,200671,154764,212801,181782,249949
IT,99.6,195152,153196,194594,205057,244636,135954,172693,180312,217103,122557,168516,155676,214053,164046,225563,195709,269100
IT,99.7,235007,176996,231173,242519,294597,157075,205156,213254,261441,141597,194695,184939,254291,194015,266772,235678,324057
IT,99.8,309602,209256,293026,306977,388108,185704,260047,269933,344428,167404,230182,234420,322328,245581,337674,310486,426918
IT,99.9,381402,245374,354778,371918,478114,217758,314850,327038,424305,196299,269912,283822,390256,297534,409109,382491,525926
IT,99.91,398332,253761,369878,386492,499336,225201,328250,339854,443138,203009,279138,295902,406866,309194,425142,399469,549269
IT,99.92,433872,273583,402073,418886,543888,242793,356822,368339,482675,218866,300942,321659,442281,335109,460775,435110,598277
IT,99.93,464938,288979,429525,445921,582832,256455,381184,392112,517236,231183,317877,343621,472478,356737,490514,466265,641115
IT,99.94,522490,319263,480708,497515,654977,283330,426606,437481,581262,255410,351189,384567,528779,398012,547267,523982,720475
IT,99.95,590931,354668,541044,558816,740772,314750,480151,491382,657402,283734,390134,432835,595148,447053,614698,592618,814849
IT,99.96,749673,438483,681045,702729,939767,389134,604396,617931,834000,350786,482333,544836,749149,562183,773002,751814,1033744
IT,99.97,849575,477850,761471,787666,1065000,424069,675770,692618,945138,382280,525635,609176,837618,630133,866433,852000,1171500
IT,99.98,2208755,1162801,1928687,2020291,2768825,1031929,1711620,1776501,2457205,930240,1279081,1542949,2121555,1616233,2222321,2215060,3045708
IT,99.99,4438606,2231046,3806911,4024563,5564095,1979946,3378458,3538916,4937879,1784837,2454150,3045528,4187602,3219651,4427020,4451277,6120504
IT,99.991,4861880,2414933,4150597,4399292,6094699,2143137,3683465,3868428,5408766,1931946,2656427,3320478,4565657,3519434,4839222,4875760,6704170
IT,99.992,5195538,2544944,4410698,4690889,6512962,2258515,3914292,4124837,5779954,2035955,2799439,3528558,4851767,3752711,5159978,5210370,7164258
IT,99.993,5299140,2555131,4469602,4773772,6642834,2267556,3966567,4197718,5895209,2044105,2810643,3575682,4916562,3819018,5251149,5314266,7307117
IT,99.994,5360029,2533069,4482891,4816500,6719164,2247976,3978360,4235289,5962948,2026455,2786376,3586314,4931181,3853200,5298149,5375331,7391080
IT,99.995,5479837,2523304,4532190,4910461,6869352,2239311,4022110,4317913,6096234,2018643,2775635,3625752,4985409,3928369,5401506,5495481,7556287
IT,99.996,6028818,2678474,4908593,5385362,7557535,2377018,4356151,4735508,6706966,2142779,2946323,3926875,5399452,4308290,5923899,6046028,8313289
IT,99.997,7594252,3194844,6035201,6758565,9519914,2835271,5355964,5943005,8448486,2555876,3514328,4828161,6638721,5406852,7434422,7615931,10471905
IT,99.998,8967055,3564125,6963435,7940738,11240816,3162990,6179729,6982525,9975708,2851300,3920538,5570748,7659778,6352590,8734812,8992653,12364897
IT,99.999,15881718,2279031,8727702,13802360,19908819,2022531,7745435,12136823,17668163,1823224,2506935,6982161,9600472,11041889,15182597,15927055,21899701
BR,0,2352,8228,6684,2303,2991,7099,5767,1794,2581,6732,8976,5469,7292,1884,2513,2447,3263
BR,1,2420,8238,6730,3241,3078,7107,5806,2523,2655,6741,8987,5506,7342,2652,3535,2519,3358
BR,2,2420,8248,6770,3469,3078,7116,5840,2702,2655,6749,8999,5539,7385,2838,3784,2519,3358
BR,3,2420,8277,6791,3622,3078,7140,5857,2820,2655,6772,9030,5556,7408,2963,3951,2519,3358
BR,4,2420,8337,6799,3738,3078,7191,5865,2910,2655,6821,9094,5563,7417,3058,4077,2519,3358
BR,5,2420,8343,6824,3782,3078,7197,5887,2945,2655,6826,9102,5584,7445,3094,4126,2519,3358
BR,6,2420,8348,6828,3839,3078,7202,5891,2989,2655,6830,9107,5586,7448,3141,4187,2519,3358
BR,7,2420,8364,6896,3949,3078,7216,5949,3075,2655,6844,9124,5642,7522,3231,4308,2519,3358
BR,8,2420,8398,6902,4150,3078,7246,5954,3231,2655,6870,9162,5646,7529,3395,4528,2519,3358
BR,9,2420,8411,6902,4448,3078,7256,5954,3462,2655,6881,9176,5646,7529,3640,4852,2519,3358
BR,10,2420,8411,6985,4626,3078,7256,6025,3603,2655,6881,9176,5715,7620,3786,5047,2519,3358
BR,11,2420,8415,6999,4772,3078,7260,6038,3715,2655,6886,9180,5726,7635,3905,5206,2519,3358
BR,12,2420,8426,7035,4961,3078,7269,6069,3862,2655,6894,9191,5755,7674,4059,5411,2519,3358
BR,13,2420,8437,7071,5137,3078,7279,6100,4000,2655,6903,9205,5785,7713,4202,5604,2519,3358
BR,14,2420,8447,7082,5418,3078,7286,6110,4219,2655,6911,9214,5795,7726,4433,5910,2519,3358
BR,15,2532,8456,7110,5555,3220,7295,6134,4325,2778,6918,9225,5818,7756,4545,6060,2634,3513
BR,16,2582,8456,7129,5671,3284,7295,6149,4414,2834,6918,9225,5833,7777,4640,6186,2687,3583
BR,17,2708,8462,7168,5689,3445,7300,6184,4429,2971,6923,9232,5865,7820,4655,6207,2819,3758
BR,18,2800,8492,7170,5761,3561,7326,6186,4485,3071,6948,9263,5866,7822,4713,6285,2914,3885
BR,19,2824,8495,7176,5864,3591,7329,6191,4566,3098,6950,9268,5871,7828,4798,6397,2938,3918
BR,20,2850,8511,7330,6016,3625,7343,6324,4683,3127,6964,9285,5997,7996,4922,6562,2966,3955
BR,21,2860,8517,7355,6102,3638,7348,6345,4750,3138,6969,9292,6017,8023,4992,6656,2977,3970
BR,22,2976,8524,7467,6134,3786,7353,6442,4776,3266,6975,9299,6110,8145,5019,6692,3098,4129
BR,23,2988,8544,7499,6164,3802,7371,6469,4799,3279,6991,9321,6136,8181,5043,6725,3110,4147
BR,24,3040,8567,7502,6187,3867,7390,6471,4817,3336,7009,9345,6137,8184,5063,6750,3164,4219
BR,25,3152,8595,7535,6203,4009,7415,6501,4830,3459,7033,9375,6165,8221,5076,6767,3281,4374
BR,26,3152,8621,7547,6296,4009,7437,6510,4902,3459,7053,9404,6175,8232,5151,6868,3281,4374
BR,27,3221,8672,7551,6371,4098,7482,6514,4960,3535,7095,9461,6178,8238,5213,6950,3354,4471
BR,28,3228,8689,7570,6423,4106,7496,6530,5001,3542,7109,9478,6193,8258,5255,7007,3359,4479
BR,29,3307,8742,7597,6459,4206,7541,6553,5029,3628,7152,9536,6215,8287,5285,7046,3442,4588
BR,30,3327,8828,7639,6612,4231,7615,6590,5147,3650,7223,9630,6251,8334,5410,7213,3462,4616
BR,31,3394,8832,7663,6648,4317,7620,6611,5176,3724,7226,9636,6269,8360,5439,7253,3532,4710
BR,32,3440,8855,7726,6703,4376,7639,6665,5218,3775,7246,9660,6322,8429,5484,7312,3581,4774
BR,33,3539,8860,7766,6721,4501,7644,6699,5233,3883,7249,9666,6354,8472,5499,7333,3682,4910
BR,34,3637,8861,7777,6729,4626,7644,6710,5239,3992,7250,9666,6363,8485,5505,7341,3786,5047
BR,35,3750,8866,7901,6730,4770,7649,6816,5240,4114,7254,9672,6464,8619,5506,7342,3902,5203
BR,36,3758,8914,7915,6843,4780,7690,6828,5327,4124,7293,9725,6476,8634,5599,7465,3911,5215
BR,37,3772,8935,7931,6897,4798,7709,6843,5370,4139,7311,9748,6489,8653,5643,7524,3926,5234
BR,38,3777,8968,7947,6970,4805,7737,6857,5426,4145,7337,9783,6502,8670,5703,7603,3931,5241
BR,39,3779,8976,8066,6983,4807,7744,6957,5436,4147,7344,9792,6599,8799,5714,7617,3933,5243
BR,40,3805,8977,8162,6986,4839,7744,7041,5439,4175,7345,9793,6678,8904,5716,7621,3959,5279
BR,41,3845,8992,8242,6999,4890,7758,7110,5448,4219,7357,9809,6743,8991,5726,7635,4001,5335
BR,42,3892,8992,8245,7001,4950,7758,7112,5451,4270,7357,9809,6745,8994,5729,7638,4051,5401
BR,43,3973,8995,8247,7019,5054,7760,7115,5465,4359,7360,9813,6748,8997,5743,7657,4135,5513
BR,44,3998,9155,8257,7190,5085,7898,7123,5598,4387,7491,9987,6756,9007,5883,7843,4161,5547
BR,45,4092,9178,8273,7216,5205,7918,7137,5618,4491,7510,10013,6769,9024,5904,7871,4259,5679
BR,46,4093,9228,8293,7275,5206,7961,7154,5664,4492,7550,10068,6785,9046,5952,7936,4260,5680
BR,47,4110,9251,8301,7292,5228,7981,7160,5678,4510,7569,10093,6792,9056,5966,7954,4278,5703
BR,48,4194,9391,8310,7419,5334,8103,7168,5776,4602,7683,10245,6799,9065,6070,8093,4365,5819
BR,49,4268,9425,8319,7461,5429,8130,7177,5809,4683,7711,10282,6807,9075,6105,8140,4442,5922
BR,50,4314,9473,8324,7493,5487,8172,7180,5834,4734,7751,10333,6810,9080,6130,8174,4490,5986
BR,51,4317,9673,8327,7691,5491,8345,7183,5988,4736,7914,10553,6814,9085,6293,8391,4493,5990
BR,52,4366,9710,8332,7715,5553,8377,7188,6007,4791,7944,10592,6817,9089,6312,8416,4543,6058
BR,53,4372,9792,8399,7796,5562,8448,7246,6069,4798,8012,10683,6872,9162,6378,8504,4551,6068
BR,54,4373,9908,8405,7915,5563,8547,7250,6162,4799,8106,10809,6876,9169,6476,8634,4552,6069
BR,55,4376,10025,8508,8039,5567,8648,7339,6258,4802,8202,10936,6961,9281,6577,8770,4554,6073
BR,56,4388,10444,8626,8443,5582,9009,7441,6573,4815,8545,11394,7058,9410,6908,9211,4567,6089
BR,57,4391,10464,8691,8488,5586,9028,7497,6609,4818,8561,11416,7110,9481,6945,9259,4571,6095
BR,58,4391,10708,8692,8750,5586,9237,7498,6813,4818,8761,11682,7111,9482,7159,9545,4571,6095
BR,59,4402,10890,8736,8940,5599,9394,7536,6960,4830,8910,11879,7147,9530,7314,9753,4581,6108
BR,60,4434,11034,8810,9093,5641,9518,7601,7079,4866,9028,12036,7209,9611,7439,9920,4615,6154
BR,61,4528,11337,8883,9389,5760,9781,7664,7311,4969,9276,12368,7268,9690,7682,10243,4713,6283
BR,62,4546,11376,8965,9419,5783,9814,7734,7334,4989,9308,12410,7335,9781,7707,10275,4732,6309
BR,63,4714,11377,9028,9453,5995,9815,7789,7359,5172,9309,12412,7387,9849,7734,10312,4905,6540
BR,64,4824,11751,9235,9752,6136,10138,7967,7592,5293,9615,12820,7556,10075,7979,10639,5021,6694
BR,65,4933,11771,9335,9783,6275,10155,8053,7616,5414,9631,12841,7637,10184,8004,10672,5135,6846
BR,66,5134,12197,9557,10180,6530,10523,8245,7925,5634,9980,13307,7819,10426,8330,11105,5343,7124
BR,67,5304,12231,9592,10210,6747,10551,8275,7949,5820,10008,13343,7848,10464,8354,11139,5520,7360
BR,68,5316,12584,9872,10588,6763,10856,8516,8244,5834,10296,13728,8077,10769,8663,11550,5533,7378
BR,69,5526,12958,10282,10939,7030,11178,8869,8516,6064,10602,14136,8413,11216,8950,11933,5752,7669
BR,70,5820,13013,10355,10955,7403,11226,8933,8529,6386,10647,14196,8472,11296,8963,11951,6058,8076
BR,71,5995,13031,10628,10959,7625,11242,9168,8533,6579,10662,14216,8695,11594,8966,11955,6239,8319
BR,72,6267,13314,11046,11218,7971,11486,9529,8734,6876,10893,14524,9038,12050,9178,12238,6522,8695
BR,73,6550,13454,11483,11338,8332,11606,9906,8828,7188,11008,14677,9395,12526,9277,12369,6817,9089
BR,74,6619,13684,11540,11594,8419,11805,9955,9027,7263,11196,14928,9441,12589,9486,12648,6888,9184
BR,75,6933,13792,12038,11669,8818,11899,10385,9086,7607,11285,15046,9849,13132,9548,12730,7214,9620
BR,76,7235,13858,12520,11705,9204,11955,10801,9112,7939,11338,15118,10244,13659,9577,12769,7531,10041
BR,77,7577,13985,13038,11820,9638,12065,11248,9202,8315,11442,15257,10668,14224,9671,12894,7886,10515
BR,78,7904,14063,13553,11870,10054,12132,11692,9241,8673,11506,15342,11089,14785,9711,12949,8225,10968
BR,79,7971,14293,13596,12134,10138,12332,11729,9446,8745,11695,15594,11124,14832,9928,13237,8295,11060
BR,80,8296,14716,14083,12532,10553,12695,12149,9756,9103,12040,16053,11522,15363,10253,13671,8634,11512
BR,81,8893,14865,15016,12637,11311,12824,12953,9838,9757,12163,16217,12285,16381,10340,13786,9255,12340
BR,82,9384,15341,15788,13054,11936,13235,13619,10164,10297,12552,16736,12918,17223,10680,14241,9765,13021
BR,83,9963,15968,16660,13639,12672,13776,14372,10619,10933,13065,17419,13631,18175,11160,14879,10368,13824
BR,84,10575,16853,17573,14475,13451,14539,15159,11270,11604,13788,18385,14378,19171,11843,15791,11006,14674
BR,85,11396,17350,18815,14930,14496,14968,16231,11624,12505,14196,18928,15395,20526,12216,16287,11860,15814
BR,86,12351,17977,20286,15483,15711,15509,17500,12054,13553,14708,19612,16598,22131,12667,16890,12854,17139
BR,87,13261,18772,21611,16258,16868,16195,18643,12658,14552,15360,20478,17682,23576,13302,17736,13801,18401
BR,88,14590,20159,23618,17550,18558,17390,20374,13663,16009,16494,21991,19324,25765,14359,19145,15184,20245
BR,89,15997,21500,25708,18823,20347,18548,22177,14655,17553,17590,23454,21034,28045,15402,20535,16648,22197
BR,90,17857,23253,28472,20486,22713,20060,24561,15950,19594,19025,25367,23296,31060,16761,22348,18584,24778
BR,91,19961,25094,31565,22260,25389,21649,27231,17331,21903,20531,27375,25826,34435,18213,24285,20774,27697
BR,92,22420,27207,35176,24301,28518,23472,30344,18920,24602,22260,29681,28780,38373,19883,26510,23333,31111
BR,93,25400,29838,39573,26824,32308,25741,34138,20884,27871,24413,32550,32378,43171,21947,29263,26434,35245
BR,94,29583,33879,45836,30620,37629,29227,39541,23839,32462,27719,36959,37502,50003,25052,33404,30788,41050
BR,95,36354,39765,55848,36246,46242,34305,48178,28220,39891,32535,43380,45694,60925,29655,39540,37834,50445
BR,96,44668,46499,68046,42765,56817,40115,58701,33295,49014,38044,50725,55674,74232,34989,46653,46486,61981
BR,97,57373,59700,87291,54995,72977,51502,75303,42816,62955,48846,65128,71420,95227,44996,59994,59708,79611
BR,98,85568,81918,126351,78382,108841,70670,108999,61025,93894,67023,89364,103379,137838,64131,85507,89052,118736
BR,99,120332,97570,159739,108058,153060,84173,137802,84129,132038,79831,106441,130695,174261,88412,117882,125231,166974
BR,99.1,128211,99906,166612,114198,163082,86188,143731,88908,140685,81742,108988,136318,181759,93435,124580,133432,177908
BR,99.2,136153,102927,174097,120568,173185,88795,150188,93869,149400,84213,112285,142443,189924,98647,131529,141696,188929
BR,99.3,152500,113533,193619,134504,193978,97946,167029,104719,167338,92891,123855,158416,211221,110049,146731,158710,211612
BR,99.4,168973,123943,212975,148538,214931,106925,183726,115645,185413,101408,135210,174253,232337,121531,162041,175853,234470
BR,99.5,191486,137978,239187,167733,243566,119033,206339,130589,210116,112891,150520,195698,260931,137236,182982,199282,265709
BR,99.6,215295,151648,265765,187845,273851,130827,229267,146247,236242,124076,165434,217444,289926,153692,204922,224060,298747
BR,99.7,243756,168820,297974,212321,310052,145640,257052,165303,267471,138126,184167,243797,325062,173718,231623,253679,338239
BR,99.8,329591,225907,399855,287319,419234,194889,344941,223694,361658,184833,246444,327154,436205,235079,313439,343009,457346
BR,99.9,403438,239876,457947,342486,513166,206940,395055,266643,442689,196262,261683,374684,499579,280216,373621,419863,559817
BR,99.91,414887,245001,469399,351863,527728,211362,404934,273943,455253,200456,267274,384054,512071,287888,383851,431777,575703
BR,99.92,455867,268469,515076,386478,579853,231608,444338,300894,500219,219657,292875,421426,561902,316209,421612,474426,632567
BR,99.93,501302,293091,564408,424598,637647,252848,486895,330572,550076,239802,319735,461788,615718,347398,463198,521711,695615
BR,99.94,553041,322904,622231,468355,703457,278568,536776,364640,606848,264194,352258,509098,678797,383200,510933,575556,767408
BR,99.95,594804,345053,667079,503338,756579,297677,575465,391875,652675,282316,376421,545792,727723,411821,549095,619019,825359
BR,99.96,627474,361754,701534,530622,798134,312085,605189,413116,688522,295980,394641,573983,765311,434144,578860,653018,870692
BR,99.97,653766,374243,728304,552452,831578,322859,628282,430113,717372,306198,408265,595885,794513,452007,602675,680382,907176
BR,99.98,689450,392817,766179,582372,876967,338882,660957,453407,756528,321396,428528,626874,835832,476486,635315,717518,956691
BR,99.99,710412,401060,785773,599569,903630,345993,677859,466796,779530,328140,437520,642904,857207,490557,654076,739334,985778
BR,99.991,716074,398254,786020,603534,910833,343573,678072,469883,785744,325844,434459,643107,857476,493800,658401,745227,993636
BR,99.992,718251,394567,783422,604768,913602,340392,675830,470844,788133,322827,430436,640981,854642,494810,659747,747492,996656
BR,99.993,718338,392638,781475,604622,913713,338728,674151,470729,788228,321249,428332,639389,852518,494691,659588,747584,996778
BR,99.994,771260,419900,837316,648992,981028,362246,722322,505274,846298,343555,458072,685077,913435,530993,707991,802659,1070212
BR,99.995,881075,474575,951218,740860,1120710,409414,820583,576798,966798,388288,517718,778270,1037693,606158,808211,916945,1222593
BR,99.996,1011365,540491,1087405,850003,1286437,466280,938066,661772,1109764,442220,589627,889695,1186259,695457,927275,1052538,1403385
BR,99.997,1003677,535747,1078469,843481,1276657,462187,930357,656694,1101328,438339,584450,882383,1176511,690121,920161,1044538,1392717
BR,99.998,1017097,542568,1092477,854769,1293727,468071,942442,665483,1116054,443919,591892,893845,1191794,699356,932475,1058504,1411339
BR,99.999,1069889,401090,965549,887132,1360879,346019,832945,690679,1173982,328165,437552,789995,1053326,725835,967780,1113446,1484595
CN,0,392,2842,1385,2259,797,2416,1177,1791,677,2273,3126,1107,1523,1807,2485,637,877
CN,1,392,2989,1430,2519,797,2541,1215,1998,677,2391,3287,1143,1572,2015,2770,637,877
CN,2,392,3136,1478,2778,797,2666,1255,2204,677,2508,3450,1182,1626,2223,3057,637,877
CN,3,392,3279,1524,3036,797,2788,1297,2408,677,2624,3607,1219,1676,2428,3339,637,877
CN,4,392,3301,1568,3124,797,2806,1334,2477,677,2641,3631,1255,1726,2499,3435,637,877
CN,5,480,3418,1638,3136,975,2906,1393,2487,829,2734,3759,1310,1802,2508,3449,781,1073
CN,6,662,4308,2181,3904,1342,3663,1854,3097,1141,3446,4740,1746,2400,3124,4295,1074,1476
CN,7,847,5224,2701,4764,1720,4441,2296,3778,1463,4179,5746,2161,2972,3811,5241,1377,1892
CN,8,1036,6046,3195,5549,2104,5140,2717,4400,1788,4837,6649,2556,3515,4439,6103,1683,2315
CN,9,1227,6775,3667,6259,2491,5759,3117,4964,2117,5420,7452,2934,4034,5008,6885,1992,2740
CN,10,1419,7417,4111,6901,2881,6306,3495,5473,2449,5934,8159,3289,4523,5521,7592,2305,3169
CN,11,1613,8075,4563,7558,3275,6865,3879,5994,2784,6460,8883,3650,5018,6047,8314,2620,3603
CN,12,1808,8683,4998,8174,3670,7381,4250,6482,3121,6947,9550,3999,5498,6539,8991,2936,4036
CN,13,2003,9240,5421,8751,4068,7855,4608,6940,3458,7392,10165,4336,5963,7001,9626,3254,4475
CN,14,2199,9756,5833,9292,4465,8294,4958,7369,3796,7805,10731,4667,6416,7433,10221,3573,4912
CN,15,2396,10233,6231,9804,4865,8700,5297,7775,4136,8186,11256,4985,6855,7843,10784,3892,5352
CN,16,2585,10595,6587,10215,5249,9008,5599,8101,4463,8476,11655,5269,7245,8173,11237,4199,5774
CN,17,2773,10926,6931,10599,5630,9289,5893,8406,4787,8740,12018,5545,7624,8479,11659,4504,6194
CN,18,2955,11106,7253,10808,6001,9441,6166,8571,5101,8884,12217,5802,7978,8647,11889,4800,6600
CN,19,3137,11211,7465,10926,6371,9530,6347,8664,5417,8968,12331,5973,8211,8740,12018,5097,7008
CN,20,3143,11345,7572,11279,6382,9645,6438,8944,5425,9076,12479,6058,8328,9023,12406,5105,7020
CN,21,3311,11480,7757,11443,6723,9760,6595,9073,5715,9184,12627,6206,8532,9155,12587,5378,7396
CN,22,3496,11627,8081,11611,7097,9885,6871,9208,6034,9301,12790,6464,8888,9288,12771,5678,7807
CN,23,3694,11944,8436,11990,7502,10154,7172,9509,6378,9554,13139,6749,9280,9592,13190,6002,8253
CN,24,3865,12161,8726,12272,7849,10339,7418,9732,6672,9729,13378,6980,9598,9817,13499,6279,8634
CN,25,4055,12429,9052,12606,8235,10567,7696,9997,7001,9944,13672,7241,9957,10085,13867,6588,9059
CN,26,4240,12667,9365,12911,8610,10770,7962,10239,7320,10134,13935,7492,10302,10329,14202,6888,9470
CN,27,4430,12918,9689,13230,8995,10982,8238,10493,7648,10334,14209,7751,10658,10583,14553,7196,9894
CN,28,4632,13192,10037,13577,9407,11216,8532,10767,7997,10554,14512,8030,11040,10862,14935,7525,10347
CN,29,4822,13427,10355,13883,9792,11416,8803,11010,8324,10742,14770,8285,11391,11106,15271,7833,10771
CN,30,4977,13560,10597,14084,10105,11528,9008,11170,8591,10848,14917,8478,11656,11267,15492,8083,11115
CN,31,5166,13789,10911,14386,10487,11723,9276,11409,8916,11031,15169,8728,12002,11509,15825,8390,11536
CN,32,5393,14114,11307,14787,10950,12000,9613,11727,9309,11292,15526,9045,12438,11830,16267,8760,12045
CN,33,5600,14381,11656,15129,11369,12226,9909,11998,9666,11505,15819,9325,12822,12102,16641,9096,12506
CN,34,5789,14598,11969,15422,11753,12410,10175,12230,9992,11679,16057,9576,13166,12337,16963,9403,12928
CN,35,6013,14899,12351,15803,12209,12667,10501,12533,10379,11920,16389,9881,13587,12642,17383,9768,13430
CN,36,6224,15183,12713,16163,12637,12908,10807,12818,10743,12146,16701,10170,13984,12930,17779,10109,13900
CN,37,6414,15411,13027,16465,13022,13102,11075,13058,11071,12329,16953,10422,14330,13172,18112,10418,14324
CN,38,6662,15775,13462,16912,13527,13412,11444,13412,11500,12619,17353,10770,14807,13529,18603,10822,14879
CN,39,6874,15984,13819,17179,13957,13588,11748,13624,11865,12787,17582,11055,15200,13744,18897,11166,15352
CN,40,6939,16049,13884,17338,14090,13644,11802,13749,11978,12839,17654,11107,15272,13871,19072,11272,15499
CN,41,7132,16217,14204,17560,14480,13787,12076,13927,12310,12974,17839,11363,15624,14048,19317,11584,15928
CN,42,7340,16486,14556,17908,14903,14016,12374,14202,12670,13190,18135,11644,16011,14326,19699,11922,16393
CN,43,7597,16861,15003,18369,15426,14334,12755,14568,13114,13488,18547,12002,16504,14695,20207,12341,16969
CN,44,7792,17097,15327,18682,15821,14536,13031,14817,13451,13677,18806,12262,16860,14946,20551,12657,17403
CN,45,8028,17421,15732,19092,16301,14810,13375,15141,13859,13936,19162,12586,17306,15274,21001,13040,17931
CN,46,8277,17763,16157,19523,16806,15102,13736,15483,14288,14210,19539,12926,17774,15619,21476,13446,18487
CN,47,8496,18042,16526,19886,17251,15338,14051,15770,14666,14433,19846,13222,18179,15908,21874,13801,18977
CN,48,8743,18377,16946,20312,17751,15623,14408,16108,15091,14702,20215,13557,18641,16249,22343,14201,19526
CN,49,8953,18635,17297,20651,18179,15843,14705,16377,15455,14907,20497,13837,19026,16521,22716,14544,19996
CN,50,9152,18870,17626,20966,18583,16043,14985,16628,15799,15097,20757,14101,19389,16773,23063,14866,20441
CN,51,9414,19235,18075,21426,19113,16353,15367,16991,16249,15388,21158,14460,19882,17141,23569,15290,21024
CN,52,9623,19491,18421,21766,19538,16572,15662,17261,16610,15594,21441,14737,20263,17413,23942,15631,21492
CN,53,9889,19864,18878,22235,20079,16888,16049,17634,17070,15892,21851,15103,20767,17788,24459,16063,22087
CN,54,10129,20183,19285,22646,20565,17159,16394,17959,17485,16147,22202,15428,21213,18116,24910,16452,22622
CN,55,10369,20503,19691,23055,21053,17430,16741,18284,17898,16402,22552,15754,21661,18444,25360,16842,23159
CN,56,10655,20907,20183,23564,21635,17774,17158,18686,18393,16725,22997,16147,22202,18850,25920,17309,23800
CN,57,10879,21188,20557,23933,22091,18014,17477,18980,18781,16950,23306,16446,22614,19146,26326,17672,24301
CN,58,11120,21501,20961,24341,22578,18280,17820,19302,19194,17201,23652,16769,23057,19473,26775,18062,24835
CN,59,11378,21851,21400,24788,23103,18577,18192,19658,19641,17481,24037,17119,23540,19831,27267,18483,25413
CN,60,11567,22067,21707,25085,23485,18761,18455,19894,19966,17654,24274,17366,23878,20068,27595,18788,25833
CN,61,11821,22410,22136,25528,24002,19053,18820,20244,20405,17928,24651,17710,24350,20423,28081,19202,26402
CN,62,12079,22760,22574,25978,24527,19350,19192,20601,20852,18208,25036,18059,24831,20783,28575,19622,26980
CN,63,12337,23111,23009,26429,25051,19649,19562,20958,21297,18488,25423,18408,25311,21142,29071,20040,27556
CN,64,12607,23484,23468,26906,25598,19964,19951,21337,21762,18786,25832,18774,25814,21525,29596,20479,28158
CN,65,12859,23821,23891,27344,26111,20252,20312,21685,22199,19057,26203,19113,26281,21875,30079,20889,28722
CN,66,13145,24221,24376,27854,26688,20592,20724,22090,22689,19377,26643,19501,26814,22283,30640,21350,29358
CN,67,13413,24590,24830,28328,27235,20905,21109,22464,23153,19671,27048,19863,27312,22661,31161,21787,29959
CN,68,13667,24931,25257,28773,27749,21194,21473,22817,23592,19944,27423,20206,27783,23019,31650,22199,30524
CN,69,13959,25339,25752,29294,28342,21542,21894,23230,24095,20271,27872,20601,28328,23434,32223,22673,31177
CN,70,14280,25800,26302,29879,28995,21934,22360,23696,24651,20640,28380,21041,28933,23903,32866,23196,31895
CN,71,14547,26159,26748,30348,29536,22240,22740,24067,25111,20928,28775,21398,29423,24278,33382,23629,32490
CN,72,14873,26626,27303,30943,30198,22636,23212,24539,25673,21301,29288,21842,30033,24755,34038,24159,33218
CN,73,15177,27050,27817,31490,30818,22996,23649,24972,26199,21639,29753,22254,30600,25192,34639,24655,33900
CN,74,15517,27531,28395,32104,31506,23406,24141,25460,26784,22025,30284,22716,31235,25684,35314,25204,34656
CN,75,15841,27981,28942,32685,32164,23789,24604,25920,27344,22384,30779,23153,31836,26147,35954,25732,35381
CN,76,16177,28447,29508,33289,32848,24185,25087,26399,27926,22757,31292,23606,32458,26631,36617,26278,36132
CN,77,16567,29002,30172,33996,33639,24656,25650,26960,28598,23201,31901,24138,33189,27198,37396,26911,37002
CN,78,16958,29547,30833,34696,34432,25120,26213,27515,29272,23637,32501,24666,33916,27757,38166,27545,37875
CN,79,17383,30141,31552,35459,35294,25625,26824,28121,30007,24113,33155,25241,34708,28368,39005,28236,38824
CN,80,17876,30842,32395,36350,36296,26221,27540,28826,30857,24674,33926,25916,35634,29079,39985,29036,39926
CN,81,18332,31464,33163,37154,37222,26750,28194,29464,31644,25172,34611,26531,36480,29724,40870,29777,40944
CN,82,18848,32171,34036,38062,38268,27349,28937,30185,32534,25737,35387,27230,37440,30449,41868,30614,42096
CN,83,19441,32983,35041,39105,39473,28042,29791,31013,33558,26387,36283,28033,38546,31284,43016,31579,43420
CN,84,20082,33851,36128,40219,40775,28779,30714,31896,34665,27080,37236,28903,39741,32176,44241,32620,44853
CN,85,20798,34808,37340,41451,42229,29592,31744,32872,35902,27846,38288,29872,41073,33161,45596,33783,46452
CN,86,21595,35851,38683,42796,43847,30480,32888,33939,37277,28681,39436,30946,42551,34237,47077,35077,48231
CN,87,22574,37142,40345,44453,45835,31578,34299,35253,38967,29713,40858,32276,44380,35562,48898,36668,50419
CN,88,23680,38576,42215,46293,48080,32796,35890,36713,40876,30861,42434,33772,46437,37034,50922,38464,52888
CN,89,24986,40253,44426,48449,50732,34221,37769,38423,43131,32203,44278,35541,48869,38759,53294,40586,55805
CN,90,26774,42601,47471,51437,54363,36218,40358,40791,46217,34080,46861,37977,52218,41149,56580,43491,59800
CN,91,28680,45038,50704,54559,58234,38290,43107,43267,49509,36030,49542,40563,55774,43647,60014,46588,64057
CN,92,31005,47975,54646,58323,62953,40787,46458,46252,53520,38380,52773,43716,60110,46658,64156,50363,69248
CN,93,33864,51547,59491,62905,68760,43824,50577,49886,58457,41237,56702,47592,65439,50324,69196,55008,75636
CN,94,37514,56069,65675,68707,76169,47667,55834,54487,64756,44855,61675,52540,72243,54965,75577,60935,83786
CN,95,42986,62951,74978,77488,87280,53520,63743,61451,74202,50361,69248,59982,82476,61991,85237,69823,96008
CN,96,49501,70989,86026,87788,100510,60353,73135,69620,85449,56791,78088,68821,94629,70230,96567,80408,110561
CN,97,58854,82388,101867,102418,119500,70043,86603,81221,101594,65911,90626,81494,112055,81934,112660,95600,131450
CN,98,74243,100948,127918,126264,150746,85822,108750,100132,128158,80758,111042,102334,140709,101011,138890,120597,165821
CN,99,93531,124981,160720,156907,189911,106254,136637,124433,161454,99985,137479,128576,176792,125526,172598,151929,208903
CN,99.1,97348,129578,167182,162812,197660,110164,142131,129117,168042,103662,142536,133745,183900,130250,179093,158128,217426
CN,99.2,102027,135216,175106,170048,207160,114956,148868,134854,176119,108173,148738,140085,192617,136038,187053,165728,227876
CN,99.3,107343,141538,184100,178178,217955,120330,156514,141302,185295,113230,155691,147280,202509,142542,195995,174364,239750
CN,99.4,113849,149185,195100,188021,231164,126832,165866,149108,196526,119348,164103,156080,214610,150417,206824,184931,254280
CN,99.5,123103,160036,210755,201977,249953,136057,179176,160176,212499,128030,176040,168603,231831,161582,222175,199962,274948
CN,99.6,135572,169078,227444,220411,275271,143744,193364,174794,234024,135263,185987,181956,250188,176328,242451,220216,302797
CN,99.7,158646,179905,253557,254292,322122,152950,215564,201664,273854,143924,197896,202845,278913,203434,279721,257698,354334
CN,99.8,216247,214674,325816,337905,439077,182509,276995,267972,373284,171739,236141,260653,358397,270324,371696,351261,482985
CN,99.9,289188,269125,426651,442775,587180,228800,362721,351139,499195,215300,296037,341320,469315,354219,487052,469744,645898
CN,99.91,314350,287056,461005,478518,638269,244045,391928,379483,542630,229645,315760,368804,507107,382815,526370,510615,702096
CN,99.92,339912,303488,494783,514268,690171,258015,420644,407835,586754,242790,333835,395826,544261,411414,565695,552136,759188
CN,99.93,384871,333681,554524,578297,781458,283684,471433,458612,664362,266945,367049,443620,609977,462638,636128,625166,859603
CN,99.94,448153,373908,636717,668432,909948,317883,541309,530093,773600,299126,411298,509373,700388,534745,735274,727958,1000944
CN,99.95,523135,420945,734203,774270,1062195,357873,624188,614027,903034,336756,463040,587363,807623,619416,851697,849755,1168414
CN,99.96,652072,507873,906401,956990,1323995,431777,770584,758931,1125604,406299,558659,725121,997042,765592,1052690,1059195,1456394
CN,99.97,884972,654886,1209099,1287063,1796885,556763,1027925,1020692,1527636,523909,720375,967279,1330008,1029650,1415769,1437509,1976574
CN,99.98,1396234,933266,1837395,2010498,2834972,793432,1562076,1594405,2410174,746613,1026593,1469916,2021135,1608399,2211548,2267978,3118470
CN,99.99,1982054,1227289,2536939,2838814,4024446,1043400,2156799,2251293,3421414,981832,1350018,2029551,2790633,2271051,3122696,3219557,4426891
CN,99.991,2181491,1317417,2766728,3120904,4429390,1120025,2352156,2475000,3765681,1053934,1449159,2213383,3043401,2496722,3432994,3543511,4872328
CN,99.992,2417450,1415200,3031353,3454459,4908491,1203157,2577129,2739524,4172993,1132161,1556721,2425083,3334489,2763567,3799905,3926792,5399341
CN,99.993,2696601,1516913,3332963,3848796,5475291,1289630,2833544,3052249,4654863,1213531,1668605,2666370,3666259,3079037,4233677,4380233,6022820
CN,99.994,3080268,1674655,3762323,4390959,6254304,1423737,3198569,3482206,5317146,1339724,1842121,3009859,4138555,3512766,4830054,5003443,6879734
CN,99.995,3610736,1887259,4351446,5140488,7331390,1604486,3699415,4076612,6232839,1509808,2075985,3481157,4786590,4112391,5654538,5865111,8064529
CN,99.996,4399959,2163893,5194971,6255511,8933860,1839671,4416547,4960870,7595192,1731114,2380282,4155977,5714468,5004409,6881062,7147088,9827246
CN,99.997,5706163,2517946,6504822,8100629,11586030,2140675,5530126,6424121,9849955,2014357,2769740,5203858,7155304,6480503,8910692,9268824,12744633
CN,99.998,8636420,3486348,9588069,12240150,17535746,2963980,8151373,9706927,14908154,2789079,3834983,7670455,10546876,9792120,13464166,14028596,19289320
CN,99.999,41323256,8596481,39245303,58410663,83904462,7308447,33364708,46321981,71332046,6877184,9456130,31396242,43169833,46728530,64251730,67123569,92294908
IN,0,230,1365,987,389,414,1234,893,313,374,1137,1478,824,1070,324,421,345,449
IN,1,230,1518,1065,760,414,1374,965,610,374,1265,1644,887,1154,633,824,345,449
IN,2,230,1576,1163,953,414,1427,1053,768,374,1314,1708,970,1261,794,1033,345,449
IN,3,230,1712,1167,1187,414,1550,1057,955,374,1427,1855,973,1265,989,1286,345,449
IN,4,230,1991,1303,1547,414,1802,1179,1246,374,1659,2156,1086,1413,1290,1676,345,449
IN,5,286,2085,1527,1579,516,1887,1383,1271,466,1738,2259,1273,1655,1317,1711,429,558
IN,6,403,2436,1575,1756,726,2204,1426,1414,657,2029,2638,1313,1706,1463,1903,605,786
IN,7,523,2576,1978,1771,942,2332,1790,1426,853,2147,2790,1648,2143,1476,1919,785,1021
IN,8,644,3025,2360,2084,1161,2737,2136,1678,1051,2521,3277,1967,2557,1736,2257,967,1258
IN,9,767,3434,2726,2389,1382,3108,2467,1923,1251,2862,3721,2272,2953,1991,2588,1151,1496
IN,10,891,3826,3082,2685,1606,3463,2790,2161,1454,3187,4146,2569,3339,2237,2909,1338,1739
IN,11,1016,4274,3467,3014,1830,3867,3138,2427,1656,3561,4629,2889,3756,2512,3265,1524,1982
IN,12,1141,4705,3843,3337,2056,4259,3478,2685,1860,3920,5097,3202,4163,2781,3615,1714,2228
IN,13,1266,5140,4220,3661,2281,4652,3819,2946,2064,4283,5567,3517,4572,3050,3966,1902,2472
IN,14,1392,5546,4584,3970,2508,5020,4150,3195,2271,4621,6009,3820,4966,3307,4300,2089,2717
IN,15,1518,5923,4932,4263,2734,5361,4464,3431,2475,4936,6416,4110,5342,3553,4619,2279,2962
IN,16,1646,6312,5289,4565,2965,5714,4787,3674,2684,5261,6839,4408,5730,3804,4945,2471,3211
IN,17,1773,6681,5633,4855,3194,6047,5098,3907,2892,5567,7237,4693,6102,4046,5260,2662,3461
IN,18,1894,7031,5961,5132,3413,6363,5394,4130,3088,5859,7616,4968,6458,4276,5559,2844,3697
IN,19,2000,7322,6247,5358,3602,6628,5654,4313,3261,6102,7933,5206,6768,4465,5805,3001,3902
IN,20,2022,7341,6270,5397,3643,6644,5674,4344,3297,6118,7953,5225,6792,4497,5847,3036,3947
IN,21,2039,7341,6278,5422,3673,6644,5681,4364,3325,6118,7953,5232,6801,4519,5874,3061,3979
IN,22,2079,7381,6352,5466,3744,6681,5750,4400,3390,6151,7997,5293,6881,4555,5922,3121,4056
IN,23,2119,7458,6436,5541,3818,6751,5826,4460,3455,6215,8081,5364,6972,4617,6002,3182,4136
IN,24,2148,7496,6486,5585,3870,6784,5870,4496,3502,6247,8121,5405,7027,4653,6050,3225,4192
IN,25,2179,7557,6551,5646,3926,6840,5929,4544,3553,6298,8187,5459,7097,4705,6116,3271,4254
IN,26,2216,7605,6616,5701,3992,6883,5989,4589,3614,6338,8238,5514,7168,4751,6175,3327,4325
IN,27,2233,7630,6643,5734,4023,6905,6013,4615,3641,6359,8266,5535,7196,4779,6212,3353,4359
IN,28,2257,7662,6685,5770,4064,6935,6051,4644,3679,6386,8301,5571,7242,4808,6251,3387,4403
IN,29,2282,7670,6715,5785,4111,6941,6078,4656,3721,6392,8309,5595,7274,4821,6267,3426,4453
IN,30,2291,7701,6728,5847,4127,6971,6090,4705,3735,6418,8343,5607,7289,4873,6335,3439,4471
IN,31,2327,7712,6779,5862,4191,6980,6136,4719,3794,6426,8354,5649,7344,4885,6351,3493,4540
IN,32,2364,7774,6852,5927,4259,7036,6200,4771,3854,6479,8422,5710,7422,4940,6422,3549,4613
IN,33,2405,7843,6932,5999,4332,7099,6274,4829,3920,6536,8496,5777,7510,5000,6499,3610,4693
IN,34,2433,7878,6979,6042,4381,7131,6316,4864,3966,6566,8534,5815,7560,5034,6546,3651,4747
IN,35,2472,7946,7056,6112,4453,7192,6387,4920,4031,6621,8608,5879,7644,5093,6621,3711,4824
IN,36,2508,7997,7121,6170,4517,7238,6446,4966,4088,6664,8664,5934,7714,5141,6684,3764,4893
IN,37,2532,8031,7164,6212,4561,7269,6483,5001,4128,6692,8702,5970,7761,5177,6729,3800,4941
IN,38,2562,8073,7214,6260,4615,7306,6530,5038,4178,6727,8746,6013,7815,5217,6783,3846,5000
IN,39,2582,8078,7234,6264,4651,7310,6548,5042,4208,6732,8751,6028,7837,5221,6787,3875,5038
IN,40,2584,8087,7234,6298,4655,7320,6548,5069,4214,6740,8762,6028,7837,5248,6823,3879,5042
IN,41,2594,8099,7253,6327,4671,7330,6564,5093,4228,6749,8774,6044,7858,5273,6855,3892,5060
IN,42,2608,8119,7254,6355,4697,7348,6566,5116,4251,6767,8795,6046,7859,5296,6884,3915,5089
IN,43,2645,8161,7325,6402,4764,7386,6629,5153,4312,6800,8842,6104,7935,5334,6935,3970,5161
IN,44,2676,8210,7382,6456,4821,7430,6681,5197,4364,6841,8893,6152,7998,5381,6995,4018,5222
IN,45,2721,8270,7462,6524,4901,7485,6755,5252,4436,6892,8960,6219,8085,5437,7068,4084,5309
IN,46,2773,8375,7573,6625,4994,7581,6853,5333,4520,6980,9073,6311,8205,5521,7177,4162,5410
IN,47,2788,8388,7590,6651,5021,7593,6869,5353,4545,6991,9088,6326,8223,5542,7205,4184,5440
IN,48,2833,8474,7682,6736,5102,7669,6952,5421,4619,7061,9179,6402,8322,5613,7297,4252,5527
IN,49,2870,8535,7751,6801,5169,7726,7016,5474,4677,7113,9247,6460,8398,5667,7368,4307,5599
IN,50,2887,8544,7769,6825,5200,7734,7032,5493,4705,7120,9256,6474,8416,5687,7394,4333,5633
IN,51,2927,8624,7850,6907,5272,7806,7105,5558,4771,7186,9344,6542,8504,5755,7482,4393,5711
IN,52,2965,8688,7923,6975,5340,7863,7170,5614,4833,7240,9413,6603,8584,5813,7556,4449,5785
IN,53,3020,8780,8031,7069,5441,7947,7269,5690,4924,7317,9512,6692,8700,5891,7658,4533,5894
IN,54,3068,8858,8122,7152,5526,8018,7350,5757,5002,7381,9596,6768,8799,5959,7747,4605,5987
IN,55,3105,8932,8197,7229,5594,8085,7418,5818,5062,7444,9677,6831,8880,6024,7831,4661,6060
IN,56,3149,9009,8281,7309,5673,8154,7494,5883,5134,7508,9760,6900,8971,6091,7918,4728,6146
IN,57,3183,9069,8343,7374,5734,8209,7552,5935,5190,7558,9826,6953,9039,6146,7989,4779,6212
IN,58,3233,9155,8439,7464,5823,8286,7638,6007,5270,7629,9918,7033,9143,6220,8086,4853,6308
IN,59,3267,9216,8502,7526,5885,8340,7696,6058,5326,7680,9984,7085,9211,6272,8154,4904,6375
IN,60,3275,9225,8506,7556,5901,8350,7698,6082,5341,7688,9994,7088,9215,6296,8185,4917,6392
IN,61,3327,9311,8604,7642,5993,8427,7787,6151,5424,7758,10086,7170,9321,6368,8279,4994,6492
IN,62,3393,9420,8732,7755,6111,8526,7903,6243,5530,7850,10205,7277,9460,6463,8402,5093,6620
IN,63,3461,9529,8864,7870,6234,8624,8022,6335,5642,7941,10322,7386,9602,6559,8526,5194,6753
IN,64,3515,9632,8972,7975,6332,8718,8121,6419,5731,8026,10434,7477,9720,6647,8640,5277,6860
IN,65,3560,9704,9053,8057,6412,8783,8194,6484,5803,8086,10513,7545,9808,6713,8728,5344,6947
IN,66,3611,9804,9155,8158,6504,8874,8286,6567,5887,8170,10620,7629,9917,6799,8838,5421,7047
IN,67,3671,9906,9271,8267,6612,8965,8390,6655,5985,8255,10731,7726,10043,6889,8956,5510,7164
IN,68,3719,9992,9361,8358,6699,9043,8472,6728,6063,8326,10823,7801,10141,6965,9055,5582,7257
IN,69,3781,10103,9481,8474,6811,9144,8582,6821,6164,8419,10946,7901,10271,7061,9180,5675,7378
IN,70,3845,10227,9609,8600,6925,9257,8698,6923,6268,8523,11080,8007,10410,7167,9317,5771,7502
IN,71,3908,10338,9732,8718,7039,9357,8808,7017,6371,8615,11200,8110,10543,7265,9444,5866,7625
IN,72,3998,10486,9905,8870,7201,9490,8965,7140,6518,8739,11360,8254,10730,7392,9609,6001,7801
IN,73,4087,10626,10077,9020,7361,9617,9120,7260,6663,8855,11512,8398,10916,7517,9772,6134,7974
IN,74,4160,10752,10218,9152,7493,9733,9248,7366,6781,8960,11649,8515,11070,7626,9914,6244,8118
IN,75,4260,10910,10409,9317,7673,9874,9421,7500,6945,9091,11818,8674,11276,7765,10094,6394,8313
IN,76,4351,11071,10587,9484,7837,10020,9582,7633,7093,9225,11993,8823,11469,7903,10274,6531,8490
IN,77,4430,11204,10738,9626,7979,10141,9718,7747,7221,9337,12138,8948,11633,8022,10429,6649,8644
IN,78,4496,11328,10866,9757,8099,10253,9834,7854,7330,9440,12272,9055,11772,8131,10570,6749,8774
IN,79,4637,11552,11142,9989,8351,10455,10083,8041,7558,9626,12515,9285,12070,8324,10822,6959,9047
IN,80,4807,11849,11485,10286,8659,10724,10395,8279,7837,9874,12837,9570,12442,8571,11143,7216,9380
IN,81,4950,12077,11765,10523,8917,10931,10648,8470,8071,10063,13084,9805,12746,8770,11400,7432,9661
IN,82,5146,12371,12146,10830,9269,11197,10994,8716,8390,10310,13403,10122,13159,9024,11732,7725,10042
IN,83,5286,12597,12418,11066,9522,11401,11239,8907,8619,10498,13647,10349,13454,9221,11988,7935,10315
IN,84,5467,12873,12767,11355,9848,11651,11555,9140,8912,10727,13945,10639,13831,9463,12301,8206,10668
IN,85,5643,13163,13111,11656,10163,11913,11866,9381,9199,10970,14260,10926,14204,9713,12627,8470,11011
IN,86,5749,13338,13307,11846,10355,12072,12044,9536,9372,11115,14449,11090,14416,9872,12834,8630,11219
IN,87,5907,13601,13612,12125,10640,12312,12320,9760,9630,11335,14735,11343,14746,10103,13135,8867,11527
IN,88,6059,13857,13903,12397,10914,12542,12583,9978,9877,11548,15013,11585,15061,10330,13430,9095,11822
IN,89,6365,14317,14500,12875,11467,12959,13123,10363,10378,11930,15511,12084,15708,10730,13948,9556,12422
IN,90,7807,16365,17389,14930,14062,14811,15738,12017,12727,13637,17728,14490,18837,12442,16175,11719,15234
IN,91,9956,19141,21629,17775,17934,17323,19575,14306,16232,15951,20736,18024,23432,14813,19257,14945,19427
IN,92,13108,23128,27833,21870,23610,20933,25191,17603,21369,19273,25055,23195,30153,18225,23693,19675,25577
IN,93,17659,28791,36777,27703,31808,26060,33287,22298,28789,23993,31191,30648,39842,23085,30011,26507,34459
IN,94,24910,37705,51021,36889,44870,34127,46178,29691,40611,31420,40847,42518,55273,30741,39963,37392,48609
IN,95,29491,43477,60024,42835,53124,39352,54327,34477,48080,36231,47101,50020,65026,35697,46405,44270,57551
IN,96,31268,45831,63487,45284,56323,41481,57461,36449,50977,38192,49650,52905,68777,37737,49058,46935,61017
IN,97,34315,49802,69444,49405,61812,45075,62851,39766,55945,41501,53951,57870,75231,41171,53522,51510,66964
IN,98,42015,59571,84535,59507,75681,53918,76510,47896,68498,49642,64536,70446,91579,49589,64465,63067,81988
IN,99,56766,77983,113534,78457,102251,70582,102758,63149,92545,64986,84482,94612,122995,65381,84995,85209,110772
IN,99.1,60112,82170,120110,82769,108280,74371,108710,66620,98002,68475,89018,100091,130119,68975,89667,90233,117302
IN,99.2,64990,88249,129702,89026,117065,79874,117390,71656,105953,73541,95602,108085,140510,74188,96444,97554,126821
IN,99.3,70286,94785,140099,95766,126604,85789,126800,77081,114587,78987,102683,116748,151773,79804,103746,105503,137154
IN,99.4,77667,103841,154587,105107,139901,93985,139915,84600,126622,86534,112495,128822,167469,87589,113866,116584,151560
IN,99.5,88162,112052,170140,118361,158806,101417,153991,95267,143732,93376,121389,141783,184318,98633,128224,132339,172040
IN,99.6,101794,118704,186076,135473,183359,107439,168414,109041,165954,98920,128597,155063,201582,112894,146763,152799,198639
IN,99.7,126087,134022,218397,165829,227117,121303,197666,133473,205559,111684,145192,181998,236597,138190,179648,189265,246044
IN,99.8,176795,173824,294642,228950,318459,157327,266674,184278,288231,144853,188309,245535,319196,190792,248029,265382,344997
IN,99.9,233341,216121,377547,299189,420313,195610,341711,240813,380416,180101,234132,314622,409009,249324,324121,350260,455339
IN,99.91,247650,225903,397684,316811,446089,204464,359936,254997,403745,188253,244728,331403,430824,264009,343211,371741,483263
IN,99.92,265272,237302,421822,338470,477830,214781,381782,272430,432474,197752,257077,351518,456973,282059,366676,398193,517650
IN,99.93,289659,252914,454940,368548,521758,228911,411757,296640,472232,210762,273990,379116,492851,307124,399261,434798,565238
IN,99.94,323497,278022,504624,410303,582711,251636,456725,330248,527399,231685,301190,420520,546676,341919,444495,485592,631270
IN,99.95,365396,308507,565699,461802,658183,279228,512002,371700,595707,257089,334216,471417,612841,384835,500285,548485,713031
IN,99.96,430682,354562,659198,542134,775781,320912,596627,436357,702143,295468,384109,549331,714132,451779,587312,646484,840429
IN,99.97,534457,423774,803430,669860,962710,383554,727168,539163,871328,353144,459088,669526,870383,558217,725682,802258,1042935
IN,99.98,775378,563489,1115660,966182,1396679,510010,1009760,777669,1264104,469574,610447,929716,1208631,805152,1046698,1163900,1513069
IN,99.99,1040792,711781,1453573,1292565,1874765,644230,1315598,1040370,1696810,593151,771097,1211311,1574703,1077137,1400278,1562304,2030996
IN,99.991,1120551,752832,1551264,1390674,2018432,681384,1404016,1119337,1826841,627359,815567,1292719,1680535,1158896,1506564,1682026,2186634
IN,99.992,1210407,796337,1658378,1501162,2180289,720761,1500962,1208268,1973334,663614,862699,1381981,1796576,1250969,1626259,1816907,2361979
IN,99.993,1326826,849166,1793312,1644306,2389994,768576,1623090,1323483,2163133,707639,919931,1494427,1942755,1370254,1781331,1991661,2589159
IN,99.994,1473724,910310,1957564,1824925,2654600,823916,1771749,1468861,2402624,758591,986168,1631303,2120694,1520771,1977002,2212166,2875817
IN,99.995,1685118,999314,2195063,2084820,3035380,904474,1986705,1678047,2747258,832761,1082589,1829220,2377985,1737350,2258555,2529483,3288329
IN,99.996,1968397,1124764,2520055,2433094,3545649,1018018,2280849,1958370,3209092,937303,1218494,2100046,2730060,2027579,2635852,2954707,3841120
IN,99.997,2450378,1310414,3042789,3025608,4413832,1186049,2753965,2435277,3994868,1092012,1419615,2535657,3296355,2521340,3277742,3678193,4781652
IN,99.998,3478078,1599600,4042920,4287383,6265015,1447789,3659163,3450864,5670334,1333000,1732900,3369099,4379829,3572820,4644665,5220846,6787099
IN,99.999,14468189,2643300,12498127,17788967,26061354,2392436,11311792,14318132,23587585,2202749,2863574,10415106,13539638,14824139,19271381,21717794,28233133
US,0,6273,21847,13831,-16336,8004,18930,11984,-14948,6935,17478,24032,11065,15214,-13069,-17970,6404,8804
US,1,6531,22124,13858,8872,8333,19170,12007,8118,7220,17699,24336,11087,15244,7097,9759,6667,9167
US,2,7014,22458,13887,13986,8949,19459,12032,12797,7754,17967,24704,11110,15275,11189,15385,7159,9844
US,3,7363,22599,14079,16323,9395,19581,12200,14935,8141,18079,24858,11263,15487,13059,17956,7515,10334
US,4,7737,22824,14150,17773,9872,19776,12261,16262,8554,18259,25107,11320,15565,14218,19551,7898,10860
US,5,8154,22977,14206,18700,10404,19908,12310,17110,9014,18382,25275,11365,15627,14959,20570,8323,11443
US,6,8619,23050,14225,19298,10998,19972,12325,17658,9529,18440,25356,11380,15647,15439,21229,8799,12098
US,7,9133,23122,14594,19744,11653,20035,12645,18066,10097,18498,25435,11675,16053,15795,21718,9322,12818
US,8,9221,23135,14731,20166,11765,20045,12764,18452,10194,18507,25448,11785,16204,16132,22182,9412,12942
US,9,9696,23173,14824,20425,12372,20078,12845,18689,10720,18539,25490,11859,16306,16340,22468,9898,13609
US,10,9872,23183,15471,20675,12597,20088,13405,18917,10914,18547,25502,12377,17018,16540,22742,10077,13857
US,11,10300,23248,16191,20878,13142,20144,14029,19104,11387,18599,25572,12953,17810,16702,22966,10514,14457
US,12,10526,23349,16549,21121,13429,20230,14340,19326,11637,18679,25683,13240,18204,16897,23233,10744,14773
US,13,11166,23378,16877,21200,14246,20257,14623,19397,12344,18702,25716,13501,18564,16960,23320,11397,15670
US,14,11781,23423,17494,21280,15032,20295,15158,19471,13024,18739,25766,13996,19244,17024,23408,12026,16535
US,15,12361,23775,17848,21652,15771,20600,15464,19811,13666,19020,26152,14278,19633,17321,23818,12617,17348
US,16,12881,24082,17990,21977,16434,20865,15587,20108,14240,19266,26489,14392,19788,17581,24175,13148,18078
US,17,13197,24442,18064,22367,16839,21179,15652,20465,14590,19554,26887,14451,19870,17894,24603,13471,18522
US,18,13347,24559,18374,22526,17030,21278,15920,20610,14757,19647,27014,14700,20212,18021,24778,13624,18733
US,19,13439,24700,18385,22703,17147,21401,15930,20774,14857,19760,27170,14708,20223,18162,24974,13718,18862
US,20,13700,24770,18718,22784,17480,21463,16219,20846,15146,19816,27247,14974,20589,18227,25062,13984,19228
US,21,13732,24865,18827,22907,17522,21545,16313,20959,15181,19892,27352,15061,20710,18325,25197,14018,19274
US,22,14004,24875,18940,22916,17868,21553,16411,20968,15483,19900,27363,15153,20835,18332,25208,14294,19655
US,23,14105,25502,19306,23548,17997,22096,16727,21546,15594,20402,28052,15446,21237,18838,25902,14398,19796
US,24,14209,25592,19640,23651,18130,22175,17018,21641,15708,20474,28152,15712,21604,18921,26016,14504,19943
US,25,14501,25989,20030,24037,18503,22519,17355,21993,16031,20791,28589,16025,22033,19230,26441,14802,20353
US,26,14772,26448,20347,24486,18848,22916,17631,22404,16331,21158,29093,16278,22382,19589,26935,15078,20733
US,27,15087,27033,20522,25057,19250,23423,17782,22926,16679,21626,29737,16418,22574,20045,27563,15399,21174
US,28,15348,27525,20647,25545,19583,23849,17890,23373,16968,22020,30277,16518,22712,20435,28099,15667,21541
US,29,15504,27753,20735,25784,19781,24046,17967,23593,17140,22203,30527,16588,22809,20628,28363,15825,21759
US,30,15690,28224,20858,26265,20020,24456,18073,24032,17346,22579,31047,16687,22944,21012,28891,16015,22022
US,31,15808,28554,21527,26611,20169,24741,18653,24349,17476,22843,31410,17222,23680,21289,29272,16136,22186
US,32,16341,28893,22075,26931,20849,25035,19128,24641,18065,23115,31783,17660,24282,21545,29624,16679,22933
US,33,16782,29013,22597,27042,21412,25138,19580,24742,18552,23210,31914,18078,24857,21634,29746,17129,23553
US,34,17204,29190,23226,27213,21951,25292,20125,24900,19019,23352,32109,18581,25549,21771,29935,17561,24147
US,35,17707,29694,23772,27696,22594,25727,20598,25342,19576,23755,32663,19017,26149,22157,30466,18075,24853
US,36,18146,30240,24080,28229,23153,26202,20865,25828,20061,24192,33264,19263,26487,22583,31052,18522,25468
US,37,18404,30320,24881,28316,23482,26272,21559,25909,20346,24256,33353,19905,27370,22653,31147,18785,25831
US,38,19038,30742,25359,28708,24290,26637,21973,26268,21047,24594,33816,20287,27895,22967,31579,19433,26720
US,39,19437,31228,25378,29181,24800,27058,21988,26700,21488,24983,34351,20302,27916,23344,32099,19840,27280
US,40,19442,31903,25700,29869,24807,27643,22269,27329,21494,25523,35093,20559,28269,23894,32855,19846,27287
US,41,19721,32350,26220,30311,25162,28030,22718,27734,21803,25880,35586,20976,28841,24249,33343,20130,27679
US,42,20137,32882,26848,30824,25694,28490,23263,28204,22263,26305,36169,21479,29534,24659,33906,20555,28264
US,43,20638,33299,27295,31221,26333,28852,23651,28567,22816,26639,36629,21837,30025,24977,34343,21066,28966
US,44,21000,33346,27805,31264,26794,28892,24092,28606,23216,26677,36680,22244,30585,25011,34391,21435,29474
US,45,21408,33359,28485,31271,27315,28904,24682,28613,23667,26687,36695,22787,31333,25016,34397,21852,30047
US,46,21950,33981,28969,31866,28006,29442,25100,29158,24267,27184,37378,23175,31866,25492,35053,22405,30808
US,47,22341,34525,29532,32400,28506,29915,25589,29646,24699,27620,37978,23626,32484,25920,35640,22805,31357
US,48,22795,35330,30042,33185,29086,30612,26031,30364,25202,28264,38863,24033,33046,26549,36504,23269,31995
US,49,23209,35851,30149,33695,29613,31062,26122,30830,25658,28680,39435,24119,33164,26956,37064,23691,32574
US,50,23312,36725,30810,34575,29743,31821,26696,31636,25771,29380,40398,24648,33891,27660,38032,23795,32718
US,51,23842,37701,31404,35525,30420,32666,27210,32505,26357,30161,41471,25123,34545,28420,39078,24336,33462
US,52,24323,38037,32237,35852,31033,32958,27932,32804,26889,30430,41841,25789,35461,28682,39437,24827,34137
US,53,24989,38175,32813,35972,31883,33077,28431,32914,27625,30540,41993,26251,36095,28778,39569,25506,35071
US,54,25456,39001,33713,36782,32479,33792,29211,33655,28142,31200,42901,26970,37084,29425,40460,25983,35727
US,55,26175,39896,34707,37646,33397,34568,30072,34445,28937,31917,43885,27766,38177,30116,41410,26718,36737
US,56,26967,40445,35237,38166,34408,35044,30531,34921,29813,32356,44490,28189,38761,30532,41982,27526,37848
US,57,27399,41236,36089,38943,34959,35729,31270,35633,30291,32988,45359,28871,39699,31154,42837,27967,38455
US,58,28082,42139,37004,39817,35831,36512,32063,36432,31046,33711,46353,29603,40704,31853,43798,28665,39414
US,59,28815,43059,37597,40706,36766,37309,32577,37246,31856,34447,47365,30078,41357,32566,44777,29412,40442
US,60,29296,44045,38413,41674,37379,38163,33285,38132,32387,35236,48449,30731,42255,33339,45842,29903,41117
US,61,29951,44788,39335,42395,38215,38807,34083,38791,33112,35831,49267,31468,43269,33916,46634,30573,42037
US,62,30690,45800,40274,43374,39157,39684,34897,39687,33928,36641,50380,32219,44302,34700,47712,31325,43072
US,63,31442,45950,41278,43508,40118,39813,35766,39809,34760,36760,50545,33023,45407,34806,47858,32094,44129
US,64,32246,46903,42059,44428,41144,40639,36443,40652,35649,37522,51593,33647,46265,35543,48871,32915,45258
US,65,32877,47772,43238,45277,41949,41393,37464,41428,36346,38218,52549,34590,47562,36221,49805,33559,46144
US,66,33820,48944,44228,46410,43152,42409,38322,42464,37390,39156,53839,35382,48650,37128,51051,34521,47467
US,67,34616,49696,44769,47138,44168,43059,38790,43130,38270,39757,54665,35815,49245,37711,51852,35334,48584
US,68,35358,50761,45147,48178,45114,43982,39119,44082,39090,40609,55838,36118,49662,38542,52995,36090,49625
US,69,36333,52017,46360,49395,46357,45070,40169,45196,40167,41613,57217,37088,50995,39516,54335,37086,50993
US,70,37003,53192,47184,50551,47213,46089,40883,46253,40909,42553,58511,37748,51903,40440,55605,37771,51934
US,71,37916,54416,48316,51744,48378,47149,41863,47346,41919,43533,59857,38652,53147,41395,56918,38703,53216
US,72,38979,55758,49636,53048,49735,48312,43008,48539,43094,44606,61334,39708,54599,42439,58353,39788,54709
US,73,39993,57009,50892,54268,51028,49395,44096,49654,44213,45607,62710,40713,55982,43414,59694,40822,56131
US,74,41052,58581,52204,55806,52379,50759,45233,51061,45385,46865,64440,41764,57424,44645,61386,41904,57617
US,75,42210,59981,53639,57167,53856,51971,46476,52308,46664,47986,65979,42911,59003,45734,62885,43085,59241
US,76,43307,60135,54994,57313,55257,52105,47650,52440,47878,48108,66149,43995,60493,45850,63044,44206,60783
US,77,44660,61948,56672,59079,56982,53675,49104,54057,49373,49558,68143,45337,62339,47263,64987,45586,62681
US,78,46008,64231,58342,61311,58703,55654,50552,56100,50864,51385,70655,46674,64176,49049,67442,46962,64573
US,79,47567,65846,60276,62880,60691,57053,52227,57535,52586,52677,72431,48221,66303,50304,69168,48553,66760
US,80,49502,67748,62683,64721,63161,58701,54313,59219,54726,54198,74522,50146,68951,51777,71193,50529,69477
US,81,50938,69982,64455,66910,64993,60637,55847,61222,56314,55985,76981,51564,70900,53528,73601,51995,71493
US,82,52612,72297,66525,69172,67129,62642,57641,63292,58164,57838,79526,53220,73178,55338,76089,53703,73842
US,83,54566,74569,68944,71388,69622,64611,59738,65320,60325,59655,82026,55156,75839,57111,78527,55698,76584
US,84,56608,77194,71470,73953,72228,66885,61926,67666,62583,61755,84913,57176,78617,59163,81348,57782,79451
US,85,58648,80317,73987,77012,74829,69592,64107,70466,64837,64253,88348,59190,81386,61610,84713,59863,82312
US,86,61001,83693,76893,80316,77832,72517,66625,73490,67439,66954,92063,61515,84582,64253,88348,62266,85615
US,87,63794,87126,80346,83671,81396,75491,69616,76558,70526,69701,95838,64276,88380,66936,92037,65117,89536
US,88,66848,91092,84119,87550,85293,78928,72886,80108,73903,72873,100201,67295,92531,70040,96305,68235,93822
US,89,70021,92479,88030,88901,89340,80130,76275,81344,77411,73983,101726,70423,96833,71121,97792,71472,98274
US,90,74838,96917,93994,93222,95487,83975,81443,85298,82736,77533,106610,75195,103394,74578,102544,76389,105036
US,91,79045,102261,99174,98464,100854,88605,85931,90094,87387,81809,112487,79340,109091,78771,108311,80683,110940
US,92,84156,108859,105467,104939,107376,94322,91383,96017,93038,87087,119745,84374,116014,83951,115433,85901,118115
US,93,90532,114328,113319,110299,115511,99060,98188,100923,100087,91462,125760,90656,124652,88239,121329,92409,127063
US,94,98781,122161,120622,120895,126037,105848,104514,110618,109206,97729,134376,96497,132683,96716,132985,100829,138640
US,95,111810,128662,131309,132721,142661,111480,113774,121438,123610,102930,141528,105048,144440,106177,145992,114129,156926
US,96,127975,142917,142119,155976,163286,123832,123141,142716,141481,114334,157208,113696,156331,124780,171573,130629,179615
US,97,154504,180909,163852,204419,197135,156750,141973,187042,170811,144727,199000,131082,180237,163535,224861,157708,216849
US,98,214994,255253,219678,296402,274315,221167,190343,271206,237685,204202,280779,175742,241645,237121,326042,219452,301747
US,99,300015,235943,299777,302325,382796,204435,259746,276625,331679,188754,259538,239821,329755,241859,332557,306237,421075
US,99.1,320365,247113,317887,320347,408761,214113,275438,293115,354177,197691,271824,254310,349676,256278,352382,327009,449637
US,99.2,349711,263686,344059,346738,446203,228473,298115,317263,386619,210949,290053,275247,378465,277391,381412,356962,490823
US,99.3,385255,282649,374982,378407,491555,244904,324907,346240,425914,226120,310914,299986,412480,302725,416247,393244,540710
US,99.4,433155,307148,415723,420995,552671,266131,360208,385207,478870,245718,337863,332578,457295,336796,463095,442137,607938
US,99.5,497026,340759,471427,477302,634167,295254,408474,436728,549482,272607,374835,377141,518569,381842,525033,507334,697584
US,99.6,590505,392630,556065,559170,753438,340197,481810,511636,652826,314104,431893,444853,611672,447336,615087,602750,828781
US,99.7,756644,481325,703395,704396,965418,417049,609467,644516,836499,385060,529458,562716,773735,563517,774835,772334,1061960
US,99.8,1137071,667910,1026571,1035179,1450814,578717,889487,947180,1257078,534328,734701,821257,1129229,828143,1138697,1160651,1595895
US,99.9,1555511,848013,1361364,1395413,1984709,734769,1179573,1276793,1719679,678410,932814,1089091,1497501,1116331,1534954,1587767,2183180
US,99.91,1667858,894383,1451201,1490233,2128055,774946,1257413,1363553,1843882,715507,983822,1160962,1596322,1192186,1639256,1702444,2340861
US,99.92,1769424,930458,1528346,1574363,2257645,806203,1324256,1440530,1956167,744366,1023503,1222677,1681181,1259490,1731799,1806116,2483409
US,99.93,2011987,1032998,1721532,1782260,2567137,895052,1491644,1630754,2224331,826399,1136298,1377226,1893685,1425807,1960486,2053710,2823851
US,99.94,2351407,1171066,1986712,2073098,3000209,1014681,1721414,1896870,2599573,936853,1288174,1589369,2185384,1658479,2280409,2400168,3300230
US,99.95,2664094,1273484,2211254,2336830,3399175,1103422,1915971,2138183,2945262,1018787,1400833,1769003,2432379,1869464,2570513,2719340,3739092
US,99.96,3271934,1472585,2643348,2854002,4174729,1275935,2290365,2611391,3617251,1178068,1619843,2114679,2907683,2283202,3139402,3339783,4592202
US,99.97,4269711,1810073,3364878,3700936,5447815,1568354,2915545,3386329,4720334,1448059,1991080,2691902,3701366,2960748,4071029,4358251,5992597
US,99.98,6347501,2400971,4763448,5460691,8098911,2080343,4127355,4996491,7017412,1920777,2641068,3810759,5239793,4368553,6006760,6479129,8908803
US,99.99,8580411,2940858,6177843,7348705,10947929,2548132,5352877,6724011,9485983,2352687,3234944,4942275,6795628,5878964,8083575,8758343,12042722
US,99.991,9466541,3195425,6776389,8099590,12078560,2768705,5871494,7411066,10465633,2556340,3514969,5421111,7454028,6479672,8909549,9662848,13286416
US,99.992,10320841,3419066,7334560,8821349,13168580,2962480,6355130,8071470,11410096,2735252,3760973,5867647,8068016,7057079,9703484,10534864,14485438
US,99.993,11397188,3686875,8024424,9730643,14541914,3194527,6952872,8903467,12600041,2949500,4055563,6419539,8826866,7784514,10703707,11633531,15996106
US,99.994,12826209,4020510,8919113,10937968,16365233,3483607,7728088,10008161,14179880,3216409,4422560,7135291,9811024,8750375,12031765,13092186,18001756
US,99.995,14820363,4444345,10127380,12622785,18909617,3850842,8775008,11549755,16384497,3555476,4888779,8101904,11140118,10098227,13885063,15127694,20800580
US,99.996,17752828,4972259,11812769,15099901,22651211,4308259,10235336,13816299,19626451,3977807,5469485,9450215,12994046,12079921,16609891,18120968,24916331
US,99.997,22246154,5611694,14234314,18893126,28384340,4862304,12333515,17287074,24594001,4489355,6172864,11387451,15657745,15114501,20782439,22707473,31222775
US,99.998,32407984,6839329,19497485,27474483,41350036,5925998,16893864,25138952,35828305,5471464,7523262,15597988,21447234,21979587,30221931,33080029,45485040
US,99.999,134261134,16525655,69747912,113466442,171306634,14318803,60434034,103820966,148430981,13220525,18178220,55798330,76722704,90773154,124813086,137045307,188437298
CA,0,7578,13048,9746,11887,8493,11449,8552,10315,7452,10438,14353,7798,10721,9510,13076,6794,9343
CA,1,7578,13066,9755,11913,8493,11466,8560,10337,7452,10453,14373,7804,10731,9530,13105,6794,9343
CA,2,7578,13126,9773,11993,8493,11518,8576,10407,7452,10500,14438,7819,10751,9594,13193,6794,9343
CA,3,7578,13205,9794,12091,8493,11587,8593,10492,7452,10564,14525,7835,10773,9674,13301,6794,9343
CA,4,7578,13205,9799,12103,8493,11587,8599,10501,7452,10564,14525,7840,10779,9682,13313,6794,9343
CA,5,7754,13240,9947,12133,8690,11618,8728,10529,7625,10592,14563,7958,10942,9707,13347,6952,9559
CA,6,8163,13913,10460,12758,9148,12208,9179,11071,8027,11130,15305,8368,11507,10207,14034,7319,10063
CA,7,8611,14580,11011,13386,9650,12794,9663,11616,8469,11664,16039,8808,12112,10709,14725,7720,10616
CA,8,9035,15053,11525,13824,10125,13209,10113,11995,8885,12043,16559,9220,12677,11060,15207,8100,11137
CA,9,9083,15178,11542,13988,10179,13319,10128,12139,8932,12142,16697,9233,12696,11191,15388,8143,11197
CA,10,9545,15426,12072,14216,10697,13536,10593,12335,9386,12341,16969,9657,13279,11373,15637,8557,11766
CA,11,9571,15579,12080,14410,10726,13671,10601,12504,9412,12463,17137,9665,13289,11528,15851,8581,11799
CA,12,10063,16022,12651,14829,11277,14060,11102,12868,9895,12818,17625,10121,13916,11863,16313,9021,12405
CA,13,10588,16661,13269,15444,11865,14621,11643,13401,10412,13329,18328,10615,14595,12355,16989,9493,13052
CA,14,11118,17298,13892,16060,12460,15179,12191,13935,10934,13838,19028,11114,15282,12847,17665,9968,13706
CA,15,11569,17734,14412,16484,12964,15562,12647,14304,11376,14187,19507,11530,15853,13187,18132,10371,14261
CA,16,11655,17800,14478,16582,13061,15620,12705,14389,11461,14240,19580,11583,15926,13266,18240,10449,14368
CA,17,12135,18182,15034,16950,13600,15955,13192,14708,11934,14546,20001,12026,16537,13560,18645,10880,14960
CA,18,12208,18266,15083,17066,13681,16029,13235,14810,12005,14613,20092,12066,16592,13653,18773,10945,15049
CA,19,12620,18606,15552,17402,14143,16326,13646,15100,12410,14885,20466,12441,17107,13921,19142,11315,15558
CA,20,12739,18746,15686,17545,14278,16449,13764,15224,12528,14997,20621,12548,17254,14036,19300,11422,15706
CA,21,13256,19301,16283,18087,14856,16936,14288,15696,13036,15441,21231,13026,17912,14470,19896,11885,16341
CA,22,13364,19315,16379,18127,14977,16949,14371,15730,13143,15452,21246,13103,18016,14502,19940,11982,16475
CA,23,13633,19498,16668,18322,15279,17110,14626,15899,13407,15599,21448,13334,18334,14657,20154,12223,16807
CA,24,13824,19589,16864,18432,15493,17190,14798,15995,13595,15671,21548,13492,18551,14745,20275,12394,17042
CA,25,14002,19665,17044,18527,15691,17256,14956,16077,13769,15732,21632,13635,18749,14822,20380,12553,17260
CA,26,14465,20114,17566,18978,16210,17650,15414,16468,14225,16092,22126,14052,19323,15182,20876,12968,17831
CA,27,14876,20492,18026,19359,16671,17981,15818,16799,14629,16393,22541,14421,19828,15487,21295,13337,18339
CA,28,15403,21025,18626,19889,17262,18450,16345,17259,15147,16820,23128,14900,20488,15911,21878,13810,18988
CA,29,15668,21203,18908,20082,17558,18606,16592,17427,15408,16963,23323,15126,20798,16065,22091,14047,19314
CA,30,15827,21224,19061,20129,17737,18624,16726,17467,15564,16979,23346,15249,20967,16103,22141,14189,19511
CA,31,16085,21398,19336,20318,18026,18777,16968,17631,15818,17118,23537,15469,21270,16255,22350,14421,19828
CA,32,16608,21936,19933,20852,18612,19249,17491,18095,16332,17548,24130,15946,21926,16682,22938,14890,20474
CA,33,17075,22379,20457,21297,19135,19637,17951,18481,16791,17903,24617,16365,22503,17038,23427,15308,21049
CA,34,17444,22709,20867,21635,19549,19927,18310,18773,17155,18166,24979,16693,22954,17308,23799,15639,21504
CA,35,17801,23011,21261,21947,19950,20193,18655,19044,17505,18409,25312,17009,23387,17557,24142,15959,21945
CA,36,18162,23320,21658,22265,20354,20463,19005,19321,17861,18656,25652,17327,23824,17812,24492,16283,22389
CA,37,18360,23428,21863,22391,20575,20559,19185,19430,18055,18743,25771,17491,24049,17913,24630,16460,22634
CA,38,18788,23814,22339,22784,21056,20897,19602,19770,18475,19052,26196,17871,24573,18227,25062,16844,23161
CA,39,19018,23884,22584,22865,21313,20958,19817,19842,18702,19107,26272,18067,24843,18292,25152,17050,23444
CA,40,19067,23969,22610,22980,21368,21032,19841,19941,18750,19175,26366,18088,24872,18384,25278,17094,23504
CA,41,19488,24186,23082,23198,21840,21223,20254,20130,19165,19349,26605,18466,25390,18558,25517,17472,24024
CA,42,19510,24290,23083,23331,21864,21314,20255,20246,19186,19432,26719,18467,25391,18665,25664,17491,24051
CA,43,19902,24561,23521,23605,22304,21553,20638,20483,19571,19650,27018,18816,25872,18884,25965,17843,24534
CA,44,20274,24898,23932,23949,22721,21848,21000,20782,19937,19919,27388,19146,26326,19160,26344,18176,24993
CA,45,20517,25096,24195,24158,22993,22021,21231,20963,20176,20077,27605,19356,26615,19326,26573,18395,25293
CA,46,20803,25328,24507,24401,23313,22226,21505,21175,20457,20263,27861,19605,26958,19522,26841,18651,25645
CA,47,20950,25392,24654,24483,23478,22283,21634,21245,20602,20314,27932,19724,27119,19587,26932,18782,25826
CA,48,21467,25910,25238,25002,24057,22736,22146,21696,21110,20728,28501,20190,27762,20002,27502,19246,26463
CA,49,21800,26127,25586,25224,24430,22927,22452,21888,21437,20902,28741,20468,28145,20179,27746,19544,26873
CA,50,21801,26223,25608,25344,24432,23011,22470,21992,21440,20978,28845,20486,28169,20275,27879,19546,26876
CA,51,22102,26394,25917,25524,24769,23161,22742,22148,21734,21115,29034,20733,28509,20419,28076,19815,27246
CA,52,22490,26766,26349,25902,25204,23488,23121,22477,22116,21413,29444,21080,28984,20722,28492,20163,27724
CA,53,22898,27166,26806,26306,25661,23839,23522,22827,22517,21733,29883,21445,29487,21045,28937,20528,28226
CA,54,23275,27531,27227,26678,26084,24159,23892,23149,22889,22024,30284,21782,29949,21342,29346,20868,28693
CA,55,23716,27959,27719,27111,26578,24534,24323,23525,23322,22368,30755,22175,30491,21689,29822,21262,29235
CA,56,24293,28561,28373,27711,27224,25062,24897,24046,23889,22849,31418,22699,31210,22169,30482,21779,29947
CA,57,24702,28971,28830,28126,27682,25422,25299,24407,24291,23177,31869,23064,31714,22501,30939,22146,30451
CA,58,25048,29297,29213,28459,28071,25708,25634,24696,24632,23437,32227,23371,32134,22767,31305,22457,30878
CA,59,25535,29787,29759,28955,28616,26138,26114,25125,25111,23830,32765,23808,32735,23163,31850,22893,31477
CA,60,25660,29858,29885,29042,28757,26200,26225,25200,25234,23887,32844,23908,32873,23234,31946,23005,31633
CA,61,26165,30377,30453,29564,29322,26656,26722,25654,25730,24302,33415,24363,33499,23651,32520,23458,32254
CA,62,26622,30844,30965,30035,29835,27065,27172,26062,26180,24675,33928,24772,34062,24028,33039,23868,32819
CA,63,27140,31384,31548,30577,30415,27539,27683,26534,26688,25107,34522,25238,34703,24461,33635,24332,33456
CA,64,27703,31967,32183,31164,31046,28051,28240,27042,27242,25573,35164,25746,35400,24931,34280,24836,34150
CA,65,28191,32463,32729,31665,31593,28487,28720,27477,27722,25971,35709,26183,36002,25332,34831,25274,34753
CA,66,28926,33228,33560,32431,32416,29158,29449,28142,28446,26582,36550,26848,36916,25944,35674,25933,35659
CA,67,29429,33731,34120,32942,32980,29599,29940,28585,28939,26985,37104,27296,37532,26354,36236,26385,36279
CA,68,29899,34198,34645,33417,33508,30009,30400,28998,29403,27358,37617,27715,38109,26734,36759,26806,36858
CA,69,30646,34968,35487,34191,34344,30685,31139,29670,30137,27975,38465,28390,39036,27352,37610,27476,37779
CA,70,31209,35536,36116,34767,34976,31184,31691,30169,30691,28429,39090,28893,39727,27814,38244,27980,38473
CA,71,31753,36093,36724,35331,35586,31673,32224,30659,31226,28875,39703,29378,40396,28265,38864,28469,39145
CA,72,32491,36869,37553,36111,36411,32352,32953,31335,31951,29495,40556,30043,41309,28888,39722,29129,40052
CA,73,33120,37519,38259,36769,37116,32923,33572,31906,32570,30015,41271,30607,42085,29415,40446,29693,40828
CA,74,33732,38142,38942,37399,37802,33469,34171,32453,33171,30513,41955,31153,42836,29919,41139,30241,41581
CA,75,33953,38322,39173,37599,38050,33628,34374,32626,33389,30657,42154,31338,43091,30079,41358,30440,41855
CA,76,34693,39087,40003,38371,38880,34299,35102,33297,34117,31270,42996,32003,44004,30697,42208,31104,42768
CA,77,35559,39993,40977,39285,39851,35095,35957,34089,34969,31995,43993,32782,45074,31428,43214,31881,43836
CA,78,36384,40856,41901,40155,40775,35852,36768,34844,35779,32685,44942,33521,46092,32124,44170,32620,44852
CA,79,37239,41749,42860,41056,41733,36635,37610,35627,36620,33400,45924,34288,47147,32845,45161,33386,45906
CA,80,38729,43343,44549,42649,43403,38033,39091,37008,38085,34674,47676,35639,49004,34119,46914,34723,47744
CA,81,39674,44326,45607,43644,44463,38896,40020,37871,39016,35461,48759,36485,50168,34915,48008,35570,48909
CA,82,40583,45274,46623,44603,45480,39727,40912,38704,39908,36219,49801,37299,51286,35682,49063,36384,50028
CA,83,41465,46182,47608,45527,46470,40525,41774,39506,40777,36945,50800,38086,52368,36421,50080,37176,51117
CA,84,42794,47589,49102,46945,47959,41760,43087,40736,42083,38071,52349,39282,54013,37556,51639,38367,52755
CA,85,43867,48708,50300,48078,49160,42742,44138,41719,43137,38966,53579,40241,55330,38463,52886,39328,54077
CA,86,44961,49827,51519,49217,50387,43723,45208,42708,44214,39862,54810,41215,56671,39373,54139,40309,55425
CA,87,46600,51552,53359,50956,52224,45237,46822,44217,45826,41241,56708,42687,58695,40765,56052,41779,57446
CA,88,47593,52541,54456,51971,53336,46105,47785,45097,46802,42033,57795,43566,59902,41577,57169,42669,58670
CA,89,48507,53428,55458,52890,54361,46884,48665,45895,47702,42742,58771,44367,61005,42312,58180,43489,59798
CA,90,50742,55739,57965,55222,56865,48911,50864,47919,49899,44591,61313,46372,63761,44178,60744,45492,62552
CA,91,52514,57579,59942,57092,58852,50527,52599,49541,51642,46064,63338,47953,65936,45673,62801,47081,64737
CA,92,54923,60081,62638,59624,61550,52722,54964,51738,54009,48065,66090,50111,68902,47699,65587,49240,67705
CA,93,58239,63484,66353,63064,65268,55709,58224,54723,57272,50787,69833,53082,72988,50452,69371,52214,71794
CA,94,62535,67837,71164,67464,70081,59527,62446,58542,61496,54270,74620,56932,78281,53971,74210,56065,77090
CA,95,70074,75462,79630,75149,78531,66218,69875,65210,68909,60370,83008,63704,87593,60119,82664,62825,86384
CA,96,79875,85525,90644,85288,89515,75048,79539,74008,78548,68421,94078,72515,99708,68231,93817,71612,98467
CA,97,96363,101991,109144,101899,107991,89498,95773,88422,94762,81594,112191,87315,120059,81518,112089,86393,118791
CA,98,128926,126010,138510,133406,144484,110575,121542,115764,126783,100808,138611,110808,152360,106724,146747,115587,158933
CA,99,173338,153625,173953,175872,194256,134807,152643,152613,170458,122900,168987,139163,191348,140698,193459,155405,213682
CA,99.1,184944,159224,181939,186633,207264,139720,159650,161950,181871,127379,175147,145551,200134,149307,205296,165811,227990
CA,99.2,200079,168633,194593,200509,224224,147976,170753,173992,196755,134907,185496,155674,214053,160407,220560,179379,246647
CA,99.3,217832,179826,209796,216577,244118,157798,184095,187935,214213,143861,197808,167837,230776,173262,238235,195295,268530
CA,99.4,240237,192846,228378,236352,269227,169223,200400,205094,236245,154277,212131,182702,251215,189082,259987,215382,296150
CA,99.5,271892,210391,254021,264051,304703,184620,222901,229129,267373,168313,231430,203217,279423,211241,290456,243762,335173
CA,99.6,311363,232861,288156,296969,348937,204337,252855,257694,306189,186289,256147,230525,316972,237576,326667,279149,383831
CA,99.7,381917,269935,347586,354291,428005,236869,305004,307435,375570,215947,296928,278069,382345,283433,389721,342404,470805
CA,99.8,531613,336315,464905,472415,595766,295119,407950,409937,522779,269052,369946,371924,511396,377933,519657,476612,655343
CA,99.9,697381,409834,595636,602395,781539,359631,522664,522727,685793,327867,450817,476508,655199,481916,662634,625231,859693
CA,99.91,748669,433542,637439,642197,839016,380435,559346,557266,736229,346834,476896,509951,701183,513757,706417,671213,922918
CA,99.92,785934,448601,666860,669885,880778,393650,585164,581292,772874,358881,493461,533489,733546,535908,736873,704622,968856
CA,99.93,869818,486999,734238,735621,974785,427345,644287,638333,855365,389599,535699,587390,807662,588497,809183,779829,1072264
CA,99.94,979341,537146,821596,822089,1097524,471348,720944,713366,963067,429716,590859,657277,903756,657671,904298,878019,1207277
CA,99.95,1084583,583199,903937,904650,1215466,511761,793196,785007,1066560,466559,641519,723150,994331,723720,995115,972373,1337013
CA,99.96,1260248,662243,1041683,1044358,1412330,581123,914067,906240,1239307,529794,728468,833347,1145852,835487,1148794,1129864,1553563
CA,99.97,1545687,770062,1250742,1265525,1732215,675734,1097514,1098157,1520002,616050,847068,1000594,1375816,1012420,1392078,1385772,1905437
CA,99.98,2085285,925586,1608353,1673019,2336930,812207,1411315,1451760,2050634,740469,1018145,1286682,1769188,1338415,1840321,1869544,2570623
CA,99.99,2637109,1048753,1934270,2094070,2955347,920288,1697304,1817125,2593289,839003,1153629,1547417,2127697,1675256,2303477,2364278,3250881
CA,99.991,2830243,1094432,2049718,2242634,3171786,960371,1798609,1946042,2783213,875546,1203875,1639774,2254690,1794107,2466898,2537429,3488965
CA,99.992,3025364,1143274,2169728,2392010,3390455,1003230,1903916,2075661,2975092,914619,1257602,1735782,2386700,1913607,2631211,2712364,3729501
CA,99.993,3258866,1197521,2308922,2571025,3652135,1050832,2026058,2231001,3204714,958016,1317272,1847138,2539814,2056819,2828127,2921708,4017348
CA,99.994,3563926,1261345,2483472,2805221,3994008,1106838,2179224,2434224,3504705,1009076,1387479,1986778,2731819,2244177,3085743,3195207,4393409
CA,99.995,3970967,1332936,2702583,3118046,4450170,1169659,2371491,2705678,3904982,1066348,1466229,2162066,2972841,2494437,3429851,3560136,4895186
CA,99.996,4530677,1401434,2973949,3548430,5077424,1229767,2609613,3079143,4455392,1121147,1541577,2379159,3271344,2838743,3903273,4061939,5585166
CA,99.997,5394726,1581412,3466021,4213338,6045744,1387699,3041401,3656115,5305083,1265130,1739553,2772817,3812623,3370671,4634672,4836595,6650318
CA,99.998,7149032,1875967,4392263,5565923,8011753,1646172,3854170,4829818,7030238,1500773,2063563,3513810,4831489,4452739,6122516,6409402,8812928
CA,99.999,17238567,2415632,8569305,13350063,19318858,2119733,7519486,11584490,16952119,1932506,2657196,6855444,9426236,10680051,14685069,15455086,21250744
DE,0,10250,20629,13834,19492,12893,19169,12855,18345,11981,16503,22691,11067,15217,15594,21441,10314,14182
DE,1,10250,20784,13981,19706,12893,19312,12992,18547,11981,16627,22863,11184,15378,15765,21677,10314,14182
DE,2,10250,21168,14070,20178,12893,19670,13074,18991,11981,16935,23285,11256,15477,16143,22197,10314,14182
DE,3,10250,21179,14116,20296,12893,19680,13118,19103,11981,16943,23297,11293,15528,16238,22326,10314,14182
DE,4,10250,21209,14154,20505,12893,19707,13153,19298,11981,16967,23329,11323,15569,16404,22556,10314,14182
DE,5,10563,21331,14203,20624,13286,19820,13198,19411,12346,17064,23464,11362,15624,16499,22687,10628,14614
DE,6,11155,21445,14741,20824,14030,19928,13698,19599,13037,17156,23590,11793,16216,16659,22907,11225,15434
DE,7,11230,21463,14816,21035,14125,19943,13768,19798,13126,17170,23609,11852,16297,16828,23139,11300,15538
DE,8,11895,21559,15351,21204,14963,20032,14264,19957,13904,17247,23715,12281,16886,16964,23325,11970,16459
DE,9,11929,21626,15448,21441,15005,20095,14355,20179,13944,17301,23788,12358,16993,17152,23584,12004,16506
DE,10,12639,21659,16093,21491,15897,20126,14953,20227,14772,17327,23825,12875,17702,17193,23641,12717,17487
DE,11,12647,21702,16150,21618,15909,20166,15007,20346,14782,17362,23872,12920,17765,17294,23780,12727,17500
DE,12,13377,21754,16891,21623,16826,20214,15694,20352,15635,17404,23930,13513,18580,17298,23785,13461,18508
DE,13,13382,21900,16969,21886,16833,20351,15769,20599,15641,17521,24090,13575,18666,17509,24075,13466,18517
DE,14,14126,22009,17731,22017,17770,20452,16476,20721,16511,17608,24209,14186,19504,17613,24219,14216,19547
DE,15,14205,22062,17742,22170,17868,20501,16485,20866,16604,17650,24268,14194,19516,17736,24388,14294,19655
DE,16,14561,22074,18132,22200,18315,20512,16849,20895,17019,17660,24281,14505,19946,17760,24420,14652,20147
DE,17,14835,22130,18422,22292,18659,20564,17118,20981,17339,17704,24343,14737,20264,17833,24521,14927,20525
DE,18,14870,22317,18423,22542,18704,20738,17119,21216,17381,17854,24549,14738,20265,18034,24796,14964,20574
DE,19,15294,22374,18915,22595,19238,20790,17576,21266,17876,17899,24611,15132,20806,18077,24854,15390,21161
DE,20,15494,22401,19137,22631,19488,20815,17784,21300,18109,17920,24641,15310,21051,18104,24894,15590,21437
DE,21,15538,22447,19175,22697,19545,20858,17818,21362,18161,17957,24691,15340,21093,18158,24967,15635,21500
DE,22,15837,22499,19512,22760,19921,20907,18131,21421,18511,17999,24749,15610,21464,18207,25035,15937,21913
DE,23,15971,22504,19651,22780,20090,20910,18261,21441,18668,18002,24754,15721,21617,18225,25058,16072,22099
DE,24,16192,22514,19899,22794,20367,20921,18491,21453,18925,18012,24765,15919,21889,18235,25073,16293,22404
DE,25,16208,22519,19903,22827,20387,20925,18493,21483,18944,18015,24771,15923,21893,18262,25109,16309,22426
DE,26,16327,22553,20016,22886,20537,20956,18600,21539,19084,18043,24808,16013,22018,18308,25174,16430,22590
DE,27,16372,22589,20047,22951,20594,20991,18629,21600,19136,18072,24849,16038,22052,18360,25246,16475,22653
DE,28,16422,22637,20086,23024,20657,21034,18664,21670,19195,18109,24901,16069,22095,18419,25326,16525,22722
DE,29,16605,22695,20285,23101,20887,21088,18849,21743,19408,18155,24964,16228,22314,18481,25411,16710,22976
DE,30,16724,22753,20405,23182,21036,21142,18961,21818,19547,18202,25028,16324,22446,18546,25501,16829,23140
DE,31,16868,22903,20558,23358,21217,21282,19103,21984,19715,18322,25192,16446,22614,18687,25694,16974,23339
DE,32,17036,22982,20741,23455,21429,21356,19273,22076,19912,18386,25280,16593,22815,18764,25800,17143,23572
DE,33,17074,22992,20765,23488,21476,21365,19295,22106,19957,18394,25291,16613,22842,18790,25836,17181,23625
DE,34,17297,22999,21018,23501,21758,21372,19530,22118,20218,18400,25300,16814,23120,18800,25850,17406,23934
DE,35,17437,23008,21167,23521,21933,21380,19669,22138,20380,18407,25309,16934,23284,18818,25873,17546,24126
DE,36,17482,23228,21205,23776,21989,21584,19705,22379,20433,18583,25551,16965,23326,19021,26154,17591,24188
DE,37,17562,23403,21287,23980,22091,21747,19779,22570,20527,18723,25744,17030,23415,19184,26378,17674,24301
DE,38,18085,23612,21903,24185,22749,21941,20352,22763,21138,18889,25973,17522,24092,19348,26604,18199,25025
DE,39,18216,23704,22043,24296,22914,22026,20483,22867,21291,18964,26074,17634,24246,19437,26726,18331,25205
DE,40,18661,24194,22563,24815,23473,22482,20966,23356,21812,19355,26613,18050,24818,19852,27297,18778,25820
DE,41,18727,24197,22625,24836,23556,22484,21024,23376,21889,19357,26617,18100,24888,19869,27320,18845,25912
DE,42,18945,24405,22871,25065,23830,22678,21252,23591,22143,19524,26846,18297,25158,20052,27572,19063,26213
DE,43,19293,24779,23274,25465,24267,23025,21626,23967,22549,19823,27256,18618,25601,20372,28011,19414,26694
DE,44,19538,25010,23552,25719,24576,23240,21884,24207,22837,20008,27511,18841,25907,20575,28291,19661,27034
DE,45,19645,25074,23663,25802,24711,23299,21988,24283,22962,20059,27581,18930,26029,20642,28382,19768,27182
DE,46,20149,25658,24256,26418,25344,23842,22538,24864,23550,20527,28224,19405,26682,21134,29059,20276,27879
DE,47,20293,25788,24414,26564,25525,23963,22685,25001,23718,20630,28367,19531,26855,21251,29220,20420,28077
DE,48,20563,26080,24725,26880,25865,24234,22975,25299,24034,20864,28687,19780,27197,21504,29567,20692,28452
DE,49,20739,26247,24922,27067,26086,24389,23157,25475,24239,20998,28871,19937,27414,21654,29774,20870,28695
DE,50,21255,26877,25531,27729,26736,24975,23724,26098,24844,21502,29565,20425,28084,22183,30502,21388,29410
DE,51,21712,27414,26067,28297,27310,25474,24222,26632,25378,21930,30156,20853,28673,22638,31127,21848,30041
DE,52,21883,27568,26256,28472,27526,25616,24397,26797,25578,22054,30325,21004,28881,22778,31320,22021,30278
DE,53,22168,27867,26581,28796,27884,25895,24699,27102,25910,22294,30655,21265,29239,23037,31676,22307,30672
DE,54,22385,28091,26826,29042,28156,26103,24928,27334,26163,22472,30900,21461,29510,23233,31946,22524,30971
DE,55,22786,28539,27293,29522,28662,26520,25360,27785,26633,22831,31394,21834,30023,23618,32474,22930,31528
DE,56,23222,29107,27807,30116,29210,27046,25840,28346,27143,23285,32018,22245,30588,24094,33128,23367,32130
DE,57,23503,29479,28137,30514,29563,27394,26146,28719,27470,23584,32428,22509,30951,24411,33565,23650,32519
DE,58,23687,29753,28353,30803,29796,27646,26346,28991,27686,23802,32728,22682,31187,24642,33883,23836,32775
DE,59,24133,30383,28884,31460,30356,28232,26839,29609,28208,24307,33420,23107,31772,25168,34606,24285,33391
DE,60,24404,30742,29200,31843,30695,28566,27133,29969,28523,24594,33815,23361,32121,25474,35027,24557,33765
DE,61,24721,31104,29566,32234,31096,28903,27474,30339,28895,24883,34215,23653,32523,25788,35458,24876,34205
DE,62,25025,31527,29924,32681,31478,29295,27806,30759,29250,25221,34680,23940,32916,26146,35949,25182,34626
DE,63,25470,32093,30445,33280,32037,29821,28290,31323,29770,25674,35302,24356,33490,26624,36608,25630,35242
DE,64,25911,32680,30965,33900,32593,30366,28773,31907,30287,26144,35948,24772,34062,27119,37289,26075,35853
DE,65,26378,33290,31513,34545,33179,30934,29283,32513,30831,26632,36619,25210,34664,27636,37999,26544,36497
DE,66,26959,33961,32188,35260,33911,31557,29910,33186,31511,27169,37357,25751,35407,28208,38786,27129,37302
DE,67,27433,34532,32739,35870,34506,32088,30422,33761,32064,27625,37985,26192,36013,28697,39458,27605,37957
DE,68,27586,34722,32909,36082,34700,32264,30580,33960,32244,27777,38195,26327,36201,28866,39691,27760,38170
DE,69,28036,35249,33429,36648,35266,32753,31062,34492,32769,28199,38774,26743,36773,29318,40313,28213,38792
DE,70,28881,36287,34421,37745,36328,33719,31984,35525,33757,29030,39917,27536,37862,30196,41519,29063,39961
DE,71,29298,36745,34898,38243,36852,34144,32428,35993,34245,29396,40419,27918,38388,30595,42068,29482,40537
DE,72,30042,37602,35762,39157,37788,34941,33230,36854,35113,30082,41362,28610,39338,31325,43072,30231,41567
DE,73,30604,38215,36408,39822,38495,35511,33831,37479,35770,30573,42038,29126,40049,31857,43804,30796,42344
DE,74,31272,38961,37178,40622,39335,36203,34547,38233,36551,31169,42857,29742,40896,32497,44684,31468,43269
DE,75,31798,39510,37779,41222,39998,36714,35105,38797,37167,31608,43461,30223,41556,32978,45344,31998,43997
DE,76,32416,40204,38490,41969,40775,37357,35765,39500,37888,32163,44223,30791,42339,33575,46165,32620,44852
DE,77,33267,41209,39478,43042,41845,38293,36683,40511,38884,32967,45330,31582,43425,34433,47346,33476,46029
DE,78,33837,41903,40137,43788,42563,38937,37295,41212,39549,33522,46093,32109,44150,35030,48166,34050,46818
DE,79,34551,42755,40962,44701,43461,39728,38063,42072,40384,34204,47030,32769,45058,35762,49171,34769,47807
DE,80,35491,43867,42052,45890,44642,40762,39076,43191,41482,35093,48253,33641,46257,36711,50479,35714,49107
DE,81,36281,44798,42966,46890,45637,41627,39924,44133,42406,35838,49278,34372,47262,37513,51579,36510,50201
DE,82,37056,45693,43856,47856,46611,42458,40753,45042,43312,36554,50262,35085,48241,38285,52642,37289,51272
DE,83,38181,46941,45154,49198,48025,43619,41958,46305,44626,37553,51634,36123,49669,39358,54118,38420,52827
DE,84,39333,48245,46485,50599,49476,44830,43194,47623,45974,38596,53069,37188,51133,40479,55660,39581,54424
DE,85,40474,49503,47797,51956,50911,45998,44413,48900,47307,39602,54452,38237,52577,41566,57152,40728,56001
DE,86,42074,51167,49636,53754,52922,47546,46122,50592,49176,40933,56283,39708,54599,43003,59129,42338,58214
DE,87,43962,53030,51800,55771,55297,49276,48134,52491,51383,42424,58332,41440,56980,44617,61348,44238,60827
DE,88,46076,55247,54234,58159,57956,51337,50395,54738,53853,44198,60772,43387,59657,46526,63974,46364,63752
DE,89,47780,57090,56194,60149,60101,53050,52217,56612,55846,45672,62799,44955,61813,48120,66164,48081,66111
DE,90,50793,60376,59678,63672,63890,56103,55454,59927,59368,48301,66414,47742,65646,50937,70039,51112,70278
DE,91,53309,62850,62557,66359,67054,58402,58130,62455,62309,50280,69135,50046,68812,53087,72994,53644,73761
DE,92,56578,66081,66304,69855,71167,61403,61611,65746,66129,52864,72688,53044,72935,55883,76840,56933,78284
DE,93,60691,70112,71023,74217,76341,65150,65995,69852,70937,56089,77123,56819,78125,59373,81638,61072,83974
DE,94,65889,75125,76981,79644,82879,69807,71533,74960,77012,60099,82638,61585,84679,63716,87609,66303,91167
DE,95,73768,82764,86033,87895,92789,76906,79943,82726,86222,66211,91040,68826,94636,70317,96684,74231,102068
DE,96,84024,91743,97274,98230,105689,85250,90390,92453,98208,73395,100917,77819,107001,78585,108054,84551,116258
DE,97,99689,98523,108512,113566,125394,91550,100831,106887,116518,78819,108376,86810,119364,90853,124923,100315,137933
DE,98,140445,119535,140550,153785,176659,111075,130601,144740,164155,95628,131490,112440,154605,123028,169163,141327,194324
DE,99,195628,154078,189799,207853,246071,143172,176365,195628,228653,123262,169485,151839,208779,166283,228638,196857,270679
DE,99.1,210950,163912,203858,222670,265344,152311,189428,209573,246562,131129,180303,163087,224244,178136,244937,212275,291878
DE,99.2,232479,177731,223578,243533,292424,165152,207753,229209,271724,142185,195504,178863,245936,194826,267886,233939,321666
DE,99.3,256557,192395,245264,266449,322710,178778,227903,250776,299869,153916,211635,196211,269791,213159,293093,258169,354982
DE,99.4,287332,210395,272569,295422,361421,195503,253275,278046,335839,168317,231434,218055,299826,236338,324964,289137,397564
DE,99.5,326270,231803,306316,331552,410398,215397,284634,312051,381350,185442,254983,245053,336948,265242,364707,328319,451438
DE,99.6,376809,256985,348503,377548,473971,238796,323835,355342,440421,205588,282684,278802,383353,302039,415302,379176,521368
DE,99.7,469594,300708,423638,462027,590679,279425,393651,434852,548868,240567,330779,338910,466001,369621,508229,472544,649747
DE,99.8,671013,405258,597096,643532,844034,376574,554832,605681,784292,324207,445784,477676,656805,514825,707885,675228,928438
DE,99.9,888005,507432,776987,836041,1116978,471517,721989,786868,1037915,405946,558175,621589,854686,668832,919644,893582,1228676
DE,99.91,932563,523975,811705,873404,1173026,486888,754250,822033,1089995,419179,576372,649364,892876,698723,960744,938420,1290329
DE,99.92,977894,538832,845678,910885,1230046,500694,785818,857310,1142979,431065,592715,676542,930246,728708,1001974,984036,1353051
DE,99.93,1103588,594074,946557,1022078,1388150,552026,879557,961962,1289892,475258,653481,757246,1041213,817663,1124286,1110520,1526965
DE,99.94,1275703,657771,1076491,1171157,1604645,611214,1000294,1102274,1491064,526217,723548,861193,1184140,936925,1288272,1283715,1765109
DE,99.95,1431134,717132,1195124,1306237,1800155,666374,1110529,1229409,1672733,573705,788845,956099,1314636,1044989,1436861,1440124,1980171
DE,99.96,1733268,838765,1429356,1571263,2180195,779399,1328182,1478847,2025874,671013,922642,1143485,1572291,1257010,1728389,1744156,2398214
DE,99.97,2196847,1007769,1774102,1976240,2763308,936441,1648525,1860006,2567712,806215,1108547,1419281,1951512,1580992,2173865,2210646,3039639
DE,99.98,3083352,1316205,2416646,2754607,3878399,1223046,2245588,2592592,3603874,1052965,1447826,1933316,2658311,2203686,3030069,3102720,4266240
DE,99.99,4014759,1617138,3073398,3569168,5049971,1502680,2855853,3359243,4692518,1293711,1778852,2458719,3380738,2855334,3926085,4039976,5554968
DE,99.991,4319930,1711837,3286246,3834603,5433831,1590675,3053635,3609066,5049207,1369469,1883021,2628997,3614870,3067683,4218064,4347065,5977214
DE,99.992,4660860,1811288,3518664,4130663,5862670,1683087,3269602,3887714,5447692,1449030,1992417,2814932,3870531,3304531,4543730,4690137,6448938
DE,99.993,5046339,1914873,3773842,4464865,6347545,1779341,3506717,4202258,5898246,1531898,2106360,3019073,4151226,3571892,4911351,5078036,6982299
DE,99.994,5588502,2055322,4127376,4935620,7029505,1909849,3835228,4645325,6531936,1644258,2260853,3301901,4540113,3948496,5429181,5623604,7732456
DE,99.995,6278810,2213519,4559167,5534494,7897809,2056849,4236456,5208976,7338778,1770815,2434871,3647334,5015083,4427595,6087944,6318247,8687590
DE,99.996,7293923,2414268,5164930,6415364,9174673,2243389,4799340,6038037,8525260,1931414,2655695,4131944,5681422,5132291,7056900,7339738,10092140
DE,99.997,8823833,2780554,6136717,7741977,11099071,2583750,5702341,7286624,10313444,2224443,3058609,4909373,6750388,6193582,8516176,8879256,12208978
DE,99.998,12138433,3546705,8215663,10617921,15268345,3295674,7634132,9993415,14187604,2837365,3901375,6572531,9037230,8494337,11679713,12214676,16795179
DE,99.999,36060795,5403220,19918123,31325358,45359126,5020788,18508255,29482921,42148463,4322576,5943542,15934499,21909935,25060287,34457895,36287301,49895038
PE,0,889,6782,4881,-49613,1116,5818,4187,-35708,958,5426,7461,3905,5369,-39690,-54573,893,1227
PE,1,889,7141,5088,-1387,1116,6126,4365,-998,958,5714,7856,4070,5597,-1109,-1526,893,1227
PE,2,889,7551,5331,191,1116,6477,4573,138,958,6041,8306,4265,5864,153,211,893,1227
PE,3,889,7827,5520,863,1116,6714,4735,621,958,6261,8610,4417,6073,690,950,893,1227
PE,4,889,7863,5708,1406,1116,6745,4896,1012,958,6290,8649,4566,6279,1124,1546,893,1227
PE,5,889,8208,5729,2528,1116,7041,4915,1819,958,6566,9028,4583,6302,2022,2780,893,1227
PE,6,889,8451,6038,3425,1116,7249,5180,2465,958,6760,9295,4830,6641,2740,3768,893,1227
PE,7,889,8532,6466,3803,1116,7319,5547,2738,958,6825,9386,5173,7112,3042,4183,893,1227
PE,8,889,8569,6553,4236,1116,7351,5621,3049,958,6855,9426,5242,7209,3388,4660,893,1227
PE,9,889,8699,6597,4711,1116,7462,5659,3391,958,6960,9569,5278,7257,3768,5182,893,1227
PE,10,889,8700,6676,4887,1116,7463,5726,3517,958,6960,9570,5341,7344,3909,5375,893,1227
PE,11,889,8704,6806,4905,1116,7466,5838,3531,958,6963,9573,5445,7487,3924,5396,893,1227
PE,12,889,8706,6823,4912,1116,7468,5853,3535,958,6964,9577,5459,7505,3930,5403,893,1227
PE,13,889,8720,6825,4990,1116,7480,5855,3591,958,6976,9592,5460,7507,3992,5489,893,1227
PE,14,894,8728,6843,5034,1122,7488,5870,3623,962,6983,9601,5474,7527,4028,5538,897,1234
PE,15,1103,8758,6845,5050,1385,7513,5871,3635,1188,7006,9635,5476,7529,4040,5555,1108,1524
PE,16,1318,8760,6861,5056,1655,7514,5886,3640,1420,7008,9637,5489,7548,4045,5562,1324,1820
PE,17,1341,8764,7038,5173,1684,7518,6038,3723,1444,7011,9640,5630,7742,4139,5690,1347,1852
PE,18,1461,8786,7217,5176,1834,7536,6191,3725,1574,7029,9665,5774,7938,4141,5694,1467,2017
PE,19,1477,8797,7229,5213,1854,7546,6202,3752,1591,7038,9676,5783,7952,4171,5734,1483,2039
PE,20,1582,8801,7335,5232,1986,7549,6293,3766,1703,7041,9681,5868,8068,4185,5755,1589,2185
PE,21,1644,8841,7495,5321,2064,7585,6429,3831,1771,7073,9726,5996,8244,4257,5853,1651,2270
PE,22,1716,8846,7608,5344,2155,7588,6527,3847,1848,7077,9731,6086,8369,4275,5878,1724,2370
PE,23,1783,8850,7689,5393,2238,7591,6596,3882,1920,7080,9734,6151,8458,4315,5932,1790,2462
PE,24,1845,8867,7727,5404,2317,7606,6628,3890,1988,7094,9753,6181,8500,4324,5945,1854,2549
PE,25,1964,8875,7872,5419,2464,7614,6754,3901,2115,7100,9763,6297,8660,4336,5961,1971,2711
PE,26,2072,8898,7979,5455,2602,7632,6845,3927,2233,7118,9787,6383,8777,4365,6001,2082,2863
PE,27,2166,8898,8100,5473,2719,7634,6948,3940,2333,7118,9789,6480,8911,4378,6020,2175,2991
PE,28,2270,8904,8204,5491,2850,7638,7038,3952,2445,7123,9794,6564,9026,4393,6040,2280,3135
PE,29,2367,8913,8369,5514,2970,7646,7180,3968,2549,7131,9805,6696,9206,4412,6066,2376,3268
PE,30,2457,8916,8531,5536,3084,7649,7319,3985,2646,7132,9807,6825,9385,4429,6090,2467,3392
PE,31,2557,8917,8616,5555,3210,7649,7390,3999,2754,7133,9808,6892,9477,4444,6111,2568,3531
PE,32,2656,8954,8636,5628,3334,7681,7409,4051,2860,7163,9849,6909,9500,4502,6191,2667,3667
PE,33,2755,8975,8702,5678,3459,7698,7466,4087,2967,7180,9872,6962,9572,4542,6245,2768,3805
PE,34,2850,8982,8707,5721,3578,7704,7469,4118,3070,7185,9879,6965,9578,4576,6293,2863,3936
PE,35,2964,9028,8721,5781,3722,7744,7481,4161,3193,7223,9931,6977,9593,4625,6359,2977,4094
PE,36,3075,9043,8722,5811,3861,7758,7482,4183,3312,7234,9947,6978,9594,4648,6392,3088,4246
PE,37,3157,9054,8745,5857,3964,7767,7503,4216,3400,7243,9960,6997,9620,4685,6443,3171,4360
PE,38,3247,9056,8861,5890,4076,7768,7601,4238,3497,7245,9961,7089,9747,4712,6479,3261,4484
PE,39,3267,9075,8986,5982,4102,7784,7709,4305,3518,7261,9982,7189,9885,4786,6581,3282,4512
PE,40,3341,9098,9149,6039,4194,7804,7848,4346,3598,7279,10008,7320,10064,4831,6643,3356,4614
PE,41,3383,9175,9310,6156,4248,7871,7987,4431,3643,7339,10093,7448,10241,4925,6772,3398,4673
PE,42,3428,9196,9416,6212,4304,7888,8077,4471,3693,7357,10115,7533,10357,4969,6832,3444,4735
PE,43,3526,9210,9555,6242,4427,7900,8196,4492,3797,7367,10130,7644,10510,4993,6866,3541,4869
PE,44,3621,9280,9668,6327,4545,7961,8294,4553,3899,7424,10209,7734,10635,5062,6960,3636,5000
PE,45,3728,9331,9768,6384,4681,8004,8379,4595,4015,7465,10263,7814,10744,5107,7022,3745,5149
PE,46,3834,9393,9933,6451,4813,8057,8522,4644,4129,7514,10332,7946,10927,5161,7096,3850,5294
PE,47,3920,9427,10016,6507,4920,8088,8591,4683,4221,7542,10370,8012,11017,5205,7158,3936,5413
PE,48,4017,9454,10055,6550,5043,8110,8625,4714,4326,7563,10400,8044,11060,5240,7205,4035,5547
PE,49,4098,9550,10211,6649,5146,8192,8759,4786,4414,7641,10504,8169,11233,5320,7314,4117,5660
PE,50,4178,9647,10357,6757,5245,8275,8885,4864,4499,7718,10612,8286,11392,5406,7433,4195,5769
PE,51,4288,9682,10500,6802,5382,8305,9007,4896,4617,7746,10650,8400,11550,5441,7482,4305,5921
PE,52,4379,9701,10628,6842,5497,8321,9117,4924,4715,7761,10671,8502,11691,5473,7526,4398,6047
PE,53,4485,9710,10745,6864,5630,8328,9218,4940,4830,7768,10680,8596,11820,5491,7550,4505,6193
PE,54,4589,9755,10807,6925,5762,8368,9270,4984,4942,7804,10731,8646,11887,5540,7617,4610,6339
PE,55,4687,9831,10926,7007,5885,8434,9373,5043,5049,7865,10815,8741,12018,5606,7708,4708,6473
PE,56,4784,9904,11172,7094,6005,8495,9584,5106,5152,7923,10895,8938,12290,5675,7804,4805,6606
PE,57,4875,10003,11197,7205,6120,8581,9606,5186,5249,8002,11003,8957,12317,5765,7925,4896,6733
PE,58,4990,10078,11357,7283,6265,8646,9742,5241,5374,8062,11086,9086,12493,5826,8011,5012,6891
PE,59,5136,10216,11469,7404,6449,8764,9838,5329,5532,8173,11237,9175,12615,5923,8144,5159,7094
PE,60,5185,10312,11501,7526,6509,8846,9866,5417,5584,8250,11344,9202,12651,6020,8279,5208,7160
PE,61,5295,10397,11681,7620,6648,8919,10020,5484,5703,8317,11436,9345,12849,6096,8382,5319,7313
PE,62,5401,10490,11856,7724,6781,8999,10170,5560,5817,8392,11540,9484,13041,6179,8496,5425,7460
PE,63,5522,10598,12072,7837,6932,9090,10356,5641,5946,8479,11658,9658,13280,6269,8621,5546,7625
PE,64,5641,10738,12266,7978,7082,9211,10522,5743,6076,8590,11812,9813,13492,6382,8775,5666,7791
PE,65,5782,10747,12506,8002,7260,9219,10728,5760,6228,8598,11822,10005,13757,6401,8802,5807,7986
PE,66,5915,10921,12731,8177,7426,9368,10921,5885,6370,8737,12014,10185,14004,6542,8994,5941,8169
PE,67,6063,11130,12938,8365,7612,9548,11098,6022,6530,8904,12242,10350,14232,6692,9202,6089,8372
PE,68,6212,11294,13148,8529,7798,9688,11279,6139,6690,9035,12423,10518,14462,6823,9382,6238,8577
PE,69,6350,11486,13353,8716,7973,9853,11455,6274,6839,9189,12635,10683,14688,6974,9588,6378,8771
PE,70,6491,11529,13385,8772,8149,9889,11483,6313,6990,9224,12681,10708,14724,7018,9649,6520,8964
PE,71,6645,11695,13667,8935,8342,10032,11724,6430,7156,9356,12864,10934,15033,7148,9829,6674,9176
PE,72,6820,11910,13984,9134,8561,10217,11996,6575,7344,9528,13102,11188,15383,7307,10048,6848,9417
PE,73,7013,12166,14342,9368,8804,10437,12303,6743,7553,9733,13383,11474,15777,7495,10305,7043,9684
PE,74,7228,12431,14635,9605,9074,10663,12554,6913,7784,9945,13674,11707,16099,7683,10565,7260,9982
PE,75,7407,12674,14987,9828,9300,10873,12856,7073,7978,10140,13941,11990,16485,7863,10811,7440,10230
PE,76,7624,12903,15361,10038,9571,11068,13177,7225,8210,10322,14193,12289,16898,8030,11042,7657,10529
PE,77,7850,13215,15764,10319,9856,11336,13523,7427,8455,10573,14536,12611,17340,8255,11351,7885,10841
PE,78,8097,13330,16242,10433,10165,11435,13933,7509,8720,10664,14664,12994,17867,8346,11476,8132,11182
PE,79,8388,13580,16759,10663,10531,11650,14376,7675,9034,10864,14938,13407,18434,8530,11729,8425,11584
PE,80,8703,14116,17218,11148,10927,12109,14770,8024,9373,11293,15528,13775,18940,8919,12263,8742,12020
PE,81,8986,14666,17670,11644,11281,12581,15157,8381,9677,11733,16133,14136,19437,9315,12808,9026,12409
PE,82,9266,15297,18258,12216,11632,13123,15663,8793,9979,12238,16827,14607,20085,9772,13438,9306,12796
PE,83,9623,15488,18940,12395,12082,13286,16248,8921,10364,12391,17037,15153,20835,9916,13634,9665,13289
PE,84,10033,16011,19849,12867,12596,13734,17027,9261,10805,12809,17612,15880,21834,10294,14153,10077,13856
PE,85,10564,16806,20824,13560,13263,14416,17865,9761,11376,13444,18486,16659,22907,10848,14916,10610,14589
PE,86,11139,16844,21950,13597,13985,14450,18830,9787,11997,13476,18529,17560,24144,10878,14957,11189,15384
PE,87,11802,17896,23225,14523,14817,15352,19922,10453,12710,14316,19686,18580,25548,11618,15975,11853,16299
PE,88,12552,18139,24700,14740,15758,15560,21188,10609,13517,14511,19954,19760,27170,11792,16214,12606,17334
PE,89,13417,19599,26884,16020,16844,16812,23063,11530,14450,15679,21559,21508,29573,12816,17621,13476,18529
PE,90,14676,21076,29366,17293,18425,18079,25191,12446,15806,16861,23183,23493,32303,13834,19021,14740,20267
PE,91,16108,21414,32494,17564,20223,18368,27874,12641,17348,17132,23555,25995,35743,14051,19320,16179,22245
PE,92,17918,23444,36139,19317,22497,20111,31001,13903,19298,18755,25789,28911,39753,15454,21248,17998,24747
PE,93,20047,26190,40960,21717,25169,22465,35137,15631,21591,20952,28809,32768,45056,17374,23889,20135,27687
PE,94,22846,31020,49374,25923,28682,26609,42354,18659,24604,24816,34121,39500,54312,20739,28516,22945,31550
PE,95,27705,36891,59810,30994,34782,31645,51307,22308,29837,29513,40580,47848,65791,24795,34094,27826,38261
PE,96,33765,46449,78029,39314,42390,39844,66935,28297,36364,37159,51094,62424,85832,31452,43246,33912,46630
PE,97,44459,66119,87428,56590,55816,56718,74998,40731,47881,52896,72731,69943,96171,45271,62249,44653,61398
PE,98,66352,147713,115403,128182,83301,126709,98996,92260,71458,118170,162485,92322,126943,102546,141000,66641,91631
PE,99,103393,100678,179064,86543,129805,86362,153606,62289,111351,80543,110746,143251,196970,69234,95196,103843,142785
PE,99.1,113684,110810,196868,95266,142725,95054,168881,68568,122434,88648,121891,157495,216556,76213,104793,114180,156997
PE,99.2,121047,117331,209417,100991,151969,100647,179644,72689,130363,93865,129064,167534,230358,80793,111090,121575,167166
PE,99.3,132511,120420,220191,109372,166362,103297,188886,78721,142710,96336,132462,176153,242210,87497,120309,133090,182998
PE,99.4,149145,130114,241205,122624,187244,111612,206914,88260,160624,104091,143124,192964,265325,98100,134886,149795,205968
PE,99.5,167755,136643,259428,137085,210608,117214,222545,98667,180667,109314,150307,207542,285370,109668,150794,168487,231669
PE,99.6,201863,156303,303164,163656,253429,134078,260063,117791,217400,125043,171933,242531,333481,130924,180022,202743,278772
PE,99.7,254931,188229,372995,205015,320055,161463,319967,147560,274553,150583,207052,298396,410294,164012,225516,256044,352060
PE,99.8,358781,248055,508401,284432,450433,212783,436122,204721,386396,198443,272860,406720,559241,227546,312875,360347,495476
PE,99.9,430119,284295,595106,338802,539995,243870,510501,243855,463224,227435,312724,476085,654618,271041,372682,431995,593994
PE,99.91,509652,333461,701479,400837,639845,286046,601751,288504,548879,266769,366807,561183,771626,320669,440920,511876,703830
PE,99.92,659307,422713,897944,517086,827730,362606,770285,372175,710053,338170,464983,718356,987739,413669,568794,662184,910503
PE,99.93,672880,424117,908226,526631,844770,363810,779105,379045,724670,339294,466529,726581,999049,421304,579294,675816,929246
PE,99.94,693734,429911,929748,540783,870951,368781,797567,389231,747130,343929,472902,743798,1022723,432626,594861,696761,958046
PE,99.95,714332,434623,949749,554688,896811,372823,814725,399240,769313,347698,478085,759800,1044724,443751,610157,717449,986491
PE,99.96,711254,427296,940172,551057,892947,366538,806509,396626,765998,341837,470025,752138,1034190,440846,606163,714358,982243
PE,99.97,799430,464929,1040339,616505,1003647,398818,892436,443733,860961,371943,511422,832271,1144373,493204,678155,802918,1104012
PE,99.98,1457535,785775,1824288,1116561,1829867,674043,1564932,803651,1569718,628620,864353,1459430,2006717,893249,1228218,1463893,2012853
PE,99.99,2145028,1101719,2618372,1638150,2692984,945061,2246123,1179068,2310127,881375,1211891,2094698,2880210,1310521,1801966,2154387,2962282
PE,99.991,2230648,1141313,2717567,1703132,2800475,979026,2331215,1225839,2402337,913050,1255444,2174054,2989324,1362506,1873445,2240380,3080522
PE,99.992,2232544,1120211,2692897,1702651,2802856,960925,2310053,1225493,2404379,896169,1232232,2154318,2962186,1362122,1872917,2242285,3083141
PE,99.993,2234998,1104917,2675352,1703276,2805937,947806,2295002,1225942,2407022,883934,1215409,2140281,2942887,1362621,1873604,2244750,3086531
PE,99.994,2239552,1087579,2656231,1705442,2811653,932932,2278599,1227501,2411926,870063,1196336,2124985,2921854,1364354,1875987,2249323,3092819
PE,99.995,2243074,1057673,2620269,1706327,2816076,907279,2247750,1228139,2415718,846138,1163441,2096216,2882296,1365062,1876960,2252861,3097684
PE,99.996,2246410,977128,2517972,1705452,2820263,838188,2159997,1227509,2419311,781702,1074841,2014377,2769769,1364361,1875997,2256211,3102289
PE,99.997,2248237,949541,2483834,1705326,2822558,814522,2130712,1227419,2421280,759633,1044495,1987067,2732217,1364262,1875859,2258046,3104814
PE,99.998,2258713,842551,2350145,1709407,2835710,722746,2016029,1230355,2432562,674041,926806,1880116,2585159,1367526,1880348,2268568,3119281
PE,99.999,2234809,365946,1700912,1684530,2805699,313911,1459097,1212449,2406818,292756,402541,1360730,1871004,1347623,1852983,2244559,3086269
JP,0,4965,14631,8252,12395,6454,12823,7232,10852,5656,11705,16095,6602,9078,9916,13634,5162,7099
JP,1,4965,14741,8393,12677,6454,12920,7356,11098,5656,11793,16216,6714,9233,10142,13945,5162,7099
JP,2,4965,15058,8419,13171,6454,13197,7378,11531,5656,12046,16563,6735,9261,10537,14488,5162,7099
JP,3,4965,15403,8537,13691,6454,13498,7482,11987,5656,12322,16943,6830,9390,10952,15060,5162,7099
JP,4,4965,15471,8687,13917,6454,13558,7614,12183,5656,12377,17018,6950,9556,11133,15309,5162,7099
JP,5,5149,15484,8840,13998,6693,13570,7747,12255,5865,12387,17032,7072,9724,11198,15398,5355,7363
JP,6,5535,15584,8907,14092,7195,13658,7806,12337,6305,12467,17143,7126,9798,11273,15501,5755,7914
JP,7,5937,15611,9411,14115,7717,13681,8247,12358,6763,12489,17172,7529,10353,11292,15527,6173,8488
JP,8,6348,15860,9922,14379,8252,13900,8695,12589,7232,12688,17447,7937,10914,11504,15817,6602,9078
JP,9,6511,15956,10039,14571,8464,13984,8799,12758,7417,12765,17552,8031,11043,11657,16028,6771,9310
JP,10,6766,16080,10300,14762,8795,14092,9028,12925,7708,12864,17689,8240,11330,11809,16239,7036,9674
JP,11,6939,16414,10459,15173,9019,14385,9166,13285,7903,13131,18056,8368,11505,12138,16690,7214,9921
JP,12,7369,16776,11006,15539,9579,14702,9645,13604,8394,13421,18453,8804,12106,12431,17093,7664,10537
JP,13,7802,16859,11551,15619,10142,14775,10123,13674,8888,13487,18546,9241,12706,12495,17181,8113,11156
JP,14,8237,17038,12098,15800,10706,14931,10602,13832,9382,13630,18741,9679,13308,12640,17379,8565,11777
JP,15,8673,17123,12642,15887,11274,15007,11079,13909,9880,13699,18836,10114,13907,12709,17476,9020,12402
JP,16,8895,17196,12882,16004,11563,15070,11289,14011,10133,13757,18916,10305,14169,12803,17604,9250,12720
JP,17,9021,17294,12982,16165,11726,15156,11377,14152,10276,13835,19023,10386,14281,12931,17781,9381,12899
JP,18,9175,17310,13130,16232,11926,15170,11506,14211,10452,13847,19041,10503,14443,12986,17855,9541,13119
JP,19,9476,17327,13451,16271,12317,15185,11789,14245,10794,13861,19060,10761,14797,13017,17898,9853,13549
JP,20,9503,17335,13484,16352,12352,15192,11817,14316,10825,13868,19069,10787,14832,13082,17987,9882,13588
JP,21,9895,17398,13942,16414,12863,15246,12218,14370,11273,13918,19137,11154,15337,13131,18055,10290,14150
JP,22,10038,17436,14083,16495,13048,15281,12342,14442,11435,13949,19180,11266,15491,13196,18144,10438,14354
JP,23,10233,17456,14297,16546,13302,15297,12530,14486,11658,13964,19201,11438,15727,13236,18200,10642,14633
JP,24,10304,17480,14341,16620,13394,15319,12568,14550,11738,13984,19228,11472,15774,13296,18281,10715,14733
JP,25,10741,17784,14894,16927,13962,15584,13053,14819,12237,14227,19562,11916,16384,13542,18620,11170,15359
JP,26,11053,18036,15272,17202,14369,15807,13383,15061,12592,14429,19840,12217,16799,13762,18923,11494,15806
JP,27,11455,18435,15774,17618,14891,16157,13824,15425,13050,14748,20279,12620,17352,14094,19379,11912,16380
JP,28,11761,18678,16143,17884,15288,16368,14146,15657,13398,14942,20545,12914,17757,14307,19672,12231,16817
JP,29,12200,19130,16693,18352,15858,16766,14629,16067,13898,15304,21043,13354,18363,14681,20188,12686,17443
JP,30,12351,19135,16851,18390,16055,16769,14768,16100,14070,15308,21048,13482,18536,14713,20229,12843,17660
JP,31,12597,19299,17141,18579,16374,16913,15022,16265,14350,15440,21229,13713,18855,14863,20437,13099,18012
JP,32,13131,19904,17822,19193,17069,17443,15619,16803,14959,15923,21894,14257,19604,15354,21112,13655,18776
JP,33,13450,20179,18210,19490,17482,17685,15959,17063,15322,16144,22198,14568,20031,15593,21439,13986,19231
JP,34,13800,20506,18642,19836,17938,17971,16337,17365,15720,16404,22557,14913,20506,15868,21819,14350,19731
JP,35,14176,20873,19109,20220,18426,18292,16747,17702,16148,16698,22960,15288,21020,16176,22242,14741,20269
JP,36,14465,21099,19456,20470,18801,18490,17051,17921,16477,16879,23209,15565,21401,16377,22517,15041,20682
JP,37,14613,21127,19614,20527,18995,18515,17189,17971,16646,16901,23239,15691,21576,16422,22580,15195,20894
JP,38,15236,21690,20412,21091,19804,19009,17889,18464,17356,17352,23858,16330,22454,16872,23200,15844,21784
JP,39,15280,21735,20433,21174,19861,19047,17907,18537,17406,17388,23907,16346,22477,16939,23292,15889,21847
JP,40,15400,21743,20560,21209,20017,19055,18019,18568,17543,17394,23916,16448,22616,16967,23329,16014,22020
JP,41,15468,21845,20617,21346,20107,19144,18068,18687,17620,17476,24029,16494,22678,17076,23480,16085,22117
JP,42,15740,21929,20948,21441,20460,19218,18359,18771,17931,17544,24121,16759,23043,17152,23584,16367,22506
JP,43,16171,22394,21490,21920,21019,19626,18834,19191,18420,17914,24633,17192,23640,17536,24112,16815,23121
JP,44,16357,22524,21709,22070,21261,19739,19026,19323,18632,18020,24777,17368,23880,17656,24278,17009,23387
JP,45,16652,22810,22073,22375,21647,19991,19345,19589,18970,18248,25092,17658,24280,17900,24612,17317,23811
JP,46,17009,23226,22526,22799,22110,20354,19742,19961,19377,18581,25548,18021,24778,18239,25079,17687,24320
JP,47,17324,23586,22923,23169,22519,20670,20089,20285,19735,18869,25945,18338,25214,18535,25487,18015,24771
JP,48,17543,23823,23194,23418,22802,20878,20327,20503,19984,19059,26205,18555,25513,18734,25760,18242,25082
JP,49,17724,24012,23416,23622,23039,21044,20521,20681,20191,19210,26414,18733,25758,18898,25985,18431,25342
JP,50,17864,24154,23584,23775,23220,21167,20669,20815,20350,19323,26569,18867,25943,19020,26152,18577,25542
JP,51,18131,24475,23921,24106,23569,21449,20965,21105,20655,19580,26921,19137,26313,19285,26517,18855,25925
JP,52,18349,24733,24193,24375,23850,21676,21203,21340,20902,19786,27206,19355,26612,19500,26813,19081,26236
JP,53,18589,25029,24497,24681,24162,21935,21468,21607,21175,20023,27533,19597,26946,19744,27148,19329,26579
JP,54,18826,25328,24794,24986,24471,22197,21730,21876,21445,20263,27861,19836,27273,19990,27485,19577,26918
JP,55,19064,25635,25098,25302,24781,22465,21995,22152,21718,20508,28198,20078,27607,20242,27833,19825,27260
JP,56,19421,26100,25555,25774,25243,22873,22396,22565,22124,20880,28709,20443,28111,20620,28352,20195,27768
JP,57,19532,26242,25689,25927,25388,22998,22513,22698,22250,20994,28866,20551,28258,20741,28519,20310,27927
JP,58,19578,26304,25739,26000,25448,23052,22557,22762,22302,21043,28935,20592,28313,20800,28599,20359,27994
JP,59,19682,26454,25866,26157,25584,23183,22669,22901,22421,21163,29098,20694,28453,20925,28773,20467,28142
JP,60,19909,26774,26157,26486,25879,23465,22924,23188,22681,21420,29453,20925,28773,21189,29134,20703,28467
JP,61,19939,26841,26190,26560,25919,23523,22952,23253,22714,21473,29525,20952,28809,21248,29217,20735,28510
JP,62,19990,26943,26249,26671,25983,23613,23004,23350,22772,21555,29638,20999,28874,21337,29338,20786,28582
JP,63,20111,27150,26404,26883,26142,23794,23139,23537,22910,21720,29864,21123,29044,21507,29572,20914,28757
JP,64,20261,27429,26598,27165,26337,24038,23311,23782,23081,21943,30171,21278,29258,21731,29881,21069,28970
JP,65,20303,27569,26653,27310,26391,24161,23358,23909,23129,22055,30326,21322,29318,21848,30041,21113,29030
JP,66,20456,27857,26854,27601,26590,24413,23534,24164,23303,22286,30643,21483,29540,22081,30362,21273,29249
JP,67,20501,27995,26910,27745,26648,24535,23584,24289,23355,22396,30795,21527,29601,22196,30519,21319,29313
JP,68,20512,28090,26921,27844,26662,24617,23593,24377,23366,22472,30898,21537,29614,22275,30629,21329,29328
JP,69,20577,28258,27005,28017,26748,24764,23666,24529,23440,22607,31083,21604,29705,22413,30818,21398,29423
JP,70,20619,28401,27058,28167,26802,24890,23713,24660,23488,22721,31242,21647,29764,22534,30984,21442,29483
JP,71,20649,28529,27095,28301,26841,25001,23746,24777,23524,22823,31381,21676,29805,22640,31131,21473,29526
JP,72,20673,28650,27123,28429,26872,25109,23770,24889,23549,22920,31515,21699,29835,22743,31272,21497,29559
JP,73,20695,28783,27151,28568,26901,25226,23795,25011,23575,23027,31662,21721,29866,22854,31425,21520,29591
JP,74,20699,28881,27153,28672,26906,25309,23797,25102,23579,23105,31769,21722,29869,22938,31540,21525,29598
JP,75,20703,28994,27156,28794,26910,25410,23799,25209,23584,23195,31894,21725,29872,23035,31674,21527,29601
JP,76,20720,29127,27176,28934,26933,25526,23817,25331,23604,23301,32040,21740,29894,23147,31828,21546,29626
JP,77,20721,29251,27176,29066,26934,25636,23817,25446,23604,23401,32178,21740,29894,23253,31973,21547,29628
JP,78,20801,29497,27282,29316,27038,25850,23909,25666,23695,23598,32446,21825,30010,23453,32248,21630,29742
JP,79,20832,29672,27321,29500,27079,26004,23943,25827,23731,23737,32640,21856,30053,23600,32451,21663,29786
JP,80,21370,30585,28024,30416,27777,26804,24560,26628,24344,24469,33644,22419,30826,24333,33458,22222,30555
JP,81,21406,30793,28072,30632,27826,26985,24602,26817,24385,24634,33872,22458,30879,24506,33695,22260,30608
JP,82,21547,31080,28246,30934,28009,27238,24755,27082,24546,24864,34188,22597,31071,24747,34027,22407,30810
JP,83,21873,31581,28655,31453,28431,27678,25113,27536,24917,25265,34739,22924,31521,25162,34598,22746,31274
JP,84,22305,32179,29197,32073,28994,28200,25587,28079,25410,25743,35396,23357,32116,25659,35281,23195,31894
JP,85,22862,32874,29891,32799,29717,28809,26195,28715,26044,26298,36160,23913,32879,26239,36079,23774,32688
JP,86,23664,33823,30892,33790,30760,29642,27073,29581,26957,27058,37206,24714,33982,27031,37169,24608,33836
JP,87,24977,35347,32541,35366,32466,30978,28518,30963,28453,28277,38881,26033,35795,28292,38902,25973,35713
JP,88,26665,37187,34653,37276,34659,32590,30369,32635,30376,29749,40907,27723,38119,29821,41004,27727,38125
JP,89,29004,39651,37577,39835,37700,34750,32933,34876,33040,31721,43616,30062,41335,31868,43819,30160,41471
JP,90,32691,43564,42206,43884,42493,38178,36989,38420,37240,34851,47921,33765,46427,35107,48273,33995,46742
JP,91,37135,48032,47760,48529,48269,42095,41856,42486,42302,38425,52835,38207,52535,38823,53382,38615,53096
JP,92,43142,53934,55260,54670,56079,47266,48429,47863,49146,43147,59327,44208,60786,43736,60137,44864,61687
JP,93,51344,61862,65496,62926,66740,54214,57400,55091,58490,49490,68049,52396,72046,50341,69219,53391,73413
JP,94,62612,72616,79552,74130,81386,63640,69718,64901,71325,58093,79878,63642,87507,59304,81542,65109,89524
JP,95,79014,88252,100020,90412,102705,77342,87655,79153,90010,70601,97077,80016,110021,72329,99452,82164,112975
JP,96,100645,104853,123334,111700,130823,91890,108087,97793,114651,83883,115338,98667,135668,89360,122871,104659,143905
JP,97,131600,119002,147657,142008,171061,104290,129403,124326,149915,95201,130902,118125,162422,113606,156208,136849,188167
JP,98,186317,151880,198206,195540,242184,133104,173705,171193,212246,121504,167067,158565,218026,156432,215094,193746,266402
JP,99,252611,196680,264199,260405,328357,172365,231539,227981,287766,157343,216347,211359,290618,208323,286445,262685,361192
JP,99.1,268927,206927,279974,276063,349565,181346,245365,241689,306352,165542,227619,223980,307971,220851,303669,279652,384521
JP,99.2,289976,220267,300321,296397,376926,193038,263197,259491,330331,176214,242294,240257,330353,237117,326036,301541,414618
JP,99.3,312710,234277,321982,318284,406476,205315,282179,278654,356229,187421,257704,257585,354180,254628,350112,325180,447123
JP,99.4,338910,250000,346592,343455,440531,219095,303747,300690,386074,2e+05,275000,277274,381251,274764,377800,352425,484584
JP,99.5,369388,267875,374796,372763,480149,234760,328465,326349,420794,214300,294662,299837,412277,298210,410039,384118,528163
JP,99.6,402929,286374,404880,404833,523746,250972,354830,354425,459002,229099,315012,323904,445369,323866,445316,418998,576121
JP,99.7,455562,315479,451857,455495,592163,276479,396000,398779,518960,252383,347027,361486,497043,364395,501044,473730,651379
JP,99.8,541627,362669,528036,538610,704035,317834,462761,471546,617003,290134,398935,422429,580840,430888,592471,563228,774438
JP,99.9,609360,403268,591386,603925,792077,353415,518281,528727,694161,322614,443595,473109,650524,483140,664317,633661,871285
JP,99.91,628002,414221,609037,621435,816308,363015,533749,544058,715398,331377,455644,487230,669940,497148,683578,653046,897938
JP,99.92,627185,412567,607870,619869,815246,361565,532727,542687,714468,330053,453824,486296,668657,495895,681856,652197,896771
JP,99.93,658253,430883,637268,649136,855631,377617,558491,568309,749860,344707,473972,509814,700995,519309,714049,684505,941194
JP,99.94,695944,453076,672885,684665,904623,397065,589704,599414,792796,362460,498383,538308,740174,547731,753131,723698,995085
JP,99.95,712131,461334,687685,699135,925664,404303,602675,612084,811236,369068,507467,550148,756453,559308,769049,740530,1018230
JP,99.96,750458,482810,723395,734677,975485,423124,633970,643200,854898,386248,531091,578716,795735,587742,808144,780388,1073033
JP,99.97,796198,497846,761402,771051,1034938,436302,667281,675044,907002,398277,547632,609122,837543,616841,848156,827951,1138431
JP,99.98,855290,488251,791553,808405,1111749,427892,693704,707747,974317,390601,537076,633243,870709,646724,889245,889399,1222923
JP,99.99,895703,470721,800980,834723,1164280,412530,701964,730788,1020355,376577,517793,640784,881078,667778,918196,931425,1280709
JP,99.991,912874,470178,809635,848042,1186601,412054,709549,742449,1039916,376142,517196,647708,890598,678433,932847,949281,1305261
JP,99.992,924080,472667,817180,857632,1201167,414234,716162,750845,1052681,378134,519933,653745,898898,686105,943395,960933,1321283
JP,99.993,931097,456355,808342,859779,1210287,399939,708416,752724,1060675,365084,501990,646674,889177,687822,945756,968230,1331316
JP,99.994,944889,447229,807628,869772,1228214,391942,707790,761473,1076385,357783,491952,646102,888391,695817,956749,982572,1351036
JP,99.995,958669,432245,801548,879484,1246126,378810,702463,769977,1092083,345796,475469,641238,881703,703588,967433,996901,1370738
JP,99.996,976104,418686,798507,892340,1268790,366928,699799,781231,1111945,334949,460555,638806,878358,713872,981573,1015032,1395669
JP,99.997,993048,411346,800408,905628,1290814,360494,701463,792864,1131247,329076,452479,640326,880448,724502,996191,1032651,1419895
JP,99.998,1026988,364640,774702,931041,1334930,319562,678935,815114,1169910,291712,401103,619762,852173,744834,1024145,1067945,1468423
JP,99.999,1072162,205191,648869,963295,1393651,179825,568658,843351,1221370,164152,225711,519096,713756,770636,1059625,1114920,1533016
AU,0,6791,15751,9733,13858,7652,13678,8453,11769,6646,12435,17408,7684,10757,10940,15317,6041,8458
AU,1,6791,15817,9754,13948,7652,13736,8472,11845,6646,12488,17481,7701,10780,11011,15415,6041,8458
AU,2,6791,15885,9777,14040,7652,13796,8492,11925,6646,12541,17557,7719,10807,11084,15518,6041,8458
AU,3,6791,15956,9802,14135,7652,13857,8512,12004,6646,12597,17636,7738,10833,11159,15623,6041,8458
AU,4,6791,16023,9823,14227,7652,13916,8531,12083,6646,12650,17711,7755,10857,11232,15724,6041,8458
AU,5,7049,16267,10078,14421,7942,14128,8752,12248,6897,12843,17980,7955,11138,11385,15940,6270,8779
AU,6,7593,16684,10686,14854,8554,14489,9280,12615,7429,13172,18440,8435,11810,11726,16417,6753,9454
AU,7,8160,17064,11318,15251,9194,14819,9829,12952,7984,13472,18861,8935,12510,12041,16857,7258,10161
AU,8,8741,17102,11960,15306,9848,14851,10387,12999,8552,13501,18901,9442,13219,12084,16917,7774,10884
AU,9,8995,17162,12155,15462,10134,14904,10556,13131,8801,13549,18969,9596,13434,12206,17089,8001,11201
AU,10,9330,17246,12462,15620,10511,14978,10824,13266,9128,13615,19061,9839,13774,12331,17264,8299,11618
AU,11,9591,17503,12695,15945,10806,15201,11025,13542,9385,13819,19346,10022,14032,12588,17624,8531,11944
AU,12,10188,17577,13375,16018,11478,15265,11616,13603,9967,13877,19428,10559,14783,12645,17704,9061,12686
AU,13,10784,18087,14054,16533,12150,15708,12205,14041,10552,14279,19991,11095,15533,13053,18274,9592,13429
AU,14,11381,18591,14731,17045,12822,16146,12793,14476,11135,14677,20549,11630,16282,13457,18840,10123,14172
AU,15,11977,19092,15409,17553,13495,16581,13382,14907,11720,15073,21102,12164,17031,13857,19400,10654,14915
AU,16,12375,19209,15842,17691,13942,16683,13759,15025,12108,15165,21232,12508,17510,13966,19553,11007,15410
AU,17,12589,19314,16041,17839,14183,16774,13931,15150,12318,15248,21347,12664,17729,14083,19717,11197,15676
AU,18,12744,19344,16168,17918,14358,16799,14041,15218,12470,15272,21380,12765,17870,14146,19804,11336,15870
AU,19,13153,19393,16603,17981,14818,16841,14419,15271,12869,15309,21434,13108,18351,14196,19874,11699,16378
AU,20,13162,19495,16619,18114,14828,16932,14433,15383,12878,15391,21548,13120,18368,14300,20020,11706,16389
AU,21,13584,19885,17103,18488,15303,17269,14853,15701,13290,15699,21978,13502,18903,14595,20433,12082,16914
AU,22,13715,20004,17246,18613,15452,17373,14978,15808,13420,15793,22109,13615,19061,14695,20572,12199,17078
AU,23,13898,20173,17450,18788,15658,17520,15155,15956,13599,15926,22296,13777,19288,14833,20765,12362,17307
AU,24,14317,20560,17933,19156,16130,17855,15573,16269,14008,16232,22724,14157,19821,15123,21173,12735,17829
AU,25,14329,20678,17950,19308,16145,17959,15590,16397,14020,16325,22855,14172,19839,15243,21340,12746,17844
AU,26,14725,20972,18393,19596,16591,18213,15974,16642,14408,16556,23179,14520,20328,15471,21658,13098,18338
AU,27,15156,21398,18889,20020,17075,18583,16404,17002,14829,16893,23650,14912,20878,15806,22128,13481,18873
AU,28,15552,21752,19340,20380,17521,18890,16795,17309,15217,17172,24042,15269,21376,16090,22525,13832,19365
AU,29,16003,22219,19863,20841,18030,19296,17251,17701,15658,17541,24558,15681,21954,16454,23035,14233,19928
AU,30,16169,22241,20025,20891,18216,19315,17391,17742,15820,17558,24582,15809,22133,16494,23090,14381,20134
AU,31,16612,22684,20536,21333,18717,19701,17834,18117,16255,17908,25072,16212,22698,16841,23578,14776,20687
AU,32,17178,23271,21195,21912,19353,20210,18406,18609,16808,18372,25721,16733,23426,17299,24218,15279,21390
AU,33,17757,23822,21861,22461,20005,20688,18985,19076,17374,18807,26329,17258,24162,17733,24826,15794,22111
AU,34,18234,24309,22413,22945,20543,21111,19464,19486,17841,19192,26867,17694,24772,18115,25360,16219,22706
AU,35,18783,24868,23050,23499,21161,21597,20017,19956,18378,19633,27486,18197,25476,18552,25972,16706,23390
AU,36,19278,25250,23601,23896,21719,21930,20497,20294,18863,19934,27909,18632,26085,18865,26411,17147,24005
AU,37,19739,25603,24115,24265,22240,22236,20943,20608,19314,20214,28299,19038,26653,19156,26819,17557,24580
AU,38,20361,26216,24835,24874,22940,22767,21568,21124,19923,20697,28975,19607,27449,19637,27492,18111,25355
AU,39,20574,26291,25051,24973,23179,22832,21756,21209,20130,20755,29058,19778,27689,19716,27602,18299,25619
AU,40,20780,26349,25260,25059,23412,22883,21937,21282,20332,20802,29122,19942,27918,19783,27697,18483,25876
AU,41,20977,26405,25459,25141,23632,22933,22109,21351,20525,20847,29185,20099,28138,19848,27787,18658,26120
AU,42,21532,26878,26087,25624,24259,23343,22656,21762,21068,21219,29707,20594,28832,20230,28321,19152,26813
AU,43,22157,27435,26797,26186,24963,23827,23273,22239,21679,21659,30323,21156,29618,20673,28943,19708,27591
AU,44,22618,27765,27307,26535,25482,24113,23715,22535,22129,21920,30688,21559,30182,20948,29328,20118,28165
AU,45,23276,28416,28066,27182,26225,24678,24375,23086,22775,22434,31407,22158,31021,21459,30044,20704,28984
AU,46,23929,29095,28827,27853,26959,25268,25035,23655,23414,22969,32157,22758,31861,21989,30785,21284,29798
AU,47,24627,29822,29637,28574,27745,25900,25738,24267,24096,23544,32962,23397,32756,22559,31582,21904,30666
AU,48,25321,30544,30443,29287,28529,26526,26439,24873,24776,24113,33758,24034,33648,23121,32370,22522,31531
AU,49,25966,31235,31194,29970,29254,27126,27091,25452,25406,24659,34522,24627,34477,23661,33125,23095,32333
AU,50,26289,31531,31556,30275,29617,27383,27404,25711,25721,24894,34850,24912,34877,23900,33462,23382,32734
AU,51,27078,32383,32476,31115,30506,28124,28204,26425,26494,25566,35792,25639,35895,24565,34391,24084,33718
AU,52,27824,33188,33346,31908,31348,28822,28959,27099,27224,26201,36681,26326,36856,25191,35267,24749,34648
AU,53,28525,33931,34159,32644,32136,29468,29665,27723,27910,26787,37502,26967,37754,25771,36080,25370,35519
AU,54,29157,34595,34891,33304,32849,30044,30302,28284,28529,27312,38237,27545,38563,26293,36810,25933,36306
AU,55,29819,35315,35661,34017,33596,30671,30971,28890,29176,27881,39033,28154,39415,26856,37598,26524,37133
AU,56,30491,36014,36437,34713,34352,31277,31644,29481,29833,28432,39805,28766,40273,27405,38367,27121,37968
AU,57,30932,36420,36933,35129,34849,31630,32075,29834,30265,28753,40254,29158,40821,27733,38827,27512,38517
AU,58,31303,36784,37352,35501,35267,31946,32439,30150,30628,29041,40657,29488,41283,28027,39237,27842,38979
AU,59,31680,37112,37773,35840,35692,32231,32805,30438,30997,29299,41019,29821,41749,28295,39613,28178,39449
AU,60,31773,37127,37854,35880,35798,32243,32874,30473,31089,29311,41035,29885,41839,28327,39658,28262,39566
AU,61,32042,37320,38144,36091,36099,32411,33126,30652,31350,29462,41248,30113,42159,28493,39891,28499,39898
AU,62,32232,37491,38349,36276,36314,32559,33305,30809,31538,29598,41437,30276,42386,28639,40094,28669,40137
AU,63,32532,37742,38678,36543,36652,32777,33591,31035,31831,29797,41715,30535,42749,28850,40390,28936,40510
AU,64,32911,38096,39102,36908,37078,33085,33958,31345,32201,30076,42107,30869,43218,29138,40793,29272,40981
AU,65,33178,38309,39391,37139,37379,33271,34210,31541,32462,30245,42343,31098,43537,29320,41048,29510,41313
AU,66,33649,38755,39923,37595,37911,33658,34671,31929,32924,30597,42835,31518,44125,29681,41553,29930,41901
AU,67,34158,39274,40502,38118,38484,34107,35174,32373,33422,31006,43408,31975,44765,30094,42131,30382,42535
AU,68,34625,39733,41029,38589,39010,34507,35632,32772,33879,31368,43915,32391,45348,30464,42651,30798,43116
AU,69,35297,40406,41795,39267,39767,35091,36299,33348,34536,31900,44659,32997,46195,31001,43401,31395,43953
AU,70,36100,41208,42715,40073,40672,35788,37097,34033,35322,32533,45545,33722,47211,31636,44291,32110,44954
AU,71,36942,42093,43685,40959,41621,36557,37939,34785,36146,33232,46524,34488,48283,32336,45271,32859,46002
AU,72,37957,43150,44853,42013,42764,37474,38953,35680,37140,34065,47692,35410,49574,33168,46435,33762,47266
AU,73,38987,44204,46036,43069,43923,38390,39981,36578,38146,34898,48858,36344,50882,34002,47602,34677,48547
AU,74,40181,45453,47415,44313,45271,39474,41177,37634,39316,35884,50238,37433,52406,34983,48977,35740,50036
AU,75,41324,46640,48730,45500,46556,40505,42321,38643,40433,36821,51550,38472,53859,35921,50289,36754,51457
AU,76,42601,47960,50201,46820,47995,41652,43598,39763,41683,37864,53009,39633,55486,36963,51748,37891,53047
AU,77,43913,49318,51710,48177,49475,42832,44909,40916,42967,38935,54510,40823,57152,38035,53248,39059,54683
AU,78,45202,50628,53190,49490,50927,43969,46193,42032,44228,39969,55958,41992,58789,39072,54700,40205,56288
AU,79,46568,52004,54755,50872,52466,45163,47553,43205,45564,41056,57478,43228,60519,40162,56228,41420,57989
AU,80,48449,53976,56925,52837,54584,46876,49437,44873,47405,42613,59658,44941,62917,41714,58399,43093,60331
AU,81,49683,55207,58333,54079,55975,47945,50660,45928,48612,43584,61018,46053,64473,42694,59771,44190,61867
AU,82,50890,56444,59710,55327,57333,49019,51856,46988,49793,44561,62385,47140,65996,43679,61150,45263,63369
AU,83,52199,57766,61203,56662,58809,50168,53153,48121,51074,45605,63846,48318,67646,44733,62627,46428,65000
AU,84,53471,59047,62650,57958,60243,51280,54410,49222,52319,46616,65262,49461,69245,45756,64058,47560,66584
AU,85,54650,60242,63989,59172,61571,52318,55572,50253,53472,47559,66583,50518,70725,46715,65400,48609,68052
AU,86,55770,61340,65251,60294,62832,53272,56668,51206,54568,48427,67797,51514,72120,47600,66641,49604,69446
AU,87,57306,62909,67000,61882,64563,54635,58187,52555,56071,49666,69532,52895,74053,48855,68396,50970,71358
AU,88,58620,64111,68475,63119,66044,55678,59468,53606,57356,50614,70859,54059,75683,49831,69764,52140,72996
AU,89,60040,65419,70069,64463,67643,56815,60852,54748,58746,51647,72305,55318,77445,50892,71249,53402,74763
AU,90,62382,67733,72735,66805,70282,58824,63168,56736,61038,53473,74863,57423,80392,52740,73837,55486,77680
AU,91,63806,69235,74344,68337,71887,60129,64566,58036,62431,54659,76523,58693,82170,53950,75530,56753,79454
AU,92,65643,70983,76411,70129,73957,61646,66360,59558,64228,56039,78454,60325,84455,55365,77510,58387,81742
AU,93,67773,73002,78808,72199,76355,63399,68442,61317,66312,57633,80686,62216,87103,56999,79799,60280,84392
AU,94,70693,76067,82132,75300,79646,66061,71328,63950,69169,60052,84074,64841,90777,59448,83227,62879,88029
AU,95,76111,81043,88279,80354,85749,70383,76666,68243,74470,63981,89573,69694,97572,63438,88813,67697,94775
AU,96,82351,86766,95350,86172,92780,75353,82809,73185,80576,68499,95899,75277,105387,68031,95243,73247,102546
AU,97,93854,96613,108378,96198,105740,83905,94122,81698,91831,76273,106783,85561,119786,75946,106324,83479,116870
AU,98,121289,111389,129783,121003,136649,96737,112711,102765,118675,87939,123114,102460,143445,95529,133740,107881,151034
AU,99,163271,133714,162496,158716,183947,116125,141122,134793,159751,105564,147788,128286,179601,125301,175422,145221,203310
AU,99.1,173506,139485,171203,167506,195479,121139,148683,142258,169766,110120,154168,135160,189225,132242,185139,154326,216055
AU,99.2,186542,146135,181914,178371,210165,126914,157986,151486,182520,115370,161518,143617,201063,140819,197146,165919,232287
AU,99.3,201839,155612,195127,192172,227400,135144,169461,163207,197488,122852,171992,154048,215667,151715,212401,179526,251337
AU,99.4,218887,166188,209708,207712,246606,144329,182124,176404,214168,131201,183681,165559,231782,163983,229576,194689,272564
AU,99.5,244573,183017,233053,230645,275545,158943,202398,195882,239301,144486,202281,183990,257585,182088,254924,217535,304549
AU,99.6,272644,198459,257549,253742,307171,172355,223671,215497,266766,156678,219351,203328,284659,200323,280452,242504,339505
AU,99.7,318828,216354,294647,287342,359203,187896,255890,244032,311955,170806,239128,232616,325662,226849,317589,283581,397014
AU,99.8,404210,247215,358542,351932,455398,214698,311381,298887,395497,195170,273238,283060,396283,277842,388978,359524,503334
AU,99.9,489381,284773,427749,417725,551355,247315,371485,354764,478833,224821,314749,337696,472775,329783,461696,435280,609392
AU,99.91,513605,295574,447791,436196,578647,256695,388890,370451,502533,233348,326687,353519,494927,344365,482111,456826,639556
AU,99.92,521281,298802,454032,441964,587295,259500,394310,375349,510045,235896,330255,358446,501825,348919,488487,463654,649115
AU,99.93,559706,313185,484416,469888,630586,271989,420698,399064,547642,247251,346151,382434,535408,370965,519350,497831,696964
AU,99.94,610245,338800,526931,510848,687526,294236,457621,433851,597091,267474,374463,415998,582398,403302,564622,542784,759897
AU,99.95,649667,359606,560424,543305,731939,312305,486707,461415,635662,283900,397460,442440,619416,428925,600494,577847,808985
AU,99.96,725323,372493,609439,593521,817177,323497,529275,504063,709688,294073,411703,481136,673590,468570,655997,645139,903195
AU,99.97,864534,429579,716596,702699,974016,373075,622337,596784,845897,339142,474798,565733,792027,554763,776667,768960,1076544
AU,99.98,1144260,519385,913582,915279,1289167,451067,793413,777323,1119595,410041,574057,721249,1009749,722589,1011625,1017764,1424870
AU,99.99,1427020,608834,1108603,1132950,1607734,528751,962781,962186,1396258,480659,672922,875213,1225298,894434,1252209,1269264,1776969
AU,99.991,1524098,639296,1174864,1208130,1717106,555206,1020326,1026034,1491244,504707,706591,927524,1298534,953787,1335302,1355609,1897853
AU,99.992,1623920,675409,1246914,1286348,1829570,586570,1082899,1092462,1588914,533218,746505,984406,1378168,1015538,1421753,1444397,2022156
AU,99.993,1747902,714266,1331208,1382649,1969253,620315,1156105,1174249,1710224,563894,789452,1050954,1471335,1091565,1528192,1554673,2176543
AU,99.994,1920496,765183,1445540,1516517,2163704,664535,1255399,1287940,1879098,604092,845730,1141216,1597702,1197250,1676151,1708187,2391462
AU,99.995,2155016,814061,1584384,1694450,2427923,706985,1375979,1439053,2108563,642681,899752,1250829,1751161,1337724,1872813,1916781,2683494
AU,99.996,2526779,941404,1846628,1984636,2846764,817577,1603729,1685500,2472311,743214,1040499,1457864,2041010,1566818,2193545,2247445,3146424
AU,99.997,3119050,1148364,2267648,2447840,3514040,997315,1969369,2078888,3051815,906603,1269245,1790248,2506348,1932506,2705508,2774243,3883939
AU,99.998,4580885,1661070,3308074,3591747,5160997,1442582,2872942,3050380,4482138,1311372,1835919,2611638,3656293,2835590,3969825,4074472,5704260
AU,99.999,30206465,4501011,15700789,23295806,34031746,3908973,13635563,19784541,29555331,3553430,4974801,12395360,17353505,18391426,25747996,26867167,37614034
KR,0,3232,7329,4546,6617,3984,6361,3945,5826,3457,5863,8062,3637,5001,5293,7278,3187,4382
KR,1,3232,7553,4590,6897,3984,6554,3984,6073,3457,6042,8309,3672,5049,5518,7587,3187,4382
KR,2,3232,7621,4634,7016,3984,6613,4022,6178,3457,6097,8383,3708,5098,5613,7718,3187,4382
KR,3,3232,7770,4676,7224,3984,6743,4058,6360,3457,6216,8547,3740,5144,5778,7946,3187,4382
KR,4,3232,7976,4714,7491,3984,6921,4090,6596,3457,6381,8774,3772,5186,5993,8240,3187,4382
KR,5,3465,8163,4829,7673,4271,7084,4190,6756,3706,6530,8979,3863,5312,6139,8441,3416,4698
KR,6,3956,8435,5462,7883,4875,7320,4740,6940,4231,6748,9279,4370,6009,6307,8671,3900,5363
KR,7,4467,9239,6112,8661,5504,8017,5304,7625,4777,7390,10163,4889,6723,6928,9527,4403,6054
KR,8,4991,10018,6771,9420,6151,8694,5876,8294,5338,8015,11020,5417,7448,7536,10362,4922,6766
KR,9,5525,10661,7434,10043,6810,9251,6451,8841,5909,8529,11727,5948,8178,8034,11047,5448,7491
KR,10,5625,10772,7511,10204,6933,9347,6518,8984,6017,8618,11849,6009,8262,8164,11225,5547,7627
KR,11,6173,11485,8200,10890,7608,9967,7116,9588,6602,9188,12633,6560,9020,8712,11978,6086,8369
KR,12,6726,12298,8891,11685,8290,10672,7716,10288,7194,9838,13528,7112,9781,9349,12854,6632,9119
KR,13,7284,13099,9585,12474,8977,11368,8318,10983,7790,10480,14409,7668,10544,9980,13721,7182,9874
KR,14,7844,13889,10280,13252,9668,12053,8920,11667,8390,11111,15278,8224,11308,10602,14577,7734,10635
KR,15,8407,14666,10973,14021,10362,12728,9522,12344,8992,11733,16133,8779,12071,11216,15424,8289,11398
KR,16,8875,15270,11541,14623,10939,13251,10016,12875,9492,12216,16796,9233,12695,11698,16086,8751,12033
KR,17,9460,16063,12260,15411,11660,13939,10639,13567,10119,12850,17669,9808,13486,12328,16952,9328,12826
KR,18,9796,16422,12651,15781,12073,14250,10979,13894,10477,13138,18064,10121,13917,12625,17360,9659,13281
KR,19,9950,16476,12810,15860,12263,14298,11117,13963,10642,13180,18123,10248,14091,12688,17447,9811,13490
KR,20,10129,16575,13001,15982,12484,14384,11282,14071,10834,13259,18233,10401,14301,12786,17580,9988,13733
KR,21,10544,17092,13499,16503,12995,14832,11714,14530,11277,13674,18800,10800,14849,13202,18153,10397,14294
KR,22,10717,17217,13689,16648,13209,14941,11879,14657,11463,13773,18938,10951,15058,13318,18313,10568,14531
KR,23,11228,17883,14307,17313,13838,15520,12416,15243,12009,14306,19671,11446,15738,13851,19045,11071,15222
KR,24,11696,18477,14873,17912,14416,16035,12907,15770,12510,14782,20325,11899,16360,14329,19704,11533,15858
KR,25,12260,19216,15557,18651,15111,16675,13500,16421,13112,15373,21137,12445,17112,14921,20516,12088,16622
KR,26,12707,19753,16091,19197,15662,17142,13963,16902,13592,15802,21729,12872,17700,15358,21117,12530,17229
KR,27,13188,20337,16665,19790,16254,17649,14461,17423,14105,16270,22372,13332,18331,15832,21769,13003,17880
KR,28,13712,20985,17294,20446,16900,18211,15008,18000,14666,16789,23084,13835,19023,16357,22491,13520,18590
KR,29,14308,21737,18012,21203,17635,18864,15630,18667,15304,17390,23911,14409,19812,16963,23323,14108,19399
KR,30,14714,22194,18488,21673,18134,19260,16043,19082,15737,17756,24413,14790,20337,17339,23841,14508,19948
KR,31,15148,22675,18997,22171,18671,19678,16485,19519,16203,18140,24942,15198,20897,17737,24389,14936,20537
KR,32,15770,23431,19742,22938,19437,20333,17132,20195,16868,18745,25775,15793,21716,18350,25232,15550,21381
KR,33,16341,24104,20418,23623,20141,20917,17719,20798,17478,19283,26515,16335,22460,18899,25986,16113,22155
KR,34,16811,24623,20970,24160,20720,21368,18198,21270,17980,19698,27085,16776,23068,19327,26575,16576,22792
KR,35,17379,25279,21642,24832,21420,21938,18781,21863,18588,20223,27807,17313,23806,19866,27315,17136,23562
KR,36,17957,25949,22325,25517,22132,22519,19373,22465,19206,20758,28544,17860,24558,20413,28069,17706,24345
KR,37,18327,26313,22749,25903,22588,22835,19742,22806,19602,21050,28944,18199,25025,20723,28494,18071,24847
KR,38,18968,27060,23508,26667,23378,23483,20401,23477,20287,21648,29765,18806,25858,21333,29334,18702,25716
KR,39,19509,27660,24142,27287,24045,24003,20951,24024,20866,22128,30426,19313,26557,21830,30016,19236,26449
KR,40,19772,27863,24432,27515,24369,24179,21202,24224,21148,22291,30649,19545,26875,22013,30267,19495,26806
KR,41,20266,28399,25008,28072,24978,24645,21702,24715,21676,22719,31238,20007,27510,22458,30879,19983,27476
KR,42,20659,28792,25459,28488,25463,24985,22092,25081,22097,23033,31670,20367,28005,22791,31337,20371,28010
KR,43,21302,29532,26217,29248,26254,25628,22751,25751,22784,23626,32484,20974,28839,23399,32173,21004,28880
KR,44,21695,29924,26668,29665,26738,25968,23142,26118,23204,23940,32916,21334,29335,23732,32632,21391,29412
KR,45,22202,30475,27257,30239,27364,26447,23653,26623,23746,24381,33523,21805,29983,24191,33263,21891,30100
KR,46,22816,31172,27980,30957,28121,27051,24280,27255,24404,24938,34290,22384,30778,24765,34052,22497,30933
KR,47,23174,31519,28387,31328,28562,27352,24634,27581,24786,25214,34671,22710,31226,25062,34460,22850,31419
KR,48,23729,32135,29035,31968,29247,27887,25196,28144,25380,25708,35348,23227,31938,25575,35165,23398,32172
KR,49,24078,32474,29431,32332,29676,28181,25540,28465,25753,25979,35721,23545,32374,25865,35565,23741,32644
KR,50,24366,32732,29752,32615,30032,28405,25819,28715,26061,26186,36006,23802,32726,26092,35877,24025,33035
KR,51,24839,33243,30300,33149,30614,28848,26295,29185,26567,26595,36566,24241,33331,26520,36465,24492,33676
KR,52,25119,33495,30613,33427,30961,29067,26566,29430,26867,26796,36844,24491,33675,26742,36770,24769,34057
KR,53,25573,33978,31135,33935,31519,29486,27020,29877,27352,27183,37376,24909,34249,27148,37330,25214,34671
KR,54,25950,34357,31566,34341,31984,29815,27393,30233,27756,27485,37793,25253,34723,27473,37775,25587,35183
KR,55,26306,34706,31968,34715,32422,30117,27741,30563,28136,27764,38176,25575,35165,27771,38186,25937,35664
KR,56,26794,34804,32532,34816,33023,30203,28231,30651,28657,27843,38285,26025,35785,27852,38298,26419,36326
KR,57,26959,35001,32702,35045,33227,30373,28378,30853,28833,28001,38500,26162,35972,28035,38549,26581,36549
KR,58,27197,35023,32962,35084,33521,30393,28604,30889,29089,28018,38525,26369,36257,28068,38593,26817,36873
KR,59,27595,35161,33393,35235,34012,30512,28979,31021,29515,28128,38676,26715,36733,28188,38759,27210,37413
KR,60,27603,35203,33414,35315,34020,30549,28997,31091,29522,28163,38724,26731,36756,28252,38847,27216,37422
KR,61,27950,35227,33784,35348,34450,30570,29317,31120,29895,28181,38749,27027,37162,28279,38884,27559,37895
KR,62,28067,35287,33895,35437,34593,30622,29413,31199,30019,28230,38815,27116,37284,28350,38981,27674,38052
KR,63,28247,35320,34076,35494,34816,30651,29571,31250,30212,28257,38852,27261,37484,28396,39043,27852,38298
KR,64,28284,35345,34083,35550,34861,30672,29577,31299,30252,28276,38879,27266,37491,28440,39105,27888,38346
KR,65,28290,35451,34098,35696,34868,30765,29589,31427,30258,28361,38996,27278,37508,28556,39266,27894,38354
KR,66,28445,35509,34234,35779,35059,30815,29709,31500,30424,28407,39060,27387,37657,28624,39357,28047,38564
KR,67,28580,35525,34362,35822,35225,30830,29819,31537,30568,28420,39078,27489,37797,28657,39404,28180,38748
KR,68,28597,35630,34369,35963,35246,30920,29825,31662,30586,28503,39193,27495,37806,28771,39560,28198,38771
KR,69,28667,35770,34418,36137,35333,31042,29867,31815,30662,28616,39347,27535,37860,28910,39751,28267,38866
KR,70,28896,35785,34666,36170,35615,31054,30083,31845,30906,28628,39363,27733,38133,28936,39787,28492,39175
KR,71,29045,35902,34805,36316,35799,31156,30204,31974,31066,28721,39492,27844,38286,29053,39948,28639,39378
KR,72,29060,35903,34807,36348,35817,31157,30205,32002,31082,28722,39494,27845,38288,29078,39983,28654,39399
KR,73,29082,35908,34817,36383,35843,31161,30214,32033,31104,28726,39499,27854,38299,29107,40022,28675,39427
KR,74,29143,36004,34851,36514,35919,31244,30244,32147,31171,28803,39604,27881,38337,29212,40166,28735,39511
KR,75,29169,36062,34854,36606,35952,31294,30246,32227,31198,28849,39668,27883,38339,29285,40266,28761,39547
KR,76,29212,36072,34870,36646,36004,31303,30260,32263,31244,28858,39679,27896,38357,29317,40311,28803,39604
KR,77,29232,36094,34876,36703,36028,31323,30265,32314,31265,28875,39703,27901,38364,29362,40373,28823,39631
KR,78,29343,36110,34916,36749,36166,31337,30299,32355,31384,28888,39722,27933,38408,29400,40424,28933,39782
KR,79,29344,36113,34928,36786,36167,31338,30310,32387,31386,28890,39723,27943,38420,29430,40465,28934,39783
KR,80,29348,36117,34942,36828,36172,31343,30322,32424,31390,28893,39729,27953,38435,29462,40511,28937,39789
KR,81,29386,36137,34972,36884,36218,31360,30348,32473,31430,28910,39751,27977,38469,29507,40572,28975,39840
KR,82,29454,36143,34976,36925,36302,31365,30351,32509,31504,28914,39758,27981,38474,29541,40618,29042,39933
KR,83,29503,36153,35000,36973,36361,31374,30372,32550,31555,28922,39768,27999,38499,29578,40670,29089,39998
KR,84,29599,36172,35078,37027,36481,31390,30441,32599,31658,28937,39789,28063,38586,29622,40729,29184,40128
KR,85,29644,36187,35096,37081,36535,31403,30457,32647,31705,28949,39805,28077,38606,29665,40789,29228,40189
KR,86,29687,36202,35111,37137,36590,31416,30468,32696,31751,28962,39822,28089,38622,29710,40851,29272,40249
KR,87,30007,36246,35390,37215,36984,31455,30712,32764,32095,28997,39870,28312,38929,29772,40937,29587,40683
KR,88,30008,36268,35415,37281,36986,31474,30734,32823,32095,29014,39895,28332,38957,29825,41009,29588,40684
KR,89,30020,36277,35452,37335,37000,31482,30765,32870,32108,29022,39905,28362,38997,29869,41069,29600,40699
KR,90,31347,36356,36912,37418,38636,31550,32032,32943,33528,29085,39992,29529,40602,29935,41159,30908,42499
KR,91,33492,38373,39395,39527,41280,33300,34187,34800,35823,30699,42209,31516,43335,31622,43480,33024,45408
KR,92,36588,41677,42989,42979,45095,36167,37305,37839,39134,33341,45844,34391,47287,34384,47277,36077,49604
KR,93,40942,46353,48047,47858,50461,40226,41695,42135,43790,37082,50988,38438,52852,38286,52644,40369,55508
KR,94,47248,53146,55379,54941,58234,46120,48057,48370,50535,42516,58461,44303,60917,43952,60434,46587,64058
KR,95,57868,64600,67735,66873,71323,56060,58779,58875,61893,51680,71060,54188,74509,53498,73560,57059,78455
KR,96,72034,79754,84192,82688,88783,69211,73061,72798,77046,63804,87730,67353,92611,66150,90957,71026,97662
KR,97,95398,103622,110972,107989,117578,89924,96301,95075,102034,82897,113985,88778,122069,86391,118787,94063,129337
KR,98,137531,129252,145813,150482,169507,112166,126536,132485,147097,103402,142177,116651,160395,120385,165530,135605,186458
KR,99,188941,158909,188393,200545,232871,137903,163487,176562,202084,127127,174800,150715,207233,160436,220600,186297,256158
KR,99.1,200954,165196,198303,211606,247677,143358,172086,186300,214933,132157,181715,158643,218134,169285,232767,198142,272445
KR,99.2,216278,173096,210793,225763,266564,150213,182925,198764,231323,138477,190406,168635,231873,180610,248340,213252,293221
KR,99.3,234398,184063,227184,242378,288898,159731,197150,213393,250704,147250,202470,181747,249903,193903,266616,231118,317788
KR,99.4,257229,197594,247644,263230,317037,171473,214903,231750,275123,158075,217354,198114,272408,210584,289553,253629,348741
KR,99.5,288722,216067,275579,292111,355851,187505,239147,257178,308806,172854,237674,220464,303138,233688,321322,284681,391437
KR,99.6,331692,239971,312815,331144,408814,208248,271460,291543,354766,191977,263968,250253,344096,264915,364259,327052,449695
KR,99.7,411224,282868,380370,403517,506837,245475,330083,355261,439830,226295,311155,304296,418407,322813,443869,405470,557521
KR,99.8,591734,374618,529948,566101,729317,325097,459886,498401,632898,299695,412081,423959,582943,452881,622711,583453,802249
KR,99.9,791008,478907,699976,743182,974925,415599,607436,654306,846034,383126,526798,559981,769974,594546,817501,779940,1072418
KR,99.91,850116,508157,749726,794703,1047776,440982,650609,699665,909255,406526,558973,599781,824699,635763,874174,838220,1152553
KR,99.92,902004,531397,792166,838751,1111728,461150,687438,738446,964752,425118,584537,633733,871383,671001,922627,889382,1222900
KR,99.93,1005573,580856,877698,928992,1239377,504071,761662,817893,1075526,464685,638942,702159,965468,743194,1021891,991502,1363316
KR,99.94,1140517,642749,987113,1046177,1405698,557783,856611,921065,1219857,514200,707025,789690,1085824,836942,1150795,1124558,1546267
KR,99.95,1292144,705467,1105165,1176186,1592579,612209,959057,1035526,1382031,564374,776014,884133,1215682,940949,1293805,1274063,1751837
KR,99.96,1543947,803897,1295265,1392793,1902930,697627,1124025,1226228,1651353,643118,884287,1036212,1424792,1114234,1532072,1522344,2093223
KR,99.97,1977433,972256,1621675,1765500,2437203,843731,1407282,1554364,2114993,777804,1069482,1297340,1783843,1412400,1942050,1949762,2680923
KR,99.98,2897097,1277194,2267118,2554441,3570699,1108358,1967393,2248956,3098633,1021755,1404914,1813694,2493830,2043553,2809885,2856560,3927769
KR,99.99,3939388,1576782,2956233,3448091,4855331,1368342,2565403,3035735,4213431,1261426,1734460,2364986,3251856,2758473,3792900,3884265,5340865
KR,99.991,4291967,1679167,3190129,3750599,5289888,1457193,2768377,3302066,4590536,1343334,1847084,2552103,3509142,3000479,4125660,4231910,5818877
KR,99.992,4705652,1789630,3455835,4105228,5799759,1553053,2998955,3614284,5033000,1431704,1968593,2764668,3801418,3284182,4515751,4639807,6379735
KR,99.993,5209613,1910480,3766953,4537025,6420895,1657929,3268942,3994442,5572018,1528384,2101529,3013562,4143648,3629620,4990727,5136716,7062985
KR,99.994,5883712,2053029,4165172,5114774,7251728,1781633,3614515,4503099,6293012,1642423,2258332,3332138,4581689,4091819,5626251,5801383,7976901
KR,99.995,6821940,2229902,4699329,5918968,8408104,1935125,4078054,5211120,7296509,1783922,2452893,3759464,5169262,4735174,6510865,6726483,9248915
KR,99.996,8213846,2580609,5573956,7112026,10123641,2239471,4837050,6261500,8785242,2064486,2838670,4459165,6131352,5689621,7823229,8098913,11136005
KR,99.997,10514061,3081235,6945976,9083516,12958676,2673919,6027681,7997221,11245471,2464988,3389359,5556781,7640574,7266813,9991868,10366941,14254543
KR,99.998,15646906,3864149,9695479,13484066,19284955,3353336,8413685,11871509,16735382,3091319,4250564,7756383,10665026,10787253,14832473,15427964,21213450
KR,99.999,77555204,9111781,38955416,66558085,95587493,7907268,33805306,58598413,82950323,7289425,10022959,31164333,42850958,53246468,73213894,76469994,105146242
ID,0,139,814,509,432,251,752,469,361,231,652,895,408,560,345,474,200,276
ID,1,139,869,532,557,251,802,490,465,231,696,955,425,585,445,613,200,276
ID,2,139,942,562,697,251,869,518,584,231,754,1035,450,618,557,766,200,276
ID,3,139,1065,613,871,251,982,565,729,231,852,1171,490,674,697,958,200,276
ID,4,139,1179,668,918,251,1089,616,768,231,943,1297,534,734,734,1010,200,276
ID,5,214,1197,753,1027,386,1103,694,860,356,957,1317,602,829,822,1130,309,425
ID,6,366,1912,1245,1468,662,1764,1147,1229,612,1530,2103,995,1369,1175,1615,530,729
ID,7,521,2600,1719,2012,942,2399,1586,1683,869,2080,2860,1375,1891,1610,2213,754,1037
ID,8,678,3246,2179,2529,1225,2996,2011,2116,1130,2597,3571,1743,2397,2023,2782,979,1347
ID,9,835,3839,2617,3014,1508,3542,2415,2521,1393,3072,4223,2093,2878,2412,3315,1207,1659
ID,10,993,4388,3038,3469,1795,4048,2804,2902,1656,3510,4827,2431,3342,2774,3815,1436,1975
ID,11,1152,4961,3469,3942,2083,4577,3201,3298,1922,3968,5457,2774,3815,3153,4336,1666,2291
ID,12,1311,5518,3891,4407,2369,5090,3590,3686,2187,4415,6070,3113,4280,3526,4848,1895,2606
ID,13,1471,6058,4307,4861,2657,5589,3974,4067,2452,4847,6663,3446,4737,3888,5348,2125,2922
ID,14,1631,6570,4713,5297,2946,6062,4348,4431,2718,5256,7226,3771,5185,4238,5826,2357,3241
ID,15,1790,7061,5109,5719,3235,6515,4715,4785,2985,5649,7767,4087,5619,4576,6291,2588,3559
ID,16,1938,7488,5461,6094,3501,6908,5038,5098,3230,5990,8237,4368,6007,4875,6703,2801,3851
ID,17,2098,7970,5854,6514,3792,7354,5401,5449,3499,6376,8768,4683,6439,5210,7165,3034,4172
ID,18,2236,8340,6172,6844,4040,7696,5694,5726,3727,6672,9175,4938,6789,5475,7529,3233,4444
ID,19,2382,8690,6507,7148,4303,8018,6003,5979,3971,6952,9558,5205,7157,5718,7862,3442,4733
ID,20,2414,8732,6526,7241,4361,8057,6021,6058,4024,6985,9606,5221,7178,5793,7965,3489,4797
ID,21,2481,8780,6641,7297,4483,8101,6127,6104,4136,7024,9658,5313,7305,5838,8027,3586,4930
ID,22,2530,8831,6717,7366,4571,8149,6198,6163,4218,7065,9714,5374,7389,5893,8103,3657,5028
ID,23,2602,8975,6859,7512,4701,8281,6328,6284,4337,7180,9873,5487,7545,6010,8263,3760,5172
ID,24,2661,9051,6960,7604,4809,8351,6422,6362,4437,7241,9957,5567,7656,6083,8364,3847,5290
ID,25,2722,9133,7064,7700,4918,8427,6518,6442,4539,7306,10046,5651,7770,6159,8470,3935,5410
ID,26,2795,9244,7194,7823,5050,8528,6637,6546,4660,7396,10167,5755,7914,6259,8606,4040,5555
ID,27,2866,9337,7314,7933,5178,8615,6748,6636,4777,7470,10270,5851,8046,6346,8726,4143,5697
ID,28,2942,9452,7452,8061,5316,8722,6875,6744,4904,7561,10398,5962,8197,6448,8867,4252,5847
ID,29,2996,9508,7534,8135,5413,8772,6952,6807,4994,7606,10458,6027,8287,6508,8949,4331,5954
ID,30,3103,9693,7738,8328,5606,8943,7140,6968,5173,7754,10662,6191,8512,6663,9161,4485,6167
ID,31,3167,9756,7839,8414,5722,9001,7233,7040,5280,7805,10732,6271,8623,6731,9255,4577,6294
ID,32,3247,9870,7981,8542,5867,9107,7364,7147,5413,7897,10856,6384,8779,6833,9396,4693,6454
ID,33,3352,10050,8179,8731,6056,9272,7546,7304,5589,8041,11055,6543,8997,6985,9604,4845,6663
ID,34,3428,10139,8306,8842,6194,9356,7664,7397,5715,8111,11154,6644,9136,7073,9726,4954,6813
ID,35,3510,10262,8450,8977,6342,9469,7797,7512,5851,8210,11288,6760,9295,7182,9876,5073,6976
ID,36,3585,10334,8568,9076,6478,9534,7906,7593,5977,8267,11367,6855,9425,7261,9984,5182,7125
ID,37,3672,10462,8723,9219,6635,9652,8047,7713,6122,8370,11508,6979,9596,7374,10141,5308,7298
ID,38,3774,10627,8912,9396,6820,9805,8222,7862,6292,8502,11691,7129,9804,7517,10335,5455,7502
ID,39,3868,10735,9068,9529,6989,9905,8367,7973,6450,8588,11809,7254,9976,7624,10482,5591,7689
ID,40,3926,10754,9143,9581,7093,9921,8435,8015,6546,8603,11829,7314,10057,7665,10539,5674,7802
ID,41,4012,10870,9292,9716,7249,10029,8574,8129,6688,8696,11957,7433,10221,7773,10687,5799,7974
ID,42,4099,10984,9441,9849,7406,10134,8711,8241,6833,8787,12082,7553,10386,7879,10834,5925,8147
ID,43,4215,11151,9648,10036,7617,10289,8903,8395,7028,8920,12266,7718,10612,8029,11039,6094,8379
ID,44,4319,11273,9824,10183,7803,10402,9064,8519,7200,9019,12401,7859,10806,8147,11201,6243,8584
ID,45,4429,11428,10016,10358,8002,10545,9241,8667,7382,9143,12571,8013,11018,8286,11393,6402,8803
ID,46,4562,11632,10258,10579,8243,10731,9465,8851,7605,9305,12794,8206,11284,8463,11637,6595,9068
ID,47,4661,11748,10425,10720,8422,10839,9618,8969,7770,9399,12923,8339,11467,8576,11793,6737,9264
ID,48,4788,11937,10652,10930,8651,11014,9829,9144,7982,9549,13131,8522,11717,8744,12022,6921,9516
ID,49,4896,12069,10836,11086,8846,11135,9998,9275,8161,9656,13276,8670,11920,8868,12194,7076,9730
ID,50,4978,12158,10968,11201,8993,11217,10119,9372,8298,9726,13374,8775,12065,8961,12322,7194,9893
ID,51,5135,12394,11255,11459,9280,11436,10385,9586,8562,9916,13633,9004,12381,9167,12605,7424,10207
ID,52,5260,12547,11468,11640,9504,11576,10581,9738,8768,10038,13801,9175,12615,9312,12803,7604,10454
ID,53,5395,12746,11709,11860,9748,11760,10803,9922,8993,10197,14020,9368,12881,9488,13046,7798,10723
ID,54,5516,12898,11916,12040,9966,11900,10995,10073,9196,10318,14188,9533,13107,9632,13243,7973,10963
ID,55,5680,13130,12208,12297,10262,12114,11264,10289,9469,10503,14442,9766,13428,9837,13527,8210,11288
ID,56,5833,13351,12482,12543,10539,12318,11517,10494,9724,10680,14686,9986,13731,10034,13797,8431,11593
ID,57,5994,13563,12763,12786,10830,12514,11777,10698,9993,10850,14919,10210,14040,10229,14064,8664,11913
ID,58,6149,13765,13034,13019,11110,12701,12025,10892,10251,11012,15142,10427,14337,10415,14321,8888,12221
ID,59,6344,14045,13383,13327,11464,12958,12347,11150,10577,11236,15450,10706,14721,10662,14659,9171,12610
ID,60,6452,14140,13551,13459,11656,13046,12503,11260,10755,11312,15554,10840,14906,10767,14805,9325,12822
ID,61,6661,14437,13927,13788,12034,13320,12850,11536,11104,11549,15881,11142,15319,11031,15167,9628,13238
ID,62,6845,14673,14248,14058,12369,13537,13146,11762,11412,11739,16140,11399,15672,11247,15464,9896,13605
ID,63,7070,14989,14650,14412,12775,13829,13517,12057,11788,11990,16488,11720,16115,11529,15853,10221,14053
ID,64,7266,15251,14994,14709,13127,14072,13835,12306,12112,12201,16777,11996,16493,11766,16180,10502,14440
ID,65,7482,15538,15372,15033,13519,14336,14184,12577,12473,12430,17091,12298,16910,12026,16536,10815,14871
ID,66,7746,15908,15847,15442,13995,14678,14621,12919,12912,12726,17499,12678,17431,12353,16986,11196,15394
ID,67,7964,16193,16228,15768,14390,14941,14974,13192,13276,12955,17812,12982,17851,12614,17345,11512,15829
ID,68,8170,16458,16586,16073,14762,15186,15304,13448,13621,13167,18104,13270,18245,12859,17680,11809,16239
ID,69,8447,16836,17078,16496,15262,15534,15758,13801,14082,13468,18520,13663,18786,13196,18145,12209,16788
ID,70,8739,17235,17599,16942,15791,15901,16239,14174,14569,13788,18958,14080,19359,13553,18636,12633,17370
ID,71,8991,17580,18046,17330,16245,16221,16649,14500,14989,14064,19339,14437,19850,13864,19064,12996,17870
ID,72,9286,17987,18569,17784,16778,16596,17133,14879,15482,14389,19786,14855,20427,14228,19563,13423,18456
ID,73,9569,18363,19068,18211,17289,16943,17592,15235,15952,14690,20200,15254,20974,14569,20032,13831,19017
ID,74,9901,18817,19658,18717,17890,17361,18137,15659,16506,15054,20699,15727,21623,14974,20589,14312,19679
ID,75,10176,19176,20138,19128,18387,17692,18580,16003,16965,15340,21093,16111,22151,15302,21040,14709,20226
ID,76,10494,19611,20701,19617,18960,18095,19101,16412,17494,15690,21573,16561,22771,15694,21578,15167,20856
ID,77,10843,20075,21317,20142,19591,18523,19669,16852,18076,16060,22083,17054,23449,16113,22155,15674,21550
ID,78,11231,20600,22003,20731,20292,19006,20302,17343,18722,16480,22660,17603,24203,16585,22804,16233,22322
ID,79,11577,21072,22615,21262,20917,19442,20867,17788,19299,16857,23179,18092,24876,17010,23389,16734,23009
ID,80,12007,21659,23378,21919,21694,19983,21570,18339,20016,17327,23825,18702,25716,17535,24111,17355,23863
ID,81,12383,22154,24038,22483,22374,20440,22179,18810,20644,17723,24369,19230,26442,17987,24731,17899,24611
ID,82,12830,22755,24828,23160,23181,20994,22908,19377,21389,18204,25031,19863,27311,18528,25476,18545,25500
ID,83,13288,23366,25636,23851,24010,21559,23653,19955,22152,18693,25702,20508,28200,19081,26237,19208,26411
ID,84,13807,24063,26554,24638,24947,22202,24500,20612,23017,19250,26470,21244,29210,19710,27102,19958,27441
ID,85,14343,24771,27497,25439,25916,22855,25371,21282,23911,19816,27248,21998,30248,20351,27982,20732,28507
ID,86,14954,25572,28573,26343,27019,23593,26362,22039,24930,20457,28129,22859,31430,21074,28978,21615,29721
ID,87,15623,26459,29755,27345,28229,24414,27453,22879,26046,21168,29106,23803,32730,21877,30080,22583,31051
ID,88,16413,27489,31150,28507,29656,25364,28741,23850,27363,21991,30238,24920,34265,22805,31358,23725,32622
ID,89,17302,28635,32716,29803,31262,26421,30186,24935,28845,22908,31499,26173,35987,23842,32784,25009,34388
ID,90,17482,29074,33047,30280,31587,26824,30492,25333,29144,23258,31981,26438,36352,24223,33307,25269,34745
ID,91,18707,30628,35208,32039,33800,28258,32484,26806,31186,24502,33691,28166,38728,25630,35242,27040,37181
ID,92,20306,32653,38031,34321,36689,30126,35090,28715,33852,26122,35918,30425,41834,27457,37754,29351,40358
ID,93,22345,35189,41629,37185,40374,32468,38410,31110,37252,28152,38708,33303,45792,29748,40904,32299,44412
ID,94,25021,38506,46357,40922,45210,35527,42772,34237,41713,30805,42357,37085,50993,32737,45014,36168,49731
ID,95,28947,43425,53320,46436,52303,40067,49197,38851,48257,34740,47768,42655,58651,37149,51080,41842,57533
ID,96,34274,49907,62730,53738,61928,46047,57880,44959,57139,39926,54897,50184,69004,42991,59112,49542,68120
ID,97,42841,60192,77860,65334,77406,55536,71838,54662,71420,48153,66211,62288,85646,52267,71868,61924,85147
ID,98,60448,81054,108957,88851,109219,74786,100531,74337,100772,64844,89160,87165,119853,71081,97737,87376,120141
ID,99,80354,104919,144200,115655,145186,96804,133048,96762,133958,83935,115412,115360,158620,92525,127221,116148,159705
ID,99.1,86276,111808,154653,123426,155885,103160,142693,103263,143830,89447,122989,123723,170118,98740,135768,124709,171474
ID,99.2,93801,120610,167950,133341,169483,111281,154962,111559,156377,96488,132670,134361,184746,106673,146675,135587,186432
ID,99.3,102506,130696,183315,144720,185211,120586,169139,121079,170887,104557,143764,146652,201647,115775,159191,148169,203732
ID,99.4,113946,140825,200511,159610,205879,129932,185004,133537,189958,112660,154907,160409,220562,127688,175571,164703,226467
ID,99.5,129718,149572,219198,180059,234378,138002,202246,150646,216253,119657,164530,175358,241117,144047,198065,187503,257817
ID,99.6,150315,157754,240584,206597,271593,145551,221979,172848,250589,126203,173530,192467,264642,165277,227257,217274,298752
ID,99.7,185539,182582,287762,251944,335236,168459,265508,210787,309311,146066,200841,230210,316539,201555,277139,268188,368759
ID,99.8,262579,240887,395310,350595,474434,222253,364739,293323,437744,192709,264975,316248,434841,280476,385655,379547,521877
ID,99.9,352389,302100,514628,464979,636705,278733,474829,389022,587465,241681,332310,411702,566091,371984,511477,509364,700376
ID,99.91,373302,315149,541413,491409,674491,290772,499544,411134,622329,252119,346664,433131,595555,393128,540550,539593,741939
ID,99.92,391850,324809,563590,514517,708003,299684,520006,430467,653251,259846,357290,450871,619949,411614,565968,566403,778803
ID,99.93,426840,348039,609607,558924,771225,321117,562464,467620,711582,278432,382843,487686,670568,447140,614817,616980,848347
ID,99.94,470838,379531,669728,614729,850720,350175,617936,514309,784932,303625,417484,535782,736701,491784,676203,680576,935792
ID,99.95,516618,410432,730885,672307,933438,378685,674363,562481,861251,328345,451475,584708,803973,537845,739537,746750,1026782
ID,99.96,590523,460312,829207,765719,1066971,424708,765082,640634,984459,368250,506343,663366,912129,612575,842290,853576,1173667
ID,99.97,706031,534540,979409,911518,1275673,493193,903668,762615,1177021,427631,587994,783527,1077350,729215,1002671,1020539,1403240
ID,99.98,936612,670051,1267112,1202305,1692292,618222,1169121,1005901,1561421,536040,737056,1013690,1393823,961844,1322535,1353835,1861522
ID,99.99,1181185,799659,1558604,1510603,2134194,737806,1438070,1263836,1969148,639727,879625,1246883,1714464,1208483,1661664,1707356,2347614
ID,99.991,1254206,839789,1647032,1602649,2266128,774832,1519661,1340846,2090879,671831,923768,1317626,1811735,1282119,1762914,1812902,2492741
ID,99.992,1341892,886817,1752084,1713184,2424563,818222,1616588,1433324,2237061,709453,975498,1401668,1927293,1370547,1884502,1939650,2667019
ID,99.993,1440295,937089,1867625,1837122,2602360,864606,1723195,1537016,2401110,749671,1030798,1494100,2054387,1469698,2020834,2081887,2862595
ID,99.994,1572149,1001975,2020001,2003221,2840596,924472,1863786,1675983,2620922,801579,1102173,1616001,2222001,1602577,2203543,2272477,3124656
ID,99.995,1750654,1084751,2221348,2228080,3163123,1000845,2049562,1864110,2918506,867801,1193227,1777078,2443483,1782464,2450888,2530499,3479435
ID,99.996,2001717,1191033,2494671,2544309,3616750,1098907,2301749,2128680,3337053,952826,1310136,1995737,2744138,2035448,2798740,2893400,3978425
ID,99.997,2380773,1333532,2889914,3021619,4301636,1230384,2666425,2528017,3968973,1066825,1466885,2311931,3178904,2417295,3323780,3441309,4731799
ID,99.998,3080349,1623138,3645110,3902796,5565648,1497588,3363219,3265250,5135234,1298511,1785452,2916088,4009620,3122236,4293076,4452519,6122213
ID,99.999,8382759,2381945,7980443,10566567,15146165,2197703,7363283,8840451,13974853,1905557,2620140,6384355,8778487,8453254,11623223,12116933,16660782
ZA,0,1268,5613,4135,3277,1809,5253,3870,2784,1692,4615,6112,3400,4502,2695,3569,1487,1970
ZA,1,1268,5615,4149,3380,1809,5255,3883,2872,1692,4617,6114,3411,4517,2779,3680,1487,1970
ZA,2,1268,5637,4202,3511,1809,5275,3933,2983,1692,4636,6137,3455,4576,2887,3824,1487,1970
ZA,3,1268,5652,4242,3613,1809,5289,3968,3069,1692,4647,6154,3488,4619,2970,3934,1487,1970
ZA,4,1268,5655,4268,3696,1809,5291,3994,3139,1692,4649,6157,3510,4648,3040,4025,1487,1970
ZA,5,1290,5666,4278,3752,1841,5303,4003,3187,1723,4659,6170,3517,4658,3085,4085,1514,2005
ZA,6,1337,5672,4282,3766,1907,5308,4008,3200,1784,4663,6177,3522,4663,3097,4101,1568,2076
ZA,7,1386,5677,4287,3780,1977,5312,4011,3211,1850,4668,6181,3525,4668,3108,4116,1626,2153
ZA,8,1436,5681,4301,3790,2049,5316,4025,3219,1918,4671,6186,3537,4683,3116,4127,1685,2230
ZA,9,1448,5681,4302,3842,2065,5316,4025,3263,1933,4671,6187,3538,4684,3159,4184,1698,2248
ZA,10,1476,5687,4305,3883,2105,5322,4030,3299,1970,4676,6193,3540,4688,3193,4228,1731,2293
ZA,11,1487,5690,4307,3922,2121,5325,4030,3332,1986,4678,6195,3541,4690,3225,4271,1744,2310
ZA,12,1508,5694,4322,3952,2150,5329,4045,3357,2013,4682,6200,3554,4706,3249,4303,1768,2341
ZA,13,1539,5695,4330,3965,2196,5329,4051,3367,2054,4683,6201,3560,4714,3260,4317,1805,2391
ZA,14,1540,5699,4334,4009,2198,5333,4057,3406,2057,4685,6205,3564,4720,3297,4366,1808,2394
ZA,15,1566,5699,4337,4024,2234,5333,4058,3418,2090,4685,6205,3566,4722,3308,4382,1837,2432
ZA,16,1590,5710,4340,4046,2270,5343,4061,3437,2124,4695,6217,3569,4726,3327,4406,1867,2471
ZA,17,1598,5723,4343,4089,2279,5356,4063,3474,2133,4705,6232,3570,4728,3362,4453,1874,2482
ZA,18,1625,5725,4344,4103,2318,5357,4065,3484,2170,4707,6234,3571,4729,3373,4468,1906,2524
ZA,19,1643,5728,4358,4125,2343,5359,4077,3504,2192,4710,6236,3583,4744,3392,4492,1926,2551
ZA,20,1656,5730,4369,4154,2362,5363,4088,3528,2211,4711,6239,3592,4757,3415,4523,1942,2572
ZA,21,1685,5736,4371,4167,2404,5367,4091,3539,2249,4715,6245,3594,4761,3425,4537,1977,2618
ZA,22,1695,5737,4385,4194,2418,5369,4104,3562,2263,4717,6246,3606,4776,3449,4567,1988,2633
ZA,23,1714,5750,4407,4224,2445,5381,4124,3588,2288,4727,6261,3623,4799,3473,4600,2010,2662
ZA,24,1743,5758,4417,4238,2486,5388,4133,3600,2326,4734,6269,3632,4809,3484,4615,2044,2707
ZA,25,1748,5762,4446,4270,2492,5393,4160,3627,2332,4737,6275,3656,4840,3511,4649,2049,2713
ZA,26,1772,5778,4459,4290,2528,5407,4173,3644,2366,4751,6291,3666,4856,3527,4671,2079,2753
ZA,27,1800,5789,4464,4304,2568,5417,4178,3656,2403,4759,6303,3671,4861,3539,4686,2112,2797
ZA,28,1806,5799,4503,4330,2577,5426,4215,3678,2411,4769,6315,3703,4904,3560,4714,2118,2806
ZA,29,1845,5799,4512,4334,2631,5426,4222,3681,2462,4769,6315,3709,4912,3564,4720,2163,2865
ZA,30,1852,5834,4522,4382,2643,5460,4231,3722,2472,4796,6353,3718,4924,3603,4771,2172,2878
ZA,31,1875,5835,4524,4391,2674,5460,4234,3730,2502,4798,6354,3720,4926,3611,4781,2199,2911
ZA,32,1883,5848,4530,4422,2687,5473,4239,3757,2514,4808,6368,3725,4933,3636,4815,2209,2925
ZA,33,1904,5893,4531,4478,2716,5514,4241,3804,2542,4845,6418,3725,4934,3682,4876,2233,2956
ZA,34,1906,5915,4543,4521,2719,5535,4251,3840,2544,4864,6441,3736,4947,3717,4923,2236,2961
ZA,35,1920,5929,4543,4548,2738,5549,4252,3863,2563,4875,6456,3736,4947,3739,4952,2251,2981
ZA,36,1937,5946,4550,4571,2762,5564,4257,3883,2585,4889,6476,3742,4954,3758,4977,2271,3007
ZA,37,1954,6007,4553,4639,2787,5621,4261,3941,2609,4939,6540,3744,4959,3814,5051,2292,3035
ZA,38,1958,6016,4565,4667,2793,5630,4272,3964,2614,4946,6551,3753,4970,3838,5081,2296,3041
ZA,39,1963,6046,4567,4712,2800,5658,4273,4003,2621,4971,6583,3755,4974,3875,5131,2302,3049
ZA,40,2000,6068,4580,4736,2852,5679,4286,4023,2669,4989,6608,3766,4988,3894,5158,2345,3106
ZA,41,2005,6086,4587,4772,2860,5696,4293,4054,2676,5005,6628,3772,4994,3923,5196,2352,3115
ZA,42,2006,6097,4594,4802,2861,5706,4299,4080,2677,5013,6639,3777,5003,3949,5230,2353,3116
ZA,43,2036,6121,4598,4829,2904,5728,4303,4103,2718,5033,6664,3781,5007,3971,5259,2388,3163
ZA,44,2039,6126,4610,4853,2909,5732,4314,4123,2722,5037,6670,3790,5020,3990,5285,2391,3167
ZA,45,2082,6178,4664,4890,2969,5782,4365,4154,2778,5080,6728,3835,5079,4021,5325,2441,3233
ZA,46,2135,6183,4766,4903,3046,5785,4461,4164,2851,5084,6732,3919,5190,4031,5338,2504,3317
ZA,47,2183,6308,4852,4999,3114,5902,4541,4246,2914,5187,6868,3989,5283,4111,5444,2560,3391
ZA,48,2236,6316,4953,5005,3189,5910,4634,4252,2984,5193,6876,4073,5393,4116,5450,2622,3473
ZA,49,2278,6425,5030,5098,3249,6011,4707,4330,3041,5283,6996,4136,5477,4191,5550,2672,3538
ZA,50,2321,6524,5107,5190,3311,6106,4779,4409,3098,5364,7104,4199,5561,4267,5651,2722,3605
ZA,51,2385,6544,5224,5196,3402,6124,4888,4413,3183,5380,7125,4295,5688,4272,5658,2798,3704
ZA,52,2448,6655,5336,5294,3491,6228,4993,4498,3268,5472,7246,4388,5811,4353,5765,2871,3802
ZA,53,2512,6788,5450,5415,3583,6353,5100,4600,3352,5582,7393,4480,5934,4453,5897,2946,3901
ZA,54,2571,6796,5555,5416,3667,6360,5198,4601,3432,5589,7401,4567,6048,4454,5898,3015,3994
ZA,55,2647,6924,5692,5526,3775,6479,5326,4695,3533,5693,7540,4680,6198,4544,6017,3103,4111
ZA,56,2724,7029,5824,5622,3886,6577,5450,4776,3636,5780,7654,4788,6341,4623,6122,3195,4231
ZA,57,2795,7031,5939,5622,3987,6580,5558,4776,3731,5782,7657,4883,6467,4623,6122,3278,4341
ZA,58,2870,7132,6068,5714,4094,6675,5679,4854,3831,5864,7767,4989,6608,4698,6222,3366,4457
ZA,59,2894,7151,6083,5753,4129,6691,5693,4887,3864,5879,7786,5001,6624,4730,6265,3395,4497
ZA,60,2957,7199,6177,5805,4219,6737,5781,4932,3948,5920,7840,5079,6726,4773,6322,3468,4594
ZA,61,2992,7206,6210,5832,4267,6743,5812,4954,3994,5926,7847,5107,6763,4795,6351,3509,4647
ZA,62,3089,7344,6373,5963,4406,6873,5963,5065,4123,6039,7997,5240,6939,4903,6493,3623,4798
ZA,63,3203,7510,6562,6118,4568,7028,6141,5197,4275,6175,8178,5396,7146,5030,6662,3757,4975
ZA,64,3328,7696,6773,6291,4748,7203,6338,5344,4442,6327,8381,5569,7375,5173,6851,3904,5169
ZA,65,3449,7856,6969,6447,4919,7352,6522,5476,4603,6459,8554,5730,7588,5300,7020,4045,5357
ZA,66,3577,8042,7183,6621,5102,7526,6722,5624,4774,6612,8757,5906,7821,5444,7210,4195,5556
ZA,67,3702,8209,7387,6782,5281,7682,6912,5761,4941,6750,8939,6074,8044,5577,7386,4341,5750
ZA,68,3830,8378,7594,6946,5463,7841,7107,5900,5113,6889,9124,6244,8269,5711,7563,4492,5949
ZA,69,3989,8589,7854,7148,5690,8038,7349,6073,5325,7062,9352,6457,8552,5878,7784,4678,6197
ZA,70,4161,8821,8137,7370,5937,8254,7615,6260,5555,7253,9605,6691,8861,6060,8025,4882,6465
ZA,71,4330,9032,8409,7575,6177,8452,7869,6435,5781,7426,9835,6914,9158,6228,8247,5079,6726
ZA,72,4510,9263,8700,7799,6434,8668,8141,6625,6020,7616,10086,7153,9474,6413,8493,5290,7006
ZA,73,4715,9519,9032,8047,6726,8909,8452,6836,6294,7827,10365,7426,9835,6617,8763,5529,7323
ZA,74,4924,9779,9368,8299,7023,9151,8767,7050,6573,8041,10648,7703,10201,6824,9037,5775,7647
ZA,75,5173,10079,9770,8592,7379,9433,9142,7299,6904,8288,10976,8033,10639,7065,9357,6067,8034
ZA,76,5439,10394,10197,8900,7760,9727,9542,7561,7261,8546,11318,8384,11104,7319,9691,6381,8450
ZA,77,5706,10716,10626,9214,8140,10028,9943,7827,7616,8811,11668,8737,11571,7576,10033,6692,8863
ZA,78,6006,11069,11106,9561,8568,10360,10393,8121,8017,9102,12054,9132,12094,7861,10410,7045,9330
ZA,79,6319,11445,11611,9926,9015,10710,10866,8433,8436,9410,12462,9547,12643,8162,10809,7412,9816
ZA,80,6534,11653,11937,10146,9321,10904,11170,8619,8722,9581,12688,9814,12997,8342,11049,7664,10149
ZA,81,6947,12124,12600,10610,9910,11346,11791,9012,9273,9969,13202,10361,13720,8723,11552,8149,10791
ZA,82,7401,12642,13326,11116,10556,11830,12471,9442,9879,10394,13765,10957,14511,9140,12104,8679,11494
ZA,83,7955,13275,14217,11733,11348,12423,13304,9967,10619,10915,14455,11689,15480,9647,12776,9331,12357
ZA,84,8533,13931,15146,12374,12173,13036,14173,10511,11391,11454,15169,12453,16492,10174,13475,10009,13255
ZA,85,9143,14613,16122,13044,13044,13675,15087,11081,12205,12015,15912,13256,17555,10725,14203,10725,14203
ZA,86,9829,15384,17221,13799,14021,14396,16115,11721,13120,12649,16752,14159,18752,11346,15025,11528,15267
ZA,87,10717,16385,18650,14774,15288,15332,17452,12549,14306,13472,17840,15334,20308,12148,16087,12570,16648
ZA,88,11745,17517,20300,15882,16755,16392,18996,13492,15679,14403,19074,16692,22104,13059,17294,13777,18244
ZA,89,12984,18871,22286,17207,18522,17658,20855,14616,17333,15516,20548,18324,24267,14147,18737,15229,20169
ZA,90,18941,26752,32276,24545,27020,25035,30203,20850,25285,21996,29131,26538,35146,20182,26727,22216,29422
ZA,91,20680,28458,35012,26260,29501,26631,32764,22307,27607,23399,30988,28788,38125,21592,28595,24257,32124
ZA,92,22406,29990,37685,27841,31963,28064,35265,23649,29911,24659,32656,30986,41035,22892,30316,26281,34805
ZA,93,25203,32745,42106,30592,35954,30643,39402,25987,33645,26924,35656,34621,45849,25153,33311,29562,39150
ZA,94,28787,36397,47807,34205,41065,34061,44737,29056,38429,29926,39633,39309,52057,28125,37246,33765,44715
ZA,95,33514,41072,55303,38851,47808,38434,51751,33002,44739,33771,44722,45472,60219,31945,42304,39309,52058
ZA,96,38646,45942,63393,43737,55130,42992,59321,37152,51589,37774,50025,52123,69028,35962,47624,45329,60031
ZA,97,45028,51908,73441,49735,64234,48575,68724,42248,60108,42680,56522,60384,79969,40894,54157,52814,69944
ZA,98,56427,63018,91521,60779,80496,58972,85643,51629,75326,51815,68619,75251,99656,49974,66181,66185,87651
ZA,99,71130,74042,110125,75913,101471,69288,103052,64485,94953,60879,80624,90548,119914,62418,82661,83431,110490
ZA,99.1,74721,76329,114191,79629,106592,71428,106858,67642,99746,62759,83114,93890,124341,65473,86707,87643,116067
ZA,99.2,80032,79545,120065,85087,114169,74437,112353,72277,106837,65403,86614,98720,130737,69960,92650,93873,124318
ZA,99.3,86006,82588,126079,91180,122691,77286,117983,77453,114811,67906,89930,103665,137287,74971,99285,100879,133597
ZA,99.4,93798,86601,134053,99060,133808,81041,125444,84146,125213,71205,94299,110222,145969,81449,107865,110020,145702
ZA,99.5,104887,94333,147689,110246,149625,88275,138204,93648,140016,77562,102718,121433,160817,90647,120045,123026,162925
ZA,99.6,120466,104172,165875,125815,171851,97483,155222,106873,160813,85652,113432,136387,180620,103448,136999,141299,187126
ZA,99.7,144950,121307,196484,150142,206778,113518,183865,127537,193497,99742,132091,161554,213949,123450,163488,170017,225157
ZA,99.8,194336,153826,256242,198941,277228,143950,239784,168991,259423,126480,167500,210688,279019,163573,216625,227944,301871
ZA,99.9,247264,185770,317216,251078,352732,173843,296842,213279,330078,152745,202283,260822,345413,206442,273397,290024,384086
ZA,99.91,260296,193053,331735,263777,371322,180657,310429,224065,347473,158732,210213,272760,361222,216883,287224,305309,404329
ZA,99.92,272151,199057,344352,275237,388234,186277,322237,233800,363300,163669,216751,283134,374962,226306,299702,319214,422744
ZA,99.93,296679,213618,372665,299109,423224,199902,348731,254078,396042,175641,232606,306413,405791,245934,325697,347984,460845
ZA,99.94,328622,233665,410750,330202,468792,218662,384370,280489,438684,192125,254435,337729,447261,271499,359552,385451,510463
ZA,99.95,361318,253392,449014,361877,515435,237122,420177,307396,482331,208344,275915,369189,488926,297543,394044,423802,561252
ZA,99.96,412494,282034,506825,411087,588440,263925,474273,349198,550647,231895,307104,416722,551876,338005,447628,483829,640746
ZA,99.97,492909,321139,591586,487948,703154,300521,553592,414486,657994,264048,349685,486416,644171,401201,531321,578150,765657
ZA,99.98,643807,380791,735143,632285,918417,356342,687929,537095,859431,313095,414639,604452,800490,519879,688488,755142,1000054
ZA,99.99,796083,437863,875800,778571,1135645,409749,819551,661356,1062708,360020,476783,720102,953648,640159,847777,933752,1236591
ZA,99.991,846077,454261,919246,826698,1206964,425095,860207,702237,1129446,373504,494640,755824,1000956,679729,900182,992393,1314250
ZA,99.992,900157,469186,963148,878711,1284111,439061,901290,746420,1201639,385774,510891,791922,1048761,722496,956819,1055825,1398255
ZA,99.993,963810,483818,1011523,939941,1374914,452754,946557,798432,1286610,397806,526824,831697,1101437,772840,1023491,1130485,1497129
ZA,99.994,1047255,509405,1082036,1020275,1493952,476698,1012542,866671,1398003,418844,554685,889675,1178217,838893,1110966,1228360,1626747
ZA,99.995,1156351,542195,1173437,1125347,1649583,507383,1098071,955925,1543637,445804,590390,964826,1277742,925285,1225378,1356325,1796213
ZA,99.996,1308158,579920,1291697,1271620,1866141,542686,1208738,1080175,1746288,476823,631469,1062062,1406515,1045554,1384653,1534384,2032020
ZA,99.997,1539594,617559,1449634,1494712,2196294,577908,1356530,1269682,2055236,507771,672453,1191921,1578490,1228985,1627575,1805842,2391521
ZA,99.998,2000290,734124,1810200,1939186,2853497,686989,1693940,1647240,2670229,603613,799379,1488387,1971107,1594443,2111558,2346208,3107141
ZA,99.999,4572310,867003,3242087,4421795,6522588,811336,3033862,3756088,6103672,712869,944070,2665716,3530273,3635698,4814844,5363017,7102374
TR,0,1333,4746,2391,3479,1987,4019,2024,3064,1682,3902,5168,1966,2603,2861,3789,1633,2163
TR,1,1333,4818,2460,3968,1987,4080,2083,3495,1682,3962,5247,2023,2679,3263,4321,1633,2163
TR,2,1333,5076,2509,4546,1987,4299,2125,4004,1682,4174,5528,2063,2732,3738,4951,1633,2163
TR,3,1333,5294,2585,4958,1987,4483,2189,4367,1682,4353,5764,2126,2815,4076,5399,1633,2163
TR,4,1333,5678,2803,5485,1987,4809,2373,4831,1682,4669,6183,2305,3052,4510,5973,1633,2163
TR,5,1432,5831,2838,5666,2134,4939,2403,4991,1807,4794,6350,2334,3090,4658,6170,1755,2323
TR,6,1651,6391,3109,6232,2460,5412,2633,5489,2083,5254,6959,2556,3386,5124,6786,2023,2679
TR,7,1888,6729,3197,6533,2814,5698,2708,5755,2382,5532,7327,2629,3481,5372,7113,2313,3064
TR,8,2135,6945,3573,6698,3182,5881,3026,5899,2695,5710,7563,2937,3891,5507,7293,2616,3464
TR,9,2390,7287,3954,7008,3562,6171,3348,6171,3015,5991,7934,3251,4305,5762,7631,2929,3879
TR,10,2650,7609,4299,7349,3950,6443,3641,6472,3344,6256,8285,3535,4681,6042,8002,3248,4301
TR,11,2914,8171,4644,7943,4342,6919,3932,6994,3677,6719,8897,3818,5056,6531,8648,3570,4729
TR,12,3180,8211,5038,7972,4738,6953,4266,7021,4012,6752,8941,4142,5486,6555,8681,3896,5160
TR,13,3449,8821,5450,8535,5139,7469,4616,7517,4351,7253,9605,4481,5934,7018,9294,4226,5596
TR,14,3718,9467,5864,9172,5541,8017,4965,8078,4692,7784,10308,4822,6385,7541,9987,4556,6034
TR,15,3990,10113,6277,9808,5945,8563,5315,8639,5035,8314,11011,5161,6834,8064,10680,4889,6474
TR,16,4248,10711,6667,10403,6330,9071,5645,9162,5360,8807,11664,5481,7259,8554,11328,5205,6892
TR,17,4487,11251,7025,10937,6686,9526,5949,9633,5661,9251,12250,5777,7649,8993,11910,5497,7280
TR,18,4505,11258,7037,10962,6714,9532,5959,9654,5684,9257,12259,5786,7662,9013,11936,5520,7310
TR,19,4551,11309,7092,11024,6781,9577,6005,9708,5742,9298,12314,5831,7722,9064,12004,5575,7383
TR,20,4769,11640,7389,11343,7107,9858,6256,9990,6018,9571,12675,6075,8046,9326,12351,5843,7739
TR,21,4778,11719,7411,11474,7120,9925,6276,10106,6029,9636,12761,6093,8069,9434,12494,5854,7752
TR,22,4967,11770,7628,11534,7401,9967,6460,10158,6267,9678,12817,6272,8306,9483,12558,6085,8059
TR,23,5036,11798,7674,11620,7504,9990,6498,10234,6355,9701,12846,6310,8357,9554,12653,6170,8171
TR,24,5192,11848,7854,11701,7738,10033,6651,10306,6552,9741,12901,6458,8552,9621,12742,6362,8425
TR,25,5425,12069,8153,11946,8084,10221,6903,10522,6845,9923,13143,6703,8878,9823,13008,6647,8803
TR,26,5585,12225,8350,12129,8322,10352,7070,10682,7047,10051,13311,6866,9092,9972,13207,6843,9061
TR,27,5720,12379,8520,12305,8524,10482,7214,10838,7218,10178,13479,7005,9277,10118,13399,7009,9282
TR,28,5798,12463,8614,12405,8639,10554,7294,10925,7315,10246,13570,7083,9381,10200,13508,7103,9406
TR,29,5866,12565,8701,12520,8741,10640,7367,11026,7401,10331,13682,7154,9474,10294,13632,7186,9518
TR,30,5880,12568,8710,12534,8763,10642,7376,11039,7419,10334,13685,7162,9485,10306,13649,7205,9541
TR,31,5892,12568,8716,12546,8781,10642,7382,11049,7435,10334,13685,7167,9491,10316,13661,7219,9562
TR,32,5975,12715,8828,12704,8903,10766,7475,11189,7540,10454,13844,7259,9613,10446,13833,7321,9695
TR,33,6050,12841,8926,12843,9015,10874,7559,11311,7634,10558,13983,7339,9719,10560,13984,7412,9817
TR,34,6085,12877,8964,12891,9067,10905,7591,11354,7678,10588,14022,7371,9761,10600,14037,7456,9874
TR,35,6190,13058,9104,13084,9224,11056,7710,11524,7810,10736,14217,7485,9912,10758,14248,7585,10044
TR,36,6241,13113,9164,13156,9299,11105,7759,11587,7875,10782,14279,7535,9979,10817,14325,7647,10126
TR,37,6301,13180,9235,13238,9389,11161,7819,11660,7951,10837,14352,7593,10056,10885,14415,7719,10223
TR,38,6341,13195,9275,13269,9449,11174,7854,11687,8001,10849,14368,7626,10099,10909,14448,7769,10289
TR,39,6439,13270,9399,13355,9596,11237,7959,11763,8125,10911,14449,7728,10234,10981,14543,7889,10448
TR,40,6462,13314,9407,13430,9630,11275,7966,11829,8154,10947,14498,7735,10244,11043,14624,7917,10486
TR,41,6540,13320,9498,13451,9747,11280,8042,11847,8254,10952,14504,7809,10342,11060,14647,8014,10614
TR,42,6589,13327,9543,13479,9819,11285,8081,11872,8314,10958,14511,7847,10392,11083,14677,8073,10692
TR,43,6784,13592,9798,13769,10109,11511,8297,12126,8560,11175,14800,8057,10669,11321,14993,8312,11008
TR,44,6933,13774,9988,13974,10330,11664,8458,12308,8748,11325,14998,8212,10875,11490,15217,8494,11248
TR,45,7090,13973,10188,14198,10566,11832,8628,12504,8947,11489,15215,8376,11094,11673,15459,8687,11504
TR,46,7263,14212,10413,14460,10822,12035,8817,12735,9164,11685,15475,8562,11338,11889,15745,8899,11784
TR,47,7428,14442,10626,14713,11068,12229,8998,12958,9372,11875,15725,8737,11571,12097,16020,9101,12052
TR,48,7590,14674,10837,14969,11310,12425,9177,13183,9577,12065,15978,8911,11800,12308,16300,9299,12316
TR,49,7725,14863,11011,15179,11512,12586,9324,13368,9749,12221,16184,9054,11990,12481,16528,9466,12535
TR,50,7813,14966,11118,15302,11642,12674,9415,13476,9858,12306,16297,9141,12107,12582,16662,9572,12676
TR,51,7978,15221,11336,15578,11888,12890,9599,13721,10067,12516,16574,9320,12344,12809,16963,9775,12945
TR,52,8127,15449,11530,15829,12112,13082,9763,13940,10256,12702,16822,9480,12555,13015,17236,9959,13189
TR,53,8251,15628,11689,16029,12295,13234,9898,14116,10412,12850,17017,9611,12728,13179,17453,10109,13388
TR,54,8411,15875,11899,16300,12534,13442,10076,14356,10613,13053,17286,9784,12957,13402,17748,10306,13649
TR,55,8572,16119,12109,16568,12773,13649,10254,14591,10816,13253,17552,9956,13185,13622,18041,10503,13909
TR,56,8752,16392,12345,16866,13042,13881,10453,14855,11044,13478,17849,10150,13442,13867,18365,10724,14201
TR,57,8878,16558,12503,17056,13230,14022,10586,15022,11203,13615,18030,10280,13614,14024,18573,10878,14405
TR,58,9052,16807,12727,17331,13487,14232,10777,15264,11422,13819,18301,10465,13859,14250,18872,11089,14686
TR,59,9246,17055,12979,17605,13779,14442,10990,15506,11667,14023,18571,10671,14132,14476,19170,11330,15004
TR,60,9277,17087,12999,17665,13824,14469,11008,15558,11706,14048,18605,10688,14155,14524,19235,11366,15053
TR,61,9487,17350,13271,17955,14137,14692,11238,15814,11971,14266,18892,10912,14450,14762,19550,11623,15394
TR,62,9664,17577,13495,18214,14402,14884,11427,16041,12195,14453,19139,11095,14694,14976,19832,11842,15682
TR,63,9883,17876,13776,18545,14727,15136,11666,16334,12471,14698,19464,11327,15000,15248,20194,12109,16036
TR,64,10097,18161,14050,18867,15045,15379,11897,16615,12741,14932,19776,11552,15298,15513,20544,12370,16382
TR,65,10322,18464,14337,19203,15382,15636,12141,16913,13025,15181,20105,11789,15612,15790,20911,12647,16749
TR,66,10576,18815,14665,19592,15759,15932,12418,17255,13344,15470,20487,12058,15969,16109,21333,12958,17161
TR,67,10798,19108,14948,19922,16090,16181,12658,17546,13625,15711,20806,12291,16277,16380,21693,13229,17520
TR,68,11009,19382,15215,20233,16405,16413,12884,17819,13892,15935,21105,12510,16568,16636,22031,13489,17864
TR,69,11273,19747,15555,20639,16799,16721,13172,18177,14226,16237,21502,12790,16938,16969,22473,13813,18292
TR,70,11589,20203,15966,21139,17270,17107,13520,18618,14624,16611,21999,13128,17385,17381,23017,14200,18805
TR,71,11825,20513,16266,21491,17620,17371,13774,18928,14920,16867,22337,13374,17712,17671,23401,14487,19186
TR,72,12110,20908,16632,21929,18045,17705,14084,19314,15281,17191,22766,13676,18112,18031,23878,14837,19649
TR,73,12384,21280,16983,22346,18455,18019,14381,19680,15627,17497,23170,13965,18493,18374,24332,15174,20096
TR,74,12672,21667,17349,22781,18883,18348,14691,20063,15989,17815,23593,14265,18891,18731,24806,15526,20561
TR,75,12988,22098,17755,23261,19354,18713,15034,20487,16388,18170,24062,14599,19333,19125,25329,15914,21074
TR,76,13288,22492,18137,23706,19803,19045,15357,20878,16768,18493,24490,14913,19750,19491,25813,16283,21564
TR,77,13630,22946,18572,24215,20311,19430,15727,21326,17198,18867,24985,15270,20222,19910,26368,16699,22116
TR,78,14008,23451,19055,24781,20874,19859,16136,21825,17676,19282,25536,15667,20749,20375,26983,17163,22730
TR,79,14383,23941,19533,25332,21433,20274,16541,22311,18149,19685,26070,16061,21270,20828,27583,17622,23338
TR,80,14958,24668,20269,26143,22290,20889,17163,23025,18874,20283,26861,16666,22071,21496,28467,18328,24272
TR,81,15600,25400,21083,26971,23247,21508,17853,23754,19685,20884,27657,17334,22957,22176,29368,19115,25314
TR,82,16485,26421,22211,28117,24566,22373,18809,24764,20801,21724,28770,18262,24186,23119,30617,20199,26749
TR,83,17573,27646,23597,29495,26186,23411,19982,25977,22173,22732,30104,19401,25694,24251,32116,21530,28513
TR,84,18904,29125,25293,31153,28168,24664,21418,27437,23853,23948,31714,20796,27541,25615,33922,23161,30672
TR,85,20469,30827,27286,33067,30502,26104,23106,29123,25828,25346,33567,22434,29711,27189,36007,25079,33214
TR,86,22342,32845,29671,35335,33293,27813,25124,31120,28192,27005,35764,24396,32308,29054,38477,27374,36252
TR,87,24624,35299,32578,38092,36694,29892,27586,33549,31072,29023,38437,26787,35474,31320,41477,30171,39956
TR,88,27302,38144,35986,41288,40684,32300,30472,36364,34450,31363,41534,29589,39185,33947,44958,33452,44301
TR,89,30455,41456,39997,45015,45383,35105,33868,39645,38429,34086,45141,32886,43553,37012,49016,37315,49417
TR,90,34438,45744,45079,49820,51317,38737,38172,43878,43454,37612,49811,37065,49086,40963,54248,42194,55878
TR,91,38495,49946,50234,54553,57363,42295,42537,48047,48574,41067,54386,41304,54699,44854,59402,47165,62462
TR,92,43206,54807,56220,60032,64384,46410,47606,52871,54519,45063,59679,46225,61217,49360,65368,52938,70107
TR,93,48891,60665,63443,66631,72855,51370,53723,58683,61692,49880,66058,52165,69082,54785,72553,59903,79331
TR,94,56033,68015,72521,74911,83498,57595,61409,65976,70704,55923,74061,59629,78968,61594,81570,68654,90919
TR,95,66234,78615,85504,86826,98698,66570,72402,76470,83575,64639,85602,70303,93104,71391,94544,81152,107472
TR,96,79248,91448,101717,101714,118091,77437,86133,89581,99998,75190,99576,83634,110759,83631,110755,97097,128588
TR,97,99392,101714,118741,124626,148110,86130,100548,109762,125417,83631,110755,97631,129295,102470,135705,121779,161276
TR,98,138984,123957,154189,169355,207108,104967,130564,149154,175375,101920,134976,126777,167895,139247,184408,170288,225517
TR,99,266796,205032,280429,308550,397568,173620,237463,271749,336653,168582,223258,230576,305357,253697,335977,326889,432907
TR,99.1,283922,215416,296704,327511,423090,182413,251243,288447,358264,177120,234563,243956,323077,269287,356623,347874,460697
TR,99.2,305765,228460,317301,351679,455638,193460,268684,309733,385826,187845,248768,260892,345506,289159,382939,374636,496139
TR,99.3,331536,243161,341110,380068,494041,205907,288846,334736,418345,199932,264774,280468,371431,312501,413851,406212,537955
TR,99.4,364372,261096,370845,416139,542972,221095,314025,366505,459779,214679,284304,304917,403809,342159,453129,446443,591236
TR,99.5,407375,287354,412246,463243,607052,243331,349083,407991,514042,236269,312896,338958,448890,380888,504421,499132,661013
TR,99.6,464910,322261,467671,525969,692789,272890,396015,463235,586642,264970,350907,384529,509242,432463,572721,569627,754371
TR,99.7,558930,377532,556954,628179,832896,319693,471620,553254,705281,310416,411091,457940,606462,516503,684017,684826,906931
TR,99.8,744601,480113,728378,829096,1109573,406557,616778,730208,939567,394760,522788,598888,793123,681701,902793,912316,1208202
TR,99.9,938385,578765,900806,1037899,1398343,490094,762786,914105,1184092,475873,630211,740663,980878,853384,1130157,1149748,1522640
TR,99.91,996821,606983,951886,1100352,1485422,513991,806040,969110,1257828,499075,660938,782662,1036499,904735,1198162,1221347,1617459
TR,99.92,1058966,635128,1004851,1166461,1578028,537823,850891,1027334,1336247,522217,691584,826211,1094171,959090,1270146,1297489,1718297
TR,99.93,1145607,674277,1078406,1258907,1707135,570975,913175,1108754,1445573,554406,734213,886690,1174264,1035101,1370810,1403645,1858881
TR,99.94,1258555,728400,1176902,1379454,1875445,616806,996581,1214923,1588094,598907,793146,967675,1281515,1134218,1502072,1542033,2042151
TR,99.95,1391454,789779,1291240,1520753,2073486,668781,1093400,1339369,1755791,649374,859981,1061686,1406018,1250397,1655931,1704865,2257796
TR,99.96,1584175,875483,1454171,1725744,2360671,741354,1231366,1519911,1998975,719842,953304,1195652,1583430,1418945,1879144,1940997,2570509
TR,99.97,1890162,1002555,1705289,2051079,2816641,848959,1444009,1806442,2385082,824323,1091671,1402127,1856871,1686443,2233398,2315904,3067009
TR,99.98,2482184,1215246,2163424,2679859,3698846,1029065,1831950,2360226,3132118,999202,1323268,1778815,2355728,2203439,2918069,3041274,4027632
TR,99.99,3083909,1430484,2628588,3318520,4595512,1211326,2225842,2922711,3891398,1176175,1557637,2161283,2862241,2728561,3613499,3778532,5004001
TR,99.991,3273920,1499063,2775948,3520260,4878657,1269400,2350624,3100390,4131161,1232563,1632314,2282446,3022699,2894436,3833173,4011341,5312316
TR,99.992,3489122,1573553,2940235,3748615,5199344,1332476,2489740,3301508,4402712,1293810,1713424,2417527,3201590,3082195,4081826,4275016,5661507
TR,99.993,3752356,1631801,3115512,4024880,5591604,1381802,2638161,3544822,4734871,1341704,1776850,2561643,3392446,3309346,4382647,4597541,6088636
TR,99.994,4085449,1710909,3340408,4376443,6087965,1448789,2828598,3854454,5155181,1406747,1862990,2746558,3637334,3598409,4765460,5005660,6629118
TR,99.995,4530189,1800102,3626479,4846131,6750698,1524319,3070839,4268120,5716373,1480083,1960111,2981772,3948833,3984597,5276898,5550574,7350759
TR,99.996,5157364,1933477,4036116,5508821,7685287,1637260,3417711,4851769,6507767,1589748,2105342,3318584,4394882,4529475,5998493,6319014,8368424
TR,99.997,6124473,2243878,4753086,6535821,9126433,1900106,4024829,5756277,7728102,1844967,2443335,3908094,5175583,5373897,7116782,7503956,9937671
TR,99.998,7964485,2583866,5913984,8476324,11868342,2188005,5007858,7465331,10049903,2124512,2813543,4862609,6439671,6969423,9229776,9758415,12923306
TR,99.999,18591179,3058942,11334874,19705068,27703795,2590297,9598171,17354794,23459086,2515130,3330847,9319785,12342418,16201945,21456630,22778675,30166355
NG,0,10,75,69,-47,15,71,65,-35,13,61,81,57,76,-39,-51,12,16
NG,1,10,85,79,9,15,80,73,7,13,69,93,64,85,8,11,12,16
NG,2,10,104,92,47,15,97,87,35,13,85,113,75,100,39,51,12,16
NG,3,10,147,128,92,15,139,120,71,13,120,161,105,140,75,100,12,16
NG,4,10,243,203,172,15,228,189,131,13,199,264,165,221,141,188,12,16
NG,5,52,364,344,181,76,341,322,137,71,297,397,281,374,148,197,63,83
NG,6,138,882,845,424,200,829,794,321,188,722,962,692,922,346,462,164,219
NG,7,224,1335,1297,650,324,1254,1218,493,304,1093,1456,1061,1414,532,709,265,353
NG,8,311,1739,1706,860,448,1634,1602,653,421,1423,1898,1395,1860,704,938,366,489
NG,9,397,2108,2089,1055,573,1980,1962,801,538,1724,2300,1710,2280,863,1151,469,625
NG,10,484,2447,2448,1238,697,2297,2299,939,654,2002,2669,2003,2670,1013,1350,570,761
NG,11,571,2769,2792,1417,822,2601,2622,1075,772,2265,3021,2284,3045,1159,1546,673,897
NG,12,657,3076,3124,1590,947,2888,2933,1206,889,2516,3355,2556,3407,1301,1734,776,1034
NG,13,744,3370,3447,1758,1071,3166,3237,1334,1006,2757,3677,2821,3760,1438,1918,877,1169
NG,14,831,3645,3752,1918,1198,3423,3525,1455,1125,2982,3976,3070,4094,1568,2092,981,1307
NG,15,917,3910,4051,2075,1323,3673,3804,1575,1242,3199,4266,3314,4419,1698,2264,1082,1443
NG,16,1004,4166,4341,2228,1447,3912,4078,1691,1359,3409,4545,3553,4736,1823,2431,1185,1579
NG,17,1091,4417,4628,2381,1572,4150,4345,1807,1478,3614,4820,3787,5049,1948,2597,1286,1715
NG,18,1178,4660,4906,2531,1698,4376,4608,1920,1595,3812,5082,4015,5353,2071,2761,1389,1852
NG,19,1264,4897,5181,2677,1823,4600,4867,2032,1712,4007,5342,4239,5651,2191,2921,1491,1988
NG,20,1318,5012,5325,2757,1902,4708,5001,2092,1786,4100,5467,4356,5809,2256,3008,1556,2075
NG,21,1364,5092,5430,2820,1967,4783,5100,2140,1847,4166,5554,4443,5923,2307,3076,1610,2145
NG,22,1411,5173,5539,2881,2033,4859,5202,2187,1911,4232,5643,4532,6043,2357,3144,1664,2219
NG,23,1451,5236,5626,2933,2091,4917,5284,2227,1964,4284,5711,4603,6138,2400,3199,1711,2281
NG,24,1488,5289,5702,2980,2145,4966,5356,2261,2015,4327,5769,4665,6220,2437,3250,1755,2340
NG,25,1531,5353,5794,3033,2207,5028,5442,2301,2072,4380,5841,4740,6320,2481,3309,1806,2408
NG,26,1573,5410,5879,3085,2269,5081,5522,2341,2131,4427,5902,4811,6414,2524,3365,1856,2476
NG,27,1614,5463,5959,3133,2327,5132,5597,2377,2185,4471,5961,4876,6502,2564,3418,1904,2539
NG,28,1652,5507,6030,3177,2381,5173,5663,2411,2236,4507,6009,4933,6578,2600,3466,1948,2597
NG,29,1695,5570,6119,3229,2443,5232,5746,2451,2295,4557,6076,5006,6675,2641,3522,1999,2665
NG,30,1729,5607,6179,3267,2492,5266,5803,2480,2340,4588,6116,5056,6741,2673,3565,2039,2718
NG,31,1781,5707,6307,3341,2568,5360,5923,2536,2412,4669,6226,5160,6880,2733,3645,2101,2801
NG,32,1823,5775,6400,3398,2628,5425,6011,2579,2469,4725,6300,5237,6983,2780,3707,2149,2866
NG,33,1867,5846,6495,3455,2692,5491,6099,2622,2528,4783,6378,5314,7085,2828,3770,2203,2937
NG,34,1912,5918,6594,3514,2757,5558,6192,2666,2589,4843,6456,5394,7193,2876,3834,2256,3008
NG,35,1955,5975,6677,3566,2817,5611,6272,2706,2646,4889,6519,5463,7285,2917,3890,2305,3073
NG,36,2003,6054,6784,3630,2888,5686,6372,2754,2712,4953,6604,5550,7401,2970,3960,2363,3150
NG,37,2050,6127,6885,3691,2956,5755,6467,2801,2776,5013,6684,5634,7512,3020,4027,2419,3225
NG,38,2097,6202,6988,3752,3024,5825,6563,2848,2840,5074,6765,5718,7624,3070,4094,2473,3298
NG,39,2144,6224,7055,3768,3090,5846,6625,2860,2902,5093,6791,5771,7696,3084,4111,2528,3371
NG,40,2152,6276,7089,3847,3102,5895,6657,2920,2914,5136,6848,5801,7734,3148,4196,2539,3385
NG,41,2200,6292,7151,3860,3171,5910,6716,2929,2978,5148,6864,5850,7801,3158,4211,2594,3459
NG,42,2247,6359,7246,3919,3239,5973,6805,2974,3042,5202,6937,5929,7905,3206,4275,2650,3534
NG,43,2292,6423,7338,3975,3305,6032,6892,3017,3104,5256,7007,6005,8006,3253,4336,2704,3605
NG,44,2338,6491,7432,4034,3370,6096,6980,3061,3165,5310,7081,6080,8107,3301,4400,2757,3677
NG,45,2385,6558,7526,4092,3439,6158,7069,3106,3230,5365,7153,6158,8210,3349,4464,2814,3752
NG,46,2441,6643,7648,4163,3519,6239,7182,3159,3305,5436,7246,6258,8343,3406,4541,2880,3839
NG,47,2497,6735,7771,4239,3601,6326,7298,3217,3381,5510,7346,6359,8478,3469,4624,2946,3928
NG,48,2547,6801,7867,4299,3673,6387,7389,3262,3449,5565,7420,6438,8583,3517,4689,3005,4007
NG,49,2598,6880,7978,4365,3746,6463,7493,3313,3518,5629,7506,6527,8703,3571,4763,3065,4087
NG,50,2636,6913,8037,4405,3800,6494,7549,3343,3570,5657,7542,6575,8767,3605,4807,3109,4146
NG,51,2693,6996,8154,4477,3882,6571,7658,3398,3646,5723,7632,6671,8895,3663,4884,3175,4235
NG,52,2747,7079,8267,4548,3960,6648,7765,3451,3721,5791,7721,6764,9019,3721,4961,3241,4320
NG,53,2806,7169,8394,4624,4046,6733,7883,3510,3800,5866,7821,6868,9157,3783,5044,3310,4413
NG,54,2864,7252,8511,4696,4130,6812,7994,3565,3879,5934,7911,6964,9285,3842,5122,3379,4505
NG,55,2925,7350,8642,4777,4216,6903,8117,3626,3960,6014,8018,7071,9428,3908,5212,3450,4600
NG,56,2986,7436,8766,4853,4304,6984,8233,3683,4042,6083,8111,7172,9562,3971,5294,3522,4696
NG,57,3046,7518,8886,4926,4391,7061,8346,3739,4123,6151,8202,7270,9693,4031,5374,3593,4791
NG,58,3107,7596,9004,4998,4479,7133,8456,3794,4207,6215,8286,7366,9822,4090,5453,3665,4886
NG,59,3172,7697,9141,5084,4572,7229,8586,3858,4295,6298,8398,7480,9973,4159,5546,3740,4988
NG,60,3255,7837,9329,5197,4693,7360,8762,3943,4408,6412,8550,7633,10177,4252,5670,3840,5120
NG,61,3318,7921,9452,5272,4783,7440,8876,4000,4492,6480,8642,7733,10311,4313,5751,3912,5217
NG,62,3384,8021,9589,5358,4878,7533,9005,4067,4581,6563,8750,7846,10461,4384,5846,3991,5322
NG,63,3453,8114,9725,5442,4978,7621,9133,4130,4675,6639,8851,7957,10609,4452,5937,4074,5432
NG,64,3525,8217,9873,5533,5082,7718,9272,4199,4773,6723,8964,8078,10771,4527,6035,4159,5545
NG,65,3606,8336,10041,5634,5200,7829,9431,4276,4884,6821,9093,8215,10954,4609,6146,4255,5673
NG,66,3688,8447,10205,5734,5317,7934,9584,4352,4993,6911,9216,8350,11132,4692,6255,4351,5801
NG,67,3770,8563,10371,5835,5436,8043,9741,4428,5105,7007,9343,8486,11315,4775,6366,4447,5930
NG,68,3862,8707,10567,5955,5567,8178,9925,4519,5229,7124,9498,8646,11528,4872,6496,4555,6074
NG,69,3954,8846,10762,6074,5701,8307,10107,4609,5354,7237,9649,8806,11740,4969,6625,4664,6219
NG,70,4059,9005,10984,6208,5853,8458,10317,4712,5497,7368,9824,8987,11982,5080,6773,4788,6384
NG,71,4153,9145,11179,6328,5987,8588,10499,4803,5622,7482,9977,9147,12196,5178,6904,4898,6531
NG,72,4260,9301,11403,6463,6142,8736,10708,4904,5769,7610,10147,9329,12439,5288,7051,5025,6700
NG,73,4369,9463,11629,6600,6299,8887,10922,5009,5915,7742,10323,9514,12686,5400,7200,5154,6872
NG,74,4477,9605,11844,6728,6455,9021,11123,5106,6062,7858,10478,9690,12920,5505,7340,5281,7041
NG,75,4587,9764,12069,6865,6613,9169,11335,5210,6211,7989,10651,9874,13166,5617,7489,5412,7214
NG,76,4715,9950,12335,7027,6799,9345,11585,5332,6384,8141,10854,10093,13458,5749,7665,5562,7417
NG,77,4853,10147,12622,7197,6997,9530,11854,5461,6571,8302,11070,10327,13769,5889,7851,5725,7633
NG,78,5000,10354,12923,7376,7209,9724,12137,5597,6771,8471,11295,10574,14098,6035,8046,5898,7865
NG,79,5148,10555,13223,7553,7422,9914,12418,5733,6971,8636,11515,10819,14425,6179,8239,6072,8097
NG,80,5321,10806,13584,7767,7672,10149,12758,5895,7205,8842,11788,11115,14819,6355,8474,6276,8368
NG,81,5486,11024,13916,7962,7909,10354,13068,6043,7428,9020,12026,11385,15181,6515,8686,6471,8628
NG,82,5674,11291,14304,8191,8179,10605,13434,6216,7682,9237,12317,11703,15604,6701,8936,6692,8923
NG,83,5877,11572,14719,8435,8472,10868,13824,6402,7958,9468,12623,12044,16057,6901,9201,6932,9243
NG,84,6119,11929,15232,8738,8822,11204,14306,6631,8286,9760,13014,12463,16617,7149,9532,7217,9624
NG,85,6379,12286,15768,9047,9196,11540,14809,6865,8636,10053,13404,12902,17202,7402,9869,7524,10032
NG,86,6656,12659,16337,9372,9596,11890,15343,7112,9012,10358,13811,13367,17823,7668,10223,7851,10469
NG,87,6994,13122,17035,9769,10083,12324,15999,7413,9469,10736,14314,13939,18584,7993,10656,8250,11000
NG,88,7372,13601,17800,10193,10628,12774,16717,7734,9982,11128,14838,14564,19418,8339,11119,8696,11595
NG,89,7828,14172,18724,10698,11285,13311,17584,8119,10599,11595,15460,15319,20425,8752,11671,9233,12312
NG,90,8464,15015,20046,11420,12202,14102,18826,8667,11460,12285,16381,16401,21869,9344,12458,9984,13311
NG,91,9130,15861,21408,12157,13162,14897,20106,9227,12362,12978,17303,17515,23353,9946,13262,10768,14358
NG,92,9919,16873,23029,13036,14300,15848,21629,9893,13430,13805,18408,18842,25123,10666,14221,11700,15600
NG,93,10921,18151,25092,14144,15746,17047,23566,10732,14787,14850,19800,20529,27373,11572,15430,12883,17177
NG,94,12219,19792,27764,15566,17615,18589,26076,11812,16544,16193,21593,22716,30288,12735,16981,14413,19217
NG,95,14080,22115,31595,17576,20299,20771,29673,13339,19065,18095,24126,25850,34467,14381,19174,16608,22144
NG,96,16650,25377,36917,20383,24005,23835,34672,15468,22544,20763,27685,30205,40274,16677,22236,19641,26187
NG,97,20395,29981,44614,24379,29403,28158,41901,18501,27615,24530,32708,36503,48670,19947,26595,24057,32076
NG,98,26550,37428,57227,30863,38276,35152,53746,23421,35948,30622,40830,46822,62429,25252,33670,31316,41756
NG,99,31681,43848,67819,36404,45673,41181,63695,27627,42896,35875,47834,55489,73985,29785,39714,37369,49826
NG,99.1,33025,45434,70560,37795,47612,42671,66268,28682,44717,37173,49565,57732,76975,30923,41231,38956,51940
NG,99.2,34572,47246,73709,39385,49843,44373,69226,29888,46811,38656,51541,60308,80411,32224,42966,40780,54374
NG,99.3,36442,49434,77519,41304,52537,46428,72804,31344,49342,40446,53927,63424,84566,33794,45059,42986,57313
NG,99.4,38645,51986,82000,43547,55716,48825,77014,33047,52327,42534,56711,67092,89455,35629,47506,45586,60781
NG,99.5,41715,55576,88267,46686,60141,52196,82900,35430,56483,45471,60627,72219,96292,38198,50930,49206,65609
NG,99.6,45616,60078,96215,50636,65766,56426,90363,38427,61765,49155,65539,78721,104962,41429,55239,53809,71745
NG,99.7,51478,66825,108165,56551,74214,62762,101586,42916,69701,54675,72900,88499,117998,46269,61692,60721,80961
NG,99.8,62181,79119,130011,67308,89645,74309,122104,51080,84194,64734,86311,106373,141831,55069,73427,73347,97795
NG,99.9,73194,91227,151742,78364,105523,85681,142515,59469,99105,74641,99521,124153,165537,64116,85488,86336,115116
NG,99.91,76463,92971,155659,81587,110236,87319,146192,61916,103532,76068,101422,127357,169809,66753,89004,90193,120257
NG,99.92,80049,94514,159461,85103,115406,88768,149762,64584,108386,77330,103107,130468,173958,69629,92839,94424,125897
NG,99.93,84199,95867,163265,89158,121389,90038,153335,67661,114006,78437,104582,133581,178107,72947,97262,99318,132424
NG,99.94,89516,97323,167716,94373,129054,91407,157515,71618,121206,79628,106172,137222,182963,77214,102952,105589,140786
NG,99.95,96093,99497,173766,100815,138537,93448,163197,76506,130111,81406,108542,142172,189563,82485,109980,113349,151131
NG,99.96,104887,105010,185567,109423,151215,98625,174280,83040,142017,85917,114556,151828,202437,89528,119371,123721,164961
NG,99.97,118896,114172,204796,123206,171411,107231,192340,93499,160986,93414,124552,167560,223413,100804,134406,140245,186994
NG,99.98,144314,132651,242274,148242,208056,124586,227538,112500,195402,108533,144711,198223,264298,121288,161718,170228,226971
NG,99.99,169051,147248,274303,172382,243721,138296,257620,130819,228898,120475,160635,224430,299239,141041,188053,199408,265877
NG,99.991,176248,150345,282100,179336,254095,141205,264942,136097,238641,123010,164013,230809,307745,146729,195640,207897,277195
NG,99.992,184558,156056,293684,187643,266076,146568,275822,142400,249893,127682,170242,240287,320383,153525,204701,217699,290265
NG,99.993,194519,159034,302881,197105,280437,149365,284460,149581,263380,130119,173493,247812,330416,161268,215024,229448,305932
NG,99.994,206935,166815,319600,209222,298337,156673,300160,158777,280192,136485,181980,261491,348655,171182,228242,244094,325459
NG,99.995,222859,176300,340316,224779,321295,165581,319617,170582,301753,144246,192328,278440,371254,183910,245213,262878,350503
NG,99.996,244595,188596,367561,246077,352631,177129,345205,186745,331184,154305,205740,300732,400976,201336,268448,288516,384688
NG,99.997,277286,208485,409979,278442,399761,195810,385044,211307,375447,170580,227438,335437,447249,227817,303755,327077,436103
NG,99.998,337338,231167,469205,337284,486337,217112,440667,255961,456759,189137,252183,383894,511860,275960,367946,397913,530550
NG,99.999,608946,162432,492803,603796,877912,152557,462831,458214,824518,132899,177198,403203,537604,494014,658687,718292,957722
FR,0,8323,13640,11295,13552,11043,12421,10285,12277,10056,10523,15199,8714,12586,10455,15100,8518,12305
FR,1,8522,13992,11548,13908,11308,12742,10515,12599,10297,10794,15591,8909,12868,10729,15498,8723,12600
FR,2,8522,13993,11551,13915,11308,12743,10518,12605,10297,10795,15594,8911,12871,10734,15505,8723,12600
FR,3,8522,13996,11560,13918,11308,12744,10526,12608,10297,10796,15595,8918,12882,10737,15509,8723,12600
FR,4,8522,14001,11562,13934,11308,12750,10527,12622,10297,10801,15601,8919,12883,10750,15527,8723,12600
FR,5,8522,14019,11566,13959,11308,12766,10532,12645,10297,10815,15620,8922,12887,10768,15554,8723,12600
FR,6,8717,14313,11804,14257,11566,13033,10749,12915,10532,11042,15949,9105,13153,10999,15887,8922,12887
FR,7,8898,14532,12031,14489,11806,13233,10956,13125,10751,11211,16192,9280,13405,11177,16145,9108,13155
FR,8,9161,14774,12350,14755,12154,13454,11247,13367,11068,11397,16462,9527,13762,11383,16441,9376,13544
FR,9,9483,15008,12739,15017,12583,13666,11600,13603,11457,11578,16723,9827,14195,11585,16733,9706,14021
FR,10,9653,15041,12913,15093,12808,13697,11760,13673,11663,11603,16761,9961,14388,11644,16819,9880,14271
FR,11,10077,15302,13433,15376,13370,13934,12232,13929,12175,11805,17051,10363,14968,11861,17133,10314,14899
FR,12,10177,15406,13521,15530,13504,14028,12312,14069,12296,11885,17166,10430,15066,11981,17305,10417,15047
FR,13,10676,15631,14138,15767,14166,14233,12875,14284,12900,12058,17416,10906,15754,12164,17569,10928,15785
FR,14,10724,15795,14159,15992,14228,14384,12893,14487,12957,12185,17601,10922,15777,12336,17819,10977,15854
FR,15,11281,16223,14855,16441,14968,14773,13528,14893,13631,12515,18077,11460,16553,12684,18321,11547,16679
FR,16,11885,16922,15619,17173,15771,15408,14223,15558,14360,13054,18856,12049,17404,13248,19136,12166,17573
FR,17,12511,17574,16412,17852,16600,16004,14945,16173,15115,13557,19583,12661,18288,13771,19892,12805,18497
FR,18,12532,17663,16416,17976,16628,16085,14949,16284,15141,13626,19683,12664,18292,13867,20030,12827,18528
FR,19,12760,17801,16695,18125,16930,16210,15202,16419,15418,13732,19836,12879,18603,13982,20197,13060,18865
FR,20,13020,18093,17018,18438,17275,16476,15498,16702,15732,13957,20161,13128,18964,14224,20545,13326,19250
FR,21,13103,18190,17119,18544,17386,16564,15589,16799,15832,14033,20269,13206,19075,14306,20664,13412,19373
FR,22,13372,18558,17464,18926,17743,16899,15903,17145,16157,14316,20679,13472,19460,14600,21090,13688,19771
FR,23,13526,18776,17660,19156,17947,17098,16081,17353,16343,14484,20922,13623,19678,14777,21346,13845,19998
FR,24,13718,19052,17906,19443,18202,17348,16305,17613,16575,14697,21229,13814,19952,14999,21665,14041,20281
FR,25,13827,19213,18043,19613,18346,17495,16431,17767,16707,14821,21408,13919,20105,15131,21855,14153,20443
FR,26,14031,19443,18295,19861,18617,17705,16660,17992,16953,14999,21665,14114,20387,15322,22131,14362,20745
FR,27,14194,19611,18495,20045,18834,17858,16841,18159,17150,15128,21852,14267,20608,15463,22336,14530,20987
FR,28,14400,19829,18747,20283,19106,18057,17071,18374,17398,15296,22095,14462,20889,15647,22601,14739,21290
FR,29,14518,19919,18885,20389,19263,18138,17196,18470,17542,15366,22194,14568,21043,15729,22719,14861,21465
FR,30,14602,19954,18974,20441,19375,18170,17279,18517,17643,15392,22234,14637,21143,15769,22777,14946,21589
FR,31,14748,20078,19147,20582,19568,18283,17435,18645,17818,15488,22372,14770,21335,15877,22934,15096,21804
FR,32,15005,20350,19464,20878,19910,18530,17724,18913,18130,15698,22676,15015,21688,16106,23263,15359,22185
FR,33,15353,20745,19898,21298,20371,18889,18119,19294,18550,16003,23115,15349,22172,16430,23732,15714,22698
FR,34,15642,21061,20255,21639,20755,19178,18445,19602,18900,16247,23467,15625,22570,16693,24112,16011,23127
FR,35,15965,21425,20658,22028,21183,19510,18811,19955,19290,16528,23874,15937,23019,16993,24545,16342,23605
FR,36,16255,21822,21027,22443,21569,19871,19148,20331,19641,16834,24316,16221,23430,17313,25008,16639,24034
FR,37,16333,21923,21121,22556,21672,19964,19233,20433,19735,16913,24429,16293,23534,17400,25133,16718,24149
FR,38,16852,22527,21772,23194,22360,20513,19825,21011,20361,17378,25101,16796,24260,17892,25844,17250,24916
FR,39,17152,22832,22139,23526,22758,20791,20160,21312,20724,17613,25441,17078,24669,18148,26215,17557,25359
FR,40,17334,22991,22355,23707,23000,20937,20358,21475,20944,17736,25620,17245,24910,18288,26416,17743,25629
FR,41,17734,23450,22856,24195,23531,21354,20812,21919,21428,18089,26129,17632,25468,18665,26961,18152,26220
FR,42,18152,23949,23379,24723,24084,21808,21289,22397,21932,18475,26685,18035,26051,19072,27549,18579,26837
FR,43,18725,24743,24114,25549,24846,22531,21959,23145,22625,19087,27571,18602,26870,19709,28468,19167,27686
FR,44,18838,24946,24259,25762,24996,22717,22091,23339,22761,19244,27797,18715,27031,19874,28707,19282,27852
FR,45,19008,25232,24479,26060,25221,22976,22291,23607,22967,19465,28115,18884,27277,20103,29038,19457,28104
FR,46,19426,25763,25007,26621,25776,23460,22771,24117,23472,19875,28708,19291,27865,20536,29664,19884,28722
FR,47,19605,25949,25223,26829,26015,23629,22968,24304,23689,20017,28914,19457,28105,20696,29895,20068,28987
FR,48,19746,26077,25387,26976,26200,23746,23118,24437,23858,20117,29058,19584,28288,20809,30058,20212,29195
FR,49,19812,26077,25455,26990,26287,23746,23180,24450,23937,20117,29058,19638,28364,20821,30075,20278,29291
FR,50,19842,26103,25479,27037,26328,23769,23201,24493,23975,20137,29087,19655,28391,20857,30127,20310,29337
FR,51,20095,26335,25785,27292,26664,23981,23480,24725,24281,20316,29345,19891,28733,21054,30410,20570,29712
FR,52,20215,26407,25920,27385,26822,24046,23603,24807,24424,20372,29425,19995,28882,21126,30515,20691,29887
FR,53,20403,26562,26141,27564,27073,24188,23805,24970,24653,20491,29599,20166,29129,21263,30714,20885,30167
FR,54,20651,26780,26437,27810,27402,24385,24074,25192,24953,20659,29840,20395,29459,21453,30988,21138,30533
FR,55,21006,27134,26870,28199,27872,24708,24469,25545,25380,20932,30234,20728,29941,21753,31421,21502,31058
FR,56,21573,27829,27581,28934,28625,25342,25116,26212,26066,21468,31009,21277,30734,22321,32241,22082,31896
FR,57,21781,28060,27834,29188,28900,25551,25345,26441,26317,21645,31266,21472,31015,22516,32524,22295,32203
FR,58,22003,28312,28106,29464,29195,25781,25593,26692,26586,21841,31548,21681,31318,22729,32832,22521,32531
FR,59,22559,28999,28803,30193,29933,26406,26229,27351,27257,22370,32313,22220,32095,23291,33644,23092,33354
FR,60,22717,29207,28995,30420,30143,26596,26404,27557,27448,22531,32545,22368,32310,23467,33896,23253,33588
FR,61,23036,29635,29394,30876,30564,26986,26766,27971,27833,22861,33022,22675,32753,23819,34404,23578,34057
FR,62,23186,29848,29578,31108,30764,27180,26934,28180,28013,23026,33258,22817,32958,23997,34663,23732,34279
FR,63,23438,30192,29892,31477,31099,27493,27219,28515,28319,23291,33642,23059,33308,24282,35075,23990,34653
FR,64,23815,30699,30365,32015,31600,27954,27651,29002,28775,23682,34208,23424,33836,24698,35675,24377,35212
FR,65,24016,30970,30613,32310,31867,28202,27877,29269,29019,23891,34510,23615,34111,24925,36002,24583,35509
FR,66,24283,31285,30939,32654,32220,28488,28173,29581,29339,24134,34860,23867,34474,25190,36386,24855,35903
FR,67,24529,31570,31236,32967,32546,28748,28444,29865,29637,24354,35178,24097,34806,25432,36736,25107,36265
FR,68,24767,31845,31526,33271,32863,28999,28708,30141,29925,24566,35485,24319,35128,25666,37074,25351,36619
FR,69,25291,32484,32176,33956,33557,29581,29300,30760,30558,25059,36197,24822,35854,26195,37837,25886,37392
FR,70,25698,32974,32679,34484,34099,30026,29759,31238,31051,25437,36742,25210,36414,26602,38425,26304,37995
FR,71,26128,33488,33209,35040,34668,30495,30240,31742,31570,25834,37316,25619,37004,27031,39045,26744,38630
FR,72,26533,33976,33708,35567,35206,30939,30695,32220,32058,26210,37859,26004,37561,27438,39632,27159,39230
FR,73,26848,34387,34096,36013,35624,31313,31049,32625,32439,26528,38317,26303,37993,27782,40128,27481,39695
FR,74,26999,34597,34277,36247,35824,31504,31213,32835,32622,26689,38550,26442,38195,27961,40389,27636,39919
FR,75,27283,34978,34624,36660,36202,31851,31529,33211,32965,26983,38975,26711,38581,28281,40850,27927,40339
FR,76,27521,35334,34917,37048,36515,32176,31797,33561,33252,27258,39373,26936,38908,28580,41282,28169,40689
FR,77,28025,36038,35549,37797,37186,32817,32371,34241,33861,27801,40157,27423,39611,29158,42117,28686,41436
FR,78,28450,36646,36079,38449,37750,33370,32854,34831,34375,28270,40834,27833,40203,29661,42844,29122,42065
FR,79,28958,37397,36716,39248,38423,34055,33434,35555,34989,28849,41671,28324,40912,30277,43733,29640,42814
FR,80,29183,37799,36995,39681,38721,34419,33688,35947,35260,29159,42118,28539,41223,30612,44216,29871,43146
FR,81,29262,37984,37086,39890,38826,34589,33771,36136,35355,29302,42324,28610,41325,30772,44449,29951,43263
FR,82,29471,38134,37323,40078,39105,34725,33986,36306,35609,29418,42492,28792,41588,30917,44657,30166,43574
FR,83,30051,38727,38023,40734,39874,35265,34624,36900,36309,29875,43153,29332,42369,31424,45389,30760,44430
FR,84,31107,39934,39326,42038,41276,36365,35810,38082,37587,30807,44498,30338,43820,32429,46843,31842,45994
FR,85,32119,41080,40570,43279,42617,37408,36944,39207,38808,31690,45776,31296,45206,33387,48225,32876,47488
FR,86,33297,42475,42026,44781,44180,38677,38270,40567,40232,32766,47328,32421,46830,34546,49900,34083,49229
FR,87,34045,43644,42967,46029,45174,39743,39126,41698,41136,33668,48632,33146,47877,35508,51289,34848,50336
FR,88,34450,44347,43468,46788,45711,40383,39582,42385,41626,34211,49416,33532,48436,36094,52136,35263,50935
FR,89,35145,45319,44324,47838,46632,41268,40361,43337,42464,34960,50498,34193,49389,36903,53305,35974,51961
FR,90,36554,47180,46075,49835,48502,42962,41956,45146,44166,36396,52571,35544,51340,38444,55530,37416,54045
FR,91,37559,48488,47309,51256,49835,44154,43080,46433,45380,37405,54029,36496,52716,39540,57114,38444,55530
FR,92,38369,49736,48311,52606,50911,45291,43993,47656,46360,38368,55421,37268,53832,40581,58618,39274,56729
FR,93,39293,51169,49453,54154,52137,46595,45031,49059,47477,39473,57017,38149,55105,41776,60344,40220,58095
FR,94,41313,53601,51932,56795,54817,48809,47291,51449,49917,41349,59727,40061,57867,43813,63285,42287,61081
FR,95,48598,60680,60863,64493,64484,55256,55422,58424,58719,46810,67614,46951,67819,49752,71864,49745,71853
FR,96,58542,71117,73107,75778,77677,64760,66572,68647,70733,54862,79245,56397,81462,58457,84439,59922,86554
FR,97,61813,75515,77131,80548,82018,68765,70237,72967,74687,58255,84146,59502,85946,62136,89753,63271,91392
FR,98,81470,92972,98463,102792,108099,84661,89661,93119,98437,71721,103598,75957,109716,79297,114540,83391,120453
FR,99,113943,112615,126232,138347,151187,102549,114949,125329,137673,86875,125485,97379,140659,106726,154159,116630,168466
FR,99.1,128340,120889,138683,153471,170290,110083,126285,139029,155068,93258,134705,106984,154533,118391,171010,131367,189751
FR,99.2,146122,133231,155948,172238,193885,121322,142008,156029,176553,102778,148458,120303,173771,132869,191921,149568,216044
FR,99.3,158996,143046,168495,186723,210967,130260,153434,169153,192109,110350,159394,129982,187751,144044,208063,162747,235078
FR,99.4,163826,147566,173119,193172,217376,134375,157644,174994,197944,113837,164431,133549,192903,149018,215248,167690,242218
FR,99.5,174764,154999,183039,205366,231889,141144,166678,186041,211162,119571,172715,141202,203958,158425,228836,178886,258390
FR,99.6,199884,170410,206547,230710,265220,155178,188085,209000,241512,131459,189887,159336,230152,177977,257077,204598,295531
FR,99.7,260049,208613,264671,290668,345050,189966,241013,263316,314206,160930,232455,204174,294919,224230,323888,266181,384483
FR,99.8,391245,286257,386754,420754,519131,260669,352183,381161,472726,220828,318972,298353,430954,324582,468841,400472,578460
FR,99.9,538609,362553,517459,562563,714664,330144,471204,509625,650781,279683,403988,399182,576597,433978,626856,551312,796339
FR,99.91,565001,376642,542057,587018,749682,342974,493604,531777,682669,290552,419688,418158,604006,452843,654106,578326,835360
FR,99.92,572152,376859,547860,590740,759170,343171,498888,535149,691309,290719,419929,422635,610472,455713,658253,585646,845932
FR,99.93,666075,429393,635244,680558,883793,391010,578461,616516,804792,331246,478467,490045,707843,525002,758336,681783,984798
FR,99.94,799056,502164,757737,807431,1060242,457276,690004,731449,965469,387383,559554,584540,844335,622876,899709,817900,1181412
FR,99.95,891436,545350,839357,891642,1182818,496602,764329,807738,1077088,420699,607677,647504,935283,687839,993545,912460,1317997
FR,99.96,1113328,652609,1034495,1098833,1477239,594272,942024,995431,1345192,503441,727192,798039,1152724,847672,1224415,1139585,1646067
FR,99.97,1468812,808129,1333682,1428862,1948919,735890,1214466,1294402,1774709,623414,900487,1028841,1486103,1102266,1592161,1503452,2171653
FR,99.98,2152284,1090067,1894933,2061308,2855797,992625,1725548,1867333,2600522,840909,1214647,1461805,2111497,1590152,2296886,2203043,3182173
FR,99.99,2923304,1368044,2493024,2772500,3878838,1245753,2270176,2511600,3532114,1055348,1524392,1923190,2777940,2138785,3089356,2992247,4322134
FR,99.991,3293032,1491266,2769864,3114332,4369418,1357961,2522270,2821266,3978844,1150405,1661697,2136752,3086420,2402485,3470256,3370694,4868780
FR,99.992,3618482,1587190,3002722,3414350,4801247,1445310,2734313,3093052,4372071,1224403,1768583,2316386,3345890,2633928,3804562,3703819,5349961
FR,99.993,3805999,1648106,3141277,3588186,5050057,1500779,2860483,3250528,4598641,1271396,1836461,2423271,3500280,2768029,3998265,3895759,5627207
FR,99.994,4160357,1766643,3408323,3914256,5520244,1608721,3103659,3545915,5026798,1362838,1968545,2629277,3797846,3019569,4361599,4258474,6151129
FR,99.995,4817110,1980535,3896969,4519692,6391668,1803493,3548625,4094377,5820328,1527842,2206882,3006233,4342337,3486619,5036228,4930715,7122145
FR,99.996,5739107,2249714,4555345,5368388,7615037,2048610,4148149,4863209,6934341,1735494,2506825,3514123,5075955,4141329,5981919,5874458,8485327
FR,99.997,6910754,2519779,5328033,6443987,9169657,2294534,4851768,5837593,8349997,1943830,2807754,4110197,5936951,4971075,7180443,7073736,10217618
FR,99.998,10047951,3317883,7459762,9331536,13332302,3021295,6792946,8453416,12140549,2559510,3697069,5754673,8312307,7198614,10397998,10284919,14855994
FR,99.999,35631004,5499141,20936561,32779242,47277634,5007569,19065077,29694634,43051563,4242195,6127615,16151061,23329311,25286843,36525440,36471317,52680792
RU,0,596,3916,1442,3282,789,3440,1267,2969,692,3134,4308,1153,1586,2625,3610,631,867
RU,1,596,4001,1464,3410,789,3515,1287,3085,692,3201,4400,1171,1610,2728,3752,631,867
RU,2,596,4090,1487,3542,789,3593,1306,3204,692,3273,4499,1189,1635,2834,3897,631,867
RU,3,596,4185,1512,3679,789,3677,1328,3328,692,3348,4603,1210,1664,2944,4047,631,867
RU,4,596,4287,1538,3779,789,3766,1351,3418,692,3430,4715,1230,1692,3022,4156,631,867
RU,5,686,4331,1617,3821,908,3805,1421,3457,798,3465,4764,1293,1779,3057,4204,726,998
RU,6,914,4983,1977,4381,1209,4378,1737,3964,1062,3986,5482,1582,2175,3504,4818,967,1329
RU,7,1184,5604,2370,4969,1566,4923,2082,4495,1376,4483,6164,1897,2608,3975,5466,1253,1722
RU,8,1481,6136,2768,5491,1959,5391,2432,4968,1721,4909,6750,2214,3044,4393,6040,1568,2155
RU,9,1797,6581,3166,5944,2376,5781,2780,5378,2087,5264,7239,2533,3482,4755,6538,1901,2614
RU,10,2127,6954,3560,6340,2813,6108,3128,5736,2471,5563,7649,2848,3915,5072,6975,2250,3094
RU,11,2468,7447,3989,6839,3263,6542,3505,6187,2867,5958,8192,3191,4389,5472,7524,2610,3590
RU,12,2816,7916,4424,7322,3723,6954,3886,6624,3271,6333,8707,3539,4866,5857,8054,2978,4096
RU,13,3172,8363,4858,7789,4194,7346,4268,7046,3685,6691,9199,3886,5343,6231,8568,3356,4614
RU,14,3533,8790,5293,8240,4670,7723,4651,7454,4103,7033,9671,4235,5822,6593,9065,3736,5137
RU,15,3898,9204,5729,8678,5154,8085,5034,7851,4528,7363,10123,4583,6302,6942,9545,4124,5670
RU,16,4262,9611,6163,9115,5635,8444,5415,8245,4950,7689,10573,4931,6779,7292,10026,4508,6199
RU,17,4627,10002,6593,9536,6117,8787,5792,8627,5373,8002,11002,5274,7251,7629,10489,4894,6728
RU,18,5010,10415,7046,9980,6624,9149,6191,9029,5819,8332,11456,5637,7752,7983,10978,5299,7286
RU,19,5356,10735,7444,10338,7081,9430,6539,9352,6221,8588,11808,5954,8188,8270,11372,5665,7790
RU,20,5513,10846,7614,10475,7290,9528,6690,9477,6404,8677,11930,6091,8376,8381,11523,5832,8019
RU,21,5686,11049,7818,10694,7518,9706,6868,9675,6605,8839,12153,6254,8599,8555,11763,6015,8269
RU,22,5848,11250,8012,10911,7732,9884,7038,9871,6793,9000,12376,6410,8814,8729,12002,6186,8506
RU,23,6037,11520,8245,11191,7983,10120,7243,10124,7013,9215,12672,6596,9070,8953,12310,6386,8781
RU,24,6124,11601,8340,11287,8098,10190,7327,10211,7114,9280,12760,6672,9174,9030,12416,6478,8907
RU,25,6292,11835,8545,11535,8319,10397,7507,10435,7308,9468,13018,6836,9400,9228,12688,6655,9151
RU,26,6420,11987,8695,11701,8488,10531,7639,10585,7458,9589,13185,6956,9565,9360,12870,6791,9337
RU,27,6565,12163,8866,11893,8679,10685,7789,10759,7624,9730,13380,7093,9753,9514,13082,6943,9547
RU,28,6672,12264,8984,12011,8822,10775,7892,10867,7751,9812,13492,7187,9882,9609,13212,7057,9704
RU,29,6838,12466,9181,12230,9041,10951,8066,11064,7943,9973,13713,7344,10099,9784,13453,7233,9945
RU,30,6951,12568,9303,12349,9190,11040,8174,11172,8074,10054,13824,7443,10233,9879,13583,7352,10109
RU,31,7098,12737,9476,12537,9386,11190,8325,11342,8245,10189,14011,7580,10423,10030,13791,7509,10325
RU,32,7271,12950,9680,12767,9614,11376,8504,11550,8447,10360,14246,7744,10648,10214,14044,7691,10575
RU,33,7454,13182,9899,13015,9856,11580,8695,11773,8658,10545,14499,7918,10889,10412,14316,7885,10841
RU,34,7605,13356,10074,13208,10056,11733,8850,11949,8834,10685,14692,8059,11081,10567,14530,8045,11061
RU,35,7753,13529,10245,13398,10251,11885,9000,12121,9006,10823,14882,8196,11270,10719,14738,8201,11276
RU,36,7930,13750,10455,13637,10483,12079,9185,12337,9211,11000,15125,8363,11500,10910,15001,8386,11531
RU,37,8022,13827,10554,13733,10606,12148,9272,12424,9318,11061,15209,8443,11609,10986,15106,8485,11667
RU,38,8232,14107,10808,14030,10884,12393,9495,12693,9563,11286,15517,8646,11888,11225,15434,8707,11973
RU,39,8325,14187,10906,14128,11007,12462,9581,12781,9669,11350,15605,8724,11997,11302,15540,8805,12108
RU,40,8371,14187,10944,14147,11068,12464,9615,12799,9724,11350,15606,8756,12039,11318,15562,8854,12175
RU,41,8446,14246,11022,14225,11167,12516,9682,12869,9811,11397,15671,8817,12124,11380,15647,8933,12283
RU,42,8583,14411,11181,14408,11347,12661,9822,13035,9969,11529,15852,8944,12298,11527,15849,9078,12482
RU,43,8738,14608,11362,14621,11553,12833,9982,13228,10150,11687,16069,9090,12498,11697,16084,9243,12709
RU,44,8852,14737,11492,14768,11703,12947,10096,13361,10282,11790,16211,9193,12641,11814,16245,9363,12874
RU,45,8977,14886,11636,14934,11870,13077,10223,13510,10428,11909,16374,9308,12799,11947,16428,9496,13057
RU,46,9159,15129,11853,15197,12109,13292,10414,13749,10639,12104,16643,9483,13039,12157,16716,9688,13321
RU,47,9280,15272,11990,15358,12270,13416,10533,13893,10780,12217,16798,9592,13189,12286,16893,9816,13498
RU,48,9437,15470,12175,15575,12479,13590,10697,14091,10963,12376,17017,9740,13392,12460,17133,9983,13727
RU,49,9574,15631,12330,15755,12658,13732,10833,14253,11122,12504,17194,9864,13564,12604,17331,10127,13924
RU,50,9669,15720,12434,15864,12784,13809,10922,14351,11232,12576,17291,9947,13677,12691,17450,10228,14063
RU,51,9867,15974,12667,16138,13046,14033,11128,14599,11462,12779,17570,10134,13934,12911,17752,10437,14351
RU,52,10028,16162,12853,16349,13259,14198,11292,14790,11648,12930,17778,10282,14138,13079,17984,10607,14585
RU,53,10203,16364,13053,16573,13491,14376,11468,14994,11852,13091,18001,10443,14358,13259,18231,10793,14840
RU,54,10427,16639,13316,16873,13786,14618,11698,15265,12112,13311,18302,10653,14648,13499,18561,11029,15165
RU,55,10627,16870,13548,17130,14051,14820,11902,15498,12344,13495,18557,10838,14902,13704,18843,11241,15456
RU,56,10904,17218,13876,17507,14417,15127,12192,15838,12666,13775,18940,11101,15264,14005,19258,11534,15859
RU,57,11094,17429,14094,17743,14668,15311,12381,16052,12887,13944,19172,11276,15503,14195,19517,11735,16136
RU,58,11256,17597,14275,17938,14882,15458,12540,16227,13074,14078,19356,11420,15703,14350,19731,11905,16370
RU,59,11525,17936,14592,18307,15238,15757,12819,16562,13388,14349,19730,11674,16051,14645,20138,12190,16762
RU,60,11596,17971,14659,18363,15332,15787,12878,16613,13470,14377,19768,11727,16125,14690,20199,12266,16865
RU,61,11816,18241,14915,18660,15623,16025,13104,16881,13726,14593,20065,11932,16407,14928,20526,12498,17185
RU,62,12021,18488,15153,18935,15894,16241,13312,17129,13963,14790,20337,12122,16668,15148,20828,12715,17484
RU,63,12241,18755,15406,19230,16185,16476,13535,17397,14219,15004,20630,12325,16946,15384,21153,12949,17804
RU,64,12479,19046,15683,19552,16500,16732,13778,17687,14496,15237,20951,12546,17251,15641,21507,13200,18151
RU,65,12705,19316,15943,19849,16797,16968,14007,17957,14757,15452,21247,12754,17538,15880,21834,13438,18477
RU,66,12988,19671,16276,20240,17173,17281,14299,18310,15088,15737,21639,13021,17904,16191,22264,13739,18891
RU,67,13223,19955,16548,20555,17484,17530,14538,18595,15360,15964,21950,13238,18203,16444,22610,13986,19232
RU,68,13492,20289,16862,20923,17839,17824,14813,18929,15672,16232,22318,13490,18548,16738,23015,14271,19624
RU,69,13719,20564,17122,21231,18139,18066,15043,19207,15935,16451,22621,13698,18835,16985,23354,14511,19952
RU,70,14064,21016,17529,21720,18595,18462,15399,19649,16336,16812,23117,14023,19282,17376,23892,14876,20455
RU,71,14282,21273,17778,22010,18884,18688,15618,19912,16590,17018,23400,14223,19555,17609,24212,15107,20772
RU,72,14577,21639,18121,22414,19274,19010,15919,20278,16932,17311,23803,14496,19933,17932,24656,15419,21201
RU,73,14847,21959,18430,22772,19631,19290,16191,20602,17246,17567,24155,14744,20272,18218,25050,15705,21593
RU,74,15191,22375,18829,23232,20085,19657,16542,21018,17646,17900,24613,15063,20712,18586,25555,16067,22092
RU,75,15564,22817,19260,23722,20579,20044,16921,21460,18079,18254,25099,15408,21186,18977,26095,16463,22637
RU,76,15943,23249,19697,24204,21080,20425,17304,21897,18519,18600,25575,15757,21666,19363,26624,16864,23188
RU,77,16390,23761,20213,24772,21670,20874,17758,22411,19038,19009,26137,16170,22234,19818,27249,17335,23836
RU,78,16878,24323,20777,25394,22315,21368,18254,22973,19605,19458,26756,16622,22854,20315,27933,17852,24546
RU,79,17342,24853,21313,25983,22929,21833,18724,23506,20144,19883,27338,17051,23445,20786,28582,18343,25221
RU,80,17882,25501,21941,26697,23642,22402,19276,24151,20770,20401,28050,17553,24135,21357,29366,18914,26007
RU,81,18291,25967,22409,27222,24184,22813,19686,24627,21247,20774,28565,17927,24649,21778,29945,19347,26602
RU,82,18749,26509,22936,27826,24791,23289,20149,25173,21779,21208,29160,18349,25230,22260,30608,19832,27270
RU,83,19225,27073,23483,28455,25418,23783,20631,25743,22331,21658,29781,18786,25832,22764,31300,20335,27960
RU,84,19745,27687,24082,29139,26106,24323,21157,26362,22934,22149,30456,19266,26491,23311,32053,20885,28716
RU,85,20312,28340,24732,29870,26855,24897,21728,27022,23593,22671,31175,19786,27205,23896,32856,21485,29541
RU,86,20970,29076,25487,30694,27725,25543,22391,27768,24358,23261,31984,20389,28035,24556,33764,22180,30497
RU,87,21825,30029,26473,31755,28858,26381,23257,28728,25352,24024,33032,21179,29120,25404,34930,23086,31743
RU,88,22889,31176,27696,33032,30263,27388,24332,29884,26587,24941,34293,22157,30466,26426,36336,24210,33289
RU,89,24522,32845,29578,34890,32423,28853,25986,31564,28485,26275,36129,23663,32535,27911,38379,25938,35666
RU,90,28006,36363,33610,38777,37028,31944,29528,35081,32531,29090,39999,26888,36971,31022,42655,29623,40732
RU,91,32553,40616,38843,43518,43041,35681,34125,39369,37814,32493,44678,31074,42727,34814,47870,34432,47345
RU,92,37987,45642,45088,49125,50224,40096,39611,44442,44124,36513,50207,36071,49598,39300,54037,40179,55246
RU,93,44238,51403,52271,55554,58490,45157,45922,50259,51385,41122,56542,41817,57499,44443,61109,46792,64339
RU,94,51797,58356,60955,63316,68486,51265,53552,57281,60167,46684,64191,48764,67051,50654,69648,54789,75334
RU,95,62368,68233,73122,74315,82461,59943,64241,67231,72445,54586,75057,58498,80435,59452,81746,65968,90707
RU,96,74624,79363,87188,86758,98666,69720,76598,78488,86680,63490,87300,69750,95906,69406,95434,78932,108532
RU,97,91416,94563,106455,103759,120868,83073,93524,93868,106187,75650,104019,85163,117100,83007,114134,96695,132956
RU,98,118269,110525,130054,130915,156372,97096,114256,118435,137377,88420,121577,104042,143059,104733,144006,125097,172008
RU,99,159651,132257,163594,173210,211085,116188,143723,156699,185446,105806,145483,130876,179953,138568,190532,168868,232193
RU,99.1,179798,143645,181378,192827,237724,126192,159345,174446,208848,114916,158010,145102,199516,154262,212110,190180,261497
RU,99.2,211848,161224,209478,223673,280099,141635,184034,202353,246077,128979,177347,167582,230426,178938,246040,224079,308109
RU,99.3,258179,188191,251809,267802,341357,165325,221223,242274,299893,150553,207011,201447,276990,214242,294582,273085,375492
RU,99.4,322768,223044,308712,328973,426753,195943,271214,297614,374917,178435,245348,246970,339584,263178,361871,341402,469428
RU,99.5,411867,266748,383509,413239,544558,234337,336926,373848,478413,213399,293423,306807,421860,330591,454562,435646,599014
RU,99.6,520737,320502,475499,515829,688502,281559,417741,466659,604872,256402,352552,380399,523049,412663,567413,550802,757353
RU,99.7,645846,384069,582537,634017,853919,337402,511778,573581,750196,307254,422475,466030,640791,507214,697419,683135,939311
RU,99.8,774029,446761,689327,756097,1023397,392477,605597,684024,899088,357409,491437,551461,758259,604878,831707,818718,1125737
RU,99.9,916819,513027,805665,891477,1212191,450691,707804,806499,1064950,410421,564329,644531,886231,713182,980625,969752,1333410
RU,99.91,997179,548177,870026,966707,1318442,481571,764346,874558,1158295,438541,602995,696021,957028,773366,1063377,1054754,1450285
RU,99.92,1100920,589740,950228,1063277,1455604,518084,834807,961922,1278797,471792,648714,760183,1045251,850621,1169604,1164483,1601165
RU,99.93,1261740,651874,1072271,1213363,1668235,572668,942026,1097702,1465600,521500,717061,857817,1179498,970690,1334699,1334589,1835059
RU,99.94,1490362,745243,1250154,1426701,1970513,654693,1098302,1290705,1731162,596195,819768,1000123,1375169,1141361,1569372,1576410,2167564
RU,99.95,1783117,853073,1468230,1699289,2357584,749420,1289889,1537308,2071216,682459,938381,1174584,1615053,1359430,1869217,1886067,2593342
RU,99.96,2189767,985579,1756089,2078033,2895245,865826,1542783,1879950,2543568,788463,1084137,1404871,1931697,1662426,2285836,2316196,3184769
RU,99.97,2774783,1157959,2154257,2623082,3668736,1017261,1892587,2373044,3223106,926368,1273755,1723406,2369683,2098466,2885391,2934989,4035609
RU,99.98,3833363,1466222,2871787,3609060,5068360,1288068,2522961,3265036,4452722,1172977,1612843,2297430,3158967,2887248,3969967,4054688,5575196
RU,99.99,5234172,1767239,3728847,4913509,6920467,1552511,3275916,4445141,6079861,1413792,1943964,2983078,4101732,3930807,5404860,5536374,7612514
RU,99.991,5830181,1924153,4118438,5468598,7708493,1690358,3618184,4947318,6772168,1539322,2116568,3294750,4530282,4374878,6015457,6166795,8479343
RU,99.992,6580654,2119234,4606933,6167418,8700746,1861736,4047343,5579524,7643895,1695387,2331157,3685546,5067626,4933935,6784159,6960597,9570820
RU,99.993,7501187,2342354,5192156,7024531,9917848,2057747,4561482,6354935,8713159,1873883,2576590,4153724,5711371,5619624,7726983,7934278,10909632
RU,99.994,8611717,2589373,5878942,8058586,11386158,2274752,5164845,7290422,10003118,2071499,2848311,4703153,6466836,6446868,8864444,9108927,12524773
RU,99.995,9868338,2838326,6629607,9228637,13047625,2493456,5824330,8348941,11462773,2270661,3122158,5303686,7292568,7382910,10151500,10438099,14352387
RU,99.996,11177320,3063954,7382333,10447456,14778322,2691670,6485625,9451578,12983247,2451164,3370351,5905866,8120566,8357965,11492201,11822657,16256154
RU,99.997,12418667,3245304,8067884,11603309,16419594,2850984,7087905,10497253,14425159,2596244,3569835,6454307,8874672,9282646,12763639,13135675,18061553
RU,99.998,15318410,3310584,9365046,14295126,20253549,2908331,8227504,12932479,17793416,2648467,3641641,7492036,10301550,11436101,15724640,16202839,22278904
RU,99.999,23691488,2164403,11955966,22064946,31324185,1901417,10503713,19961660,27519339,1731522,2380844,9564773,13151563,17651956,24271440,25059348,34456603
ES,0,7602,13699,10856,12283,9518,12227,9689,10855,8494,10959,15069,8685,11941,9827,13512,7614,10470
ES,1,7602,13721,10877,12327,9518,12247,9708,10895,8494,10977,15093,8701,11965,9862,13560,7614,10470
ES,2,7602,13825,10897,12461,9518,12340,9726,11013,8494,11060,15208,8717,11987,9969,13707,7614,10470
ES,3,7602,14043,10981,12744,9518,12534,9801,11263,8494,11235,15448,8785,12079,10195,14019,7614,10470
ES,4,7602,14077,11032,12891,9518,12564,9847,11392,8494,11262,15485,8826,12136,10313,14180,7614,10470
ES,5,7724,14409,11057,13374,9669,12861,9869,11820,8631,11527,15850,8845,12163,10699,14711,7735,10636
ES,6,7823,14457,11078,13596,9793,12903,9887,12015,8741,11565,15902,8862,12186,10877,14956,7835,10773
ES,7,8307,14561,11358,13720,10400,12996,10137,12126,9283,11648,16016,9086,12494,10976,15092,8320,11440
ES,8,8312,14986,11430,14248,10406,13376,10201,12592,9287,11989,16485,9144,12573,11398,15672,8325,11447
ES,9,8830,15155,11965,14446,11053,13527,10679,12767,9866,12124,16671,9572,13161,11557,15891,8843,12159
ES,10,8908,15332,12000,14693,11152,13684,10710,12986,9953,12266,16865,9600,13200,11754,16162,8921,12267
ES,11,9377,15493,12600,14829,11740,13828,11247,13106,10479,12394,17042,10080,13860,11864,16313,9391,12914
ES,12,9510,15721,12764,15065,11905,14032,11391,13314,10626,12577,17293,10211,14040,12051,16571,9525,13096
ES,13,9943,15806,13325,15113,12447,14107,11893,13356,11110,12644,17385,10661,14658,12091,16624,9958,13692
ES,14,10117,15867,13537,15177,12666,14162,12083,13413,11304,12694,17454,10830,14891,12142,16695,10133,13933
ES,15,10728,16175,14334,15440,13431,14437,12794,13645,11987,12940,17793,11467,15767,12351,16983,10744,14774
ES,16,11324,16968,15104,16214,14176,15144,13480,14330,12654,13574,18665,12083,16614,12972,17836,11342,15594
ES,17,11469,17030,15263,16298,14357,15200,13622,14403,12815,13624,18733,12210,16789,13038,17927,11485,15793
ES,18,11769,17360,15634,16632,14733,15494,13954,14700,13149,13888,19096,12508,17198,13306,18295,11786,16206
ES,19,11916,17463,15803,16752,14917,15587,14105,14804,13315,13970,19209,12643,17384,13402,18427,11934,16409
ES,20,12314,17924,16302,17214,15415,15998,14550,15214,13759,14338,19716,13041,17933,13771,18936,12333,16957
ES,21,12473,18039,16498,17331,15615,16101,14725,15316,13937,14431,19844,13199,18148,13865,19064,12491,17176
ES,22,12580,18116,16593,17448,15749,16169,14810,15420,14057,14492,19927,13274,18253,13959,19193,12599,17324
ES,23,12893,18286,16964,17636,16140,16321,15141,15586,14406,14629,20115,13571,18660,14109,19400,12912,17755
ES,24,13070,18464,17178,17823,16363,16480,15332,15751,14604,14772,20310,13742,18895,14259,19605,13090,17999
ES,25,13192,18585,17323,17951,16514,16587,15461,15866,14740,14868,20443,13858,19055,14362,19746,13212,18166
ES,26,13469,18997,17683,18356,16863,16957,15783,16223,15051,15198,20897,14146,19451,14685,20191,13491,18549
ES,27,13633,19193,17885,18556,17068,17130,15963,16399,15234,15354,21113,14308,19675,14845,20411,13654,18775
ES,28,13777,19390,18065,18754,17247,17306,16124,16575,15395,15512,21328,14452,19871,15003,20629,13798,18972
ES,29,13874,19567,18192,18929,17369,17465,16238,16729,15502,15654,21524,14554,20012,15143,20822,13895,19106
ES,30,13974,19680,18309,19049,17494,17566,16342,16835,15615,15744,21648,14648,20140,15239,20954,13996,19244
ES,31,13977,19695,18310,19071,17498,17579,16343,16855,15617,15756,21665,14649,20141,15257,20978,13998,19247
ES,32,14244,20076,18653,19448,17831,17919,16649,17187,15916,16062,22084,14922,20519,15558,21392,14264,19614
ES,33,14446,20296,18899,19676,18083,18115,16868,17389,16140,16238,22325,15119,20789,15741,21643,14467,19892
ES,34,14618,20345,19084,19751,18300,18159,17033,17456,16334,16276,22380,15267,20992,15801,21727,14640,20130
ES,35,14866,20618,19387,20032,18610,18403,17304,17704,16610,16495,22680,15510,21326,16026,22036,14889,20471
ES,36,15007,20705,19546,20135,18786,18480,17445,17795,16768,16564,22776,15637,21501,16108,22149,15029,20665
ES,37,15141,20780,19697,20229,18954,18548,17580,17878,16917,16624,22858,15757,21666,16183,22252,15163,20850
ES,38,15635,21378,20331,20813,19574,19081,18146,18394,17471,17103,23516,16265,22365,16650,22894,15659,21531
ES,39,15745,21464,20443,20925,19712,19158,18247,18493,17592,17171,23611,16355,22487,16740,23018,15770,21683
ES,40,15800,21473,20481,20967,19780,19165,18279,18530,17654,17178,23620,16385,22529,16774,23064,15824,21758
ES,41,15977,21501,20683,21009,20001,19191,18461,18566,17852,17201,23650,16547,22751,16807,23109,16001,22001
ES,42,16333,21958,21134,21467,20448,19599,18863,18972,18250,17567,24155,16907,23247,17173,23614,16358,22493
ES,43,16710,22389,21601,21905,20919,19983,19280,19358,18672,17911,24627,17281,23761,17524,24096,16736,23012
ES,44,16850,22616,21781,22132,21095,20185,19439,19559,18828,18093,24878,17425,23959,17706,24345,16877,23205
ES,45,17120,22889,22106,22417,21432,20430,19730,19811,19129,18312,25177,17685,24317,17933,24659,17145,23576
ES,46,17502,23286,22574,22827,21911,20784,20148,20174,19556,18629,25615,18059,24831,18262,25109,17529,24102
ES,47,17619,23386,22707,22940,22058,20873,20267,20273,19687,18709,25725,18166,24978,18352,25234,17646,24264
ES,48,17948,23701,23115,23260,22469,21155,20631,20556,20054,18961,26071,18492,25426,18608,25586,17975,24715
ES,49,17970,23726,23123,23304,22497,21177,20638,20595,20080,18981,26099,18498,25436,18643,25634,17998,24747
ES,50,18053,23770,23201,23376,22601,21216,20708,20659,20171,19017,26148,18561,25520,18701,25714,18081,24861
ES,51,18343,24021,23555,23633,22963,21439,21024,20886,20496,19216,26422,18844,25910,18906,25996,18371,25260
ES,52,18535,24219,23785,23843,23204,21617,21230,21072,20711,19375,26641,19028,26164,19075,26228,18563,25525
ES,53,18762,24427,24055,24066,23488,21803,21471,21269,20963,19541,26870,19244,26460,19253,26472,18790,25836
ES,54,19002,24749,24355,24391,23788,22089,21737,21556,21232,19800,27224,19485,26791,19512,26830,19031,26166
ES,55,19320,25139,24749,24789,24186,22438,22089,21908,21586,20111,27653,19800,27224,19832,27269,19349,26605
ES,56,19636,25573,25148,25226,24582,22826,22446,22294,21941,20459,28130,20119,27664,20181,27748,19665,27041
ES,57,19812,25863,25372,25517,24802,23084,22646,22551,22136,20690,28450,20298,27909,20413,28069,19841,27283
ES,58,20059,26250,25688,25902,25111,23429,22927,22892,22413,20999,28875,20550,28257,20721,28493,20089,27623
ES,59,20387,26649,26092,26311,25523,23785,23289,23253,22779,21319,29315,20874,28701,21049,28942,20418,28075
ES,60,20561,26892,26308,26561,25741,24003,23481,23474,22975,21513,29581,21046,28939,21249,29218,20593,28316
ES,61,20809,27154,26604,26837,26051,24236,23745,23718,23250,21723,29870,21283,29264,21469,29521,20841,28656
ES,62,21144,27491,27008,27191,26471,24537,24105,24031,23626,21993,30240,21606,29709,21753,29910,21177,29118
ES,63,21444,27873,27379,27583,26845,24879,24436,24376,23960,22299,30661,21903,30116,22066,30341,21476,29529
ES,64,21816,28391,27848,28104,27312,25340,24854,24837,24376,22713,31229,22278,30633,22483,30914,21849,30043
ES,65,22068,28717,28156,28440,27627,25631,25130,25135,24657,22974,31588,22524,30971,22751,31284,22102,30390
ES,66,22489,29118,28662,28862,28154,25989,25582,25507,25128,23295,32029,22930,31528,23090,31748,22523,30969
ES,67,22760,29367,28983,29132,28493,26212,25868,25746,25431,23494,32304,23186,31881,23306,32046,22794,31343
ES,68,23093,29699,29381,29484,28910,26508,26223,26058,25803,23760,32669,23505,32319,23587,32432,23128,31801
ES,69,23457,30218,29838,30007,29366,26971,26631,26521,26209,24175,33241,23871,32823,24006,33008,23493,32303
ES,70,23925,30791,30416,30595,29951,27482,27147,27038,26731,24633,33871,24333,33458,24476,33654,23960,32945
ES,71,24235,31147,30790,30966,30339,27800,27482,27367,27079,24918,34262,24632,33869,24773,34063,24271,33373
ES,72,24668,31662,31322,31497,30882,28259,27955,27835,27563,25330,34828,25057,34454,25197,34646,24705,33970
ES,73,25060,32196,31809,32041,31372,28737,28391,28317,28001,25756,35417,25447,34990,25633,35245,25098,34509
ES,74,25511,32714,32358,32577,31938,29198,28881,28790,28506,26171,35985,25886,35594,26062,35835,25550,35132
ES,75,25995,33307,32955,33186,32542,29727,29412,29329,29045,26646,36637,26363,36250,26549,36505,26034,35796
ES,76,26503,33937,33580,33834,33179,30290,29972,29901,29614,27150,37331,26863,36938,27067,37217,26544,36497
ES,77,27040,34597,34239,34512,33851,30879,30560,30501,30212,27678,38057,27392,37663,27609,37963,27081,37236
ES,78,27670,35302,35008,35242,34640,31508,31245,31145,30917,28242,38832,28006,38508,28193,38765,27711,38103
ES,79,28233,35912,35691,35879,35345,32053,31856,31709,31546,28730,39503,28553,39260,28702,39466,28276,38879
ES,80,29014,36906,36659,36893,36321,32941,32720,32605,32418,29525,40596,29328,40325,29514,40582,29057,39954
ES,81,29587,37643,37364,37649,37040,33598,33349,33273,33060,30115,41407,29892,41101,30120,41414,29632,40745
ES,82,30373,38608,38332,38639,38024,34459,34213,34149,33938,30886,42469,30666,42165,30912,42504,30420,41827
ES,83,31186,39605,39333,39664,39041,35349,35106,35054,34846,31684,43567,31467,43267,31732,43630,31233,42945
ES,84,31862,40424,40159,40511,39888,36080,35843,35802,35601,32339,44466,32127,44175,32408,44561,31910,43877
ES,85,32345,41134,40753,41241,40491,36714,36373,36448,36140,32907,45248,32603,44828,32993,45365,32393,44540
ES,86,32925,41931,41464,42064,41218,37426,37008,37174,36789,33545,46125,33171,45610,33651,46269,32974,45340
ES,87,33844,42959,42580,43135,42369,38343,38005,38120,37816,34367,47255,34064,46838,34508,47448,33895,46606
ES,88,34791,44122,43738,44337,43554,39382,39038,39184,38873,35298,48534,34990,48112,35470,48771,34843,47909
ES,89,36135,45465,45362,45745,45238,40579,40486,40427,40375,36372,50011,36290,49897,36595,50319,36190,49762
ES,90,38416,48122,48169,48470,48092,42951,42992,42836,42923,38498,52935,38535,52986,38776,53317,38474,52901
ES,91,40110,50006,50233,50424,50214,44633,44835,44564,44817,40005,55008,40186,55257,40339,55466,40171,55235
ES,92,42322,52445,52931,52949,52981,46809,47243,46795,47287,41956,57689,42345,58225,42359,58243,42385,58279
ES,93,44981,55304,56173,55914,56312,49361,50136,49416,50260,44243,60835,44938,61790,44732,61506,45049,61943
ES,94,48618,59163,60606,59913,60864,52805,54092,52949,54322,47330,65079,48485,66667,47930,65905,48691,66950
ES,95,54740,65700,68094,66658,68529,58639,60777,58911,61164,52560,72269,54475,74903,53326,73324,54822,75382
ES,96,62162,73295,77138,74532,77821,65419,68848,65869,69457,58636,80624,61710,84852,59626,81985,62257,85602
ES,97,74732,85790,92448,87490,93556,76572,82513,77321,83502,68632,94370,73959,101693,69992,96239,74844,102911
ES,98,101429,105359,119100,114052,126977,94037,106301,100797,113331,84287,115896,95280,131010,91242,125458,101582,139674
ES,99,138119,125070,148545,150795,172909,111630,132580,133268,154327,100055,137576,118836,163400,120636,165874,138328,190201
ES,99.1,147225,131112,157128,159742,184309,117023,140242,141175,164501,104890,144223,125702,172841,127793,175716,147447,202740
ES,99.2,159491,139502,168771,171969,199665,124511,150633,151982,178207,111602,153452,135017,185647,137575,189165,159732,219631
ES,99.3,174121,150003,182778,186935,217979,133884,163134,165207,194552,120002,165002,146222,201056,149548,205629,174383,239777
ES,99.4,192866,161811,199885,205299,241446,144423,178404,181438,215497,129449,177992,159908,219873,164239,225829,193157,265590
ES,99.5,217279,176325,222397,228067,272008,157378,198495,201560,242775,141061,193957,177918,244636,182454,250874,217606,299209
ES,99.6,250835,193128,252981,256469,314017,172375,225793,226659,280269,154503,212440,202385,278279,205175,282115,251214,345419
ES,99.7,311779,223457,306853,309653,390311,199445,273875,273663,348365,178766,245804,245482,337538,247722,340618,312249,429342
ES,99.8,439982,286994,416844,424844,550808,256155,372046,375465,491613,229595,315694,333475,458529,339876,467329,440647,605889
ES,99.9,581721,362285,544468,550983,728249,323355,485955,486943,649983,289829,398514,435575,598915,440787,606081,582599,801073
ES,99.91,616062,378941,574713,580619,771240,338221,512949,513133,688355,303153,416834,459770,632184,464495,638680,616992,848364
ES,99.92,647079,392491,601228,606693,810069,350315,536614,536178,723011,313993,431740,480982,661350,485355,667363,648055,891076
ES,99.93,722742,430061,667521,673270,904792,383849,595783,595016,807554,344049,473067,534017,734274,538615,740596,723833,995270
ES,99.94,829618,481991,759985,767390,1038587,430198,678309,678197,926971,385593,530191,607988,835984,613913,844129,830869,1142445
ES,99.95,928576,524392,841665,852844,1162472,468042,751212,753719,1037541,419513,576831,673332,925831,682276,938129,929977,1278718
ES,99.96,1108670,600524,988020,1009752,1387928,535992,881838,892390,1238767,480418,660576,790416,1086822,807801,1110727,1110343,1526721
ES,99.97,1392876,715058,1214079,1256796,1743720,638219,1083603,1110720,1556323,572046,786562,971264,1335487,1005436,1382476,1394977,1918092
ES,99.98,1965632,930079,1655313,1753617,2460746,830135,1477418,1549795,2196291,744063,1023087,1324250,1820845,1402893,1928978,1968597,2706821
ES,99.99,2558769,1110316,2071950,2267215,3203286,991005,1849277,2003698,2859030,888253,1221348,1657560,2279145,1813773,2493937,2562629,3523614
ES,99.991,2796502,1184300,2239921,2473831,3500901,1057038,1999198,2186300,3124660,947440,1302730,1791937,2463914,1979065,2721214,2800720,3850992
ES,99.992,3005424,1251071,2390106,2654472,3762448,1116634,2133242,2345945,3358098,1000857,1376179,1912084,2629116,2123577,2919919,3009959,4138693
ES,99.993,3281546,1336660,2585807,2893443,4108120,1193027,2307911,2557141,3666621,1069328,1470327,2068646,2844388,2314755,3182788,3286496,4518932
ES,99.994,3647703,1444400,2839642,3210442,4566507,1289189,2534466,2837295,4075745,1155520,1588840,2271714,3123607,2568354,3531487,3653205,5023157
ES,99.995,4128221,1573078,3160623,3626250,5168061,1404039,2820952,3204774,4612651,1258462,1730386,2528498,3476685,2900999,3988874,4134449,5684867
ES,99.996,4844318,1742713,3617399,4246033,6064532,1555445,3228638,3752520,5412778,1394171,1916984,2893919,3979139,3396826,4670637,4851626,6670985
ES,99.997,5926449,1973167,4283201,5181934,7419237,1761136,3822887,4579642,6621893,1578534,2170484,3426560,4711521,4145547,5700128,5935390,8161160
ES,99.998,8341525,2582834,5860438,7271848,10442635,2305290,5230618,6426647,9320369,2066267,2841118,4688350,6446482,5817478,7999032,8354109,11486899
ES,99.999,27503640,4554976,15611581,23838845,34431411,4065510,13933808,21068075,30731076,3643981,5010473,12489265,17172739,19071076,26222730,27545129,37874552
GB,0,10199,17521,14643,16267,13223,15931,13315,14670,12024,13832,19364,11560,16184,12842,17979,10439,14615
GB,1,10552,17845,14801,16539,13680,16226,13458,14914,12439,14088,19723,11684,16358,13057,18279,10800,15119
GB,2,10552,17911,14977,16614,13680,16285,13618,14982,12439,14140,19796,11823,16553,13117,18363,10800,15119
GB,3,10552,17968,15046,16733,13680,16338,13682,15090,12439,14184,19860,11879,16630,13211,18495,10800,15119
GB,4,10552,18070,15070,16956,13680,16431,13704,15290,12439,14266,19972,11897,16657,13385,18740,10800,15119
GB,5,10552,18376,15087,17467,13680,16710,13718,15751,12439,14508,20311,11910,16674,13790,19306,10800,15119
GB,6,10823,18424,15141,17590,14032,16753,13768,15862,12759,14546,20364,11953,16734,13887,19442,11078,15508
GB,7,10858,18936,15148,18197,14077,17217,13775,16410,12799,14949,20929,11959,16742,14366,20112,11113,15559
GB,8,11408,19003,15744,18259,14791,17279,14316,16467,13449,15002,21003,12430,17401,14415,20182,11677,16349
GB,9,11515,19013,15828,18325,14929,17289,14392,16525,13575,15010,21014,12496,17494,14467,20255,11786,16500
GB,10,12029,19059,16472,18373,15595,17330,14978,16569,14181,15046,21064,13003,18205,14505,20307,12312,17237
GB,11,12171,19504,16630,18858,15780,17735,15121,17005,14349,15398,21557,13130,18381,14889,20843,12458,17441
GB,12,12670,19547,17275,18884,16426,17774,15707,17029,14936,15432,21605,13638,19093,14908,20872,12969,18155
GB,13,12824,19648,17441,19018,16627,17866,15859,17150,15118,15512,21716,13769,19276,15015,21020,13126,18376
GB,14,13321,19758,18075,19119,17269,17965,16436,17242,15704,15598,21838,14270,19978,15093,21131,13633,19087
GB,15,13474,19770,18256,19144,17469,17976,16600,17265,15884,15608,21850,14413,20177,15114,21159,13791,19307
GB,16,14154,20520,19158,19874,18351,18658,17420,17921,16687,16199,22680,15125,21174,15690,21966,14488,20283
GB,17,14192,20559,19186,19935,18400,18694,17445,17977,16730,16231,22724,15147,21205,15738,22033,14526,20337
GB,18,14436,20764,19490,20151,18717,18880,17723,18171,17019,16393,22951,15388,21542,15909,22272,14776,20687
GB,19,14676,21016,19792,20411,19027,19109,17997,18407,17302,16591,23227,15625,21875,16114,22559,15022,21031
GB,20,14777,21042,19904,20457,19159,19133,18099,18448,17421,16613,23257,15713,21999,16151,22611,15126,21177
GB,21,15006,21313,20196,20734,19455,19379,18364,18697,17691,16826,23556,15943,22322,16370,22917,15359,21502
GB,22,15208,21570,20456,20995,19717,19613,18600,18932,17929,17030,23841,16150,22609,16575,23204,15566,21793
GB,23,15369,21793,20664,21219,19925,19816,18789,19136,18117,17205,24087,16313,22838,16752,23453,15730,22022
GB,24,15463,21860,20774,21298,20047,19877,18889,19207,18228,17258,24162,16400,22960,16814,23540,15827,22157
GB,25,15487,21874,20792,21326,20079,19889,18906,19231,18257,17268,24176,16415,22981,16836,23571,15852,22192
GB,26,15670,22086,21024,21542,20316,20082,19118,19427,18473,17436,24411,16598,23237,17008,23810,16040,22455
GB,27,15749,22177,21121,21641,20419,20166,19206,19516,18566,17508,24512,16674,23344,17085,23919,16121,22568
GB,28,15980,22467,21417,21934,20718,20428,19474,19780,18840,17737,24831,16908,23672,17316,24243,16356,22898
GB,29,15987,22482,21420,21960,20728,20441,19477,19804,18848,17749,24847,16910,23674,17338,24272,16365,22910
GB,30,16023,22505,21457,21992,20775,20463,19510,19832,18891,17767,24874,16939,23715,17362,24307,16401,22961
GB,31,16191,22695,21666,22190,20991,20636,19701,20010,19087,17917,25084,17105,23946,17518,24525,16572,23201
GB,32,16276,22850,21779,22347,21102,20777,19804,20153,19188,18039,25256,17194,24072,17642,24699,16660,23323
GB,33,16551,23260,22142,22754,21459,21149,20134,20519,19512,18363,25708,17481,24473,17963,25148,16942,23718
GB,34,16582,23342,22180,22838,21497,21225,20169,20595,19547,18427,25799,17511,24515,18030,25242,16972,23760
GB,35,16801,23656,22468,23153,21783,21509,20430,20879,19807,18675,26146,17737,24832,18279,25591,17198,24076
GB,36,17003,23855,22717,23365,22044,21691,20657,21070,20045,18833,26366,17934,25108,18446,25825,17403,24365
GB,37,17192,24090,22956,23608,22289,21905,20874,21289,20267,19018,26626,18124,25373,18638,26093,17597,24635
GB,38,17338,24258,23137,23784,22478,22057,21039,21449,20439,19151,26811,18266,25572,18777,26288,17745,24844
GB,39,17582,24521,23443,24059,22794,22296,21317,21695,20727,19358,27102,18507,25910,18994,26591,17995,25194
GB,40,17630,24600,23501,24144,22858,22368,21369,21773,20785,19421,27190,18554,25974,19062,26686,18045,25264
GB,41,17839,24833,23761,24389,23129,22580,21606,21993,21031,19605,27447,18759,26262,19254,26956,18259,25563
GB,42,17923,24992,23871,24550,23237,22725,21706,22139,21129,19730,27622,18845,26384,19382,27134,18345,25682
GB,43,18092,25270,24094,24828,23457,22977,21908,22389,21328,19950,27930,19021,26630,19600,27441,18519,25925
GB,44,18213,25409,24242,24976,23613,23103,22043,22523,21472,20060,28083,19138,26794,19717,27605,18642,26098
GB,45,18506,25869,24631,25433,23993,23521,22397,22936,21817,20423,28591,19445,27224,20079,28111,18942,26518
GB,46,18853,26206,25062,25788,24442,23828,22787,23255,22226,20689,28964,19786,27700,20359,28502,19296,27015
GB,47,18982,26391,25224,25980,24610,23996,22936,23429,22379,20835,29169,19913,27879,20511,28715,19429,27200
GB,48,19231,26649,25533,26252,24933,24231,23217,23674,22671,21039,29454,20157,28221,20725,29015,19684,27557
GB,49,19272,26660,25572,26278,24986,24241,23253,23696,22720,21047,29466,20189,28265,20746,29044,19726,27616
GB,50,19476,26943,25834,26568,25250,24499,23491,23958,22960,21271,29779,20395,28553,20975,29365,19934,27908
GB,51,19675,27148,26077,26786,25509,24685,23713,24156,23195,21432,30005,20587,28822,21146,29606,20139,28194
GB,52,19974,27375,26441,27038,25897,24891,24043,24382,23548,21612,30256,20874,29224,21346,29885,20445,28623
GB,53,20391,28018,26991,27678,26436,25476,24543,24959,24038,22119,30967,21309,29831,21850,30591,20871,29219
GB,54,20584,28357,27246,28016,26686,25784,24774,25264,24266,22388,31342,21510,30114,22118,30965,21068,29496
GB,55,20825,28613,27544,28288,26999,26018,25047,25510,24550,22589,31625,21745,30444,22332,31265,21315,29841
GB,56,21344,29397,28230,29068,27673,26730,25670,26214,25162,23209,32493,22287,31201,22948,32128,21847,30585
GB,57,21561,29521,28484,29217,27953,26843,25900,26347,25418,23306,32629,22487,31482,23065,32292,22068,30896
GB,58,21888,29921,28898,29629,28378,27206,26276,26719,25804,23621,33070,22814,31940,23391,32747,22404,31366
GB,59,22370,30544,29519,30261,29003,27773,26841,27290,26372,24113,33758,23304,32626,23891,33447,22897,32056
GB,60,22404,30569,29549,30299,29046,27796,26868,27324,26412,24134,33786,23328,32659,23921,33488,22931,32103
GB,61,22795,30984,30038,30735,29554,28173,27313,27717,26873,24461,34246,23714,33199,24264,33970,23332,32664
GB,62,23190,31402,30532,31172,30065,28553,27762,28111,27338,24791,34707,24104,33746,24610,34454,23736,33230
GB,63,23579,31885,31025,31668,30570,28992,28211,28558,27797,25172,35242,24494,34291,25001,35002,24134,33788
GB,64,24034,32509,31614,32300,31160,29559,28746,29127,28333,25665,35931,24959,34942,25501,35700,24600,34439
GB,65,24375,32909,32041,32717,31602,29924,29134,29504,28736,25981,36373,25296,35414,25829,36161,24949,34929
GB,66,24903,33612,32721,33432,32286,30562,29753,30148,29358,26536,37150,25832,36165,26393,36951,25489,35685
GB,67,25388,34238,33341,34071,32914,31132,30317,30724,29929,27030,37841,26323,36851,26898,37657,25985,36379
GB,68,25790,34798,33857,34643,33436,31641,30786,31240,30404,27473,38462,26729,37421,27350,38290,26397,36956
GB,69,26352,35444,34568,35310,34166,32229,31432,31842,31067,27982,39175,27291,38206,27877,39027,26973,37763
GB,70,26696,35890,35001,35771,34611,32634,31827,32259,31471,28334,39669,27632,38686,28240,39537,27324,38254
GB,71,27096,36425,35510,36321,35129,33120,32290,32754,31944,28757,40259,28034,39248,28675,40145,27733,38827
GB,72,27668,37158,36241,37071,35872,33787,32953,33431,32618,29336,41070,28611,40056,29266,40974,28320,39648
GB,73,28124,37765,36822,37694,36462,34338,33482,33992,33155,29814,41740,29071,40698,29759,41662,28786,40300
GB,74,28626,38376,37455,38329,37113,34895,34057,34564,33747,30297,42417,29570,41398,30260,42363,29300,41020
GB,75,29302,39188,38312,39164,37990,35633,34836,35317,34543,30939,43313,30246,42345,30919,43286,29991,41988
GB,76,30000,40098,39203,40095,38894,36460,35648,36157,35367,31656,44319,30950,43330,31654,44316,30706,42988
GB,77,30483,40811,39824,40822,39521,37108,36211,36813,35935,32219,45106,31440,44016,32229,45119,31200,43680
GB,78,31151,41519,40657,41566,40387,37752,36968,37484,36724,32779,45890,32098,44937,32814,45941,31885,44638
GB,79,31828,42302,41508,42378,41264,38463,37743,38217,37522,33396,46755,32769,45877,33457,46839,32577,45608
GB,80,32660,43304,42561,43414,42344,39376,38701,39150,38504,34187,47863,33601,47042,34274,47983,33429,46801
GB,81,33400,44242,43498,44381,43303,40228,39553,40022,39376,34928,48898,34341,48077,35038,49052,34187,47860
GB,82,34241,45216,44557,45392,44392,41114,40515,40933,40366,35697,49975,35177,49247,35836,50170,35046,49065
GB,83,35416,46584,46044,46804,45916,42359,41867,42208,41751,36777,51489,36350,50890,36951,51732,36249,50750
GB,84,36370,47811,47256,48067,47153,43474,42970,43345,42876,37745,52843,37308,52231,37947,53126,37227,52116
GB,85,37204,48690,48291,48993,48235,44273,43912,44182,43860,38439,53815,38125,53375,38679,54150,38080,53312
GB,86,38393,49936,49778,50298,49776,45406,45263,45358,45261,39423,55192,39298,55018,39709,55593,39297,55016
GB,87,39662,51433,51380,51848,51421,46766,46719,46755,46757,40604,56847,40563,56788,40932,57305,40596,56834
GB,88,40979,53151,53055,53613,53129,48329,48243,48348,48310,41962,58747,41886,58640,42326,59256,41944,58721
GB,89,42521,55055,55008,55576,55129,50061,50018,50119,50128,43465,60850,43428,60798,43876,61427,43523,60932
GB,90,44883,57412,57964,58039,58190,52203,52706,52340,52912,45326,63454,45761,64066,45820,64149,45939,64315
GB,91,46798,59684,60380,60394,60673,54269,54904,54462,55169,47118,65967,47668,66736,47679,66751,47900,67059
GB,92,49234,62417,63446,63228,63831,56754,57691,57019,58041,49277,68986,50089,70124,49917,69884,50393,70549
GB,93,52398,65899,67430,66844,67933,59920,61313,60279,61772,52026,72835,53234,74527,52772,73880,53632,75084
GB,94,55936,69611,71865,70714,72520,63296,65346,63768,65942,54957,76938,56735,79430,55826,78157,57253,80154
GB,95,62424,76599,80047,77948,80932,69650,72787,70292,73590,60472,84662,63195,88473,61538,86152,63894,89452
GB,96,70161,84545,89769,86211,90962,76874,81627,77744,82711,66746,93444,70870,99218,68062,95287,71812,100536
GB,97,83443,97098,105734,100044,108183,88289,96144,90218,98371,76657,107318,83474,116864,78982,110575,85408,119571
GB,98,111467,114419,129978,129845,144516,104039,118189,117092,131407,90332,126464,102615,143660,102509,143513,114092,159729
GB,99,155997,143023,170422,176261,202250,130048,154964,158949,183905,112913,158079,134543,188361,139153,194814,159671,223540
GB,99.1,164836,146962,177949,184199,213708,133628,161809,166108,194323,116022,162432,140486,196681,145420,203588,168717,236204
GB,99.2,176062,151027,186955,193903,228262,137326,169997,174859,207557,119232,166925,147596,206634,153081,214314,180207,252290
GB,99.3,189192,159361,199872,206415,245286,144903,181743,186143,223037,125811,176135,157794,220911,162960,228143,193647,271106
GB,99.4,205631,169409,215822,221916,266598,154039,196245,200122,242416,133743,187241,170386,238539,175197,245276,210472,294661
GB,99.5,228671,183187,237899,243625,296469,166568,216321,219699,269577,144621,202470,187815,262941,192336,269271,234054,327676
GB,99.6,258036,199044,265030,270603,334541,180986,240990,244027,304195,157141,219996,209234,292928,213634,299088,264111,369756
GB,99.7,309653,225608,311343,318146,401462,205140,283102,286899,365047,178111,249356,245798,344116,251167,351634,316944,443721
GB,99.8,421127,281662,410416,420465,545987,256110,373189,379170,496463,222365,311311,324012,453617,331946,464724,431042,603459
GB,99.9,541134,345580,520828,530294,701573,314228,473586,478212,637935,272826,381958,411180,575652,418653,586115,553873,775422
GB,99.91,571481,360554,548252,557365,740918,327844,498522,502624,673712,284648,398508,432831,605963,440025,616035,584936,818910
GB,99.92,596803,371369,570275,579125,773748,337678,518548,522248,703564,293186,410461,450218,630304,457204,640086,610853,855195
GB,99.93,661833,404034,628664,638139,858059,367378,571641,575467,780227,318975,446563,496314,694840,503794,705312,677415,948381
GB,99.94,751636,448071,708230,719668,974487,407420,643989,648987,886096,353740,495235,559129,782780,568158,795422,769332,1077065
GB,99.95,827455,479555,771603,786660,1072786,436048,701614,709401,975478,378596,530033,609160,852825,621047,869465,846936,1185711
GB,99.96,973647,541143,892849,917772,1262322,492049,811861,827636,1147822,427218,598106,704881,986833,724557,1014380,996570,1395198
GB,99.97,1229846,649342,1105192,1147973,1594482,590432,1004944,1035230,1449852,512638,717694,872520,1221528,906295,1268813,1258802,1762322
GB,99.98,1718369,836012,1492731,1585145,2227847,760167,1357331,1429466,2025767,660009,924013,1178472,1649860,1251430,1752002,1758826,2462357
GB,99.99,2283504,1016637,1906755,2091004,2960537,924404,1733801,1885642,2691997,802608,1123651,1505333,2107466,1650792,2311110,2337266,3272172
GB,99.991,2462910,1074662,2038847,2251597,3193135,977166,1853911,2030464,2903497,848417,1187785,1609616,2253462,1777577,2488608,2520896,3529254
GB,99.992,2631904,1129253,2163875,2402155,3412234,1026804,1967597,2166235,3102722,891515,1248121,1708322,2391652,1896438,2655013,2693869,3771417
GB,99.993,2913215,1222254,2372975,2653939,3776951,1111368,2157732,2393291,3434357,964937,1350912,1873401,2622762,2095215,2933301,2981803,4174524
GB,99.994,3174329,1296779,2556736,2886471,4115482,1179131,2324824,2602986,3742182,1023772,1433281,2018476,2825867,2278793,3190311,3249064,4548691
GB,99.995,3635153,1428581,2879869,3298413,4712934,1298977,2618647,2974470,4285442,1127828,1578959,2273581,3183014,2604011,3645614,3720738,5209032
GB,99.996,4254499,1580427,3290272,3851426,5515910,1437046,2991823,3473172,5015582,1247706,1746788,2597584,3636616,3040600,4256839,4354666,6096533
GB,99.997,5118597,1762097,3834783,4621764,6636203,1602235,3486944,4167853,6034257,1391129,1947581,3027460,4238444,3648762,5108266,5239107,7334751
GB,99.998,7362360,2359747,5366991,6625866,9545217,2145665,4880171,5975128,8679405,1862958,2608142,4237098,5931937,5230948,7323326,7535698,10549977
GB,99.999,27771313,4837364,16458788,24836033,36005196,4398505,14965872,22396844,32739295,3818971,5346560,12993781,18191292,19607394,27450352,28425155,39795216
SA,0,179,642,289,497,248,553,249,444,214,535,696,241,313,414,537,207,269
SA,1,179,688,297,619,248,591,256,552,214,573,745,247,321,516,671,207,269
SA,2,179,764,313,754,248,658,270,672,214,637,828,262,340,628,817,207,269
SA,3,179,898,338,940,248,774,291,839,214,748,973,281,366,784,1019,207,269
SA,4,179,1128,383,1235,248,971,330,1101,214,940,1222,319,415,1028,1337,207,269
SA,5,394,1340,620,1343,545,1154,534,1198,470,1117,1451,516,672,1119,1454,455,590
SA,6,841,2771,1307,2788,1165,2386,1126,2487,1004,2309,3002,1089,1416,2323,3019,971,1262
SA,7,1305,4222,2013,4255,1809,3636,1734,3797,1557,3518,4574,1677,2181,3546,4609,1507,1960
SA,8,1780,5687,2728,5742,2466,4898,2349,5124,2124,4739,6160,2273,2955,4785,6221,2055,2672
SA,9,2263,7140,3446,7223,3135,6150,2969,6446,2700,5950,7736,2871,3733,6019,7824,2613,3397
SA,10,2727,8431,4117,8548,3776,7261,3546,7629,3252,7026,9134,3431,4461,7123,9261,3147,4091
SA,11,3220,9645,4799,9812,4459,8306,4133,8755,3840,8037,10449,3999,5199,8176,10629,3717,4831
SA,12,3717,10724,5459,10950,5148,9236,4702,9772,4434,8936,11618,4549,5914,9125,11863,4291,5577
SA,13,4217,11714,6104,12007,5840,10089,5257,10714,5029,9762,12691,5086,6612,10006,13007,4867,6327
SA,14,4719,12617,6736,12982,6536,10867,5801,11585,5629,10515,13668,5614,7298,10818,14064,5447,7081
SA,15,5224,13536,7372,13975,7234,11658,6349,12471,6231,11280,14664,6143,7986,11646,15139,6028,7836
SA,16,5737,14446,8014,14964,7945,12442,6902,13354,6843,12039,15650,6679,8682,12470,16211,6621,8608
SA,17,6243,15420,8659,16012,8645,13280,7458,14290,7446,12850,16705,7216,9381,13344,17347,7204,9366
SA,18,6748,16424,9307,17089,9345,14145,8016,15250,8048,13686,17792,7756,10083,14241,18513,7788,10124
SA,19,7257,17525,9976,18262,10049,15093,8592,16297,8655,14604,18985,8313,10807,15219,19784,8374,10886
SA,20,7469,17915,10236,18695,10343,15429,8815,16683,8908,14929,19407,8530,11089,15580,20253,8620,11205
SA,21,7588,18119,10374,18931,10509,15605,8934,16894,9050,15099,19630,8645,11238,15776,20509,8758,11385
SA,22,7674,18292,10476,19131,10627,15754,9023,17072,9153,15243,19817,8730,11349,15943,20726,8856,11512
SA,23,7841,18576,10675,19453,10858,15998,9192,17360,9351,15480,20123,8896,11564,16211,21074,9048,11763
SA,24,7993,18804,10850,19719,11069,16194,9344,17597,9532,15670,20371,9041,11754,16433,21362,9223,11991
SA,25,8240,19154,11134,20125,11412,16497,9589,17959,9828,15962,20751,9279,12062,16772,21803,9510,12363
SA,26,8498,19495,11427,20524,11767,16790,9841,18314,10134,16246,21121,9522,12380,17103,22234,9806,12748
SA,27,8808,19845,11774,20940,12197,17091,10139,18686,10505,16538,21498,9812,12755,17449,22684,10165,13214
SA,28,9131,20178,12127,21346,12645,17377,10444,19048,10890,16816,21860,10106,13138,17788,23125,10538,13699
SA,29,9428,20475,12457,21701,13056,17633,10729,19366,11244,17063,22181,10381,13495,18085,23510,10880,14144
SA,30,9526,20509,12535,21789,13192,17663,10795,19444,11361,17092,22218,10446,13580,18158,23605,10993,14291
SA,31,9676,20644,12694,21960,13398,17779,10932,19597,11539,17203,22364,10579,13752,18300,23790,11166,14515
SA,32,9829,20744,12846,22106,13611,17865,11064,19727,11722,17287,22472,10705,13917,18421,23948,11342,14745
SA,33,9973,20857,12993,22261,13811,17962,11190,19865,11894,17381,22595,10828,14076,18551,24116,11509,14962
SA,34,10106,20964,13128,22408,13994,18055,11306,19996,12052,17470,22711,10939,14221,18674,24276,11662,15160
SA,35,10232,21026,13248,22511,14169,18108,11409,20089,12203,17522,22777,11040,14352,18759,24387,11808,15350
SA,36,10365,21120,13380,22648,14355,18189,11523,20210,12363,17599,22880,11150,14495,18873,24535,11962,15551
SA,37,10539,21282,13563,22858,14595,18329,11680,20398,12569,17735,23055,11302,14693,19048,24762,12163,15812
SA,38,10696,21409,13724,23030,14813,18438,11819,20551,12757,17841,23193,11436,14867,19192,24949,12344,16048
SA,39,11006,21699,14056,23392,15241,18687,12105,20875,13126,18083,23508,11713,15227,19493,25341,12701,16511
SA,40,11333,21784,14374,23556,15695,18761,12380,21021,13516,18153,23599,11978,15571,19630,25519,13079,17002
SA,41,11637,22085,14706,23929,16116,19021,12664,21355,13879,18405,23926,12255,15931,19941,25923,13430,17459
SA,42,11914,22367,15004,24277,16499,19262,12921,21665,14209,18639,24229,12503,16254,20230,26300,13749,17874
SA,43,12199,22647,15313,24627,16894,19505,13187,21976,14549,18873,24535,12760,16588,20523,26679,14079,18302
SA,44,12532,22998,15678,25053,17355,19806,13502,22357,14946,19165,24914,13065,16985,20877,27140,14463,18802
SA,45,12933,23406,16117,25551,17910,20158,13881,22801,15424,19505,25357,13431,17460,21293,27681,14925,19402
SA,46,13373,23865,16602,26105,18521,20553,14297,23296,15951,19888,25854,13835,17985,21754,28280,15434,20065
SA,47,13822,24303,17092,26642,19141,20930,14720,23775,16485,20252,26328,14243,18516,22201,28862,15951,20736
SA,48,14296,24783,17612,27227,19799,21345,15168,24296,17051,20653,26849,14677,19080,22689,29495,16499,21448
SA,49,14732,25239,18091,27777,20400,21736,15581,24788,17569,21032,27341,15077,19599,23148,30092,17000,22099
SA,50,15005,25456,18377,28064,20781,21924,15827,25044,17896,21213,27577,15315,19909,23386,30403,17317,22512
SA,51,15316,25780,18715,28462,21210,22202,16118,25399,18267,21484,27928,15595,20274,23718,30834,17675,22978
SA,52,15606,26070,19028,28826,21612,22453,16388,25724,18612,21725,28243,15857,20614,24022,31228,18010,23413
SA,53,15902,26361,19347,29190,22022,22703,16662,26048,18967,21968,28559,16123,20960,24324,31622,18352,23857
SA,54,16219,26678,19688,29583,22460,22976,16956,26399,19344,22232,28901,16407,21329,24652,32048,18717,24332
SA,55,16551,27005,20047,29990,22921,23257,17265,26762,19739,22503,29255,16705,21718,24992,32489,19100,24831
SA,56,16908,27387,20436,30457,23414,23586,17600,27179,20164,22822,29669,17030,22139,25380,32995,19512,25365
SA,57,17211,27659,20758,30806,23834,23821,17877,27490,20526,23050,29964,17298,22488,25672,33373,19862,25821
SA,58,17657,28093,21241,31342,24452,24194,18293,27969,21059,23410,30433,17701,23011,26119,33954,20377,26489
SA,59,18471,28876,22135,32293,25579,24868,19063,28818,22029,24064,31282,18446,23980,26911,34984,21316,27711
SA,60,19178,29511,22902,33078,26558,25416,19724,29517,22872,24592,31970,19085,24810,27564,35834,22131,28771
SA,61,19839,30111,23620,33820,27474,25932,20342,30181,23661,25092,32620,19684,25589,28183,36639,22895,29764
SA,62,20455,30675,24287,34520,28326,26419,20916,30804,24395,25562,33231,20239,26311,28767,37397,23605,30686
SA,63,21051,31226,24933,35200,29152,26892,21473,31411,25107,26021,33828,20777,27011,29333,38133,24293,31581
SA,64,21634,31761,25565,35865,29959,27353,22017,32005,25802,26467,34407,21304,27694,29887,38853,24965,32455
SA,65,22193,32264,26167,36494,30732,27787,22535,32565,26467,26887,34952,21806,28348,30411,39535,25611,33294
SA,66,22731,32748,26746,37099,31478,28203,23034,33105,27111,27289,35477,22289,28976,30916,40191,26232,34102
SA,67,23255,33220,27310,37693,32205,28610,23520,33636,27735,27683,35989,22758,29586,31410,40833,26837,34888
SA,68,23821,33724,27917,38324,32989,29044,24043,34199,28411,28104,36534,23265,30244,31936,41517,27491,35738
SA,69,24465,34313,28614,39055,33880,29552,24642,34852,29179,28595,37173,23845,30998,32546,42310,28233,36703
SA,70,25503,35285,29750,40243,35319,30388,25621,35911,30417,29404,38226,24792,32230,33535,43596,29433,38262
SA,71,26823,36516,31196,41742,37145,31449,26867,37250,31989,30430,39560,25997,33796,34786,45221,30954,40241
SA,72,27712,37342,32163,42758,38376,32159,27699,38156,33050,31118,40454,26803,34843,35631,46321,31979,41574
SA,73,28357,37967,32862,43531,39268,32699,28301,38847,33819,31640,41131,27385,35601,36276,47159,32723,42540
SA,74,29074,38668,33643,44393,40262,33302,28975,39616,34674,32223,41890,28035,36446,36994,48092,33551,43616
SA,75,29902,39489,34547,45400,41408,34009,29753,40513,35662,32908,42780,28789,37427,37833,49183,34507,44859
SA,76,30829,40445,35565,46558,42693,34832,30630,41547,36768,33704,43815,29638,38529,38798,50438,35577,46250
SA,77,31849,41496,36687,47835,44105,35738,31595,42687,37984,34581,44954,30572,39744,39862,51821,36754,47781
SA,78,32941,42633,37890,49211,45618,36717,32632,43914,39287,35527,46185,31574,41047,41010,53312,38015,49420
SA,79,34066,43812,39128,50638,47176,37731,33699,45189,40629,36510,47462,32607,42389,42198,54858,39314,51107
SA,80,35688,45544,40927,52717,49421,39224,35247,47044,42562,37953,49339,34106,44338,43931,57110,41184,53539
SA,81,37410,47276,42824,54811,51807,40715,36880,48912,44617,39396,51215,35686,46393,45676,59378,43173,56124
SA,82,39517,49337,45143,57308,54723,42491,38878,51140,47129,41115,53448,37619,48904,47757,62084,45603,59283
SA,83,42060,51795,47941,60285,58245,44607,41288,53796,50161,43162,56111,39950,51936,50238,65309,48537,63098
SA,84,44985,54591,51157,63674,62296,47015,44058,56821,53650,45492,59141,42631,55420,53062,68980,51913,67487
SA,85,48237,57694,54733,67434,66799,49688,47138,60177,57529,48079,62501,45612,59294,56194,73053,55666,72366
SA,86,51611,60884,58440,71309,71472,52436,50329,63635,61552,50737,65959,48700,63310,59423,77251,59560,77428
SA,87,55124,64197,62297,75334,76337,55290,53652,67227,65743,53497,69547,51914,67488,62778,81612,63615,82699
SA,88,58741,67575,66260,79447,81345,58197,57064,70897,70056,56313,73207,55217,71782,66206,86067,67788,88124
SA,89,62884,72171,70874,84935,87083,62157,61038,75794,74998,60143,78186,59061,76780,70779,92013,72569,94339
SA,90,68802,78834,77483,92865,95280,67894,66730,82870,82057,65695,85403,64569,83940,77388,100604,79400,103220
SA,91,74100,84790,83382,99980,102616,73025,71811,89219,88375,70659,91856,69485,90331,83316,108311,85513,111167
SA,92,80267,90157,90102,106574,111155,77646,77598,95104,95729,75131,97670,75085,97610,88812,115456,92629,120418
SA,93,87889,96782,98415,114706,121711,83351,84756,102361,104820,80651,104847,82013,106616,95589,124265,101425,131853
SA,94,98037,105570,109491,125479,135765,90921,94296,111974,116923,87975,114368,91243,118615,104566,135935,113137,147079
SA,95,114076,119719,127044,142743,157974,103105,109413,127380,136051,99766,129695,105870,137631,118953,154638,131645,171138
SA,96,135286,137863,150217,164948,187348,118732,129370,147196,161347,114886,149352,125181,162736,137457,178694,156123,202961
SA,97,171402,161031,183680,202594,237361,138685,158189,180791,204421,134193,174451,153066,198986,168828,219478,197801,257141
SA,98,249179,193545,242506,282919,345070,166687,208852,252470,297182,161288,209674,202089,262715,235766,306495,287558,373826
SA,99,402590,278006,376475,438430,557517,239427,324228,391245,480145,231672,301173,313729,407847,365358,474966,464598,603977
SA,99.1,431564,293429,401289,467909,597641,252709,345599,417551,514700,244525,317881,334408,434730,389924,506901,498034,647445
SA,99.2,467553,312041,431739,504439,647479,268740,371822,450148,557622,260035,338045,359783,467718,420366,546475,539566,701435
SA,99.3,513721,334993,470170,551144,711413,288506,404920,491828,612683,279160,362909,391808,509351,459287,597072,592845,770698
SA,99.4,572557,362703,518056,610473,792891,312370,446160,544770,682854,302252,392927,431714,561227,508727,661346,660742,858966
SA,99.5,649191,396716,578934,687515,899017,341665,498589,613522,774252,330596,429776,482444,627178,572929,744808,749181,973936
SA,99.6,747965,447115,662907,786310,1035802,385069,570909,701684,892054,372596,484374,552423,718149,655258,851836,863169,1122119
SA,99.7,918789,530800,805668,956735,1272364,457141,693857,853767,1095785,442334,575034,671390,872807,797279,1036462,1060303,1378394
SA,99.8,1283778,695028,1100002,1319617,1777809,598580,947344,1177594,1531085,579191,752947,916669,1191668,1099681,1429585,1481508,1925959
SA,99.9,1660851,842890,1387838,1693009,2299990,725923,1195235,1510800,1980798,702409,913132,1156532,1503491,1410840,1834093,1916659,2491656
SA,99.91,1774110,885221,1473190,1804325,2456833,762379,1268742,1610136,2115874,737684,958989,1227658,1595956,1503604,1954686,2047361,2661569
SA,99.92,1914718,940771,1581467,1942603,2651550,810221,1361992,1733532,2283569,783976,1019169,1317889,1713256,1618835,2104487,2209625,2872513
SA,99.93,2090856,1008245,1715405,2115874,2895471,868331,1477342,1888154,2493639,840204,1092266,1429504,1858355,1763228,2292197,2412892,3136760
SA,99.94,2305691,1086422,1875626,2327039,3192980,935660,1615327,2076593,2749860,905352,1176957,1563022,2031928,1939199,2520958,2660816,3459061
SA,99.95,2600093,1187915,2090658,2616527,3600676,1023069,1800518,2334925,3100975,989929,1286907,1742216,2264880,2180439,2834571,3000563,3900732
SA,99.96,2996911,1312027,2370644,3006469,4150199,1129958,2041647,2682900,3574235,1093356,1421363,1975537,2568197,2505391,3257008,3458499,4496048
SA,99.97,3653294,1492012,2813894,3651324,5059176,1284966,2423382,3258352,4357065,1243344,1616346,2344912,3048385,3042770,3955601,4215980,5480774
SA,99.98,5071418,1906474,3791661,5044679,7023030,1641914,3265456,4501748,6048377,1588729,2065347,3159718,4107633,4203899,5465069,5852525,7608282
SA,99.99,6497732,2237301,4707404,6445704,8998227,1926832,4054111,5751989,7749456,1864417,2423743,3922837,5099688,5371420,6982846,7498522,9748079
SA,99.991,6961395,2328018,4991770,6901199,9640319,2004961,4299015,6158462,8302439,1940014,2522019,4159809,5407751,5750999,7476299,8033599,10443679
SA,99.992,7473005,2421621,5300599,7403519,10348809,2085574,4564984,6606720,8912606,2018018,2623422,4417166,5742315,6169599,8020479,8624008,11211210
SA,99.993,8141343,2599143,5747384,8060125,11274341,2238462,4949764,7192660,9709692,2165953,2815738,4789486,6226332,6716771,8731802,9395285,12213870
SA,99.994,8964609,2806444,6289028,8868530,12414422,2416996,5416239,7914060,10691553,2338703,3040315,5240856,6813113,7390441,9607574,10345352,13448957
SA,99.995,10150370,3090625,7057665,10033089,14056492,2661741,6078205,8953284,12105738,2575521,3348177,5881388,7645805,8360907,10869179,11713743,15227866
SA,99.996,11899360,3478460,8166557,11750976,16478539,2995757,7033205,10486285,14191654,2898716,3768332,6805465,8847104,9792480,12730224,13732115,17851751
SA,99.997,14548139,3978573,9777479,14351995,20146637,3426469,8420564,12807371,17350695,3315477,4310121,8147900,10592269,11959996,15547994,16788864,21825523
SA,99.998,19001656,4581986,12299128,18724308,26313980,3946148,10592260,16709117,22662137,3818323,4963818,10249273,13324055,15603591,20284667,21928317,28506812
SA,99.999,44601887,6751335,25775969,43846483,61765838,5814457,22198790,39127535,53194000,5626113,7313946,21479974,27923966,36538736,47500357,51471531,66912991
EG,0,640,1925,1475,1087,1004,1632,1251,869,851,1604,2085,1229,1598,906,1178,837,1088
EG,1,640,1954,1486,1524,1004,1658,1260,1218,851,1628,2117,1239,1610,1270,1651,837,1088
EG,2,640,1983,1498,1577,1004,1682,1271,1262,851,1653,2149,1248,1624,1314,1709,837,1088
EG,3,640,2047,1523,1653,1004,1736,1291,1321,851,1706,2217,1269,1649,1377,1790,837,1088
EG,4,640,2297,1773,1920,1004,1949,1503,1536,851,1915,2489,1478,1921,1600,2080,837,1088
EG,5,775,3073,1940,2633,1218,2607,1645,2106,1032,2561,3330,1617,2102,2194,2852,1015,1320
EG,6,1052,3251,2390,2654,1651,2756,2027,2123,1400,2709,3522,1991,2589,2212,2876,1376,1789
EG,7,1333,3842,3008,3105,2095,3259,2550,2482,1777,3202,4163,2506,3258,2588,3364,1746,2270
EG,8,1618,4601,3625,3728,2540,3902,3075,2981,2154,3835,4984,3021,3927,3106,4039,2117,2752
EG,9,1905,5345,4239,4345,2991,4533,3596,3474,2537,4454,5790,3532,4593,3621,4707,2492,3240
EG,10,2194,6049,4840,4934,3444,5130,4104,3945,2920,5041,6552,4034,5243,4112,5345,2869,3730
EG,11,2483,6747,5441,5520,3899,5722,4614,4414,3308,5622,7309,4534,5894,4600,5981,3250,4225
EG,12,2773,7428,6035,6097,4355,6300,5118,4875,3694,6191,8046,5030,6538,5081,6605,3628,4718
EG,13,3064,8096,6625,6667,4811,6866,5620,5331,4080,6747,8770,5521,7178,5555,7223,4010,5212
EG,14,3356,8778,7219,7246,5269,7445,6124,5795,4469,7315,9511,6016,7820,6038,7849,4391,5708
EG,15,3647,9489,7823,7847,5727,8048,6634,6274,4857,7908,10279,6518,8475,6539,8500,4772,6204
EG,16,3940,10184,8421,8438,6187,8639,7141,6747,5247,8487,11033,7018,9123,7032,9141,5156,6703
EG,17,4231,10879,9015,9030,6644,9226,7647,7220,5634,9066,11785,7513,9767,7525,9783,5536,7197
EG,18,4524,11568,9609,9617,7104,9812,8150,7690,6024,9639,12532,8007,10409,8014,10419,5920,7696
EG,19,4717,11997,9989,9993,7406,10175,8472,7990,6282,9997,12997,8324,10822,8328,10826,6171,8023
EG,20,4780,12086,10090,10086,7507,10251,8557,8065,6367,10072,13094,8408,10930,8405,10926,6256,8132
EG,21,4817,12127,10141,10136,7563,10286,8601,8106,6415,10106,13138,8450,10986,8447,10981,6302,8193
EG,22,4837,12136,10160,10159,7596,10294,8618,8123,6442,10113,13147,8466,11007,8466,11005,6329,8228
EG,23,4903,12248,10273,10267,7699,10387,8713,8210,6529,10206,13268,8561,11129,8556,11123,6415,8340
EG,24,4964,12351,10374,10370,7793,10475,8799,8293,6610,10293,13379,8645,11238,8642,11235,6494,8443
EG,25,5031,12463,10489,10482,7900,10571,8896,8381,6701,10385,13502,8741,11364,8735,11355,6584,8558
EG,26,5105,12583,10612,10600,8014,10673,9001,8476,6798,10486,13632,8843,11496,8833,11483,6679,8682
EG,27,5268,12794,10883,10812,8271,10851,9230,8646,7015,10662,13860,9069,11790,9010,11713,6892,8960
EG,28,5456,13042,11195,11059,8567,11061,9495,8843,7266,10868,14129,9328,12127,9215,11980,7139,9281
EG,29,5640,13268,11497,11289,8857,11253,9751,9027,7512,11056,14374,9581,12455,9409,12231,7381,9596
EG,30,5706,13323,11591,11360,8959,11300,9830,9084,7599,11102,14435,9659,12556,9467,12307,7466,9706
EG,31,5731,13377,11628,11416,8998,11345,9863,9128,7632,11147,14492,9690,12597,9513,12367,7498,9747
EG,32,5759,13440,11674,11481,9043,11399,9902,9180,7670,11200,14560,9729,12647,9568,12438,7536,9797
EG,33,5785,13500,11716,11542,9083,11450,9937,9230,7704,11249,14624,9763,12692,9619,12504,7569,9840
EG,34,5808,13546,11750,11592,9118,11489,9965,9270,7734,11288,14675,9791,12728,9660,12558,7599,9878
EG,35,5830,13603,11785,11651,9154,11537,9996,9316,7763,11336,14736,9821,12767,9710,12623,7628,9916
EG,36,5853,13656,11820,11708,9190,11582,10025,9362,7793,11381,14794,9851,12805,9757,12685,7659,9956
EG,37,5881,13716,11864,11770,9234,11632,10063,9412,7831,11429,14858,9887,12852,9809,12752,7695,10004
EG,38,5908,13773,11906,11830,9276,11682,10098,9460,7868,11478,14920,9922,12898,9858,12816,7730,10050
EG,39,5986,13888,12031,11949,9399,11779,10205,9555,7972,11574,15045,10027,13034,9957,12945,7832,10182
EG,40,6123,14047,12251,12119,9615,11915,10391,9690,8154,11706,15218,10210,13272,10099,13129,8012,10416
EG,41,6246,14210,12450,12286,9807,12052,10560,9824,8318,11842,15394,10375,13487,10239,13310,8172,10624
EG,42,6369,14373,12650,12453,10001,12191,10728,9959,8482,11977,15571,10541,13704,10378,13491,8334,10834
EG,43,6496,14539,12855,12624,10200,12331,10902,10095,8652,12116,15751,10713,13926,10520,13676,8500,11050
EG,44,6624,14709,13064,12799,10402,12476,11081,10234,8822,12257,15935,10886,14152,10665,13865,8668,11269
EG,45,6754,14883,13275,12976,10605,12623,11259,10376,8994,12402,16122,11062,14381,10813,14057,8838,11489
EG,46,6875,15044,13469,13143,10795,12760,11424,10509,9156,12537,16297,11224,14591,10952,14238,8996,11695
EG,47,6986,15195,13649,13298,10968,12888,11576,10634,9303,12663,16461,11374,14787,11082,14407,9140,11882
EG,48,7090,15339,13818,13450,11133,13010,11719,10755,9443,12783,16618,11514,14969,11208,14571,9277,12061
EG,49,7183,15473,13967,13586,11279,13123,11846,10864,9565,12894,16762,11639,15130,11321,14718,9399,12218
EG,50,7232,15521,14035,13649,11356,13164,11904,10914,9632,12935,16815,11696,15204,11374,14787,9463,12302
EG,51,7317,15656,14173,13786,11489,13279,12021,11024,9744,13047,16960,11812,15355,11489,14935,9574,12446
EG,52,7388,15767,14285,13903,11599,13373,12116,11117,9838,13139,17081,11904,15475,11586,15061,9666,12566
EG,53,7462,15889,14407,14029,11716,13476,12218,11218,9937,13241,17214,12006,15608,11691,15198,9763,12692
EG,54,7542,16022,14537,14163,11842,13588,12329,11325,10044,13351,17356,12114,15748,11802,15343,9869,12829
EG,55,7626,16153,14673,14297,11973,13700,12444,11433,10155,13461,17498,12227,15895,11915,15489,9978,12971
EG,56,7723,16303,14830,14452,12126,13829,12578,11555,10285,13586,17662,12359,16067,12044,15656,10106,13136
EG,57,7822,16450,14990,14605,12282,13952,12713,11678,10416,13708,17821,12492,16239,12170,15821,10234,13305
EG,58,7937,16617,15177,14775,12461,14093,12872,11814,10569,13847,18002,12647,16441,12312,16006,10385,13500
EG,59,8079,16830,15411,14990,12686,14274,13070,11985,10759,14025,18233,12843,16696,12492,16239,10572,13744
EG,60,8170,16925,15544,15101,12828,14356,13184,12075,10880,14104,18335,12954,16840,12584,16359,10690,13897
EG,61,8326,17146,15801,15326,13073,14543,13401,12255,11088,14289,18575,13167,17117,12772,16603,10895,14163
EG,62,8488,17374,16065,15558,13328,14736,13626,12441,11304,14478,18822,13388,17404,12965,16855,11107,14439
EG,63,8652,17603,16333,15791,13586,14930,13853,12628,11523,14669,19070,13610,17694,13160,17107,11321,14718
EG,64,8827,17850,16620,16042,13860,15140,14096,12828,11756,14875,19338,13850,18006,13368,17379,11551,15015
EG,65,9009,18105,16918,16303,14146,15356,14348,13036,11997,15088,19615,14098,18328,13586,17662,11789,15325
EG,66,9191,18365,17218,16566,14432,15576,14603,13247,12240,15304,19895,14348,18653,13804,17946,12027,15634
EG,67,9371,18619,17510,16826,14714,15792,14851,13455,12480,15517,20171,14592,18970,14022,18228,12262,15940
EG,68,9549,18870,17802,17083,14994,16006,15098,13660,12718,15725,20443,14835,19286,14235,18506,12495,16244
EG,69,9725,19121,18088,17337,15270,16217,15342,13864,12952,15934,20714,15073,19595,14448,18782,12725,16543
EG,70,9921,19416,18413,17636,15578,16467,15616,14102,13213,16180,21034,15344,19948,14696,19105,12982,16877
EG,71,10094,19671,18694,17895,15850,16683,15855,14309,13444,16392,21310,15578,20252,14913,19387,13209,17172
EG,72,10277,19941,18994,18170,16138,16913,16109,14529,13687,16618,21603,15829,20578,15141,19684,13449,17483
EG,73,10467,20220,19304,18455,16436,17150,16373,14758,13939,16850,21905,16087,20913,15379,19992,13696,17806
EG,74,10668,20513,19634,18755,16751,17399,16652,14997,14207,17095,22223,16362,21270,15629,20318,13960,18148
EG,75,10892,20836,20000,19083,17104,17672,16963,15259,14506,17364,22572,16666,21666,15903,20674,14254,18529
EG,76,11141,21186,20407,19440,17493,17969,17308,15544,14838,17655,22952,17005,22107,16200,21060,14578,18951
EG,77,11409,21557,20844,19818,17914,18283,17678,15847,15194,17963,23353,17370,22580,16515,21469,14928,19406
EG,78,11701,21961,21321,20231,18374,18626,18084,16177,15583,18301,23791,17768,23098,16858,21916,15311,19905
EG,79,12006,22379,21819,20657,18852,18980,18505,16517,15990,18649,24244,18182,23637,17214,22379,15711,20424
EG,80,12399,22890,22460,21179,19469,19413,19049,16936,16512,19074,24798,18716,24331,17649,22943,16224,21091
EG,81,12897,23535,23277,21833,20250,19961,19742,17458,17175,19612,25496,19397,25216,18194,23652,16875,21938
EG,82,13492,24289,24252,22598,21185,20601,20569,18070,17968,20240,26313,20210,26273,18832,24482,17654,22951
EG,83,14211,25189,25434,23513,22313,21365,21571,18801,18925,20991,27288,21195,27553,19594,25473,18594,24172
EG,84,15067,26245,26840,24583,23659,22260,22764,19656,20065,21871,28432,22366,29077,20486,26631,19716,25631
EG,85,16074,27468,28494,25822,25240,23297,24167,20648,21407,22890,29757,23745,30868,21519,27974,21033,27343
EG,86,17224,28849,30382,27224,27046,24467,25768,21769,22938,24041,31253,25318,32914,22686,29492,22539,29300
EG,87,18606,30513,32653,28908,29215,25880,27695,23116,24779,25428,33056,27210,35374,24090,31317,24346,31650
EG,88,20157,32354,35201,30776,31651,27441,29855,24608,26844,26961,35050,29334,38134,25646,33340,26376,34289
EG,89,21974,34505,38187,32954,34505,29265,32387,26351,29265,28754,37380,31822,41369,27462,35700,28754,37380
EG,90,24231,37261,41913,35726,38048,31603,35549,28568,32269,31051,40366,34927,45406,29773,38704,31707,41219
EG,91,26276,39681,45268,38183,41259,33656,38394,30532,34993,33068,42988,37724,49041,31819,41364,34382,44697
EG,92,28599,42427,49080,40970,44905,35985,41628,32761,38087,35356,45963,40901,53170,34142,44384,37422,48648
EG,93,31335,45644,53567,44238,49202,38714,45432,35374,41730,38036,49448,44639,58031,36864,47924,41001,53301
EG,94,34737,49624,59148,48280,54543,42089,50166,38606,46261,41354,53760,49290,64077,40233,52303,45453,59089
EG,95,39764,55585,67425,54302,62439,47145,57186,43422,52956,46321,60217,56188,73044,45251,58826,52032,67642
EG,96,45891,62702,77483,61521,72059,53181,65716,49193,61117,52252,67928,64569,83940,51267,66648,60049,78064
EG,97,55501,73733,93261,72710,87149,62536,79098,58140,73914,61444,79878,77717,101032,60592,78769,72625,94412
EG,98,73916,94469,123473,93757,116064,80124,104723,74971,98439,78724,102341,102894,133762,78132,101570,96720,125736
EG,99,123353,129354,184486,148693,193689,109712,156471,118899,164276,107795,140133,153738,199859,123911,161084,161408,209830
EG,99.1,129972,132498,190965,156143,204083,112378,161965,124855,173091,110415,143539,159137,206878,130119,169154,170069,221089
EG,99.2,137980,138119,200773,165086,216658,117145,170284,132007,183756,115099,149628,167311,217503,137572,178843,180548,234713
EG,99.3,147964,144831,212724,176202,232333,122839,180421,140896,197051,120693,156902,177269,230450,146835,190886,193611,251694
EG,99.4,159802,152052,226237,189271,250923,128963,191881,151346,212817,126710,164723,188531,245090,157725,205043,209103,271833
EG,99.5,176468,164388,247431,207769,277092,139427,209857,166138,235013,136989,178088,206193,268051,173141,225083,230911,300184
EG,99.6,196150,178577,272244,229439,307995,151460,230901,183465,261224,148814,193459,226869,294931,191199,248558,256663,333661
EG,99.7,229198,201156,312785,265649,359887,170610,265286,212419,305235,167630,217919,260654,338850,221373,287786,299906,389878
EG,99.8,297512,243242,392133,340171,467155,206306,332585,272009,396214,202702,263513,326777,424810,283476,368518,389295,506084
EG,99.9,369456,287888,476138,418554,580121,244172,403833,334686,492025,239906,311878,396781,515816,348795,453434,483434,628464
EG,99.91,391846,302780,503506,442774,615279,256802,427045,354053,521845,252317,328011,419589,545465,368978,479672,512733,666553
EG,99.92,416187,318446,532854,468962,653500,270091,451936,374994,554261,265372,344983,444045,577258,390801,508042,544583,707958
EG,99.93,446841,337570,569287,501840,701634,286310,482836,401284,595085,281308,365701,474407,616728,418201,543660,584696,760103
EG,99.94,486282,361887,615749,544253,763562,306934,522243,435197,647609,301573,392044,513124,667061,453545,589607,636302,827192
EG,99.95,534841,390512,671712,596342,839810,331213,569707,476850,712278,325427,423054,559761,727689,496951,646037,699842,909795
EG,99.96,599417,426666,744190,665562,941210,361877,631178,532199,798279,355554,462222,620158,806206,554635,721026,784341,1019644
EG,99.97,712632,487362,868050,787300,1118980,413357,736230,629546,949053,406135,527976,723375,940388,656084,852909,932483,1212228
EG,99.98,949436,605511,1117961,1041898,1490811,513565,948190,833128,1264420,504593,655970,931634,1211125,868248,1128722,1242342,1615045
EG,99.99,1183464,715190,1357706,1293347,1858283,606588,1151527,1034193,1576089,595991,774788,1131422,1470849,1077789,1401126,1548570,2013140
EG,99.991,1261674,745415,1431438,1377062,1981090,632225,1214063,1101133,1680245,621180,807533,1192865,1550725,1147552,1491817,1650909,2146181
EG,99.992,1344673,785405,1517000,1466828,2111415,666141,1286631,1172913,1790778,654504,850855,1264166,1643416,1222357,1589063,1759512,2287366
EG,99.993,1451563,808971,1600115,1580381,2279254,686129,1357124,1263712,1933130,674142,876385,1333429,1733458,1316984,1712080,1899378,2469191
EG,99.994,1583827,848094,1712100,1722125,2486935,719311,1452103,1377054,2109274,706745,918768,1426751,1854775,1435104,1865635,2072446,2694180
EG,99.995,1773291,921029,1889907,1925419,2784434,781172,1602909,1539614,2361594,767524,997783,1574922,2047399,1604516,2085870,2320361,3016470
EG,99.996,2050301,1019049,2140629,2222882,3219397,864306,1815556,1777472,2730505,849208,1103970,1783857,2319014,1852401,2408122,2682831,3487680
EG,99.997,2464494,1186626,2535256,2669816,3869765,1006437,2150256,2134851,3282110,988855,1285512,2112713,2746528,2224846,2892300,3224804,4192245
EG,99.998,3174139,1313852,3051190,3428878,4984054,1114344,2587841,2741817,4227185,1094877,1423340,2542658,3305455,2857398,3714618,4153378,5399391
EG,99.999,7003040,1258136,5052478,7531248,10996222,1067087,4285218,6022175,9326355,1048446,1362980,4210399,5473518,6276040,8158852,9163518,11912574
MX,0,620,4067,1996,2507,813,3442,1690,2042,689,3389,4405,1664,2163,2089,2716,677,880
MX,1,620,4212,2023,2685,813,3564,1713,2187,689,3510,4563,1686,2192,2237,2909,677,880
MX,2,620,4641,2171,3136,813,3929,1838,2555,689,3868,5028,1809,2352,2614,3398,677,880
MX,3,620,4829,2301,3335,813,4088,1948,2717,689,4024,5232,1918,2493,2779,3613,677,880
MX,4,620,5018,2365,3537,813,4248,2002,2881,689,4182,5436,1971,2562,2947,3831,677,880
MX,5,620,5191,2398,3722,813,4395,2030,3033,689,4326,5624,1999,2599,3101,4032,677,880
MX,6,620,5272,2408,3812,813,4463,2038,3106,689,4393,5712,2006,2608,3176,4129,677,880
MX,7,620,5275,2413,3821,813,4464,2043,3114,689,4396,5714,2011,2615,3185,4140,677,880
MX,8,620,5276,2421,3833,813,4465,2050,3123,689,4397,5715,2017,2623,3194,4153,677,880
MX,9,620,5283,2426,3875,813,4471,2053,3157,689,4403,5723,2022,2629,3229,4198,677,880
MX,10,620,5283,2432,3940,813,4472,2059,3210,689,4403,5723,2027,2634,3283,4267,677,880
MX,11,620,5284,2434,4077,813,4472,2060,3321,689,4403,5724,2029,2637,3398,4417,677,880
MX,12,620,5285,2440,4134,813,4473,2066,3367,689,4404,5725,2033,2644,3445,4478,677,880
MX,13,645,5289,2467,4160,848,4476,2088,3388,717,4407,5729,2055,2673,3466,4506,706,918
MX,14,874,5335,2477,4229,1148,4515,2096,3446,972,4446,5780,2064,2683,3524,4581,957,1244
MX,15,1142,5419,2939,4295,1500,4587,2487,3500,1269,4516,5871,2449,3185,3579,4653,1249,1625
MX,16,1380,6142,3411,4717,1812,5198,2888,3843,1534,5118,6654,2843,3696,3930,5109,1510,1963
MX,17,1569,6685,3775,5161,2060,5659,3195,4205,1744,5571,7242,3146,4090,4301,5591,1716,2231
MX,18,1741,6763,3981,5176,2286,5724,3370,4217,1935,5636,7327,3318,4312,4314,5607,1905,2476
MX,19,1759,6806,4065,5331,2308,5761,3440,4344,1954,5672,7373,3387,4403,4443,5776,1923,2500
MX,20,1902,7007,4135,5510,2498,5931,3501,4488,2113,5839,7592,3446,4480,4592,5968,2082,2706
MX,21,1908,7028,4200,5606,2506,5949,3555,4567,2121,5857,7614,3500,4550,4671,6073,2088,2714
MX,22,2037,7056,4332,5606,2674,5972,3666,4567,2264,5880,7644,3611,4693,4671,6073,2228,2896
MX,23,2155,7263,4521,5787,2828,6148,3826,4714,2394,6053,7869,3767,4897,4822,6268,2357,3064
MX,24,2274,7449,4697,5961,2985,6305,3975,4857,2528,6208,8070,3914,5088,4968,6458,2487,3234
MX,25,2396,7628,4871,6132,3146,6456,4124,4996,2663,6356,8264,4059,5276,5109,6642,2622,3408
MX,26,2476,7725,4975,6231,3251,6539,4212,5077,2751,6437,8369,4146,5389,5193,6750,2709,3522
MX,27,2604,7942,5169,6432,3418,6722,4375,5240,2894,6618,8604,4308,5600,5359,6968,2849,3703
MX,28,2717,8088,5325,6576,3568,6845,4507,5358,3020,6740,8761,4437,5768,5480,7124,2974,3865
MX,29,2833,8207,5473,6703,3720,6946,4632,5460,3149,6839,8890,4560,5929,5585,7261,3100,4030
MX,30,2902,8245,5549,6757,3810,6979,4697,5505,3225,6870,8932,4624,6011,5630,7320,3175,4127
MX,31,3017,8438,5719,6938,3960,7143,4842,5652,3352,7031,9141,4766,6197,5781,7515,3300,4290
MX,32,3134,8562,5871,7068,4114,7247,4970,5759,3483,7136,9276,4893,6360,5891,7658,3429,4457
MX,33,3232,8709,6009,7211,4242,7372,5087,5875,3591,7258,9435,5007,6509,6009,7812,3534,4595
MX,34,3320,8824,6128,7327,4359,7469,5187,5970,3689,7353,9559,5107,6639,6105,7937,3633,4722
MX,35,3382,8863,6197,7382,4440,7503,5245,6015,3758,7386,9602,5164,6713,6151,7997,3700,4810
MX,36,3498,9028,6360,7542,4593,7642,5384,6144,3887,7524,9779,5300,6890,6286,8171,3827,4975
MX,37,3570,9075,6441,7605,4686,7681,5452,6197,3967,7563,9831,5367,6978,6337,8238,3905,5077
MX,38,3668,9149,6575,7674,4815,7744,5565,6252,4076,7624,9911,5480,7123,6395,8313,4013,5216
MX,39,3739,9186,6634,7724,4909,7776,5615,6293,4155,7656,9952,5528,7187,6436,8368,4090,5318
MX,40,3757,9214,6661,7805,4933,7800,5637,6359,4176,7679,9983,5550,7216,6505,8456,4111,5344
MX,41,3836,9276,6720,7886,5036,7851,5688,6425,4263,7730,10048,5600,7280,6572,8543,4197,5455
MX,42,3957,9353,6887,7959,5196,7917,5829,6485,4398,7795,10133,5739,7461,6633,8623,4330,5629
MX,43,4069,9493,7036,8101,5343,8035,5956,6601,4522,7912,10284,5863,7622,6751,8777,4453,5788
MX,44,4107,9555,7086,8165,5393,8088,5997,6653,4565,7962,10350,5905,7676,6804,8846,4494,5842
MX,45,4180,9661,7184,8274,5488,8178,6081,6741,4646,8050,10466,5987,7783,6895,8963,4573,5945
MX,46,4300,9821,7348,8434,5644,8313,6220,6872,4778,8185,10640,6124,7960,7028,9137,4704,6114
MX,47,4401,9951,7482,8566,5777,8423,6333,6979,4890,8293,10780,6235,8105,7138,9279,4815,6259
MX,48,4595,10239,7761,8843,6032,8667,6569,7204,5106,8532,11093,6467,8407,7368,9579,5027,6535
MX,49,4692,10311,7873,8931,6159,8728,6664,7276,5213,8592,11170,6561,8530,7443,9675,5132,6672
MX,50,4785,10408,7991,9037,6282,8810,6764,7363,5318,8673,11276,6660,8657,7531,9790,5235,6806
MX,51,4918,10575,8169,9206,6457,8950,6914,7500,5466,8812,11455,6807,8850,7672,9973,5381,6996
MX,52,5039,10716,8327,9353,6616,9071,7049,7620,5600,8931,11609,6939,9021,7795,10133,5513,7167
MX,53,5139,10853,8462,9492,6747,9186,7162,7733,5710,9044,11757,7051,9167,7910,10283,5622,7309
MX,54,5262,10987,8619,9636,6908,9300,7295,7850,5847,9156,11903,7182,9337,8030,10438,5756,7483
MX,55,5393,11170,8799,9819,7080,9455,7448,7998,5993,9308,12101,7333,9532,8182,10637,5900,7671
MX,56,5609,11470,9101,10112,7364,9709,7703,8238,6232,9558,12427,7584,9859,8427,10955,6136,7978
MX,57,5728,11597,9252,10250,7520,9816,7832,8350,6366,9665,12564,7710,10024,8541,11104,6267,8147
MX,58,5849,11723,9405,10385,7679,9922,7961,8460,6500,9769,12699,7837,10189,8654,11250,6399,8319
MX,59,6049,11984,9677,10646,7942,10144,8192,8673,6722,9987,12982,8064,10483,8872,11533,6618,8603
MX,60,6114,12018,9746,10699,8026,10173,8250,8716,6794,10014,13019,8121,10558,8916,11591,6689,8695
MX,61,6281,12232,9972,10915,8246,10354,8440,8892,6980,10193,13251,8310,10803,9096,11826,6872,8933
MX,62,6470,12452,10221,11142,8494,10539,8651,9078,7190,10377,13490,8517,11073,9285,12071,7078,9202
MX,63,6647,12685,10461,11377,8727,10737,8854,9269,7387,10570,13742,8717,11333,9482,12326,7272,9454
MX,64,6859,12974,10752,11663,9005,10981,9101,9503,7622,10812,14055,8961,11648,9719,12635,7504,9755
MX,65,7072,13241,11038,11934,9284,11208,9343,9723,7858,11034,14344,9198,11958,9945,12929,7737,10057
MX,66,7321,13560,11376,12253,9611,11478,9630,9982,8135,11300,14690,9481,12325,10211,13274,8010,10413
MX,67,7590,13896,11741,12592,9965,11763,9938,10259,8435,11580,15054,9784,12720,10494,13641,8304,10795
MX,68,7843,14189,12076,12892,10296,12010,10222,10503,8715,11824,15371,10063,13082,10744,13967,8580,11154
MX,69,8124,14532,12454,13240,10665,12300,10541,10786,9028,12110,15743,10378,13492,11034,14343,8888,11555
MX,70,8562,15109,13059,13806,11241,12789,11053,11248,9514,12590,16367,10883,14147,11505,14957,9367,12178
MX,71,8992,15662,13651,14355,11806,13257,11555,11695,9992,13052,16967,11375,14788,11962,15551,9838,12790
MX,72,9395,16165,14198,14856,12334,13682,12018,12104,10441,13470,17511,11833,15382,12380,16094,10278,13362
MX,73,9795,16561,14717,15276,12859,14018,12458,12445,10884,13801,17941,12264,15943,12730,16549,10715,13930
MX,74,10275,17101,15358,15827,13490,14475,13000,12893,11418,14252,18526,12798,16637,13189,17145,11242,14614
MX,75,10754,17665,16001,16399,14118,14953,13544,13360,11951,14721,19138,13334,17334,13666,17765,11765,15295
MX,76,11275,18246,16696,16991,14802,15444,14132,13843,12530,15205,19766,13913,18087,14160,18408,12335,16035
MX,77,11813,18865,17414,17620,15508,15969,14740,14355,13126,15721,20438,14512,18865,14684,19089,12923,16800
MX,78,12377,19489,18163,18259,16248,16497,15375,14876,13754,16241,21113,15136,19677,15216,19781,13539,17602
MX,79,13045,20243,19057,19027,17125,17135,16131,15501,14496,16870,21930,15881,20645,15855,20613,14270,18551
MX,80,13716,21002,19954,19798,18007,17777,16890,16130,15243,17501,22751,16628,21617,16499,21449,15005,19508
MX,81,14386,21661,20824,20493,18886,18335,17627,16695,15986,18051,23466,17354,22560,17078,22201,15738,20460
MX,82,15191,22513,21888,21371,19942,19056,18527,17411,16880,18761,24389,18240,23711,17809,23152,16619,21604
MX,83,16172,23532,23184,22421,21231,19919,19625,18266,17971,19610,25492,19320,25116,18684,24290,17692,23000
MX,84,17397,24828,24813,23748,22838,21016,21003,19348,19332,20690,26897,20677,26881,19790,25727,19032,24742
MX,85,18836,26308,26718,25270,24728,22267,22616,20588,20931,21923,28500,22265,28944,21058,27375,20607,26789
MX,86,20219,27784,28555,26780,26543,23518,24171,21818,22468,23153,30099,23796,30935,22317,29012,22119,28755
MX,87,21754,29398,30592,28437,28559,24884,25895,23167,24175,24499,31849,25494,33141,23697,30807,23799,30939
MX,88,23659,31417,33127,30500,31059,26593,28041,24849,26290,26180,34035,27606,35888,25416,33041,25883,33647
MX,89,25883,33637,36062,32792,33979,28472,30524,26716,28763,28031,36440,30051,39067,27327,35525,28316,36811
MX,90,28668,36355,39728,35608,37635,30773,33629,29009,31857,30296,39385,33106,43039,29673,38574,31362,40771
MX,91,31711,39514,43769,38842,41630,33446,37048,31645,35238,32928,42806,36475,47417,32369,42079,34692,45100
MX,92,35926,44176,49426,43561,47163,37392,41838,35488,39921,36813,47857,41188,53545,36301,47191,39303,51094
MX,93,40912,49532,56087,49008,53710,41926,47475,39927,45462,41276,53660,46740,60761,40841,53092,44758,58185
MX,94,47080,55708,64245,55364,61808,47154,54381,45106,52318,46423,60351,53537,69599,46137,59978,51506,66958
MX,95,56331,63261,76220,63399,73953,53546,64516,51651,62597,52717,68532,63517,82572,52832,68681,61627,80116
MX,96,69020,73579,92662,74351,90611,62280,78434,60574,76698,61315,79710,77218,100383,61959,80546,75509,98162
MX,97,90491,96088,121301,97282,118798,81334,102676,79255,100557,80074,104096,101085,131410,81069,105389,98998,128698
MX,98,139052,131477,175614,143871,182548,111288,148650,117211,154520,109564,142433,146346,190249,119892,155860,152124,197761
MX,99,195014,155831,222794,196483,256018,131902,188585,160074,216707,129859,168817,185661,241360,163735,212856,213349,277354
MX,99.1,203649,157597,229170,203469,267354,133397,193983,165767,226304,131331,170730,190975,248268,169558,220425,222795,289633
MX,99.2,221459,168296,247219,220129,290735,142452,209260,179340,246094,140246,182320,206016,267820,183441,238473,242280,314963
MX,99.3,238442,177249,263484,235698,313029,150032,223028,192022,264966,147707,192020,219570,285441,196414,255339,260858,339115
MX,99.4,256931,187075,281045,252884,337304,158348,237893,206024,285513,155896,202664,234205,304466,210737,273957,281086,365412
MX,99.5,295178,210715,319595,289565,387515,178359,270524,235908,328014,175596,228275,266329,346228,241304,313695,322929,419808
MX,99.6,339571,237073,363304,332094,445794,200670,307522,270556,377345,197561,256830,302753,393579,276744,359768,371495,482943
MX,99.7,400440,275787,424848,391407,525705,233438,359615,318877,444986,229822,298769,354040,460252,326173,424025,438087,569513
MX,99.8,473836,315801,493364,461905,622059,267308,417610,376313,526545,263167,342116,411137,534478,384921,500398,518383,673897
MX,99.9,570689,360463,581199,549165,749211,305112,491959,447402,634173,300385,390501,484333,629632,457637,594928,624343,811645
MX,99.91,602259,371707,607282,576805,790656,314630,514038,469922,669255,309756,402682,506068,657889,480671,624872,658880,856544
MX,99.92,609166,367650,608016,581243,799722,311196,514658,473538,676929,306376,398288,506680,658683,484370,629680,666435,866365
MX,99.93,694130,410691,686327,660490,911265,347627,580946,538100,771345,342243,444915,571939,743521,550408,715531,759387,987204
MX,99.94,861718,502894,846365,818614,1131278,425672,716410,666923,957577,419079,544801,705305,916896,682178,886832,942733,1225552
MX,99.95,986908,570974,965174,936673,1295630,483298,816977,763105,1096693,475812,618555,804311,1045604,780560,1014728,1079691,1403599
MX,99.96,1002274,564535,967196,948825,1315802,477848,818688,773006,1113768,470446,611579,805996,1047795,790687,1027894,1096502,1425453
MX,99.97,1040719,583832,1002206,984937,1366272,494183,848322,802426,1156489,486527,632485,835171,1085722,820782,1067016,1138560,1480127
MX,99.98,1141544,623507,1084651,1078011,1498638,527765,918109,878253,1268530,519589,675465,903876,1175038,898343,1167845,1248865,1623525
MX,99.99,1219186,624166,1122503,1145223,1600567,528323,950148,933011,1354809,520138,676180,935419,1216045,954352,1240658,1333806,1733948
MX,99.991,1344024,671401,1222410,1260753,1764457,568304,1034716,1027133,1493534,559501,727350,1018675,1324278,1050628,1365816,1470380,1911495
MX,99.992,1377847,662895,1229824,1290310,1808859,561105,1040991,1051213,1531119,552413,718136,1024853,1332309,1075259,1397836,1507382,1959597
MX,99.993,1379028,644135,1212822,1290065,1810411,545226,1026600,1051012,1532432,536780,697814,1010685,1313891,1075054,1397569,1508676,1961279
MX,99.994,1879416,839472,1617027,1755496,2467329,710568,1368742,1430199,2088484,699560,909427,1347523,1751780,1462914,1901787,2056107,2672939
MX,99.995,2031109,879462,1722023,1894814,2666474,744418,1457616,1543701,2257052,732885,952751,1435018,1865524,1579012,2052715,2222061,2888679
MX,99.996,2039999,847987,1696420,1900781,2678144,717775,1435944,1548561,2266931,706655,918652,1413683,1837789,1583985,2059179,2231786,2901322
MX,99.997,2038631,811575,1661119,1897703,2676348,686955,1406063,1546055,2265409,676313,879207,1384266,1799546,1581420,2055845,2230290,2899377
MX,99.998,2049307,728130,1585277,1904220,2690365,616323,1341866,1551363,2277274,606776,788809,1321064,1717384,1586851,2062906,2241971,2914562
MX,99.999,2040502,721914,1575485,1895922,2678805,611062,1333578,1544604,2267490,601595,782074,1312904,1706775,1579935,2053915,2232337,2902039
PK,0,45,232,201,81,83,211,183,63,75,193,252,168,219,68,88,69,89
PK,1,45,248,211,120,83,225,191,91,75,207,268,176,228,100,131,69,89
PK,2,45,269,224,164,83,244,204,124,75,224,292,187,243,136,177,69,89
PK,3,45,308,248,216,83,280,225,164,75,256,334,207,269,180,235,69,89
PK,4,45,348,272,265,83,316,247,201,75,290,376,227,294,221,288,69,89
PK,5,91,438,385,279,165,397,349,212,149,365,474,321,417,232,301,137,179
PK,6,184,849,757,545,334,770,686,414,304,708,919,630,820,454,590,279,362
PK,7,279,1237,1117,805,509,1122,1013,612,462,1030,1339,930,1210,670,871,424,552
PK,8,376,1602,1466,1053,686,1454,1330,801,624,1335,1736,1222,1588,877,1141,572,744
PK,9,474,1951,1804,1297,865,1770,1638,985,785,1626,2113,1503,1955,1081,1405,721,937
PK,10,573,2277,2131,1527,1045,2067,1934,1161,947,1898,2468,1775,2308,1273,1655,870,1131
PK,11,672,2618,2465,1768,1226,2376,2237,1343,1113,2183,2837,2055,2670,1474,1916,1022,1329
PK,12,772,2954,2797,2006,1409,2680,2539,1523,1278,2463,3201,2331,3030,1671,2172,1174,1526
PK,13,872,3277,3121,2239,1590,2974,2832,1700,1442,2730,3550,2601,3381,1866,2425,1325,1722
PK,14,972,3599,3445,2469,1772,3266,3125,1876,1608,3000,3899,2870,3731,2057,2674,1476,1920
PK,15,1072,3910,3759,2697,1956,3547,3411,2049,1775,3258,4236,3133,4072,2248,2922,1630,2119
PK,16,1172,4210,4068,2921,2139,3819,3691,2220,1940,3507,4560,3390,4407,2435,3165,1783,2317
PK,17,1273,4512,4379,3146,2321,4095,3972,2391,2107,3760,4888,3649,4744,2622,3409,1935,2515
PK,18,1374,4800,4680,3362,2507,4355,4246,2555,2275,4000,5200,3900,5070,2801,3642,2089,2716
PK,19,1474,5077,4973,3575,2689,4607,4513,2717,2440,4231,5499,4144,5388,2980,3874,2241,2913
PK,20,1504,5118,5034,3622,2742,4644,4568,2752,2488,4266,5545,4195,5454,3018,3923,2285,2972
PK,21,1541,5181,5116,3681,2810,4701,4641,2797,2549,4317,5613,4263,5542,3068,3987,2343,3045
PK,22,1572,5236,5184,3735,2866,4751,4704,2838,2601,4363,5671,4320,5615,3113,4047,2388,3105
PK,23,1601,5285,5248,3784,2920,4795,4761,2876,2649,4404,5725,4373,5685,3154,4100,2433,3163
PK,24,1640,5346,5330,3846,2992,4851,4836,2922,2714,4455,5791,4441,5774,3205,4166,2493,3241
PK,25,1667,5393,5389,3892,3040,4893,4889,2957,2758,4493,5842,4491,5838,3243,4216,2533,3293
PK,26,1702,5450,5465,3950,3105,4945,4958,3002,2817,4541,5905,4555,5921,3291,4279,2588,3363
PK,27,1733,5499,5530,4002,3161,4990,5018,3041,2868,4583,5958,4608,5991,3334,4335,2634,3425
PK,28,1764,5549,5597,4054,3217,5036,5078,3080,2918,4624,6011,4664,6063,3378,4392,2681,3485
PK,29,1803,5609,5678,4114,3287,5089,5152,3126,2982,4675,6076,4732,6151,3427,4456,2740,3562
PK,30,1817,5609,5691,4128,3313,5089,5165,3137,3006,4675,6076,4743,6166,3441,4472,2761,3589
PK,31,1853,5669,5770,4188,3381,5144,5236,3182,3068,4724,6140,4808,6251,3490,4537,2817,3662
PK,32,1882,5718,5833,4239,3433,5189,5292,3221,3114,4765,6195,4861,6319,3533,4592,2861,3719
PK,33,1912,5769,5897,4291,3487,5234,5350,3261,3165,4808,6248,4914,6388,3575,4648,2906,3778
PK,34,1944,5819,5962,4343,3545,5281,5410,3301,3215,4849,6304,4968,6459,3619,4705,2954,3840
PK,35,1980,5879,6040,4403,3610,5334,5481,3346,3275,4900,6368,5034,6544,3669,4769,3009,3911
PK,36,2009,5929,6103,4453,3665,5380,5538,3385,3326,4941,6423,5086,6612,3711,4824,3054,3970
PK,37,2047,5989,6183,4515,3734,5434,5610,3431,3387,4990,6488,5153,6699,3762,4890,3112,4046
PK,38,2079,6040,6251,4569,3791,5481,5671,3473,3441,5034,6544,5209,6772,3808,4950,3159,4107
PK,39,2111,6058,6300,4585,3851,5497,5717,3485,3494,5048,6563,5250,6825,3822,4968,3209,4172
PK,40,2117,6094,6319,4651,3860,5529,5734,3534,3503,5078,6601,5266,6845,3875,5038,3217,4182
PK,41,2152,6115,6374,4672,3924,5549,5783,3550,3561,5096,6624,5312,6905,3894,5061,3270,4251
PK,42,2183,6166,6439,4724,3982,5595,5842,3590,3613,5138,6680,5366,6976,3936,5117,3318,4313
PK,43,2223,6228,6524,4789,4054,5651,5919,3639,3679,5190,6748,5437,7068,3991,5188,3378,4392
PK,44,2260,6288,6601,4851,4122,5706,5990,3686,3740,5240,6812,5501,7152,4042,5254,3435,4465
PK,45,2299,6350,6683,4914,4192,5761,6063,3735,3804,5292,6879,5569,7240,4095,5324,3494,4541
PK,46,2334,6403,6753,4973,4256,5810,6128,3779,3862,5336,6937,5627,7316,4144,5388,3547,4611
PK,47,2371,6463,6833,5036,4325,5865,6200,3826,3924,5386,7003,5694,7402,4196,5455,3605,4685
PK,48,2411,6526,6915,5101,4397,5921,6275,3876,3990,5438,7069,5762,7490,4251,5526,3665,4764
PK,49,2451,6588,7000,5166,4471,5978,6352,3926,4056,5490,7137,5834,7584,4305,5597,3726,4844
PK,50,2486,6625,7061,5214,4533,6013,6407,3963,4114,5521,7178,5885,7650,4345,5649,3778,4910
PK,51,2524,6688,7143,5280,4604,6068,6482,4012,4178,5573,7246,5953,7738,4400,5719,3836,4988
PK,52,2566,6755,7229,5349,4680,6130,6559,4064,4246,5629,7318,6024,7831,4457,5794,3900,5070
PK,53,2612,6828,7326,5424,4763,6195,6648,4122,4321,5690,7397,6106,7937,4520,5875,3968,5160
PK,54,2655,6899,7417,5495,4841,6259,6731,4176,4392,5749,7473,6180,8035,4580,5954,4035,5245
PK,55,2699,6968,7509,5570,4922,6323,6813,4232,4467,5807,7549,6258,8135,4641,6034,4102,5333
PK,56,2747,7044,7610,5649,5010,6391,6905,4292,4547,5870,7632,6342,8245,4707,6119,4175,5428
PK,57,2799,7124,7718,5731,5104,6464,7003,4356,4631,5937,7718,6432,8362,4776,6208,4254,5529
PK,58,2844,7196,7813,5809,5188,6530,7089,4413,4707,5997,7795,6511,8464,4840,6292,4323,5619
PK,59,2906,7293,7945,5909,5301,6617,7209,4489,4811,6078,7901,6620,8607,4924,6402,4417,5743
PK,60,2951,7354,8031,5977,5382,6673,7288,4541,4884,6128,7967,6692,8700,4981,6475,4485,5831
PK,61,3012,7449,8159,6075,5493,6759,7404,4616,4984,6207,8070,6799,8839,5062,6582,4577,5951
PK,62,3068,7538,8278,6166,5595,6840,7512,4685,5077,6282,8167,6899,8968,5138,6680,4663,6062
PK,63,3124,7625,8394,6258,5697,6919,7616,4756,5169,6354,8261,6995,9093,5214,6779,4747,6171
PK,64,3181,7716,8514,6352,5801,7001,7726,4827,5264,6430,8359,7095,9223,5293,6881,4835,6284
PK,65,3256,7831,8674,6471,5938,7107,7870,4917,5388,6527,8484,7228,9396,5393,7011,4948,6432
PK,66,3326,7941,8820,6584,6066,7205,8003,5002,5503,6617,8602,7350,9556,5487,7133,5054,6571
PK,67,3396,8049,8967,6696,6194,7302,8135,5089,5619,6707,8719,7473,9714,5581,7254,5161,6709
PK,68,3458,8147,9097,6799,6306,7393,8255,5166,5722,6789,8827,7581,9856,5666,7365,5254,6831
PK,69,3531,8258,9248,6915,6439,7493,8391,5254,5842,6881,8945,7706,10018,5762,7490,5366,6976
PK,70,3612,8390,9421,7049,6587,7613,8548,5357,5977,6992,9089,7851,10206,5874,7637,5489,7136
PK,71,3689,8508,9584,7172,6728,7720,8695,5450,6104,7091,9217,7986,10382,5977,7769,5607,7289
PK,72,3776,8640,9765,7309,6887,7841,8860,5554,6248,7200,9361,8138,10579,6091,7918,5739,7461
PK,73,3858,8768,9937,7442,7036,7955,9016,5655,6384,7306,9498,8281,10764,6202,8062,5863,7622
PK,74,3944,8900,10117,7580,7193,8075,9180,5761,6527,7417,9641,8431,10960,6316,8211,5994,7793
PK,75,4034,9037,10303,7725,7357,8201,9349,5870,6675,7532,9790,8586,11162,6438,8368,6131,7970
PK,76,4129,9184,10502,7875,7530,8332,9529,5985,6832,7653,9949,8752,11377,6563,8531,6275,8158
PK,77,4224,9329,10700,8029,7704,8464,9709,6100,6989,7774,10106,8917,11592,6691,8698,6420,8346
PK,78,4332,9492,10926,8199,7901,8612,9913,6231,7169,7910,10283,9104,11836,6833,8883,6584,8559
PK,79,4450,9669,11174,8384,8115,8774,10138,6372,7364,8058,10475,9312,12105,6987,9083,6763,8792
PK,80,4605,9924,11509,8638,8398,9004,10443,6564,7620,8270,10751,9592,12469,7198,9357,6999,9097
PK,81,4736,10121,11782,8843,8638,9183,10691,6720,7837,8434,10964,9818,12765,7369,9580,7198,9357
PK,82,4865,10315,12052,9047,8872,9360,10935,6875,8050,8596,11175,10043,13056,7540,9801,7393,9612
PK,83,5007,10527,12347,9269,9131,9552,11204,7044,8286,8772,11404,10290,13376,7725,10042,7609,9892
PK,84,5172,10771,12691,9524,9432,9773,11516,7237,8559,8976,11668,10577,13749,7937,10318,7859,10218
PK,85,5351,11034,13066,9798,9760,10012,11856,7446,8856,9195,11953,10888,14154,8166,10615,8133,10573
PK,86,5546,11313,13470,10093,10114,10266,12222,7670,9177,9428,12257,11224,14592,8411,10934,8428,10956
PK,87,5764,11640,13931,10430,10513,10562,12641,7926,9538,9700,12610,11609,15091,8691,11299,8760,11388
PK,88,6008,11990,14437,10798,10956,10880,13100,8206,9942,9992,12990,12030,15640,8997,11697,9131,11869
PK,89,6294,12405,15039,11229,11480,11256,13645,8534,10417,10338,13439,12533,16292,9357,12165,9566,12437
PK,90,6573,12873,15643,11696,11988,11680,14194,8887,10878,10727,13945,13035,16946,9746,12670,9990,12987
PK,91,7024,13500,16588,12347,12810,12249,15051,9383,11624,11249,14625,13823,17970,10290,13376,10675,13877
PK,92,7579,14266,17754,13144,13823,12944,16109,9989,12542,11889,15455,14794,19233,10954,14240,11519,14974
PK,93,8322,15276,19313,14192,15177,13861,17524,10784,13771,12730,16549,16095,20923,11826,15375,12647,16441
PK,94,9272,16560,21310,15523,16910,15026,19337,11796,15343,13800,17940,17759,23087,12936,16817,14092,18319
PK,95,10675,18512,24289,17518,19467,16797,22039,13312,17664,15427,20054,20240,26313,14598,18977,16223,21089
PK,96,12390,20803,27898,19888,22596,18876,25313,15114,20504,17335,22536,23249,30224,16574,21546,18830,24479
PK,97,15279,24608,33982,23823,27865,22328,30834,18104,25284,20507,26659,28318,36813,19852,25809,23221,30188
PK,98,20599,31499,45168,30959,37567,28581,40986,23525,34087,26249,34124,37641,48933,25800,33539,31306,40698
PK,99,26984,39997,58703,39665,49211,36292,53265,30142,44654,33330,43329,48920,63595,33054,42970,41009,53313
PK,99.1,29187,42826,63351,42581,53230,38857,57483,32357,48300,35689,46394,52793,68631,35483,46129,44358,57666
PK,99.2,31675,45993,68593,45852,57766,41733,62240,34844,52416,38327,49826,57161,74310,38210,49672,48139,62580
PK,99.3,34681,49811,74926,49798,63250,45196,67986,37841,57392,41509,53962,62438,81170,41499,53947,52708,68520
PK,99.4,38402,54468,82748,54623,70034,49423,75083,41508,63547,45390,59008,68957,89644,45519,59175,58362,75871
PK,99.5,44032,61556,94606,61947,80303,55854,85843,47073,72864,51297,66687,78838,102490,51622,67109,66918,86995
PK,99.6,51324,70622,109939,71337,93602,64079,99755,54210,84932,58851,76506,91616,119100,59448,77282,78001,101402
PK,99.7,62977,85051,134439,86287,114853,77171,121986,65570,104215,70876,92137,112032,145642,71906,93478,95711,124424
PK,99.8,88288,98909,167663,118602,161013,89747,152133,90125,146099,82424,107151,139719,181634,98835,128485,134178,174431
PK,99.9,120104,123511,217824,159114,219037,112068,197649,120911,198748,102926,133804,181520,235976,132595,172373,182531,237290
PK,99.91,127860,130131,230799,168967,233182,118075,209422,128399,211584,108442,140975,192332,250032,140806,183048,194318,252613
PK,99.92,136241,137000,244546,179564,248468,124309,221895,136451,225453,114167,148416,203788,264925,149636,194527,207056,269173
PK,99.93,145775,144453,259824,191567,265855,131072,235758,145573,241229,120378,156492,216519,281475,159639,207531,221546,288010
PK,99.94,158405,154166,279837,207506,288888,139885,253918,157684,262130,128472,167014,233198,303157,172922,224799,240740,312962
PK,99.95,174073,165566,303955,227243,317462,150229,275801,172682,288058,137972,179364,253295,329285,189369,246180,264552,343917
PK,99.96,194933,179617,334808,253481,355505,162977,303797,192620,322577,149681,194586,279007,362709,211235,274604,296254,385131
PK,99.97,230862,203319,387207,298821,421030,184483,351342,227075,382031,169432,220263,322672,419474,249018,323723,350859,456116
PK,99.98,300368,254974,495287,386519,547790,231354,449411,293716,497051,212479,276222,412739,536560,322099,418730,456492,593439
PK,99.99,376220,307429,608721,482218,686123,278950,552338,366439,622572,256191,333049,507268,659447,401849,522403,571769,743300
PK,99.991,398819,322418,641759,510750,727337,292550,582316,388118,659968,268681,349286,534799,695239,425625,553312,606114,787949
PK,99.992,424970,339202,679362,543748,775031,307778,616436,413195,703243,282668,367469,566135,735976,453123,589060,645859,839617
PK,99.993,456410,358777,723871,583421,832367,325540,656822,443341,755269,298981,388674,603225,784194,486184,632039,693640,901731
PK,99.994,497078,383100,780296,634740,906536,347610,708021,482340,822567,319250,415025,650246,845321,528950,687635,755446,982080
PK,99.995,550633,413266,852459,702310,1004204,374982,773501,533686,911190,344389,447706,710383,923498,585259,760836,836836,1087888
PK,99.996,625660,456752,954969,796970,1141033,414439,866516,605619,1035346,380627,494814,795807,1034549,664142,863385,950861,1236119
PK,99.997,741969,522319,1111758,943716,1353150,473931,1008782,717130,1227816,435266,565846,926464,1204404,786430,1022358,1127625,1465912
PK,99.998,959130,629938,1387418,1217706,1749191,571581,1258910,925336,1587174,524948,682433,1156181,1503036,1014754,1319181,1457660,1894957
PK,99.999,2248560,1094817,2824117,2843869,4100762,993395,2562535,2161059,3720932,912347,1186052,2353431,3059461,2369891,3080857,3417302,4442493
TW,0,2790,10212,4226,9211,3406,8683,3592,8251,2896,8170,11234,3380,4648,7368,10131,2725,3746
TW,1,2790,10508,4274,9578,3406,8933,3634,8581,2896,8406,11558,3420,4702,7663,10536,2725,3746
TW,2,2790,10789,4323,9935,3406,9173,3676,8900,2896,8632,11868,3458,4755,7947,10928,2725,3746
TW,3,2790,10797,4371,10001,3406,9180,3716,8958,2896,8638,11877,3497,4808,8001,11001,2725,3746
TW,4,2790,11076,4418,10356,3406,9417,3755,9277,2896,8861,12185,3534,4859,8284,11391,2725,3746
TW,5,3036,11346,4544,10581,3708,9646,3863,9478,3152,9076,12481,3635,4998,8465,11639,2967,4079
TW,6,3536,12188,5231,11308,4318,10362,4447,10130,3671,9750,13406,4185,5754,9046,12439,3454,4750
TW,7,4040,13499,5907,12549,4933,11477,5022,11243,4194,10800,14849,4726,6498,10040,13805,3946,5426
TW,8,4548,14721,6573,13714,5553,12515,5589,12285,4721,11777,16192,5259,7231,10971,15085,4442,6107
TW,9,5058,15745,7228,14686,6176,13387,6146,13156,5250,12597,17320,5783,7951,11749,16154,4940,6793
TW,10,5188,15854,7331,14848,6334,13479,6232,13301,5386,12684,17440,5865,8064,11879,16333,5067,6968
TW,11,5700,16822,7979,15771,6961,14303,6782,14128,5917,13458,18505,6383,8777,12617,17348,5569,7657
TW,12,6213,17836,8616,16754,7588,15163,7326,15009,6451,14269,19619,6892,9477,13403,18430,6070,8347
TW,13,6728,18792,9246,17689,8215,15977,7861,15846,6984,15033,20672,7396,10170,14151,19457,6572,9036
TW,14,7241,19692,9866,18572,8843,16741,8389,16638,7518,15754,21662,7893,10853,14857,20430,7074,9727
TW,15,7756,20543,10481,19414,9471,17465,8911,17392,8052,16434,22597,8385,11529,15531,21356,7577,10419
TW,16,8241,21233,11043,20108,10064,18051,9388,18013,8555,16987,23356,8834,12148,16086,22118,8052,11071
TW,17,8765,21982,11651,20859,10703,18689,9904,18687,9100,17586,24180,9321,12816,16687,22945,8562,11773
TW,18,9122,22052,12032,20943,11139,18747,10229,18761,9469,17641,24257,9625,13235,16754,23037,8911,12253
TW,19,9261,22208,12127,21178,11309,18881,10310,18972,9615,17766,24429,9702,13339,16942,23296,9048,12440
TW,20,9579,22245,12456,21239,11697,18913,10589,19027,9944,17796,24470,9965,13702,16991,23363,9358,12867
TW,21,9787,22284,12644,21325,11951,18945,10750,19104,10160,17826,24512,10115,13909,17060,23457,9561,13146
TW,22,10077,22358,12941,21429,12305,19008,11002,19196,10461,17887,24594,10353,14235,17143,23572,9844,13536
TW,23,10577,22959,13505,22045,12915,19518,11480,19749,10980,18367,25255,10804,14855,17636,24250,10332,14206
TW,24,11078,23541,14065,22647,13528,20014,11958,20288,11501,18833,25895,11252,15472,18118,24912,10823,14880
TW,25,11615,24178,14668,23301,14183,20556,12471,20874,12058,19342,26596,11735,16136,18642,25631,11346,15602
TW,26,12153,24684,15257,23839,14841,20985,12971,21356,12618,19748,27152,12205,16783,19071,26223,11873,16326
TW,27,12685,25167,15835,24354,15491,21397,13462,21818,13170,20133,27683,12667,17418,19483,26789,12393,17040
TW,28,13239,25683,16439,24904,16167,21835,13976,22310,13744,20547,28252,13152,18083,19924,27395,12934,17784
TW,29,13798,26199,17048,25453,16850,22273,14494,22802,14326,20959,28819,13639,18753,20362,27998,13480,18535
TW,30,14135,26290,17382,25591,17260,22351,14777,22925,14674,21032,28919,13905,19120,20472,28150,13808,18987
TW,31,14716,26843,18017,26176,17971,22821,15317,23450,15278,21474,29527,14414,19819,20940,28793,14377,19768
TW,32,15331,27446,18691,26811,18722,23334,15891,24018,15916,21957,30192,14953,20560,21449,29492,14978,20594
TW,33,15964,28072,19387,27470,19495,23867,16483,24609,16575,22458,30881,15510,21326,21977,30217,15596,21444
TW,34,16528,28568,19998,28003,20183,24287,17002,25086,17159,22854,31425,15998,21998,22403,30803,16146,22201
TW,35,17160,29174,20690,28643,20954,24802,17590,25660,17815,23339,32091,16553,22760,22915,31508,16763,23049
TW,36,17805,29833,21402,29335,21742,25363,18196,26280,18484,23867,32817,17122,23542,23468,32268,17393,23915
TW,37,18399,30398,22051,29935,22468,25843,18747,26816,19101,24318,33438,17641,24256,23948,32928,17975,24714
TW,38,19123,31169,22853,30738,23351,26499,19429,27536,19853,24935,34286,18283,25138,24590,33812,18681,25687
TW,39,19728,31634,23512,31233,24090,26895,19990,27980,20481,25307,34798,18810,25863,24986,34356,19272,26499
TW,40,19913,31738,23673,31394,24316,26983,20126,28123,20673,25390,34912,18938,26040,25115,34533,19452,26748
TW,41,20515,32201,24330,31886,25051,27375,20684,28565,21298,25761,35420,19464,26763,25509,35075,20040,27556
TW,42,21231,32938,25120,32659,25927,28004,21356,29258,22042,26350,36233,20096,27631,26127,35925,20741,28519
TW,43,21886,33576,25836,33334,26726,28545,21965,29862,22721,26861,36934,20669,28420,26668,36668,21380,29398
TW,44,22569,34252,26586,34045,27559,29119,22602,30500,23430,27401,37677,21268,29244,27236,37450,22047,30316
TW,45,23265,34942,27349,34774,28411,29706,23252,31153,24154,27953,38437,21879,30084,27819,38251,22728,31251
TW,46,23987,35646,28141,35517,29292,30305,23924,31819,24903,28517,39210,22513,30955,28414,39069,23433,32222
TW,47,24662,36277,28875,36190,30115,30841,24549,32421,25602,29022,39904,23100,31763,28953,39809,24092,33127
TW,48,25401,36998,29684,36952,31017,31454,25236,33103,26370,29599,40698,23747,32652,29562,40647,24814,34120
TW,49,26119,37685,30470,37682,31895,32039,25905,33757,27116,30148,41454,24376,33516,30145,41450,25516,35084
TW,50,26577,38000,30951,38038,32454,32306,26313,34077,27592,30400,41799,24761,34047,30430,41842,25964,35700
TW,51,27333,38741,31778,38822,33377,32936,27016,34778,28376,30993,42615,25423,34956,31058,42705,26701,36715
TW,52,28068,39450,32582,39573,34274,33539,27700,35451,29139,31560,43395,26066,35840,31658,43530,27419,37701
TW,53,28846,40218,33435,40384,35225,34191,28426,36179,29947,32174,44238,26748,36778,32307,44422,28180,38748
TW,54,29594,40939,34252,41150,36138,34805,29119,36864,30724,32751,45033,27401,37677,32920,45264,28911,39752
TW,55,30386,41718,35118,41974,37105,35467,29856,37602,31545,33375,45890,28094,38630,33580,46172,29684,40815
TW,56,31215,42538,36027,42841,38118,36165,30629,38379,32407,34030,46792,28822,39629,34272,47124,30495,41930
TW,57,31969,43253,36848,43601,39038,36773,31326,39061,33189,34602,47579,29478,40533,34882,47961,31230,42941
TW,58,32705,43943,37648,44338,39936,37359,32007,39720,33953,35155,48336,30119,41413,35470,48772,31949,43930
TW,59,33604,44849,38636,45293,41035,38129,32847,40575,34886,35879,49333,30908,42499,36234,49822,32828,45139
TW,60,34194,45341,39267,45829,41754,38547,33383,41056,35499,36272,49874,31413,43194,36664,50413,33404,45930
TW,61,35065,46207,40221,46746,42819,39284,34195,41877,36403,36966,50828,32176,44243,37397,51421,34255,47101
TW,62,35899,47022,41131,47612,43838,39977,34968,42653,37269,37618,51725,32905,45245,38089,52373,35070,48222
TW,63,36738,47841,42047,48482,44861,40673,35747,43432,38140,38272,52626,33638,46252,38786,53331,35889,49347
TW,64,37653,48756,43049,49448,45979,41450,36599,44297,39090,39004,53631,34439,47353,39559,54393,36783,50577
TW,65,38512,49594,43987,50340,47028,42163,37397,45096,39981,39676,54554,35190,48386,40272,55374,37623,51731
TW,66,39478,50575,45045,51375,48208,42998,38297,46024,40985,40460,55633,36036,49550,41100,56513,38566,53029
TW,67,40369,51455,46018,52310,49296,43745,39123,46861,41909,41164,56600,36814,50620,41848,57540,39437,54226
TW,68,41290,52370,47024,53279,50421,44523,39978,47730,42866,41896,57606,37619,51727,42623,58607,40337,55463
TW,69,42275,53358,48101,54327,51623,45363,40894,48668,43887,42687,58694,38481,52912,43461,59759,41298,56785
TW,70,43300,54392,49223,55421,52876,46242,41848,49650,44953,43513,59831,39379,54146,44337,60963,42301,58163
TW,71,44280,55368,50292,56458,54072,47072,42757,50577,45971,44294,60905,40234,55322,45166,62103,43257,59479
TW,72,45378,56484,51495,57639,55413,48021,43780,51634,47110,45188,62133,41196,56645,46111,63402,44331,60954
TW,73,46477,57592,52698,58813,56754,48964,44801,52687,48251,46074,63352,42158,57968,47050,64694,45403,62429
TW,74,47590,58708,53913,59994,58114,49911,45835,53746,49406,46967,64578,43131,59305,47995,65994,46491,63924
TW,75,48766,59889,55200,61246,59551,50915,46928,54868,50628,47911,65877,44160,60720,48997,67371,47640,65506
TW,76,50023,61151,56573,62583,61084,51989,48097,56065,51932,48921,67266,45258,62230,50067,68841,48867,67192
TW,77,51305,62427,57973,63937,62649,53074,49287,57279,53263,49941,68670,46378,63770,51149,70331,50120,68914
TW,78,52693,63813,59492,65407,64345,54252,50577,58594,54704,51051,70195,47593,65440,52326,71947,51476,70780
TW,79,54157,65267,61091,66948,66133,55487,51938,59974,56224,52213,71793,48873,67200,53558,73642,52906,72746
TW,80,56175,67353,63312,69144,68597,57262,53825,61942,58318,53882,74089,50649,69643,55315,76058,54878,75457
TW,81,57824,68972,65113,70861,70611,58638,55356,63481,60031,55178,75870,52090,71624,56689,77947,56489,77672
TW,82,59645,70754,67102,72751,72834,60153,57047,65174,61921,56603,77830,53682,73813,58200,80025,58268,80118
TW,83,61639,72691,69280,74805,75269,61799,58900,67014,63992,58153,79959,55425,76209,59844,82286,60215,82796
TW,84,63880,74857,71728,77104,78007,63641,60981,69073,66319,59885,82343,57383,78901,61682,84814,62405,85807
TW,85,66295,77151,74364,79540,80955,65592,63221,71256,68825,61721,84867,59492,81801,63633,87495,64764,89051
TW,86,69000,79692,77314,82237,84258,67752,65731,73673,71633,63753,87661,61852,85046,65790,90461,67407,92684
TW,87,72351,82864,80980,85600,88350,70449,68846,76684,75112,66291,91150,64784,89078,68480,94160,70680,97185
TW,88,76073,86319,85044,89265,92895,73385,72301,79967,78977,69056,94951,68035,93549,71412,98192,74316,102185
TW,89,80467,90361,89844,93553,98261,76822,76382,83809,83538,72289,99397,71875,98829,74842,102909,78608,108086
TW,90,86570,96094,96529,99611,105713,81695,82066,89236,89874,76876,105703,77223,106182,79688,109572,84571,116285
TW,91,92771,101745,103307,105602,113287,86500,87829,94604,96313,81396,111919,82646,113638,84481,116162,90629,124616
TW,92,100419,108642,111664,112916,122625,92364,94934,101156,104252,86913,119506,89331,122831,90333,124208,98100,134887
TW,93,110073,116819,121816,122058,134414,99315,103563,109345,114273,93455,128501,97452,133997,97646,134263,107530,147855
TW,94,122608,122586,130755,133811,149720,104218,111164,119875,127287,98068,134844,104604,143830,107049,147192,119776,164692
TW,95,141234,130476,143372,151351,172466,110927,121891,135587,146625,104381,143524,114697,157709,121080,166486,137972,189712
TW,96,165360,140222,159502,173816,201927,119212,135604,155713,171671,112177,154244,127601,175452,139053,191198,161541,222119
TW,97,203048,160360,189499,208429,247948,136332,161106,186720,210798,128288,176396,151600,208449,166743,229272,198359,272743
TW,98,273098,200625,248675,271713,333488,170565,211415,243413,283521,160500,220688,198940,273543,217370,298884,266790,366836
TW,99,355920,247230,317263,347107,434625,210187,269727,310954,369504,197784,271954,253810,348989,277686,381819,347700,478087
TW,99.1,375991,257285,333126,364964,459134,218735,283212,326951,390342,205828,283014,266501,366438,291971,401461,367308,505048
TW,99.2,400236,269044,352013,386446,488741,228732,299270,346196,415512,215234,295948,281610,387214,309157,425091,390992,537615
TW,99.3,429798,282814,374620,412541,524841,240439,318491,369573,446203,226251,311094,299696,412082,330032,453795,419873,577325
TW,99.4,465527,298113,401031,443736,568471,253446,340944,397519,483295,238491,327925,320825,441134,354989,488110,454777,625318
TW,99.5,518132,323856,442640,489850,632708,275332,376317,438831,537908,259085,356242,354112,486903,391881,538835,506167,695979
TW,99.6,588648,359015,499715,550810,718817,305223,424842,493441,611115,287212,394917,399772,549687,440648,605891,575053,790698
TW,99.7,709372,416635,595508,654728,866238,354209,506283,586535,736447,333308,458298,476407,655059,523782,720200,692991,952862
TW,99.8,968729,529938,792863,876867,1182948,450536,674066,785538,1005704,423950,582932,634290,872150,701494,964554,946358,1301243
TW,99.9,1258298,642030,1000799,1124314,1536549,545833,850847,1007212,1306324,513624,706234,800639,1100878,899451,1236745,1229239,1690204
TW,99.91,1349697,677774,1067221,1201867,1648159,576222,907317,1076688,1401211,542219,745551,853777,1173943,961493,1322053,1318527,1812975
TW,99.92,1441963,712772,1133898,1279450,1760830,605976,964003,1146189,1497001,570217,784048,907118,1247288,1023560,1407395,1408664,1936913
TW,99.93,1573077,761275,1227366,1389913,1920937,647211,1043467,1245147,1633119,609020,837402,981893,1350103,1111930,1528904,1536749,2113031
TW,99.94,1753102,825500,1353347,1541862,2140771,701813,1150572,1381270,1820014,660401,908050,1082678,1488683,1233490,1696049,1712617,2354849
TW,99.95,1977747,897764,1504073,1730796,2415092,763249,1278715,1550526,2053234,718211,987541,1203258,1654479,1384637,1903875,1932074,2656602
TW,99.96,2316121,994179,1719969,2015404,2828292,845219,1462263,1805491,2404523,795344,1093598,1375976,1891966,1612323,2216945,2262633,3111120
TW,99.97,2926381,1167280,2107578,2529954,3573500,992383,1791795,2266448,3038075,933824,1284008,1686063,2318336,2023963,2782950,2858800,3930850
TW,99.98,4245940,1511179,2918795,3642230,5184858,1284755,2481466,3262875,4407998,1208944,1662297,2335035,3210674,2913784,4006453,4147886,5703343
TW,99.99,5744331,1826497,3772816,4905112,7014593,1552828,3207527,4394222,5963580,1461197,2009146,3018252,4150097,3924090,5395623,5611674,7716052
TW,99.991,6239424,1951722,4073710,5322515,7619168,1659290,3463338,4768149,6477571,1561378,2146894,3258968,4481081,4258012,5854767,6095334,8381085
TW,99.992,6826995,2092969,4424380,5817690,8336669,1779373,3761465,5211750,7087567,1674375,2302265,3539503,4866818,4654152,6399458,6669336,9170336
TW,99.993,7568222,2261225,4857893,6442337,9241806,1922420,4130023,5771338,7857086,1808980,2487347,3886314,5343682,5153869,7086571,7393444,10165986
TW,99.994,8550940,2468205,5418194,7270560,10441835,2098388,4606375,6513298,8877311,1974565,2715027,4334555,5960014,5816448,7997616,8353468,11486019
TW,99.995,9915326,2723877,6167784,8420419,12107933,2315751,5243651,7543393,10293773,2179101,2996264,4934226,6784562,6736335,9262460,9686347,13318726
TW,99.996,11948033,3036369,7223388,10133479,14590137,2581421,6141092,9078030,12404064,2429096,3340006,5778711,7945728,8106784,11146827,11672109,16049151
TW,99.997,15374069,3500088,8946285,13020715,18773783,2975661,7605843,11664546,15960864,2800071,3850098,7157029,9840914,10416572,14322787,15019027,20651162
TW,99.998,22953100,4195114,12461592,19408061,28028789,3566548,10594443,17386621,23829172,3356091,4614624,9969274,13707752,15526449,21348868,22423031,30831668
TW,99.999,120569817,10610847,55476108,101668855,147231787,9020993,47163997,91079566,125171714,8488677,11671931,44380886,61023719,81335084,111835741,117785430,161954966
VN,0,392,2199,1342,931,706,2013,1229,772,648,1832,2383,1118,1454,776,1009,589,765
VN,1,392,2435,1434,1511,706,2229,1313,1251,648,2028,2638,1195,1554,1259,1636,589,765
VN,2,392,2456,1548,1768,706,2249,1418,1464,648,2047,2661,1290,1678,1474,1916,589,765
VN,3,392,2769,1563,2284,706,2536,1431,1891,648,2308,3000,1303,1694,1903,2475,589,765
VN,4,392,3128,1756,2808,706,2864,1608,2325,648,2606,3389,1463,1903,2340,3042,589,765
VN,5,475,3271,2009,2904,858,2996,1840,2404,785,2726,3545,1675,2177,2420,3146,716,930
VN,6,647,3728,2023,3215,1167,3414,1852,2661,1069,3108,4039,1686,2191,2680,3483,973,1265
VN,7,823,3934,2475,3271,1484,3602,2267,2709,1359,3278,4262,2063,2681,2726,3545,1237,1608
VN,8,1001,4309,2924,3535,1806,3946,2677,2928,1654,3591,4668,2436,3167,2946,3830,1504,1956
VN,9,1181,4865,3363,4023,2131,4455,3080,3330,1951,4054,5270,2802,3643,3353,4359,1775,2308
VN,10,1362,5366,3784,4472,2457,4913,3465,3703,2249,4472,5814,3154,4100,3727,4845,2048,2662
VN,11,1544,5902,4218,4946,2786,5404,3862,4095,2551,4918,6394,3515,4569,4122,5358,2321,3018
VN,12,1727,6414,4643,5406,3116,5873,4251,4476,2852,5345,6948,3868,5029,4505,5857,2596,3375
VN,13,1910,6896,5057,5846,3447,6315,4631,4840,3155,5746,7472,4214,5478,4872,6334,2873,3735
VN,14,2094,7336,5455,6256,3779,6717,4996,5180,3459,6114,7947,4547,5910,5213,6777,3149,4094
VN,15,2278,7795,5862,6681,4111,7139,5368,5531,3763,6496,8446,4885,6351,5567,7238,3426,4453
VN,16,2466,8255,6270,7109,4449,7558,5742,5886,4074,6879,8943,5225,6792,5925,7702,3707,4820
VN,17,2644,8664,6649,7497,4771,7933,6088,6207,4368,7220,9385,5541,7204,6247,8122,3975,5168
VN,18,2835,8952,7015,7745,5114,8198,6423,6412,4683,7460,9698,5846,7600,6454,8390,4262,5541
VN,19,2851,9025,7049,7905,5144,8265,6455,6544,4709,7521,9777,5874,7637,6587,8563,4287,5573
VN,20,2946,9065,7174,7955,5316,8301,6570,6587,4867,7554,9821,5979,7773,6629,8619,4429,5758
VN,21,3018,9091,7261,8003,5446,8323,6649,6627,4986,7576,9848,6051,7866,6669,8670,4539,5901
VN,22,3033,9125,7285,8102,5471,8355,6671,6708,5010,7605,9886,6071,7893,6752,8778,4560,5927
VN,23,3132,9183,7442,8157,5650,8408,6815,6753,5173,7652,9949,6202,8062,6797,8836,4708,6120
VN,24,3206,9269,7564,8263,5785,8487,6927,6841,5297,7725,10042,6303,8194,6887,8952,4821,6267
VN,25,3307,9424,7747,8434,5967,8630,7095,6983,5465,7853,10210,6456,8392,7028,9136,4973,6464
VN,26,3390,9530,7887,8559,6116,8727,7222,7087,5601,7942,10325,6572,8544,7132,9272,5097,6625
VN,27,3494,9672,8070,8719,6306,8856,7389,7218,5773,8059,10478,6725,8743,7265,9445,5254,6831
VN,28,3577,9776,8210,8844,6455,8951,7517,7322,5911,8146,10591,6841,8893,7370,9581,5380,6993
VN,29,3674,9904,8376,8992,6629,9068,7670,7445,6071,8253,10728,6980,9075,7493,9741,5525,7182
VN,30,3739,9954,8474,9069,6747,9113,7758,7509,6178,8295,10783,7061,9180,7558,9825,5622,7309
VN,31,3828,10067,8624,9203,6908,9217,7897,7620,6324,8390,10906,7186,9343,7669,9969,5757,7484
VN,32,3944,10229,8828,9385,7116,9367,8085,7770,6516,8524,11082,7357,9564,7821,10167,5930,7709
VN,33,4053,10383,9020,9558,7313,9508,8259,7914,6696,8652,11249,7517,9772,7966,10355,6094,7922
VN,34,4139,10490,9164,9688,7469,9605,8391,8021,6839,8742,11364,7637,9928,8073,10495,6224,8091
VN,35,4242,10638,9347,9853,7654,9740,8558,8158,7009,8864,11524,7789,10125,8211,10674,6379,8293
VN,36,4339,10756,9510,9996,7829,9849,8708,8277,7169,8964,11653,7926,10303,8330,10828,6524,8482
VN,37,4441,10883,9681,10146,8013,9965,8864,8400,7337,9069,11790,8067,10487,8455,10991,6677,8680
VN,38,4566,11060,9904,10346,8239,10127,9068,8566,7544,9217,11982,8253,10728,8622,11208,6865,8925
VN,39,4658,11076,10020,10369,8404,10142,9175,8584,7696,9231,12000,8350,10855,8640,11232,7004,9105
VN,40,4661,11178,10057,10537,8410,10234,9209,8723,7701,9315,12109,8380,10895,8780,11415,7008,9111
VN,41,4766,11215,10201,10583,8600,10269,9340,8762,7874,9345,12149,8500,11051,8819,11465,7167,9317
VN,42,4857,11329,10353,10719,8762,10373,9480,8875,8023,9441,12273,8627,11215,8932,11612,7301,9492
VN,43,4968,11485,10547,10898,8964,10515,9658,9023,8209,9570,12442,8790,11427,9081,11806,7470,9712
VN,44,5088,11640,10754,11078,9181,10658,9848,9171,8407,9700,12610,8961,11649,9232,12001,7652,9946
VN,45,5195,11776,10935,11239,9373,10782,10013,9304,8583,9813,12757,9112,11846,9365,12176,7811,10154
VN,46,5299,11925,11116,11408,9560,10919,10179,9445,8754,9938,12919,9264,12042,9506,12358,7966,10357
VN,47,5413,12073,11311,11583,9766,11055,10357,9589,8941,10061,13079,9425,12253,9652,12547,8139,10581
VN,48,5529,12237,11513,11769,9977,11204,10542,9744,9135,10197,13256,9594,12473,9808,12750,8314,10808
VN,49,5643,12390,11709,11946,10182,11344,10722,9890,9324,10325,13422,9757,12685,9956,12942,8486,11031
VN,50,5740,12489,11866,12077,10357,11435,10866,9998,9484,10407,13529,9889,12855,10063,13083,8631,11220
VN,51,5870,12673,12094,12285,10591,11604,11074,10171,9698,10561,13729,10078,13102,10237,13308,8826,11473
VN,52,5982,12826,12285,12462,10794,11744,11249,10318,9884,10688,13895,10237,13308,10385,13500,8995,11693
VN,53,6118,13012,12521,12677,11039,11914,11465,10495,10107,10844,14096,10434,13564,10565,13733,9199,11958
VN,54,6241,13174,12731,12866,11261,12062,11657,10651,10311,10978,14272,10610,13792,10722,13939,9384,12200
VN,55,6373,13362,12963,13080,11500,12234,11869,10830,10530,11135,14476,10803,14044,10900,14170,9584,12458
VN,56,6525,13567,13226,13315,11773,12422,12110,11024,10780,11305,14698,11022,14328,11096,14425,9810,12754
VN,57,6665,13748,13466,13529,12025,12589,12330,11201,11011,11457,14894,11221,14588,11275,14657,10021,13027
VN,58,6813,13945,13720,13757,12294,12770,12563,11391,11256,11621,15109,11433,14863,11464,14903,10245,13319
VN,59,6984,14178,14017,14024,12602,12983,12835,11611,11539,11816,15360,11681,15186,11687,15193,10502,13652
VN,60,7107,14334,14225,14210,12822,13124,13024,11765,11741,11945,15528,11854,15411,11842,15395,10684,13891
VN,61,7286,14572,14534,14484,13146,13343,13308,11992,12037,12142,15785,12112,15746,12070,15691,10955,14241
VN,62,7471,14821,14857,14769,13480,13571,13603,12228,12343,12350,16056,12381,16095,12308,16000,11233,14604
VN,63,7654,15061,15170,15047,13809,13789,13891,12458,12645,12550,16316,12642,16434,12539,16301,11508,14961
VN,64,7839,15315,15492,15338,14144,14023,14185,12698,12951,12763,16590,12910,16784,12782,16616,11786,15322
VN,65,8029,15571,15823,15632,14486,14257,14488,12942,13266,12976,16868,13186,17142,13027,16935,12072,15694
VN,66,8228,15839,16168,15943,14846,14504,14805,13199,13595,13199,17159,13474,17515,13286,17271,12371,16083
VN,67,8451,16128,16552,16277,15247,14767,15155,13476,13961,13440,17473,13793,17931,13564,17634,12706,16518
VN,68,8667,16413,16926,16605,15639,15029,15499,13748,14320,13677,17782,14105,18336,13837,17988,13032,16942
VN,69,8918,16744,17361,16985,16092,15331,15896,14062,14734,13953,18139,14468,18808,14154,18400,13410,17433
VN,70,9183,17102,17823,17395,16569,15659,16320,14401,15171,14252,18528,14853,19309,14496,18845,13808,17950
VN,71,9434,17429,18256,17772,17022,15959,16716,14714,15586,14524,18881,15214,19778,14810,19253,14185,18440
VN,72,9706,17791,18728,18188,17512,16291,17149,15059,16036,14826,19274,15607,20288,15157,19703,14594,18972
VN,73,9941,18108,19134,18553,17938,16580,17520,15362,16425,15090,19617,15945,20729,15460,20099,14949,19433
VN,74,10226,18484,19629,18986,18452,16925,17974,15720,16896,15403,20024,16357,21264,15821,20568,15376,19990
VN,75,10534,18885,20162,19449,19006,17293,18461,16103,17403,15738,20460,16801,21842,16207,21069,15839,20591
VN,76,10866,19327,20737,19955,19606,17696,18989,16521,17952,16107,20938,17281,22466,16629,21618,16339,21240
VN,77,11167,19735,21261,20424,20150,18069,19467,16909,18449,16446,21380,17718,23033,17019,22126,16792,21829
VN,78,11526,20208,21885,20968,20797,18504,20039,17359,19044,16841,21893,18237,23709,17473,22715,17331,22531
VN,79,11861,20659,22464,21485,21401,18916,20569,17787,19597,17215,22380,18720,24337,17904,23276,17834,23184
VN,80,12334,21309,23294,22220,22254,19511,21330,18396,20377,17758,23085,19413,25236,18517,24073,18545,24109
VN,81,12704,21801,23934,22787,22921,19962,21917,18865,20988,18167,23618,19946,25929,18989,24686,19101,24831
VN,82,13064,22287,24558,23349,23573,20407,22487,19330,21585,18573,24145,20465,26605,19458,25295,19645,25537
VN,83,13491,22853,25297,23999,24343,20925,23164,19870,22290,19045,24758,21081,27405,19999,26000,20286,26371
VN,84,14031,23553,26234,24806,25317,21566,24021,20537,23183,19627,25516,21862,28421,20671,26872,21097,27427
VN,85,14654,24341,27309,25714,26441,22287,25007,21289,24210,20284,26369,22757,29585,21429,27857,22034,28645
VN,86,15207,25043,28262,26530,27437,22931,25878,21965,25123,20869,27130,23552,30617,22108,28741,22864,29724
VN,87,15907,25937,29474,27560,28702,23749,26988,22817,26281,21614,28098,24562,31929,22967,29857,23918,31094
VN,88,16672,26895,30793,28669,30081,24627,28196,23736,27544,22412,29136,25661,33359,23890,31058,25068,32588
VN,89,17518,27961,32255,29900,31607,25602,29534,24755,28942,23301,30292,26879,34942,24916,32392,26339,34241
VN,90,17659,28341,32509,30325,31861,25950,29768,25107,29174,23617,30703,27091,35218,25271,32852,26551,34516
VN,91,18944,29921,34733,32149,34183,27397,31804,26617,31299,24935,32414,28945,37627,26791,34828,28486,37032
VN,92,20482,31804,37393,34321,36957,29122,34239,28415,33840,26503,34455,31161,40508,28601,37181,30798,40037
VN,93,22385,34118,40683,36988,40389,31239,37252,30624,36983,28431,36961,33903,44073,30823,40070,33658,43755
VN,94,25040,37302,45278,40659,45179,34156,41459,33662,41369,31086,40411,37731,49051,33883,44048,37649,48944
VN,95,28821,41913,51849,45940,52002,38378,47475,38035,47616,34928,45406,43207,56169,38283,49768,43335,56335
VN,96,33399,47363,59773,52218,60264,43368,54732,43232,55180,39469,51310,49811,64754,43515,56570,50220,65286
VN,97,41262,56559,73383,62813,74450,51789,67193,52004,68171,47133,61274,61152,79498,52344,68047,62041,80654
VN,98,56414,74006,99598,82925,101789,67763,91198,68655,93204,61672,80173,82998,107897,69104,89836,84824,110272
VN,99,73177,93674,128689,105487,132034,85771,117837,87336,120899,78061,101480,107242,139414,87906,114278,110028,143037
VN,99.1,78270,99476,137508,112168,141223,91083,125911,92867,129313,82896,107765,114589,148967,93474,121516,117686,152992
VN,99.2,84227,106245,147818,119966,151972,97282,135352,99324,139155,88538,115098,123182,160136,99971,129963,126644,164636
VN,99.3,91335,114274,160116,129222,164798,104634,146612,106986,150899,95227,123796,133430,173459,107685,139991,137331,178531
VN,99.4,100323,123190,174556,140837,181013,112797,159835,116602,165748,102658,133456,145463,189102,117364,152573,150844,196098
VN,99.5,113178,130612,190111,157438,204209,119593,174077,130347,186986,108843,141496,158425,205954,131198,170558,170174,221226
VN,99.6,129509,137146,207241,178355,233674,125575,189762,147664,213966,114288,148574,172701,224511,148630,193218,194728,253146
VN,99.7,156271,153459,240796,212495,281961,140513,220488,175930,258181,127883,166247,200663,260862,177080,230204,234967,305458
VN,99.8,213991,194745,319370,285701,386108,178316,292435,236539,353544,162288,210973,266141,345984,238084,309509,321757,418284
VN,99.9,281192,240765,409201,370558,507360,220455,374689,306794,464570,200638,260830,341000,443301,308798,401437,422800,549639
VN,99.91,297474,251323,430503,390991,536739,230122,394195,323711,491470,209436,272267,358753,466378,325827,423574,447283,581467
VN,99.92,314032,261214,451491,411607,566613,239178,413413,340779,518825,217677,282982,376243,489116,343006,445908,472178,613831
VN,99.93,337285,275021,480793,440675,608569,251820,440243,364845,557243,229184,297940,400660,520859,367229,477397,507141,659284
VN,99.94,366719,291906,517297,477489,661677,267281,473669,395324,605872,243256,316232,431080,560405,397907,517279,551397,716817
VN,99.95,401162,315064,563433,520371,723823,288486,515913,430827,662777,262553,341319,469527,610385,433643,563735,603185,784142
VN,99.96,449823,347085,627907,581001,811624,317805,574951,481024,743173,289237,376009,523256,680233,484168,629418,676354,879260
VN,99.97,531749,399485,734866,683252,959442,365785,672889,565681,878525,332904,432775,612388,796105,569377,740190,799535,1039396
VN,99.98,696076,496843,942098,888216,1255943,454929,862643,735375,1150020,414037,538247,785081,1020606,740180,962234,1046620,1360605
VN,99.99,866486,587073,1146766,1100704,1563415,537548,1050050,911298,1431560,489228,635996,955638,1242329,917254,1192430,1302845,1693700
VN,99.991,920362,613866,1209766,1167939,1660626,562080,1107736,966963,1520571,511555,665022,1008138,1310580,973282,1265267,1383854,1799010
VN,99.992,980620,644649,1281067,1243072,1769350,590266,1173025,1029169,1620128,537208,698370,1067556,1387823,1035894,1346661,1474459,1916797
VN,99.993,1051498,681833,1365880,1331434,1897237,624313,1250684,1102326,1737228,568194,738653,1138233,1479703,1109528,1442387,1581030,2055340
VN,99.994,1147229,730463,1478887,1450801,2069965,668841,1354161,1201151,1895388,608720,791335,1232406,1602128,1209001,1571701,1724971,2242462
VN,99.995,1275691,792358,1627337,1610950,2301753,725514,1490091,1333744,2107627,660299,858388,1356115,1762949,1342458,1745196,1918128,2493565
VN,99.996,1457530,873720,1831488,1837633,2629846,800012,1677024,1521420,2408050,728100,946530,1526240,1984111,1531361,1990770,2191538,2849000
VN,99.997,1736945,984089,2131180,2185920,3134000,901071,1951441,1809775,2869684,820074,1066098,1775984,2308778,1821600,2368080,2611666,3395167
VN,99.998,2231628,1177612,2659906,2802609,4026566,1078267,2435574,2320345,3686973,981343,1275745,2216589,2881565,2335507,3036159,3355473,4362114
VN,99.999,6144191,2125826,6289783,7672907,11086073,1946489,5759315,6352580,10151094,1771521,2302978,5241486,6813932,6394089,8312316,9238393,12009912
BD,0,156,673,540,313,272,610,489,249,247,561,730,450,585,261,340,227,294
BD,1,156,713,560,414,272,648,508,330,247,594,773,466,606,345,449,227,294
BD,2,156,773,590,526,272,701,534,420,247,644,837,492,640,438,570,227,294
BD,3,156,875,642,661,272,794,582,528,247,730,949,536,696,550,716,227,294
BD,4,156,953,706,724,272,865,641,577,247,794,1033,589,765,602,784,227,294
BD,5,231,1002,777,761,404,909,705,606,366,836,1086,648,842,634,825,336,437
BD,6,384,1524,1261,1085,670,1382,1143,865,608,1270,1651,1050,1366,903,1175,558,726
BD,7,539,2068,1731,1483,939,1875,1570,1182,853,1723,2240,1442,1875,1237,1607,784,1018
BD,8,695,2585,2191,1868,1213,2344,1987,1488,1099,2155,2801,1826,2373,1556,2024,1010,1314
BD,9,851,3082,2640,2241,1486,2796,2395,1787,1347,2569,3339,2200,2860,1868,2428,1238,1610
BD,10,1009,3566,3082,2610,1759,3234,2794,2081,1595,2972,3863,2569,3339,2175,2828,1466,1906
BD,11,1166,4044,3522,2977,2035,3669,3194,2372,1846,3370,4381,2934,3815,2481,3225,1695,2204
BD,12,1324,4511,3955,3337,2311,4091,3587,2660,2096,3759,4888,3295,4284,2781,3615,1926,2503
BD,13,1482,4970,4384,3694,2586,4508,3976,2944,2345,4142,5385,3654,4749,3078,4002,2156,2802
BD,14,1641,5420,4807,4044,2862,4914,4359,3223,2596,4516,5871,4006,5208,3370,4381,2385,3101
BD,15,1799,5863,5228,4393,3140,5318,4741,3502,2846,4886,6352,4356,5663,3662,4760,2616,3401
BD,16,1957,6294,5641,4736,3414,5707,5116,3775,3097,5245,6817,4701,6111,3947,5130,2845,3699
BD,17,2117,6717,6051,5077,3694,6092,5489,4047,3350,5598,7277,5042,6555,4231,5501,3078,4002
BD,18,2276,7139,6460,5414,3972,6474,5859,4316,3602,5949,7733,5384,6999,4512,5866,3310,4303
BD,19,2408,7454,6785,5675,4202,6761,6154,4524,3811,6212,8077,5654,7350,4729,6148,3502,4552
BD,20,2435,7462,6811,5707,4248,6768,6176,4549,3852,6219,8085,5675,7378,4756,6183,3541,4603
BD,21,2463,7465,6847,5726,4298,6769,6208,4564,3898,6220,8086,5706,7417,4772,6203,3582,4656
BD,22,2522,7561,6964,5822,4400,6857,6316,4641,3991,6300,8191,5803,7545,4852,6307,3667,4767
BD,23,2576,7652,7073,5911,4495,6939,6414,4712,4076,6376,8289,5894,7662,4926,6404,3746,4869
BD,24,2630,7737,7178,5998,4589,7017,6511,4781,4162,6447,8382,5982,7777,4998,6498,3824,4972
BD,25,2681,7825,7282,6084,4679,7097,6604,4849,4243,6520,8478,6068,7889,5070,6591,3899,5069
BD,26,2734,7914,7388,6171,4771,7177,6700,4918,4327,6595,8574,6156,8003,5142,6685,3975,5168
BD,27,2790,7999,7496,6259,4869,7254,6797,4989,4416,6665,8666,6247,8121,5216,6780,4058,5274
BD,28,2846,8093,7608,6351,4965,7340,6900,5062,4503,6744,8767,6340,8242,5293,6880,4138,5378
BD,29,2897,8174,7708,6435,5056,7414,6991,5129,4585,6812,8856,6423,8350,5362,6971,4214,5477
BD,30,2936,8217,7771,6488,5122,7452,7048,5172,4645,6847,8901,6476,8419,5408,7029,4268,5549
BD,31,2985,8289,7863,6564,5208,7517,7132,5233,4724,6907,8979,6554,8519,5470,7111,4340,5642
BD,32,3049,8391,7990,6665,5320,7610,7246,5313,4824,6993,9089,6659,8656,5554,7221,4433,5763
BD,33,3107,8478,8101,6756,5421,7689,7346,5386,4916,7065,9184,6751,8776,5630,7318,4517,5873
BD,34,3166,8567,8214,6848,5523,7770,7449,5459,5009,7140,9281,6845,8899,5706,7418,4603,5983
BD,35,3229,8664,8336,6948,5634,7858,7561,5538,5109,7220,9387,6947,9031,5790,7526,4695,6103
BD,36,3286,8748,8444,7036,5733,7934,7658,5609,5198,7290,9477,7037,9148,5863,7622,4777,6210
BD,37,3338,8827,8544,7119,5825,8006,7749,5674,5282,7356,9562,7120,9256,5933,7712,4853,6310
BD,38,3401,8924,8666,7218,5935,8094,7858,5754,5382,7437,9668,7221,9388,6015,7819,4946,6430
BD,39,3459,8956,8746,7252,6035,8123,7931,5781,5473,7464,9702,7288,9474,6043,7857,5029,6538
BD,40,3461,9012,8775,7342,6039,8174,7958,5853,5477,7510,9764,7313,9506,6119,7954,5033,6543
BD,41,3515,9036,8848,7369,6132,8195,8025,5874,5562,7530,9789,7373,9585,6140,7983,5110,6644
BD,42,3571,9124,8953,7460,6230,8275,8121,5946,5650,7604,9884,7461,9700,6216,8081,5192,6749
BD,43,3627,9208,9061,7549,6330,8351,8218,6018,5741,7673,9976,7552,9817,6291,8178,5274,6857
BD,44,3697,9311,9193,7656,6451,8444,8338,6102,5850,7758,10086,7661,9960,6380,8294,5376,6988
BD,45,3762,9408,9317,7757,6564,8532,8450,6183,5953,7839,10191,7765,10094,6464,8403,5470,7111
BD,46,3837,9522,9463,7874,6695,8636,8582,6278,6071,7935,10315,7886,10251,6562,8530,5579,7253
BD,47,3895,9610,9572,7966,6795,8716,8680,6351,6163,8009,10411,7977,10370,6639,8630,5662,7361
BD,48,3965,9717,9706,8078,6919,8814,8803,6439,6275,8098,10527,8089,10515,6732,8751,5766,7496
BD,49,4034,9818,9837,8183,7039,8904,8920,6523,6383,8182,10636,8198,10656,6820,8866,5866,7625
BD,50,4091,9888,9937,8265,7139,8968,9012,6588,6474,8239,10712,8281,10764,6887,8953,5949,7733
BD,51,4166,10004,10082,8384,7269,9073,9143,6683,6592,8336,10838,8402,10922,6987,9083,6058,7875
BD,52,4241,10117,10225,8500,7400,9175,9273,6776,6711,8431,10959,8520,11076,7084,9209,6167,8017
BD,53,4316,10230,10367,8619,7530,9279,9403,6871,6829,8526,11083,8639,11231,7182,9337,6275,8158
BD,54,4400,10357,10529,8750,7677,9393,9548,6975,6963,8631,11220,8774,11405,7292,9478,6398,8316
BD,55,4480,10481,10683,8878,7815,9505,9689,7076,7088,8734,11355,8903,11573,7398,9617,6514,8467
BD,56,4569,10616,10855,9017,7971,9629,9845,7188,7230,8847,11501,9045,11760,7514,9769,6643,8635
BD,57,4654,10740,11015,9147,8119,9741,9989,7292,7364,8951,11635,9179,11933,7622,9909,6767,8796
BD,58,4741,10868,11180,9281,8273,9857,10139,7398,7502,9057,11774,9317,12112,7734,10054,6893,8961
BD,59,4840,11020,11372,9437,8444,9996,10314,7522,7658,9184,11940,9477,12320,7865,10223,7037,9148
BD,60,4916,11116,11508,9545,8578,10082,10437,7609,7778,9264,12044,9590,12467,7954,10341,7148,9292
BD,61,5021,11275,11711,9708,8760,10225,10620,7738,7945,9396,12214,9758,12686,8090,10517,7300,9490
BD,62,5135,11440,11929,9881,8960,10375,10819,7875,8126,9533,12394,9941,12923,8234,10704,7466,9706
BD,63,5240,11597,12129,10043,9143,10518,11000,8006,8293,9664,12565,10107,13139,8370,10880,7620,9905
BD,64,5355,11769,12353,10221,9344,10674,11203,8147,8475,9808,12750,10294,13382,8518,11072,7786,10122
BD,65,5473,11940,12577,10398,9549,10828,11405,8289,8660,9950,12935,10481,13624,8664,11264,7958,10345
BD,66,5587,12113,12797,10575,9749,10986,11605,8430,8842,10094,13122,10663,13863,8812,11456,8125,10562
BD,67,5720,12308,13051,10778,9981,11163,11837,8591,9052,10257,13334,10876,14138,8981,11676,8318,10812
BD,68,5840,12482,13278,10960,10189,11320,12042,8738,9240,10402,13523,11064,14384,9133,11873,8491,11038
BD,69,5967,12671,13521,11156,10411,11492,12264,8892,9443,10559,13727,11268,14649,9297,12086,8676,11279
BD,70,6113,12895,13805,11385,10667,11696,12521,9075,9674,10746,13971,11504,14955,9488,12334,8890,11556
BD,71,6249,13096,14065,11593,10903,11877,12757,9241,9888,10914,14188,11721,15238,9661,12559,9085,11812
BD,72,6388,13303,14332,11808,11146,12065,12998,9412,10107,11086,14412,11942,15526,9840,12791,9288,12074
BD,73,6523,13504,14590,12018,11381,12248,13231,9580,10322,11253,14630,12158,15805,10016,13020,9485,12330
BD,74,6690,13747,14909,12270,11672,12467,13521,9781,10586,11456,14893,12423,16151,10225,13292,9726,12645
BD,75,6862,13997,15239,12529,11973,12694,13820,9988,10859,11664,15163,12699,16509,10441,13573,9978,12971
BD,76,7023,14234,15544,12775,12253,12910,14098,10183,11112,11862,15420,12954,16840,10646,13840,10210,13274
BD,77,7201,14497,15885,13048,12563,13147,14406,10401,11393,12081,15704,13238,17209,10874,14136,10470,13611
BD,78,7388,14769,16243,13331,12893,13395,14731,10627,11692,12308,16000,13536,17596,11110,14442,10743,13967
BD,79,7607,15085,16662,13659,13274,13681,15111,10888,12037,12570,16343,13885,18051,11383,14797,11062,14380
BD,80,7870,15483,17175,14061,13733,14041,15578,11209,12454,12902,16773,14313,18607,11717,15232,11444,14878
BD,81,8109,15824,17632,14417,14149,14352,15991,11492,12831,13187,17142,14694,19102,12014,15619,11790,15328
BD,82,8355,16175,18100,14782,14578,14669,16416,11784,13220,13479,17522,15083,19609,12318,16013,12149,15793
BD,83,8620,16554,18607,15178,15041,15014,16874,12100,13641,13795,17935,15506,20158,12649,16442,12534,16295
BD,84,8921,16982,19182,15622,15566,15402,17397,12453,14116,14152,18397,15985,20781,13018,16923,12971,16862
BD,85,9260,17455,19830,16115,16159,15831,17984,12846,14654,14546,18910,16525,21482,13430,17458,13466,17504
BD,86,9613,17950,20501,16629,16772,16279,18593,13255,15211,14958,19445,17085,22210,13857,18015,13976,18169
BD,87,10028,18531,21297,17231,17498,16806,19315,13736,15868,15442,20075,17747,23072,14360,18668,14581,18956
BD,88,10483,19161,22168,17887,18292,17378,20104,14258,16589,15967,20757,18473,24015,14906,19378,15243,19816
BD,89,11009,19883,23173,18637,19209,18034,21016,14857,17421,16569,21541,19311,25104,15531,20190,16007,20809
BD,90,11497,20643,24126,19407,20062,18722,21879,15470,18193,17202,22363,20106,26137,16173,21025,16718,21734
BD,91,12351,21779,25761,20585,21550,19753,23364,16409,19545,18149,23594,21468,27908,17154,22300,17959,23346
BD,92,13329,23076,27633,21931,23257,20929,25060,17482,21092,19230,24999,23028,29936,18276,23760,19381,25195
BD,93,14635,24783,30134,23700,25536,22478,27329,18892,23159,20652,26848,25112,32645,19750,25674,21280,27664
BD,94,16335,26986,33391,25981,28502,24474,30284,20709,25849,22488,29234,27826,36174,21651,28146,23752,30877
BD,95,18485,29857,37536,28933,32253,27079,34042,23063,29251,24882,32347,31279,40663,24110,31343,26878,34941
BD,96,21229,33387,42791,32590,37040,30280,38807,25980,33592,27822,36170,35659,46357,27159,35306,30866,40126
BD,97,25724,39081,51402,38490,44885,35445,46617,30682,40707,32568,42338,42835,55685,32075,41697,37404,48625
BD,98,34048,49481,67344,49267,59408,44877,61075,39273,53878,41233,53605,56119,72955,41056,53373,49507,64359
BD,99,44428,62696,87333,62862,77520,56862,79205,50110,70304,52247,67921,72778,94612,52386,68100,64600,83981
BD,99.1,47916,66944,94017,67260,83605,60714,85266,53616,75823,55786,72522,78348,101853,56050,72864,69670,90571
BD,99.2,52081,72014,102002,72509,90871,65313,92506,57800,82413,60012,78016,85001,110502,60424,78550,75727,98444
BD,99.3,57020,77997,111465,78708,99492,70739,101089,62740,90230,64998,84498,92887,120754,65590,85266,82909,107783
BD,99.4,63497,85790,123868,86784,110792,77807,112339,69178,100479,71492,92939,103223,134190,72321,94016,92326,120024
BD,99.5,72760,96914,141614,98310,126956,87897,128432,78365,115137,80762,104991,118011,153415,81924,106502,105796,137535
BD,99.6,85361,110653,164327,113887,148941,100356,149032,90783,135077,92210,119874,136939,178021,94906,123378,124117,161353
BD,99.7,105959,121083,188349,139267,184881,109816,170817,111015,167672,100903,131174,156958,204045,116055,150872,154068,200288
BD,99.8,151224,151447,249627,194739,263860,137354,226390,155232,239298,126205,164067,208023,270429,162282,210967,219883,285849
BD,99.9,206785,194450,331469,262514,360806,176355,300613,209258,327220,162042,210655,276223,359091,218762,284391,300672,390874
BD,99.91,218967,203221,348805,277264,382061,184310,316336,221017,346496,169351,220156,290671,377872,231054,300369,318384,413899
BD,99.92,232600,212564,367746,293719,405849,192784,333514,234133,368070,177137,230278,306455,398392,244766,318195,338207,439670
BD,99.93,250878,224948,392910,315848,437740,204015,356337,251772,396993,187456,243693,327426,425653,263207,342169,364784,474219
BD,99.94,274668,240507,425028,344673,479251,218127,385464,274751,434639,200422,260550,354190,460447,287228,373396,399376,519189
BD,99.95,303264,257926,462342,379208,529146,233925,419306,302279,479890,214939,279420,385285,500870,316006,410808,440954,573242
BD,99.96,344583,287970,521558,429157,601240,261172,473009,342095,545274,239975,311967,434631,565021,357631,464920,501033,651343
BD,99.97,411203,334819,615245,509730,717480,303661,557976,406323,650694,279015,362720,512705,666515,424776,552208,597901,777271
BD,99.98,540200,419219,789806,665672,942559,380208,716288,530629,854822,349349,454155,658172,855624,554727,721145,785466,1021105
BD,99.99,681337,502195,970553,836250,1188820,455462,880210,666602,1078160,418495,544044,808794,1051433,696875,905937,990683,1287888
BD,99.991,724292,525968,1023900,888204,1263770,477024,928590,708017,1146133,438307,569800,853249,1109225,740170,962221,1053141,1369083
BD,99.992,772317,551006,1081902,946238,1347563,499732,981194,754278,1222126,459172,596924,901585,1172060,788531,1025091,1122970,1459861
BD,99.993,829902,583659,1154350,1015819,1448041,529347,1046898,809743,1313251,486383,632298,961958,1250547,846516,1100471,1206701,1568711
BD,99.994,905344,625826,1248570,1106993,1579674,567589,1132349,882420,1432630,521521,677978,1040475,1352618,922493,1199242,1316395,1711313
BD,99.995,1004656,678670,1369701,1226996,1752959,615516,1242203,978080,1589785,565558,735225,1141418,1483843,1022496,1329246,1460799,1899039
BD,99.996,1144812,748400,1535328,1396352,1997507,678756,1392413,1113078,1811570,623667,810766,1279440,1663272,1163628,1512716,1664590,2163966
BD,99.997,1358481,842959,1774990,1654496,2370324,764517,1609766,1318854,2149684,702466,913207,1479158,1922905,1378747,1792370,1975269,2567850
BD,99.998,1766253,1013239,2221104,2147221,3081817,918951,2014353,1711621,2794948,844365,1097675,1850920,2406196,1789351,2326156,2568181,3338636
BD,99.999,4294093,1869852,4769547,5200524,7492476,1695852,4325577,4145509,6795044,1558210,2025673,3974622,5167009,4333771,5633902,6243730,8116849
ET,0,17,128,151,-40,23,121,141,-29,21,107,139,125,163,-33,-43,19,24
ET,1,17,143,165,15,23,133,156,11,21,119,153,137,179,12,16,19,24
ET,2,17,165,189,59,23,156,179,43,21,137,179,157,205,49,64,19,24
ET,3,17,217,244,111,23,205,229,80,21,181,235,203,264,92,120,19,24
ET,4,17,297,340,123,23,280,321,89,21,248,321,283,368,103,133,19,24
ET,5,43,309,350,180,59,292,330,129,55,257,334,292,380,149,195,49,64
ET,6,96,614,730,239,128,580,689,173,121,512,666,609,792,199,259,107,139
ET,7,149,902,1079,356,200,852,1019,257,188,752,978,899,1169,296,385,167,216
ET,8,203,1169,1406,468,272,1102,1326,338,256,974,1266,1171,1523,389,506,227,294
ET,9,257,1411,1707,573,344,1331,1611,414,324,1175,1528,1423,1850,477,621,287,373
ET,10,311,1639,1994,674,414,1547,1880,488,392,1366,1776,1662,2160,562,730,345,449
ET,11,365,1864,2275,774,488,1758,2145,560,460,1554,2019,1895,2464,645,838,406,528
ET,12,419,2077,2544,871,560,1960,2400,630,528,1731,2251,2120,2756,726,943,466,606
ET,13,473,2279,2800,965,632,2149,2641,698,596,1899,2469,2333,3033,804,1045,526,685
ET,14,527,2477,3052,1059,705,2336,2878,765,665,2064,2684,2543,3306,882,1147,588,764
ET,15,582,2665,3293,1149,777,2513,3106,830,733,2221,2886,2744,3567,957,1245,648,842
ET,16,636,2841,3523,1237,849,2680,3323,893,801,2368,3078,2936,3816,1030,1339,708,919
ET,17,690,3017,3751,1323,922,2846,3538,957,870,2515,3269,3126,4064,1103,1434,769,999
ET,18,744,3183,3967,1409,994,3002,3743,1018,937,2653,3449,3306,4298,1174,1526,829,1077
ET,19,798,3349,4184,1492,1065,3158,3947,1079,1005,2790,3627,3487,4533,1243,1616,887,1154
ET,20,820,3373,4224,1515,1094,3182,3986,1095,1033,2810,3654,3521,4576,1263,1642,911,1185
ET,21,843,3413,4283,1543,1126,3219,4040,1115,1062,2844,3698,3569,4640,1286,1671,938,1219
ET,22,867,3451,4341,1572,1158,3255,4095,1137,1093,2876,3739,3618,4703,1310,1703,965,1254
ET,23,891,3490,4397,1600,1190,3293,4150,1157,1123,2908,3780,3665,4764,1334,1734,991,1289
ET,24,912,3510,4433,1620,1218,3311,4182,1171,1149,2925,3803,3694,4803,1350,1755,1015,1319
ET,25,935,3542,4483,1647,1250,3341,4228,1191,1179,2952,3836,3735,4856,1373,1784,1042,1354
ET,26,957,3570,4528,1671,1279,3367,4272,1209,1206,2974,3867,3774,4905,1393,1810,1066,1386
ET,27,978,3599,4572,1695,1307,3394,4312,1226,1233,3000,3899,3810,4953,1413,1836,1090,1417
ET,28,1000,3630,4619,1719,1335,3423,4357,1243,1261,3025,3932,3848,5004,1433,1863,1113,1447
ET,29,1023,3666,4673,1747,1367,3458,4408,1263,1290,3054,3972,3894,5062,1455,1892,1139,1482
ET,30,1040,3681,4699,1764,1389,3471,4432,1275,1310,3068,3987,3915,5090,1470,1911,1157,1504
ET,31,1064,3721,4757,1792,1421,3510,4488,1295,1341,3101,4031,3964,5153,1494,1942,1183,1539
ET,32,1086,3756,4808,1820,1451,3543,4536,1317,1369,3130,4070,4007,5209,1516,1972,1210,1572
ET,33,1111,3800,4871,1851,1484,3585,4595,1338,1401,3167,4116,4059,5277,1543,2006,1237,1608
ET,34,1137,3844,4934,1883,1519,3626,4655,1361,1433,3203,4164,4112,5346,1570,2040,1266,1646
ET,35,1162,3888,4997,1915,1552,3667,4715,1383,1464,3241,4212,4164,5413,1596,2075,1294,1682
ET,36,1186,3926,5052,1942,1584,3703,4767,1403,1495,3271,4252,4210,5473,1618,2103,1321,1716
ET,37,1210,3964,5106,1971,1616,3739,4817,1425,1524,3303,4295,4255,5531,1642,2135,1347,1751
ET,38,1241,4022,5188,2011,1658,3792,4894,1452,1564,3351,4356,4323,5619,1676,2179,1382,1796
ET,39,1266,4062,5248,2041,1691,3831,4950,1475,1596,3385,4400,4373,5685,1702,2212,1410,1832
ET,40,1280,4063,5256,2052,1708,3832,4958,1483,1612,3386,4401,4380,5694,1710,2223,1423,1851
ET,41,1305,4100,5312,2081,1743,3867,5010,1504,1644,3417,4441,4427,5754,1735,2255,1452,1888
ET,42,1333,4147,5378,2116,1780,3911,5073,1528,1679,3455,4492,4481,5826,1763,2292,1483,1928
ET,43,1361,4191,5444,2148,1818,3952,5134,1552,1715,3493,4540,4536,5897,1790,2327,1515,1970
ET,44,1385,4224,5494,2177,1851,3984,5184,1574,1746,3521,4576,4579,5953,1815,2359,1543,2006
ET,45,1413,4271,5561,2212,1888,4028,5245,1599,1782,3559,4627,4635,6024,1843,2396,1574,2045
ET,46,1444,4328,5639,2251,1928,4082,5321,1627,1819,3607,4688,4700,6110,1876,2439,1607,2089
ET,47,1471,4376,5707,2285,1966,4127,5384,1651,1854,3647,4740,4756,6183,1904,2476,1638,2129
ET,48,1500,4424,5775,2320,2004,4174,5449,1678,1891,3687,4793,4813,6256,1934,2513,1670,2171
ET,49,1524,4456,5825,2348,2036,4203,5494,1698,1920,3714,4827,4853,6310,1956,2544,1696,2205
ET,50,1541,4463,5841,2364,2057,4210,5510,1708,1942,3719,4835,4867,6327,1970,2561,1715,2229
ET,51,1570,4513,5913,2400,2097,4258,5578,1735,1979,3760,4890,4928,6406,2000,2600,1748,2272
ET,52,1598,4557,5975,2435,2135,4299,5637,1759,2013,3798,4937,4980,6474,2028,2637,1779,2312
ET,53,1625,4595,6030,2467,2171,4333,5689,1783,2048,3828,4977,5025,6532,2055,2672,1810,2352
ET,54,1650,4628,6080,2495,2203,4365,5735,1803,2079,3856,5014,5066,6587,2079,2702,1836,2387
ET,55,1675,4664,6132,2524,2237,4399,5785,1824,2111,3887,5052,5110,6644,2103,2734,1864,2424
ET,56,1702,4703,6188,2556,2273,4435,5838,1847,2144,3919,5094,5157,6704,2129,2769,1895,2463
ET,57,1726,4729,6230,2582,2305,4460,5878,1867,2175,3942,5122,5192,6749,2152,2798,1922,2497
ET,58,1749,4749,6266,2606,2336,4480,5911,1884,2204,3958,5145,5221,6788,2172,2824,1947,2531
ET,59,1778,4791,6330,2638,2375,4519,5971,1907,2240,3992,5189,5274,6857,2199,2858,1979,2572
ET,60,1792,4793,6332,2653,2393,4521,5974,1918,2257,3995,5193,5277,6860,2211,2874,1995,2593
ET,61,1820,4827,6386,2684,2431,4552,6024,1940,2292,4022,5229,5321,6917,2236,2908,2025,2633
ET,62,1846,4857,6436,2713,2467,4583,6071,1960,2327,4048,5262,5364,6972,2261,2940,2055,2672
ET,63,1877,4901,6499,2748,2508,4623,6131,1987,2365,4084,5309,5416,7040,2289,2977,2089,2717
ET,64,1907,4936,6554,2781,2548,4656,6183,2009,2404,4114,5348,5461,7100,2317,3013,2123,2760
ET,65,1938,4972,6611,2816,2588,4689,6236,2035,2441,4143,5386,5509,7161,2347,3050,2156,2804
ET,66,1971,5014,6677,2852,2633,4731,6299,2061,2484,4179,5433,5565,7234,2376,3089,2195,2853
ET,67,2005,5064,6749,2893,2678,4776,6367,2091,2527,4220,5485,5625,7312,2411,3134,2232,2902
ET,68,2044,5117,6829,2937,2730,4827,6443,2123,2576,4264,5543,5691,7398,2448,3182,2276,2958
ET,69,2084,5177,6917,2985,2784,4884,6526,2157,2626,4315,5609,5765,7494,2488,3234,2320,3016
ET,70,2132,5254,7028,3044,2848,4956,6629,2199,2686,4379,5693,5857,7614,2536,3297,2373,3085
ET,71,2174,5316,7119,3093,2904,5014,6716,2235,2738,4429,5759,5933,7712,2577,3350,2420,3146
ET,72,2227,5402,7244,3157,2974,5096,6833,2281,2805,4501,5853,6036,7847,2630,3419,2479,3222
ET,73,2280,5489,7368,3221,3046,5177,6951,2328,2873,4573,5946,6140,7982,2684,3489,2539,3299
ET,74,2328,5555,7468,3277,3110,5240,7045,2368,2934,4629,6018,6223,8090,2730,3550,2592,3369
ET,75,2379,5629,7577,3337,3178,5309,7149,2412,2998,4691,6098,6314,8209,2781,3615,2649,3443
ET,76,2434,5706,7696,3398,3251,5382,7260,2456,3068,4755,6182,6412,8336,2832,3681,2709,3522
ET,77,2492,5787,7819,3466,3329,5459,7376,2505,3141,4823,6270,6516,8471,2889,3755,2774,3606
ET,78,2568,5907,7997,3555,3430,5571,7544,2569,3237,4922,6399,6664,8663,2962,3851,2858,3715
ET,79,2647,6030,8178,3647,3535,5687,7714,2637,3335,5025,6532,6815,8859,3040,3951,2946,3830
ET,80,2743,6183,8404,3762,3663,5831,7929,2718,3455,5153,6697,7004,9105,3134,4075,3053,3968
ET,81,2831,6322,8610,3867,3782,5963,8122,2794,3567,5268,6848,7174,9327,3222,4190,3152,4096
ET,82,2929,6471,8834,3980,3912,6103,8334,2877,3691,5393,7009,7361,9569,3317,4312,3261,4239
ET,83,3041,6639,9091,4108,4063,6262,8576,2969,3832,5533,7192,7576,9848,3423,4451,3386,4401
ET,84,3179,6848,9411,4267,4246,6460,8878,3084,4006,5706,7420,7842,10194,3555,4623,3538,4599
ET,85,3326,7075,9754,4436,4443,6673,9201,3206,4191,5895,7664,8129,10567,3697,4805,3702,4813
ET,86,3495,7325,10143,4625,4668,6909,9569,3343,4404,6104,7935,8452,10988,3854,5010,3890,5057
ET,87,3700,7633,10622,4856,4942,7200,10021,3510,4663,6360,8269,8851,11507,4047,5261,4119,5354
ET,88,3957,8026,11231,5148,5285,7572,10595,3721,4986,6688,8695,9359,12166,4290,5577,4404,5725
ET,89,4246,8451,11902,5466,5671,7971,11229,3951,5350,7043,9156,9918,12894,4555,5922,4727,6144
ET,90,4646,9060,12855,5914,6204,8546,12128,4275,5854,7550,9816,10712,13927,4928,6407,5170,6721
ET,91,5030,9600,13733,6326,6719,9056,12955,4572,6339,7999,10401,11444,14878,5272,6853,5599,7278
ET,92,5536,10311,14894,6867,7394,9725,14051,4962,6976,8592,11170,12411,16135,5722,7438,6162,8010
ET,93,6161,11167,16316,7524,8229,10534,15392,5438,7763,9305,12098,13596,17675,6270,8150,6857,8915
ET,94,6977,12285,18176,8376,9319,11587,17147,6054,8791,10237,13308,15147,19691,6980,9075,7766,10095
ET,95,8230,14036,21074,9698,10992,13239,19880,7009,10370,11697,15206,17562,22831,8082,10506,9160,11908
ET,96,9768,16099,24567,11280,13047,15185,23176,8153,12308,13416,17439,20472,26614,9400,12220,10872,14134
ET,97,12225,19382,30154,13796,16329,18281,28447,9972,15404,16152,20997,25129,32668,11497,14946,13608,17690
ET,98,16482,25004,39804,18119,22014,23585,37550,13095,20768,20837,27087,33170,43120,15099,19629,18345,23849
ET,99,20089,29983,48087,21899,26834,28281,45364,15828,25315,24985,32481,40073,52094,18249,23725,22362,29070
ET,99.1,21087,31311,50351,22919,28165,29534,47499,16565,26571,26093,33920,41960,54547,19098,24828,23470,30512
ET,99.2,22244,32845,52975,24098,29711,30981,49975,17418,28029,27371,35582,44145,57389,20082,26106,24759,32187
ET,99.3,23624,34665,56099,25499,31555,32697,52924,18429,29768,28887,37553,46749,60774,21249,27624,26295,34184
ET,99.4,25262,36801,59796,27148,33743,34712,56410,19622,31832,30668,39867,49830,64778,22624,29411,28120,36555
ET,99.5,27537,39777,64942,29440,36781,37520,61266,21278,34699,33147,43092,54118,70354,24534,31893,30652,39846
ET,99.6,30432,43509,71461,32328,40647,41040,67415,23365,38347,36258,47135,59551,77416,26940,35022,33872,44034
ET,99.7,34884,49218,81486,36745,46594,46424,76873,26559,43956,41015,53320,67905,88277,30621,39808,38828,50477
ET,99.8,43216,59823,100235,44957,57724,56427,94560,32493,54456,49852,64808,83529,108588,37464,48702,48103,62534
ET,99.9,51877,70771,119730,53433,69293,66755,112952,38620,65370,58976,76669,99775,129709,44527,57886,57744,75067
ET,99.91,54445,73948,125512,55890,72722,69750,118407,40395,68604,61623,80109,104594,135972,46576,60547,60602,78782
ET,99.92,57233,77362,131774,58538,76446,72971,124314,42310,72118,64468,83809,109812,142756,48782,63416,63706,82817
ET,99.93,60699,81466,139502,61749,81076,76842,131604,44631,76485,67889,88254,116251,151127,51458,66896,67563,87832
ET,99.94,65240,86578,149508,65802,87141,81663,141043,47560,82207,72147,93792,124590,161967,54835,71285,72618,94404
ET,99.95,70527,92560,161173,70539,94203,87305,152049,50984,88870,77133,100272,134311,174604,58782,76417,78502,102053
ET,99.96,77981,101113,177673,77286,104159,95374,167615,55860,98263,84260,109540,148061,192479,64405,83726,86800,112840
ET,99.97,90013,104167,186130,88257,120231,98254,175594,63790,113425,86806,112848,155109,201641,73547,95611,100192,130251
ET,99.98,112131,112821,206656,108476,149773,106417,194956,78402,141294,94017,122222,172213,223878,90397,117516,124810,162254
ET,99.99,134139,127991,237878,128679,179171,120726,224411,93006,169026,106659,138657,198231,257701,107232,139402,149309,194102
ET,99.991,140810,132106,246507,134814,188080,124608,232552,97439,177432,110088,143115,205423,267050,112345,146048,156733,203754
ET,99.992,148426,138090,258158,141984,198253,130252,243542,102623,187029,115076,149598,215131,279671,118321,153816,165211,214774
ET,99.993,157355,141631,266652,150086,210179,133590,251555,108478,198281,118026,153433,222210,288872,125071,162594,175149,227694
ET,99.994,168789,147580,279452,160668,225450,139202,263632,116127,212687,122983,159878,232877,302740,133890,174058,187875,244238
ET,99.995,183445,156477,297984,174236,245027,147594,281114,125933,231155,130398,169516,248320,322816,145197,188756,204189,265446
ET,99.996,203840,170266,326035,193161,272270,160601,307576,139612,256855,141888,184455,271695,353204,160968,209258,226892,294959
ET,99.997,234411,191613,368776,221730,313102,180736,347898,160260,295376,159678,207581,307313,399508,184775,240207,260918,339194
ET,99.998,293027,221780,433567,276112,391395,209192,409021,199565,369237,184817,240263,361306,469698,230093,299121,326162,424011
ET,99.999,582504,297957,629825,545528,778050,281045,594168,394294,734003,248298,322787,524854,682310,454606,590989,648375,842887
KE,0,42,306,283,-60,61,285,263,-47,56,260,329,239,304,-51,-64,52,67
KE,1,42,342,309,77,61,318,288,60,56,289,369,261,333,65,83,52,67
KE,2,42,398,354,180,61,370,329,139,56,337,429,300,381,152,193,52,67
KE,3,42,512,444,302,61,476,413,232,56,433,550,376,478,256,325,52,67
KE,4,42,513,478,321,61,478,446,247,56,434,553,405,516,272,346,52,67
KE,5,78,744,621,442,112,692,577,338,104,629,800,525,669,374,477,95,120
KE,6,149,918,869,446,215,856,809,342,200,777,989,736,935,377,481,181,231
KE,7,222,1285,1230,633,320,1197,1145,485,297,1087,1385,1041,1325,536,682,271,344
KE,8,295,1618,1564,806,425,1507,1456,618,396,1369,1743,1323,1684,682,869,360,458
KE,9,369,1922,1875,969,530,1788,1746,742,493,1626,2068,1587,2019,820,1043,449,572
KE,10,442,2209,2173,1125,636,2057,2023,862,592,1870,2380,1839,2340,951,1211,538,685
KE,11,515,2496,2469,1282,741,2324,2299,982,690,2112,2688,2089,2660,1085,1381,626,798
KE,12,589,2769,2756,1434,848,2579,2567,1098,789,2343,2982,2332,2968,1213,1544,717,913
KE,13,663,3033,3034,1583,953,2824,2824,1213,887,2567,3266,2568,3267,1339,1704,806,1026
KE,14,736,3285,3302,1726,1059,3058,3074,1323,986,2780,3537,2794,3557,1460,1859,897,1141
KE,15,810,3530,3567,1868,1166,3287,3321,1433,1085,2986,3802,3018,3842,1580,2012,986,1255
KE,16,883,3763,3818,2006,1270,3503,3554,1538,1182,3185,4052,3230,4111,1696,2160,1074,1367
KE,17,957,3994,4070,2143,1377,3719,3788,1642,1282,3379,4302,3443,4383,1814,2308,1165,1482
KE,18,1031,4220,4316,2279,1482,3928,4019,1746,1379,3571,4544,3653,4648,1928,2455,1254,1596
KE,19,1101,4411,4544,2391,1584,4107,4231,1832,1474,3732,4751,3844,4893,2023,2575,1341,1706
KE,20,1116,4427,4545,2424,1604,4122,4232,1858,1494,3746,4768,3846,4894,2051,2610,1358,1728
KE,21,1142,4451,4597,2444,1643,4144,4280,1874,1528,3766,4793,3890,4950,2068,2632,1390,1770
KE,22,1172,4491,4655,2480,1686,4182,4333,1900,1570,3800,4836,3939,5013,2099,2670,1426,1815
KE,23,1203,4545,4725,2523,1731,4232,4399,1934,1611,3846,4894,3998,5089,2135,2717,1464,1864
KE,24,1231,4585,4780,2557,1771,4270,4451,1960,1648,3880,4938,4044,5148,2164,2754,1499,1907
KE,25,1260,4636,4845,2598,1812,4316,4511,1991,1687,3923,4993,4100,5218,2199,2798,1534,1952
KE,26,1288,4680,4901,2634,1852,4357,4564,2019,1724,3960,5040,4147,5278,2229,2837,1567,1995
KE,27,1317,4725,4961,2673,1894,4399,4619,2049,1763,3998,5089,4198,5342,2261,2878,1602,2039
KE,28,1342,4760,5010,2705,1930,4432,4664,2073,1796,4027,5125,4240,5396,2289,2913,1632,2077
KE,29,1375,4821,5086,2753,1978,4489,4736,2109,1842,4079,5192,4304,5478,2329,2965,1674,2129
KE,30,1396,4837,5116,2774,2007,4504,4763,2127,1868,4094,5209,4328,5509,2348,2988,1698,2161
KE,31,1421,4867,5160,2804,2045,4531,4804,2149,1904,4118,5241,4365,5557,2372,3020,1731,2203
KE,32,1453,4925,5233,2850,2091,4587,4872,2185,1946,4167,5305,4428,5635,2412,3070,1770,2252
KE,33,1482,4969,5292,2888,2132,4627,4926,2213,1986,4204,5350,4477,5698,2444,3110,1804,2296
KE,34,1513,5021,5357,2930,2176,4676,4986,2245,2025,4248,5408,4533,5769,2480,3155,1842,2344
KE,35,1544,5076,5425,2974,2221,4725,5050,2280,2068,4295,5466,4591,5842,2517,3203,1880,2392
KE,36,1573,5120,5483,3012,2263,4767,5105,2308,2107,4332,5513,4640,5906,2548,3243,1915,2437
KE,37,1598,5156,5531,3045,2300,4800,5149,2335,2140,4363,5553,4680,5957,2576,3279,1946,2477
KE,38,1635,5228,5618,3101,2352,4868,5230,2376,2189,4423,5630,4753,6050,2624,3339,1990,2533
KE,39,1666,5240,5653,3110,2397,4878,5262,2384,2231,4433,5643,4783,6087,2632,3350,2028,2581
KE,40,1669,5277,5682,3163,2401,4913,5290,2425,2235,4465,5683,4808,6119,2677,3407,2032,2586
KE,41,1700,5289,5714,3173,2444,4924,5320,2432,2276,4475,5695,4835,6154,2685,3417,2068,2632
KE,42,1735,5349,5791,3222,2495,4981,5392,2471,2323,4525,5761,4900,6236,2726,3470,2111,2686
KE,43,1768,5406,5863,3269,2543,5034,5458,2505,2367,4575,5822,4961,6314,2766,3521,2151,2738
KE,44,1800,5457,5927,3311,2588,5081,5518,2539,2409,4617,5877,5016,6383,2802,3566,2189,2786
KE,45,1829,5505,5987,3353,2630,5125,5574,2571,2449,4657,5929,5066,6448,2837,3611,2225,2833
KE,46,1865,5567,6066,3403,2682,5184,5646,2609,2497,4711,5995,5133,6532,2880,3665,2269,2889
KE,47,1899,5618,6134,3449,2732,5230,5710,2642,2544,4753,6050,5190,6605,2918,3714,2312,2942
KE,48,1937,5675,6210,3498,2786,5284,5782,2681,2593,4803,6111,5254,6687,2960,3767,2357,3001
KE,49,1971,5717,6270,3537,2834,5322,5837,2710,2638,4837,6156,5305,6752,2993,3808,2399,3053
KE,50,1995,5729,6299,3559,2869,5334,5865,2729,2670,4848,6170,5330,6784,3012,3832,2428,3090
KE,51,2034,5790,6380,3613,2925,5390,5941,2769,2724,4900,6235,5398,6871,3057,3891,2475,3150
KE,52,2070,5843,6450,3659,2976,5441,6005,2805,2770,4944,6292,5457,6945,3097,3940,2517,3205
KE,53,2113,5907,6536,3714,3040,5499,6086,2846,2829,4998,6362,5530,7039,3142,3999,2572,3273
KE,54,2149,5953,6603,3759,3092,5542,6147,2881,2878,5037,6411,5587,7111,3181,4048,2616,3329
KE,55,2188,6006,6677,3807,3146,5591,6216,2918,2929,5082,6468,5650,7190,3221,4100,2662,3389
KE,56,2233,6082,6773,3870,3211,5662,6306,2966,2990,5146,6550,5731,7294,3274,4167,2717,3458
KE,57,2275,6139,6853,3923,3273,5717,6380,3006,3046,5194,6612,5799,7381,3319,4224,2769,3525
KE,58,2314,6190,6925,3970,3327,5763,6448,3042,3098,5237,6665,5859,7458,3359,4275,2816,3583
KE,59,2368,6283,7045,4044,3406,5850,6559,3101,3171,5317,6767,5962,7588,3422,4355,2882,3669
KE,60,2423,6372,7160,4119,3485,5933,6665,3157,3245,5392,6863,6058,7710,3485,4436,2949,3752
KE,61,2471,6432,7249,4176,3555,5989,6749,3201,3309,5442,6927,6134,7806,3534,4497,3009,3828
KE,62,2523,6506,7353,4240,3630,6056,6845,3250,3379,5505,7005,6222,7918,3587,4567,3072,3910
KE,63,2575,6578,7452,4305,3703,6124,6937,3299,3447,5566,7083,6306,8025,3643,4637,3133,3988
KE,64,2625,6648,7550,4368,3776,6190,7029,3349,3515,5625,7160,6388,8131,3697,4704,3195,4067
KE,65,2683,6715,7657,4435,3860,6252,7128,3399,3594,5682,7232,6479,8246,3752,4776,3266,4158
KE,66,2750,6803,7785,4512,3955,6334,7248,3458,3682,5757,7325,6587,8383,3818,4859,3346,4259
KE,67,2814,6879,7905,4585,4048,6404,7358,3514,3768,5821,7408,6688,8512,3880,4938,3426,4360
KE,68,2892,6989,8061,4680,4159,6507,7504,3587,3871,5914,7526,6820,8680,3960,5040,3519,4479
KE,69,2964,7073,8194,4761,4263,6586,7629,3649,3968,5985,7617,6933,8824,4028,5128,3607,4591
KE,70,3056,7222,8394,4881,4395,6724,7814,3742,4092,6111,7778,7103,9040,4130,5257,3719,4733
KE,71,3129,7318,8535,4969,4500,6815,7946,3808,4190,6192,7882,7222,9192,4204,5352,3807,4847
KE,72,3220,7445,8719,5078,4632,6932,8117,3894,4312,6299,8018,7377,9389,4298,5469,3919,4988
KE,73,3304,7550,8879,5176,4752,7031,8266,3967,4424,6388,8131,7513,9562,4379,5574,4020,5117
KE,74,3393,7673,9056,5284,4881,7144,8431,4050,4544,6492,8262,7662,9753,4471,5690,4130,5257
KE,75,3495,7830,9269,5414,5026,7290,8630,4150,4680,6625,8432,7843,9982,4581,5831,4254,5413
KE,76,3597,7977,9477,5541,5174,7428,8823,4247,4817,6749,8591,8019,10206,4688,5967,4379,5573
KE,77,3697,8110,9674,5659,5317,7552,9007,4337,4950,6863,8735,8186,10418,4789,6095,4499,5726
KE,78,3821,8295,9932,5815,5495,7724,9247,4457,5116,7019,8933,8403,10695,4921,6263,4651,5918
KE,79,3954,8502,10213,5986,5687,7915,9508,4588,5294,7193,9156,8642,10999,5065,6447,4812,6124
KE,80,4135,8803,10612,6224,5949,8195,9881,4772,5537,7449,9480,8980,11429,5266,6703,5033,6406
KE,81,4282,9011,10911,6403,6159,8390,10158,4908,5734,7625,9704,9232,11751,5418,6896,5212,6633
KE,82,4431,9221,11215,6586,6372,8586,10441,5048,5933,7802,9930,9489,12077,5573,7092,5392,6863
KE,83,4608,9459,11569,6792,6627,8807,10771,5206,6170,8003,10186,9789,12459,5747,7314,5607,7137
KE,84,4813,9744,11990,7035,6924,9072,11163,5393,6446,8245,10493,10146,12912,5953,7576,5859,7457
KE,85,5024,10033,12418,7284,7225,9343,11561,5582,6727,8490,10806,10507,13374,6163,7843,6114,7781
KE,86,5296,10406,12975,7602,7617,9689,12080,5827,7091,8806,11207,10979,13973,6432,8187,6446,8203
KE,87,5622,10856,13649,7982,8086,10109,12707,6118,7528,9187,11692,11549,14699,6753,8596,6841,8708
KE,88,5969,11317,14356,8378,8584,10538,13364,6422,7993,9576,12189,12148,15460,7089,9023,7264,9245
KE,89,6414,11917,15272,8887,9225,11096,14218,6812,8588,10083,12834,12923,16448,7520,9570,7806,9936
KE,90,7072,12850,16660,9657,10171,11964,15510,7402,9469,10872,13837,14097,17942,8171,10399,8607,10954
KE,91,7702,13631,17928,10337,11078,12691,16690,7923,10313,11533,14679,15170,19307,8747,11132,9373,11929
KE,92,8613,14873,19828,11375,12387,13848,18460,8719,11533,12585,16017,16778,21354,9625,12250,10482,13340
KE,93,9712,16269,22077,12567,13968,15147,20553,9633,13004,13767,17520,18680,23774,10634,13533,11818,15042
KE,94,11148,18050,24999,14098,16033,16806,23273,10806,14927,15272,19438,21153,26922,11929,15183,13567,17267
KE,95,13556,21190,29992,16740,19497,19730,27922,12830,18152,17931,22820,25377,32299,14164,18027,16497,20996
KE,96,16475,24879,35988,19874,23697,23165,33505,15234,22061,21052,26792,30452,38756,16817,21402,20051,25520
KE,97,20843,30504,45011,24626,29979,28401,41905,18876,27909,25810,32850,38086,48473,20837,26521,25367,32285
KE,98,29504,41471,62855,33915,42435,38614,58517,25996,39506,35090,44661,53185,67690,28697,36524,35907,45700
KE,99,36955,51028,78240,41989,53152,47511,72840,32184,49483,43178,54953,66203,84258,35529,45219,44975,57240
KE,99.1,38879,53437,82190,44038,55918,49755,76517,33756,52059,45216,57548,69545,88511,37264,47426,47315,60220
KE,99.2,41252,56403,87065,46561,59332,52516,81056,35689,55237,47726,60742,73671,93763,39397,50143,50204,63896
KE,99.3,43996,59812,92691,49462,63279,55690,86294,37913,58911,50611,64413,78432,99822,41853,53266,53544,68147
KE,99.4,47353,63955,99567,52995,68106,59548,92695,40620,63406,54115,68875,84250,107227,44842,57071,57628,73344
KE,99.5,51820,69469,108726,57690,74531,64682,101221,44220,69388,58782,74813,91999,117089,48816,62128,63065,80264
KE,99.6,57651,76598,120658,63776,82917,71320,112331,48885,77195,64814,82491,102095,129939,53965,68683,70161,89295
KE,99.7,66732,87661,139243,73219,95979,81621,129633,56122,89355,74174,94404,117821,149954,61955,78852,81213,103361
KE,99.8,83927,107299,172724,91006,120710,99905,160803,69757,112379,90791,115553,146151,186011,77005,98006,102139,129995
KE,99.9,101511,117746,193421,109103,146002,109632,180070,83627,135925,99631,126804,163664,208299,92318,117496,123540,157233
KE,99.91,106627,120199,198744,114288,153360,111916,185027,87602,142774,101708,129446,168169,214033,96705,123079,129766,165157
KE,99.92,111686,121847,202975,119371,160636,113450,188965,91497,149549,103101,131220,171748,218589,101005,128553,135922,172993
KE,99.93,119614,127442,213774,127403,172039,118660,199020,97654,160164,107836,137246,180886,230218,107803,137203,145571,185272
KE,99.94,129770,135269,228545,137697,186645,125948,212770,105545,173763,114459,145675,193384,246125,116514,148290,157931,201002
KE,99.95,140629,142790,243257,148624,202262,132951,226467,113920,188303,120823,153775,205834,261969,125759,160056,171145,217821
KE,99.96,157479,155889,268040,165630,226498,145148,249539,126956,210865,131906,167881,226803,288659,140149,178371,191651,243921
KE,99.97,183328,176728,307114,191718,263676,164550,285916,146952,245477,149538,190323,259865,330737,162223,206465,223110,283959
KE,99.98,231005,212688,375760,239779,332250,198032,349825,183791,309318,179967,229048,317951,404665,202890,258223,281134,357807
KE,99.99,277924,241994,435303,286696,399732,225318,405258,219752,372142,204764,260610,368334,468788,242588,308750,338234,430480
KE,99.991,294075,249996,452998,302747,422961,232769,421732,232054,393768,211536,269226,383307,487844,256170,326035,357889,455497
KE,99.992,310645,263609,478024,319702,446794,245444,445029,245051,415956,223054,283887,404481,514794,270517,344295,378056,481163
KE,99.993,329350,273606,500440,337758,473697,254752,465899,258892,441002,231513,294653,423449,538935,285795,363739,400820,510136
KE,99.994,354488,289910,533375,362788,509852,269932,496562,278077,474661,245308,312212,451318,574405,306975,390694,431413,549072
KE,99.995,386362,309481,573557,394533,555696,288155,533970,302410,517341,261869,333289,485318,617677,333835,424882,470204,598442
KE,99.996,430500,334995,626813,438569,619179,311909,583550,336162,576442,283457,360762,530380,675029,371096,472306,523921,666808
KE,99.997,495002,376449,709502,503563,711950,350508,660532,385981,662811,318534,405407,600348,764080,426092,542299,602419,766716
KE,99.998,624907,430868,837204,632967,898790,401178,779419,485169,836754,364581,464012,708403,901604,535587,681657,760514,967927
KE,99.999,1293071,575331,1296690,1301468,1859795,535685,1207192,997574,1731431,486818,619587,1097200,1396436,1101241,1401580,1573673,2002856
CD,0,20,442,943,-417,24,420,895,-220,23,364,482,776,1027,-342,-454,20,27
CD,1,20,505,1075,-80,24,480,1021,-43,23,416,550,885,1171,-65,-87,20,27
CD,2,20,545,1162,52,24,517,1102,28,23,448,593,955,1266,43,56,20,27
CD,3,20,609,1297,153,24,578,1230,81,23,501,664,1066,1411,127,167,20,27
CD,4,20,764,1630,264,24,725,1546,139,23,628,832,1341,1775,217,288,20,27
CD,5,27,798,1698,265,33,758,1611,140,31,657,870,1397,1848,219,289,28,36
CD,6,41,957,2041,268,51,907,1936,141,48,786,1042,1679,2223,220,292,41,55
CD,7,56,1131,2415,269,68,1074,2291,141,64,930,1233,1986,2629,221,293,56,75
CD,8,70,1285,2741,290,85,1219,2601,153,81,1057,1399,2253,2985,239,316,71,93
CD,9,85,1333,2829,293,103,1265,2685,155,97,1095,1451,2327,3081,241,320,84,112
CD,10,99,1415,3021,293,120,1343,2866,155,115,1163,1542,2484,3290,241,320,99,131
CD,11,114,1542,3291,309,137,1463,3124,163,131,1267,1679,2706,3585,255,337,113,149
CD,12,128,1658,3539,320,155,1574,3358,168,147,1363,1806,2910,3854,263,348,127,168
CD,13,143,1771,3782,346,172,1680,3587,183,164,1456,1930,3109,4118,285,377,141,187
CD,14,157,1884,4022,374,191,1788,3815,197,180,1550,2052,3306,4379,308,408,157,208
CD,15,172,1988,4243,398,208,1887,4026,209,197,1635,2165,3489,4620,328,434,171,227
CD,16,186,2085,4447,425,225,1979,4219,224,215,1715,2271,3657,4843,349,462,185,245
CD,17,201,2175,4639,448,244,2064,4401,236,231,1788,2368,3814,5050,368,488,200,265
CD,18,216,2232,4756,450,261,2117,4513,237,248,1835,2431,3911,5178,370,490,215,284
CD,19,223,2249,4791,461,269,2133,4545,243,256,1850,2449,3939,5217,378,502,221,293
CD,20,230,2261,4815,472,279,2145,4568,248,264,1859,2463,3959,5242,388,513,229,304
CD,21,231,2261,4823,501,280,2145,4576,264,265,1859,2463,3966,5252,412,545,231,305
CD,22,239,2277,4855,510,289,2160,4605,269,275,1872,2480,3991,5286,420,556,237,314
CD,23,246,2281,4856,512,297,2164,4608,269,283,1876,2484,3992,5288,421,557,244,324
CD,24,255,2285,4869,512,309,2168,4620,269,293,1879,2488,4003,5302,421,557,255,337
CD,25,264,2296,4886,520,320,2179,4637,273,304,1888,2500,4018,5321,428,566,263,348
CD,26,272,2312,4920,528,329,2193,4668,277,313,1902,2517,4046,5357,434,574,271,358
CD,27,281,2329,4954,537,340,2209,4701,283,322,1915,2536,4074,5394,441,585,280,370
CD,28,288,2343,4977,545,349,2223,4723,287,330,1926,2551,4092,5420,448,593,287,380
CD,29,296,2343,4982,545,357,2223,4728,287,340,1926,2551,4096,5425,448,593,293,389
CD,30,300,2356,5009,565,362,2236,4753,297,344,1938,2565,4119,5454,465,616,298,394
CD,31,308,2359,5010,566,372,2237,4753,298,353,1939,2568,4120,5455,465,617,305,405
CD,32,315,2368,5028,573,381,2247,4771,301,361,1947,2579,4134,5474,472,624,313,414
CD,33,323,2381,5054,582,390,2259,4795,306,370,1958,2592,4156,5503,478,634,321,425
CD,34,330,2392,5077,589,400,2271,4817,310,378,1967,2605,4175,5529,484,641,329,436
CD,35,339,2408,5108,600,410,2284,4845,316,389,1980,2621,4200,5562,493,653,337,446
CD,36,348,2423,5137,610,421,2299,4875,321,400,1992,2637,4224,5594,502,665,346,458
CD,37,358,2431,5148,613,433,2307,4884,322,410,1999,2646,4232,5605,504,668,356,472
CD,38,366,2443,5180,624,442,2319,4914,328,420,2008,2660,4259,5641,513,680,364,482
CD,39,375,2448,5181,626,453,2323,4916,329,429,2012,2665,4260,5642,514,682,373,493
CD,40,375,2448,5189,646,453,2323,4924,340,430,2012,2666,4267,5650,532,704,373,493
CD,41,384,2460,5205,654,464,2335,4938,344,441,2023,2678,4280,5667,538,713,381,505
CD,42,392,2465,5224,657,474,2339,4956,345,449,2027,2684,4295,5687,540,716,390,517
CD,43,400,2473,5229,662,484,2347,4961,349,458,2033,2693,4299,5694,545,721,397,526
CD,44,407,2485,5253,672,493,2359,4985,353,468,2043,2706,4319,5719,552,732,405,537
CD,45,415,2500,5280,682,502,2372,5009,358,476,2055,2721,4341,5749,561,744,413,548
CD,46,424,2509,5298,690,513,2380,5026,364,486,2063,2732,4356,5769,568,752,422,558
CD,47,433,2525,5330,701,524,2396,5057,369,497,2076,2750,4383,5805,576,764,430,570
CD,48,442,2539,5356,710,536,2408,5081,373,508,2087,2764,4404,5831,584,773,441,584
CD,49,452,2555,5388,722,546,2424,5112,380,518,2100,2782,4429,5866,594,786,449,594
CD,50,461,2557,5392,729,557,2427,5116,384,529,2103,2785,4433,5871,600,794,458,606
CD,51,473,2575,5428,741,572,2443,5150,390,542,2117,2804,4463,5910,609,806,470,622
CD,52,481,2589,5454,752,582,2456,5174,396,553,2129,2818,4484,5939,618,818,478,634
CD,53,492,2605,5485,764,596,2472,5204,402,565,2141,2836,4509,5973,628,832,490,649
CD,54,505,2625,5527,778,610,2491,5244,409,580,2159,2858,4545,6019,640,848,502,665
CD,55,516,2642,5561,790,624,2507,5276,416,592,2172,2877,4572,6055,650,861,513,680
CD,56,529,2660,5595,802,640,2523,5309,422,608,2187,2896,4601,6092,660,874,526,697
CD,57,542,2681,5639,817,656,2544,5350,429,622,2204,2920,4637,6140,672,889,540,714
CD,58,554,2704,5683,830,670,2565,5393,437,637,2223,2944,4673,6188,682,903,552,730
CD,59,566,2721,5717,845,685,2581,5425,444,649,2237,2962,4700,6224,694,919,564,746
CD,60,582,2758,5794,863,704,2617,5497,454,668,2268,3004,4764,6308,710,941,578,766
CD,61,596,2780,5837,877,720,2637,5538,461,684,2285,3028,4799,6355,721,954,592,784
CD,62,612,2805,5890,895,741,2661,5587,470,702,2307,3054,4843,6414,737,975,609,806
CD,63,626,2825,5929,909,757,2680,5625,478,718,2323,3076,4875,6455,748,990,622,824
CD,64,642,2849,5979,926,777,2704,5673,488,737,2343,3104,4916,6511,761,1009,638,846
CD,65,658,2874,6028,943,796,2726,5719,497,756,2364,3129,4957,6564,776,1027,654,866
CD,66,675,2898,6078,961,816,2749,5766,506,774,2383,3155,4997,6617,790,1046,670,887
CD,67,691,2922,6126,979,836,2773,5813,514,793,2403,3182,5037,6671,805,1066,688,910
CD,68,706,2945,6171,997,854,2794,5855,524,810,2421,3207,5074,6720,820,1085,702,930
CD,69,725,2970,6224,1015,877,2818,5905,534,833,2443,3235,5118,6777,836,1106,721,954
CD,70,753,3016,6320,1043,911,2861,5997,549,865,2480,3283,5197,6883,858,1137,749,993
CD,71,773,3044,6379,1065,934,2888,6052,560,886,2503,3314,5245,6947,875,1159,768,1017
CD,72,795,3076,6446,1087,962,2918,6116,572,913,2529,3350,5300,7019,894,1185,792,1047
CD,73,818,3110,6515,1111,990,2950,6182,585,939,2557,3386,5357,7095,914,1210,814,1078
CD,74,841,3142,6583,1134,1017,2981,6246,597,965,2584,3421,5413,7168,933,1235,836,1107
CD,75,867,3183,6668,1162,1049,3020,6327,612,995,2617,3466,5482,7261,955,1266,862,1142
CD,76,896,3227,6761,1193,1083,3062,6416,628,1029,2653,3514,5559,7362,981,1299,890,1179
CD,77,925,3270,6852,1222,1118,3102,6502,642,1061,2689,3561,5634,7461,1005,1331,919,1218
CD,78,953,3313,6940,1251,1153,3144,6584,658,1094,2724,3607,5706,7557,1029,1362,947,1255
CD,79,986,3362,7045,1286,1193,3190,6685,677,1133,2764,3662,5793,7672,1057,1401,981,1299
CD,80,1039,3461,7254,1342,1257,3283,6884,706,1191,2845,3767,5965,7899,1103,1462,1033,1369
CD,81,1086,3531,7412,1390,1314,3350,7032,732,1246,2904,3844,6094,8070,1143,1514,1081,1431
CD,82,1138,3607,7578,1440,1377,3422,7190,758,1306,2966,3927,6231,8253,1185,1568,1131,1499
CD,83,1199,3695,7778,1499,1451,3506,7380,789,1377,3038,4024,6395,8470,1233,1632,1193,1580
CD,84,1261,3784,7977,1560,1526,3590,7568,821,1447,3112,4120,6559,8686,1283,1699,1254,1662
CD,85,1334,3886,8207,1631,1612,3687,7787,858,1530,3195,4232,6748,8936,1341,1776,1326,1756
CD,86,1410,3992,8447,1704,1704,3787,8015,897,1618,3282,4347,6945,9197,1402,1856,1402,1856
CD,87,1487,4103,8695,1779,1798,3892,8250,937,1706,3374,4467,7149,9468,1463,1938,1478,1958
CD,88,1576,4227,8976,1866,1907,4010,8516,981,1810,3475,4601,7380,9774,1534,2031,1568,2076
CD,89,1720,4423,9439,1998,2080,4196,8955,1051,1974,3637,4816,7761,10278,1643,2175,1710,2265
CD,90,1899,4688,10054,2167,2296,4448,9540,1141,2179,3855,5105,8267,10948,1782,2360,1888,2500
CD,91,2061,4905,10566,2317,2493,4655,10025,1219,2365,4034,5341,8687,11505,1906,2524,2049,2714
CD,92,2271,5182,11225,2509,2746,4917,10651,1321,2605,4262,5642,9229,12224,2063,2732,2259,2990
CD,93,2578,5589,12210,2786,3118,5304,11585,1466,2958,4595,6086,10039,13295,2291,3034,2564,3395
CD,94,3026,6171,13639,3185,3661,5855,12940,1675,3473,5074,6720,11213,14851,2618,3467,3010,3986
CD,95,3630,6979,15611,3725,4391,6621,14811,1960,4166,5738,7600,12835,16998,3062,4055,3610,4781
CD,96,4416,7987,18109,4416,5341,7578,17183,2324,5068,6567,8698,14890,19719,3631,4809,4391,5815
CD,97,5767,9700,22402,5591,6975,9203,21256,2942,6617,7975,10562,18419,24392,4597,6088,5735,7594
CD,98,8355,12948,30622,7823,10106,12286,29055,4116,9589,10647,14100,25179,33345,6432,8519,8310,11004
CD,99,10552,15803,37735,9748,12762,14994,35803,5129,12109,12994,17207,31027,41089,8015,10614,10493,13896
CD,99.1,11150,16560,39645,10265,13485,15712,37617,5401,12795,13616,18032,32597,43170,8440,11178,11088,14685
CD,99.2,11843,17430,41850,10860,14324,16538,39708,5715,13591,14332,18980,34411,45571,8929,11825,11777,15596
CD,99.3,12689,18492,44542,11589,15347,17544,42262,6098,14562,15204,20135,36624,48501,9529,12619,12619,16712
CD,99.4,13710,19759,47776,12462,16582,18748,45331,6558,15734,16247,21517,39283,52023,10246,13569,13635,18056
CD,99.5,15135,21542,52314,13681,18305,20440,49636,7200,17369,17712,23457,43014,56964,11249,14898,15051,19932
CD,99.6,17022,23879,58298,15290,20588,22657,55315,8045,19535,19634,26002,47933,63480,12571,16649,16927,22418
CD,99.7,19931,27469,67519,17759,24106,26062,64063,9345,22872,22586,29911,55516,73521,14602,19338,19820,26249
CD,99.8,25474,34288,85100,22450,30810,32533,80744,11812,29234,28193,37337,69971,92665,18459,24446,25333,33549
CD,99.9,31364,41540,103833,27421,37935,39413,98517,14429,35992,34155,45232,85374,113062,22547,29859,31191,41307
CD,99.91,33194,43777,109662,28953,40147,41536,104049,15234,38093,35995,47668,90166,119409,23805,31526,33010,43716
CD,99.92,35292,46337,116339,30707,42686,43964,110384,16157,40502,38099,50455,95656,126680,25248,33437,35097,46480
CD,99.93,37643,49179,123789,32664,45530,46662,117453,17187,43199,40436,53552,101782,134792,26856,35567,37436,49577
CD,99.94,40670,52849,133396,35185,49190,50144,126568,18513,46673,43453,57547,109682,145253,28930,38312,40446,53562
CD,99.95,44669,57704,146094,38520,54027,54750,138615,20268,51261,47446,62834,120122,159080,31672,41945,44422,58830
CD,99.96,50003,64160,163008,42959,60478,60875,154665,22604,57383,52753,69863,134029,177498,35322,46778,49727,65854
CD,99.97,58696,74719,190621,50209,70993,70893,180864,26419,67360,61436,81361,156733,207565,41284,54672,58373,77304
CD,99.98,75316,87021,222685,64073,91095,82565,211287,33714,86432,71550,94756,183096,242479,52683,69769,74900,99193
CD,99.99,92197,96275,246733,78153,111513,91346,234104,41123,105804,79159,104832,202869,268664,64260,85100,91688,121424
CD,99.991,97147,99850,256053,82282,117500,94738,242945,43295,111485,82099,108726,210532,278813,67654,89596,96611,127944
CD,99.992,103091,103985,266822,87240,124689,98661,253165,45904,118307,85498,113228,219387,290539,71730,94994,102522,135772
CD,99.993,110398,109734,281807,93336,133526,104115,267382,49113,126692,90225,119488,231708,306856,76743,101633,109788,145395
CD,99.994,119601,117362,301699,101013,144657,111354,286258,53152,137252,96499,127794,248064,328517,83056,109992,118940,157515
CD,99.995,131632,127033,326915,111051,159209,120529,310182,58433,151059,104449,138325,268797,355974,91310,120923,130905,173361
CD,99.996,148414,139949,360589,125051,179508,132784,342132,65799,170318,115069,152389,296485,392641,102820,136168,147596,195464
CD,99.997,174845,159074,410405,147101,211474,150930,389398,77402,200650,130795,173214,337444,446886,120950,160176,173879,230272
CD,99.998,224838,191303,494634,188716,271942,181509,469315,99298,258022,157294,208308,406698,538602,155166,205490,223597,296115
CD,99.999,506812,294661,764328,423245,612990,279575,725205,222704,581613,242277,320854,628447,832268,348002,460867,504014,667479
