country,gpercentile,inc25,B90kC,B90kG,B90kN,B90kI,B,BG,BN,BI,B45kC,B120kC,B45kG,B120kG,B45kN,B120kN,B45kI,B120kI
IT,0,5759,9669,7113,8939,6234,8581,6313,7860,5533,7735,10636,5690,7824,7151,9833,4987,6857
IT,1,5885,9710,7263,8958,6371,8617,6446,7877,5654,7768,10680,5810,7989,7166,9854,5097,7008
IT,2,6059,9783,7473,9003,6559,8682,6632,7916,5821,7826,10761,5978,8220,7202,9903,5247,7215
IT,3,6290,9957,7752,9141,6809,8836,6879,8038,6043,7966,10952,6202,8527,7313,10055,5447,7490
IT,4,6585,10106,8040,9261,7129,8969,7136,8144,6326,8085,11117,6432,8844,7409,10187,5703,7842
IT,5,6953,10110,8276,9316,7527,8972,7345,8192,6679,8088,11120,6621,9104,7453,10248,6022,8280
IT,6,7190,10194,8292,9344,7783,9047,7359,8216,6907,8155,11213,6634,9121,7475,10278,6226,8561
IT,7,7190,10494,8294,9718,7783,9313,7361,8545,6907,8395,11543,6635,9123,7774,10690,6226,8561
IT,8,7190,10579,8325,9885,7783,9388,7388,8692,6907,8463,11637,6660,9158,7908,10874,6226,8561
IT,9,7190,10588,8339,9977,7783,9396,7400,8773,6907,8470,11646,6671,9173,7982,10975,6226,8561
IT,10,7190,10722,8358,10207,7783,9515,7418,8975,6907,8578,11794,6686,9194,8166,11228,6226,8561
IT,11,7190,10794,8392,10350,7783,9579,7447,9101,6907,8635,11874,6714,9231,8280,11385,6226,8561
IT,12,7193,10819,8450,10439,7787,9602,7499,9180,6911,8655,11901,6760,9295,8351,11483,6230,8566
IT,13,7206,11041,8473,10738,7801,9798,7520,9442,6923,8833,12145,6778,9320,8590,11812,6241,8581
IT,14,7235,11107,8529,10861,7832,9857,7569,9550,6950,8886,12218,6823,9382,8689,11947,6266,8615
IT,15,7288,11140,8603,10940,7890,9886,7635,9620,7002,8912,12254,6882,9463,8752,12034,6312,8679
IT,16,7343,11334,8672,11171,7949,10059,7696,9823,7054,9067,12468,6938,9539,8937,12288,6359,8744
IT,17,7390,11438,8723,11299,8000,10151,7741,9935,7099,9150,12582,6978,9595,9039,12429,6400,8800
IT,18,7816,11535,8817,11380,8462,10237,7824,10007,7509,9228,12689,7054,9699,9104,12518,6770,9308
IT,19,7909,11565,8898,11428,8561,10263,7896,10049,7598,9252,12721,7118,9788,9142,12571,6849,9417
IT,20,8362,11701,9385,11550,9052,10384,8329,10156,8033,9361,12871,7508,10324,9240,12705,7242,9957
IT,21,8535,11720,9564,11570,9240,10401,8487,10174,8200,9376,12892,7651,10520,9256,12727,7392,10164
IT,22,8840,11928,9890,11769,9570,10585,8777,10349,8493,9542,13121,7912,10879,9415,12946,7656,10527
IT,23,9134,11932,10203,11776,9888,10589,9055,10355,8775,9546,13126,8162,11223,9421,12954,7910,10877
IT,24,9250,12211,10322,12065,10013,10837,9161,10609,8886,9769,13432,8258,11354,9652,13272,8010,11014
IT,25,9475,12238,10566,12080,10256,10861,9377,10622,9102,9790,13462,8453,11623,9664,13288,8205,11282
IT,26,9699,12295,10804,12133,10499,10911,9588,10669,9317,9836,13524,8643,11884,9706,13346,8399,11549
IT,27,9966,12314,11090,12142,10789,10928,9842,10677,9574,9851,13546,8872,12199,9714,13356,8631,11868
IT,28,10111,12551,11224,12411,10945,11139,9960,10913,9713,10041,13806,8979,12346,9929,13652,8756,12040
IT,29,10552,12597,11677,12452,11422,11179,10363,10950,10137,10078,13857,9342,12845,9962,13697,9138,12564
IT,30,10553,12624,11686,12490,11423,11203,10371,10982,10138,10099,13886,9349,12855,9992,13739,9138,12565
IT,31,10981,12975,12126,12854,11887,11514,10761,11303,10549,10380,14272,9701,13339,10283,14139,9510,13076
IT,32,11347,13434,12529,13311,12283,11922,11119,11705,10900,10747,14778,10023,13782,10649,14642,9826,13511
IT,33,11716,13884,12934,13761,12683,12322,11478,12101,11256,11107,15273,10347,14227,11009,15137,10146,13951
IT,34,11908,14072,13136,13957,12891,12488,11657,12273,11440,11258,15479,10509,14450,11166,15353,10313,14180
IT,35,12125,14328,13370,14216,13125,12715,11865,12500,11648,11462,15761,10696,14707,11373,15638,10500,14438
IT,36,12338,14404,13595,14290,13356,12783,12065,12565,11853,11523,15845,10876,14955,11432,15719,10685,14692
IT,37,12421,14556,13645,14491,13446,12918,12109,12743,11933,11645,16011,10916,15010,11593,15940,10757,14791
IT,38,12817,14700,14051,14622,13874,13046,12469,12858,12313,11760,16170,11241,15456,11698,16084,11099,15261
IT,39,12823,14774,14072,14732,13881,13111,12488,12954,12319,11819,16251,11258,15479,11786,16205,11105,15269
IT,40,12904,14829,14132,14793,13970,13160,12541,13008,12397,11863,16311,11306,15545,11834,16272,11176,15367
IT,41,13021,14851,14244,14827,14096,13180,12641,13038,12510,11881,16337,11395,15668,11862,16310,11277,15506
IT,42,13235,15079,14473,15057,14327,13382,12844,13240,12714,12063,16587,11578,15920,12046,16563,11462,15760
IT,43,13506,15215,14739,15217,14620,13503,13080,13381,12975,12172,16737,11791,16213,12174,16739,11696,16082
IT,44,13739,15319,14965,15343,14873,13595,13281,13491,13199,12255,16851,11972,16462,12274,16877,11898,16360
IT,45,13981,15600,15225,15628,15134,13844,13511,13742,13431,12480,17160,12180,16748,12502,17191,12107,16647
IT,46,14457,16152,15742,16185,15650,14335,13970,14232,13889,12922,17768,12594,17316,12948,17804,12520,17215
IT,47,14716,16405,16013,16449,15931,14559,14211,14464,14138,13124,18046,12810,17614,13159,18094,12745,17524
IT,48,15135,16872,16462,16923,16384,14973,14610,14881,14540,13498,18559,13170,18108,13538,18615,13107,18022
IT,49,15377,17092,16713,17155,16646,15168,14832,15085,14772,13674,18801,13370,18384,13724,18870,13317,18311
IT,50,15549,17282,16893,17353,16832,15337,14992,15259,14938,13826,19010,13514,18582,13882,19088,13466,18515
IT,51,16009,17729,17379,17815,17330,15734,15423,15665,15380,14183,19502,13903,19117,14252,19596,13864,19063
IT,52,16300,18082,17693,18173,17645,16047,15702,15980,15659,14466,19891,14154,19462,14538,19990,14116,19410
IT,53,16667,18375,18069,18485,18042,16307,16036,16255,16012,14700,20213,14455,19876,14788,20334,14434,19846
IT,54,17094,18894,18532,19010,18504,16767,16446,16716,16422,15115,20783,14826,20385,15208,20911,14803,20354
IT,55,17453,19267,18911,19396,18892,17098,16783,17055,16766,15414,21194,15129,20802,15517,21336,15114,20781
IT,56,18001,19902,19502,20039,19486,17662,17307,17621,17293,15922,21892,15602,21452,16031,22043,15589,21435
IT,57,18351,20326,19879,20471,19866,18038,17642,18001,17630,16261,22359,15903,21867,16377,22518,15893,21853
IT,58,18601,20528,20133,20690,20136,18217,17867,18193,17870,16422,22581,16106,22146,16552,22759,16109,22150
IT,59,19167,21153,20738,21329,20749,18772,18404,18755,18414,16922,23268,16590,22812,17063,23462,16599,22824
IT,60,19494,21504,21083,21692,21102,19084,18710,19074,18727,17203,23655,16866,23191,17354,23861,16882,23212
IT,61,20224,22250,21856,22459,21893,19746,19396,19748,19429,17800,24475,17485,24042,17967,24705,17514,24082
IT,62,20504,22587,22154,22806,22196,20045,19661,20054,19698,18070,24846,17723,24369,18245,25087,17757,24416
IT,63,20933,23080,22612,23311,22661,20482,20067,20498,20110,18464,25388,18090,24873,18649,25642,18129,24927
IT,64,21342,23531,23044,23776,23102,20883,20450,20907,20502,18825,25884,18435,25348,19021,26154,18482,25412
IT,65,21652,23771,23358,24038,23439,21095,20729,21138,20801,19017,26148,18686,25694,19230,26442,18751,25783
IT,66,22083,24219,23809,24504,23905,21493,21130,21547,21215,19375,26641,19047,26190,19603,26954,19124,26296
IT,67,22356,24387,24079,24696,24200,21642,21369,21716,21477,19510,26825,19263,26487,19757,27166,19360,26620
IT,68,22687,24778,24430,25100,24559,21989,21680,22071,21795,19822,27256,19544,26873,20080,27610,19647,27015
IT,69,23053,25106,24805,25450,24955,22281,22013,22379,22147,20085,27617,19844,27286,20360,27995,19964,27451
IT,70,23720,25803,25509,26170,25678,22899,22638,23012,22788,20642,28384,20407,28060,20936,28787,20542,28246
IT,71,24259,26359,26075,26748,26261,23392,23140,23520,23305,21087,28994,20860,28683,21398,29423,21009,28887
IT,72,25097,27194,26955,27615,27168,24134,23922,24283,24110,21755,29914,21564,29651,22092,30377,21734,29885
IT,73,25899,28002,27798,28453,28036,24851,24669,25020,24881,22402,30803,22238,30578,22762,31298,22429,30840
IT,74,26704,28807,28642,29289,28907,25565,25419,25755,25653,23046,31687,22914,31506,23431,32218,23126,31798
IT,75,27347,29450,29314,29961,29604,26135,26015,26346,26272,23560,32395,23451,32245,23969,32957,23683,32564
IT,76,27945,29999,29932,30542,30251,26623,26563,26856,26846,23999,32999,23946,32925,24434,33596,24201,33276
IT,77,28738,30794,30762,31371,31110,27328,27299,27585,27608,24635,33874,24610,33838,25097,34508,24888,34221
IT,78,29530,31573,31588,32185,31966,28020,28032,28302,28368,25258,34730,25270,34747,25748,35404,25573,35163
IT,79,30538,32574,32644,33229,33058,28908,28970,29219,29338,26059,35832,26115,35908,26583,36552,26446,36364
IT,80,31563,33641,33720,34336,34168,29855,29925,30193,30322,26913,37005,26976,37092,27469,37770,27334,37585
IT,81,32181,34218,34356,34948,34837,30366,30489,30731,30916,27374,37639,27485,37792,27958,38443,27870,38321
IT,82,33000,35031,35207,35802,35723,31088,31245,31482,31703,28025,38534,28166,38728,28642,39382,28578,39295
IT,83,33849,35842,36086,36658,36642,31808,32025,32234,32518,28674,39426,28869,39695,29326,40324,29314,40306
IT,84,34676,36680,36945,37539,37537,32552,32787,33009,33313,29344,40349,29556,40640,30031,41293,30030,41291
IT,85,35376,37348,37664,38249,38295,33145,33425,33634,33985,29878,41083,30131,41430,30599,42074,30636,42124
IT,86,36507,38509,38845,39464,39520,34175,34473,34702,35072,30807,42359,31076,42730,31571,43410,31616,43472
IT,87,37916,39890,40312,40910,41045,35400,35775,35974,36426,31912,43879,32250,44343,32728,45001,32836,45150
IT,88,39237,41016,41667,42110,42475,36399,36978,37029,37694,32813,45117,33334,45834,33688,46321,33980,46723
IT,89,40645,42409,43130,43575,43999,37636,38276,38317,39047,33927,46649,34504,47443,34860,47933,35199,48399
IT,90,42262,43960,44805,45208,45749,39012,39763,39753,40600,35168,48356,35844,49286,36166,49729,36599,50324
IT,91,43866,45364,46453,46704,47485,40259,41225,41069,42141,36291,49901,37162,51098,37363,51374,37988,52234
IT,92,45855,47099,48499,48548,49639,41798,43041,42690,44053,37679,51809,38799,53349,38838,53403,39711,54603
IT,93,48755,49673,51495,51267,52779,44082,45700,45081,46839,39738,54640,41196,56645,41014,56394,42223,58057
IT,94,52187,52648,55036,54418,56494,46722,48842,47851,50136,42118,57912,44029,60540,43534,59860,45195,62143
IT,95,58123,57919,61189,59966,62919,51400,54302,52730,55837,46335,63711,48951,67308,47973,65963,50335,69211
IT,96,65664,64448,68991,66855,71083,57195,61226,58788,63083,51558,70893,55193,75890,53484,73540,56866,78191
IT,97,76362,73058,79720,76310,82663,64836,70748,67102,73360,58446,80364,63776,87692,61048,83941,66130,90929
IT,98,101694,85797,97799,98755,110086,76141,86792,86838,97696,68638,94377,78239,107579,79004,108631,88069,121095
IT,99,134640,103434,122091,128209,145750,91793,108351,112738,129346,82747,113777,97673,134300,102567,141030,116600,160325
IT,99.1,140356,106735,126577,133272,151937,94722,112332,117190,134837,85388,117408,101262,139235,106618,146599,121550,167131
IT,99.2,148316,111194,132798,140207,160555,98679,117852,123288,142485,88955,122313,106238,146078,112166,154228,128444,176610
IT,99.3,156159,114725,138468,146639,169045,101813,122884,128944,150020,91780,126198,110774,152315,117311,161303,135236,185950
IT,99.4,167122,119525,146308,155578,180913,106073,129841,136805,160552,95620,131478,117046,160939,124462,171136,144730,199004
IT,99.5,181264,126841,157536,167059,196222,112565,139806,146900,174138,101473,139525,126029,173290,133647,183765,156978,215844
IT,99.6,195152,132293,168042,177077,211256,117403,149129,155709,187480,105834,145522,134434,184846,141662,194785,169005,232382
IT,99.7,235007,152845,199630,209428,254400,135642,177163,184156,225768,122276,168129,159704,219593,167542,230371,203520,279840
IT,99.8,309602,180703,253043,265090,335151,160365,224564,233101,297431,144562,198774,202434,278347,212072,291599,268121,368666
IT,99.9,381402,211893,306369,321170,412876,188045,271889,282414,366409,169514,233083,245095,337006,256936,353287,330301,454164
IT,99.91,398332,219136,319409,333756,431202,194473,283461,293481,382672,175309,241050,255527,351350,267005,367132,344962,474322
IT,99.92,433872,236253,347211,361730,469675,209664,308134,318080,416815,189002,259879,277769,381932,289384,397903,375740,516643
IT,99.93,464938,249548,370917,385076,503305,221462,329172,338609,446660,199638,274503,296734,408009,308061,423584,402644,553636
IT,99.94,522490,275700,415116,429630,565606,244670,368396,377787,501950,220560,303270,332093,456628,343704,472593,452485,622167
IT,99.95,590931,306274,467219,482566,639695,271803,414635,424334,567700,245019,336901,373775,513941,386053,530823,511756,703664
IT,99.96,749673,378653,588117,606843,811537,336037,521927,533615,720202,302922,416519,470494,646929,485474,667527,649230,892691
IT,99.97,849575,412648,657569,680190,919682,366205,583562,598111,816175,330118,453913,526055,723326,544152,748209,735746,1011650
IT,99.98,2208755,1004138,1665520,1744625,2391023,891124,1478072,1534100,2121923,803310,1104552,1332416,1832072,1395700,1919088,1912818,2630125
IT,99.99,4438606,1926623,3287463,3475417,4804882,1709785,2917472,3056036,4264112,1541298,2119285,2629970,3616209,2780334,3822959,3843906,5285370
IT,99.991,4861880,2085419,3584254,3799015,5263086,1850709,3180861,3340586,4670747,1668335,2293961,2867403,3942679,3039212,4178917,4210469,5789395
IT,99.992,5195538,2197690,3808864,4050824,5624277,1950344,3380192,3562009,4991287,1758152,2417459,3047091,4189750,3240659,4455906,4499422,6186705
IT,99.993,5299140,2206487,3859731,4122397,5736428,1958151,3425334,3624945,5090816,1765190,2427135,3087785,4245704,3297918,4534637,4589142,6310071
IT,99.994,5360029,2187435,3871207,4159295,5802343,1941243,3435518,3657390,5149312,1749948,2406179,3096966,4258328,3327436,4575224,4641874,6382577
IT,99.995,5479837,2179003,3913779,4240435,5932038,1933760,3473299,3728740,5264411,1743202,2396903,3131023,4305157,3392348,4664478,4745630,6525242
IT,99.996,6028818,2313000,4238822,4650537,6526320,2052677,3761760,4089354,5791810,1850400,2544301,3391058,4662704,3720430,5115591,5221056,7178952
IT,99.997,7594252,2758912,5211706,5836368,8220935,2448402,4625150,5132090,7295702,2207130,3034803,4169365,5732877,4669094,6420005,6576748,9043028
IT,99.998,8967055,3077805,6013284,6857235,9707022,2731404,5336513,6029769,8614536,2462244,3385586,4810627,6614612,5485788,7542959,7765618,10677724
IT,99.999,15881718,1968060,7536819,11919047,17192288,1746559,6688581,10480770,15257366,1574448,2164867,6029455,8290501,9535238,13110952,13753830,18911517
BR,0,2352,7105,5772,1989,2583,6130,4980,1549,2229,5813,7751,4723,6297,1627,2170,2113,2818
BR,1,2420,7114,5812,2799,2658,6137,5014,2179,2293,5821,7761,4755,6340,2290,3053,2175,2900
BR,2,2420,7123,5846,2996,2658,6145,5043,2333,2293,5828,7771,4783,6377,2451,3268,2175,2900
BR,3,2420,7148,5864,3128,2658,6166,5058,2435,2293,5848,7798,4798,6397,2559,3412,2175,2900
BR,4,2420,7199,5871,3228,2658,6210,5065,2513,2293,5890,7853,4804,6405,2641,3521,2175,2900
BR,5,2420,7205,5893,3266,2658,6215,5084,2543,2293,5895,7860,4822,6429,2672,3563,2175,2900
BR,6,2420,7209,5896,3315,2658,6219,5087,2581,2293,5898,7864,4824,6432,2712,3616,2175,2900
BR,7,2420,7223,5955,3410,2658,6231,5137,2655,2293,5910,7879,4872,6496,2790,3720,2175,2900
BR,8,2420,7252,5960,3584,2658,6257,5142,2790,2293,5933,7912,4876,6502,2932,3910,2175,2900
BR,9,2420,7263,5960,3841,2658,6266,5142,2990,2293,5942,7924,4876,6502,3143,4190,2175,2900
BR,10,2420,7263,6032,3995,2658,6266,5203,3111,2293,5942,7924,4935,6580,3269,4358,2175,2900
BR,11,2420,7267,6044,4121,2658,6269,5214,3208,2293,5946,7927,4945,6593,3372,4496,2175,2900
BR,12,2420,7276,6075,4284,2658,6277,5241,3335,2293,5953,7937,4970,6627,3505,4673,2175,2900
BR,13,2420,7286,6106,4436,2658,6286,5268,3454,2293,5961,7949,4996,6661,3629,4839,2175,2900
BR,14,2420,7294,6116,4679,2658,6292,5276,3643,2293,5968,7957,5004,6672,3828,5104,2175,2900
BR,15,2532,7302,6140,4797,2781,6300,5297,3735,2399,5974,7966,5024,6698,3925,5233,2275,3034
BR,16,2582,7302,6156,4897,2836,6300,5310,3812,2447,5974,7966,5037,6716,4007,5342,2320,3094
BR,17,2708,7307,6190,4913,2975,6304,5340,3825,2566,5978,7972,5065,6753,4020,5360,2434,3245
BR,18,2800,7333,6192,4975,3075,6326,5342,3873,2652,6000,7999,5066,6755,4070,5427,2516,3355
BR,19,2824,7336,6197,5064,3101,6329,5346,3943,2675,6002,8003,5070,6760,4143,5524,2537,3383
BR,20,2850,7350,6330,5195,3130,6341,5461,4044,2700,6014,8018,5179,6905,4250,5667,2561,3415
BR,21,2860,7355,6351,5269,3142,6345,5479,4102,2710,6018,8024,5196,6928,4311,5748,2571,3428
BR,22,2976,7361,6448,5297,3269,6350,5563,4124,2820,6023,8030,5276,7034,4334,5779,2675,3566
BR,23,2988,7378,6476,5323,3283,6365,5586,4144,2832,6037,8049,5299,7065,4355,5807,2686,3581
BR,24,3040,7398,6478,5343,3339,6382,5588,4160,2881,6053,8070,5300,7067,4372,5829,2732,3643
BR,25,3152,7422,6507,5357,3462,6403,5614,4171,2987,6073,8096,5324,7099,4383,5844,2833,3777
BR,26,3152,7445,6517,5437,3462,6422,5622,4233,2987,6091,8121,5332,7109,4448,5931,2833,3777
BR,27,3221,7489,6521,5502,3539,6461,5625,4283,3053,6127,8170,5335,7114,4502,6002,2896,3861
BR,28,3228,7503,6537,5547,3546,6473,5639,4319,3059,6139,8185,5348,7131,4538,6051,2901,3868
BR,29,3307,7549,6560,5578,3632,6512,5659,4343,3133,6176,8235,5367,7156,4564,6085,2972,3962
BR,30,3327,7623,6597,5710,3654,6576,5691,4445,3152,6237,8316,5398,7197,4672,6229,2990,3986
BR,31,3394,7627,6617,5741,3728,6580,5709,4470,3216,6240,8321,5414,7219,4697,6263,3050,4067
BR,32,3440,7647,6672,5788,3779,6597,5756,4506,3260,6257,8342,5459,7279,4736,6314,3092,4123
BR,33,3539,7651,6706,5804,3887,6601,5785,4519,3353,6260,8347,5487,7316,4749,6332,3180,4240
BR,34,3637,7652,6716,5811,3995,6601,5794,4524,3447,6261,8347,5495,7327,4754,6339,3269,4358
BR,35,3750,7656,6823,5812,4119,6605,5886,4525,3553,6264,8352,5582,7443,4755,6340,3370,4493
BR,36,3758,7698,6835,5909,4128,6641,5896,4600,3561,6298,8398,5592,7456,4835,6446,3377,4503
BR,37,3772,7716,6849,5956,4143,6657,5909,4637,3574,6313,8418,5604,7472,4873,6497,3390,4520
BR,38,3777,7744,6863,6019,4149,6681,5921,4686,3579,6336,8448,5615,7487,4925,6566,3395,4526
BR,39,3779,7751,6965,6030,4151,6687,6008,4694,3581,6342,8456,5699,7598,4934,6578,3396,4528
BR,40,3805,7752,7048,6033,4179,6687,6080,4697,3605,6343,8457,5767,7689,4936,6581,3419,4559
BR,41,3845,7765,7117,6044,4223,6699,6140,4705,3643,6353,8471,5823,7764,4945,6593,3455,4607
BR,42,3892,7765,7120,6046,4275,6699,6142,4707,3687,6353,8471,5825,7767,4947,6596,3498,4664
BR,43,3973,7768,7122,6061,4364,6701,6144,4719,3764,6356,8474,5827,7769,4959,6612,3571,4761
BR,44,3998,7906,7130,6209,4391,6820,6151,4834,3788,6469,8624,5834,7778,5080,6773,3593,4790
BR,45,4092,7926,7144,6231,4495,6838,6163,4851,3878,6485,8647,5845,7793,5098,6797,3678,4904
BR,46,4093,7969,7161,6282,4496,6875,6178,4891,3879,6520,8694,5859,7812,5140,6853,3679,4905
BR,47,4110,7989,7168,6297,4515,6892,6183,4903,3895,6536,8716,5865,7820,5152,6869,3694,4925
BR,48,4194,8110,7176,6407,4606,6997,6190,4988,3974,6635,8847,5871,7828,5242,6989,3769,5025
BR,49,4268,8139,7184,6443,4688,7021,6198,5016,4044,6659,8879,5878,7837,5272,7029,3836,5114
BR,50,4314,8180,7188,6471,4738,7057,6200,5038,4088,6693,8923,5881,7841,5294,7059,3877,5169
BR,51,4317,8353,7191,6642,4742,7206,6203,5171,4090,6834,9113,5884,7845,5434,7246,3880,5173
BR,52,4366,8385,7195,6662,4795,7234,6207,5187,4137,6860,9147,5887,7849,5451,7268,3923,5231
BR,53,4372,8456,7253,6732,4803,7295,6257,5241,4143,6919,9225,5934,7912,5508,7344,3930,5240
BR,54,4373,8556,7258,6835,4804,7381,6261,5321,4144,7000,9334,5938,7918,5592,7456,3931,5241
BR,55,4376,8657,7347,6942,4807,7468,6338,5404,4147,7083,9444,6011,8015,5680,7573,3933,5244
BR,56,4388,9019,7449,7291,4820,7780,6426,5676,4158,7379,9839,6095,8126,5965,7954,3944,5258
BR,57,4391,9036,7505,7330,4824,7796,6474,5707,4161,7393,9858,6140,8187,5997,7996,3947,5263
BR,58,4391,9247,7506,7556,4824,7977,6475,5883,4161,7566,10088,6141,8188,6182,8243,3947,5263
BR,59,4402,9404,7544,7720,4835,8112,6508,6010,4171,7694,10258,6172,8230,6316,8422,3956,5275
BR,60,4434,9528,7608,7852,4871,8219,6564,6113,4202,7796,10394,6225,8300,6424,8566,3985,5314
BR,61,4528,9790,7671,8108,4974,8446,6618,6313,4291,8010,10680,6276,8368,6634,8845,4070,5426
BR,62,4546,9824,7742,8134,4994,8475,6679,6333,4308,8038,10717,6334,8446,6655,8873,4086,5448
BR,63,4714,9825,7796,8163,5177,8476,6726,6355,4466,8039,10718,6379,8505,6679,8905,4236,5648
BR,64,4824,10148,7975,8421,5299,8755,6880,6556,4571,8303,11071,6525,8700,6890,9187,4336,5781
BR,65,4933,10165,8061,8448,5419,8769,6954,6577,4675,8317,11089,6595,8794,6912,9216,4434,5912
BR,66,5134,10533,8253,8791,5639,9087,7120,6844,4865,8618,11491,6752,9003,7193,9590,4614,6152
BR,67,5304,10562,8283,8817,5826,9111,7146,6864,5026,8642,11522,6777,9036,7214,9619,4767,6356
BR,68,5316,10867,8525,9143,5840,9375,7354,7119,5038,8891,11855,6975,9300,7481,9974,4778,6371
BR,69,5526,11190,8879,9446,6071,9653,7659,7354,5237,9155,12207,7265,9686,7729,10305,4967,6623
BR,70,5820,11237,8942,9460,6393,9694,7714,7365,5515,9194,12259,7316,9755,7740,10320,5231,6974
BR,71,5995,11253,9178,9464,6585,9708,7917,7369,5681,9207,12276,7509,10012,7743,10324,5388,7184
BR,72,6267,11497,9539,9687,6883,9919,8229,7542,5938,9407,12542,7805,10406,7926,10568,5632,7509
BR,73,6550,11618,9916,9791,7195,10022,8554,7623,6207,9506,12674,8113,10817,8011,10681,5887,7849
BR,74,6619,11817,9965,10012,7270,10194,8597,7795,6272,9668,12891,8153,10871,8192,10922,5948,7931
BR,75,6933,11910,10395,10077,7615,10275,8968,7846,6569,9745,12993,8505,11340,8245,10993,6230,8307
BR,76,7235,11967,10812,10108,7948,10324,9327,7869,6856,9791,13055,8846,11795,8270,11027,6503,8671
BR,77,7577,12077,11259,10207,8323,10419,9713,7946,7180,9881,13175,9212,12283,8351,11135,6810,9080
BR,78,7904,12144,11704,10250,8682,10477,10097,7980,7490,9936,13249,9576,12768,8386,11182,7103,9471
BR,79,7971,12343,11741,10478,8755,10649,10129,8157,7552,10099,13466,9606,12808,8573,11431,7163,9551
BR,80,8296,12708,12161,10822,9113,10963,10491,8425,7861,10397,13863,9950,13267,8854,11806,7456,9941
BR,81,8893,12837,12967,10913,9768,11074,11186,8496,8426,10503,14004,10609,14146,8929,11905,7992,10656
BR,82,9384,13248,13634,11273,10307,11429,11761,8777,8892,10839,14452,11155,14873,9223,12298,8433,11244
BR,83,9963,13789,14387,11778,10943,11896,12411,9170,9441,11282,15042,11771,15695,9637,12849,8953,11938
BR,84,10575,14553,15175,12500,11616,12555,13091,9732,10021,11907,15876,12416,16555,10227,13636,9504,12672
BR,85,11396,14983,16248,12893,12518,12926,14016,10038,10799,12259,16345,13294,17725,10549,14065,10242,13656
BR,86,12351,15524,17518,13370,13567,13393,15112,10409,11704,12701,16936,14333,19111,10939,14585,11100,14800
BR,87,13261,16211,18662,14040,14566,13985,16099,10931,12566,13264,17684,15269,20359,11487,15316,11918,15890
BR,88,14590,17408,20395,15155,16026,15017,17594,11799,13825,14243,18990,16687,22249,12400,16533,13112,17483
BR,89,15997,18566,22200,16255,17571,16017,19151,12655,15158,15190,20254,18164,24218,13300,17733,14376,19168
BR,90,17857,20080,24587,17691,19614,17323,21210,13774,16920,16429,21906,20117,26822,14474,19299,16048,21397
BR,91,19961,21670,27258,19223,21925,18695,23515,14966,18914,17730,23640,22302,29736,15728,20971,17939,23918
BR,92,22420,23495,30376,20985,24627,20269,26204,16338,21245,19223,25631,24853,33137,17170,22893,20149,26866
BR,93,25400,25767,34173,23164,27900,22229,29480,18034,24068,21082,28109,27960,37280,18952,25270,22827,30436
BR,94,29583,29256,39582,26442,32495,25239,34146,20586,28033,23937,31916,32385,43180,21634,28846,26587,35449
BR,95,36354,34339,48228,31300,39932,29624,41604,24369,34448,28096,37461,39459,52612,25609,34145,32672,43562
BR,96,44668,40154,58761,36930,49064,34641,50691,28752,42326,32853,43804,48077,64103,30215,40287,40143,53524
BR,97,57373,51554,75380,47491,63019,44475,65028,36974,54365,42181,56241,61675,82233,38856,51808,51561,68748
BR,98,85568,70740,109111,67687,93990,61027,94126,52698,81082,57878,77170,89273,119030,55380,73840,76901,102535
BR,99,120332,84257,137943,93314,132175,72688,118999,72650,114022,68938,91917,112862,150483,76348,101797,108143,144191
BR,99.1,128211,86274,143878,98616,140830,74428,124119,76777,121489,70588,94117,117718,156958,80686,107581,115225,153633
BR,99.2,136153,88883,150342,104117,149554,76679,129695,81061,129015,72722,96964,123007,164009,85187,113582,122362,163150
BR,99.3,152500,98042,167200,116151,167510,84581,144238,90430,144505,80216,106955,136800,182400,95033,126710,137054,182738
BR,99.4,168973,107031,183915,128270,185604,92335,158657,99865,160114,87571,116761,150476,200635,104948,139931,151858,202477
BR,99.5,191486,119151,206550,144846,210332,102791,178184,112770,181446,97487,129982,168995,225327,118510,158014,172090,229453
BR,99.6,215295,130956,229502,162214,236484,112976,197984,126292,204007,107146,142861,187774,250366,132721,176961,193487,257983
BR,99.7,243756,145785,257316,183350,267746,125768,221978,142748,230975,119279,159038,210531,280708,150014,200018,219065,292087
BR,99.8,329591,195082,345295,248115,362030,168297,297874,193171,312310,159613,212817,282514,376685,203003,270671,296206,394942
BR,99.9,403438,207145,395461,295754,443145,178703,341150,230260,382285,169482,225977,323559,431412,241981,322641,362573,483431
BR,99.91,414887,211571,405350,303852,455720,182522,349681,236564,393134,173104,230805,331650,442200,248606,331475,372862,497149
BR,99.92,455867,231837,444795,333744,500733,200005,383709,259837,431965,189685,252913,363923,485231,273063,364084,409691,546254
BR,99.93,501302,253099,487395,366662,550641,218347,420459,285466,475019,207081,276108,398778,531704,299996,399995,450524,600699
BR,99.94,553041,278844,537328,404449,607471,240558,463534,314885,524044,228145,304193,439632,586176,330913,441217,497022,662696
BR,99.95,594804,297971,576057,434658,653345,257059,496944,338404,563618,243794,325059,471319,628426,355629,474172,534555,712740
BR,99.96,627474,312393,605811,458219,689230,269501,522612,356747,594574,255594,340793,495664,660885,374906,499875,563915,751887
BR,99.97,653766,323178,628928,477071,718110,278805,542554,371425,619488,264418,352558,514577,686103,390331,520441,587545,783393
BR,99.98,689450,339218,661635,502908,757306,292642,570770,391540,653301,277542,370056,541338,721784,411470,548627,619614,826152
BR,99.99,710412,346336,678555,517759,780331,298783,585366,403102,673164,283366,377821,555181,740242,423621,564828,638453,851270
BR,99.991,716074,343913,678769,521183,786551,296693,585550,405768,678530,281383,375178,555356,740475,426422,568563,643542,858056
BR,99.992,718251,340729,676525,522248,788942,293946,583614,406598,680593,278778,371704,553520,738027,427294,569725,645498,860664
BR,99.993,718338,339063,674844,522122,789038,292509,582164,406499,680675,277415,369887,552145,736193,427191,569588,645577,860769
BR,99.994,771260,362605,723065,560438,847168,312818,623762,436330,730822,296677,395569,591599,788798,458540,611387,693137,924183
BR,99.995,881075,409820,821426,639771,967791,353550,708616,498095,834880,335307,447076,672076,896101,523449,697932,791829,1055772
BR,99.996,1011365,466742,939030,734021,1110904,402657,810068,571474,958338,381880,509173,768297,1024396,600563,800750,908921,1211895
BR,99.997,1003677,462645,931313,728389,1102459,399122,803411,567089,951053,378528,504703,761983,1015978,595955,794606,902012,1202683
BR,99.998,1017097,468535,943410,738137,1117200,404203,813847,574679,963770,383347,511129,771881,1029175,603930,805240,914073,1218764
BR,99.999,1069889,346362,833801,766084,1175189,298805,719291,596437,1013794,283387,377849,682201,909601,626796,835728,961518,1282024
CN,0,392,2133,1039,1695,598,1813,883,1344,508,1706,2346,831,1143,1356,1865,478,658
CN,1,392,2243,1073,1890,598,1907,912,1499,508,1794,2467,858,1180,1512,2079,478,658
CN,2,392,2353,1109,2085,598,2001,942,1654,508,1882,2589,887,1220,1668,2294,478,658
CN,3,392,2461,1144,2278,598,2092,973,1807,508,1969,2707,915,1258,1822,2506,478,658
CN,4,392,2477,1177,2344,598,2106,1001,1859,508,1982,2725,942,1295,1875,2578,478,658
CN,5,480,2565,1229,2353,732,2181,1045,1866,622,2052,2821,983,1352,1882,2588,586,805
CN,6,662,3233,1637,2930,1007,2749,1391,2324,856,2586,3557,1310,1801,2344,3223,806,1108
CN,7,847,3920,2027,3575,1291,3333,1723,2835,1098,3136,4312,1622,2230,2860,3933,1033,1420
CN,8,1036,4537,2398,4164,1579,3857,2039,3302,1342,3630,4990,1918,2638,3331,4580,1263,1737
CN,9,1227,5084,2752,4697,1869,4322,2339,3725,1589,4067,5592,2202,3027,3758,5167,1495,2056
CN,10,1419,5566,3085,5179,2162,4732,2623,4107,1838,4453,6123,2468,3394,4143,5697,1730,2378
CN,11,1613,6060,3424,5672,2458,5152,2911,4498,2089,4848,6666,2739,3766,4538,6239,1966,2704
CN,12,1808,6516,3751,6134,2754,5539,3189,4864,2342,5213,7167,3001,4126,4907,6747,2203,3029
CN,13,2003,6934,4068,6567,3053,5895,3458,5208,2595,5547,7628,3254,4475,5254,7224,2442,3358
CN,14,2199,7321,4377,6973,3351,6224,3721,5530,2849,5857,8053,3502,4815,5578,7670,2681,3686
CN,15,2396,7679,4676,7357,3651,6529,3975,5835,3104,6143,8447,3741,5144,5886,8093,2921,4016
CN,16,2585,7951,4943,7666,3939,6760,4202,6079,3349,6361,8746,3954,5437,6133,8433,3151,4333
CN,17,2773,8199,5201,7954,4225,6971,4422,6308,3592,6559,9019,4161,5721,6363,8749,3380,4648
CN,18,2955,8334,5443,8111,4503,7085,4627,6432,3828,6667,9168,4354,5987,6489,8922,3602,4953
CN,19,3137,8413,5602,8199,4781,7152,4763,6502,4065,6730,9254,4482,6162,6559,9019,3825,5259
CN,20,3143,8514,5682,8464,4789,7238,4831,6712,4071,6811,9365,4546,6250,6771,9310,3831,5268
CN,21,3311,8615,5821,8587,5045,7324,4949,6809,4289,6892,9476,4657,6403,6870,9446,4036,5550
CN,22,3496,8725,6064,8713,5326,7418,5156,6910,4528,6980,9598,4851,6670,6970,9584,4261,5859
CN,23,3694,8963,6331,8998,5630,7620,5382,7136,4786,7170,9860,5065,6964,7198,9898,4504,6193
CN,24,3865,9126,6548,9209,5890,7759,5567,7303,5007,7301,10039,5238,7203,7367,10130,4712,6479
CN,25,4055,9327,6793,9460,6180,7930,5775,7502,5254,7462,10260,5434,7472,7568,10406,4944,6798
CN,26,4240,9506,7028,9689,6461,8082,5975,7684,5493,7605,10457,5622,7731,7751,10658,5169,7107
CN,27,4430,9694,7271,9928,6750,8241,6182,7874,5739,7755,10663,5817,7998,7942,10921,5400,7425
CN,28,4632,9900,7532,10189,7059,8417,6403,8080,6001,7920,10890,6026,8285,8151,11208,5647,7765
CN,29,4822,10076,7771,10418,7348,8567,6606,8262,6247,8061,11084,6217,8548,8334,11460,5878,8083
CN,30,4977,10176,7952,10569,7583,8651,6760,8382,6447,8141,11194,6362,8747,8455,11626,6066,8341
CN,31,5166,10348,8188,10796,7870,8797,6961,8562,6691,8278,11383,6550,9007,8637,11876,6296,8657
CN,32,5393,10592,8485,11097,8217,9005,7214,8800,6986,8474,11651,6788,9334,8878,12207,6574,9039
CN,33,5600,10792,8747,11353,8532,9175,7436,9004,7254,8634,11871,6998,9622,9082,12488,6826,9385
CN,34,5789,10955,8982,11573,8820,9313,7636,9178,7498,8764,12050,7186,9880,9258,12730,7056,9702
CN,35,6013,11181,9269,11859,9162,9506,7880,9405,7789,8945,12299,7415,10196,9487,13045,7330,10078
CN,36,6224,11394,9540,12129,9483,9687,8110,9619,8062,9115,12533,7632,10494,9703,13342,7586,10431
CN,37,6414,11565,9776,12356,9772,9832,8311,9799,8308,9252,12722,7821,10754,9885,13592,7818,10749
CN,38,6662,11838,10102,12691,10151,10065,8588,10065,8630,9470,13022,8082,11112,10153,13960,8121,11166
CN,39,6874,11995,10370,12892,10474,10197,8816,10224,8904,9596,13194,8296,11407,10314,14181,8379,11521
CN,40,6939,12044,10419,13011,10574,10239,8857,10318,8989,9635,13248,8335,11461,10409,14312,8459,11631
CN,41,7132,12170,10659,13178,10866,10346,9062,10451,9238,9736,13387,8527,11725,10542,14496,8693,11953
CN,42,7340,12372,10923,13439,11184,10518,9286,10658,9508,9898,13609,8738,12015,10751,14783,8947,12302
CN,43,7597,12653,11259,13785,11576,10757,9572,10932,9841,10122,13918,9007,12385,11028,15164,9261,12734
CN,44,7792,12830,11502,14020,11873,10908,9779,11119,10094,10264,14113,9202,12652,11216,15422,9498,13060
CN,45,8028,13073,11806,14327,12233,11114,10037,11362,10400,10458,14380,9445,12987,11462,15760,9786,13456
CN,46,8277,13330,12125,14651,12612,11333,10308,11619,10722,10664,14663,9700,13338,11721,16116,10090,13873
CN,47,8496,13539,12402,14923,12946,11510,10544,11834,11006,10831,14893,9922,13642,11938,16415,10357,14241
CN,48,8743,13791,12717,15243,13321,11724,10812,12088,11325,11033,15170,10174,13989,12194,16767,10657,14653
CN,49,8953,13984,12980,15497,13642,11889,11035,12290,11598,11187,15382,10384,14278,12398,17047,10914,15006
CN,50,9152,14161,13227,15734,13945,12039,11245,12478,11856,11329,15577,10582,14550,12587,17307,11156,15340
CN,51,9414,14435,13564,16079,14343,12272,11532,12751,12194,11548,15878,10851,14920,12863,17687,11474,15777
CN,52,9623,14627,13824,16334,14662,12436,11753,12953,12465,11702,16090,11059,15206,13067,17967,11730,16128
CN,53,9889,14907,14167,16686,15068,12673,12044,13233,12810,11926,16398,11334,15584,13349,18355,12054,16575
CN,54,10129,15146,14472,16994,15433,12877,12303,13477,13121,12117,16661,11578,15919,13595,18693,12346,16976
CN,55,10369,15386,14777,17301,15799,13080,12563,13721,13431,12309,16924,11822,16255,13841,19031,12639,17379
CN,56,10655,15689,15146,17683,16236,13338,12876,14023,13803,12551,17258,12117,16661,14146,19451,12989,17860
CN,57,10879,15900,15427,17960,16578,13518,13115,14243,14094,12720,17490,12342,16970,14368,19756,13262,18236
CN,58,11120,16135,15730,18266,16943,13718,13373,14485,14404,12908,17749,12584,17303,14613,20093,13554,18637
CN,59,11378,16398,16059,18602,17337,13941,13652,14752,14739,13118,18038,12847,17665,14882,20462,13870,19071
CN,60,11567,16560,16290,18825,17624,14079,13849,14929,14983,13248,18216,13032,17919,15060,20708,14099,19386
CN,61,11821,16817,16612,19157,18012,14298,14123,15192,15313,13454,18499,13290,18273,15326,21073,14410,19813
CN,62,12079,17080,16940,19495,18406,14521,14402,15460,15648,13664,18788,13552,18634,15596,21444,14725,20247
CN,63,12337,17343,17267,19833,18799,14745,14680,15728,15982,13874,19078,13814,18994,15866,21816,15039,20679
CN,64,12607,17623,17611,20191,19210,14982,14972,16012,16331,14098,19385,14089,19372,16153,22210,15368,21131
CN,65,12859,17876,17929,20520,19595,15198,15243,16273,16659,14301,19664,14343,19722,16416,22572,15676,21554
CN,66,13145,18176,18293,20903,20028,15453,15552,16577,17027,14541,19994,14634,20122,16722,22993,16022,22031
CN,67,13413,18453,18633,21258,20438,15688,15841,16858,17375,14762,20298,14906,20496,17006,23384,16350,22482
CN,68,13667,18709,18954,21592,20824,15905,16114,17123,17704,14967,20579,15163,20849,17274,23751,16659,22906
CN,69,13959,19015,19325,21983,21269,16166,16430,17433,18082,15212,20916,15460,21258,17586,24181,17015,23396
CN,70,14280,19361,19738,22422,21759,16460,16780,17782,18499,15489,21297,15790,21712,17938,24664,17407,23935
CN,71,14547,19631,20073,22774,22165,16690,17065,18061,18844,15705,21594,16058,22080,18219,25051,17732,24382
CN,72,14873,19981,20489,23221,22662,16987,17419,18415,19266,15985,21979,16391,22538,18577,25543,18130,24928
CN,73,15177,20299,20875,23631,23127,17257,17747,18740,19661,16239,22328,16700,22963,18905,25994,18502,25440
CN,74,15517,20660,21309,24092,23643,17565,18116,19106,20100,16528,22726,17047,23440,19274,26501,18914,26007
CN,75,15841,20998,21719,24528,24137,17852,18464,19451,20520,16798,23098,17375,23891,19622,26981,19310,26551
CN,76,16177,21348,22144,24981,24650,18149,18826,19811,20957,17078,23483,17715,24358,19985,27479,19720,27115
CN,77,16567,21764,22642,25512,25244,18503,19249,20232,21461,17411,23940,18114,24906,20410,28063,20195,27768
CN,78,16958,22173,23138,26037,25839,18851,19671,20648,21967,17738,24390,18510,25452,20830,28641,20671,28423
CN,79,17383,22619,23678,26610,26486,19230,20130,21103,22518,18095,24881,18942,26046,21288,29271,21189,29135
CN,80,17876,23145,24310,27278,27238,19677,20667,21632,23156,18516,25459,19448,26741,21822,30006,21790,29962
CN,81,18332,23612,24887,27882,27933,20074,21158,22111,23747,18890,25973,19910,27376,22306,30670,22346,30726
CN,82,18848,24142,25542,28563,28718,20524,21715,22652,24415,19314,26556,20434,28096,22850,31419,22974,31590
CN,83,19441,24752,26296,29346,29622,21044,22356,23273,25183,19802,27228,21037,28926,23477,32281,23698,32584
CN,84,20082,25403,27112,30182,30599,21597,23049,23936,26014,20322,27943,21690,29823,24146,33200,24479,33659
CN,85,20798,26121,28021,31106,31690,22207,23822,24668,26942,20897,28733,22417,30823,24885,34217,25352,34859
CN,86,21595,26904,29029,32116,32904,22873,24680,25469,27974,21523,29594,23223,31932,25693,35328,26323,36194
CN,87,22574,27873,30276,33359,34396,23697,25739,26455,29242,22298,30661,24221,33304,26687,36695,27517,37836
CN,88,23680,28949,31680,34740,36081,24611,26933,27551,30675,23159,31844,25344,34848,27792,38214,28865,39689
CN,89,24986,30207,33339,36358,38071,25681,28343,28834,32367,24166,33228,26671,36673,29086,39994,30457,41878
CN,90,26774,31969,35624,38600,40796,27179,30286,30611,34683,25575,35166,28499,39186,30880,42460,32637,44876
CN,91,28680,33798,38050,40943,43701,28734,32349,32469,37153,27038,37178,30440,41855,32754,45037,34961,48071
CN,92,31005,36002,41008,43768,47242,30608,34864,34709,40163,28802,39603,32806,45109,35014,48145,37794,51966
CN,93,33864,38683,44644,47206,51600,32887,37955,37436,43868,30946,42551,35715,49108,37765,51927,41280,56760
CN,94,37514,42076,49285,51560,57160,35771,41900,40889,48595,33661,46283,39428,54214,41248,56716,45728,62876
CN,95,42986,47241,56266,58150,65498,40163,47835,46115,55684,37793,51966,45013,61893,46520,63965,52398,72048
CN,96,49501,53273,64557,65879,75426,45291,54883,52245,64124,42618,58600,51646,71013,52703,72467,60341,82969
CN,97,58854,61827,76445,76858,89677,52563,64990,60951,76240,49462,68009,61156,84090,61486,84544,71742,98645
CN,98,74243,75755,95994,94753,113125,64404,81610,75143,96174,60604,83330,76795,105593,75802,104228,90500,124438
CN,99,93531,93790,120610,117749,142516,79737,102537,93379,121161,75032,103169,96488,132671,94199,129524,114013,156768
CN,99.1,97348,97240,125459,122180,148331,82671,106660,96894,126105,77792,106964,100367,138005,97744,134398,118665,163164
CN,99.2,102027,101471,131406,127610,155460,86267,111716,101199,132166,81177,111618,105125,144547,102088,140371,124368,171006
CN,99.3,107343,106215,138155,133711,163561,90300,117454,106038,139052,84972,116836,110524,151970,106969,147082,130849,179917
CN,99.4,113849,111954,146410,141098,173474,95179,124472,111896,147480,89563,123149,117128,161051,112878,155208,138779,190821
CN,99.5,123103,120097,158158,151571,187574,102102,134460,120202,159467,96078,132107,126526,173974,121257,166728,150059,206331
CN,99.6,135572,126882,170682,165404,206573,107871,145107,131172,175620,101506,139571,136546,187750,132323,181944,165258,227230
CN,99.7,158646,135007,190278,190830,241732,114779,161767,151336,205510,108006,148508,152222,209306,152664,209913,193386,265905
CN,99.8,216247,161099,244504,253576,329499,136961,207867,201096,280126,128879,177209,195603,268954,202861,278934,263599,362449
CN,99.9,289188,201961,320174,332274,440641,171700,272199,263507,374614,161569,222157,256139,352191,265819,365501,352513,484705
CN,99.91,314350,215417,345955,359097,478980,183140,294117,284778,407209,172334,236958,276764,380551,287278,395007,383184,526878
CN,99.92,339912,227748,371303,385925,517929,193624,315666,306054,440321,182198,250522,297042,408433,308740,424518,414343,569722
CN,99.93,384871,250406,416135,433975,586434,212887,353780,344159,498561,200325,275447,332908,457749,347180,477373,469147,645077
CN,99.94,448153,280594,477815,501615,682858,238551,406218,397801,580537,224475,308653,382252,525596,401292,551776,546286,751144
CN,99.95,523135,315892,550972,581040,797109,268561,468413,460788,677669,252714,347482,440778,606069,464832,639144,637687,876820
CN,99.96,652072,381126,680196,718160,993573,324021,578274,569529,844694,304901,419238,544157,748216,574528,789976,794858,1092930
CN,99.97,884972,491450,907351,965858,1348447,417815,771392,765964,1146393,393160,540595,725881,998086,772686,1062444,1078758,1483292
CN,99.98,1396234,700356,1378847,1508750,2127465,595420,1172238,1196499,1808681,560285,770392,1103078,1516732,1207000,1659625,1701972,2340212
CN,99.99,1982054,921002,1903810,2130348,3020089,783005,1618539,1689451,2567552,736802,1013102,1523048,2094191,1704278,2343383,2416071,3322098
CN,99.991,2181491,988637,2076252,2342038,3323973,840507,1765142,1857329,2825902,790910,1087501,1661002,2283877,1873630,2576242,2659178,3656370
CN,99.992,2417450,1062017,2274836,2592350,3683508,902892,1933970,2055837,3131564,849614,1168219,1819869,2502320,2073880,2851585,2946806,4051859
CN,99.993,2696601,1138346,2501175,2888275,4108855,967785,2126393,2290517,3493176,910677,1252181,2000940,2751292,2310620,3177103,3287084,4519740
CN,99.994,3080268,1256721,2823382,3295133,4693454,1068423,2400321,2613172,3990177,1005377,1382394,2258706,3105720,2636106,3624646,3754763,5162799
CN,99.995,3610736,1416267,3265481,3857607,5501738,1204064,2776174,3059236,4677346,1133014,1557894,2612385,3592029,3086086,4243368,4401390,6051912
CN,99.996,4399959,1623863,3898493,4694360,6704289,1380555,3314335,3722815,5699705,1299090,1786249,3118794,4288342,3755488,5163796,5363431,7374718
CN,99.997,5706163,1889557,4881452,6079003,8694573,1606439,4150005,4820891,7391760,1511646,2078512,3905162,5369597,4863202,6686903,6955658,9564030
CN,99.998,8636420,2616281,7195231,9185448,13159453,2224277,6117083,7284426,11187614,2093025,2877909,5756185,7914754,7348358,10103993,10527562,14475398
CN,99.999,41323256,6451108,29451084,43833458,62964919,5484521,25038074,34761677,53530127,5160886,7096219,23560867,32396192,35066766,48216804,50371935,69261411
IN,0,230,1024,741,292,311,926,670,235,281,853,1109,618,803,243,316,259,337
IN,1,230,1139,799,570,311,1031,724,458,281,949,1234,666,866,475,618,259,337
IN,2,230,1183,873,715,311,1071,790,576,281,986,1282,728,946,596,775,259,337
IN,3,230,1285,876,891,311,1163,793,717,281,1071,1392,730,949,742,965,259,337
IN,4,230,1494,978,1161,311,1352,885,935,281,1245,1618,815,1060,968,1258,259,337
IN,5,286,1565,1146,1185,387,1416,1038,954,350,1304,1695,955,1242,988,1284,322,419
IN,6,403,1828,1182,1318,545,1654,1070,1061,493,1523,1980,985,1280,1098,1428,454,590
IN,7,523,1933,1484,1329,707,1750,1343,1070,640,1611,2094,1237,1608,1108,1440,589,766
IN,8,644,2270,1771,1564,871,2054,1603,1259,789,1892,2459,1476,1919,1303,1694,726,944
IN,9,767,2577,2046,1793,1037,2332,1851,1443,939,2148,2792,1705,2216,1494,1942,864,1123
IN,10,891,2871,2313,2015,1205,2599,2094,1622,1091,2392,3111,1928,2506,1679,2183,1004,1305
IN,11,1016,3207,2602,2262,1373,2902,2355,1821,1243,2672,3474,2168,2819,1885,2450,1144,1487
IN,12,1141,3531,2884,2504,1543,3196,2610,2015,1396,2942,3825,2403,3124,2087,2713,1286,1672
IN,13,1266,3857,3167,2747,1712,3491,2866,2211,1549,3214,4178,2639,3431,2289,2976,1427,1855
IN,14,1392,4162,3440,2979,1882,3767,3114,2398,1704,3468,4509,2867,3727,2482,3227,1568,2039
IN,15,1518,4445,3701,3199,2052,4023,3350,2575,1857,3704,4815,3084,4009,2666,3466,1710,2223
IN,16,1646,4737,3969,3426,2225,4288,3592,2757,2014,3948,5132,3308,4300,2855,3711,1854,2410
IN,17,1773,5014,4227,3643,2397,4538,3826,2932,2170,4178,5431,3522,4579,3036,3947,1998,2597
IN,18,1894,5276,4473,3851,2561,4775,4048,3099,2317,4397,5715,3728,4846,3209,4172,2134,2774
IN,19,2000,5495,4688,4021,2703,4974,4243,3237,2447,4579,5953,3907,5079,3351,4356,2252,2928
IN,20,2022,5509,4705,4050,2734,4986,4258,3260,2474,4591,5968,3921,5097,3375,4388,2278,2962
IN,21,2039,5509,4711,4069,2756,4986,4263,3275,2495,4591,5968,3926,5104,3391,4408,2297,2986
IN,22,2079,5539,4767,4102,2810,5014,4315,3302,2544,4616,6001,3972,5164,3418,4444,2342,3044
IN,23,2119,5597,4830,4158,2865,5066,4372,3347,2593,4664,6064,4025,5232,3465,4504,2388,3104
IN,24,2148,5625,4867,4191,2904,5091,4405,3374,2628,4688,6094,4056,5273,3492,4540,2420,3146
IN,25,2179,5671,4916,4237,2946,5133,4449,3410,2666,4726,6144,4097,5326,3531,4590,2455,3192
IN,26,2216,5707,4965,4278,2996,5165,4494,3444,2712,4756,6182,4138,5379,3565,4634,2497,3246
IN,27,2233,5726,4985,4303,3019,5182,4512,3463,2732,4772,6203,4154,5400,3586,4662,2516,3271
IN,28,2257,5750,5017,4330,3050,5204,4541,3485,2761,4792,6229,4181,5435,3608,4691,2542,3304
IN,29,2282,5756,5039,4341,3085,5209,4561,3494,2792,4797,6235,4199,5459,3618,4703,2571,3342
IN,30,2291,5779,5049,4388,3097,5231,4570,3531,2803,4816,6261,4208,5470,3657,4754,2581,3355
IN,31,2327,5787,5087,4399,3145,5238,4605,3541,2847,4822,6269,4239,5511,3666,4766,2621,3407
IN,32,2364,5834,5142,4448,3196,5280,4653,3580,2892,4862,6320,4285,5570,3707,4819,2663,3462
IN,33,2405,5886,5202,4502,3251,5327,4708,3624,2942,4905,6376,4335,5636,3752,4877,2709,3522
IN,34,2433,5912,5237,4534,3288,5351,4740,3650,2976,4927,6404,4364,5673,3778,4912,2740,3562
IN,35,2472,5963,5295,4587,3342,5397,4793,3692,3025,4969,6460,4412,5736,3822,4969,2785,3620
IN,36,2508,6001,5344,4630,3390,5432,4837,3727,3068,5001,6502,4453,5789,3858,5016,2825,3672
IN,37,2532,6027,5376,4662,3423,5455,4865,3753,3098,5022,6530,4480,5824,3885,5050,2852,3708
IN,38,2562,6058,5414,4698,3463,5483,4900,3781,3135,5048,6563,4512,5865,3915,5090,2886,3752
IN,39,2582,6062,5429,4701,3490,5486,4914,3784,3158,5052,6567,4524,5881,3918,5093,2908,3781
IN,40,2584,6069,5429,4726,3493,5493,4914,3804,3162,5058,6575,4524,5881,3938,5120,2911,3784
IN,41,2594,6078,5443,4748,3505,5501,4926,3822,3173,5065,6584,4536,5897,3957,5144,2921,3797
IN,42,2608,6093,5444,4769,3525,5514,4927,3839,3190,5078,6600,4537,5898,3974,5166,2938,3819
IN,43,2645,6124,5497,4804,3575,5543,4975,3867,3236,5103,6635,4581,5955,4003,5204,2979,3873
IN,44,2676,6161,5540,4845,3618,5576,5014,3900,3275,5134,6674,4617,6002,4038,5249,3015,3919
IN,45,2721,6206,5600,4896,3678,5617,5069,3941,3329,5172,6724,4667,6067,4080,5304,3065,3984
IN,46,2773,6285,5683,4972,3748,5689,5143,4002,3392,5238,6809,4736,6157,4143,5386,3123,4060
IN,47,2788,6295,5696,4991,3768,5698,5155,4017,3411,5246,6820,4747,6171,4159,5407,3140,4082
IN,48,2833,6359,5765,5055,3829,5755,5217,4068,3466,5299,6888,4804,6245,4212,5476,3191,4148
IN,49,2870,6405,5817,5104,3879,5798,5265,4108,3510,5338,6939,4848,6302,4253,5529,3232,4202
IN,50,2887,6412,5830,5122,3902,5804,5277,4122,3531,5343,6946,4858,6316,4268,5549,3252,4227
IN,51,2927,6472,5891,5183,3956,5858,5332,4171,3580,5393,7012,4909,6382,4319,5615,3297,4286
IN,52,2965,6520,5946,5234,4007,5901,5381,4213,3627,5433,7064,4955,6442,4362,5670,3339,4341
IN,53,3020,6589,6027,5305,4083,5964,5455,4270,3695,5491,7138,5022,6529,4421,5747,3402,4423
IN,54,3068,6647,6095,5367,4147,6017,5516,4320,3754,5539,7201,5079,6603,4472,5814,3456,4493
IN,55,3105,6703,6151,5425,4198,6067,5567,4366,3799,5586,7262,5126,6664,4521,5877,3498,4548
IN,56,3149,6761,6214,5485,4257,6119,5624,4415,3853,5634,7324,5178,6732,4571,5942,3548,4612
IN,57,3183,6806,6261,5534,4303,6160,5667,4454,3895,5672,7374,5218,6783,4612,5995,3586,4662
IN,58,3233,6870,6333,5601,4370,6218,5732,4508,3955,5725,7443,5278,6861,4668,6068,3642,4734
IN,59,3267,6916,6380,5648,4416,6259,5775,4546,3997,5763,7492,5317,6912,4707,6119,3680,4784
IN,60,3275,6923,6383,5670,4428,6266,5777,4564,4008,5769,7500,5319,6915,4725,6142,3690,4797
IN,61,3327,6987,6457,5735,4497,6324,5844,4616,4070,5822,7569,5381,6995,4779,6213,3748,4872
IN,62,3393,7069,6553,5820,4586,6398,5931,4685,4150,5891,7658,5461,7099,4850,6305,3822,4968
IN,63,3461,7151,6652,5906,4678,6472,6020,4754,4234,5959,7746,5543,7206,4922,6398,3898,5068
IN,64,3515,7228,6733,5985,4752,6542,6094,4817,4301,6023,7830,5611,7294,4988,6484,3960,5148
IN,65,3560,7282,6794,6046,4812,6591,6149,4866,4355,6068,7889,5662,7360,5038,6550,4010,5213
IN,66,3611,7357,6870,6122,4881,6659,6218,4928,4418,6131,7970,5725,7442,5102,6632,4068,5288
IN,67,3671,7434,6957,6204,4962,6728,6296,4994,4491,6195,8053,5798,7537,5170,6721,4135,5376
IN,68,3719,7498,7025,6272,5027,6786,6358,5049,4550,6248,8122,5854,7610,5227,6795,4189,5446
IN,69,3781,7582,7115,6359,5111,6862,6440,5119,4626,6318,8214,5929,7708,5299,6889,4259,5537
IN,70,3845,7675,7211,6454,5197,6947,6527,5195,4704,6396,8315,6009,7812,5378,6992,4331,5630
IN,71,3908,7758,7303,6542,5282,7022,6610,5266,4781,6465,8405,6086,7912,5452,7087,4402,5722
IN,72,3998,7869,7433,6656,5404,7122,6728,5358,4891,6558,8525,6194,8052,5547,7211,4503,5854
IN,73,4087,7974,7562,6769,5524,7217,6844,5448,5000,6645,8639,6302,8192,5641,7333,4603,5984
IN,74,4160,8069,7668,6868,5623,7304,6940,5528,5089,6724,8742,6390,8307,5723,7440,4686,6092
IN,75,4260,8187,7811,6992,5758,7410,7070,5628,5212,6822,8869,6509,8462,5827,7575,4798,6238
IN,76,4351,8308,7945,7117,5881,7519,7191,5728,5323,6923,9000,6621,8607,5931,7710,4901,6371
IN,77,4430,8408,8058,7224,5988,7610,7293,5814,5419,7007,9109,6715,8730,6020,7826,4990,6487
IN,78,4496,8501,8154,7322,6078,7694,7380,5894,5501,7084,9209,6795,8834,6102,7932,5065,6584
IN,79,4637,8669,8361,7496,6267,7846,7567,6034,5672,7224,9392,6968,9058,6247,8121,5222,6789
IN,80,4807,8892,8619,7719,6498,8048,7801,6213,5881,7410,9633,7182,9337,6432,8362,5415,7039
IN,81,4950,9063,8829,7897,6692,8203,7991,6356,6057,7552,9819,7358,9565,6581,8555,5577,7250
IN,82,5146,9284,9115,8127,6956,8403,8250,6541,6296,7737,10058,7596,9875,6772,8804,5797,7536
IN,83,5286,9453,9319,8304,7146,8556,8434,6684,6468,7878,10241,7766,10096,6920,8996,5955,7741
IN,84,5467,9660,9581,8521,7390,8743,8671,6859,6688,8050,10465,7984,10379,7101,9231,6158,8006
IN,85,5643,9878,9839,8747,7627,8940,8905,7040,6903,8232,10701,8199,10659,7289,9476,6356,8263
IN,86,5749,10009,9986,8890,7771,9059,9038,7156,7033,8341,10843,8322,10818,7408,9631,6476,8419
IN,87,5907,10207,10215,9099,7985,9239,9245,7324,7227,8506,11058,8512,11066,7582,9857,6654,8650
IN,88,6059,10399,10433,9303,8190,9412,9443,7488,7412,8666,11266,8694,11302,7752,10078,6825,8872
IN,89,6365,10744,10881,9662,8605,9725,9848,7777,7788,8953,11640,9068,11788,8052,10467,7171,9322
IN,90,7807,12281,13049,11204,10553,11115,11810,9018,9551,10234,13304,10874,14136,9337,12138,8794,11432
IN,91,9956,14364,16231,13339,13458,13000,14690,10736,12181,11970,15561,13526,17584,11116,14451,11215,14579
IN,92,13108,17356,20887,16412,17718,15709,18904,13210,16036,14463,18802,17406,22628,13677,17780,14765,19194
IN,93,17659,21606,27599,20789,23870,19556,24980,16733,21604,18005,23407,22999,29899,17324,22521,19892,25859
IN,94,24910,28295,38288,27683,33672,25610,34654,22281,30476,23579,30653,31907,41479,23069,29990,28060,36478
IN,95,29491,32627,45044,32145,39866,29531,40769,25873,36081,27189,35346,37537,48798,26788,34824,33222,43188
IN,96,31268,34393,47643,33983,42267,31129,43121,27353,38255,28661,37259,39702,51613,28319,36815,35222,45789
IN,97,34315,37373,52113,37075,46386,33826,47166,29842,41983,31144,40487,43428,56456,30896,40165,38655,50252
IN,98,42015,44704,63438,44656,56794,40462,57416,35943,51403,37253,48430,52865,68724,37213,48377,47328,61527
IN,99,56766,58521,85200,58877,76733,52967,77113,47389,69449,48768,63398,71000,92300,49064,63783,63944,83127
IN,99.1,60112,61663,90135,62113,81257,55811,81580,49994,73544,51386,66802,75112,97646,51761,67289,67714,88028
IN,99.2,64990,66225,97333,66808,87850,59940,88094,53773,79511,55188,71743,81111,105444,55673,72375,73208,95171
IN,99.3,70286,71130,105135,71866,95008,64379,95155,57844,85990,59275,77057,87612,113896,59888,77855,79173,102925
IN,99.4,77667,77926,116008,78876,104987,70530,104997,63487,95022,64938,84420,96673,125675,65730,85449,87489,113736
IN,99.5,88162,84088,127679,88822,119174,76107,115560,71492,107862,70073,91095,106399,138319,74018,96224,99312,129105
IN,99.6,101794,89080,139638,101664,137599,80626,126384,81828,124538,74233,96504,116365,151274,84720,110136,114666,149066
IN,99.7,126087,100575,163893,124444,170437,91030,148336,100163,154259,83812,108957,136578,177551,103703,134814,142031,184640
IN,99.8,176795,130444,221110,171812,238983,118064,200122,138289,216299,108703,141314,184258,239536,143177,186130,199152,258898
IN,99.9,233341,162185,283325,224522,315418,146793,256432,180715,285478,135154,175701,236104,306935,187102,243232,262848,341703
IN,99.91,247650,169526,298436,237746,334761,153437,270109,191359,302985,141272,183653,248697,323306,198122,257558,278968,362658
IN,99.92,265272,178080,316550,254000,358581,161179,286503,204441,324544,148400,192920,263792,342929,211667,275167,298818,388463
IN,99.93,289659,189796,341403,276572,391546,171783,308997,222609,354380,158163,205612,284502,369853,230477,299620,326288,424175
IN,99.94,323497,208638,378688,307906,437287,188837,342743,247830,395779,173865,226024,315573,410245,256588,333565,364406,473728
IN,99.95,365396,231515,424521,346553,493924,209543,384225,278937,447040,192929,250808,353768,459898,288794,375432,411603,535084
IN,99.96,430682,266076,494686,406837,582174,240824,447730,327458,526913,221730,288249,412238,535910,339031,440740,485145,630688
IN,99.97,534457,318015,602923,502687,722452,287833,545693,404607,653876,265012,344516,502436,653167,418906,544578,602043,782656
IN,99.98,775378,422862,837231,725058,1048118,382730,757760,583591,948629,352385,458101,697692,907000,604215,785480,873432,1135461
IN,99.99,1040792,534146,1090813,969987,1406891,483453,987272,780731,1273347,445122,578659,909011,1181714,808322,1050819,1172409,1524132
IN,99.991,1120551,564952,1164124,1043612,1514704,511335,1053624,839991,1370927,470793,612031,970103,1261134,869677,1130580,1262253,1640929
IN,99.992,1210407,597600,1244506,1126526,1636167,540885,1126376,906728,1480861,498000,647400,1037088,1348215,938772,1220403,1363472,1772514
IN,99.993,1326826,637245,1345766,1233946,1793537,576767,1218025,993189,1623293,531038,690349,1121472,1457913,1028288,1336775,1494614,1942998
IN,99.994,1473724,683129,1469026,1369489,1992107,618296,1329584,1102286,1803015,569274,740056,1224188,1591445,1141241,1483613,1660089,2158116
IN,99.995,1685118,749921,1647254,1564524,2277858,678750,1490895,1259267,2061641,624934,812414,1372712,1784525,1303770,1694901,1898215,2467680
IN,99.996,1968397,844063,1891140,1825881,2660782,763957,1711631,1469631,2408218,703386,914402,1575950,2048735,1521568,1978038,2217318,2882514
IN,99.997,2450378,983382,2283418,2270525,3312298,890054,2066674,1827519,2997892,819485,1065330,1902848,2473703,1892104,2459735,2760248,3588323
IN,99.998,3478078,1200397,3033952,3217406,4701492,1086473,2745967,2589652,4255222,1000331,1300430,2528293,3286781,2681172,3485523,3917910,5093283
IN,99.999,14468189,1983627,9379043,13349479,19557375,1795370,8488775,10744840,17700970,1653022,2148929,7815869,10160630,11124566,14461936,16297812,21187156
US,0,6273,18866,11944,-14107,6912,16347,10349,-12908,5989,15093,20753,9555,13138,-11286,-15518,5530,7603
US,1,6531,19105,11967,7661,7196,16554,10369,7010,6235,15284,21015,9574,13164,6129,8427,5757,7916
US,2,7014,19394,11992,12078,7728,16804,10390,11051,6696,15515,21333,9594,13191,9662,13286,6182,8501
US,3,7363,19515,12158,14096,8113,16909,10535,12897,7030,15612,21466,9726,13374,11277,15506,6490,8924
US,4,7737,19710,12219,15348,8525,17078,10588,14043,7387,15768,21681,9775,13441,12278,16883,6820,9378
US,5,8154,19842,12268,16148,8984,17192,10630,14775,7784,15874,21826,9814,13495,12918,17763,7187,9882
US,6,8619,19905,12284,16665,9497,17247,10643,15249,8229,15924,21896,9827,13512,13332,18332,7598,10447
US,7,9133,19967,12603,17050,10063,17301,10920,15601,8719,15974,21964,10082,13863,13640,18755,8050,11069
US,8,9221,19978,12721,17414,10160,17310,11022,15934,8803,15982,21976,10177,13993,13931,19155,8128,11176
US,9,9696,20011,12801,17638,10684,17338,11092,16139,9257,16009,22012,10241,14081,14110,19402,8547,11752
US,10,9872,20020,13360,17854,10878,17347,11576,16336,9425,16016,22022,10688,14696,14283,19639,8702,11966
US,11,10300,20076,13982,18029,11349,17395,12115,16497,9833,16061,22083,11186,15380,14423,19832,9079,12484
US,12,10526,20163,14291,18239,11597,17470,12383,16689,10049,16130,22179,11433,15720,14591,20063,9278,12757
US,13,11166,20188,14574,18307,12302,17493,12628,16750,10660,16150,22207,11659,16031,14646,20138,9842,13532
US,14,11781,20227,15107,18376,12981,17526,13090,16814,11247,16182,22250,12086,16618,14701,20214,10385,14279
US,15,12361,20531,15413,18698,13619,17789,13354,17108,11801,16425,22584,12330,16954,14958,20568,10895,14981
US,16,12881,20796,15535,18978,14192,18018,13460,17364,12297,16637,22875,12428,17088,15182,20876,11354,15611
US,17,13197,21107,15599,19315,14541,18289,13516,17673,12599,16886,23218,12479,17159,15452,21246,11633,15995
US,18,13347,21208,15867,19452,14706,18375,13748,17798,12743,16966,23328,12694,17454,15562,21397,11765,16177
US,19,13439,21330,15876,19605,14807,18481,13756,17939,12830,17064,23463,12701,17464,15684,21566,11846,16288
US,20,13700,21390,16164,19675,15095,18534,14006,18002,13079,17112,23529,12931,17780,15740,21642,12076,16604
US,21,13732,21472,16258,19781,15131,18605,14087,18099,13110,17178,23620,13006,17884,15825,21759,12105,16644
US,22,14004,21481,16356,19789,15430,18612,14172,18107,13370,17185,23629,13085,17992,15831,21768,12344,16973
US,23,14105,22022,16672,20335,15541,19081,14445,18606,13466,17618,24224,13338,18339,16268,22368,12433,17095
US,24,14209,22100,16960,20424,15656,19149,14696,18688,13565,17680,24311,13568,18656,16339,22466,12525,17222
US,25,14501,22443,17297,20757,15978,19446,14987,18992,13844,17954,24688,13838,19027,16606,22833,12782,17576
US,26,14772,22839,17571,21145,16276,19789,15225,19347,14103,18271,25123,14057,19328,16916,23260,13021,17904
US,27,15087,23344,17722,21638,16623,20227,15356,19798,14403,18675,25679,14178,19494,17310,23802,13298,18285
US,28,15348,23769,17830,22059,16911,20595,15449,20184,14653,19015,26146,14264,19613,17647,24265,13529,18602
US,29,15504,23966,17906,22266,17082,20765,15515,20374,14801,19173,26362,14325,19697,17813,24493,13666,18790
US,30,15690,24373,18012,22681,17288,21119,15607,20753,14979,19498,26811,14410,19813,18145,24949,13830,19017
US,31,15808,24658,18590,22980,17417,21365,16108,21027,15091,19726,27124,14872,20449,18384,25278,13934,19159
US,32,16341,24951,19063,23256,18004,21619,16518,21279,15600,19961,27446,15250,20969,18605,25582,14403,19804
US,33,16782,25054,19514,23352,18490,21708,16908,21366,16021,20043,27559,15611,21465,18682,25687,14792,20339
US,34,17204,25207,20057,23500,18956,21841,17379,21502,16424,20166,27728,16046,22063,18800,25850,15165,20852
US,35,17707,25642,20528,23917,19511,22217,17787,21884,16905,20514,28206,16422,22581,19134,26309,15609,21462
US,36,18146,26114,20794,24377,19994,22627,18018,22304,17324,20891,28725,16635,22873,19502,26815,15995,21993
US,37,18404,26183,21486,24452,20278,22687,18617,22374,17570,20946,28802,17189,23635,19562,26897,16222,22306
US,38,19038,26547,21899,24791,20976,23002,18975,22684,18175,21238,29202,17519,24089,19833,27270,16781,23074
US,39,19437,26967,21915,25199,21416,23366,18988,23057,18556,21574,29664,17532,24107,20159,27719,17133,23558
US,40,19442,27550,22193,25793,21422,23871,19230,23600,18561,22040,30305,17754,24412,20634,28372,17138,23564
US,41,19721,27936,22642,26175,21729,24205,19618,23950,18828,22349,30730,18114,24906,20940,28793,17383,23902
US,42,20137,28395,23185,26618,22188,24603,20089,24356,19225,22716,31234,18548,25504,21294,29280,17750,24407
US,43,20638,28755,23571,26961,22740,24915,20424,24669,19703,23004,31631,18857,25928,21569,29657,18192,25014
US,44,21000,28796,24011,26998,23138,24950,20805,24703,20048,23037,31675,19209,26412,21598,29698,18510,25452
US,45,21408,28807,24598,27004,23588,24960,21314,24709,20438,23046,31688,19678,27058,21603,29704,18870,25947
US,46,21950,29344,25016,27518,24185,25425,21675,25179,20956,23475,32278,20013,27518,22014,30270,19348,26604
US,47,22341,29814,25502,27979,24616,25833,22097,25601,21329,23851,32796,20402,28052,22383,30777,19693,27078
US,48,22795,30509,25943,28657,25117,26435,22479,26221,21763,24407,33560,20754,28537,22926,31523,20094,27629
US,49,23209,30959,26035,29097,25572,26824,22558,26623,22157,24767,34054,20828,28639,23278,32007,20458,28129
US,50,23312,31714,26606,29857,25685,27479,23053,27319,22255,25371,34886,21285,29267,23886,32843,20548,28254
US,51,23842,32557,27119,30678,26269,28209,23497,28070,22761,26046,35812,21695,29831,24542,33746,21015,28896
US,52,24323,32847,27838,30960,26799,28461,24121,28328,23220,26278,36132,22270,30622,24768,34056,21439,29479
US,53,24989,32966,28336,31064,27533,28564,24552,28423,23856,26373,36263,22669,31170,24851,34170,22026,30286
US,54,25456,33679,29113,31763,28047,29181,25225,29063,24302,26943,37047,23290,32024,25410,34939,22438,30852
US,55,26175,34452,29971,32509,28840,29851,25969,29745,24989,27562,37897,23977,32968,26007,35760,23072,31724
US,56,26967,34926,30429,32958,29713,30262,26365,30156,25745,27941,38419,24343,33472,26366,36254,23770,32684
US,57,27399,35609,31165,33629,30189,30854,27003,30771,26158,28487,39170,24932,34282,26903,36992,24151,33208
US,58,28082,36389,31955,34384,30942,31530,27688,31461,26810,29111,40028,25564,35150,27507,37822,24754,34036
US,59,28815,37184,32467,35152,31749,32218,28132,32164,27509,29747,40902,25974,35714,28122,38667,25399,34924
US,60,29296,38035,33172,35988,32279,32956,28743,32929,27968,30428,41838,26538,36489,28790,39587,25823,35507
US,61,29951,38677,33968,36610,33001,33512,29432,33498,28594,30942,42545,27174,37365,29288,40271,26401,36301
US,62,30690,39551,34779,37456,33814,34269,30135,34272,29299,31641,43506,27823,38257,29965,41202,27051,37195
US,63,31442,39680,35646,37571,34644,34381,30886,34377,30017,31744,43648,28517,39211,30057,41328,27715,38108
US,64,32246,40503,36320,38366,35530,35094,31470,35105,30785,32402,44553,29056,39952,30693,42203,28424,39083
US,65,32877,41254,37338,39099,36225,35745,32352,35775,31387,33003,45379,29870,41072,31279,43009,28980,39848
US,66,33820,42266,38193,40077,37264,36622,33093,36670,32288,33813,46493,30554,42012,32062,44085,29811,40990
US,67,34616,42915,38660,40706,38141,37184,33497,37245,33048,34332,47206,30928,42526,32565,44777,30513,41955
US,68,35358,43835,38987,41604,38958,37981,33781,38067,33756,35068,48219,31190,42886,33283,45764,31166,42854
US,69,36333,44919,40034,42655,40032,38920,34688,39029,34686,35935,49410,32027,44037,34124,46921,32026,44035
US,70,37003,45934,40746,43653,40771,39800,35305,39942,35327,36747,50527,32597,44821,34922,48018,32617,44848
US,71,37916,46991,41723,44684,41777,40716,36151,40886,36199,37593,51690,33378,45895,35747,49152,33422,45955
US,72,38979,48150,42863,45810,42949,41720,37140,41916,37214,38520,52965,34290,47149,36648,50391,34359,47244
US,73,39993,49230,43948,46863,44065,42655,38079,42879,38180,39384,54153,35158,48343,37490,51549,35252,48472
US,74,41052,50588,45081,48191,45232,43833,39061,44094,39192,40470,55647,36065,49589,38553,53010,36186,49755
US,75,42210,51797,46320,49367,46507,44880,40134,45171,40297,41438,56976,37056,50952,39494,54304,37206,51158
US,76,43307,51930,47490,49493,47717,44995,41148,45285,41345,41544,57123,37992,52239,39594,54442,38174,52489
US,77,44660,53495,48939,51018,49207,46351,42404,46681,42636,42796,58845,39151,53833,40814,56120,39366,54128
US,78,46008,55467,50381,52945,50693,48060,43654,48445,43924,44374,61014,40305,55419,42356,58240,40554,55762
US,79,47567,56861,52051,54300,52410,49268,45101,49684,45411,45489,62548,41641,57256,43440,59730,41928,57651
US,80,49502,58504,54130,55890,54543,50691,46902,51139,47259,46803,64354,43304,59543,44712,61479,43634,59997
US,81,50938,60433,55660,57780,56125,52363,48227,52868,48630,48346,66477,44528,61226,46224,63558,44900,61738
US,82,52612,62432,57448,59734,57969,54095,49776,54656,50228,49946,68675,45958,63193,47787,65707,46375,63766
US,83,54566,64394,59537,61647,60122,55795,51587,56407,52094,51515,70834,47630,65491,49318,67812,48098,66134
US,84,56608,66661,61718,63862,62373,57759,53476,58433,54044,53329,73327,49374,67890,51090,70248,49898,68610
US,85,58648,69358,63892,66504,64619,60096,55360,60851,55990,55486,76293,51114,70281,53203,73154,51695,71081
US,86,61001,72273,66401,69357,67212,62622,57534,63462,58237,57818,79501,53121,73041,55486,76293,53770,73933
US,87,63794,75238,69383,72254,70290,65190,60117,66112,60903,60190,82761,55506,76321,57803,79479,56232,77319
US,88,66848,78663,72641,75604,73655,68158,62941,69177,63819,62930,86529,58113,79905,60483,83164,58924,81020
US,89,70021,79860,76018,76771,77150,69196,65867,70245,66848,63888,87846,60814,83620,61417,84448,61720,84865
US,90,74838,83693,81169,80502,82458,72517,70330,73659,71447,66954,92063,64935,89286,64402,88552,65966,90704
US,91,79045,88308,85642,85029,87093,76515,74206,77801,75463,70646,97138,68514,94206,68023,93532,69674,95802
US,92,84156,94005,91076,90620,92725,81452,78914,82916,80343,75204,103406,72861,100184,72496,99682,74180,101998
US,93,90532,98728,97857,95249,99750,85543,84790,87152,86430,78982,108600,78286,107643,76199,104774,79800,109725
US,94,98781,105492,104163,104399,108839,91405,90253,95524,94305,84394,116041,83330,114579,83519,114839,87071,119723
US,95,111810,111106,113392,114611,123195,96269,98250,104868,106744,88885,122217,90714,124731,91689,126072,98556,135514
US,96,127975,123416,122727,134693,141006,106935,106339,123243,122176,98733,135757,98182,135000,107754,148162,112805,155107
US,97,154504,156224,141495,176526,170236,135362,122601,161520,147504,124979,171847,113196,155644,141221,194179,136189,187260
US,98,214994,220424,189703,255958,236885,190989,164371,234200,205253,176339,242467,151762,208673,204766,281554,189508,260574
US,99,300015,203749,258873,261073,330564,176540,224304,238880,286422,162999,224124,207098,284760,208858,287180,264451,363620
US,99.1,320365,213395,274512,276636,352986,184898,237855,253120,305850,170716,234734,219610,301963,221309,304300,282389,388285
US,99.2,349711,227706,297113,299426,385319,197298,257438,273973,333865,182165,250476,237690,326824,239541,329369,308255,423851
US,99.3,385255,244082,323816,326774,424483,211487,280574,298996,367799,195266,268490,259053,356198,261419,359451,339586,466931
US,99.4,433155,265238,358998,363551,477260,229818,311058,332646,413529,212190,291762,287198,394898,290841,399906,381808,524986
US,99.5,497026,294263,407101,412175,547636,254967,352738,377137,474506,235410,323689,325681,447811,329740,453393,438109,602400
US,99.6,590505,339056,480191,482872,650632,293778,416068,441824,563749,271245,372962,384153,528210,386298,531159,520506,715695
US,99.7,756644,415649,607418,608282,833688,360143,526306,556573,722360,332519,457214,485934,668160,486626,669110,666950,917057
US,99.8,1137071,576775,886497,893930,1252852,499752,768118,817939,1085551,461420,634452,709198,975147,715144,983323,1002282,1378137
US,99.9,1555511,732303,1175608,1205011,1713898,634511,1018622,1102576,1485031,585842,805533,940486,1293169,964009,1325512,1371118,1885288
US,99.91,1667858,772346,1253187,1286893,1837685,669206,1085841,1177498,1592287,617877,849581,1002550,1378506,1029514,1415582,1470148,2021454
US,99.92,1769424,803498,1319805,1359543,1949592,696198,1143563,1243972,1689251,642798,883847,1055844,1451786,1087634,1495497,1559674,2144551
US,99.93,2011987,892047,1486631,1539073,2216855,772923,1288111,1408240,1920824,713638,981252,1189305,1635294,1231258,1692980,1773484,2438540
US,99.94,2351407,1011276,1715628,1790227,2590835,876229,1486529,1638045,2244865,809021,1112404,1372502,1887191,1432182,1969250,2072668,2849918
US,99.95,2664094,1099719,1909531,2017973,2935362,952862,1654539,1846431,2543385,879775,1209691,1527625,2100484,1614378,2219770,2348290,3228898
US,99.96,3271934,1271653,2282667,2464577,3605093,1101835,1977848,2255070,3123682,1017322,1398818,1826134,2510934,1971662,2711035,2884074,3965602
US,99.97,4269711,1563091,2905745,3195948,4704468,1354354,2517723,2924269,4076251,1250473,1719400,2324596,3196320,2556758,3515543,3763574,5174915
US,99.98,6347501,2073362,4113482,4715587,6993826,1796483,3564183,4314727,6059896,1658690,2280698,3290786,4524830,3772470,5187146,5595061,7693209
US,99.99,8580411,2539582,5334885,6345984,9454099,2200443,4622484,5806529,8191634,2031666,2793540,4267908,5868374,5076787,6980582,7563279,10399509
US,99.991,9466541,2759414,5851760,6994412,10430457,2390919,5070337,6399836,9037612,2207531,3035356,4681408,6436936,5595530,7693853,8344366,11473503
US,99.992,10320841,2952539,6333769,7617688,11371745,2558254,5487981,6970129,9853204,2362031,3247793,5067015,6967146,6094150,8379457,9097396,12508920
US,99.993,11397188,3183806,6929502,8402910,12557690,2758638,6004162,7688601,10880783,2547045,3502187,5543602,7622452,6722328,9243201,10046152,13813459
US,99.994,12826209,3471917,7702112,9445497,14132219,3008274,6673601,8642561,12245055,2777534,3819108,6161690,8472323,7556398,10390047,11305775,15545441
US,99.995,14820363,3837920,8745513,10900423,16329426,3325400,7577670,9973807,14148855,3070336,4221712,6996410,9620064,8720338,11990465,13063541,17962369
US,99.996,17752828,4293801,10200933,13039540,19560484,3720403,8838738,11931084,16948449,3435041,4723181,8160746,11221026,10431632,14343494,15648387,21516532
US,99.997,22246154,4845986,12292061,16315185,24511336,4198849,10650624,14928276,21238183,3876789,5330585,9833649,13521267,13052148,17946704,19609069,26962470
US,99.998,32407984,5906112,16837080,23725627,35707880,5117404,14588719,21708776,30939582,4724890,6496723,13469664,18520788,18980502,26098190,28566304,39278668
US,99.999,134261134,14270752,60230905,97984101,147932078,12365022,52187893,89654737,128177776,11416602,15697827,48184724,66253996,78387281,107782511,118345662,162725286
CA,0,7578,11824,8832,10772,7696,10375,7750,9347,6753,9459,13006,7066,9715,8618,11849,6157,8466
CA,1,7578,11840,8840,10795,7696,10390,7757,9367,6753,9472,13024,7072,9724,8636,11875,6157,8466
CA,2,7578,11894,8856,10868,7696,10437,7771,9431,6753,9515,13083,7085,9742,8694,11955,6157,8466
CA,3,7578,11966,8875,10957,7696,10500,7787,9508,6753,9573,13162,7100,9762,8766,12053,6157,8466
CA,4,7578,11966,8880,10967,7696,10500,7792,9516,6753,9573,13162,7104,9768,8774,12064,6157,8466
CA,5,7754,11998,9014,10995,7875,10528,7909,9541,6910,9598,13197,7211,9915,8796,12095,6300,8662
CA,6,8163,12608,9479,11561,8290,11063,8318,10032,7274,10086,13869,7583,10427,9249,12717,6632,9119
CA,7,8611,13212,9978,12130,8745,11594,8756,10526,7674,10570,14534,7982,10976,9704,13343,6996,9620
CA,8,9035,13641,10444,12527,9175,11970,9164,10870,8051,10913,15005,8355,11488,10022,13780,7340,10092
CA,9,9083,13754,10459,12676,9224,12069,9178,11000,8094,11003,15130,8367,11505,10141,13944,7379,10146
CA,10,9545,13979,10939,12882,9693,12266,9599,11178,8505,11183,15377,8751,12033,10306,14170,7754,10662
CA,11,9571,14117,10947,13058,9720,12388,9606,11331,8529,11294,15529,8758,12042,10446,14364,7776,10692
CA,12,10063,14519,11464,13438,10219,12741,10060,11661,8967,11615,15971,9171,12610,10750,14782,8175,11241
CA,13,10588,15098,12024,13995,10752,13249,10551,12144,9435,12078,16608,9619,13226,11196,15395,8602,11827
CA,14,11118,15675,12589,14553,11291,13755,11047,12628,9908,12540,17243,10071,13848,11642,16008,9033,12420
CA,15,11569,16070,13060,14937,11748,14102,11460,12962,10309,12856,17677,10448,14366,11950,16431,9398,12923
CA,16,11655,16130,13120,15026,11836,14154,11513,13039,10386,12904,17743,10496,14432,12021,16529,9469,13020
CA,17,12135,16476,13623,15360,12324,14458,11954,13328,10814,13181,18124,10898,14985,12288,16896,9859,13556
CA,18,12208,16552,13668,15465,12397,14525,11993,13420,10879,13242,18207,10934,15035,12372,17012,9918,13637
CA,19,12620,16860,14093,15769,12816,14794,12366,13683,11246,13488,18546,11274,15502,12615,17346,10253,14098
CA,20,12739,16987,14214,15899,12938,14906,12473,13796,11353,13590,18686,11371,15635,12719,17489,10350,14232
CA,21,13256,17490,14755,16390,13462,15347,12947,14223,11813,13992,19239,11804,16231,13112,18029,10770,14808
CA,22,13364,17503,14842,16426,13572,15359,13023,14254,11910,14002,19253,11874,16326,13141,18069,10858,14929
CA,23,13633,17669,15104,16603,13845,15505,13254,14407,12149,14135,19436,12083,16614,13282,18263,11076,15230
CA,24,13824,17751,15282,16703,14039,15577,13410,14494,12319,14201,19526,12226,16810,13362,18373,11231,15443
CA,25,14002,17820,15445,16789,14219,15637,13553,14569,12477,14256,19602,12356,16990,13431,18468,11375,15641
CA,26,14465,18227,15918,17197,14689,15994,13968,14923,12890,14582,20050,12734,17510,13758,18917,11751,16158
CA,27,14876,18569,16335,17543,15107,16294,14334,15223,13256,14855,20426,13068,17968,14034,19297,12086,16618
CA,28,15403,19052,16878,18023,15642,16719,14811,15640,13726,15242,20958,13502,18566,14418,19825,12514,17206
CA,29,15668,19214,17134,18198,15911,16860,15035,15792,13962,15371,21135,13707,18847,14558,20018,12729,17502
CA,30,15827,19233,17273,18240,16073,16877,15157,15828,14104,15386,21156,13818,19000,14592,20064,12858,17680
CA,31,16085,19390,17522,18412,16335,17015,15376,15977,14334,15512,21329,14018,19274,14730,20253,13068,17968
CA,32,16608,19878,18063,18896,16866,17443,15850,16397,14800,15902,21866,14450,19869,15117,20786,13493,18553
CA,33,17075,20279,18538,19299,17340,17795,16267,16747,15216,16223,22307,14830,20392,15439,21229,13872,19074
CA,34,17444,20578,18909,19605,17715,18057,16592,17012,15545,16462,22635,15127,20800,15684,21566,14172,19486
CA,35,17801,20852,19266,19888,18078,18298,16905,17257,15863,16682,22937,15413,21193,15910,21877,14462,19886
CA,36,18162,21132,19626,20176,18444,18543,17222,17508,16185,16906,23245,15701,21589,16141,22194,14755,20288
CA,37,18360,21230,19812,20290,18645,18630,17385,17607,16361,16984,23353,15850,21793,16232,22319,14916,20510
CA,38,18788,21580,20243,20646,19080,18936,17763,17915,16742,17264,23738,16194,22267,16517,22711,15264,20988
CA,39,19018,21643,20465,20720,19313,18992,17958,17980,16947,17314,23807,16372,22512,16576,22792,15450,21244
CA,40,19067,21720,20489,20824,19363,19059,17979,18070,16991,17376,23892,16391,22538,16659,22906,15490,21299
CA,41,19488,21917,20916,21021,19791,19232,18354,18241,17367,17534,24109,16733,23008,16817,23123,15833,21770
CA,42,19510,22011,20917,21142,19813,19314,18355,18346,17386,17609,24212,16734,23009,16914,23256,15850,21794
CA,43,19902,22257,21314,21390,20211,19531,18702,18561,17735,17806,24483,17051,23445,17112,23529,16169,22232
CA,44,20274,22562,21687,21702,20589,19798,19030,18832,18066,18050,24818,17350,23856,17362,23872,16471,22648
CA,45,20517,22741,21925,21891,20836,19955,19239,18996,18283,18193,25015,17540,24118,17513,24080,16669,22920
CA,46,20803,22952,22208,22112,21126,20141,19487,19188,18538,18362,25247,17766,24429,17690,24323,16901,23239
CA,47,20950,23010,22341,22186,21275,20192,19604,19252,18669,18408,25311,17873,24575,17749,24405,17020,23403
CA,48,21467,23479,22870,22656,21800,20603,20068,19660,19129,18783,25827,18296,25157,18125,24922,17440,23980
CA,49,21800,23676,23185,22857,22138,20776,20345,19834,19426,18941,26044,18548,25504,18286,25143,17710,24352
CA,50,21801,23763,23205,22966,22140,20852,20362,19929,19428,19010,26139,18564,25526,18373,25263,17712,24354
CA,51,22102,23918,23485,23129,22445,20988,20608,20070,19695,19134,26310,18788,25834,18503,25442,17956,24690
CA,52,22490,24255,23877,23472,22839,21284,20952,20368,20041,19404,26681,19102,26265,18778,25819,18271,25123
CA,53,22898,24617,24291,23838,23253,21602,21315,20685,20404,19694,27079,19433,26720,19070,26222,18602,25578
CA,54,23275,24948,24672,24175,23637,21892,21650,20977,20741,19958,27443,19738,27139,19340,26593,18910,26001
CA,55,23716,25336,25118,24567,24084,22232,22041,21318,21134,20269,27869,20094,27630,19654,27024,19267,26492
CA,56,24293,25881,25711,25111,24670,22711,22561,21790,21648,20705,28470,20569,28282,20089,27622,19736,27137
CA,57,24702,26253,26125,25487,25085,23037,22925,22117,22012,21002,28879,20900,28738,20390,28036,20068,27594
CA,58,25048,26548,26472,25789,25437,23296,23229,22379,22321,21238,29203,21178,29119,20631,28368,20350,27981
CA,59,25535,26992,26967,26238,25931,23686,23664,22768,22755,21594,29691,21574,29664,20990,28862,20745,28524
CA,60,25660,27057,27081,26317,26059,23742,23764,22836,22866,21646,29762,21665,29789,21054,28949,20847,28665
CA,61,26165,27527,27596,26790,26571,24155,24215,23247,23316,22022,30280,22077,30356,21432,29469,21257,29228
CA,62,26622,27950,28060,27217,27036,24526,24623,23617,23724,22360,30745,22448,30866,21774,29939,21629,29740
CA,63,27140,28439,28588,27708,27561,24955,25086,24044,24184,22751,31283,22870,31447,22166,30479,22049,30317
CA,64,27703,28968,29163,28240,28133,25419,25590,24505,24686,23174,31865,23330,32079,22592,31064,22506,30946
CA,65,28191,29417,29658,28694,28629,25814,26025,24899,25121,23534,32359,23726,32624,22955,31563,22903,31492
CA,66,28926,30110,30411,29388,29375,26422,26686,25502,25777,24088,33121,24329,33452,23510,32327,23500,32313
CA,67,29429,30566,30919,29851,29886,26822,27131,25903,26224,24453,33623,24735,34011,23881,32836,23909,32875
CA,68,29899,30989,31394,30282,30364,27193,27548,26277,26644,24791,34088,25115,34533,24226,33310,24291,33400
CA,69,30646,31687,32157,30983,31122,27806,28217,26886,27309,25350,34856,25726,35373,24786,34081,24898,34234
CA,70,31209,32202,32727,31505,31694,28258,28718,27338,27811,25762,35422,26182,36000,25204,34656,25355,34863
CA,71,31753,32707,33278,32016,32247,28701,29201,27782,28296,26166,35978,26622,36606,25613,35218,25798,35472
CA,72,32491,33410,34030,32723,32995,29317,29861,28395,28953,26728,36751,27224,37433,26178,35995,26396,36294
CA,73,33120,33999,34669,33319,33634,29834,30422,28912,29514,27199,37399,27735,38136,26655,36651,26907,36997
CA,74,33732,34563,35288,33890,34255,30329,30965,29408,30059,27650,38019,28230,38817,27112,37279,27404,37680
CA,75,33953,34726,35498,34071,34480,30473,31149,29565,30256,27781,38199,28398,39048,27257,37478,27584,37928
CA,76,34693,35420,36250,34771,35232,31081,31809,30173,30916,28336,38962,29000,39875,27817,38248,28186,38755
CA,77,35559,36241,37132,35599,36112,31802,32583,30891,31688,28993,39865,29706,40845,28479,39159,28890,39723
CA,78,36384,37023,37970,36387,36949,32488,33318,31575,32422,29618,40725,30376,41767,29110,40026,29559,40644
CA,79,37239,37832,38839,37204,37817,33198,34081,32284,33184,30266,41615,31071,42723,29763,40924,30254,41599
CA,80,38729,39276,40369,38647,39331,34465,35423,33536,34512,31421,43203,32295,44406,30918,42512,31465,43264
CA,81,39674,40167,41328,39549,40291,35247,36265,34318,35355,32134,44184,33062,45461,31639,43504,32233,44320
CA,82,40583,41026,42249,40418,41213,36000,37073,35073,36164,32821,45128,33799,46474,32334,44460,32970,45334
CA,83,41465,41849,43141,41255,42110,36723,37855,35799,36951,33479,46034,34513,47455,33004,45381,33688,46321
CA,84,42794,43124,44495,42540,43459,37842,39044,36914,38135,34499,47437,35596,48945,34032,46794,34767,47805
CA,85,43867,44138,45581,43567,44548,38732,39997,37805,39090,35310,48552,36465,50139,34854,47924,35638,49003
CA,86,44961,45152,46685,44599,45659,39621,40966,38701,40066,36122,49667,37348,51354,35679,49059,36527,50225
CA,87,46600,46715,48353,46175,47324,40993,42429,40068,41526,37372,51387,38682,53188,36940,50793,37859,52056
CA,88,47593,47611,49347,47095,48332,41779,43302,40866,42411,38089,52372,39478,54282,37676,51805,38666,53165
CA,89,48507,48415,50255,47928,49261,42485,44099,41589,43226,38732,53257,40204,55281,38342,52721,39409,54187
CA,90,50742,50509,52526,50041,51530,44322,46092,43423,45217,40407,55560,42021,57779,40033,55045,41224,56683
CA,91,52514,52177,54318,51735,53330,45786,47664,44893,46797,41742,57395,43454,59750,41388,56909,42664,58663
CA,92,54923,54444,56761,54030,55775,47775,49807,46884,48942,43555,59889,45409,62437,43224,59433,44620,61353
CA,93,58239,57528,60127,57147,59144,50482,52761,49589,51898,46022,63281,48102,66140,45718,62862,47315,65058
CA,94,62535,61472,64487,61134,63506,53942,56587,53049,55726,49178,67619,51590,70936,48907,67247,50805,69857
CA,95,70074,68382,72159,68098,71163,60005,63319,59092,62444,54706,75220,57727,79375,54478,74908,56930,78279
CA,96,79875,77501,82139,77286,81116,68007,72076,67064,71178,62001,85251,65711,90353,61829,85015,64893,89228
CA,97,96363,92422,98904,92338,97859,81101,86787,80126,85871,73938,101665,79123,108794,73870,101572,78287,107645
CA,98,128926,114187,125514,120889,130928,100200,110138,104902,114888,91350,125606,100411,138065,96711,132978,104742,144021
CA,99,173338,139211,157632,159371,176030,122159,138321,138294,154465,111369,153132,126106,173395,127497,175308,140824,193633
CA,99.1,184944,144285,164869,169122,187817,126611,144671,146755,164807,115428,158714,131895,181356,135298,186034,150254,206599
CA,99.2,200079,152811,176335,181696,203186,134092,154732,157667,178294,122249,168092,141068,193969,145357,199866,162549,223505
CA,99.3,217832,162954,190112,196257,221214,142993,166822,170302,194114,130363,179249,152090,209123,157006,215883,176971,243335
CA,99.4,240237,174752,206950,214176,243967,153346,181597,185851,214079,139802,192228,165560,227645,171341,235594,195174,268364
CA,99.5,271892,190651,230187,239276,276114,167298,201987,207631,242287,152521,209716,184150,253206,191421,263204,220891,303725
CA,99.6,311363,211013,261120,269106,316198,185165,229131,233516,277461,168810,232114,208896,287232,215285,296017,252958,347818
CA,99.7,381917,244608,314974,321050,387847,214645,276387,278590,340332,195686,269069,251979,346471,256840,353155,310278,426632
CA,99.8,531613,304760,421285,428091,539868,267429,369674,371475,473729,243808,335236,337028,463414,342473,470900,431894,593855
CA,99.9,697381,371381,539750,545875,708211,325889,473625,473682,621448,297105,408519,431800,593725,436700,600462,566569,779032
CA,99.91,748669,392865,577631,581943,760295,344741,506865,504980,667152,314292,432151,462105,635394,465554,640137,608236,836325
CA,99.92,785934,406511,604292,607033,798139,356716,530261,526752,700359,325209,447162,483434,664721,485626,667736,638511,877953
CA,99.93,869818,441306,665348,666601,883326,387249,583837,578441,775110,353045,485437,532278,731883,533281,733261,706661,971659
CA,99.94,979341,486748,744510,744956,994549,427124,653301,646434,872707,389398,535422,595608,818961,595965,819452,795639,1094004
CA,99.95,1084583,528480,819125,819771,1101425,463745,718774,711354,966490,422784,581328,655300,901038,655817,901748,881140,1211568
CA,99.96,1260248,600108,943947,946371,1279818,526599,828305,821212,1123029,480086,660119,755158,1038342,757097,1041008,1023854,1407800
CA,99.97,1545687,697811,1133391,1146787,1569690,612333,994540,995122,1377388,558249,767592,906713,1246730,917430,1261466,1255752,1726659
CA,99.98,2085285,838743,1457449,1516048,2117667,736002,1278898,1315548,1858233,670994,922617,1165959,1603194,1212838,1667653,1694134,2329434
CA,99.99,2637109,950354,1752787,1897594,2678061,833942,1538054,1646633,2349973,760283,1045390,1402230,1928066,1518075,2087353,2142449,2945867
CA,99.991,2830243,991747,1857403,2032219,2874193,870264,1629854,1763454,2522078,793398,1090921,1485922,2043143,1625775,2235441,2299354,3161612
CA,99.992,3025364,1036006,1966153,2167579,3072345,909102,1725281,1880912,2695954,828805,1139607,1572922,2162768,1734063,2384337,2457876,3379580
CA,99.993,3258866,1085163,2092287,2329798,3309473,952238,1835963,2021677,2904031,868130,1193679,1673830,2301516,1863838,2562778,2647578,3640420
CA,99.994,3563926,1142999,2250460,2542021,3619270,1002989,1974758,2205833,3175876,914399,1257299,1800368,2475506,2033617,2796223,2895416,3981197
CA,99.995,3970967,1207873,2449013,2825495,4032632,1059916,2148986,2451817,3538597,966298,1328660,1959210,2693914,2260396,3108045,3226106,4435895
CA,99.996,4530677,1269944,2694918,3215498,4601034,1114384,2364766,2790242,4037364,1015955,1396938,2155934,2964410,2572398,3537048,3680827,5061137
CA,99.997,5394726,1433036,3140821,3818021,5478501,1257498,2756041,3313080,4807333,1146429,1576339,2512657,3454903,3054417,4199823,4382801,6026351
CA,99.998,7149032,1699954,3980158,5043700,7260049,1491720,3492552,4376660,6370625,1359963,1869949,3184126,4378174,4034960,5548070,5808039,7986054
CA,99.999,17238567,2188985,7765289,12097492,17506264,1920849,6813969,10497574,15361584,1751188,2407884,6212231,8541818,9677994,13307241,14005011,19256890
DE,0,10250,17814,11946,16832,11134,16553,11101,15842,10346,14251,19595,9557,13141,13466,18515,8907,12247
DE,1,10250,17948,12073,17017,11134,16677,11219,16016,10346,14358,19743,9658,13280,13614,18719,8907,12247
DE,2,10250,18280,12150,17425,11134,16986,11290,16400,10346,14624,20108,9720,13365,13940,19168,8907,12247
DE,3,10250,18289,12190,17527,11134,16995,11328,16496,10346,14631,20118,9752,13409,14022,19280,8907,12247
DE,4,10250,18315,12223,17707,11134,17018,11358,16665,10346,14652,20146,9778,13445,14166,19478,8907,12247
DE,5,10563,18420,12265,17810,11473,17116,11397,16762,10661,14736,20262,9812,13492,14248,19591,9178,12620
DE,6,11155,18519,12730,17983,12116,17209,11829,16925,11258,14815,20371,10184,14003,14386,19781,9693,13328
DE,7,11230,18534,12794,18165,12198,17222,11889,17097,11335,14827,20388,10235,14073,14532,19982,9758,13418
DE,8,11895,18617,13256,18311,12921,17299,12318,17234,12007,14894,20479,10605,14582,14649,20142,10337,14213
DE,9,11929,18675,13340,18515,12958,17353,12396,17426,12041,14940,20542,10672,14674,14812,20366,10366,14254
DE,10,12639,18704,13897,18559,13728,17380,12913,17467,12756,14963,20574,11118,15287,14847,20415,10982,15101
DE,11,12647,18741,13946,18668,13738,17414,12959,17570,12765,14993,20615,11157,15341,14934,20535,10990,15112
DE,12,13377,18786,14586,18673,14530,17456,13553,17575,13502,15029,20665,11669,16045,14938,20540,11624,15983
DE,13,13382,18912,14654,18900,14536,17574,13617,17788,13507,15130,20803,11723,16119,15120,20790,11629,15990
DE,14,14126,19006,15312,19013,15345,17661,14228,17894,14258,15205,20906,12250,16843,15210,20914,12276,16880
DE,15,14205,19052,15321,19145,15430,17704,14236,18019,14338,15242,20957,12257,16853,15316,21060,12344,16973
DE,16,14561,19062,15658,19171,15816,17713,14550,18044,14697,15250,20968,12526,17224,15337,21088,12653,17398
DE,17,14835,19110,15908,19250,16113,17758,14782,18118,14973,15288,21021,12726,17499,15400,21175,12890,17724
DE,18,14870,19272,15909,19466,16152,17908,14783,18321,15009,15418,21199,12727,17500,15573,21413,12922,17767
DE,19,15294,19321,16334,19512,16613,17953,15178,18364,15437,15457,21253,13067,17967,15610,21463,13290,18274
DE,20,15494,19344,16526,19543,16829,17975,15357,18394,15638,15475,21279,13221,18179,15634,21497,13463,18512
DE,21,15538,19384,16559,19600,16878,18012,15387,18447,15683,15507,21322,13247,18215,15680,21560,13502,18566
DE,22,15837,19429,16850,19654,17203,18054,15657,18498,15985,15543,21372,13480,18535,15723,21619,13762,18923
DE,23,15971,19433,16970,19672,17349,18057,15769,18515,16121,15546,21376,13576,18667,15738,21639,13879,19084
DE,24,16192,19442,17184,19684,17588,18066,15968,18526,16343,15554,21386,13747,18902,15747,21652,14070,19347
DE,25,16208,19446,17187,19712,17605,18070,15970,18552,16359,15557,21391,13750,18906,15770,21683,14084,19366
DE,26,16327,19476,17285,19763,17735,18097,16062,18600,16480,15581,21423,13828,19014,15810,21739,14188,19508
DE,27,16372,19507,17312,19819,17784,18127,16087,18653,16525,15606,21458,13850,19043,15855,21801,14227,19562
DE,28,16422,19548,17345,19882,17838,18164,16117,18713,16576,15638,21503,13876,19080,15906,21870,14270,19622
DE,29,16605,19598,17517,19949,18037,18211,16277,18776,16760,15678,21558,14014,19269,15959,21944,14430,19841
DE,30,16724,19648,17621,20019,18166,18257,16374,18841,16880,15718,21613,14097,19383,16015,22021,14533,19983
DE,31,16868,19778,17753,20171,18322,18378,16496,18984,17025,15822,21755,14202,19528,16137,22188,14658,20154
DE,32,17036,19846,17911,20255,18505,18442,16643,19064,17195,15877,21831,14329,19702,16204,22280,14804,20356
DE,33,17074,19855,17932,20283,18546,18450,16662,19090,17234,15884,21840,14346,19725,16226,22311,14837,20401
DE,34,17297,19861,18150,20294,18789,18456,16865,19100,17459,15889,21848,14520,19965,16235,22323,15031,20668
DE,35,17437,19869,18279,20312,18940,18463,16985,19117,17599,15895,21856,14623,20107,16250,22343,15152,20834
DE,36,17482,20059,18312,20532,18989,18639,17016,19325,17645,16047,22065,14650,20143,16426,22585,15191,20888
DE,37,17562,20210,18382,20708,19077,18780,17080,19490,17726,16168,22231,14706,20220,16566,22779,15262,20985
DE,38,18085,20390,18914,20885,19645,18947,17575,19657,18254,16312,22429,15131,20805,16708,22974,15716,21610
DE,39,18216,20470,19035,20981,19787,19021,17688,19747,18386,16376,22516,15228,20938,16785,23079,15830,21766
DE,40,18661,20893,19484,21429,20270,19414,18105,20169,18836,16714,22982,15587,21432,17143,23572,16216,22297
DE,41,18727,20895,19538,21447,20342,19416,18155,20186,18902,16716,22985,15630,21492,17158,23592,16274,22376
DE,42,18945,21075,19750,21645,20578,19584,18352,20372,19122,16860,23183,15800,21725,17316,23810,16462,22636
DE,43,19293,21398,20098,21990,20956,19883,18675,20697,19472,17118,23537,16078,22108,17592,24189,16765,23052
DE,44,19538,21597,20338,22210,21223,20069,18898,20904,19721,17278,23757,16270,22372,17768,24431,16978,23345
DE,45,19645,21653,20434,22281,21339,20120,18988,20970,19829,17322,23818,16347,22477,17825,24509,17071,23473
DE,46,20149,22157,20946,22813,21886,20589,19463,21471,20337,17726,24373,16757,23041,18250,25094,17509,24075
DE,47,20293,22269,21083,22939,22042,20693,19590,21590,20482,17815,24496,16866,23191,18351,25233,17634,24246
DE,48,20563,22521,21351,23212,22336,20927,19840,21847,20755,18017,24773,17081,23486,18570,25533,17869,24570
DE,49,20739,22666,21521,23374,22527,21061,19997,21999,20932,18133,24932,17217,23673,18699,25711,18022,24780
DE,50,21255,23210,22047,23945,23088,21567,20487,22537,21454,18568,25531,17638,24252,19156,26340,18470,25397
DE,51,21712,23673,22510,24436,23584,21998,20917,22998,21915,18938,26041,18008,24761,19549,26880,18867,25942
DE,52,21883,23806,22673,24587,23770,22121,21068,23141,22088,19045,26187,18138,24940,19670,27046,19016,26147
DE,53,22168,24065,22954,24867,24079,22362,21329,23404,22375,19252,26472,18363,25249,19894,27354,19263,26487
DE,54,22385,24258,23166,25079,24314,22541,21527,23604,22593,19406,26684,18533,25483,20063,27587,19451,26745
DE,55,22786,24645,23569,25494,24751,22901,21900,23994,22999,19716,27110,18855,25926,20395,28043,19801,27226
DE,56,23222,25135,24013,26007,25224,23356,22314,24478,23439,20108,27649,19210,26414,20806,28608,20179,27746
DE,57,23503,25457,24298,26350,25529,23656,22578,24800,23722,20366,28003,19438,26728,21080,28985,20423,28082
DE,58,23687,25693,24484,26600,25730,23874,22751,25035,23908,20554,28262,19587,26932,21280,29260,20584,28303
DE,59,24133,26237,24943,27167,26214,24380,23177,25569,24359,20990,28860,19954,27437,21734,29884,20971,28835
DE,60,24404,26547,25216,27498,26507,24668,23431,25880,24631,21238,29201,20173,27738,21998,30248,21206,29158
DE,61,24721,26860,25532,27836,26853,24959,23725,26199,24952,21488,29546,20426,28085,22269,30620,21482,29538
DE,62,25025,27225,25841,28222,27183,25298,24012,26562,25259,21780,29948,20673,28425,22578,31044,21746,29901
DE,63,25470,27714,26291,28739,27666,25752,24430,27049,25708,22171,30485,21033,28920,22991,31613,22133,30433
DE,64,25911,28221,26740,29274,28146,26223,24847,27553,26154,22577,31043,21392,29414,23419,32201,22517,30961
DE,65,26378,28748,27213,29831,28652,26713,25287,28077,26624,22998,31622,21770,29934,23865,32814,22922,31517
DE,66,26959,29327,27796,30449,29284,27251,25829,28658,27211,23462,32260,22237,30576,24359,33494,23427,32212
DE,67,27433,29820,28272,30976,29798,27710,26271,29154,27689,23856,32802,22618,31099,24781,34074,23838,32778
DE,68,27586,29984,28419,31159,29965,27862,26407,29326,27844,23987,32983,22735,31261,24927,34275,23972,32962
DE,69,28036,30439,28868,31647,30454,28284,26824,29786,28298,24351,33483,23094,31755,25318,34812,24363,33499
DE,70,28881,31336,29724,32595,31371,29118,27620,30678,29151,25069,34470,23779,32696,26076,35854,25097,34508
DE,71,29298,31731,30136,33025,31824,29485,28003,31082,29572,25385,34904,24109,33150,26420,36328,25459,35006
DE,72,30042,32471,30882,33814,32632,30173,28696,31825,30322,25977,35718,24706,33970,27051,37195,26106,35895
DE,73,30604,33001,31440,34388,33242,30666,29215,32365,30889,26401,36302,25152,34584,27510,37827,26594,36566
DE,74,31272,33645,32105,35079,33968,31263,29833,33016,31564,26916,37009,25684,35316,28063,38587,27174,37365
DE,75,31798,34119,32624,35597,34540,31704,30315,33503,32096,27295,37531,26099,35886,28478,39157,27632,37994
DE,76,32416,34718,33238,36242,35211,32260,30885,34110,32718,27774,38189,26590,36562,28994,39866,28169,38732
DE,77,33267,35586,34091,37169,36135,33068,31678,34983,33578,28469,39145,27273,37500,29735,40886,28908,39748
DE,78,33837,36185,34660,37813,36755,33624,32206,35589,34153,28948,39804,27728,38126,30250,41594,29404,40430
DE,79,34551,36921,35373,38602,37531,34307,32869,36331,34874,29537,40613,28298,38910,30882,42462,30025,41284
DE,80,35491,37881,36314,39628,38551,35200,33744,37298,35822,30305,41669,29051,39945,31702,43591,30841,42406
DE,81,36281,38685,37103,40492,39410,35947,34476,38111,36620,30948,42554,29682,40813,32394,44541,31528,43351
DE,82,37056,39458,37872,41326,40251,36665,35192,38896,37402,31566,43404,30298,41659,33061,45459,32201,44276
DE,83,38181,40536,38993,42485,41472,37667,36233,39987,38537,32429,44589,31194,42892,33988,46734,33178,45619
DE,84,39333,41662,40142,43695,42725,38713,37300,41125,39701,33330,45828,32114,44156,34956,48065,34180,46998
DE,85,40474,42748,41275,44867,43964,39722,38353,42228,40852,34198,47022,33020,45403,35894,49354,35171,48360
DE,86,42074,44185,42863,46419,45701,41058,39829,43689,42466,35348,48603,34290,47149,37135,51061,36561,50271
DE,87,43962,45794,44732,48161,47752,42552,41566,45329,44372,36635,50373,35786,49205,38529,52977,38202,52527
DE,88,46076,47709,46834,50223,50048,44332,43519,47269,46505,38167,52480,37467,51517,40178,55245,40038,55053
DE,89,47780,49300,48526,51942,51900,45811,45092,48887,48226,39440,54230,38821,53379,41554,57136,41520,57090
DE,90,50793,52138,51535,54984,55172,48448,47887,51750,51267,41710,57352,41228,56689,43987,60482,44138,60689
DE,91,53309,54274,54021,57304,57905,50433,50198,53933,53807,43419,59702,43217,59423,45843,63034,46324,63696
DE,92,56578,57064,57257,60323,61456,53025,53204,56775,57106,45651,62770,45806,62983,48258,66355,49165,67602
DE,93,60691,60545,61332,64090,65924,56260,56990,60321,61258,48436,66600,49066,67465,51272,70499,52739,72516
DE,94,65889,64874,66477,68777,71570,60282,61772,64732,66504,51899,71362,53182,73125,55022,75655,57256,78727
DE,95,73768,71471,74294,75902,80128,66412,69035,71438,74457,57177,78618,59435,81723,60722,83492,64102,88141
DE,96,84024,79225,84001,84827,91268,73618,78056,79838,84808,63380,87147,67201,92401,67862,93310,73014,100395
DE,97,99689,85080,93706,98070,108284,79058,87073,92302,100619,68064,93588,74965,103077,78456,107877,86627,119112
DE,98,140445,103225,121372,132801,152554,95919,112781,124990,141756,82580,113548,97098,133509,106241,146081,122043,167809
DE,99,195628,133054,163901,179492,212495,123636,152300,168935,197454,106443,146359,131121,180291,143594,197441,169996,233745
DE,99.1,210950,141546,176042,192287,229138,131528,163581,180977,212919,113237,155701,140834,193646,153830,211516,183310,252052
DE,99.2,232479,153480,193071,210303,252523,142617,179405,197934,234648,122784,168828,154457,212378,168242,231333,202018,277775
DE,99.3,256557,166143,211798,230092,278677,154384,196806,216558,258952,132914,182758,169438,232978,184074,253101,222942,306545
DE,99.4,287332,181687,235377,255112,312106,168827,218716,240107,290014,145350,199855,188302,258915,204090,280623,249685,343317
DE,99.5,326270,200174,264520,286312,354400,186006,245796,269472,329315,160139,220191,211616,290972,229050,314943,283520,389840
DE,99.6,376809,221920,300950,326032,409298,206213,279648,306856,380326,177536,244112,240760,331045,260826,358635,327438,450228
DE,99.7,469594,259677,365833,398984,510082,241298,339938,375517,473976,207742,285645,292666,402416,319187,438882,408066,561090
DE,99.8,671013,349961,515623,555723,728867,325191,479126,523037,677276,279969,384957,412498,567185,444578,611295,583094,801754
DE,99.9,888005,438194,670968,721964,964568,407179,623475,679501,896293,350555,482013,536774,738065,577571,794160,771654,1061025
DE,99.91,932563,452479,700949,754229,1012968,420453,651334,709868,941267,361983,497727,560759,771044,603383,829652,810374,1114265
DE,99.92,977894,465309,730286,786596,1062208,432375,678594,740331,987021,372247,511840,584229,803315,629277,865256,849766,1168429
DE,99.93,1103588,513013,817401,882617,1198739,476703,759543,830704,1113888,410410,564314,653921,899141,706094,970879,958991,1318613
DE,99.94,1275703,568019,929605,1011354,1385693,527815,863805,951870,1287610,454415,624821,743684,1022566,809083,1112489,1108554,1524262
DE,99.95,1431134,619280,1032051,1128003,1554526,575448,958999,1061658,1444491,495424,681208,825641,1135256,902402,1240803,1243621,1709979
DE,99.96,1733268,724317,1234322,1356866,1882710,673051,1146953,1277060,1749446,579454,796749,987458,1357754,1085493,1492553,1506168,2070981
DE,99.97,2196847,870260,1532028,1706585,2386258,808665,1423586,1606211,2217351,696208,957287,1225622,1685231,1365268,1877244,1909006,2624884
DE,99.98,3083352,1136611,2086898,2378745,3349197,1056163,1939181,2238836,3112130,909289,1250272,1669518,2295588,1902996,2616620,2679358,3684117
DE,99.99,4014759,1396482,2654037,3082160,4360909,1297641,2466176,2900879,4052230,1117186,1536130,2123230,2919441,2465728,3390376,3488727,4797000
DE,99.991,4319930,1478259,2837842,3311377,4692392,1373630,2636971,3116614,4360250,1182607,1626085,2270274,3121626,2649102,3642515,3753914,5161631
DE,99.992,4660860,1564140,3038547,3567040,5062717,1453432,2823469,3357241,4704362,1251312,1720554,2430838,3342402,2853632,3923744,4050174,5568989
DE,99.993,5046339,1653591,3258906,3855640,5481431,1536552,3028230,3628866,5093438,1322873,1818950,2607125,3584797,3084512,4241204,4385145,6029574
DE,99.994,5588502,1774876,3564201,4262161,6070339,1649253,3311916,4011477,5640662,1419901,1952363,2851361,3920621,3409729,4688377,4856271,6677373
DE,99.995,6278810,1911487,3937075,4779320,6820164,1776195,3658397,4498218,6337412,1529190,2102636,3149660,4330782,3823456,5257252,5456131,7502180
DE,99.996,7293923,2084844,4460182,5539996,7922801,1937282,4144477,5214155,7362000,1667875,2293329,3568146,4906200,4431997,6093996,6338241,8715081
DE,99.997,8823833,2401151,5299370,6685595,9584618,2231201,4924264,6292374,8906189,1920921,2641266,4239496,5829307,5348476,7354155,7667694,10543080
DE,99.998,12138433,3062762,7094647,9169120,13185000,2845984,6592465,8629827,12251725,2450210,3369038,5675718,7804112,7335296,10086032,10548000,14503500
DE,99.999,36060795,4665958,17200322,27051056,39169935,4335708,15982829,25460017,36397363,3732766,5132554,13760258,18920354,21640845,29756162,31335948,43086928
PE,0,889,5857,4215,-42843,964,5024,3616,-30836,827,4686,6443,3372,4636,-34274,-47127,771,1060
PE,1,889,6167,4394,-1198,964,5290,3769,-862,827,4934,6784,3515,4833,-958,-1318,771,1060
PE,2,889,6521,4604,165,964,5593,3949,119,827,5217,7173,3683,5064,132,182,771,1060
PE,3,889,6759,4767,745,964,5798,4089,536,827,5407,7435,3814,5244,596,820,771,1060
PE,4,889,6790,4929,1214,964,5825,4228,874,827,5432,7469,3943,5422,971,1335,771,1060
PE,5,889,7088,4947,2183,964,6080,4244,1571,827,5670,7796,3958,5442,1746,2401,771,1060
PE,6,889,7298,5214,2958,964,6260,4473,2129,827,5838,8027,4171,5735,2366,3254,771,1060
PE,7,889,7368,5584,3284,964,6320,4790,2364,827,5894,8105,4467,6142,2627,3612,771,1060
PE,8,889,7400,5659,3658,964,6348,4854,2633,827,5920,8140,4527,6225,2926,4024,771,1060
PE,9,889,7512,5697,4068,964,6444,4887,2928,827,6010,8263,4558,6267,3254,4475,771,1060
PE,10,889,7513,5765,4220,964,6445,4945,3037,827,6010,8264,4612,6342,3376,4642,771,1060
PE,11,889,7516,5877,4236,964,6447,5041,3049,827,6013,8267,4702,6465,3389,4660,771,1060
PE,12,889,7518,5892,4242,964,6449,5054,3053,827,6014,8270,4714,6481,3394,4666,771,1060
PE,13,889,7530,5894,4309,964,6459,5056,3101,827,6024,8283,4715,6483,3447,4740,771,1060
PE,14,894,7537,5909,4347,969,6466,5069,3129,831,6030,8291,4727,6500,3478,4782,775,1066
PE,15,1103,7563,5911,4361,1196,6488,5070,3139,1026,6050,8320,4729,6502,3489,4797,957,1316
PE,16,1318,7565,5925,4366,1429,6489,5083,3143,1226,6052,8322,4740,6518,3493,4803,1143,1572
PE,17,1341,7568,6078,4467,1454,6492,5214,3215,1247,6054,8325,4862,6686,3574,4914,1163,1599
PE,18,1461,7587,6232,4470,1584,6508,5346,3217,1359,6070,8346,4986,6855,3576,4917,1267,1742
PE,19,1477,7597,6243,4502,1601,6516,5356,3240,1374,6078,8356,4994,6867,3602,4952,1281,1761
PE,20,1582,7600,6334,4518,1715,6519,5434,3252,1471,6080,8360,5067,6967,3614,4970,1372,1887
PE,21,1644,7635,6472,4595,1782,6550,5552,3308,1529,6108,8399,5178,7119,3676,5054,1426,1960
PE,22,1716,7639,6570,4615,1861,6553,5636,3322,1596,6111,8403,5256,7227,3692,5076,1489,2047
PE,23,1783,7642,6640,4657,1933,6555,5696,3352,1658,6114,8406,5312,7304,3726,5123,1546,2126
PE,24,1845,7657,6673,4667,2001,6568,5724,3359,1717,6126,8422,5338,7340,3734,5134,1601,2201
PE,25,1964,7664,6798,4680,2128,6575,5832,3369,1826,6131,8431,5438,7478,3744,5148,1702,2341
PE,26,2072,7684,6890,4711,2247,6591,5911,3391,1928,6147,8452,5512,7579,3769,5182,1798,2472
PE,27,2166,7684,6995,4726,2348,6592,6000,3402,2015,6147,8453,5596,7695,3781,5199,1878,2583
PE,28,2270,7689,7085,4742,2461,6596,6078,3413,2111,6151,8458,5668,7794,3794,5216,1969,2707
PE,29,2367,7697,7227,4762,2565,6603,6200,3427,2201,6158,8467,5782,7950,3810,5238,2052,2822
PE,30,2457,7699,7367,4781,2663,6605,6320,3441,2285,6159,8469,5894,8104,3825,5259,2130,2929
PE,31,2557,7700,7440,4797,2772,6605,6382,3453,2378,6160,8470,5952,8184,3838,5277,2218,3049
PE,32,2656,7732,7458,4860,2879,6633,6398,3498,2470,6186,8505,5966,8204,3888,5346,2303,3167
PE,33,2755,7750,7515,4903,2987,6648,6447,3529,2562,6200,8525,6012,8266,3922,5393,2390,3286
PE,34,2850,7756,7519,4940,3090,6653,6450,3556,2651,6205,8531,6015,8271,3952,5434,2472,3399
PE,35,2964,7796,7531,4992,3214,6687,6460,3593,2757,6237,8576,6025,8284,3994,5491,2571,3535
PE,36,3075,7809,7532,5018,3334,6699,6461,3612,2860,6247,8590,6026,8285,4014,5520,2667,3667
PE,37,3157,7819,7552,5058,3423,6707,6479,3641,2936,6255,8601,6042,8307,4046,5564,2738,3765
PE,38,3247,7820,7652,5086,3520,6708,6564,3660,3020,6256,8602,6122,8417,4069,5595,2816,3872
PE,39,3267,7837,7760,5166,3542,6722,6657,3718,3038,6270,8620,6208,8536,4133,5683,2834,3896
PE,40,3341,7857,7901,5215,3622,6739,6777,3753,3107,6286,8642,6321,8691,4172,5737,2898,3984
PE,41,3383,7923,8040,5316,3668,6797,6897,3826,3146,6338,8716,6432,8844,4253,5848,2934,4035
PE,42,3428,7941,8131,5364,3717,6812,6975,3861,3189,6353,8735,6505,8944,4291,5900,2974,4089
PE,43,3526,7953,8251,5390,3823,6822,7078,3879,3279,6362,8748,6601,9076,4312,5929,3058,4205
PE,44,3621,8014,8349,5464,3925,6875,7162,3932,3367,6411,8816,6679,9184,4371,6010,3140,4318
PE,45,3728,8058,8435,5513,4042,6912,7236,3968,3467,6446,8863,6748,9278,4410,6064,3234,4446
PE,46,3834,8111,8578,5571,4156,6958,7359,4010,3566,6489,8922,6862,9436,4457,6128,3325,4572
PE,47,3920,8141,8649,5619,4249,6984,7419,4044,3645,6513,8955,6919,9514,4495,6181,3399,4674
PE,48,4017,8164,8683,5656,4355,7003,7448,4071,3736,6531,8981,6946,9551,4525,6222,3484,4790
PE,49,4098,8247,8818,5742,4444,7074,7564,4133,3812,6598,9071,7054,9700,4594,6316,3555,4888
PE,50,4178,8331,8944,5835,4529,7146,7673,4200,3885,6665,9164,7155,9838,4668,6419,3623,4982
PE,51,4288,8361,9067,5874,4648,7172,7778,4228,3987,6689,9197,7254,9974,4699,6461,3718,5113
PE,52,4379,8377,9178,5908,4747,7186,7873,4252,4072,6702,9215,7342,10096,4726,6499,3798,5222
PE,53,4485,8385,9279,5927,4862,7192,7960,4266,4171,6708,9223,7423,10207,4742,6520,3890,5348
PE,54,4589,8424,9332,5980,4976,7226,8005,4304,4268,6739,9267,7466,10265,4784,6578,3981,5474
PE,55,4687,8490,9435,6051,5082,7283,8094,4355,4360,6792,9339,7548,10378,4841,6656,4066,5590
PE,56,4784,8553,9648,6126,5186,7336,8276,4409,4449,6842,9408,7718,10613,4901,6739,4149,5705
PE,57,4875,8638,9669,6222,5285,7410,8295,4478,4533,6910,9502,7735,10636,4978,6844,4228,5814
PE,58,4990,8703,9807,6289,5410,7466,8413,4526,4641,6962,9573,7846,10788,5031,6918,4328,5951
PE,59,5136,8822,9904,6394,5569,7568,8496,4602,4777,7058,9704,7923,10894,5115,7033,4455,6126
PE,60,5185,8905,9932,6499,5621,7639,8520,4678,4822,7124,9796,7946,10925,5199,7149,4497,6183
PE,61,5295,8978,10087,6580,5741,7702,8653,4736,4925,7182,9876,8070,11096,5264,7238,4593,6315
PE,62,5401,9059,10238,6670,5856,7771,8782,4801,5023,7247,9965,8190,11262,5336,7337,4685,6442
PE,63,5522,9152,10425,6768,5986,7850,8943,4871,5135,7322,10067,8340,11468,5414,7445,4789,6585
PE,64,5641,9273,10592,6889,6116,7954,9086,4959,5247,7418,10200,8474,11651,5511,7578,4893,6728
PE,65,5782,9281,10800,6910,6269,7961,9264,4974,5378,7425,10209,8640,11880,5528,7601,5015,6896
PE,66,5915,9431,10994,7061,6413,8090,9431,5082,5501,7545,10375,8795,12093,5649,7767,5130,7054
PE,67,6063,9611,11173,7224,6573,8245,9584,5200,5639,7689,10572,8938,12290,5779,7946,5258,7230
PE,68,6212,9753,11354,7365,6734,8366,9740,5301,5777,7802,10728,9083,12489,5892,8102,5387,7407
PE,69,6350,9919,11531,7527,6885,8509,9892,5418,5906,7935,10911,9225,12684,6022,8280,5508,7574
PE,70,6491,9956,11559,7575,7037,8540,9916,5452,6036,7965,10951,9247,12715,6060,8332,5630,7741
PE,71,6645,10099,11802,7716,7204,8663,10124,5553,6180,8079,11109,9442,12982,6173,8488,5763,7924
PE,72,6820,10285,12076,7888,7393,8823,10359,5678,6342,8228,11314,9661,13284,6310,8677,5914,8132
PE,73,7013,10506,12385,8090,7603,9013,10624,5823,6522,8405,11557,9908,13624,6472,8899,6082,8363
PE,74,7228,10735,12638,8294,7836,9208,10841,5970,6722,8588,11808,10110,13902,6635,9123,6269,8620
PE,75,7407,10945,12942,8487,8031,9389,11102,6108,6889,8756,12039,10354,14236,6790,9336,6425,8834
PE,76,7624,11142,13265,8668,8265,9558,11379,6239,7090,8914,12256,10612,14592,6934,9535,6612,9092
PE,77,7850,11412,13613,8911,8511,9789,11678,6414,7301,9130,12553,10890,14974,7129,9802,6809,9362
PE,78,8097,11511,14026,9009,8778,9875,12032,6484,7530,9209,12663,11221,15429,7207,9910,7022,9656
PE,79,8388,11727,14472,9208,9094,10060,12414,6628,7801,9382,12900,11578,15919,7366,10129,7275,10003
PE,80,8703,12190,14869,9627,9436,10457,12755,6929,8094,9752,13409,11895,16356,7702,10590,7549,10380
PE,81,8986,12665,15259,10055,9742,10864,13089,7237,8357,10132,13932,12207,16785,8044,11060,7794,10716
PE,82,9266,13210,15767,10549,10045,11332,13526,7593,8617,10568,14531,12614,17344,8439,11604,8036,11050
PE,83,9623,13375,16356,10704,10433,11473,14031,7704,8950,10700,14712,13085,17992,8563,11774,8346,11476
PE,84,10033,13826,17141,11111,10877,11860,14704,7997,9331,11061,15209,13713,18855,8889,12222,8702,11965
PE,85,10564,14513,17983,11710,11453,12449,15427,8429,9824,11610,15964,14386,19781,9368,12881,9162,12598
PE,86,11139,14546,18955,11742,12077,12478,16261,8452,10360,11637,16001,15164,20850,9394,12916,9662,13285
PE,87,11802,15454,20056,12541,12795,13257,17204,9027,10976,12363,17000,16045,22062,10033,13795,10236,14075
PE,88,12552,15664,21330,12729,13608,13437,18297,9161,11673,12531,17231,17064,23463,10183,14002,10886,14969
PE,89,13417,16925,23216,13834,14546,14518,19916,9957,12478,13540,18617,18573,25538,11067,15217,11637,16001
PE,90,14676,18200,25359,14933,15911,15612,21754,10748,13649,14560,20020,20287,27895,11946,16426,12729,17502
PE,91,16108,18492,28060,15167,17464,15862,24071,10916,14981,14794,20341,22448,30866,12134,16684,13971,19210
PE,92,17918,20245,31208,16681,19427,17367,26771,12006,16665,16196,22270,24966,34329,13345,18349,15542,21370
PE,93,20047,22616,35371,18754,21735,19400,30343,13498,18645,18093,24878,28297,38908,15003,20629,17388,23909
PE,94,22846,26787,42637,22386,24768,22978,36575,16113,21247,21430,29465,34110,46901,17909,24625,19814,27245
PE,95,27705,31857,51649,26765,30036,27327,44306,19264,25766,25486,35043,41319,56814,21412,29442,24029,33040
PE,96,33765,40111,67382,33950,36606,34407,57802,24436,31402,32089,44122,53906,74120,27160,37345,29285,40267
PE,97,44459,57097,75499,48868,48200,48979,64765,35173,41348,45678,62807,60399,83049,39094,53755,38560,53020
PE,98,66352,127558,99656,110692,71935,109420,85488,79671,61708,102046,140314,79725,109622,88554,121761,57548,79128
PE,99,103393,86941,154631,74734,112093,74578,132647,53790,96157,69553,95635,123705,170094,59787,82207,89674,123302
PE,99.1,113684,95690,170006,82267,123250,82084,145837,59212,105728,76552,105259,136005,187007,65814,90494,98600,135575
PE,99.2,121047,101321,180842,87211,131233,86914,155132,62771,112575,81057,111453,144674,198926,69769,95932,104986,144356
PE,99.3,132511,103989,190146,94448,143662,89202,163113,67980,123237,83191,114388,152117,209161,75558,103893,114930,158028
PE,99.4,149145,112360,208293,105892,161695,96383,178681,76217,138707,89888,123595,166634,229122,84714,116481,129356,177864
PE,99.5,167755,117998,224029,118380,181871,101220,192179,85204,156015,94398,129798,179223,246432,94704,130218,145497,200058
PE,99.6,201863,134976,261798,141325,218849,115783,224578,101719,187736,107981,148473,209438,287978,113060,155458,175079,240734
PE,99.7,254931,162545,322100,177041,276384,139432,276308,127426,237091,130036,178800,257680,354310,141633,194745,221107,304022
PE,99.8,358781,214208,439030,245622,388972,183749,376614,176787,333673,171366,235629,351224,482933,196498,270184,311178,427869
PE,99.9,430119,245503,513905,292573,466313,210594,440844,210581,400018,196402,270053,411124,565296,234058,321830,373050,512944
PE,99.91,509652,287961,605763,346143,552539,247015,519643,249138,473985,230369,316757,484610,666339,276914,380757,442031,607793
PE,99.92,659307,365034,775421,446530,714787,313129,665181,321392,613167,292027,401537,620337,852963,357224,491183,571830,786266
PE,99.93,672880,366247,784300,454773,729502,314169,672797,327325,625790,292998,402872,627440,862730,363818,500250,583602,802452
PE,99.94,693734,371250,802885,466994,752111,318461,688740,336121,645185,297000,408375,642308,883174,373595,513693,601689,827322
PE,99.95,714332,375319,820157,479002,774442,321952,703557,344764,664341,300255,412851,656126,902173,383202,526902,619554,851886
PE,99.96,711254,368992,811887,475866,771106,316524,696462,342507,661479,295194,405891,649510,893076,380693,523453,616885,848217
PE,99.97,799430,401490,898386,532384,866701,344400,770664,383186,743484,321192,441639,718709,988225,425907,585622,693361,953371
PE,99.98,1457535,678557,1575366,964208,1580184,582071,1351399,693994,1355532,542846,746413,1260293,1732903,771366,1060629,1264147,1738202
PE,99.99,2145028,951391,2261099,1414627,2325530,816109,1939643,1018186,1994913,761113,1046530,1808879,2487209,1131702,1556090,1860424,2558083
PE,99.991,2230648,985582,2346759,1470742,2418354,845439,2013124,1058575,2074541,788466,1084140,1877407,2581435,1176594,1617816,1934683,2660189
PE,99.992,2232544,967360,2325455,1470327,2420410,829808,1994849,1058276,2076305,773888,1064096,1860364,2558000,1176262,1617360,1936328,2662451
PE,99.993,2234998,954153,2310304,1470866,2423071,818479,1981852,1058664,2078587,763322,1049568,1848243,2541334,1176693,1617953,1938457,2665378
PE,99.994,2239552,939180,2293792,1472737,2428007,805635,1967687,1060010,2082822,751344,1033098,1835034,2523171,1178190,1620011,1942406,2670808
PE,99.995,2243074,913355,2262737,1473501,2431826,783482,1941048,1060561,2086097,730684,1004691,1810190,2489011,1178801,1620851,1945461,2675009
PE,99.996,2246410,843800,2174398,1472745,2435442,723818,1865268,1060017,2089199,675040,928180,1739518,2391838,1178196,1620020,1948354,2678986
PE,99.997,2248237,819977,2144918,1472637,2437424,703382,1839979,1059939,2090900,655982,901975,1715934,2359410,1178110,1619901,1949939,2681166
PE,99.998,2258713,727586,2029471,1476161,2448781,624128,1740945,1062475,2100642,582069,800345,1623577,2232418,1180929,1623777,1959025,2693659
PE,99.999,2234809,316013,1468825,1454678,2422865,271078,1260005,1047012,2078411,252810,347615,1175060,1615708,1163742,1600146,1938292,2665152
JP,0,4965,12635,7126,10704,5573,11073,6245,9371,4884,10108,13899,5701,7839,8563,11774,4458,6130
JP,1,4965,12730,7248,10947,5573,11157,6352,9584,4884,10184,14003,5798,7973,8758,12042,4458,6130
JP,2,4965,13003,7270,11374,5573,11396,6371,9958,4884,10402,14303,5816,7997,9099,12511,4458,6130
JP,3,4965,13301,7372,11823,5573,11656,6461,10351,4884,10641,14631,5898,8109,9458,13005,4458,6130
JP,4,4965,13360,7502,12018,5573,11708,6575,10521,4884,10688,14696,6002,8252,9614,13220,4458,6130
JP,5,5149,13371,7634,12088,5780,11718,6690,10583,5065,10697,14708,6107,8397,9670,13297,4624,6358
JP,6,5535,13458,7692,12169,6213,11794,6741,10654,5445,10766,14804,6154,8461,9735,13386,4970,6834
JP,7,5937,13481,8127,12189,6664,11814,7122,10672,5840,10785,14829,6502,8940,9751,13408,5331,7330
JP,8,6348,13696,8568,12417,7126,12003,7509,10871,6245,10957,15066,6854,9425,9934,13659,5701,7839
JP,9,6511,13779,8669,12583,7309,12076,7598,11017,6405,11023,15157,6935,9536,10066,13841,5847,8040
JP,10,6766,13886,8895,12748,7595,12169,7796,11161,6656,11109,15275,7116,9784,10198,14023,6076,8354
JP,11,6939,14174,9032,13103,7788,12422,7915,11472,6825,11339,15592,7226,9935,10482,14413,6230,8567
JP,12,7369,14487,9504,13419,8272,12696,8329,11748,7249,11590,15935,7603,10454,10735,14761,6618,9099
JP,13,7802,14559,9975,13488,8758,12759,8742,11808,7675,11647,16015,7980,10972,10790,14837,7006,9634
JP,14,8237,14713,10447,13644,9245,12894,9155,11945,8102,11770,16184,8358,11492,10915,15008,7396,10170
JP,15,8673,14787,10917,13719,9736,12959,9567,12011,8532,11830,16266,8734,12009,10975,15091,7789,10710
JP,16,8895,14850,11124,13820,9985,13014,9749,12099,8750,11880,16335,8899,12236,11056,15202,7988,10984
JP,17,9021,14934,11211,13959,10126,13088,9825,12221,8874,11947,16427,8969,12332,11167,15355,8101,11139
JP,18,9175,14948,11338,14017,10299,13100,9936,12272,9026,11958,16443,9070,12472,11214,15419,8239,11329
JP,19,9476,14963,11616,14051,10636,13113,10180,12301,9321,11970,16459,9293,12778,11241,15456,8509,11700
JP,20,9503,14970,11644,14121,10667,13119,10205,12363,9348,11976,16467,9315,12808,11297,15533,8534,11734
JP,21,9895,15024,12040,14174,11108,13166,10551,12409,9735,12019,16526,9632,13244,11339,15591,8886,12219
JP,22,10038,15057,12161,14244,11268,13196,10658,12471,9875,12046,16563,9729,13377,11395,15668,9014,12395
JP,23,10233,15074,12346,14288,11487,13210,10820,12509,10067,12059,16581,9877,13581,11430,15717,9190,12636
JP,24,10304,15095,12384,14352,11566,13229,10853,12565,10136,12076,16604,9907,13622,11482,15787,9253,12723
JP,25,10741,15357,12862,14617,12057,13458,11272,12797,10567,12286,16893,10290,14148,11694,16079,9646,13263
JP,26,11053,15575,13188,14855,12408,13650,11557,13006,10874,12460,17133,10550,14507,11884,16341,9926,13649
JP,27,11455,15920,13622,15214,12859,13952,11938,13320,11269,12736,17512,10898,14984,12171,16735,10287,14145
JP,28,11761,16129,13940,15444,13202,14135,12216,13521,11570,12903,17742,11152,15334,12355,16988,10562,14522
JP,29,12200,16520,14415,15848,13694,14478,12633,13875,12002,13216,18172,11532,15857,12678,17433,10955,15063
JP,30,12351,16524,14552,15881,13864,14481,12753,13903,12150,13219,18176,11642,16007,12705,17469,11091,15250
JP,31,12597,16666,14802,16044,14140,14605,12972,14046,12392,13333,18332,11842,16282,12835,17648,11312,15554
JP,32,13131,17188,15390,16574,14740,15063,13488,14510,12918,13750,18907,12312,16929,13259,18231,11792,16214
JP,33,13450,17426,15725,16831,15097,15272,13781,14735,13231,13941,19169,12580,17298,13465,18514,12078,16607
JP,34,13800,17708,16098,17129,15490,15519,14108,14996,13575,14166,19479,12878,17708,13703,18842,12392,17039
JP,35,14176,18025,16502,17461,15912,15796,14462,15287,13945,14420,19827,13202,18152,13969,19207,12730,17503
JP,36,14465,18220,16801,17677,16236,15967,14724,15476,14229,14576,20042,13441,18481,14142,19445,12989,17860
JP,37,14613,18244,16938,17726,16403,15989,14844,15519,14375,14595,20068,13550,18632,14181,19499,13122,18043
JP,38,15236,18730,17627,18213,17102,16415,15448,15945,14988,14984,20603,14102,19390,14570,20034,13682,18812
JP,39,15280,18769,17645,18285,17151,16448,15464,16008,15031,15015,20645,14116,19410,14628,20114,13721,18866
JP,40,15400,18776,17755,18315,17286,16455,15560,16034,15149,15021,20653,14204,19530,14652,20146,13829,19015
JP,41,15468,18864,17804,18433,17363,16532,15603,16137,15216,15091,20750,14243,19584,14746,20276,13890,19099
JP,42,15740,18937,18090,18515,17668,16596,15854,16210,15484,15150,20830,14472,19899,14812,20366,14134,19435
JP,43,16171,19338,18558,18929,18151,16948,16264,16572,15907,15470,21272,14846,20414,15143,20822,14521,19966
JP,44,16357,19451,18747,19059,18360,17046,16430,16686,16090,15561,21396,14998,20622,15247,20965,14688,20196
JP,45,16652,19698,19061,19322,18693,17263,16705,16916,16382,15758,21668,15249,20967,15458,21254,14954,20562
JP,46,17009,20057,19452,19688,19093,17577,17048,17237,16733,16046,22062,15562,21397,15750,21657,15274,21002
JP,47,17324,20368,19795,20008,19446,17850,17348,17517,17042,16294,22405,15836,21774,16006,22009,15557,21391
JP,48,17543,20572,20029,20223,19691,18029,17553,17705,17257,16458,22629,16023,22032,16178,22245,15753,21660
JP,49,17724,20736,20221,20399,19895,18173,17721,17859,17436,16589,22810,16177,22243,16319,22439,15916,21884
JP,50,17864,20858,20366,20531,20052,18279,17849,17975,17573,16686,22944,16293,22403,16425,22584,16042,22057
JP,51,18131,21135,20657,20817,20353,18522,18104,18225,17837,16908,23248,16526,22723,16654,22899,16282,22388
JP,52,18349,21358,20892,21049,20596,18718,18310,18428,18050,17086,23494,16714,22981,16839,23154,16477,22656
JP,53,18589,21614,21154,21313,20865,18942,18539,18659,18286,17291,23776,16923,23269,17050,23444,16692,22952
JP,54,18826,21872,21411,21577,21132,19168,18765,18891,18519,17498,24059,17129,23552,17262,23735,16906,23245
JP,55,19064,22137,21673,21850,21400,19400,18994,19129,18755,17710,24350,17338,23840,17480,24035,17120,23540
JP,56,19421,22539,22068,22257,21799,19752,19340,19486,19105,18031,24792,17654,24275,17806,24483,17439,23979
JP,57,19532,22661,22184,22389,21924,19860,19441,19601,19214,18129,24927,17747,24402,17911,24628,17539,24116
JP,58,19578,22715,22227,22452,21976,19907,19479,19656,19259,18172,24987,17782,24450,17962,24697,17581,24174
JP,59,19682,22844,22337,22588,22093,20020,19576,19776,19362,18275,25128,17870,24571,18070,24847,17674,24302
JP,60,19909,23121,22588,22872,22348,20263,19796,20024,19586,18497,25434,18070,24847,18298,25159,17878,24583
JP,61,19939,23179,22616,22936,22382,20313,19820,20080,19615,18543,25496,18093,24878,18349,25230,17906,24620
JP,62,19990,23267,22667,23032,22438,20391,19865,20164,19665,18614,25594,18134,24934,18426,25335,17950,24682
JP,63,20111,23445,22801,23215,22575,20547,19982,20325,19784,18756,25789,18241,25081,18572,25537,18060,24833
JP,64,20261,23686,22969,23458,22743,20758,20130,20537,19932,18949,26054,18375,25266,18766,25804,18194,25017
JP,65,20303,23807,23016,23584,22790,20864,20171,20647,19973,19046,26188,18413,25318,18867,25942,18232,25069
JP,66,20456,24056,23190,23835,22962,21082,20323,20867,20123,19245,26462,18552,25509,19068,26219,18370,25258
JP,67,20501,24175,23238,23959,23012,21187,20366,20975,20168,19340,26593,18590,25562,19167,26355,18410,25313
JP,68,20512,24257,23248,24045,23024,21258,20374,21051,20178,19406,26682,18598,25573,19236,26450,18419,25326
JP,69,20577,24402,23320,24194,23098,21385,20437,21182,20242,19522,26842,18656,25652,19355,26613,18478,25408
JP,70,20619,24526,23366,24324,23145,21494,20477,21295,20283,19621,26979,18693,25703,19459,26756,18516,25460
JP,71,20649,24636,23398,24439,23179,21590,20506,21396,20314,19709,27099,18718,25738,19551,26883,18543,25497
JP,72,20673,24741,23422,24550,23205,21683,20527,21493,20336,19793,27215,18738,25764,19640,27005,18564,25526
JP,73,20695,24856,23446,24670,23230,21784,20548,21598,20358,19885,27342,18757,25791,19736,27137,18584,25553
JP,74,20699,24940,23448,24760,23235,21856,20550,21677,20362,19952,27434,18758,25793,19808,27236,18588,25559
JP,75,20703,25038,23451,24865,23238,21943,20552,21769,20366,20030,27542,18761,25796,19892,27352,18590,25562
JP,76,20720,25153,23468,24986,23258,22043,20567,21875,20383,20122,27668,18774,25815,19989,27485,18606,25584
JP,77,20721,25260,23468,25100,23259,22138,20567,21974,20383,20208,27787,18774,25815,20080,27610,18607,25585
JP,78,20801,25472,23559,25316,23349,22323,20647,22164,20462,20378,28019,18847,25915,20253,27848,18679,25684
JP,79,20832,25623,23593,25475,23384,22456,20676,22303,20493,20498,28186,18874,25952,20380,28023,18707,25722
JP,80,21370,26412,24200,26266,23987,23147,21209,22995,21022,21130,29053,19360,26620,21013,28893,19190,26386
JP,81,21406,26591,24242,26452,24029,23303,21245,23158,21058,21273,29250,19394,26666,21162,29097,19223,26432
JP,82,21547,26839,24392,26713,24187,23521,21377,23387,21197,21471,29523,19514,26831,21370,29384,19350,26606
JP,83,21873,27272,24745,27161,24552,23901,21686,23779,21517,21818,29999,19796,27220,21729,29877,19642,27007
JP,84,22305,27788,25213,27697,25038,24352,22096,24248,21943,22230,30566,20170,27734,22158,30467,20030,27542
JP,85,22862,28388,25812,28324,25662,24878,22621,24797,22490,22710,31226,20650,28393,22659,31156,20530,28228
JP,86,23664,29208,26677,29179,26563,25597,23379,25545,23279,23366,32129,21342,29345,23343,32097,21250,29219
JP,87,24977,30524,28101,30540,28036,26751,24627,26738,24571,24419,33576,22481,30911,24432,33594,22429,30840
JP,88,26665,32113,29925,32190,29930,28143,26225,28182,26231,25690,35325,23940,32918,25752,35409,23944,32923
JP,89,29004,34241,32450,34400,32556,30008,28439,30117,28532,27393,37665,25960,35695,27520,37840,26045,35812
JP,90,32691,37620,36447,37896,36695,32969,31942,33178,32159,30096,41382,29158,40092,30317,41686,29356,40364
JP,91,37135,41478,41243,41907,41683,36351,36145,36689,36530,33182,45626,32994,45367,33526,46098,33346,45851
JP,92,43142,46575,47720,47210,48427,40817,41821,41332,42440,37260,51232,38176,52492,37768,51931,38742,53270
JP,93,51344,53421,56559,54340,57633,46817,49568,47574,50509,42737,58764,45247,62215,43472,59774,46106,63396
JP,94,62612,62708,68697,64015,70281,54956,60205,56045,61593,50166,68979,54958,75567,51212,70416,56225,77309
JP,95,79014,76210,86372,78075,88691,66789,75695,68353,77728,60968,83831,69098,95009,62460,85882,70953,97560
JP,96,100645,90546,106505,96459,112972,79352,93339,84449,99007,72437,99600,85204,117156,77167,106105,90378,124269
JP,97,131600,102764,127509,122631,147720,90060,111746,107362,129459,82211,113041,102007,140260,98105,134894,118176,162492
JP,98,186317,131156,171161,168859,209138,114942,150003,147834,183285,104925,144271,136929,188277,135087,185745,167310,230052
JP,99,252611,169843,228149,224873,283553,148846,199946,196873,248501,135874,186827,182519,250964,179898,247360,226842,311908
JP,99.1,268927,178692,241772,238395,301867,156602,211885,208711,264551,142954,196561,193418,265949,190716,262234,241494,332054
JP,99.2,289976,190212,259343,255954,325495,166698,227284,224084,285258,152170,209233,207474,285277,204763,281549,260396,358044
JP,99.3,312710,202310,278048,274855,351013,177300,243676,240632,307622,161848,222541,222438,305853,219884,302340,280810,386114
JP,99.4,338910,215888,299300,296591,380421,189200,262301,259661,333395,172710,237477,239440,329230,237273,326250,304337,418463
JP,99.5,369388,231324,323656,321900,414633,202727,283646,281819,363377,185059,254456,258925,356022,257520,354090,331706,456096
JP,99.6,402929,247299,349635,349594,452282,216727,306414,306064,396372,197839,272029,279708,384599,279675,384553,361826,497510
JP,99.7,455562,272432,390202,393343,511363,238754,341966,344366,448149,217946,299676,312162,429222,314674,432677,409090,562499
JP,99.8,541627,313183,455986,465117,607970,274466,399618,407204,532814,250546,344501,364789,501585,372094,511629,486376,668767
JP,99.9,609360,348243,510692,521520,683999,305192,447562,456583,599444,278594,383067,408554,561761,417216,573672,547199,752399
JP,99.91,628002,357701,525935,536641,704924,313482,460920,469822,617783,286161,393472,420748,578528,429313,590305,563939,775416
JP,99.92,627185,356273,524927,535289,704007,312230,460037,468638,616980,285018,391900,419942,577420,428231,588818,563206,774408
JP,99.93,658253,372090,550314,560562,738881,326092,482286,490764,647543,297672,409299,440251,605345,448450,616618,591105,812769
JP,99.94,695944,391254,581071,591243,781188,342886,509240,517625,684620,313003,430379,464857,639178,472994,650367,624950,859307
JP,99.95,712131,398386,593851,603739,799358,349136,520441,528566,700544,318709,438224,475081,653236,482991,664113,639486,879294
JP,99.96,750458,416931,624689,634431,842381,365389,547466,555436,738248,333545,458624,499751,687158,507545,697874,673905,926619
JP,99.97,796198,429916,657510,665842,893722,376769,576231,582935,783243,343933,472908,526008,723261,532674,732426,714978,983094
JP,99.98,855290,421630,683547,698099,960052,369507,599049,611176,841373,337304,463793,546838,751902,558479,767909,768042,1056057
JP,99.99,895703,406492,691687,720826,1005416,356241,606182,631073,881129,325194,447141,553350,760856,576661,792909,804333,1105958
JP,99.991,912874,406023,699161,732328,1024691,355830,612732,641143,898021,324818,446625,559329,769077,585862,805561,819753,1127160
JP,99.992,924080,408172,705677,740609,1037269,357712,618443,648393,909044,326538,448989,564542,776245,592487,814670,829815,1140996
JP,99.993,931097,394086,698045,742463,1045145,345368,611754,650016,915947,315269,433494,558436,767850,593970,816709,836116,1149660
JP,99.994,944889,386205,697428,751093,1060626,338462,611213,657571,929514,308964,424826,557942,767171,600874,826202,848501,1166689
JP,99.995,958669,373266,692178,759480,1076094,327122,606613,664915,943070,298613,410592,553742,761396,607584,835428,860875,1183703
JP,99.996,976104,361557,689552,770581,1095665,316861,604312,674633,960222,289246,397713,551642,758507,616465,847639,876532,1205232
JP,99.997,993048,355218,691193,782056,1114684,311305,605749,684679,976890,284174,390739,552954,760312,625645,860262,891747,1226152
JP,99.998,1026988,314885,668995,804002,1152781,275958,586295,703893,1010277,251908,346373,535196,735895,643202,884402,922225,1268059
JP,99.999,1072162,177193,560332,831855,1203489,155288,491065,728277,1054716,141754,194913,448266,616365,665484,915041,962791,1323838
AU,0,6791,14273,8820,12558,6934,12395,7660,10665,6022,11268,15775,6963,9748,9914,13880,5474,7664
AU,1,6791,14333,8839,12639,6934,12447,7677,10734,6022,11316,15841,6978,9769,9978,13969,5474,7664
AU,2,6791,14395,8860,12723,6934,12502,7695,10806,6022,11364,15910,6995,9793,10044,14062,5474,7664
AU,3,6791,14459,8882,12809,6934,12557,7713,10878,6022,11415,15981,7012,9817,10112,14157,5474,7664
AU,4,6791,14520,8901,12892,6934,12610,7731,10949,6022,11463,16049,7027,9838,10178,14249,5474,7664
AU,5,7049,14741,9132,13068,7197,12802,7931,11099,6250,11638,16293,7209,10093,10317,14444,5682,7955
AU,6,7593,15119,9683,13460,7751,13130,8409,11431,6732,11936,16710,7644,10702,10626,14877,6119,8567
AU,7,8160,15463,10256,13820,8331,13429,8907,11737,7235,12208,17091,8097,11336,10911,15275,6577,9208
AU,8,8741,15497,10838,13870,8924,13458,9412,11779,7750,12234,17128,8556,11979,10950,15330,7045,9863
AU,9,8995,15552,11015,14011,9183,13506,9566,11899,7975,12278,17189,8696,12174,11061,15486,7250,10150
AU,10,9330,15628,11293,14154,9525,13573,9808,12021,8272,12338,17273,8916,12482,11174,15644,7520,10528
AU,11,9591,15861,11504,14449,9792,13775,9991,12271,8504,12522,17531,9082,12715,11407,15970,7731,10823
AU,12,10188,15928,12120,14515,10401,13833,10526,12327,9032,12575,17605,9568,13396,11459,16043,8211,11496
AU,13,10784,16390,12735,14982,11010,14234,11060,12724,9562,12939,18115,10054,14076,11828,16559,8692,12169
AU,14,11381,16847,13349,15446,11619,14631,11593,13118,10090,13300,18621,10539,14754,12194,17072,9173,12842
AU,15,11977,17301,13963,15906,12229,15025,12126,13508,10620,13659,19122,11023,15433,12557,17580,9654,13516
AU,16,12375,17407,14356,16031,12634,15118,12468,13615,10972,13742,19240,11334,15867,12656,17718,9974,13964
AU,17,12589,17502,14536,16165,12852,15200,12624,13729,11162,13817,19344,11476,16066,12762,17867,10146,14205
AU,18,12744,17529,14651,16237,13011,15223,12724,13790,11300,13839,19374,11567,16193,12819,17946,10272,14381
AU,19,13153,17573,15045,16294,13428,15261,13066,13838,11662,13873,19423,11878,16629,12864,18009,10601,14841
AU,20,13162,17666,15060,16414,13437,15343,13079,13940,11670,13947,19526,11889,16645,12958,18142,10608,14851
AU,21,13584,18019,15498,16753,13867,15649,13459,14228,12043,14226,19916,12235,17129,13226,18516,10948,15327
AU,22,13715,18127,15628,16867,14002,15743,13573,14325,12161,14311,20035,12338,17273,13316,18642,11054,15476
AU,23,13898,18280,15813,17025,14189,15876,13733,14459,12323,14432,20204,12484,17478,13441,18817,11202,15683
AU,24,14317,18631,16250,17359,14617,16180,14112,14743,12694,14709,20592,12829,17961,13704,19186,11540,16156
AU,25,14329,18738,16266,17496,14630,16274,14127,14859,12705,14793,20711,12842,17978,13813,19338,11550,16170
AU,26,14725,19004,16667,17757,15034,16504,14475,15081,13056,15003,21004,13158,18421,14019,19626,11869,16617
AU,27,15156,19390,17117,18142,15473,16839,14865,15407,13438,15308,21431,13513,18919,14323,20052,12216,17102
AU,28,15552,19711,17525,18468,15877,17118,15219,15685,13789,15561,21786,13836,19370,14580,20412,12534,17548
AU,29,16003,20134,17999,18886,16338,17486,15632,16040,14189,15895,22254,14210,19894,14910,20874,12898,18058
AU,30,16169,20154,18146,18931,16507,17503,15759,16077,14336,15911,22276,14326,20056,14946,20924,13032,18245
AU,31,16612,20556,18609,19331,16961,17853,16161,16417,14730,16228,22720,14691,20568,15261,21366,13390,18746
AU,32,17178,21088,19206,19856,17537,18314,16679,16863,15231,16648,23308,15163,21228,15676,21946,13845,19383
AU,33,17757,21587,19810,20354,18128,18747,17204,17286,15744,17042,23859,15639,21895,16069,22497,14312,20036
AU,34,18234,22028,20310,20792,18616,19130,17638,17658,16167,17391,24346,16034,22448,16415,22981,14697,20576
AU,35,18783,22535,20887,21294,19176,19571,18139,18084,16654,17791,24907,16490,23086,16811,23535,15139,21195
AU,36,19278,22881,21387,21654,19681,19872,18574,18390,17093,18064,25290,16884,23638,17095,23933,15538,21753
AU,37,19739,23201,21852,21988,20153,20150,18978,18674,17502,18317,25644,17252,24152,17359,24303,15910,22274
AU,38,20361,23756,22505,22540,20788,20631,19544,19142,18054,18755,26256,17767,24874,17795,24913,16412,22976
AU,39,20574,23824,22701,22630,21004,20690,19715,19219,18241,18808,26332,17922,25091,17866,25012,16582,23215
AU,40,20780,23877,22890,22708,21215,20736,19879,19285,18424,18850,26390,18071,25299,17927,25098,16749,23448
AU,41,20977,23928,23070,22782,21415,20781,20035,19348,18599,18891,26447,18213,25498,17986,25180,16907,23669
AU,42,21532,24356,23639,23220,21983,21153,20530,19720,19091,19228,26920,18662,26127,18332,25664,17355,24297
AU,43,22157,24861,24283,23729,22621,21591,21089,20152,19645,19627,27478,19171,26839,18733,26227,17859,25002
AU,44,22618,25160,24745,24045,23091,21851,21490,20421,20053,19863,27809,19536,27350,18983,26576,18230,25522
AU,45,23276,25750,25433,24632,23764,22363,22088,20920,20638,20329,28460,20079,28110,19446,27225,18761,26265
AU,46,23929,26365,26122,25240,24430,22897,22686,21436,21217,20814,29140,20623,28872,19926,27897,19287,27002
AU,47,24627,27024,26856,25893,25142,23470,23323,21990,21835,21335,29869,21202,29683,20442,28619,19849,27789
AU,48,25321,27678,27587,26539,25852,24037,23958,22539,22451,21851,30591,21779,30491,20952,29333,20409,28573
AU,49,25966,28304,28267,27158,26509,24581,24549,23064,23022,22345,31283,22316,31242,21441,30017,20928,29299
AU,50,26289,28573,28595,27434,26838,24814,24833,23299,23308,22558,31580,22575,31605,21658,30322,21188,29663
AU,51,27078,29345,29429,28196,27644,25485,25558,23946,24008,23167,32434,23233,32527,22260,31164,21824,30554
AU,52,27824,30074,30217,28914,28407,26118,26242,24556,24670,23743,33239,23856,33398,22827,31958,22427,31397
AU,53,28525,30747,30954,29581,29121,26703,26882,25122,25291,24274,33983,24437,34212,23353,32695,22990,32186
AU,54,29157,31349,31617,30179,29767,27225,27459,25630,25852,24749,34649,24961,34945,23826,33356,23500,32900
AU,55,29819,32002,32315,30825,30444,27793,28065,26179,26439,25265,35371,25512,35717,24336,34070,24035,33649
AU,56,30491,32635,33018,31456,31129,28342,28675,26715,27034,25764,36070,26067,36494,24834,34767,24576,34406
AU,57,30932,33003,33468,31833,31579,28662,29066,27035,27425,26055,36477,26422,36991,25131,35184,24931,34903
AU,58,31303,33333,33847,32170,31958,28949,29395,27321,27754,26316,36842,26721,37410,25397,35556,25230,35322
AU,59,31680,33630,34229,32477,32343,29207,29727,27582,28089,26550,37170,27023,37832,25640,35896,25534,35748
AU,60,31773,33644,34302,32514,32439,29218,29790,27614,28172,26561,37185,27081,37913,25669,35937,25610,35854
AU,61,32042,33818,34565,32705,32712,29370,30018,27776,28409,26698,37378,27288,38203,25820,36148,25825,36155
AU,62,32232,33973,34751,32872,32907,29504,30180,27918,28579,26821,37549,27435,38409,25952,36332,25979,36371
AU,63,32532,34201,35049,33114,33213,29702,30439,28123,28844,27001,37801,27670,38738,26143,36600,26221,36709
AU,64,32911,34522,35433,33445,33599,29981,30772,28404,29180,27254,38156,27973,39163,26404,36966,26526,37136
AU,65,33178,34715,35695,33654,33872,30149,31000,28582,29416,27407,38370,28180,39452,26569,37197,26741,37437
AU,66,33649,35119,36177,34068,34354,30500,31418,28933,29835,27726,38816,28561,39985,26896,37654,27122,37970
AU,67,34158,35589,36702,34542,34873,30907,31874,29336,30286,28097,39335,28975,40565,27270,38178,27531,38544
AU,68,34625,36005,37179,34968,35350,31269,32289,29697,30700,28425,39795,29352,41093,27606,38649,27908,39071
AU,69,35297,36615,37874,35583,36036,31799,32893,30219,31296,28907,40469,29901,41861,28092,39329,28449,39829
AU,70,36100,37342,38707,36313,36856,32430,33616,30840,32008,29481,41272,30558,42781,28668,40135,29097,40736
AU,71,36942,38144,39586,37116,37716,33127,34379,31521,32755,30114,42159,31252,43753,29302,41023,29776,41686
AU,72,37957,39101,40645,38071,38752,33958,35298,32332,33655,30869,43217,32088,44923,30056,42078,30594,42831
AU,73,38987,40057,41717,39028,39802,34788,36230,33146,34567,31624,44274,32934,46108,30812,43136,31423,43992
AU,74,40181,41188,42966,40155,41023,35770,37314,34103,35627,32517,45524,33921,47489,31701,44382,32387,45341
AU,75,41324,42264,44158,41231,42188,36705,38350,35017,36639,33366,46713,34862,48806,32551,45571,33306,46629
AU,76,42601,43460,45491,42427,43492,37744,39507,36032,37772,34311,48035,35914,50280,33495,46893,34336,48070
AU,77,43913,44691,46858,43657,44833,38813,40695,37077,38936,35282,49396,36993,51790,34466,48252,35394,49552
AU,78,45202,45878,48199,44847,46149,39844,41859,38088,40078,36219,50708,38052,53273,35406,49568,36433,51007
AU,79,46568,47125,49618,46099,47543,40926,43091,39151,41289,37204,52085,39172,54841,36394,50952,37534,52548
AU,80,48449,48912,51584,47880,49463,42478,44799,40663,42957,38615,54061,40724,57014,37800,52920,39050,54670
AU,81,49683,50027,52860,49005,50723,43447,45907,41619,44051,39495,55293,41732,58424,38688,54163,40044,56062
AU,82,50890,51148,54108,50136,51954,44420,46991,42579,45121,40380,56532,42717,59804,39581,55413,41016,57423
AU,83,52199,52346,55461,51346,53291,45461,48166,43606,46282,41326,57856,43785,61299,40536,56751,42072,58901
AU,84,53471,53507,56772,52520,54591,46469,49305,44604,47410,42242,59139,44820,62748,41463,58048,43098,60337
AU,85,54650,54590,57985,53620,55794,47409,50358,45538,48455,43097,60336,45778,64089,42332,59264,44048,61667
AU,86,55770,55585,59129,54637,56937,48274,51351,46402,49448,43883,61436,46681,65353,43134,60388,44950,62930
AU,87,57306,57007,60714,56076,58505,49509,52728,47624,50810,45006,63008,47932,67105,44271,61979,46188,64663
AU,88,58620,58096,62050,57197,59847,50454,53888,48576,51975,45865,64211,48987,68582,45156,63218,47248,66147
AU,89,60040,59281,63495,58415,61296,51484,55143,49611,53234,46801,65521,50128,70179,46117,64564,48392,67748
AU,90,62382,61378,65911,60537,63688,53305,57241,51413,55311,48456,67839,52035,72849,47792,66909,50280,70392
AU,91,63806,62739,67369,61925,65142,54487,58508,52591,56573,49531,69343,53186,74460,48888,68443,51428,71999
AU,92,65643,64323,69242,63549,67018,55862,60134,53970,58202,50781,71093,54665,76531,50170,70238,52909,74073
AU,93,67773,66153,71414,65425,69191,57451,62020,55564,60090,52226,73116,56379,78931,51651,72312,54624,76474
AU,94,70693,68930,74426,68235,72173,59863,64636,57950,62679,54418,76186,58757,82260,53870,75418,56979,79770
AU,95,76111,73439,79996,72815,77704,63779,69473,61840,67483,57978,81169,63155,88417,57486,80480,61345,85883
AU,96,82351,78625,86404,78087,84075,68283,75039,66318,73016,62072,86901,68214,95499,61648,86307,66375,92925
AU,97,93854,87548,98209,87172,95819,76033,85291,74033,83215,69117,96764,77533,108547,68820,96348,75647,105905
AU,98,121289,100938,117606,109650,123828,87661,102136,93123,107540,79688,111563,92847,129986,86566,121192,97759,136863
AU,99,163271,121168,147250,143824,166688,105230,127881,122146,144762,95659,133922,116250,162750,113545,158963,131596,184234
AU,99.1,173506,126398,155140,151790,177138,109773,134733,128911,153838,99788,139703,122479,171471,119834,167768,139846,195784
AU,99.2,186542,132424,164846,161635,190446,115006,143163,137273,165395,104545,146364,130142,182198,127607,178649,150352,210493
AU,99.3,201839,141012,176819,174141,206064,122464,153561,147894,178959,111325,155855,139594,195432,137480,192472,162682,227755
AU,99.4,218887,150595,190032,188223,223468,130787,165036,159853,194074,118891,166447,150025,210035,148597,208036,176422,246991
AU,99.5,244573,165845,211187,209005,249692,144030,183408,177503,216849,130930,183302,166727,233417,165004,231006,197125,275975
AU,99.6,272644,179839,233384,229935,278351,156184,202685,195278,241737,141978,198770,184251,257951,181528,254139,219751,307651
AU,99.7,318828,196055,267002,260382,325501,170267,231881,221136,282686,154780,216692,210791,295107,205565,287791,256974,359764
AU,99.8,404210,224020,324902,318912,412670,194554,282166,270844,358389,176858,247601,256502,359102,251773,352482,325792,456109
AU,99.9,489381,258054,387615,378532,499624,224111,336630,321478,433906,203727,285218,306012,428417,298841,418377,394440,552216
AU,99.91,513605,267842,405777,395270,524355,232611,352402,335693,455383,211454,296036,320350,448490,312055,436877,413964,579550
AU,99.92,521281,270767,411432,400497,532192,235152,357314,340132,462190,213763,299269,324815,454741,316182,442655,420152,588212
AU,99.93,559706,283800,438966,425801,571421,246470,381226,361622,496259,224053,313673,346552,485173,336159,470622,451122,631571
AU,99.94,610245,307012,477492,462918,623019,266629,414685,393145,541069,242378,339329,376967,527754,365462,511646,491857,688600
AU,99.95,649667,325866,507842,492329,663265,283003,441042,418123,576021,257263,360168,400928,561299,388681,544153,523630,733082
AU,99.96,725323,337544,552258,537834,740505,293145,479616,456769,643101,266482,373075,435993,610390,424606,594448,584609,818453
AU,99.97,864534,389274,649361,636768,882629,338071,563946,540791,766531,307322,430250,512653,717715,502712,703796,696812,975537
AU,99.98,1144260,470654,827865,829403,1168211,408746,718971,704391,1014549,371569,520196,653578,915009,654792,916709,922272,1291181
AU,99.99,1427020,551710,1004588,1026651,1456888,479141,872448,871909,1265254,435561,609785,793096,1110334,810514,1134720,1150175,1610245
AU,99.991,1524098,579314,1064632,1094777,1555998,503114,924594,929766,1351328,457353,640295,840499,1176699,864298,1210017,1228419,1719787
AU,99.992,1623920,612039,1129922,1165656,1657910,531535,981296,989962,1439834,483189,676464,892044,1248861,920255,1288357,1308876,1832427
AU,99.993,1747902,647250,1206307,1252922,1784488,562114,1047633,1064075,1549762,510987,715382,952348,1333287,989149,1384809,1408806,1972329
AU,99.994,1920496,693390,1309912,1374230,1960694,602185,1137611,1167099,1702791,547413,766379,1034141,1447797,1084918,1518886,1547916,2167083
AU,99.995,2155016,737682,1435729,1535468,2200123,640652,1246878,1304034,1910727,582381,815333,1133470,1586858,1212212,1697096,1736939,2431715
AU,99.996,2526779,853077,1673368,1798427,2579666,740868,1453259,1527358,2240346,673482,942874,1321080,1849512,1419811,1987735,2036578,2851210
AU,99.997,3119050,1040619,2054886,2218171,3184335,903742,1784593,1883836,2765478,821541,1150158,1622278,2271190,1751188,2451663,2513949,3519528
AU,99.998,4580885,1505220,2997694,3254751,4676766,1307232,2603388,2764178,4061601,1188332,1663664,2366601,3313241,2569540,3597356,3692184,5169057
AU,99.999,30206465,4078703,14227661,21110074,30838713,3542213,12356205,17928254,26782299,3220029,4508040,11232364,15725310,16665848,23332187,24346352,34084893
KR,0,3232,6329,3926,5714,3440,5493,3407,5031,2985,5063,6962,3141,4319,4571,6285,2752,3784
KR,1,3232,6522,3964,5956,3440,5660,3440,5244,2985,5218,7175,3171,4360,4765,6552,2752,3784
KR,2,3232,6581,4002,6059,3440,5711,3473,5335,2985,5265,7239,3202,4402,4847,6665,2752,3784
KR,3,3232,6710,4038,6238,3440,5823,3504,5492,2985,5368,7381,3230,4442,4990,6862,2752,3784
KR,4,3232,6888,4071,6469,3440,5977,3532,5696,2985,5510,7577,3257,4478,5175,7116,2752,3784
KR,5,3465,7049,4170,6626,3688,6117,3618,5834,3200,5639,7754,3336,4587,5301,7289,2950,4057
KR,6,3956,7284,4717,6807,4210,6321,4093,5993,3654,5827,8013,3774,5189,5446,7488,3368,4631
KR,7,4467,7978,5278,7479,4753,6923,4580,6585,4125,6382,8776,4222,5806,5983,8227,3802,5228
KR,8,4991,8651,5847,8135,5312,7508,5074,7162,4610,6921,9516,4678,6432,6508,8948,4250,5843
KR,9,5525,9206,6420,8673,5881,7989,5571,7635,5103,7365,10127,5136,7062,6938,9540,4705,6469
KR,10,5625,9302,6486,8812,5987,8072,5629,7758,5196,7442,10232,5189,7135,7050,9693,4790,6586
KR,11,6173,9918,7081,9404,6570,8607,6145,8280,5701,7934,10909,5665,7789,7523,10344,5256,7227
KR,12,6726,10620,7678,10091,7159,9216,6663,8884,6212,8496,11682,6142,8446,8073,11100,5727,7875
KR,13,7284,11312,8277,10772,7752,9817,7183,9484,6727,9050,12443,6622,9105,8618,11849,6202,8527
KR,14,7844,11994,8877,11444,8349,10408,7703,10075,7245,9595,13193,7102,9765,9155,12588,6679,9184
KR,15,8407,12665,9476,12108,8948,10991,8223,10660,7765,10132,13932,7581,10424,9686,13319,7158,9843
KR,16,8875,13186,9966,12628,9446,11443,8649,11118,8197,10549,14504,7973,10963,10102,13891,7557,10391
KR,17,9460,13871,10587,13308,10069,12037,9187,11716,8738,11097,15258,8470,11646,10646,14639,8055,11076
KR,18,9796,14181,10925,13628,10426,12306,9481,11998,9047,11345,15599,8740,12018,10902,14991,8341,11469
KR,19,9950,14228,11062,13696,10590,12347,9600,12058,9190,11382,15650,8850,12168,10957,15066,8472,11649
KR,20,10129,14313,11227,13801,10781,12421,9743,12151,9356,11450,15745,8982,12350,11041,15181,8625,11859
KR,21,10544,14760,11657,14251,11222,12808,10116,12547,9738,11808,16235,9326,12823,11401,15676,8978,12344
KR,22,10717,14868,11821,14376,11407,12902,10258,12657,9899,11894,16354,9457,13003,11501,15814,9126,12548
KR,23,11228,15443,12355,14951,11950,13402,10722,13163,10370,12354,16987,9884,13591,11961,16446,9560,13145
KR,24,11696,15956,12844,15468,12449,13847,11146,13618,10803,12765,17552,10275,14128,12374,17015,9959,13694
KR,25,12260,16594,13434,16106,13049,14400,11658,14180,11323,13275,18253,10747,14777,12885,17717,10439,14354
KR,26,12707,17058,13895,16578,13525,14803,12058,14596,11737,13646,18764,11116,15285,13262,18236,10820,14878
KR,27,13188,17562,14391,17090,14036,15241,12488,15046,12180,14050,19319,11513,15830,13672,18799,11229,15440
KR,28,13712,18122,14934,17656,14594,15726,12960,15544,12665,14498,19934,11947,16427,14125,19422,11675,16053
KR,29,14308,18771,15554,18310,15229,16290,13497,16120,13216,15017,20648,12443,17109,14648,20141,12183,16752
KR,30,14714,19166,15965,18716,15660,16632,13854,16478,13590,15333,21082,12772,17562,14973,20588,12528,17226
KR,31,15148,19581,16405,19146,16123,16993,14236,16856,13992,15665,21539,13124,18046,15317,21061,12898,17735
KR,32,15770,20234,17048,19808,16785,17559,14794,17439,14566,16187,22258,13638,18753,15846,21789,13428,18464
KR,33,16341,20815,17632,20400,17393,18063,15301,17960,15093,16652,22897,14106,19395,16320,22440,13914,19132
KR,34,16811,21263,18109,20863,17893,18452,15715,18368,15527,17010,23389,14487,19920,16690,22949,14314,19682
KR,35,17379,21830,18689,21444,18497,18945,16218,18880,16052,17464,24013,14951,20558,17155,23588,14798,20347
KR,36,17957,22408,19279,22035,19112,19446,16730,19400,16585,17926,24649,15423,21207,17628,24239,15290,21023
KR,37,18327,22723,19645,22369,19506,19719,17048,19694,16927,18178,24995,15716,21610,17895,24606,15605,21457
KR,38,18968,23368,20300,23028,20188,20279,17617,20274,17519,18694,25704,16240,22330,18422,25331,16150,22207
KR,39,19509,23886,20848,23564,20764,20728,18092,20746,18019,19109,26274,16678,22933,18851,25920,16611,22840
KR,40,19772,24061,21098,23761,21044,20880,18309,20919,18262,19249,26467,16878,23208,19009,26137,16835,23148
KR,41,20266,24524,21596,24242,21570,21282,18741,21343,18718,19619,26976,17277,23756,19394,26666,17256,23727
KR,42,20659,24863,21985,24601,21989,21576,19078,21659,19082,19890,27349,17588,24184,19681,27061,17591,24188
KR,43,21302,25502,22640,25257,22672,22131,19647,22237,19675,20402,28052,18112,24904,20206,27783,18138,24939
KR,44,21695,25841,23029,25617,23090,22425,19984,22554,20038,20673,28425,18423,25332,20494,28179,18472,25399
KR,45,22202,26317,23538,26113,23630,22838,20426,22990,20506,21054,28949,18830,25892,20890,28724,18904,25993
KR,46,22816,26919,24162,26733,24284,23360,20967,23536,21074,21535,29611,19330,26578,21386,29406,19427,26712
KR,47,23174,27218,24514,27053,24665,23620,21273,23818,21404,21774,29940,19611,26965,21642,29758,19732,27132
KR,48,23729,27750,25073,27606,25256,24082,21758,24304,21917,22200,30525,20058,27580,22085,30367,20205,27782
KR,49,24078,28043,25415,27920,25627,24336,22055,24581,22239,22434,30847,20332,27957,22336,30712,20502,28190
KR,50,24366,28266,25692,28165,25934,24529,22296,24797,22505,22613,31093,20554,28261,22532,30982,20747,28527
KR,51,24839,28707,26166,28626,26437,24912,22707,25203,22942,22966,31577,20933,28783,22901,31489,21150,29081
KR,52,25119,28925,26436,28866,26736,25101,22941,25414,23201,23140,31817,21149,29080,23093,31753,21389,29410
KR,53,25573,29342,26887,29305,27218,25463,23333,25800,23620,23474,32276,21510,29576,23444,32236,21774,29940
KR,54,25950,29669,27259,29655,27620,25747,23655,26108,23969,23735,32636,21807,29985,23724,32621,22096,30382
KR,55,26306,29970,27606,29978,27998,26008,23956,26393,24297,23976,32967,22085,30367,23982,32976,22398,30798
KR,56,26794,30055,28093,30065,28517,26082,24379,26469,24747,24044,33061,22474,30902,24052,33072,22814,31369
KR,57,26959,30225,28240,30263,28693,26229,24506,26643,24899,24180,33247,22592,31064,24210,33289,22954,31562
KR,58,27197,30244,28464,30297,28947,26246,24701,26674,25120,24195,33268,22771,31310,24238,33327,23158,31842
KR,59,27595,30363,28837,30427,29371,26349,25025,26788,25488,24290,33399,23070,31721,24342,33470,23497,32308
KR,60,27603,30400,28855,30496,29378,26381,25040,26849,25494,24320,33440,23084,31741,24397,33546,23502,32316
KR,61,27950,30420,29174,30525,29749,26399,25317,26874,25816,24336,33462,23339,32091,24420,33578,23799,32724
KR,62,28067,30472,29270,30602,29873,26444,25400,26942,25923,24378,33519,23416,32197,24482,33662,23898,32860
KR,63,28247,30501,29426,30651,30065,26469,25536,26986,26090,24401,33551,23541,32369,24521,33716,24052,33072
KR,64,28284,30522,29432,30699,30104,26487,25541,27028,26124,24418,33574,23546,32375,24559,33769,24083,33114
KR,65,28290,30614,29445,30825,30110,26567,25552,27139,26129,24491,33675,23556,32390,24660,33908,24088,33121
KR,66,28445,30664,29563,30897,30275,26610,25655,27202,26273,24531,33730,23650,32519,24718,33987,24220,33302
KR,67,28580,30678,29673,30934,30419,26623,25750,27234,26397,24542,33746,23738,32640,24747,34027,24335,33461
KR,68,28597,30768,29679,31056,30437,26701,25755,27342,26413,24614,33845,23743,32647,24845,34162,24350,33481
KR,69,28667,30889,29722,31206,30512,26806,25792,27474,26478,24711,33978,23778,32694,24965,34327,24410,33563
KR,70,28896,30902,29936,31235,30755,26817,25978,27500,26689,24722,33992,23949,32930,24988,34358,24604,33830
KR,71,29045,31003,30056,31361,30914,26905,26083,27611,26827,24802,34103,24045,33062,25089,34497,24731,34005
KR,72,29060,31004,30058,31388,30930,26906,26084,27635,26841,24803,34105,24046,33064,25110,34527,24744,34023
KR,73,29082,31008,30066,31419,30952,26909,26091,27662,26860,24806,34109,24053,33073,25135,34561,24762,34047
KR,74,29143,31091,30096,31532,31018,26981,26117,27761,26918,24873,34200,24077,33106,25226,34685,24814,34120
KR,75,29169,31141,30098,31611,31046,27024,26119,27830,26941,24913,34255,24078,33108,25289,34772,24837,34151
KR,76,29212,31150,30112,31646,31091,27032,26131,27861,26981,24920,34265,24090,33123,25317,34811,24873,34200
KR,77,29232,31169,30117,31695,31112,27049,26135,27905,26999,24935,34286,24094,33129,25356,34864,24890,34223
KR,78,29343,31183,30152,31735,31231,27061,26165,27940,27102,24946,34302,24122,33167,25388,34908,24985,34354
KR,79,29344,31185,30162,31767,31232,27062,26174,27968,27103,24948,34303,24130,33178,25414,34944,24986,34355
KR,80,29348,31189,30174,31803,31236,27066,26185,28000,27107,24951,34308,24139,33191,25442,34983,24989,34360
KR,81,29386,31206,30200,31851,31276,27081,26207,28042,27141,24965,34327,24160,33220,25481,35036,25021,34404
KR,82,29454,31211,30204,31887,31349,27085,26210,28073,27205,24969,34333,24163,33224,25510,35076,25079,34484
KR,83,29503,31220,30224,31928,31400,27093,26228,28109,27249,24976,34342,24179,33246,25542,35121,25120,34540
KR,84,29599,31236,30292,31975,31503,27107,26287,28151,27338,24989,34360,24234,33321,25580,35172,25202,34653
KR,85,29644,31249,30307,32021,31550,27118,26301,28192,27379,24999,34374,24246,33338,25617,35223,25240,34705
KR,86,29687,31262,30320,32070,31597,27129,26311,28235,27419,25010,34388,24256,33352,25656,35277,25278,34757
KR,87,30007,31300,30561,32137,31938,27163,26521,28293,27716,25040,34430,24449,33617,25710,35351,25550,35132
KR,88,30008,31319,30583,32194,31939,27179,26540,28344,27716,25055,34451,24466,33641,25755,35413,25551,35133
KR,89,30020,31327,30615,32241,31951,27186,26567,28385,27727,25062,34460,24492,33676,25793,35465,25561,35146
KR,90,31347,31395,31875,32312,33364,27245,27661,28448,28953,25116,34535,25500,35062,25850,35543,26691,36700
KR,91,33492,33137,34020,34134,35647,28756,29522,30052,30935,26510,36450,27216,37422,27307,37547,28518,39212
KR,92,36588,35990,37123,37115,38942,31232,32215,32676,33794,28792,39589,29698,40835,29692,40826,31154,42836
KR,93,40942,40028,41491,41328,43576,34737,36006,36386,37815,32022,44031,33193,45640,33062,45461,34861,47934
KR,94,47248,45894,47823,47444,50288,39827,41500,41770,43640,36715,50484,38258,52605,37955,52188,40230,55317
KR,95,57868,55785,58493,57748,61591,48411,50759,50842,53448,44628,61364,46794,64342,46198,63523,49273,67750
KR,96,72034,68872,72704,71405,76669,59767,63092,62865,66533,55098,75759,58163,79974,57124,78546,61335,84336
KR,97,95398,89483,95830,93254,101535,77654,83161,82102,88112,71586,98432,76664,105413,74603,102579,81228,111689
KR,98,137531,111616,125917,129949,146378,96861,109270,114408,127026,89293,122777,100734,138509,103959,142944,117102,161016
KR,99,188941,137226,162687,173181,201096,119086,141179,152470,174510,109781,150949,130150,178956,138545,190499,160877,221206
KR,99.1,200954,142655,171245,182733,213882,123797,148605,160880,185606,114124,156920,136996,188370,146186,201006,171106,235270
KR,99.2,216278,149477,182031,194958,230192,129717,157965,171643,199759,119582,164425,145625,200234,155966,214454,184154,253211
KR,99.3,234398,158948,196185,209306,249478,137936,170249,184276,216496,127158,174843,156948,215804,167445,230237,199582,274426
KR,99.4,257229,170633,213853,227313,273778,148076,185580,200128,237583,136506,187696,171082,235238,181850,250044,219022,301156
KR,99.5,288722,186585,237977,252253,307296,161920,206516,222086,266670,149268,205244,190382,261775,201802,277478,245837,338026
KR,99.6,331692,207227,270132,285960,353032,179833,234420,251762,306359,165782,227950,216106,297145,228768,314556,282426,388335
KR,99.7,411224,244271,328469,348458,437680,211980,285044,306786,379816,195417,268698,262775,361316,278766,383304,350144,481448
KR,99.8,591734,323502,457637,488857,629803,280738,397135,430395,546540,258802,355853,366110,503401,391086,537743,503842,692783
KR,99.9,791008,413561,604465,641776,841898,358891,524552,565027,730594,330849,454917,483572,664912,513421,705954,673518,926088
KR,99.91,850116,438820,647427,686267,904808,380811,561834,604197,785188,351056,482702,517942,712170,549014,754894,723846,995289
KR,99.92,902004,458889,684076,724305,960034,398227,593638,637686,833113,367111,504778,547261,752484,579444,796736,768027,1056037
KR,99.93,1005573,501599,757937,802232,1070266,435291,657734,706293,928772,401279,551759,606350,833731,641786,882455,856213,1177293
KR,99.94,1140517,555047,852423,903428,1213892,481674,739728,795387,1053409,444038,610552,681938,937665,722742,993771,971114,1335281
KR,99.95,1292144,609207,954367,1015697,1375274,528674,828195,894230,1193455,487366,670128,763494,1049804,812558,1117267,1100219,1512801
KR,99.96,1543947,694206,1118528,1202748,1643278,602437,970653,1058911,1426028,555365,763627,894822,1230381,962198,1323023,1314622,1807606
KR,99.97,1977433,839593,1400400,1524600,2104650,728605,1215260,1342273,1826405,671674,923553,1120320,1540440,1219680,1677060,1683720,2315115
KR,99.98,2897097,1102923,1957773,2205891,3083482,957124,1698945,1942089,2675829,882338,1213215,1566218,2153550,1764713,2426480,2466786,3391830
KR,99.99,3939388,1361632,2552859,2977604,4192828,1181634,2215357,2621513,3638514,1089306,1497795,2042287,2808145,2382083,3275364,3354262,4612111
KR,99.991,4291967,1450047,2754840,3238835,4568090,1258361,2390636,2851504,3964164,1160038,1595052,2203872,3030324,2591068,3562719,3654472,5024899
KR,99.992,4705652,1545437,2984291,3545075,5008390,1341141,2589752,3121120,4346254,1236350,1699981,2387433,3282720,2836060,3899583,4006712,5509229
KR,99.993,5209613,1649798,3252957,3917954,5544773,1431707,2822899,3449406,4811724,1319838,1814778,2602366,3578253,3134363,4309749,4435818,6099250
KR,99.994,5883712,1772896,3596840,4416870,6262240,1538532,3121319,3888657,5434339,1418317,1950186,2877472,3956524,3533496,4858557,5009792,6888464
KR,99.995,6821940,1925635,4058112,5111333,7260830,1671080,3521609,4500070,6300910,1540508,2118199,3246490,4463923,4089066,5622466,5808664,7986913
KR,99.996,8213846,2228488,4813397,6141600,8742284,1933898,4177041,5407127,7586508,1782790,2451337,3850718,5294737,4913280,6755760,6993827,9616512
KR,99.997,10514061,2660805,5998207,7844083,11190482,2309066,5205212,6906011,9711042,2128644,2926886,4798566,6598028,6275266,8628491,8952386,12309530
KR,99.998,15646906,3336891,8372544,11644184,16653549,2895778,7265649,10251658,14451862,2669513,3670580,6698035,9209798,9315347,12808602,13322839,18318904
KR,99.999,77555204,7868491,33640003,57476325,82544710,6828332,29192618,50602740,71631865,6294793,8655340,26912002,37004003,45981060,63223958,66035768,90799181
ID,0,139,611,382,324,188,564,352,271,173,489,672,306,420,259,356,150,207
ID,1,139,652,399,418,188,602,368,349,173,522,717,319,439,334,460,150,207
ID,2,139,707,422,523,188,652,389,438,173,566,777,338,464,418,575,150,207
ID,3,139,799,460,654,188,737,424,547,173,639,879,368,506,523,719,150,207
ID,4,139,885,501,689,188,817,462,576,173,708,973,401,551,551,758,150,207
ID,5,214,898,565,771,290,828,521,645,267,718,988,452,622,617,848,232,319
ID,6,366,1435,934,1102,497,1324,861,922,459,1148,1578,747,1027,882,1212,398,547
ID,7,521,1951,1290,1510,707,1800,1190,1263,652,1561,2146,1032,1419,1208,1661,566,778
ID,8,678,2436,1635,1898,919,2248,1509,1588,848,1949,2680,1308,1799,1518,2088,735,1011
ID,9,835,2881,1964,2262,1132,2658,1812,1892,1045,2305,3169,1571,2160,1810,2488,906,1245
ID,10,993,3293,2280,2603,1347,3038,2104,2178,1243,2634,3622,1824,2508,2082,2863,1078,1482
ID,11,1152,3723,2603,2958,1563,3435,2402,2475,1442,2978,4095,2082,2863,2366,3254,1250,1719
ID,12,1311,4141,2920,3307,1778,3820,2694,2766,1641,3313,4555,2336,3212,2646,3638,1422,1956
ID,13,1471,4546,3232,3648,1994,4194,2982,3052,1840,3637,5000,2586,3555,2918,4013,1595,2193
ID,14,1631,4930,3537,3975,2211,4549,3263,3325,2040,3944,5423,2830,3891,3180,4372,1769,2432
ID,15,1790,5299,3834,4292,2428,4889,3538,3591,2240,4239,5829,3067,4217,3434,4721,1942,2671
ID,16,1938,5619,4098,4573,2627,5184,3781,3826,2424,4495,6181,3278,4508,3658,5030,2102,2890
ID,17,2098,5981,4393,4888,2846,5519,4053,4089,2626,4785,6580,3514,4832,3910,5377,2277,3131
ID,18,2236,6259,4632,5136,3032,5775,4273,4297,2797,5007,6885,3706,5095,4109,5650,2426,3335
ID,19,2382,6521,4883,5364,3229,6017,4505,4487,2980,5217,7173,3906,5371,4291,5900,2583,3552
ID,20,2414,6553,4897,5434,3273,6046,4518,4546,3020,5242,7209,3918,5387,4347,5977,2618,3600
ID,21,2481,6589,4984,5476,3364,6079,4598,4581,3104,5271,7248,3987,5482,4381,6024,2691,3700
ID,22,2530,6627,5041,5528,3430,6115,4651,4625,3165,5302,7290,4033,5545,4422,6081,2744,3773
ID,23,2602,6735,5147,5637,3528,6214,4749,4716,3255,5388,7409,4118,5662,4510,6201,2822,3881
ID,24,2661,6792,5223,5706,3609,6267,4819,4774,3330,5434,7472,4178,5745,4565,6277,2887,3970
ID,25,2722,6854,5301,5778,3691,6324,4891,4834,3406,5483,7539,4241,5831,4622,6356,2953,4060
ID,26,2795,6937,5399,5871,3790,6400,4981,4912,3497,5550,7630,4319,5939,4697,6458,3032,4169
ID,27,2866,7007,5489,5953,3886,6465,5064,4980,3585,5606,7707,4391,6038,4762,6548,3109,4275
ID,28,2942,7093,5592,6049,3989,6545,5159,5061,3680,5674,7803,4474,6151,4839,6654,3191,4388
ID,29,2996,7135,5654,6105,4062,6583,5217,5108,3748,5708,7848,4523,6219,4884,6716,3250,4468
ID,30,3103,7274,5807,6250,4207,6711,5358,5229,3882,5819,8001,4646,6388,5000,6875,3366,4628
ID,31,3167,7321,5883,6314,4294,6755,5428,5283,3962,5857,8054,4706,6471,5051,6945,3435,4723
ID,32,3247,7407,5989,6410,4403,6834,5526,5363,4062,5926,8147,4791,6588,5128,7051,3522,4843
ID,33,3352,7542,6138,6552,4545,6958,5663,5481,4194,6034,8296,4910,6752,5242,7207,3636,5000
ID,34,3428,7609,6233,6635,4648,7021,5751,5551,4289,6087,8370,4986,6856,5308,7299,3718,5113
ID,35,3510,7701,6341,6737,4759,7106,5851,5637,4391,6161,8471,5073,6975,5390,7411,3807,5235
ID,36,3585,7755,6430,6811,4861,7155,5933,5698,4485,6204,8530,5144,7073,5449,7492,3889,5347
ID,37,3672,7851,6546,6918,4979,7243,6039,5788,4594,6281,8636,5237,7201,5534,7610,3983,5477
ID,38,3774,7975,6688,7051,5118,7358,6170,5900,4722,6380,8773,5350,7357,5641,7756,4094,5630
ID,39,3868,8056,6805,7151,5245,7433,6279,5983,4840,6445,8862,5444,7486,5721,7866,4196,5770
ID,40,3926,8070,6861,7190,5323,7445,6330,6015,4912,6456,8877,5489,7547,5752,7909,4258,5855
ID,41,4012,8157,6973,7291,5440,7526,6434,6100,5019,6526,8973,5578,7670,5833,8020,4352,5984
ID,42,4099,8243,7085,7391,5558,7605,6537,6184,5128,6594,9067,5668,7794,5913,8130,4446,6114
ID,43,4215,8368,7240,7531,5716,7721,6681,6300,5274,6694,9205,5792,7964,6025,8284,4573,6288
ID,44,4319,8460,7372,7642,5856,7806,6802,6393,5403,6768,9306,5898,8109,6114,8406,4685,6442
ID,45,4429,8576,7516,7773,6005,7913,6935,6504,5540,6861,9434,6013,8268,6218,8550,4804,6606
ID,46,4562,8729,7698,7939,6186,8053,7103,6642,5707,6983,9601,6158,8468,6351,8733,4949,6805
ID,47,4661,8816,7823,8045,6320,8134,7218,6731,5831,7053,9698,6258,8605,6436,8850,5056,6952
ID,48,4788,8958,7994,8202,6492,8265,7376,6862,5990,7166,9854,6395,8793,6562,9022,5194,7141
ID,49,4896,9057,8132,8319,6638,8356,7503,6960,6124,7246,9963,6506,8945,6655,9151,5310,7302
ID,50,4978,9124,8231,8406,6749,8418,7594,7033,6227,7299,10036,6585,9054,6725,9247,5399,7424
ID,51,5135,9301,8446,8599,6964,8582,7793,7194,6425,7441,10231,6757,9291,6879,9459,5571,7660
ID,52,5260,9416,8606,8735,7132,8687,7940,7308,6580,7533,10357,6885,9467,6988,9608,5706,7845
ID,53,5395,9565,8787,8900,7315,8825,8107,7446,6749,7652,10521,7030,9666,7120,9790,5852,8047
ID,54,5516,9679,8942,9035,7479,8930,8251,7559,6901,7743,10647,7154,9836,7228,9938,5983,8227
ID,55,5680,9853,9161,9228,7701,9091,8453,7721,7106,7882,10838,7329,10077,7382,10151,6161,8471
ID,56,5833,10019,9367,9413,7909,9244,8643,7875,7297,8015,11021,7494,10304,7530,10354,6327,8700
ID,57,5994,10178,9578,9595,8127,9391,8838,8028,7499,8142,11196,7662,10536,7676,10554,6502,8940
ID,58,6149,10330,9781,9770,8337,9531,9024,8174,7693,8264,11363,7825,10759,7816,10747,6670,9171
ID,59,6344,10540,10043,10001,8603,9724,9266,8367,7937,8432,11594,8034,11047,8001,11001,6882,9463
ID,60,6452,10611,10169,10100,8747,9790,9383,8450,8071,8489,11672,8135,11186,8080,11110,6998,9622
ID,61,6661,10834,10451,10347,9031,9996,9643,8657,8333,8667,11918,8361,11496,8278,11382,7225,9934
ID,62,6845,11011,10692,10550,9282,10159,9865,8827,8564,8809,12112,8554,11761,8440,11605,7426,10210
ID,63,7070,11248,10994,10815,9587,10378,10144,9048,8846,8998,12373,8795,12093,8652,11897,7670,10546
ID,64,7266,11445,11252,11038,9851,10560,10382,9235,9089,9156,12590,9002,12377,8830,12142,7881,10836
ID,65,7482,11660,11536,11281,10145,10758,10644,9438,9360,9328,12826,9229,12690,9025,12409,8116,11160
ID,66,7746,11938,11892,11588,10502,11015,10972,9695,9690,9550,13132,9514,13081,9270,12747,8402,11552
ID,67,7964,12152,12178,11833,10799,11212,11237,9900,9963,9722,13367,9742,13396,9466,13016,8639,11879
ID,68,8170,12351,12447,12062,11078,11396,11485,10092,10222,9881,13586,9958,13692,9650,13268,8862,12186
ID,69,8447,12634,12816,12379,11453,11657,11825,10357,10568,10107,13898,10253,14098,9903,13617,9162,12598
ID,70,8739,12934,13207,12714,11850,11933,12186,10637,10933,10347,14227,10566,14528,10171,13985,9480,13035
ID,71,8991,13193,13542,13005,12191,12173,12494,10881,11248,10554,14513,10834,14896,10404,14306,9753,13410
ID,72,9286,13498,13935,13346,12591,12454,12857,11166,11618,10798,14848,11148,15329,10677,14681,10073,13850
ID,73,9569,13780,14309,13666,12974,12715,13202,11433,11971,11024,15159,11447,15740,10933,15033,10379,14271
ID,74,9901,14121,14752,14046,13425,13028,13611,11751,12387,11297,15533,11802,16227,11237,15451,10740,14768
ID,75,10176,14390,15112,14354,13798,13277,13943,12009,12731,11512,15829,12090,16623,11483,15789,11038,15178
ID,76,10494,14717,15535,14721,14228,13579,14334,12316,13128,11774,16189,12428,17088,11777,16193,11382,15651
ID,77,10843,15065,15997,15115,14702,13900,14760,12646,13565,12052,16572,12798,17597,12092,16626,11762,16172
ID,78,11231,15459,16512,15557,15228,14263,15235,13015,14050,12367,17005,13210,18163,12446,17113,12182,16751
ID,79,11577,15813,16971,15956,15697,14590,15659,13349,14483,12650,17394,13577,18668,12765,17552,12558,17267
ID,80,12007,16254,17544,16449,16280,14996,16187,13762,15021,13003,17879,14035,19298,13159,18094,13024,17908
ID,81,12383,16625,18039,16872,16790,15339,16644,14116,15492,13300,18287,14431,19843,13498,18559,13432,18469
ID,82,12830,17076,18632,17380,17396,15755,17191,14541,16051,13661,18784,14906,20495,13904,19118,13917,19136
ID,83,13288,17535,19238,17899,18018,16179,17750,14975,16624,14028,19288,15390,21162,14319,19689,14414,19820
ID,84,13807,18058,19927,18489,18721,16661,18386,15468,17273,14446,19864,15942,21920,14791,20338,14977,20593
ID,85,14343,18589,20635,19090,19448,17151,19039,15971,17944,14871,20448,16508,22699,15272,20999,15558,21393
ID,86,14954,19190,21442,19769,20276,17705,19783,16539,18708,15352,21109,17154,23586,15815,21746,16221,22304
ID,87,15623,19856,22329,20521,21184,18321,20602,17169,19546,15885,21842,17863,24562,16417,22573,16947,23302
ID,88,16413,20629,23376,21393,22255,19034,21568,17898,20534,16503,22692,18701,25714,17114,23532,17804,24481
ID,89,17302,21489,24551,22365,23460,19827,22653,18712,21646,17191,23638,19641,27006,17892,24602,18768,25806
ID,90,17482,21818,24800,22723,23704,20130,22882,19011,21871,17454,24000,19840,27280,18178,24995,18963,26074
ID,91,18707,22984,26421,24043,25365,21206,24377,20116,23403,18387,25283,21137,29063,19234,26447,20292,27902
ID,92,20306,24504,28540,25756,27533,22608,26333,21549,25404,19603,26954,22832,31394,20605,28332,22026,30286
ID,93,22345,26407,31240,27905,30298,24365,28824,23346,27955,21126,29048,24992,34364,22324,30696,24238,33328
ID,94,25021,28896,34788,30709,33927,26661,32098,25693,31303,23117,31786,27830,38267,24567,33780,27142,37320
ID,95,28947,32588,40013,34847,39250,30068,36919,29155,36214,26070,35847,32010,44014,27878,38332,31400,43175
ID,96,34274,37452,47075,40327,46473,34555,43435,33739,42879,29962,41197,37660,51783,32262,44360,37178,51120
ID,97,42841,45170,58429,49029,58088,41676,53910,41020,53596,36136,49687,46743,64272,39223,53932,46470,63897
ID,98,60448,60826,81765,66677,81962,56122,75442,55785,75623,48661,66909,65412,89942,53342,73345,65570,90158
ID,99,80354,78735,108213,86792,108953,72645,99844,72614,100527,62988,86609,86570,119034,69434,95471,87162,119848
ID,99.1,86276,83905,116057,92623,116982,77415,107082,77492,107935,67124,92295,92846,127663,74098,101885,93586,128680
ID,99.2,93801,90510,126036,100064,127186,83509,116289,83718,117351,72408,99560,100829,138640,80051,110070,101749,139905
ID,99.3,102506,98079,137566,108603,138989,90492,126928,90862,128240,78463,107886,110053,151323,86882,119463,111191,152888
ID,99.4,113946,105680,150471,119777,154499,97506,138834,100211,142551,84544,116248,120377,165518,95822,131755,123599,169949
ID,99.5,129718,112244,164494,135123,175886,103562,151773,113050,162284,89795,123469,131595,180943,108098,148635,140709,193475
ID,99.6,150315,118384,180543,155038,203813,109227,166581,129711,188051,94707,130223,144434,198597,124030,170542,163050,224194
ID,99.7,185539,137016,215947,189068,251573,126418,199247,158182,232118,109613,150718,172758,237542,151254,207975,201258,276730
ID,99.8,262579,180770,296655,263099,356032,166787,273713,220120,328499,144616,198847,237324,326320,210479,289409,284826,391635
ID,99.9,352389,226707,386195,348937,477806,209171,356329,291936,440855,181366,249377,308956,424815,279150,383831,382245,525587
ID,99.91,373302,236499,406296,368771,506162,218206,374876,308530,467018,189199,260149,325037,446926,295017,405648,404930,556778
ID,99.92,391850,243748,422938,386112,531311,224894,390231,323038,490223,194998,268123,338350,465232,308890,424723,425049,584442
ID,99.93,426840,261181,457471,419437,578755,240978,422093,350919,533997,208945,287299,365977,503218,335550,461381,463004,636630
ID,99.94,470838,284814,502588,461315,638411,262784,463721,385956,589041,227851,313295,402070,552847,369052,507447,510729,702252
ID,99.95,516618,308003,548482,504523,700485,284179,506066,422106,646314,246402,338803,438786,603330,403618,554975,560388,770534
ID,99.96,590523,345435,622267,574623,800693,318716,574145,480755,738773,276348,379978,497814,684494,459698,632085,640554,880762
ID,99.97,706031,401138,734984,684036,957311,370110,678145,572294,883279,320910,441252,587987,808482,547229,752440,765849,1053042
ID,99.98,936612,502830,950886,902253,1269957,463936,877350,754864,1171746,402264,553113,760709,1045975,721802,992478,1015966,1396953
ID,99.99,1181185,600093,1169632,1133611,1601576,553676,1079179,948428,1477719,480074,660102,935706,1286595,906889,1246972,1281261,1761734
ID,99.991,1254206,630208,1235992,1202685,1700584,581462,1140408,1006219,1569071,504166,693229,988794,1359591,962148,1322954,1360467,1870642
ID,99.992,1341892,665499,1314827,1285635,1819479,614023,1213146,1075618,1678771,532399,732049,1051862,1446310,1028508,1414198,1455583,2001427
ID,99.993,1440295,703225,1401533,1378642,1952904,648831,1293147,1153432,1801879,562580,773548,1121226,1541686,1102914,1516506,1562323,2148194
ID,99.994,1572149,751918,1515881,1503289,2131685,693757,1398652,1257718,1966834,601534,827110,1212705,1667469,1202631,1653618,1705348,2344854
ID,99.995,1750654,814036,1666979,1672031,2373721,751070,1538065,1398895,2190152,651229,895440,1333583,1833677,1337625,1839234,1898977,2611093
ID,99.996,2001717,893794,1872091,1909341,2714139,824659,1727315,1597438,2504244,715035,983173,1497673,2059300,1527473,2100275,2171311,2985553
ID,99.997,2380773,1000730,2168695,2267531,3228102,923324,2000981,1897115,2978460,800584,1100803,1734956,2385564,1814025,2494284,2582482,3550912
ID,99.998,3080349,1218061,2735421,2928798,4176662,1123844,2523880,2450361,3853664,974449,1339867,2188337,3008963,2343038,3221678,3341330,4594328
ID,99.999,8382759,1787497,5988811,7929531,11366226,1649235,5525672,6634192,10487231,1429998,1966247,4791049,6587692,6343625,8722484,9092981,12502849
ZA,0,1268,4847,3571,2830,1562,4536,3342,2404,1461,3985,5278,2936,3888,2327,3082,1284,1701
ZA,1,1268,4849,3583,2919,1562,4538,3353,2480,1461,3987,5280,2946,3901,2400,3178,1284,1701
ZA,2,1268,4868,3629,3032,1562,4555,3396,2576,1461,4003,5300,2984,3952,2493,3302,1284,1701
ZA,3,1268,4881,3663,3120,1562,4567,3427,2650,1461,4013,5314,3012,3989,2565,3397,1284,1701
ZA,4,1268,4883,3686,3192,1562,4569,3449,2711,1461,4015,5317,3031,4014,2625,3476,1284,1701
ZA,5,1290,4893,3694,3240,1590,4579,3457,2752,1488,4023,5328,3037,4022,2664,3528,1307,1731
ZA,6,1337,4898,3698,3252,1647,4584,3461,2763,1541,4027,5334,3041,4027,2674,3541,1354,1793
ZA,7,1386,4902,3702,3264,1707,4587,3464,2773,1598,4031,5338,3044,4031,2684,3554,1404,1859
ZA,8,1436,4906,3714,3273,1769,4591,3476,2780,1656,4034,5342,3054,4044,2691,3564,1455,1926
ZA,9,1448,4906,3715,3318,1783,4591,3476,2818,1669,4034,5343,3055,4045,2728,3613,1466,1941
ZA,10,1476,4911,3718,3353,1818,4596,3480,2849,1701,4038,5348,3057,4048,2757,3651,1495,1980
ZA,11,1487,4914,3719,3387,1832,4598,3480,2877,1715,4040,5350,3058,4050,2785,3688,1506,1995
ZA,12,1508,4917,3732,3413,1857,4602,3493,2899,1738,4043,5354,3069,4064,2806,3716,1527,2022
ZA,13,1539,4918,3739,3424,1896,4602,3498,2908,1774,4044,5355,3074,4071,2815,3728,1559,2065
ZA,14,1540,4921,3743,3462,1898,4605,3503,2941,1776,4046,5358,3078,4076,2847,3770,1561,2067
ZA,15,1566,4921,3745,3475,1929,4605,3504,2952,1805,4046,5358,3079,4078,2857,3784,1586,2100
ZA,16,1590,4931,3748,3494,1960,4614,3507,2968,1834,4054,5369,3082,4081,2873,3805,1612,2134
ZA,17,1598,4942,3750,3531,1968,4625,3509,3000,1842,4063,5382,3083,4083,2903,3845,1618,2143
ZA,18,1625,4944,3751,3543,2002,4626,3510,3009,1874,4065,5383,3084,4084,2913,3858,1646,2180
ZA,19,1643,4946,3763,3562,2023,4628,3521,3026,1893,4067,5385,3094,4097,2929,3879,1663,2203
ZA,20,1656,4948,3773,3587,2040,4631,3530,3047,1909,4068,5388,3102,4108,2949,3906,1677,2221
ZA,21,1685,4953,3775,3598,2076,4635,3533,3056,1942,4072,5393,3104,4111,2958,3918,1707,2261
ZA,22,1695,4954,3787,3622,2088,4636,3544,3076,1954,4073,5394,3114,4124,2978,3944,1717,2274
ZA,23,1714,4965,3806,3648,2111,4647,3561,3098,1976,4082,5407,3129,4144,2999,3972,1736,2299
ZA,24,1743,4972,3814,3660,2147,4653,3569,3109,2009,4088,5414,3136,4153,3009,3985,1765,2338
ZA,25,1748,4976,3839,3687,2152,4657,3592,3132,2014,4091,5419,3157,4180,3032,4015,1769,2343
ZA,26,1772,4990,3851,3705,2183,4669,3604,3147,2043,4103,5433,3166,4193,3046,4034,1795,2377
ZA,27,1800,4999,3855,3717,2218,4678,3608,3157,2075,4110,5443,3170,4198,3056,4047,1824,2415
ZA,28,1806,5008,3889,3739,2225,4686,3640,3176,2082,4118,5453,3198,4235,3074,4071,1829,2423
ZA,29,1845,5008,3896,3743,2272,4686,3646,3179,2126,4118,5453,3203,4242,3078,4076,1868,2474
ZA,30,1852,5038,3905,3784,2282,4715,3654,3214,2135,4142,5486,3211,4252,3111,4120,1876,2485
ZA,31,1875,5039,3907,3792,2309,4715,3656,3221,2161,4143,5487,3212,4254,3118,4129,1899,2514
ZA,32,1883,5050,3912,3819,2320,4726,3661,3244,2171,4152,5499,3217,4260,3140,4158,1908,2526
ZA,33,1904,5089,3913,3867,2345,4762,3662,3285,2195,4184,5542,3217,4261,3180,4211,1928,2553
ZA,34,1906,5108,3923,3904,2348,4780,3671,3316,2197,4200,5562,3226,4272,3210,4251,1931,2557
ZA,35,1920,5120,3923,3927,2364,4792,3672,3336,2213,4210,5575,3226,4272,3229,4276,1944,2574
ZA,36,1937,5135,3929,3947,2385,4805,3676,3353,2232,4222,5592,3231,4278,3245,4298,1961,2597
ZA,37,1954,5187,3932,4006,2407,4854,3680,3403,2253,4265,5648,3233,4282,3294,4362,1979,2621
ZA,38,1958,5195,3942,4030,2412,4862,3689,3423,2257,4271,5657,3241,4292,3314,4388,1983,2626
ZA,39,1963,5221,3944,4069,2418,4886,3690,3457,2263,4293,5685,3243,4295,3346,4431,1988,2633
ZA,40,2000,5240,3955,4090,2463,4904,3701,3474,2305,4308,5706,3252,4307,3363,4454,2025,2682
ZA,41,2005,5256,3961,4121,2470,4919,3707,3501,2311,4322,5724,3257,4313,3388,4487,2031,2690
ZA,42,2006,5265,3967,4147,2471,4927,3712,3523,2312,4329,5733,3262,4320,3410,4516,2032,2691
ZA,43,2036,5286,3971,4170,2508,4946,3716,3543,2347,4346,5755,3265,4324,3429,4541,2062,2731
ZA,44,2039,5290,3981,4191,2512,4950,3725,3560,2351,4350,5760,3273,4335,3446,4564,2065,2735
ZA,45,2082,5335,4028,4223,2564,4993,3769,3587,2399,4387,5810,3312,4386,3472,4598,2108,2792
ZA,46,2135,5339,4116,4234,2630,4996,3852,3596,2462,4390,5813,3384,4482,3481,4610,2162,2864
ZA,47,2183,5447,4190,4317,2689,5097,3921,3667,2516,4479,5931,3445,4562,3550,4701,2211,2928
ZA,48,2236,5454,4277,4322,2754,5104,4002,3672,2577,4484,5938,3517,4657,3554,4706,2264,2999
ZA,49,2278,5548,4344,4402,2806,5191,4065,3739,2626,4562,6041,3572,4730,3619,4793,2307,3055
ZA,50,2321,5634,4410,4482,2859,5273,4127,3807,2675,4632,6135,3626,4802,3685,4880,2351,3113
ZA,51,2385,5651,4511,4487,2938,5288,4221,3811,2749,4646,6153,3709,4912,3689,4886,2416,3199
ZA,52,2448,5747,4608,4572,3015,5378,4312,3884,2822,4725,6257,3789,5018,3759,4978,2479,3283
ZA,53,2512,5862,4706,4676,3094,5486,4404,3972,2895,4820,6384,3869,5124,3845,5092,2544,3369
ZA,54,2571,5869,4797,4677,3167,5492,4489,3973,2964,4826,6391,3944,5223,3846,5093,2604,3449
ZA,55,2647,5979,4915,4772,3260,5595,4599,4054,3051,4916,6511,4041,5352,3924,5196,2680,3550
ZA,56,2724,6070,5029,4855,3356,5680,4706,4124,3140,4991,6610,4135,5476,3992,5287,2759,3654
ZA,57,2795,6072,5129,4855,3443,5682,4800,4124,3222,4993,6612,4217,5585,3992,5287,2831,3749
ZA,58,2870,6159,5240,4934,3535,5764,4904,4192,3308,5064,6707,4308,5706,4057,5373,2907,3849
ZA,59,2894,6175,5253,4968,3566,5778,4916,4220,3337,5077,6724,4319,5720,4085,5410,2932,3883
ZA,60,2957,6217,5334,5013,3643,5818,4992,4259,3409,5112,6770,4386,5808,4122,5459,2995,3967
ZA,61,2992,6223,5363,5036,3685,5823,5019,4278,3449,5117,6776,4410,5840,4141,5484,3030,4013
ZA,62,3089,6342,5503,5149,3805,5935,5149,4374,3560,5215,6906,4525,5992,4234,5607,3129,4143
ZA,63,3203,6485,5667,5283,3945,6069,5303,4488,3692,5332,7062,4660,6171,4344,5753,3244,4296
ZA,64,3328,6646,5849,5433,4100,6220,5473,4615,3836,5464,7237,4809,6369,4467,5916,3371,4464
ZA,65,3449,6784,6018,5567,4248,6349,5632,4729,3975,5578,7387,4948,6553,4577,6062,3493,4626
ZA,66,3577,6945,6203,5718,4406,6499,5805,4857,4123,5710,7562,5100,6754,4701,6226,3623,4798
ZA,67,3702,7089,6379,5857,4560,6634,5969,4975,4267,5829,7719,5245,6946,4816,6378,3749,4965
ZA,68,3830,7235,6558,5998,4718,6771,6137,5095,4415,5949,7879,5392,7141,4932,6531,3879,5137
ZA,69,3989,7417,6782,6173,4914,6941,6346,5244,4598,6098,8076,5576,7385,5076,6722,4040,5351
ZA,70,4161,7617,7027,6364,5127,7128,6576,5406,4797,6263,8294,5778,7652,5233,6930,4216,5583
ZA,71,4330,7800,7262,6541,5334,7299,6795,5557,4992,6413,8493,5971,7908,5378,7122,4386,5808
ZA,72,4510,7999,7513,6735,5556,7485,7030,5721,5199,6577,8710,6177,8181,5538,7334,4568,6050
ZA,73,4715,8220,7800,6949,5808,7693,7299,5903,5435,6759,8951,6413,8493,5714,7567,4775,6324
ZA,74,4924,8445,8090,7167,6065,7902,7571,6088,5676,6944,9195,6652,8809,5893,7804,4987,6604
ZA,75,5173,8704,8437,7420,6372,8146,7895,6303,5962,7157,9478,6937,9187,6101,8080,5239,6938
ZA,76,5439,8976,8806,7686,6701,8400,8240,6529,6270,7380,9774,7240,9589,6320,8369,5510,7297
ZA,77,5706,9254,9176,7957,7029,8660,8586,6759,6577,7609,10076,7545,9992,6542,8664,5779,7654
ZA,78,6006,9559,9591,8256,7399,8946,8975,7013,6923,7860,10409,7886,10444,6788,8990,6084,8057
ZA,79,6319,9883,10027,8572,7785,9249,9383,7282,7285,8126,10762,8244,10918,7048,9334,6401,8477
ZA,80,6534,10063,10308,8762,8049,9416,9646,7443,7532,8274,10957,8475,11224,7204,9541,6618,8764
ZA,81,6947,10470,10881,9162,8558,9798,10182,7782,8008,8609,11401,8947,11848,7533,9976,7037,9319
ZA,82,7401,10917,11508,9599,9116,10216,10769,8154,8531,8976,11887,9462,12531,7893,10452,7495,9926
ZA,83,7955,11464,12277,10132,9800,10728,11489,8607,9170,9426,12483,10094,13368,8331,11033,8058,10671
ZA,84,8533,12030,13079,10686,10512,11257,12239,9077,9837,9891,13099,10754,14242,8786,11636,8643,11446
ZA,85,9143,12619,13922,11264,11264,11809,13028,9569,10540,10376,13741,11447,15160,9262,12265,9262,12265
ZA,86,9829,13285,14871,11916,12108,12432,13916,10122,11330,10923,14466,12227,16193,9798,12975,9955,13184
ZA,87,10717,14149,16105,12758,13202,13240,15071,10837,12354,11634,15406,13242,17537,10490,13892,10855,14376
ZA,88,11745,15127,17530,13715,14469,14155,16404,11651,13540,12438,16471,14414,19088,11277,14934,11897,15755
ZA,89,12984,16296,19245,14859,15995,15249,18009,12622,14968,13399,17744,15824,20956,12217,16180,13151,17417
ZA,90,18941,23102,27872,21196,23333,21619,26082,18005,21835,18995,25156,22917,30350,17428,23080,19185,25407
ZA,91,20680,24575,30235,22677,25476,22997,28293,19263,23840,20206,26760,24860,32923,18646,24693,20947,27741
ZA,92,22406,25898,32543,24042,27602,24235,30453,20422,25830,21294,28200,26758,35436,19768,26179,22695,30056
ZA,93,25203,28277,36361,26418,31048,26462,34026,22441,29054,23250,30791,29897,39593,21721,28766,25528,33808
ZA,94,28787,31431,41284,29538,35462,29413,38633,25091,33185,25843,34225,33945,44954,24287,32164,29158,38614
ZA,95,33514,35468,47757,33550,41285,33190,44690,28499,38634,29163,38620,39267,52002,27586,36532,33945,44955
ZA,96,38646,39673,54743,37769,47608,37126,51227,32083,44550,32620,43199,45011,59609,31055,41126,39144,51840
ZA,97,45028,44825,63420,42949,55469,41947,59347,36483,51906,36856,48810,52145,69057,35314,46767,45608,60400
ZA,98,56427,54419,79033,52486,69512,50925,73957,44584,65048,44745,59256,64983,86058,43155,57151,57154,75691
ZA,99,71130,63939,95099,65555,87625,59834,88991,55686,81997,52572,69623,78193,103552,53901,71382,72047,95414
ZA,99.1,74721,65914,98610,68764,92048,61682,92277,58412,86136,54196,71773,81079,107375,56539,74876,75684,100230
ZA,99.2,80032,68691,103682,73477,98591,64280,97023,62415,92259,56479,74796,85250,112898,60414,80008,81064,107355
ZA,99.3,86006,71319,108876,78739,105950,66740,101884,66885,99145,58640,77659,89520,118554,64741,85738,87114,115368
ZA,99.4,93798,74784,115762,85543,115550,69983,108327,72664,108128,61489,81432,95182,126052,70335,93147,95008,125821
ZA,99.5,104887,81461,127537,95203,129209,76230,119346,80870,120911,66979,88702,104864,138874,78278,103665,106239,140694
ZA,99.6,120466,89958,143242,108648,148402,84182,134042,92290,138870,73965,97954,117777,155975,89333,118306,122019,161593
ZA,99.7,144950,104755,169674,129655,178563,98029,158777,110135,167095,86132,114067,139510,184756,106605,141180,146818,194435
ZA,99.8,194336,132837,221278,171796,239401,124308,207066,145932,224025,109222,144645,181940,240947,141254,187067,196841,260681
ZA,99.9,247264,160422,273932,216819,304602,150122,256338,184177,285039,131903,174682,225233,298282,178273,236092,250451,331678
ZA,99.91,260296,166711,286470,227785,320656,156007,268071,193492,300061,137073,181530,235542,311934,187290,248033,263650,349159
ZA,99.92,272151,171896,297366,237681,335260,160860,278268,201898,313728,141337,187176,244501,323799,195427,258808,275658,365061
ZA,99.93,296679,184470,321815,258296,365476,172626,301147,219409,342003,151675,200867,264603,350421,212377,281256,300502,397963
ZA,99.94,328622,201782,354704,285146,404826,188826,331923,242217,378826,165910,219718,291646,386233,234453,310492,332857,440811
ZA,99.95,361318,218817,387747,312499,445105,204767,362844,265452,416518,179916,238267,318814,422213,256944,340277,365975,484670
ZA,99.96,412494,243551,437669,354995,508148,227913,409559,301550,475512,200253,265200,359861,476573,291885,386550,417811,553317
ZA,99.97,492909,277320,510865,421368,607210,259515,478055,357930,568212,228019,301971,420045,556275,346458,458823,499262,661184
ZA,99.98,643807,328833,634834,546011,793100,307720,594062,463809,742163,270374,358062,521975,691264,448942,594545,652104,863598
ZA,99.99,796083,378117,756298,672336,980688,353839,707724,571115,917703,310896,411727,621845,823524,552810,732099,806343,1067860
ZA,99.991,846077,392278,793816,713896,1042275,367091,742833,606418,975335,322540,427147,652693,864377,586981,777353,856982,1134922
ZA,99.992,900157,405166,831728,758812,1108896,379152,778310,644572,1037677,333136,441181,683865,905659,623912,826262,911759,1207465
ZA,99.993,963810,417802,873502,811687,1187309,390976,817401,689487,1111054,343526,454940,718213,951147,667387,883837,976232,1292848
ZA,99.994,1047255,439897,934394,881060,1290104,411653,874382,748415,1207247,361693,478999,768280,1017451,724427,959376,1060752,1404780
ZA,99.995,1156351,468213,1013323,971795,1424500,438151,948241,825490,1333010,384975,509832,833177,1103396,799031,1058177,1171256,1551122
ZA,99.996,1308158,500791,1115447,1098109,1611509,468637,1043807,932787,1508009,411761,545306,917145,1214598,902890,1195719,1325019,1754754
ZA,99.997,1539594,533294,1251833,1290761,1896613,499053,1171433,1096436,1774802,438486,580698,1029285,1363107,1061292,1405495,1559437,2065201
ZA,99.998,2000290,633954,1563201,1674587,2464141,593250,1462804,1422476,2305880,521251,690305,1285299,1702152,1376883,1823439,2026071,2683176
ZA,99.999,4572310,748702,2799709,3818447,5632590,700630,2619896,3243575,5270834,615599,815253,2301983,3048572,3139612,4157865,4631241,6133265
TR,0,1333,3908,1969,2865,1636,3310,1667,2523,1385,3213,4256,1619,2144,2356,3120,1345,1781
TR,1,1333,3968,2026,3268,1636,3360,1715,2878,1385,3263,4321,1666,2206,2687,3558,1345,1781
TR,2,1333,4180,2066,3744,1636,3540,1750,3297,1385,3437,4552,1699,2250,3078,4077,1345,1781
TR,3,1333,4360,2129,4083,1636,3692,1803,3596,1385,3585,4747,1751,2318,3357,4446,1345,1781
TR,4,1333,4676,2308,4517,1636,3960,1954,3978,1385,3845,5092,1898,2513,3714,4919,1345,1781
TR,5,1432,4802,2337,4666,1757,4067,1979,4110,1488,3948,5229,1922,2545,3836,5081,1445,1913
TR,6,1651,5263,2560,5132,2026,4457,2168,4520,1715,4327,5731,2105,2788,4220,5588,1666,2206
TR,7,1888,5541,2633,5380,2317,4692,2230,4739,1962,4556,6034,2165,2867,4424,5858,1905,2523
TR,8,2135,5719,2942,5516,2620,4843,2492,4858,2219,4702,6228,2419,3204,4535,6006,2154,2853
TR,9,2390,6001,3256,5771,2933,5082,2757,5082,2483,4934,6534,2677,3545,4745,6284,2412,3194
TR,10,2650,6266,3540,6052,3253,5306,2998,5330,2754,5152,6823,2911,3855,4976,6590,2675,3542
TR,11,2914,6729,3824,6541,3576,5698,3238,5760,3028,5533,7327,3144,4164,5378,7122,2940,3894
TR,12,3180,6762,4149,6565,3902,5726,3513,5782,3304,5560,7363,3411,4518,5398,7149,3208,4249
TR,13,3449,7264,4488,7029,4232,6151,3801,6190,3583,5973,7910,3690,4887,5779,7654,3480,4608
TR,14,3718,7796,4829,7553,4563,6602,4089,6652,3864,6410,8489,3971,5258,6210,8224,3752,4969
TR,15,3990,8328,5169,8077,4896,7052,4377,7114,4146,6847,9068,4250,5628,6641,8795,4026,5331
TR,16,4248,8821,5490,8567,5213,7470,4649,7545,4414,7253,9605,4514,5978,7044,9329,4286,5676
TR,17,4487,9265,5785,9007,5506,7845,4899,7933,4662,7618,10088,4757,6299,7406,9808,4527,5995
TR,18,4505,9271,5795,9027,5529,7850,4907,7950,4681,7623,10095,4765,6310,7422,9829,4546,6020
TR,19,4551,9313,5840,9078,5584,7887,4945,7995,4729,7657,10141,4802,6359,7464,9885,4591,6080
TR,20,4769,9586,6085,9341,5853,8118,5152,8227,4956,7882,10438,5003,6626,7680,10171,4812,6373
TR,21,4778,9651,6103,9449,5863,8173,5168,8322,4965,7935,10509,5018,6645,7769,10289,4821,6384
TR,22,4967,9693,6282,9498,6095,8208,5320,8365,5161,7970,10555,5165,6840,7809,10342,5011,6637
TR,23,5036,9716,6320,9569,6180,8227,5351,8428,5233,7989,10579,5196,6882,7868,10420,5081,6729
TR,24,5192,9757,6468,9636,6372,8262,5477,8487,5396,8022,10624,5318,7043,7923,10493,5239,6938
TR,25,5425,9939,6714,9838,6657,8417,5685,8665,5637,8172,10823,5520,7311,8089,10712,5474,7249
TR,26,5585,10067,6876,9988,6853,8525,5822,8797,5803,8277,10962,5654,7487,8212,10876,5635,7462
TR,27,5720,10194,7016,10133,7020,8632,5941,8925,5944,8382,11100,5769,7640,8332,11034,5772,7644
TR,28,5798,10263,7094,10216,7114,8691,6007,8997,6024,8438,11175,5833,7725,8400,11124,5849,7746
TR,29,5866,10347,7165,10310,7198,8762,6067,9080,6095,8508,11267,5891,7802,8477,11226,5918,7838
TR,30,5880,10350,7173,10322,7216,8764,6074,9091,6110,8510,11270,5898,7811,8487,11240,5933,7857
TR,31,5892,10350,7178,10332,7231,8764,6079,9099,6123,8510,11270,5902,7816,8495,11250,5945,7874
TR,32,5975,10471,7270,10462,7332,8866,6156,9214,6209,8609,11401,5978,7916,8602,11392,6029,7984
TR,33,6050,10575,7351,10576,7424,8955,6225,9315,6287,8695,11515,6044,8004,8696,11516,6104,8084
TR,34,6085,10604,7382,10616,7467,8980,6251,9350,6323,8719,11547,6070,8038,8729,11560,6140,8131
TR,35,6190,10753,7497,10775,7596,9105,6349,9490,6432,8841,11708,6164,8163,8859,11733,6246,8271
TR,36,6241,10799,7547,10834,7658,9145,6390,9542,6485,8879,11759,6205,8218,8908,11797,6297,8339
TR,37,6301,10854,7605,10902,7732,9191,6439,9602,6548,8924,11819,6253,8281,8964,11871,6357,8419
TR,38,6341,10866,7638,10927,7781,9202,6468,9624,6589,8934,11832,6280,8317,8984,11898,6398,8473
TR,39,6439,10928,7740,10998,7902,9254,6554,9687,6691,8985,11899,6364,8428,9043,11976,6497,8604
TR,40,6462,10964,7747,11060,7930,9285,6560,9741,6715,9015,11939,6370,8436,9094,12043,6520,8635
TR,41,6540,10969,7822,11077,8027,9289,6623,9756,6797,9019,11944,6431,8517,9108,12062,6600,8741
TR,42,6589,10975,7859,11100,8086,9293,6655,9777,6847,9024,11950,6462,8558,9127,12087,6648,8805
TR,43,6784,11193,8069,11339,8325,9479,6833,9986,7049,9203,12188,6635,8786,9323,12347,6845,9065
TR,44,6933,11343,8225,11508,8507,9605,6965,10136,7204,9326,12351,6763,8956,9462,12531,6995,9263
TR,45,7090,11507,8390,11692,8701,9744,7105,10297,7368,9461,12530,6898,9136,9613,12731,7154,9474
TR,46,7263,11704,8575,11908,8912,9911,7261,10487,7547,9623,12744,7051,9337,9791,12966,7328,9704
TR,47,7428,11893,8751,12116,9115,10071,7410,10671,7718,9779,12950,7195,9529,9962,13193,7495,9925
TR,48,7590,12084,8924,12327,9314,10232,7557,10856,7887,9936,13158,7338,9717,10136,13423,7658,10142
TR,49,7725,12240,9068,12500,9480,10365,7678,11009,8028,10064,13328,7456,9874,10278,13611,7795,10323
TR,50,7813,12325,9156,12601,9587,10437,7753,11098,8118,10134,13421,7528,9970,10361,13721,7883,10439
TR,51,7978,12535,9335,12829,9790,10615,7905,11299,8290,10307,13649,7675,10165,10548,13969,8050,10660
TR,52,8127,12722,9495,13035,9974,10773,8040,11480,8446,10460,13853,7807,10339,10718,14194,8201,10861
TR,53,8251,12870,9626,13200,10125,10898,8151,11625,8574,10582,14014,7915,10482,10853,14373,8325,11025
TR,54,8411,13073,9799,13423,10322,11070,8298,11822,8740,10749,14235,8057,10670,11037,14616,8487,11240
TR,55,8572,13274,9972,13644,10519,11240,8444,12016,8907,10914,14454,8199,10858,11218,14857,8649,11454
TR,56,8752,13499,10166,13889,10740,11431,8608,12233,9095,11099,14699,8359,11070,11420,15124,8831,11695
TR,57,8878,13636,10296,14046,10895,11547,8718,12371,9226,11212,14848,8466,11211,11549,15295,8958,11863
TR,58,9052,13841,10481,14272,11107,11720,8875,12570,9406,11380,15071,8618,11413,11735,15541,9132,12094
TR,59,9246,14045,10688,14498,11347,11893,9050,12769,9608,11548,15293,8788,11638,11921,15787,9330,12356
TR,60,9277,14071,10705,14547,11384,11915,9065,12812,9640,11569,15321,8802,11657,11961,15840,9360,12396
TR,61,9487,14288,10929,14786,11642,12099,9255,13023,9858,11748,15558,8986,11900,12157,16100,9572,12677
TR,62,9664,14475,11113,14999,11860,12257,9410,13210,10043,11902,15761,9137,12101,12333,16332,9752,12914
TR,63,9883,14721,11345,15272,12128,12465,9607,13451,10270,12104,16029,9328,12353,12557,16630,9972,13206
TR,64,10097,14956,11570,15537,12390,12665,9797,13683,10492,12297,16286,9513,12598,12775,16918,10187,13491
TR,65,10322,15205,11807,15814,12667,12876,9998,13928,10726,12502,16557,9708,12857,13003,17220,10415,13793
TR,66,10576,15494,12077,16134,12978,13120,10226,14210,10989,12740,16871,9930,13151,13266,17568,10671,14132
TR,67,10798,15736,12310,16406,13250,13325,10424,14449,11220,12938,17134,10122,13404,13489,17864,10894,14428
TR,68,11009,15961,12530,16662,13510,13516,10610,14674,11440,13123,17380,10302,13644,13700,18143,11108,14711
TR,69,11273,16262,12810,16996,13834,13770,10847,14969,11715,13371,17707,10533,13949,13974,18507,11375,15064
TR,70,11589,16637,13148,17408,14222,14088,11134,15332,12043,13679,18116,10811,14317,14313,18955,11694,15486
TR,71,11825,16893,13395,17698,14510,14305,11343,15587,12287,13890,18395,11014,14586,14552,19271,11930,15800
TR,72,12110,17218,13697,18059,14860,14580,11598,15905,12584,14157,18748,11262,14915,14849,19664,12218,16181
TR,73,12384,17524,13986,18402,15198,14839,11843,16207,12869,14409,19081,11500,15229,15131,20038,12496,16549
TR,74,12672,17843,14287,18760,15550,15110,12098,16522,13167,14671,19429,11747,15557,15425,20428,12786,16932
TR,75,12988,18198,14621,19156,15938,15410,12381,16871,13496,14963,19815,12022,15921,15750,20859,13105,17355
TR,76,13288,18522,14936,19522,16308,15684,12647,17193,13809,15229,20168,12281,16264,16051,21257,13409,17758
TR,77,13630,18896,15294,19941,16726,16001,12951,17562,14163,15537,20575,12575,16653,16396,21714,13752,18213
TR,78,14008,19312,15692,20407,17190,16354,13288,17973,14556,15879,21029,12902,17087,16779,22221,14134,18718
TR,79,14383,19716,16086,20861,17650,16696,13622,18373,14946,16211,21469,13226,17516,17152,22715,14512,19219
TR,80,14958,20314,16692,21529,18356,17202,14134,18961,15543,16703,22120,13725,18176,17702,23443,15093,19988
TR,81,15600,20917,17362,22211,19144,17712,14702,19562,16211,17198,22776,14275,18905,18262,24185,15741,20846
TR,82,16485,21758,18291,23155,20230,18424,15489,20393,17130,17890,23692,15039,19917,19039,25213,16634,22028
TR,83,17573,22767,19432,24289,21564,19279,16455,21392,18260,18720,24791,15977,21159,19971,26448,17730,23481
TR,84,18904,23985,20829,25655,23197,20311,17638,22595,19643,19721,26117,17126,22680,21094,27935,19073,25259
TR,85,20469,25386,22470,27231,25119,21497,19028,23983,21270,20873,27643,18475,24467,22390,29652,20653,27352
TR,86,22342,27048,24434,29099,27417,22904,20690,25628,23216,22239,29452,20090,26606,23926,31686,22543,29854
TR,87,24624,29069,26828,31369,30218,24616,22717,27628,25588,23901,31653,22059,29213,25792,34157,24846,32904
TR,88,27302,31412,29635,34001,33504,26599,25094,29946,28370,25828,34204,24367,32269,27956,37023,27548,36482
TR,89,30455,34139,32938,37070,37373,28909,27891,32648,31647,28070,37174,27082,35866,30480,40365,30729,40695
TR,90,34438,37671,37123,41027,42260,31900,31435,36134,35785,30974,41020,30523,40423,33733,44674,34747,46016
TR,91,38495,41131,41368,44925,47239,34830,35030,39567,40001,33819,44787,34014,45045,36938,48918,38841,51438
TR,92,43206,45134,46298,49437,53021,38219,39204,43540,44897,37110,49146,38067,50413,40648,53831,43595,57734
TR,93,48891,49958,52246,54871,59997,42304,44241,48326,50804,41077,54399,42958,56890,45116,59748,49331,65330
TR,94,56033,56011,59722,61690,68761,47430,50571,54332,58225,46053,60990,49105,65031,50723,67174,56537,74873
TR,95,66234,64740,70413,71502,81279,54821,59624,62974,68825,53231,70494,57895,76672,58791,77858,66829,88504
TR,96,79248,75308,83765,83762,97249,63770,70931,73771,82349,61920,82002,68873,91211,68871,91208,79960,105893
TR,97,99392,83762,97784,102631,121970,70929,82802,90390,103282,68871,91208,80400,106476,84385,111754,100286,132812
TR,98,138984,102080,126976,139465,170555,86441,107521,122830,144423,83932,111154,104402,138263,114671,151862,140234,185715
TR,99,266796,168846,230936,254094,327401,142978,195553,223788,277237,138829,183855,189881,251464,208922,276680,269196,356503
TR,99.1,283922,177397,244338,269708,348418,150219,206901,237539,295034,145860,193165,200900,266057,221760,293682,286477,379388
TR,99.2,305765,188139,261300,289611,375222,159316,221264,255068,317731,154692,204863,214847,284527,238125,315354,308516,408575
TR,99.3,331536,200245,280907,312989,406847,169566,237867,275658,344511,164646,218044,230968,305877,257347,340810,334519,443011
TR,99.4,364372,215015,305394,342694,447142,182074,258602,301820,378632,176790,234127,251102,332540,281771,373156,367650,486888
TR,99.5,407375,236639,339488,381485,499913,200385,287473,335984,423318,194570,257673,279135,369665,313665,415395,411040,544350
TR,99.6,464910,265385,385131,433140,570518,224727,326122,381478,483105,218205,288975,316663,419365,356137,471641,469093,621231
TR,99.7,558930,310901,458657,517311,685897,263270,388383,455610,580805,255630,338537,377118,499427,425345,563294,563960,746866
TR,99.8,744601,395377,599826,682768,913743,334803,507922,601333,773742,325088,430521,493190,653144,561387,743458,751300,994965
TR,99.9,938385,476618,741822,854719,1151548,403597,628161,752774,975110,391886,518984,609943,807762,702769,930694,946828,1253908
TR,99.91,996821,499856,783887,906150,1223258,423276,663781,798071,1035833,410993,544288,644529,853566,745057,986697,1005790,1331992
TR,99.92,1058966,523034,827504,960591,1299520,442902,700716,846019,1100411,430050,569526,680392,901060,789819,1045977,1068494,1415033
TR,99.93,1145607,555273,888077,1036721,1405841,470203,752008,913069,1190442,456558,604631,730197,967017,852415,1128874,1155914,1530805
TR,99.94,1258555,599844,969189,1135993,1544446,507945,820693,1000500,1307810,493205,653163,796889,1055339,934039,1236970,1269878,1681730
TR,99.95,1391454,650390,1063348,1252354,1707534,550747,900425,1102982,1445910,534765,708202,874308,1157868,1029713,1363674,1403972,1859315
TR,99.96,1584175,720968,1197523,1421166,1944034,610512,1014041,1251660,1646174,592796,785054,984630,1303969,1168514,1547492,1598428,2116837
TR,99.97,1890162,825613,1404321,1689082,2319529,699125,1189154,1487621,1964136,678837,899001,1154664,1529150,1388801,1839223,1907168,2525709
TR,99.98,2482184,1000766,1781599,2206888,3046033,847444,1508627,1943667,2579327,822852,1089723,1464870,1939963,1814552,2403056,2504516,3316791
TR,99.99,3083909,1178016,2164666,2732831,3784445,997538,1833001,2406879,3204601,968591,1282728,1779836,2357081,2246994,2975749,3111655,4120840
TR,99.991,3273920,1234492,2286018,2898966,4017618,1045362,1935760,2553199,3402048,1015027,1344225,1879615,2489220,2383594,3156652,3303375,4374740
TR,99.992,3489122,1295835,2421310,3087018,4281706,1097306,2050323,2718821,3625673,1065464,1411020,1990855,2636538,2538215,3361420,3520514,4662302
TR,99.993,3752356,1343803,2565652,3314525,4604736,1137926,2172549,2919193,3899209,1104905,1463252,2109536,2793710,2725276,3609149,3786116,5014046
TR,99.994,4085449,1408949,2750856,3604040,5013494,1193091,2329376,3174177,4245338,1158469,1534189,2261815,2995377,2963322,3924399,4122206,5459138
TR,99.995,4530189,1482400,2986438,3990832,5559260,1255290,2528863,3514835,4707484,1218862,1614169,2455516,3251899,3281351,4345573,4570947,6053416
TR,99.996,5157364,1592236,3323778,4536563,6328903,1348298,2814516,3995475,5359204,1309172,1733768,2732884,3619225,3730063,4939813,5203765,6891472
TR,99.997,6124473,1847854,3914209,5382307,7515699,1564754,3314483,4740346,6364161,1519347,2012108,3218350,4262139,4425452,5860734,6179575,8183761
TR,99.998,7964485,2127837,4870219,6980329,9773686,1801842,4124016,6147767,8276185,1749555,2316978,4004402,5303127,5739382,7600803,8036142,10642458
TR,99.999,18591179,2519066,9334370,16227300,22814323,2133133,7904180,14291828,19318767,2071232,2742982,7674926,10164092,13342447,17669727,18758443,24842263
NG,0,10,56,52,-35,11,53,49,-26,10,46,61,43,57,-29,-38,9,12
NG,1,10,64,59,7,11,60,55,5,10,52,70,48,64,6,8,9,12
NG,2,10,78,69,35,11,73,65,26,10,64,85,56,75,29,38,9,12
NG,3,10,110,96,69,11,104,90,53,10,90,121,79,105,56,75,9,12
NG,4,10,182,152,129,11,171,142,98,10,149,198,124,166,106,141,9,12
NG,5,52,273,258,136,57,256,242,103,53,223,298,211,281,111,148,47,62
NG,6,138,662,634,318,150,622,596,241,141,542,722,519,692,260,347,123,164
NG,7,224,1002,973,488,243,941,914,370,228,820,1093,796,1061,399,532,199,265
NG,8,311,1305,1280,645,336,1226,1202,490,316,1068,1424,1047,1396,528,704,275,367
NG,9,397,1582,1568,792,430,1486,1472,601,404,1294,1726,1283,1711,648,864,352,469
NG,10,484,1836,1837,929,523,1724,1725,705,491,1502,2003,1503,2004,760,1013,428,571
NG,11,571,2078,2095,1063,617,1952,1968,807,579,1700,2267,1714,2285,870,1160,505,673
NG,12,657,2308,2344,1193,711,2167,2201,905,667,1888,2518,1918,2557,976,1301,582,776
NG,13,744,2529,2587,1319,804,2376,2429,1001,755,2069,2759,2117,2822,1079,1439,658,877
NG,14,831,2735,2816,1439,899,2569,2645,1092,844,2238,2984,2304,3072,1177,1570,736,981
NG,15,917,2934,3040,1557,993,2756,2855,1182,932,2401,3201,2487,3316,1274,1699,812,1083
NG,16,1004,3126,3258,1672,1086,2936,3060,1269,1020,2558,3411,2666,3554,1368,1824,889,1185
NG,17,1091,3315,3473,1787,1180,3114,3261,1356,1109,2712,3617,2842,3789,1462,1949,965,1287
NG,18,1178,3497,3682,1899,1274,3284,3458,1441,1197,2861,3814,3013,4017,1554,2072,1042,1390
NG,19,1264,3675,3888,2009,1368,3452,3652,1525,1285,3007,4009,3181,4241,1644,2192,1119,1492
NG,20,1318,3761,3996,2069,1427,3533,3753,1570,1340,3077,4103,3269,4359,1693,2257,1168,1557
NG,21,1364,3821,4075,2116,1476,3589,3827,1606,1386,3126,4168,3334,4445,1731,2308,1208,1610
NG,22,1411,3882,4157,2162,1526,3646,3904,1641,1434,3176,4235,3401,4535,1769,2359,1249,1665
NG,23,1451,3929,4222,2201,1569,3690,3965,1671,1474,3215,4286,3454,4606,1801,2401,1284,1712
NG,24,1488,3969,4279,2236,1610,3727,4019,1697,1512,3247,4329,3501,4668,1829,2439,1317,1756
NG,25,1531,4017,4348,2276,1656,3773,4084,1727,1555,3287,4383,3557,4743,1862,2483,1355,1807
NG,26,1573,4060,4412,2315,1703,3813,4144,1757,1599,3322,4429,3610,4813,1894,2525,1393,1858
NG,27,1614,4100,4472,2351,1746,3851,4200,1784,1640,3355,4473,3659,4879,1924,2565,1429,1905
NG,28,1652,4133,4525,2384,1787,3882,4250,1809,1678,3382,4509,3702,4936,1951,2601,1462,1949
NG,29,1695,4180,4592,2423,1833,3926,4312,1839,1722,3420,4560,3757,5009,1982,2643,1500,2000
NG,30,1729,4208,4637,2452,1870,3952,4355,1861,1756,3443,4590,3794,5059,2006,2675,1530,2040
NG,31,1781,4283,4733,2507,1927,4022,4445,1903,1810,3504,4672,3872,5163,2051,2735,1577,2102
NG,32,1823,4334,4803,2550,1972,4071,4511,1935,1853,3546,4728,3930,5240,2086,2782,1613,2151
NG,33,1867,4387,4874,2593,2020,4121,4577,1968,1897,3589,4786,3988,5317,2122,2829,1653,2204
NG,34,1912,4441,4948,2637,2069,4171,4647,2001,1943,3634,4845,4048,5398,2158,2877,1693,2257
NG,35,1955,4484,5011,2676,2114,4211,4707,2031,1986,3669,4892,4100,5467,2189,2919,1730,2306
NG,36,2003,4543,5091,2724,2167,4267,4782,2067,2035,3717,4956,4165,5554,2229,2972,1773,2364
NG,37,2050,4598,5167,2770,2218,4319,4853,2102,2083,3762,5016,4228,5637,2266,3022,1815,2420
NG,38,2097,4654,5244,2816,2269,4371,4925,2137,2131,3808,5077,4291,5721,2304,3072,1856,2475
NG,39,2144,4671,5294,2828,2319,4387,4972,2146,2178,3822,5096,4331,5775,2314,3085,1897,2530
NG,40,2152,4710,5320,2887,2328,4424,4996,2191,2187,3854,5139,4353,5804,2362,3149,1905,2540
NG,41,2200,4722,5366,2897,2380,4435,5040,2198,2235,3863,5151,4390,5854,2370,3160,1947,2596
NG,42,2247,4772,5438,2941,2431,4482,5107,2232,2283,3904,5206,4449,5932,2406,3208,1989,2652
NG,43,2292,4820,5507,2983,2480,4527,5172,2264,2329,3944,5258,4506,6008,2441,3254,2029,2705
NG,44,2338,4871,5577,3027,2529,4575,5238,2297,2375,3985,5314,4563,6084,2477,3302,2069,2759
NG,45,2385,4921,5648,3071,2581,4621,5305,2331,2424,4026,5368,4621,6161,2513,3350,2112,2816
NG,46,2441,4985,5739,3124,2641,4682,5390,2371,2480,4079,5438,4696,6261,2556,3408,2161,2881
NG,47,2497,5054,5832,3181,2702,4747,5477,2414,2537,4135,5513,4772,6362,2603,3470,2211,2948
NG,48,2547,5104,5904,3226,2756,4793,5545,2448,2588,4176,5568,4831,6441,2639,3519,2255,3007
NG,49,2598,5163,5987,3276,2811,4850,5623,2486,2640,4224,5633,4898,6531,2680,3574,2300,3067
NG,50,2636,5188,6031,3306,2852,4873,5665,2509,2679,4245,5660,4934,6579,2705,3607,2333,3111
NG,51,2693,5250,6119,3360,2913,4931,5747,2550,2736,4295,5727,5006,6675,2749,3665,2383,3178
NG,52,2747,5312,6204,3413,2972,4989,5827,2590,2792,4346,5794,5076,6768,2792,3723,2432,3242
NG,53,2806,5380,6299,3470,3036,5053,5916,2634,2852,4402,5869,5154,6872,2839,3785,2484,3312
NG,54,2864,5442,6387,3524,3099,5112,5999,2675,2911,4453,5937,5226,6968,2883,3844,2536,3381
NG,55,2925,5516,6485,3585,3164,5180,6091,2721,2972,4513,6017,5306,7075,2933,3911,2589,3452
NG,56,2986,5580,6578,3642,3230,5241,6178,2764,3033,4565,6087,5382,7176,2980,3973,2643,3524
NG,57,3046,5642,6668,3697,3295,5299,6263,2806,3094,4616,6155,5456,7274,3025,4033,2696,3595
NG,58,3107,5700,6757,3751,3361,5353,6346,2847,3157,4664,6218,5528,7371,3069,4092,2750,3667
NG,59,3172,5776,6860,3815,3431,5425,6443,2895,3223,4726,6302,5613,7484,3121,4162,2807,3743
NG,60,3255,5881,7001,3900,3522,5523,6575,2959,3308,4812,6416,5728,7637,3191,4255,2882,3842
NG,61,3318,5944,7093,3956,3589,5583,6661,3002,3371,4863,6485,5803,7738,3237,4316,2936,3915
NG,62,3384,6019,7196,4021,3661,5653,6758,3052,3438,4925,6566,5888,7850,3290,4387,2995,3994
NG,63,3453,6089,7298,4084,3736,5719,6854,3099,3508,4982,6642,5971,7961,3341,4455,3057,4076
NG,64,3525,6166,7409,4152,3814,5792,6958,3151,3582,5045,6727,6062,8083,3397,4529,3121,4161
NG,65,3606,6256,7535,4228,3902,5875,7077,3209,3665,5119,6824,6165,8220,3459,4612,3193,4257
NG,66,3688,6339,7658,4303,3990,5954,7192,3266,3747,5186,6916,6266,8354,3521,4694,3265,4353
NG,67,3770,6426,7783,4379,4079,6036,7310,3323,3831,5258,7011,6368,8491,3583,4777,3337,4450
NG,68,3862,6534,7930,4469,4178,6137,7448,3391,3924,5346,7128,6488,8651,3656,4875,3418,4558
NG,69,3954,6638,8076,4558,4278,6234,7585,3459,4018,5431,7241,6608,8810,3729,4972,3500,4667
NG,70,4059,6758,8243,4659,4392,6347,7742,3536,4125,5529,7372,6744,8992,3812,5083,3593,4791
NG,71,4153,6863,8389,4749,4493,6445,7879,3604,4219,5615,7487,6864,9152,3886,5181,3676,4901
NG,72,4260,6980,8557,4850,4609,6556,8036,3680,4329,5711,7615,7001,9335,3968,5291,3771,5028
NG,73,4369,7101,8727,4953,4727,6669,8196,3759,4439,5810,7747,7140,9520,4052,5403,3868,5157
NG,74,4477,7208,8888,5049,4844,6770,8347,3832,4549,5897,7863,7272,9696,4131,5508,3963,5284
NG,75,4587,7327,9057,5152,4963,6881,8506,3910,4661,5995,7993,7410,9880,4215,5620,4061,5414
NG,76,4715,7467,9257,5273,5102,7013,8694,4001,4791,6109,8145,7574,10099,4314,5752,4174,5566
NG,77,4853,7615,9472,5401,5251,7152,8896,4098,4931,6230,8307,7750,10333,4419,5892,4296,5728
NG,78,5000,7770,9698,5535,5410,7297,9108,4200,5081,6357,8476,7935,10580,4529,6038,4426,5902
NG,79,5148,7921,9923,5668,5570,7440,9319,4302,5231,6481,8641,8119,10825,4637,6183,4557,6076
NG,80,5321,8109,10194,5829,5757,7616,9574,4424,5407,6635,8846,8341,11121,4769,6359,4710,6280
NG,81,5486,8273,10443,5975,5935,7770,9807,4535,5574,6769,9025,8544,11392,4889,6518,4856,6475
NG,82,5674,8473,10734,6147,6138,7958,10081,4665,5765,6932,9243,8782,11710,5029,6706,5022,6696
NG,83,5877,8684,11046,6330,6358,8156,10374,4804,5972,7105,9473,9038,12050,5179,6905,5202,6936
NG,84,6119,8952,11431,6557,6620,8408,10736,4976,6218,7324,9766,9353,12470,5365,7153,5416,7222
NG,85,6379,9220,11833,6789,6901,8660,11113,5152,6481,7544,10059,9682,12909,5555,7406,5646,7528
NG,86,6656,9500,12260,7033,7201,8923,11514,5337,6763,7773,10364,10031,13375,5754,7672,5892,7856
NG,87,6994,9847,12784,7331,7567,9248,12006,5563,7106,8057,10742,10460,13946,5998,7997,6191,8255
NG,88,7372,10207,13358,7649,7976,9586,12545,5804,7491,8351,11135,10929,14572,6258,8344,6526,8701
NG,89,7828,10635,14051,8028,8469,9989,13196,6093,7954,8701,11602,11496,15328,6568,8758,6929,9239
NG,90,8464,11268,15043,8570,9157,10583,14128,6504,8600,9219,12293,12308,16411,7012,9349,7492,9989
NG,91,9130,11903,16065,9123,9877,11179,15088,6924,9277,9739,12985,13144,17525,7464,9952,8081,10775
NG,92,9919,12662,17282,9783,10731,11893,16231,7424,10078,10360,13814,14140,18853,8004,10672,8780,11707
NG,93,10921,13621,18830,10614,11816,12793,17685,8054,11097,11144,14859,15406,20542,8684,11579,9668,12890
NG,94,12219,14853,20835,11681,13219,13950,19568,8864,12415,12152,16204,17047,22729,9557,12743,10816,14421
NG,95,14080,16596,23710,13190,15233,15587,22268,10010,14307,13579,18105,19399,25865,10792,14389,12463,16618
NG,96,16650,19044,27704,15296,18014,17887,26019,11608,16918,15581,20776,22667,30223,12515,16687,14739,19652
NG,97,20395,22499,33480,18295,22065,21131,31444,13884,20723,18408,24545,27393,36524,14969,19958,18053,24071
NG,98,26550,28087,42945,23161,28724,26379,40333,17576,26977,22980,30640,35137,46849,18950,25267,23501,31335
NG,99,31681,32905,50894,27319,34275,30904,47799,20732,32191,26922,35896,41641,55521,22352,29803,28043,37391
NG,99.1,33025,34095,52951,28363,35730,32022,49730,21524,33557,27896,37195,43324,57765,23206,30941,29234,38978
NG,99.2,34572,35455,55314,29556,37404,33299,51950,22429,35129,29009,38678,45257,60343,24182,32243,30603,40804
NG,99.3,36442,37097,58173,30996,39426,34841,54635,23522,37028,30352,40469,47596,63461,25360,33814,32258,43010
NG,99.4,38645,39012,61536,32679,41811,36640,57794,24800,39268,31919,42558,50348,67130,26737,35650,34209,45612
NG,99.5,41715,41706,66239,35035,45132,39170,62211,26588,42387,34123,45497,54196,72261,28665,38220,36926,49235
NG,99.6,45616,45085,72203,37999,49353,42344,67812,28837,46351,36888,49183,59075,78767,31090,41453,40380,53840
NG,99.7,51478,50148,81171,42438,55693,47099,76234,32206,52306,41030,54707,66413,88550,34722,46296,45567,60756
NG,99.8,62181,59374,97565,50510,67273,55764,91631,38332,63182,48579,64771,79826,106435,41326,55102,55042,73389
NG,99.9,73194,68460,113873,58807,79188,64298,106948,44628,74372,56013,74684,93169,124225,48115,64153,64790,86387
NG,99.91,76463,69769,116812,61226,82725,65527,109708,46464,77694,57084,76111,95573,127431,50094,66792,67684,90245
NG,99.92,80049,70927,119665,63864,86605,66615,112387,48466,81337,58031,77375,97908,130544,52252,69670,70859,94478
NG,99.93,84199,71942,122520,66907,91095,67568,115068,50775,85554,58862,78482,100244,133658,54742,72989,74532,99376
NG,99.94,89516,73035,125860,70821,96847,68595,118205,53745,90957,59756,79675,102976,137302,57944,77259,79238,105651
NG,99.95,96093,74666,130400,75655,103963,70127,122469,57413,97640,61090,81454,106691,142255,61900,82533,85061,113414
NG,99.96,104887,78803,139256,82115,113477,74012,130786,62316,106575,64475,85967,113937,151916,67185,89580,92845,123793
NG,99.97,118896,85679,153686,92458,128633,80470,144339,70165,120810,70101,93468,125743,167657,75647,100863,105245,140327
NG,99.98,144314,99546,181811,111246,156133,93494,170753,84424,146637,81447,108596,148754,198339,91019,121359,127745,170327
NG,99.99,169051,110500,205847,129362,182897,103782,193327,98171,171773,90409,120546,168420,224560,105842,141122,149643,199524
NG,99.991,176248,112824,211698,134580,190682,105965,198822,102132,179085,92311,123081,173207,230943,110111,146815,156013,208017
NG,99.992,184558,117110,220391,140814,199673,109990,206987,106862,187529,95817,127756,180320,240427,115211,153615,163369,217825
NG,99.993,194519,119345,227293,147915,210450,112089,213469,112251,197650,97646,130195,185967,247956,121021,161362,172186,229582
NG,99.994,206935,125184,239839,157008,223883,117573,225251,119152,210266,102423,136564,196232,261643,128461,171281,183177,244236
NG,99.995,222859,132302,255385,168682,241111,124258,239852,128011,226446,108247,144330,208951,278602,138013,184017,197273,263030
NG,99.996,244595,141529,275831,184665,264627,132924,259054,140140,248532,115796,154395,225680,300907,151090,201453,216513,288684
NG,99.997,277286,156455,307663,208953,299995,146943,288951,158572,281749,128009,170678,251724,335632,170962,227949,245450,327267
NG,99.998,337338,173476,352108,253110,364965,162929,330692,192082,342768,141935,189247,288088,384118,207090,276120,298608,398144
NG,99.999,608946,121895,369817,453110,658817,114484,347325,343860,618748,99732,132976,302578,403437,370726,494302,539032,718709
FR,0,8323,11779,9754,11703,9536,10726,8882,10602,8684,9087,13125,7525,10869,9028,13040,7356,10626
FR,1,8522,12083,9972,12010,9765,11003,9080,10880,8892,9321,13464,7693,11112,9265,13383,7533,10881
FR,2,8522,12084,9975,12016,9765,11004,9083,10885,8892,9322,13466,7695,11115,9269,13389,7533,10881
FR,3,8522,12086,9983,12019,9765,11005,9090,10888,8892,9323,13467,7701,11124,9272,13393,7533,10881
FR,4,8522,12091,9984,12033,9765,11010,9091,10900,8892,9327,13472,7702,11125,9283,13408,7533,10881
FR,5,8522,12106,9988,12054,9765,11024,9095,10920,8892,9339,13489,7705,11129,9299,13432,7533,10881
FR,6,8717,12360,10193,12312,9988,11255,9282,11153,9095,9535,13773,7863,11358,9498,13719,7705,11129
FR,7,8898,12549,10389,12512,10195,11427,9461,11334,9284,9681,13983,8014,11576,9652,13942,7865,11360
FR,8,9161,12758,10665,12742,10496,11618,9712,11543,9558,9842,14216,8227,11884,9830,14198,8097,11696
FR,9,9483,12960,11001,12968,10866,11801,10017,11747,9894,9998,14441,8486,12258,10004,14450,8382,12108
FR,10,9653,12989,11151,13034,11060,11828,10155,11807,10072,10020,14474,8602,12425,10055,14524,8532,12324
FR,11,10077,13214,11600,13278,11546,12033,10563,12028,10514,10194,14724,8949,12926,10243,14795,8907,12866
FR,12,10177,13304,11676,13411,11661,12114,10632,12149,10618,10263,14824,9007,13010,10346,14944,8996,12994
FR,13,10676,13498,12209,13616,12233,12291,11118,12335,11140,10413,15040,9418,13604,10504,15172,9437,13631
FR,14,10724,13640,12227,13810,12287,12421,11134,12510,11189,10522,15199,9432,13624,10653,15388,9479,13691
FR,15,11281,14009,12828,14198,12926,12757,11682,12861,11771,10807,15610,9896,14294,10953,15821,9971,14403
FR,16,11885,14613,13488,14830,13619,13306,12282,13435,12401,11273,16283,10405,15029,11440,16525,10506,15175
FR,17,12511,15176,14173,15416,14335,13820,12906,13966,13053,11707,16911,10933,15793,11892,17178,11058,15973
FR,18,12532,15253,14176,15523,14359,13890,12909,14062,13075,11767,16997,10936,15796,11975,17297,11077,16000
FR,19,12760,15372,14417,15652,14620,13998,13128,14179,13314,11858,17129,11122,16065,12074,17441,11278,16291
FR,20,13020,15624,14696,15922,14918,14228,13383,14423,13585,12053,17410,11337,16376,12283,17742,11508,16623
FR,21,13103,15708,14783,16014,15014,14304,13462,14507,13672,12118,17503,11404,16472,12354,17844,11582,16730
FR,22,13372,16026,15081,16344,15322,14593,13733,14806,13952,12363,17857,11634,16805,12608,18212,11820,17073
FR,23,13526,16214,15250,16542,15498,14765,13887,14985,14113,12508,18067,11764,16993,12761,18433,11956,17269
FR,24,13718,16452,15463,16790,15718,14981,14080,15210,14313,12692,18332,11929,17230,12952,18709,12125,17514
FR,25,13827,16591,15581,16937,15843,15108,14189,15343,14427,12799,18487,12020,17362,13066,18873,12222,17654
FR,26,14031,16790,15799,17151,16077,15289,14387,15537,14640,12952,18709,12188,17605,13231,19111,12402,17914
FR,27,14194,16935,15971,17310,16264,15421,14543,15681,14810,13064,18870,12320,17796,13353,19288,12547,18123
FR,28,14400,17123,16189,17515,16499,15593,14742,15867,15024,13209,19080,12489,18039,13512,19517,12728,18385
FR,29,14518,17201,16308,17607,16635,15663,14850,15950,15148,13269,19166,12580,18172,13583,19619,12833,18536
FR,30,14602,17231,16385,17652,16731,15691,14921,15990,15236,13292,19200,12640,18258,13617,19669,12907,18643
FR,31,14748,17338,16534,17774,16898,15788,15056,16101,15387,13375,19319,12755,18424,13711,19805,13036,18829
FR,32,15005,17573,16808,18029,17193,16002,15306,16332,15656,13556,19582,12966,18729,13908,20089,13263,19158
FR,33,15353,17914,17183,18392,17591,16312,15647,16661,16019,13819,19961,13255,19147,14188,20494,13570,19601
FR,34,15642,18187,17491,18686,17923,16561,15928,16927,16321,14030,20265,13493,19490,14415,20822,13826,19971
FR,35,15965,18502,17839,19022,18293,16848,16244,17232,16658,14273,20616,13762,19878,14674,21196,14112,20384
FR,36,16255,18844,18158,19381,18626,17160,16535,17557,16961,14537,20998,14008,20233,14951,21596,14369,20755
FR,37,16333,18932,18239,19478,18715,17240,16609,17645,17042,14605,21096,14070,20323,15026,21704,14437,20854
FR,38,16852,19453,18801,20029,19309,17714,17120,18144,17583,15007,21676,14504,20950,15451,22318,14896,21516
FR,39,17152,19717,19118,20316,19653,17954,17409,18404,17896,15210,21970,14748,21303,15672,22638,15161,21899
FR,40,17334,19854,19305,20472,19862,18080,17580,18545,18086,15316,22124,14892,21511,15793,22812,15322,22132
FR,41,17734,20250,19737,20894,20320,18440,17972,18928,18504,15621,22564,15226,21993,16118,23282,15675,22642
FR,42,18152,20681,20189,21350,20798,18832,18384,19341,18939,15954,23044,15574,22496,16470,23790,16044,23175
FR,43,18725,21367,20824,22063,21456,19457,18963,19987,19538,16483,23809,16064,23204,17020,24584,16552,23908
FR,44,18838,21542,20949,22247,21585,19617,19077,20154,19655,16618,24004,16161,23343,17162,24790,16651,24052
FR,45,19008,21789,21139,22504,21780,19841,19249,20386,19833,16809,24279,16307,23555,17360,25076,16802,24269
FR,46,19426,22248,21595,22989,22259,20259,19664,20826,20269,17163,24791,16659,24063,17734,25616,17171,24803
FR,47,19605,22408,21781,23168,22465,20405,19834,20988,20457,17286,24969,16802,24270,17872,25816,17330,25032
FR,48,19746,22519,21923,23295,22625,20506,19964,21103,20603,17372,25093,16912,24428,17970,25957,17454,25211
FR,49,19812,22519,21982,23307,22700,20506,20017,21114,20671,17372,25093,16958,24494,17980,25971,17511,25294
FR,50,19842,22541,22002,23348,22736,20526,20035,21151,20704,17389,25118,16973,24517,18011,26016,17539,25334
FR,51,20095,22742,22267,23568,23026,20709,20276,21351,20968,17544,25341,17177,24812,18181,26261,17763,25658
FR,52,20215,22804,22383,23648,23162,20765,20382,21422,21091,17592,25410,17267,24941,18243,26351,17868,25809
FR,53,20403,22938,22574,23803,23379,20888,20557,21563,21289,17695,25560,17414,25154,18362,26523,18035,26051
FR,54,20651,23126,22830,24015,23663,21058,20789,21755,21548,17840,25768,17612,25439,18526,26760,18254,26367
FR,55,21006,23432,23204,24351,24069,21337,21130,22059,21917,18076,26109,17900,25856,18785,27134,18568,26820
FR,56,21573,24032,23818,24986,24719,21884,21689,22635,22509,18539,26778,18374,26540,19275,27842,19069,27544
FR,57,21781,24231,24036,25205,24957,22065,21887,22833,22726,18692,27000,18542,26783,19444,28086,19253,27809
FR,58,22003,24449,24271,25444,25211,22263,22101,23050,22958,18861,27243,18723,27045,19628,28352,19448,28092
FR,59,22559,25042,24873,26073,25849,22803,22650,23619,23538,19318,27904,19188,27716,20113,29053,19941,28803
FR,60,22717,25222,25039,26269,26030,22967,22801,23797,23703,19457,28104,19316,27901,20265,29271,20080,29005
FR,61,23036,25591,25383,26663,26394,23304,23114,24154,24035,19742,28516,19581,28284,20569,29710,20361,29410
FR,62,23186,25775,25542,26863,26566,23471,23259,24335,24191,19884,28720,19704,28461,20723,29933,20494,29602
FR,63,23438,26072,25813,27182,26856,23742,23505,24624,24455,20113,29052,19913,28763,20969,30289,20717,29925
FR,64,23815,26510,26222,27647,27288,24140,23878,25045,24849,20451,29540,20228,29219,21328,30807,21051,30407
FR,65,24016,26744,26436,27901,27519,24354,24073,25275,25059,20631,29801,20393,29457,21524,31090,21229,30664
FR,66,24283,27016,26717,28198,27824,24601,24329,25545,25336,20841,30103,20610,29770,21753,31421,21464,31004
FR,67,24529,27262,26974,28469,28105,24825,24563,25790,25593,21031,30378,20809,30057,21962,31723,21681,31317
FR,68,24767,27500,27224,28731,28379,25042,24791,26028,25842,21214,30643,21001,30335,22164,32015,21892,31622
FR,69,25291,28052,27786,29323,28978,25545,25302,26563,26388,21640,31258,21435,30962,22621,32674,22354,32290
FR,70,25698,28475,28220,29779,29446,25929,25698,26976,26814,21966,31729,21770,31445,22972,33182,22715,32811
FR,71,26128,28919,28678,30259,29938,26334,26114,27411,27262,22309,32224,22123,31955,23343,33717,23095,33359
FR,72,26533,29340,29109,30714,30402,26717,26507,27824,27684,22634,32693,22456,32436,23694,34224,23453,33877
FR,73,26848,29695,29444,31099,30763,27040,26812,28173,28013,22908,33089,22714,32809,23991,34653,23731,34279
FR,74,26999,29876,29600,31301,30936,27205,26954,28355,28171,23047,33290,22834,32983,24146,34878,23865,34472
FR,75,27283,30205,29900,31658,31262,27505,27227,28679,28467,23301,33657,23066,33317,24422,35276,24116,34835
FR,76,27521,30513,30153,31993,31533,27786,27458,28982,28715,23539,34001,23261,33599,24680,35649,24325,35137
FR,77,28025,31121,30698,32640,32112,28339,27954,29569,29241,24008,34678,23681,34206,25179,36370,24772,35782
FR,78,28450,31646,31156,33203,32599,28817,28371,30078,29685,24413,35262,24035,34717,25614,36998,25148,36325
FR,79,28958,32294,31706,33893,33180,29408,28872,30704,30215,24913,35985,24459,35330,26146,37766,25596,36972
FR,80,29183,32641,31947,34267,33438,29723,29091,31042,30449,25180,36371,24645,35598,26435,38183,25795,37259
FR,81,29262,32801,32026,34447,33528,29869,29163,31205,30531,25304,36549,24706,35686,26573,38384,25864,37360
FR,82,29471,32931,32230,34609,33769,29987,29349,31352,30750,25404,36694,24863,35913,26698,38564,26050,37628
FR,83,30051,33443,32835,35176,34433,30453,29900,31865,31355,25799,37265,25330,36588,27136,39196,26563,38368
FR,84,31107,34485,33960,36302,35644,31403,30924,32886,32458,26603,38426,26198,37841,28004,40451,27497,39718
FR,85,32119,35475,35034,37374,36802,32304,31903,33857,33513,27366,39530,27026,39038,28831,41645,28390,41008
FR,86,33297,36679,36292,38671,38152,33400,33048,35032,34742,28295,40870,27997,40440,29832,43091,29432,42512
FR,87,34045,37689,37104,39748,39010,34320,33787,36008,35523,29074,41996,28623,41344,30663,44291,30093,43468
FR,88,34450,38296,37537,40404,39474,34873,34181,36602,35946,29543,42673,28957,41827,31169,45022,30451,43985
FR,89,35145,39135,38276,41311,40269,35637,34854,37424,36670,30190,43608,29527,42650,31868,46032,31065,44871
FR,90,36554,40742,39788,43035,41884,37100,36231,38986,38140,31430,45398,30694,44335,33198,47953,32311,46671
FR,91,37559,41872,40854,44262,43035,38129,37202,40097,39188,32301,46657,31516,45523,34145,49321,33198,47953
FR,92,38369,42950,41719,45428,43964,39111,37990,41153,40034,33133,47859,32183,46487,35044,50620,33915,48988
FR,93,39293,44187,42705,46765,45023,40237,38887,42365,40999,34087,49237,32944,47586,36076,52110,34732,50168
FR,94,41313,46287,44846,49045,47337,42149,40838,44429,43106,35707,51577,34595,49971,37835,54650,36517,52747
FR,95,48598,52400,52558,55693,55685,47716,47860,50452,50707,40423,58388,40545,58565,42963,62058,42957,62049
FR,96,58542,61413,63132,65438,67078,55924,57488,59280,61082,47376,68432,48702,70347,50481,72917,51746,74744
FR,97,61813,65211,66607,69557,70827,59382,60653,63011,64496,50306,72664,51383,74219,53658,77506,54638,78922
FR,98,81470,80286,85028,88766,93349,73109,77427,80413,85005,61935,89462,65593,94745,68477,98911,72012,104017
FR,99,113943,97249,109008,119470,130558,88556,99264,108228,118888,75021,108363,84092,121466,92163,133124,100716,145479
FR,99.1,128340,104394,119760,132530,147054,95062,109054,120059,133909,80533,116325,92386,133447,102237,147676,113442,163860
FR,99.2,146122,115052,134669,148736,167430,104768,122631,134739,152463,88754,128201,103888,150060,114739,165734,129160,186565
FR,99.3,158996,123528,145504,161245,182181,112486,132498,146072,165896,95293,137645,112246,162133,124389,179673,140540,203002
FR,99.4,163826,127431,149497,166814,187715,116040,136134,151116,170935,98304,141995,115326,166582,128685,185878,144809,209168
FR,99.5,174764,133850,158064,177344,200248,121885,143935,160656,182349,103256,149148,121935,176128,136808,197612,154477,223133
FR,99.6,199884,147158,178364,199230,229031,134004,162421,180482,208558,113522,163977,137595,198748,153692,221999,176681,255206
FR,99.7,260049,180148,228557,251007,297968,164045,208127,227387,271333,138971,200737,176315,254678,193634,279694,229861,332021
FR,99.8,391245,247198,333982,363343,448296,225101,304128,329152,408223,190696,275449,257643,372151,280293,404868,345828,499530
FR,99.9,538609,313083,446852,485802,617149,285096,406909,440087,561983,241521,348864,344714,497921,374762,541322,476086,687680
FR,99.91,565001,325250,468094,506920,647389,296176,426252,459217,589520,250907,362422,361101,521590,391053,564854,499414,721376
FR,99.92,572152,325437,473105,510134,655582,296346,430815,462129,596981,251051,362630,364967,527174,393532,568435,505735,730506
FR,99.93,666075,370803,548566,587697,763201,337657,499531,532393,694979,286048,413181,423179,611259,453366,654862,588755,850424
FR,99.94,799056,433644,654345,697258,915573,394881,595854,631644,833732,334525,483204,504780,729127,537885,776945,706299,1020210
FR,99.95,891436,470938,724828,769979,1021424,428841,660037,697523,930121,363295,524760,559153,807665,593984,857977,787956,1138158
FR,99.96,1113328,563561,893340,948899,1275672,513184,813486,859606,1161642,434747,627968,689148,995436,732008,1057345,984090,1421463
FR,99.97,1468812,697861,1151703,1233896,1682992,635479,1048754,1117783,1532552,538350,777617,888457,1283326,951863,1374913,1298308,1875334
FR,99.98,2152284,941329,1636372,1780045,2466127,857183,1490099,1612538,2245684,726168,1048910,1262344,1823386,1373178,1983479,1902441,2747970
FR,99.99,2923304,1181376,2152854,2394196,3349576,1075772,1960414,2168896,3050162,911347,1316391,1660773,2398894,1846951,2667818,2583959,3732385
FR,99.991,3293032,1287785,2391920,2689386,3773217,1172669,2178110,2436308,3435936,993434,1434961,1845195,2665282,2074669,2996744,2910767,4204442
FR,99.992,3618482,1370620,2593005,2948467,4146123,1248099,2361220,2671009,3775508,1057335,1527262,2000318,2889348,2274532,3285435,3198438,4619966
FR,99.993,3805999,1423224,2712654,3098583,4360984,1296000,2470174,2806998,3971163,1097916,1585878,2092619,3022672,2390335,3452707,3364188,4859382
FR,99.994,4160357,1525587,2943262,3380161,4767014,1389213,2680169,3062080,4340898,1176881,1699940,2270516,3279635,2607553,3766465,3677411,5311816
FR,99.995,4817110,1710294,3365233,3902986,5519534,1557409,3064420,3535705,5026152,1319370,1905756,2596037,3749831,3010875,4349042,4257926,6150338
FR,99.996,5739107,1942744,3933774,4635879,6575976,1769080,3582140,4199631,5988160,1498688,2164772,3034626,4383348,3576250,5165694,5072896,7327516
FR,99.997,6910754,2175959,4601030,5564714,7918470,1981448,4189751,5041061,7210651,1678597,2424640,3549366,5126862,4292779,6200681,6108534,8823438
FR,99.998,10047951,2865162,6441888,8058261,11513128,2609043,5866058,7299959,10483988,2210268,3192609,4969456,7178104,6216373,8979205,8881556,12828914
FR,99.999,35631004,4748791,18079796,28306559,40826665,4324293,16463673,25642842,37177236,3663353,5291510,13947271,20146058,21836488,31541594,31494856,45492570
RU,0,596,3382,1245,2834,681,2971,1094,2564,598,2706,3720,996,1370,2267,3117,545,749
RU,1,596,3455,1264,2945,681,3035,1111,2664,598,2764,3800,1011,1390,2356,3240,545,749
RU,2,596,3532,1284,3059,681,3103,1128,2767,598,2826,3885,1027,1412,2447,3365,545,749
RU,3,596,3614,1306,3177,681,3175,1147,2874,598,2891,3975,1045,1437,2542,3495,545,749
RU,4,596,3702,1328,3263,681,3252,1167,2952,598,2962,4072,1062,1461,2610,3589,545,749
RU,5,686,3740,1396,3300,784,3286,1227,2985,689,2992,4114,1117,1536,2640,3630,627,862
RU,6,914,4303,1707,3783,1044,3781,1500,3423,917,3442,4734,1366,1878,3026,4161,835,1148
RU,7,1184,4839,2047,4291,1352,4251,1798,3882,1188,3871,5323,1638,2252,3433,4720,1082,1487
RU,8,1481,5299,2390,4742,1692,4655,2100,4290,1486,4239,5829,1912,2629,3794,5216,1354,1861
RU,9,1797,5683,2734,5133,2052,4992,2401,4644,1802,4546,6251,2187,3007,4106,5646,1642,2257
RU,10,2127,6005,3074,5475,2429,5275,2701,4953,2134,4804,6605,2459,3381,4380,6023,1943,2672
RU,11,2468,6431,3445,5906,2818,5649,3027,5343,2476,5145,7074,2756,3790,4725,6497,2254,3100
RU,12,2816,6836,3820,6323,3215,6005,3356,5720,2825,5469,7519,3056,4202,5058,6955,2572,3537
RU,13,3172,7222,4195,6726,3622,6344,3686,6085,3182,5778,7944,3356,4614,5381,7399,2898,3984
RU,14,3533,7591,4571,7116,4033,6669,4016,6437,3543,6073,8351,3657,5028,5693,7828,3226,4436
RU,15,3898,7948,4947,7494,4451,6982,4347,6780,3910,6358,8742,3958,5442,5995,8243,3561,4896
RU,16,4262,8300,5322,7871,4866,7292,4676,7120,4275,6640,9130,4258,5854,6297,8658,3893,5353
RU,17,4627,8637,5693,8235,5282,7588,5002,7450,4640,6910,9501,4554,6262,6588,9058,4226,5810
RU,18,5010,8994,6085,8618,5720,7901,5346,7797,5025,7195,9893,4868,6694,6894,9480,4576,6292
RU,19,5356,9270,6428,8927,6115,8143,5647,8076,5372,7416,10197,5142,7071,7142,9820,4892,6727
RU,20,5513,9366,6575,9046,6295,8228,5777,8184,5530,7493,10302,5260,7233,7237,9951,5036,6925
RU,21,5686,9541,6751,9235,6492,8382,5931,8355,5704,7633,10495,5401,7426,7388,10158,5194,7141
RU,22,5848,9715,6919,9422,6677,8535,6078,8524,5866,7772,10687,5535,7611,7538,10364,5342,7345
RU,23,6037,9948,7120,9664,6894,8739,6255,8743,6056,7958,10943,5696,7832,7731,10630,5515,7583
RU,24,6124,10018,7202,9747,6993,8800,6327,8818,6143,8014,11019,5762,7922,7798,10722,5594,7692
RU,25,6292,10220,7379,9961,7184,8978,6483,9011,6311,8176,11242,5903,8117,7969,10957,5747,7902
RU,26,6420,10351,7509,10104,7330,9094,6597,9141,6440,8281,11386,6007,8260,8083,11114,5864,8063
RU,27,6565,10503,7656,10270,7495,9227,6726,9291,6584,8402,11554,6125,8422,8216,11297,5996,8244
RU,28,6672,10591,7758,10372,7618,9305,6815,9384,6693,8473,11651,6206,8534,8298,11409,6094,8380
RU,29,6838,10765,7928,10561,7807,9457,6965,9554,6859,8612,11842,6342,8721,8449,11617,6246,8588
RU,30,6951,10853,8034,10664,7936,9534,7059,9648,6972,8682,11938,6427,8837,8531,11730,6349,8730
RU,31,7098,10999,8183,10826,8105,9663,7189,9794,7120,8799,12099,6546,9001,8661,11909,6484,8916
RU,32,7271,11183,8359,11025,8302,9824,7344,9974,7294,8946,12302,6687,9195,8820,12128,6642,9132
RU,33,7454,11383,8548,11239,8511,10000,7509,10167,7477,9106,12521,6838,9403,8991,12363,6809,9362
RU,34,7605,11534,8699,11406,8684,10132,7642,10319,7629,9227,12687,6959,9569,9125,12547,6947,9552
RU,35,7753,11683,8847,11570,8852,10263,7772,10467,7777,9346,12851,7078,9732,9256,12727,7082,9737
RU,36,7930,11874,9028,11776,9053,10431,7932,10654,7954,9499,13061,7222,9931,9421,12954,7242,9958
RU,37,8022,11940,9114,11859,9159,10490,8007,10729,8047,9552,13134,7291,10025,9487,13045,7327,10075
RU,38,8232,12182,9333,12116,9399,10702,8199,10961,8258,9746,13400,7466,10266,9693,13328,7519,10339
RU,39,8325,12251,9418,12200,9505,10762,8274,11037,8350,9801,13476,7534,10360,9760,13420,7604,10456
RU,40,8371,12251,9451,12217,9558,10763,8303,11053,8397,9801,13477,7561,10396,9774,13439,7646,10514
RU,41,8446,12302,9518,12284,9643,10808,8361,11113,8472,9842,13533,7614,10470,9827,13512,7714,10607
RU,42,8583,12445,9655,12442,9799,10933,8482,11256,8609,9956,13689,7724,10620,9954,13686,7839,10779
RU,43,8738,12615,9812,12626,9977,11082,8620,11423,8765,10092,13876,7850,10793,10101,13889,7982,10975
RU,44,8852,12726,9924,12753,10106,11180,8718,11538,8879,10181,13999,7939,10916,10202,14028,8085,11117
RU,45,8977,12855,10048,12896,10250,11293,8828,11667,9005,10284,14140,8038,11053,10317,14186,8200,11275
RU,46,9159,13065,10236,13123,10457,11478,8993,11873,9187,10452,14372,8189,11260,10498,14435,8366,11503
RU,47,9280,13188,10354,13262,10596,11585,9096,11997,9309,10550,14506,8283,11389,10610,14588,8477,11656
RU,48,9437,13359,10514,13450,10776,11736,9237,12168,9467,10687,14695,8411,11565,10760,14795,8621,11854
RU,49,9574,13498,10648,13605,10931,11858,9355,12308,9604,10798,14848,8518,11713,10884,14966,8745,12024
RU,50,9669,13575,10737,13699,11040,11925,9432,12393,9699,10860,14932,8590,11811,10959,15069,8832,12144
RU,51,9867,13794,10939,13936,11266,12118,9610,12607,9898,11035,15173,8751,12033,11149,15330,9013,12393
RU,52,10028,13957,11099,14118,11450,12261,9751,12772,10059,11166,15352,8879,12209,11294,15530,9160,12595
RU,53,10203,14131,11272,14312,11650,12414,9903,12948,10235,11305,15545,9018,12399,11450,15743,9320,12815
RU,54,10427,14369,11499,14571,11905,12623,10102,13182,10459,11495,15805,9199,12649,11657,16028,9524,13096
RU,55,10627,14568,11699,14793,12134,12798,10278,13383,10660,11654,16025,9359,12869,11834,16272,9707,13347
RU,56,10904,14869,11983,15118,12450,13063,10528,13677,10938,11895,16356,9586,13181,12094,16630,9960,13695
RU,57,11094,15051,12171,15322,12667,13222,10692,13862,11129,12041,16556,9737,13388,12258,16854,10134,13934
RU,58,11256,15196,12327,15490,12851,13349,10829,14013,11290,12157,16715,9862,13560,12392,17039,10281,14136
RU,59,11525,15489,12601,15809,13159,13607,11070,14302,11561,12391,17038,10081,13861,12647,17390,10527,14475
RU,60,11596,15519,12659,15857,13240,13633,11121,14346,11632,12415,17071,10127,13925,12686,17443,10592,14564
RU,61,11816,15752,12880,16114,13491,13838,11316,14578,11853,12602,17327,10304,14168,12891,17725,10793,14840
RU,62,12021,15965,13085,16351,13725,14025,11496,14792,12058,12772,17562,10468,14394,13081,17986,10980,15098
RU,63,12241,16196,13304,16606,13977,14228,11688,15023,12279,12957,17815,10643,14634,13285,18267,11182,15375
RU,64,12479,16447,13543,16884,14249,14449,11898,15274,12518,13158,18092,10834,14897,13507,18572,11399,15674
RU,65,12705,16680,13768,17141,14505,14653,12096,15507,12743,13344,18348,11014,15145,13713,18855,11604,15956
RU,66,12988,16987,14055,17478,14830,14923,12348,15812,13029,13590,18686,11244,15461,13982,19226,11864,16313
RU,67,13223,17232,14290,17750,15098,15138,12554,16058,13264,13786,18955,11432,15719,14200,19525,12078,16608
RU,68,13492,17521,14561,18068,15405,15392,12792,16346,13534,14017,19273,11649,16017,14454,19875,12324,16946
RU,69,13719,17758,14786,18334,15664,15601,12990,16586,13761,14206,19534,11829,16265,14667,20167,12531,17230
RU,70,14064,18148,15137,18756,16058,15943,13298,16968,14107,14518,19963,12110,16651,15005,20632,12846,17664
RU,71,14282,18370,15352,19007,16307,16138,13487,17195,14326,14696,20207,12282,16887,15206,20908,13046,17938
RU,72,14577,18686,15648,19356,16644,16416,13747,17511,14622,14949,20555,12518,17213,15485,21292,13315,18308
RU,73,14847,18963,15915,19665,16952,16658,13982,17791,14893,15170,20859,12732,17506,15732,21632,13562,18647
RU,74,15191,19322,16260,20062,17344,16975,14285,18150,15238,15458,21255,13008,17886,16050,22068,13875,19078
RU,75,15564,19704,16632,20485,17771,17309,14612,18532,15612,15763,21674,13306,18295,16388,22534,14217,19548
RU,76,15943,20077,17009,20901,18204,17638,14943,18909,15992,16062,22085,13607,18710,16721,22991,14563,20024
RU,77,16390,20519,17455,21392,18713,18026,15335,19353,16440,16415,22571,13964,19200,17114,23531,14970,20584
RU,78,16878,21004,17942,21929,19270,18452,15763,19838,16930,16803,23105,14354,19736,17543,24122,15416,21197
RU,79,17342,21462,18405,22438,19800,18854,16169,20299,17395,17170,23608,14724,20246,17950,24682,15840,21780
RU,80,17882,22021,18947,23054,20416,19345,16646,20856,17936,17617,24223,15158,20842,18443,25359,16333,22458
RU,81,18291,22424,19351,23508,20884,19700,17000,21267,18348,17939,24667,15481,21286,18806,25859,16707,22972
RU,82,18749,22892,19806,24029,21408,20111,17400,21738,18807,18314,25181,15845,21787,19223,26432,17126,23549
RU,83,19225,23379,20279,24572,21950,20538,17816,22230,19284,18703,25717,16223,22307,19658,27029,17560,24145
RU,84,19745,23909,20796,25163,22544,21004,18270,22765,19805,19127,26300,16637,22876,20130,27679,18035,24798
RU,85,20312,24473,21357,25794,23191,21500,18763,23335,20374,19578,26921,17086,23493,20635,28373,18553,25510
RU,86,20970,25109,22009,26506,23942,22058,19336,23979,21034,20087,27620,17607,24210,21205,29157,19154,26336
RU,87,21825,25932,22861,27422,24920,22781,20084,24808,21893,20746,28525,18289,25147,21938,30164,19936,27412
RU,88,22889,26922,23917,28525,26134,23651,21012,25806,22959,21538,29614,19134,26309,22820,31378,20907,28747
RU,89,24522,28363,25542,30129,27999,24916,22440,27257,24598,22690,31199,20434,28096,24103,33142,22399,30799
RU,90,28006,31401,29024,33486,31976,27585,25499,30294,28092,25121,34541,23219,31926,26789,36835,25581,35174
RU,91,32553,35074,33543,37580,37168,30812,29469,33997,32654,28059,38582,26834,36897,30064,41338,29734,40885
RU,92,37987,39414,38936,42422,43371,34625,34206,38378,38103,31531,43356,31149,42830,33938,46664,34697,47708
RU,93,44238,44389,45139,47974,50509,38995,39656,43401,44374,35511,48827,36111,49653,38379,52771,40407,55560
RU,94,51797,50393,52638,54677,59141,44270,46245,49465,51957,40314,55432,42110,57902,43742,60145,47313,65055
RU,95,62368,58923,63145,64175,71209,51764,55475,58057,62560,47138,64816,50516,69460,51340,70592,56967,78330
RU,96,74624,68534,75291,74920,85203,60207,66146,67778,74853,54827,75388,60233,82820,59936,82412,68162,93723
RU,97,91416,81660,91929,89601,104376,71738,80763,81060,91698,65328,89826,73543,101122,71681,98561,83501,114814
RU,98,118269,95444,112308,113052,135035,83847,98666,102275,118632,76355,104988,89846,123539,90442,124357,108028,148538
RU,99,159651,114211,141272,149576,182283,100334,124112,135318,160142,91369,125632,113018,155399,119661,164534,145826,200511
RU,99.1,179798,124045,156629,166516,205287,108973,137603,150643,180351,99236,136450,125303,172292,133213,183168,164230,225816
RU,99.2,211848,139225,180895,193153,241880,122309,158923,174742,212500,111380,153148,144716,198985,154522,212468,193504,266068
RU,99.3,258179,162513,217450,231261,294779,142767,191037,209216,258973,130010,178765,173960,239195,185009,254387,235823,324257
RU,99.4,322768,192610,266589,284085,368523,169207,234207,257005,323760,154088,211871,213271,293248,227268,312494,294818,405375
RU,99.5,411867,230351,331180,356853,470254,202362,290953,322837,413134,184281,253386,264944,364298,285482,392538,376203,517279
RU,99.6,520737,276770,410618,445445,594557,243141,360741,402984,522338,221416,304447,328494,451680,356356,489990,475646,654013
RU,99.7,645846,331663,503051,547506,737403,291364,441947,495317,647833,265330,364829,402441,553356,438005,602257,589922,811143
RU,99.8,774029,385801,595269,652929,883756,338924,522964,590690,776409,308641,424381,476215,654796,522343,718222,707005,972132
RU,99.9,916819,443025,695733,769836,1046789,389195,611225,696453,919639,354420,487327,556586,765306,615869,846820,837431,1151468
RU,99.91,997179,473379,751312,834801,1138542,415861,660052,755226,1000247,378703,520717,601050,826443,667841,918281,910834,1252396
RU,99.92,1100920,509271,820571,918194,1256989,447392,720899,830669,1104307,407417,560198,656457,902628,734555,1010013,1005591,1382688
RU,99.93,1261740,562927,925961,1047801,1440607,494528,813488,947922,1265621,450342,619219,740769,1018557,838241,1152581,1152486,1584668
RU,99.94,1490362,643556,1079572,1232030,1701639,565361,948440,1114590,1494947,514845,707912,863658,1187529,985624,1355233,1361311,1871803
RU,99.95,1783117,736672,1267892,1467423,2035895,647163,1113885,1327544,1788601,589338,810340,1014314,1394681,1173938,1614165,1628716,2239484
RU,99.96,2189767,851098,1516473,1794488,2500193,747685,1332272,1623433,2196502,680878,936208,1213178,1668120,1435590,1973937,2000154,2750212
RU,99.97,2774783,999957,1860312,2265166,3168142,878457,1634346,2049245,2783318,799966,1099953,1488250,2046343,1812133,2491683,2534514,3484956
RU,99.98,3833363,1266158,2479936,3116609,4376789,1112313,2178706,2819526,3845154,1012926,1392773,1983949,2727930,2493287,3428270,3501431,4814468
RU,99.99,5234172,1526102,3220051,4243067,5976179,1340673,2828922,3838608,5250272,1220882,1678713,2576041,3542056,3394454,4667374,4780943,6573797
RU,99.991,5830181,1661605,3556483,4722415,6656680,1459711,3124488,4272263,5848115,1329284,1827765,2845186,3912131,3777932,5194656,5325344,7322348
RU,99.992,6580654,1830067,3978323,5325882,7513541,1607705,3495089,4818206,6600896,1464054,2013074,3182658,4376155,4260706,5858470,6010833,8264895
RU,99.993,7501187,2022743,4483693,6066043,8564571,1776970,3939074,5487813,7524260,1618194,2225018,3586954,4932062,4852834,6672647,6851657,9421028
RU,99.994,8611717,2236057,5076768,6959003,9832532,1964365,4460109,6295654,8638206,1788846,2459663,4061414,5584445,5567202,7654903,7866026,10815785
RU,99.995,9868338,2451040,5725006,7969402,11267294,2153227,5029608,7209739,9898693,1960832,2696144,4580005,6297507,6375522,8766342,9013835,12394023
RU,99.996,11177320,2645882,6375024,9021915,12761840,2324395,5600670,8161923,11211701,2116706,2910471,5100019,7012526,7217532,9924106,10209472,14038024
RU,99.997,12418667,2802487,6967032,10020053,14179163,2461971,6120770,9064917,12456866,2241990,3082736,5573626,7663735,8016042,11022058,11343330,15597079
RU,99.998,15318410,2858859,8087198,12344576,17489980,2511493,7104872,11167860,15365529,2287087,3144744,6469758,8895918,9875661,13579034,13991984,19238978
RU,99.999,23691488,1869073,10324591,19054214,27050043,1641971,9070496,17237919,23764363,1495258,2055981,8259673,11357050,15243371,20959635,21640034,29755047
ES,0,7602,11830,9375,10607,8219,10559,8367,9374,7335,9464,13013,7500,10312,8486,11668,6575,9041
ES,1,7602,11849,9393,10645,8219,10576,8383,9408,7335,9479,13034,7514,10332,8516,11710,6575,9041
ES,2,7602,11939,9410,10761,8219,10656,8399,9510,7335,9551,13133,7528,10351,8609,11837,6575,9041
ES,3,7602,12127,9483,11005,8219,10824,8464,9726,7335,9702,13340,7586,10431,8804,12106,6575,9041
ES,4,7602,12156,9527,11132,8219,10850,8503,9838,7335,9725,13372,7622,10480,8906,12245,6575,9041
ES,5,7724,12443,9548,11549,8350,11106,8522,10207,7453,9954,13687,7638,10503,9239,12704,6680,9185
ES,6,7823,12484,9566,11741,8457,11142,8538,10376,7548,9987,13732,7653,10523,9393,12915,6766,9303
ES,7,8307,12574,9808,11848,8981,11223,8754,10471,8016,10059,13831,7846,10789,9478,13033,7185,9879
ES,8,8312,12941,9870,12304,8986,11551,8809,10874,8020,10353,14236,7896,10857,9843,13534,7189,9885
ES,9,8830,13087,10332,12475,9545,11681,9222,11025,8520,10470,14396,8266,11365,9980,13723,7636,10500
ES,10,8908,13240,10363,12688,9630,11817,9249,11214,8595,10592,14564,8290,11399,10150,13957,7704,10593
ES,11,9377,13379,10881,12806,10138,11941,9712,11318,9049,10703,14717,8705,11969,10245,14087,8110,11152
ES,12,9510,13576,11022,13009,10281,12117,9837,11497,9176,10861,14933,8818,12124,10407,14310,8225,11309
ES,13,9943,13649,11507,13051,10749,12182,10270,11534,9594,10919,15013,9206,12658,10441,14356,8599,11824
ES,14,10117,13702,11690,13106,10938,12230,10434,11583,9762,10962,15072,9352,12859,10485,14417,8750,12032
ES,15,10728,13968,12378,13333,11598,12467,11048,11783,10351,11174,15365,9902,13616,10666,14666,9278,12758
ES,16,11324,14653,13043,14002,12242,13078,11641,12375,10927,11722,16118,10434,14347,11202,15402,9794,13466
ES,17,11469,14706,13180,14074,12398,13126,11763,12438,11066,11765,16177,10544,14498,11259,15481,9918,13638
ES,18,11769,14991,13501,14363,12723,13380,12050,12694,11355,11993,16490,10801,14851,11490,15799,10178,13995
ES,19,11916,15080,13647,14466,12882,13460,12180,12784,11498,12064,16588,10918,15012,11573,15913,10306,14170
ES,20,12314,15478,14078,14865,13312,13815,12565,13138,11882,12382,17026,11262,15486,11892,16352,10650,14643
ES,21,12473,15578,14247,14966,13484,13904,12716,13226,12035,12462,17136,11398,15672,11973,16463,10787,14832
ES,22,12580,15644,14329,15067,13600,13963,12789,13316,12139,12515,17208,11463,15762,12054,16574,10880,14960
ES,23,12893,15791,14649,15230,13938,14094,13075,13459,12440,12633,17370,11719,16114,12184,16753,11150,15332
ES,24,13070,15945,14834,15391,14130,14231,13240,13602,12611,12756,17539,11867,16317,12313,16930,11304,15543
ES,25,13192,16049,14959,15502,14261,14324,13351,13701,12729,12839,17654,11967,16455,12402,17052,11409,15687
ES,26,13469,16405,15270,15851,14562,14643,13629,14009,12997,13124,18046,12216,16797,12681,17436,11650,16018
ES,27,13633,16574,15445,16024,14739,14793,13785,14161,13155,13259,18232,12356,16990,12819,17626,11791,16213
ES,28,13777,16744,15600,16195,14894,14945,13924,14313,13294,13395,18418,12480,17160,12956,17814,11915,16383
ES,29,13874,16897,15710,16346,14999,15082,14022,14446,13387,13518,18587,12568,17281,13077,17981,11999,16499
ES,30,13974,16995,15811,16450,15107,15169,14112,14538,13484,13596,18694,12649,17392,13160,18095,12086,16618
ES,31,13977,17008,15812,16469,15110,15180,14113,14555,13486,13606,18709,12650,17393,13175,18116,12088,16621
ES,32,14244,17337,16108,16794,15398,15474,14377,14842,13744,13870,19071,12886,17719,13435,18473,12318,16938
ES,33,14446,17527,16320,16991,15616,15643,14566,15016,13938,14022,19279,13056,17952,13593,18690,12493,17178
ES,34,14618,17569,16480,17056,15803,15681,14709,15074,14105,14055,19326,13184,18128,13645,18762,12642,17383
ES,35,14866,17805,16742,17299,16071,15892,14943,15288,14344,14244,19585,13394,18416,13839,19029,12857,17678
ES,36,15007,17880,16879,17388,16223,15958,15065,15367,14480,14304,19668,13503,18567,13910,19127,12978,17845
ES,37,15141,17945,17009,17469,16368,16017,15181,15439,14609,14356,19739,13607,18710,13975,19216,13094,18005
ES,38,15635,18461,17557,17973,16903,16477,15670,15884,15087,14769,20307,14046,19313,14378,19770,13522,18593
ES,39,15745,18535,17654,18070,17022,16544,15757,15970,15192,14828,20389,14123,19419,14456,19877,13618,18724
ES,40,15800,18543,17686,18106,17081,16550,15785,16002,15245,14834,20397,14149,19455,14485,19917,13665,18789
ES,41,15977,18567,17861,18142,17272,16572,15942,16033,15416,14854,20423,14289,19647,14514,19956,13818,18999
ES,42,16333,18962,18250,18538,17658,16925,16289,16383,15760,15170,20859,14600,20075,14830,20392,14126,19424
ES,43,16710,19334,18654,18916,18065,17256,16649,16717,16124,15467,21267,14923,20519,15133,20808,14452,19872
ES,44,16850,19530,18809,19112,18217,17431,16787,16890,16259,15624,21483,15047,20690,15290,21023,14574,20039
ES,45,17120,19766,19090,19358,18508,17642,17038,17108,16519,15813,21742,15272,20999,15486,21294,14806,20359
ES,46,17502,20109,19494,19712,18921,17948,17399,17421,16888,16087,22120,15595,21443,15770,21683,15137,20813
ES,47,17619,20195,19609,19810,19048,18025,17502,17507,17001,16156,22215,15687,21570,15848,21791,15238,20953
ES,48,17948,20467,19961,20086,19403,18268,17816,17751,17318,16374,22514,15969,21957,16069,22095,15522,21343
ES,49,17970,20489,19968,20124,19427,18287,17822,17785,17340,16391,22538,15974,21965,16099,22136,15542,21370
ES,50,18053,20527,20035,20186,19517,18321,17882,17840,17419,16422,22580,16028,22038,16149,22205,15614,21469
ES,51,18343,20743,20341,20408,19830,18514,18155,18036,17699,16594,22817,16273,22375,16326,22449,15864,21813
ES,52,18535,20914,20540,20590,20038,18667,18333,18197,17885,16731,23006,16432,22594,16472,22649,16030,22042
ES,53,18762,21094,20773,20782,20283,18828,18541,18367,18103,16875,23204,16618,22850,16626,22860,16226,22311
ES,54,19002,21372,21032,21063,20542,19075,18771,18615,18335,17098,23509,16826,23135,16850,23169,16434,22596
ES,55,19320,21709,21372,21407,20886,19376,19075,18919,18641,17367,23880,17098,23509,17126,23548,16709,22975
ES,56,19636,22084,21717,21784,21228,19711,19383,19252,18947,17667,24292,17374,23889,17427,23962,16982,23351
ES,57,19812,22334,21910,22035,21418,19934,19556,19474,19116,17867,24568,17528,24101,17628,24239,17134,23560
ES,58,20059,22668,22183,22368,21685,20232,19799,19768,19355,18134,24935,17746,24401,17894,24605,17348,23854
ES,59,20387,23013,22532,22721,22040,20540,20111,20080,19671,18410,25315,18026,24785,18177,24993,17632,24244
ES,60,20561,23223,22718,22937,22229,20728,20277,20271,19840,18578,25545,18174,24990,18350,25231,17783,24452
ES,61,20809,23449,22974,23175,22496,20929,20505,20482,20078,18759,25794,18379,25271,18540,25493,17997,24746
ES,62,21144,23740,23323,23481,22859,21189,20816,20752,20402,18992,26114,18658,25655,18785,25829,18287,25145
ES,63,21444,24070,23643,23819,23182,21484,21102,21050,20691,19256,26477,18914,26007,19055,26201,18546,25500
ES,64,21816,24517,24048,24269,23585,21882,21463,21448,21050,19614,26968,19238,26453,19415,26696,18868,25944
ES,65,22068,24799,24314,24559,23857,22134,21701,21705,21293,19839,27278,19451,26745,19647,27015,19086,26243
ES,66,22489,25145,24751,24924,24312,22443,22091,22027,21699,20116,27659,19801,27226,19939,27416,19450,26743
ES,67,22760,25360,25028,25157,24605,22635,22338,22233,21961,20288,27896,20022,27531,20126,27673,19684,27066
ES,68,23093,25647,25372,25461,24965,22891,22645,22502,22282,20518,28211,20298,27909,20369,28007,19972,27462
ES,69,23457,26095,25767,25913,25359,23291,22997,22902,22633,20876,28705,20614,28344,20730,28504,20287,27895
ES,70,23925,26590,26266,26420,25864,23732,23443,23349,23084,21272,29249,21013,28893,21136,29062,20691,28450
ES,71,24235,26897,26589,26741,26199,24007,23732,23633,23384,21518,29587,21271,29248,21393,29415,20959,28819
ES,72,24668,27342,27048,27199,26668,24403,24141,24037,23802,21874,30076,21638,29753,21759,29919,21334,29335
ES,73,25060,27803,27469,27669,27091,24816,24517,24453,24180,22242,30584,21975,30216,22135,30436,21673,29800
ES,74,25511,28250,27943,28132,27580,25214,24940,24862,24616,22600,31075,22354,30737,22506,30945,22064,30338
ES,75,25995,28762,28458,28658,28102,25671,25399,25327,25082,23010,31638,22766,31304,22926,31524,22482,30912
ES,76,26503,29306,28998,29217,28652,26157,25882,25821,25573,23445,32237,23198,31898,23374,32139,22922,31517
ES,77,27040,29876,29567,29803,29232,26666,26390,26339,26090,23901,32864,23654,32524,23842,32783,23386,32155
ES,78,27670,30485,30231,30433,29913,27209,26982,26895,26698,24388,33533,24185,33254,24346,33476,23930,32904
ES,79,28233,31012,30821,30983,30522,27679,27509,27382,27242,24810,34113,24657,33903,24786,34081,24418,33574
ES,80,29014,31870,31657,31859,31365,28446,28255,28156,27995,25496,35057,25326,34823,25487,35045,25092,34502
ES,81,29587,32507,32266,32512,31986,29014,28799,28733,28549,26006,35757,25813,35493,26010,35763,25589,35185
ES,82,30373,33340,33102,33367,32836,29757,29545,29489,29307,26672,36674,26482,36412,26694,36704,26269,36120
ES,83,31186,34201,33966,34252,33714,30526,30316,30271,30091,27361,37622,27173,37363,27402,37677,26971,37085
ES,84,31862,34908,34679,34983,34445,31157,30952,30917,30743,27926,38399,27743,38147,27986,38481,27556,37890
ES,85,32345,35521,35192,35614,34966,31704,31410,31475,31209,28417,39074,28154,38711,28491,39175,27973,38463
ES,86,32925,36210,35806,36324,35594,32319,31958,32102,31769,28968,39831,28645,39387,29059,39956,28475,39153
ES,87,33844,37097,36770,37249,36588,33111,32819,32919,32656,29678,40807,29416,40447,29799,40974,29270,40247
ES,88,34791,38102,37770,38287,37611,34008,33711,33837,33569,30482,41912,30216,41547,30630,42116,30089,41372
ES,89,36135,39261,39172,39503,39065,35042,34962,34911,34866,31409,43187,31338,43089,31602,43453,31252,42972
ES,90,38416,41556,41596,41856,41530,37090,37126,36991,37066,33245,45712,33277,45756,33485,46042,33224,45683
ES,91,40110,43183,43379,43544,43362,38543,38717,38483,38702,34546,47502,34703,47717,34835,47898,34690,47698
ES,92,42322,45289,45709,45724,45752,40422,40797,40410,40835,36231,49817,36567,50280,36579,50296,36602,50327
ES,93,44981,47758,48508,48285,48628,42626,43295,42673,43402,38206,52534,38806,53359,38628,53114,38902,53491
ES,94,48618,51090,52336,51738,52559,45600,46711,45724,46910,40872,56199,41869,57570,41390,56912,42047,57815
ES,95,54740,56735,58803,57563,59178,50638,52484,50873,52818,45388,62408,47042,64683,46050,63319,47342,65096
ES,96,62162,63294,66613,64362,67202,56493,59454,56881,59980,50635,69623,53290,73274,51490,70798,53762,73922
ES,97,74732,74084,79834,75552,80790,66124,71254,66771,72108,59267,81493,63867,87817,60442,83107,64632,88869
ES,98,101429,90983,102849,98490,109651,81206,91796,87043,97867,72786,100082,82279,113134,78792,108339,87721,120616
ES,99,138119,108004,128276,130219,149316,96398,114490,115084,133269,86403,118804,102621,141104,104175,143241,119453,164248
ES,99.1,147225,113222,135688,137945,159160,101055,121106,121912,142055,90578,124544,108550,149257,110356,151740,127328,175076
ES,99.2,159491,120467,145742,148504,172421,107522,130079,131244,153891,96374,132514,116594,160316,118803,163354,137937,189663
ES,99.3,174121,129535,157838,161428,188236,115616,140875,142665,168006,103628,142488,126270,173622,129142,177571,150589,207060
ES,99.4,192866,139732,172611,177286,208501,124717,154061,156681,186093,111786,153705,138089,189872,141829,195015,166801,229351
ES,99.5,217279,152266,192051,196948,234893,135904,171411,174057,209649,121813,167492,153641,211256,157558,216643,187914,258382
ES,99.6,250835,166776,218462,221474,271170,148855,194984,195732,242027,133421,183453,174770,240308,177179,243621,216936,298287
ES,99.7,311779,192967,264983,267401,337054,172231,236505,236322,300831,154374,212264,211986,291481,213921,294141,269643,370759
ES,99.8,439982,247834,359966,366875,475651,221203,321281,324233,424533,198267,272618,287973,395963,293500,403563,380521,523216
ES,99.9,581721,312852,470176,475802,628880,279234,419647,420500,561294,250282,344137,376141,517194,380642,523382,503104,691768
ES,99.91,616062,327235,496294,501394,666005,292071,442958,443117,594430,261788,359958,397035,545923,401115,551533,532804,732606
ES,99.92,647079,338936,519191,523911,699536,302515,463394,463017,624357,271149,372830,415353,571110,419129,576302,559629,769490
ES,99.93,722742,371380,576439,581403,781334,331473,514489,513827,697364,297104,408518,461151,634083,465122,639543,625067,859467
ES,99.94,829618,416224,656286,662681,896873,371498,585755,585658,800487,332979,457847,525029,721915,530145,728949,717498,986560
ES,99.95,928576,452839,726821,736475,1003854,404178,648710,650875,895970,362271,498123,581457,799503,589180,810123,803083,1104239
ES,99.96,1108670,518583,853206,871973,1198547,462857,761512,770625,1069739,414866,570441,682565,938527,697578,959170,958838,1318402
ES,99.97,1392876,617489,1048420,1085308,1505792,551135,935747,959164,1343965,493991,679237,838736,1153262,868246,1193839,1204634,1656371
ES,99.98,1965632,803171,1429448,1514338,2124981,716864,1275826,1338328,1896610,642537,883488,1143558,1572393,1211470,1665772,1699985,2337479
ES,99.99,2558769,958815,1789235,1957857,2766202,855784,1596946,1730296,2468919,767052,1054697,1431388,1968159,1566286,2153643,2212962,3042822
ES,99.991,2796502,1022704,1934287,2136280,3023208,912807,1726410,1887982,2698304,818163,1124974,1547430,2127716,1709024,2349908,2418566,3325529
ES,99.992,3005424,1080364,2063979,2292273,3249067,964271,1842164,2025844,2899890,864291,1188401,1651183,2270377,1833818,2521500,2599254,3573974
ES,99.993,3281546,1154275,2232977,2498637,3547573,1030240,1993000,2208223,3166316,923420,1269703,1786382,2456275,1998910,2748501,2838058,3902330
ES,99.994,3647703,1247314,2452177,2772382,3943413,1113281,2188642,2450150,3519615,997851,1372045,1961742,2697395,2217906,3049620,3154730,4337754
ES,99.995,4128221,1358434,2729360,3131453,4462886,1212460,2436037,2767487,3983261,1086747,1494277,2183488,3002296,2505162,3444598,3570309,4909175
ES,99.996,4844318,1504922,3123810,3666668,5237035,1343207,2788095,3240494,4674212,1203938,1655414,2499048,3436191,2933334,4033335,4189628,5760738
ES,99.997,5926449,1703931,3698764,4474866,6406892,1520831,3301259,3954756,5718345,1363145,1874324,2959011,4068640,3579893,4922353,5125514,7047581
ES,99.998,8341525,2230410,5060789,6279614,9017752,1990736,4516907,5549740,8048617,1784328,2453451,4048631,5566868,5023691,6907575,7214202,9919527
ES,99.999,27503640,3933456,13481402,20586067,29733292,3510777,12032559,18193365,26537863,3146765,4326801,10785122,14829542,16468854,22644674,23786634,32706621
GB,0,10199,15130,12645,14047,11419,13757,11498,12668,10383,11945,16722,9983,13976,11090,15526,9015,12621
GB,1,10552,15410,12781,14282,11813,14012,11622,12879,10742,12166,17032,10090,14126,11275,15785,9326,13056
GB,2,10552,15467,12933,14347,11813,14063,11760,12938,10742,12211,17095,10210,14294,11327,15857,9326,13056
GB,3,10552,15516,12993,14450,11813,14109,11815,13031,10742,12249,17150,10258,14361,11408,15971,9326,13056
GB,4,10552,15604,13014,14642,11813,14189,11834,13204,10742,12319,17247,10274,14384,11559,16183,9326,13056
GB,5,10552,15869,13028,15084,11813,14430,11846,13602,10742,12528,17540,10285,14399,11908,16672,9326,13056
GB,6,10823,15910,13075,15190,12117,14467,11889,13698,11018,12561,17585,10322,14451,11992,16789,9566,13392
GB,7,10858,16352,13081,15714,12156,14868,11895,14171,11053,12909,18073,10327,14458,12406,17368,9597,13436
GB,8,11408,16410,13596,15768,12773,14921,12363,14220,11614,12955,18137,10734,15027,12448,17428,10084,14118
GB,9,11515,16419,13668,15825,12892,14930,12428,14270,11723,12962,18147,10791,15107,12493,17491,10178,14249
GB,10,12029,16458,14224,15866,13467,14965,12934,14308,12246,12993,18190,11229,15721,12526,17536,10632,14885
GB,11,12171,16843,14361,16285,13627,15315,13058,14685,12391,13297,18616,11338,15873,12857,17999,10758,15061
GB,12,12670,16880,14918,16307,14185,15349,13564,14705,12898,13326,18657,11777,16488,12874,18024,11199,15678
GB,13,12824,16967,15061,16423,14358,15428,13695,14810,13055,13395,18753,11890,16646,12966,18152,11335,15869
GB,14,13321,17062,15609,16510,14913,15514,14193,14889,13561,13470,18858,12323,17252,13034,18248,11773,16483
GB,15,13474,17072,15765,16532,15085,15523,14335,14909,13717,13478,18869,12446,17424,13052,18272,11909,16673
GB,16,14154,17720,16544,17162,15847,16112,15043,15476,14410,13989,19585,13061,18285,13549,18969,12511,17515
GB,17,14192,17754,16568,17215,15889,16143,15065,15524,14447,14016,19623,13080,18312,13591,19027,12544,17562
GB,18,14436,17931,16831,17401,16163,16304,15305,15692,14697,14156,19819,13288,18603,13738,19233,12760,17864
GB,19,14676,18148,17091,17626,16431,16502,15541,15895,14941,14327,20058,13493,18890,13915,19481,12972,18161
GB,20,14777,18171,17188,17666,16545,16522,15629,15931,15044,14346,20084,13569,18997,13947,19526,13062,18287
GB,21,15006,18405,17440,17905,16800,16735,15858,16146,15277,14530,20342,13768,19276,14136,19790,13263,18568
GB,22,15208,18627,17665,18130,17027,16937,16062,16349,15483,14706,20588,13946,19524,14313,20038,13442,18819
GB,23,15369,18819,17844,18324,17206,17112,16225,16525,15645,14857,20800,14087,19722,14466,20253,13584,19017
GB,24,15463,18877,17939,18392,17312,17165,16312,16586,15741,14903,20865,14162,19827,14520,20328,13667,19134
GB,25,15487,18889,17955,18416,17339,17175,16326,16607,15766,14912,20877,14175,19845,14539,20355,13689,19164
GB,26,15670,19072,18155,18603,17544,17342,16509,16776,15952,15057,21080,14333,20066,14687,20561,13851,19391
GB,27,15749,19151,18239,18688,17633,17414,16585,16853,16033,15119,21167,14399,20159,14754,20655,13921,19489
GB,28,15980,19401,18495,18941,17891,17641,16817,17081,16269,15317,21443,14601,20442,14953,20935,14124,19774
GB,29,15987,19414,18497,18964,17900,17652,16819,17102,16276,15327,21457,14603,20444,14972,20960,14132,19784
GB,30,16023,19434,18529,18991,17940,17671,16848,17126,16313,15343,21480,14628,20479,14993,20990,14163,19828
GB,31,16191,19598,18710,19162,18127,17820,17013,17280,16483,15472,21661,14771,20679,15128,21179,14311,20035
GB,32,16276,19732,18807,19298,18223,17942,17102,17403,16570,15578,21810,14848,20787,15235,21329,14387,20141
GB,33,16551,20086,19121,19649,18531,18263,17387,17719,16850,15857,22200,15096,21134,15512,21717,14630,20482
GB,34,16582,20157,19154,19722,18564,18329,17417,17785,16880,15913,22279,15122,21170,15570,21798,14656,20518
GB,35,16801,20428,19402,19994,18811,18574,17642,18030,17104,16127,22578,15317,21444,15785,22099,14851,20791
GB,36,17003,20600,19617,20177,19036,18731,17838,18195,17310,16263,22768,15487,21682,15929,22301,15028,21040
GB,37,17192,20803,19824,20387,19248,18916,18026,18384,17502,16423,22993,15651,21911,16095,22533,15196,21274
GB,38,17338,20948,19980,20539,19411,19047,18168,18522,17650,16538,23153,15774,22083,16215,22701,15324,21454
GB,39,17582,21175,20244,20776,19684,19254,18408,18735,17899,16717,23404,15982,22375,16402,22963,15540,21756
GB,40,17630,21243,20294,20850,19739,19316,18453,18802,17949,16771,23480,16022,22430,16461,23045,15583,21817
GB,41,17839,21445,20519,21061,19973,19499,18658,18992,18161,16930,23702,16199,22679,16627,23278,15768,22075
GB,42,17923,21582,20614,21200,20066,19624,18744,19118,18246,17038,23853,16274,22784,16737,23432,15842,22178
GB,43,18092,21822,20806,21440,20256,19842,18919,19334,18418,17228,24119,16426,22996,16926,23697,15992,22388
GB,44,18213,21942,20934,21568,20391,19951,19035,19450,18542,17323,24251,16527,23138,17027,23838,16098,22537
GB,45,18506,22339,21270,21963,20719,20312,19341,19806,18840,17636,24690,16792,23509,17339,24275,16357,22900
GB,46,18853,22630,21642,22269,21107,20577,19678,20082,19193,17866,25012,17086,23920,17581,24613,16663,23329
GB,47,18982,22790,21782,22435,21252,20722,19806,20232,19325,17992,25189,17196,24075,17712,24797,16778,23489
GB,48,19231,23013,22049,22670,21531,20925,20049,20444,19578,18168,25435,17407,24370,17897,25056,16998,23797
GB,49,19272,23022,22083,22692,21577,20933,20080,20463,19620,18175,25445,17434,24408,17915,25081,17034,23848
GB,50,19476,23267,22309,22943,21805,21156,20286,20689,19827,18369,25716,17612,24657,18113,25358,17214,24100
GB,51,19675,23444,22519,23131,22028,21317,20477,20860,20030,18508,25911,17778,24889,18261,25566,17391,24347
GB,52,19974,23640,22833,23349,22363,21495,20762,21055,20335,18663,26128,18026,25236,18433,25807,17655,24717
GB,53,20391,24195,23308,23901,22829,22000,21194,21553,20758,19101,26742,18401,25761,18869,26417,18023,25232
GB,54,20584,24488,23528,24193,23045,22266,21394,21817,20955,19333,27065,18575,26005,19100,26740,18193,25471
GB,55,20825,24709,23786,24428,23315,22468,21629,22029,21200,19507,27310,18778,26290,19285,26999,18407,25769
GB,56,21344,25386,24378,25102,23897,23083,22167,22637,21729,20042,28059,19246,26944,19817,27744,18866,26412
GB,57,21561,25493,24597,25230,24139,23180,22366,22752,21950,20126,28177,19419,27186,19918,27886,19057,26680
GB,58,21888,25838,24955,25586,24506,23494,22691,23073,22283,20398,28558,19701,27582,20199,28279,19347,27086
GB,59,22370,26376,25491,26132,25046,23983,23179,23566,22774,20823,29152,20124,28174,20631,28883,19773,27682
GB,60,22404,26398,25517,26165,25083,24003,23202,23596,22808,20841,29176,20145,28203,20657,28919,19802,27723
GB,61,22795,26756,25939,26541,25521,24329,23586,23935,23206,21123,29573,20478,28669,20953,29335,20148,28207
GB,62,23190,27117,26366,26919,25963,24657,23974,24275,23608,21408,29971,20815,29141,21252,29753,20497,28696
GB,63,23579,27534,26792,27347,26399,25036,24362,24661,24004,21737,30433,21152,29612,21590,30226,20841,29178
GB,64,24034,28073,27300,27893,26908,25526,24824,25153,24467,22163,31028,21553,30174,22021,30829,21243,29740
GB,65,24375,28419,27669,28253,27290,25841,25159,25478,24815,22436,31410,21844,30582,22305,31227,21545,30163
GB,66,24903,29026,28256,28870,27881,26392,25693,26034,25352,22915,32081,22307,31230,22792,31909,22011,30816
GB,67,25388,29566,28792,29422,28423,26884,26180,26532,25845,23342,32678,22731,31823,23228,32519,22439,31415
GB,68,25790,30050,29237,29916,28874,27324,26585,26977,26255,23724,33214,23082,32315,23618,33065,22795,31913
GB,69,26352,30608,29851,30492,29504,27831,27143,27497,26828,24164,33830,23567,32993,24073,33702,23293,32610
GB,70,26696,30993,30225,30890,29888,28181,27484,27857,27177,24468,34256,23862,33407,24387,34142,23596,33034
GB,71,27096,31455,30665,31365,30336,28601,27884,28285,27585,24833,34766,24209,33893,24762,34667,23949,33529
GB,72,27668,32088,31296,32013,30977,29177,28457,28869,28167,25333,35466,24707,34590,25273,35383,24456,34238
GB,73,28124,32612,31798,32551,31487,29653,28913,29354,28631,25746,36045,25104,35145,25698,35977,24858,34801
GB,74,28626,33140,32344,33099,32049,30134,29410,29848,29142,26163,36629,25535,35749,26131,36583,25302,35423
GB,75,29302,33841,33084,33820,32806,30771,30083,30498,29830,26717,37403,26119,36567,26700,37380,25899,36259
GB,76,30000,34627,33854,34624,33587,31485,30784,31223,30541,27337,38272,26727,37418,27335,38269,26516,37122
GB,77,30483,35242,34390,35252,34128,32045,31270,31790,31032,27823,38951,27150,38010,27831,38963,26943,37720
GB,78,31151,35854,35109,35894,34876,32601,31924,32369,31713,28306,39628,27718,38805,28337,39672,27534,38547
GB,79,31828,36530,35844,36596,35634,33215,32593,33002,32402,28839,40375,28298,39617,28892,40448,28132,39385
GB,80,32660,37395,36754,37490,36566,34003,33420,33808,33250,29522,41332,29016,40623,29597,41436,28868,40415
GB,81,33400,38205,37563,38325,37394,34739,34156,34561,34003,30162,42226,29655,41517,30257,42359,29522,41330
GB,82,34241,39046,38477,39198,38335,35504,34987,35348,34858,30826,43156,30377,42527,30946,43324,30264,42370
GB,83,35416,40228,39761,40418,39651,36579,36154,36449,36054,31759,44463,31390,43946,31909,44673,31303,43825
GB,84,36370,41287,40808,41508,40719,37542,37107,37431,37026,32595,45633,32217,45104,32769,45877,32147,45005
GB,85,37204,42046,41702,42308,41653,38232,37920,38153,37875,33194,46472,32923,46092,33401,46761,32884,46038
GB,86,38393,43122,42986,43435,42984,39210,39087,39169,39085,34044,47661,33936,47511,34291,48007,33935,47509
GB,87,39662,44415,44369,44773,44405,40385,40344,40375,40377,35064,49090,35028,49039,35347,49486,35057,49079
GB,88,40979,45899,45816,46298,45880,41735,41660,41751,41718,36236,50731,36171,50639,36551,51171,36221,50709
GB,89,42521,47543,47502,47993,47607,43230,43193,43280,43288,37534,52547,37502,52502,37889,53045,37584,52618
GB,90,44883,49578,50055,50120,50250,45080,45514,45198,45692,39141,54796,39517,55324,39568,55396,39671,55539
GB,91,46798,51540,52141,52153,52394,46864,47412,47031,47641,40689,56966,41164,57630,41173,57643,41364,57909
GB,92,49234,53900,54789,54601,55121,49010,49819,49239,50121,42553,59573,43254,60556,43106,60348,43517,60923
GB,93,52398,56907,58229,57723,58664,51744,52947,52054,53343,44927,62897,45970,64358,45571,63799,46314,64839
GB,94,55936,60113,62059,61065,62625,54659,56430,55067,56944,47458,66440,48994,68592,48209,67493,49441,69217
GB,95,62424,66147,69125,67312,69889,60146,62855,60701,63549,52221,73110,54572,76401,53141,74397,55176,77246
GB,96,70161,73009,77520,74448,78550,66385,70489,67136,71425,57639,80694,61200,85680,58775,82285,62013,86818
GB,97,83443,83849,91307,86393,93422,76242,83025,77908,84948,66197,92675,72084,100918,68205,95487,73754,103256
GB,98,111467,98807,112243,112128,124797,89843,102062,101115,113477,78006,109208,88613,124058,88522,123931,98524,137934
GB,99,155997,123508,147168,152210,174653,112303,133819,137261,158811,97506,136509,116185,162659,120166,168232,137884,193038
GB,99.1,164836,126909,153668,159065,184548,115395,139730,143443,167808,100191,140268,121317,169844,125578,175809,145696,203974
GB,99.2,176062,130420,161445,167445,197116,118588,146801,151000,179236,102963,144148,127457,178439,132193,185071,155618,217865
GB,99.3,189192,137616,172600,178250,211817,125131,156944,160744,192604,108644,152102,136263,190768,140724,197013,167224,234114
GB,99.4,205631,146293,186373,191636,230221,133021,169468,172816,209339,115494,161692,147137,205991,151292,211808,181753,254455
GB,99.5,228671,158191,205438,210383,256016,143840,186804,189721,232794,124888,174843,162188,227063,166092,232529,202118,282965
GB,99.6,258036,171885,228867,233680,288893,156291,208107,210730,262688,135699,189978,180684,252958,184484,258278,228073,319303
GB,99.7,309653,194824,268861,274735,346683,177149,244473,247752,315237,153808,215332,212259,297162,216896,303654,273697,383176
GB,99.8,421127,243230,354415,363093,471488,221164,322268,327433,428721,192024,268833,279801,391722,286652,401313,372227,521118
GB,99.9,541134,298426,449762,457936,605844,271352,408966,412961,550890,235599,329840,355075,497105,361528,506140,478298,669617
GB,99.91,571481,311357,473444,481313,639821,283110,430499,434042,581785,245808,344132,373772,523280,379984,531978,505122,707171
GB,99.92,596803,320696,492462,500104,668171,291602,447793,450988,607564,253181,354454,388786,544300,394819,552747,527503,738505
GB,99.93,661833,348904,542884,551066,740978,317250,493641,496945,673766,275451,385630,428593,600030,435052,609073,584983,818976
GB,99.94,751636,386932,611593,621470,841520,351828,556118,560434,765189,305473,427661,482837,675971,490634,686888,664358,930101
GB,99.95,827455,414120,666319,679321,926406,376550,605880,612604,842375,326937,457711,526041,736458,536306,750828,731373,1023922
GB,99.96,973647,467305,771021,792543,1090080,424910,701084,714706,991203,368925,516495,608701,852181,625692,875969,860589,1204825
GB,99.97,1229846,560740,954390,991334,1376917,509868,867821,893974,1252022,442689,619766,753466,1054852,782632,1095685,1087040,1521856
GB,99.98,1718369,721939,1289050,1368854,1923860,656443,1172125,1234417,1749354,569952,797933,1017671,1424739,1080674,1512944,1518837,2126372
GB,99.99,2283504,877918,1646581,1805689,2556576,798270,1497226,1628349,2324678,693093,970330,1299932,1819905,1425544,1995762,2018349,2825689
GB,99.991,2462910,928026,1760649,1944370,2757436,843833,1600947,1753410,2507319,732652,1025713,1389986,1945980,1535029,2149041,2176923,3047692
GB,99.992,2631904,975168,1868617,2074384,2946639,886698,1699121,1870655,2679360,769869,1077817,1475224,2065314,1637672,2292740,2326294,3256812
GB,99.993,2913215,1055479,2049186,2291813,3261591,959723,1863312,2066730,2965744,833273,1166582,1617778,2264890,1809326,2533056,2574940,3604916
GB,99.994,3174329,1119835,2207873,2492616,3553930,1018240,2007605,2247812,3231566,884080,1237712,1743058,2440281,1967855,2754997,2805734,3928028
GB,99.995,3635153,1233653,2486915,2848349,4069861,1121733,2261336,2568608,3700699,973937,1363512,1963354,2748696,2248697,3148175,3213048,4498267
GB,99.996,4254499,1364780,2841319,3325904,4763272,1240963,2583593,2999262,4331213,1077458,1508441,2243147,3140405,2625714,3675999,3760478,5264669
GB,99.997,5118597,1521661,3311532,3991131,5730702,1383612,3011155,3599155,5210891,1201311,1681836,2614367,3660114,3150893,4411250,4524238,6333934
GB,99.998,7362360,2037763,4634672,5721776,8242785,1852892,4214278,5159830,7495112,1608760,2252265,3658952,5122532,4517192,6324068,6507462,9110447
GB,99.999,27771313,4177312,14213009,21447190,31092336,3798335,12923799,19340825,28272063,3297878,4617029,11220797,15709115,16931992,23704789,24546581,34365213
SA,0,179,582,262,450,225,501,226,402,194,485,631,218,284,375,487,188,244
SA,1,179,623,269,561,225,536,232,500,194,519,675,224,291,468,608,188,244
SA,2,179,692,284,683,225,596,245,609,194,577,750,237,308,569,740,188,244
SA,3,179,814,306,852,225,701,264,760,194,678,882,255,332,710,923,188,244
SA,4,179,1022,347,1119,225,880,299,998,194,852,1107,289,376,932,1212,188,244
SA,5,394,1214,562,1217,494,1046,484,1086,426,1012,1315,468,609,1014,1318,412,535
SA,6,841,2511,1184,2526,1056,2162,1020,2254,910,2092,2720,987,1283,2105,2736,880,1144
SA,7,1305,3826,1824,3856,1639,3295,1571,3441,1411,3188,4145,1520,1976,3213,4177,1366,1776
SA,8,1780,5153,2472,5203,2235,4438,2129,4643,1925,4294,5582,2060,2678,4336,5637,1862,2421
SA,9,2263,6470,3123,6545,2841,5573,2690,5841,2447,5392,7010,2602,3383,5454,7090,2368,3078
SA,10,2727,7640,3731,7746,3422,6580,3213,6913,2947,6367,8277,3109,4042,6455,8392,2852,3707
SA,11,3220,8740,4349,8891,4041,7527,3745,7934,3480,7283,9469,3624,4711,7409,9632,3368,4378
SA,12,3717,9718,4947,9923,4665,8369,4261,8855,4018,8098,10528,4122,5359,8269,10750,3888,5054
SA,13,4217,10615,5531,10880,5292,9142,4764,9709,4557,8846,11500,4609,5992,9067,11787,4410,5733
SA,14,4719,11433,6104,11764,5923,9847,5257,10498,5101,9528,12386,5087,6613,9803,12744,4936,6417
SA,15,5224,12266,6680,12664,6555,10564,5753,11301,5646,10222,13288,5567,7237,10553,13719,5462,7101
SA,16,5737,13091,7262,13560,7200,11275,6254,12101,6201,10909,14182,6052,7867,11300,14690,6000,7800
SA,17,6243,13973,7847,14510,7834,12034,6758,12949,6747,11644,15138,6539,8501,12092,15719,6528,8487
SA,18,6748,14883,8434,15486,8468,12818,7264,13819,7293,12402,16123,7028,9137,12905,16776,7057,9174
SA,19,7257,15881,9040,16549,9106,13677,7786,14768,7843,13234,17204,7533,9793,13791,17928,7588,9865
SA,20,7469,16234,9276,16941,9373,13981,7988,15118,8072,13528,17586,7730,10049,14118,18353,7811,10154
SA,21,7588,16419,9401,17155,9523,14141,8096,15309,8201,13682,17788,7834,10184,14296,18585,7936,10317
SA,22,7674,16576,9493,17336,9630,14276,8176,15470,8294,13813,17958,7911,10284,14447,18781,8025,10432
SA,23,7841,16833,9673,17628,9839,14497,8330,15731,8474,14028,18235,8061,10479,14690,19097,8199,10659
SA,24,7993,17040,9832,17869,10030,14675,8467,15946,8638,14200,18460,8193,10651,14891,19358,8358,10866
SA,25,8240,17357,10089,18237,10341,14949,8689,16274,8906,14464,18804,8408,10930,15198,19757,8618,11203
SA,26,8498,17666,10355,18598,10663,15215,8918,16596,9183,14722,19139,8629,11218,15498,20148,8886,11552
SA,27,8808,17983,10669,18975,11053,15487,9188,16933,9519,14986,19481,8891,11558,15812,20556,9211,11974
SA,28,9131,18285,10989,19343,11459,15747,9464,17261,9868,15238,19809,9158,11905,16119,20955,9549,12414
SA,29,9428,18554,11288,19665,11831,15979,9722,17549,10189,15462,20100,9407,12229,16388,21304,9859,12817
SA,30,9526,18585,11359,19745,11954,16006,9782,17620,10295,15488,20133,9466,12306,16454,21390,9962,12950
SA,31,9676,18707,11503,19900,12141,16111,9906,17758,10456,15589,20266,9586,12462,16583,21558,10118,13153
SA,32,9829,18798,11641,20032,12334,16189,10026,17876,10622,15665,20364,9701,12611,16693,21701,10278,13362
SA,33,9973,18900,11774,20172,12515,16277,10140,18001,10778,15750,20475,9812,12755,16810,21853,10429,13558
SA,34,10106,18997,11896,20306,12681,16361,10245,18120,10921,15831,20580,9913,12887,16922,21998,10568,13738
SA,35,10232,19053,12005,20399,12840,16409,10339,18204,11058,15878,20640,10004,13005,16999,22099,10700,13910
SA,36,10365,19138,12125,20523,13008,16482,10442,18314,11203,15948,20733,10104,13135,17102,22233,10840,14092
SA,37,10539,19285,12290,20713,13226,16609,10584,18484,11390,16071,20892,10242,13314,17261,22439,11022,14328
SA,38,10696,19400,12436,20869,13423,16708,10710,18623,11560,16167,21017,10363,13472,17391,22608,11186,14542
SA,39,11006,19663,12737,21197,13811,16934,10969,18916,11894,16386,21302,10614,13798,17664,22963,11509,14962
SA,40,11333,19740,13025,21346,14222,17001,11218,19049,12248,16450,21385,10854,14110,17788,23125,11852,15407
SA,41,11637,20013,13326,21684,14604,17236,11476,19351,12577,16678,21681,11105,14436,18070,23491,12170,15821
SA,42,11914,20268,13596,21999,14951,17455,11709,19632,12876,16890,21956,11330,14729,18332,23832,12459,16197
SA,43,12199,20522,13876,22316,15309,17675,11950,19914,13184,17102,22233,11563,15032,18597,24176,12758,16585
SA,44,12532,20840,14207,22702,15727,17948,12235,20259,13544,17367,22576,11839,15391,18918,24594,13106,17038
SA,45,12933,21210,14605,23154,16230,18267,12579,20662,13977,17675,22978,12171,15822,19295,25084,13525,17582
SA,46,13373,21626,15044,23656,16783,18625,12956,21110,14454,18022,23428,12537,16298,19713,25627,13986,18182
SA,47,13822,22023,15488,24142,17345,18966,13339,21544,14938,18352,23858,12907,16779,20118,26154,14454,18790
SA,48,14296,22458,15960,24672,17941,19342,13745,22016,15451,18715,24330,13300,17290,20560,26728,14951,19436
SA,49,14732,22871,16394,25171,18486,19697,14119,22462,15921,19059,24776,13662,17760,20976,27269,15405,20026
SA,50,15005,23068,16653,25431,18831,19867,14342,22694,16217,19223,24990,13878,18041,21192,27550,15692,20400
SA,51,15316,23361,16959,25792,19220,20119,14606,23016,16553,19468,25308,14132,18372,21493,27941,16017,20822
SA,52,15606,23624,17243,26121,19584,20346,14850,23310,16866,19687,25593,14369,18680,21768,28298,16320,21216
SA,53,15902,23888,17532,26451,19956,20573,15099,23604,17187,19907,25879,14610,18993,22042,28655,16630,21619
SA,54,16219,24175,17841,26807,20353,20820,15365,23922,17529,20146,26189,14868,19328,22339,29041,16961,22049
SA,55,16551,24471,18166,27176,20770,21075,15645,24251,17887,20392,26510,15138,19680,22647,29441,17308,22501
SA,56,16908,24817,18519,27599,21217,21373,15949,24629,18272,20681,26885,15432,20062,22999,29899,17681,22985
SA,57,17211,25064,18810,27916,21598,21586,16200,24911,18600,20887,27153,15675,20378,23263,30242,17998,23398
SA,58,17657,25457,19248,28401,22158,21924,16577,25345,19083,21214,27578,16040,20852,23668,30768,18465,24004
SA,59,18471,26167,20058,29263,23179,22535,17274,26114,19962,21806,28347,16715,21730,24386,31702,19316,25111
SA,60,19178,26742,20753,29974,24066,23031,17873,26748,20726,22285,28970,17294,22482,24978,32472,20055,26072
SA,61,19839,27286,21404,30647,24896,23499,18433,27349,21441,22738,29559,17837,23188,25539,33201,20747,26971
SA,62,20455,27797,22008,31281,25668,23940,18954,27914,22106,23164,30113,18340,23842,26068,33888,21390,27807
SA,63,21051,28296,22594,31897,26417,24369,19458,28464,22751,23580,30654,18828,24477,26581,34555,22014,28618
SA,64,21634,28781,23166,32500,27148,24787,19951,29002,23381,23984,31179,19305,25096,27083,35208,22623,29410
SA,65,22193,29237,23712,33070,27849,25180,20421,29510,23984,24364,31673,19760,25688,27558,35826,23208,30170
SA,66,22731,29675,24237,33618,28525,25557,20873,29999,24567,24729,32148,20198,26257,28015,36420,23771,30902
SA,67,23255,30103,24748,34156,29183,25926,21313,30480,25133,25086,32612,20623,26810,28463,37002,24319,31615
SA,68,23821,30560,25298,34728,29894,26319,21787,30990,25745,25467,33106,21082,27406,28940,37622,24912,32385
SA,69,24465,31094,25929,35391,30701,26779,22330,31582,26441,25912,33685,21608,28090,29492,38340,25584,33259
SA,70,25503,31974,26959,36467,32005,27537,23217,32542,27563,26645,34639,22466,29206,30389,39506,26671,34672
SA,71,26823,33090,28269,37826,33660,28498,24346,33755,28988,27575,35848,23558,30625,31522,40978,28050,36465
SA,72,27712,33838,29145,38746,34775,29142,25100,34576,29949,28198,36658,24288,31574,32288,41975,28979,37673
SA,73,28357,34405,29779,39447,35584,29631,25646,35202,30646,28671,37272,24816,32261,32872,42734,29653,38549
SA,74,29074,35040,30486,40228,36484,30177,26256,35899,31421,29200,37960,25405,33026,33523,43580,30403,39524
SA,75,29902,35784,31306,41140,37523,30818,26961,36712,32316,29820,38766,26088,33915,34283,44568,31269,40650
SA,76,30829,36650,32228,42190,38687,31564,27756,37649,33318,30542,39704,26857,34914,35158,45706,32239,41911
SA,77,31849,37603,33245,43347,39967,32385,28631,38682,34420,31336,40736,27704,36015,36122,46959,33306,43298
SA,78,32941,38633,34335,44594,41338,33272,29570,39794,35601,32194,41852,28612,37196,37162,48310,34448,44783
SA,79,34066,39701,35457,45887,42750,34191,30537,40949,36817,33084,43009,29548,38412,38239,49711,35625,46312
SA,80,35688,41271,37087,47771,44784,35544,31940,42630,38569,34392,44710,30906,40178,39809,51752,37320,48516
SA,81,37410,42840,38806,49668,46946,36895,33420,44323,40431,35700,46410,32338,42040,41390,53807,39122,50858
SA,82,39517,44708,40907,51931,49589,38504,35230,46342,42707,37257,48433,34089,44316,43276,56259,41324,53721
SA,83,42060,46935,43443,54629,52780,40422,37414,48749,45455,39112,50846,36202,47063,45524,59181,43983,57178
SA,84,44985,49469,46357,57700,56451,42604,39924,51490,48616,41224,53592,38631,50220,48083,62508,47042,61155
SA,85,48237,52281,49598,61107,60532,45026,42715,54531,52131,43568,56637,41332,53731,50922,66199,50443,65576
SA,86,51611,55172,52957,64618,64766,47516,45607,57664,55777,45977,59770,44131,57370,53848,70003,53972,70163
SA,87,55124,58174,56452,68266,69175,50102,48618,60919,59575,48478,63022,47043,61156,56888,73955,57646,74940
SA,88,58741,61235,60043,71993,73713,52737,51710,64245,63483,51029,66338,50036,65047,59994,77992,61428,79856
SA,89,62884,65400,64224,76966,78912,56325,55311,68683,67961,54500,70850,53520,69576,64138,83380,65760,85488
SA,90,68802,71437,70213,84152,86340,61524,60469,75095,74358,59531,77390,58511,76064,70127,91165,71950,93535
SA,91,74100,76835,75559,90599,92988,66173,65073,80848,80083,64029,83238,62966,81856,75499,98149,77490,100737
SA,92,80267,81698,81648,96575,100726,70361,70317,86181,86747,68082,88506,68040,88452,80479,104623,83938,109120
SA,93,87889,87701,89181,103944,110291,75531,76804,92757,94985,73084,95010,74318,96613,86620,112606,91909,119482
SA,94,98037,95665,99218,113706,123027,82390,85449,101468,105953,79721,103637,82682,107486,94755,123181,102522,133279
SA,95,114076,108486,115124,129350,143152,93431,99147,115429,123286,90405,117526,95937,124718,107792,140129,119293,155081
SA,96,135286,124928,136123,149472,169770,107592,117232,133385,146209,104107,135339,113436,147467,124560,161928,141475,183918
SA,97,171402,145922,166446,183586,215091,125673,143347,163828,185241,121602,158083,138705,180316,152988,198885,179242,233015
SA,98,249179,175386,219753,256374,312694,151048,189256,228782,269299,146155,190001,183128,238066,213645,277738,260578,338752
SA,99,402590,251922,341152,397294,505208,216963,293807,354536,435095,209935,272915,284293,369581,331078,430402,421007,547309
SA,99.1,431564,265898,363638,424007,541567,228999,313173,378374,466408,221582,288056,303032,393941,353339,459341,451306,586698
SA,99.2,467553,282764,391231,457110,586729,243525,336936,407913,505303,235637,306328,326026,423834,380925,495202,488941,635623
SA,99.3,513721,303562,426056,499433,644665,261437,366928,445682,555198,252968,328859,355047,461561,416194,541052,537221,698387
SA,99.4,572557,328672,469449,553195,718498,283062,404299,493657,618785,273893,356061,391208,508570,460996,599295,598748,778373
SA,99.5,649191,359494,524615,623009,814667,309608,451809,555958,701608,299578,389452,437179,568333,519174,674926,678889,882556
SA,99.6,747965,405164,600710,712534,938618,348940,517343,635848,808357,337637,438928,500592,650769,593778,771912,782182,1016836
SA,99.7,918789,480998,730076,866969,1152984,414250,628756,773662,992973,400832,521081,608397,790916,722474,939216,960820,1249066
SA,99.8,1283778,629817,996794,1195804,1611006,542418,858459,1067106,1387431,524848,682302,830662,1079860,996503,1295454,1342505,1745256
SA,99.9,1660851,763806,1257624,1534162,2084193,657813,1083092,1369049,1794949,636505,827457,1048020,1362426,1278468,1662009,1736828,2257876
SA,99.91,1774110,802165,1334968,1635034,2226320,690849,1149702,1459065,1917352,668471,869012,1112473,1446215,1362528,1771287,1855267,2411847
SA,99.92,1914718,852503,1433086,1760338,2402768,734202,1234203,1570883,2069313,710419,923545,1194238,1552510,1466948,1907033,2002307,2602999
SA,99.93,2090856,913646,1554457,1917352,2623803,786860,1338730,1710998,2259673,761372,989784,1295381,1683995,1597793,2077131,2186502,2842453
SA,99.94,2305691,984488,1699645,2108704,2893398,847872,1463769,1881756,2491854,820407,1066529,1416371,1841282,1757253,2284429,2411165,3134514
SA,99.95,2600093,1076459,1894502,2371031,3262842,927079,1631584,2115850,2810026,897049,1166163,1578752,2052377,1975859,2568617,2719035,3534745
SA,99.96,2996911,1188926,2148218,2724387,3760806,1023940,1850089,2431177,3238882,990772,1288003,1790182,2327236,2270322,2951419,3134005,4074206
SA,99.97,3653294,1352024,2549880,3308738,4584498,1164404,2196008,2952637,3948263,1126687,1464692,2124900,2762370,2757282,3584466,3820415,4966540
SA,99.98,5071418,1727599,3435908,4571361,6364093,1487861,2959074,4079371,5480887,1439666,1871566,2863257,3722234,3809468,4952308,5303411,6894434
SA,99.99,6497732,2027386,4265731,5840935,8153967,1746047,3673734,5212308,7022362,1689488,2196335,3554776,4621209,4867446,6327680,6794972,8833464
SA,99.991,6961395,2109591,4523417,6253693,8735815,1816845,3895659,5580644,7523462,1757992,2285390,3769514,4900368,5211411,6774834,7279846,9463800
SA,99.992,7473005,2194412,4803270,6708883,9377831,1889895,4136674,5986844,8076380,1828677,2377279,4002725,5203542,5590736,7267957,7814859,10159317
SA,99.993,8141343,2355278,5208135,7303883,10216525,2028438,4485352,6517808,8798679,1962732,2551551,4340112,5642146,6086569,7912540,8513771,11067902
SA,99.994,8964609,2543129,5698959,8036439,11249637,2190221,4908060,7171522,9688417,2119274,2755057,4749132,6173872,6697032,8706142,9374698,12187107
SA,99.995,10150370,2800647,6395479,9091733,12737640,2412003,5507917,8113241,10969916,2333872,3034034,5329566,6928436,7576444,9849377,10614700,13799110
SA,99.996,11899360,3152093,7400329,10648439,14932438,2714680,6373314,9502408,12860120,2626744,3414768,6166941,8017023,8873699,11535809,12443698,16176808
SA,99.997,14548139,3605283,8860106,13005417,18256376,3104980,7630504,11605718,15722764,3004402,3905723,7383422,9598448,10837848,14089202,15213647,19777741
SA,99.998,19001656,4152081,11145161,16967498,23845068,3575900,9598440,15141382,20535859,3460068,4498087,9287634,12073924,14139582,18381456,19870890,25832157
SA,99.999,44601887,6117890,23357536,39732582,55970651,5268915,20115986,35456389,48203067,5098242,6627714,19464613,25303997,33110485,43043630,46642209,60634872
EG,0,640,1585,1215,895,827,1344,1030,716,701,1321,1717,1012,1316,746,970,689,896
EG,1,640,1609,1224,1255,827,1365,1038,1003,701,1341,1743,1020,1326,1046,1360,689,896
EG,2,640,1633,1234,1299,827,1385,1047,1039,701,1361,1770,1028,1337,1082,1407,689,896
EG,3,640,1686,1254,1361,827,1430,1063,1088,701,1405,1826,1045,1358,1134,1474,689,896
EG,4,640,1892,1460,1581,827,1605,1238,1265,701,1577,2050,1217,1582,1318,1713,689,896
EG,5,775,2531,1598,2168,1003,2147,1355,1734,850,2109,2742,1332,1731,1807,2349,836,1087
EG,6,1052,2677,1968,2186,1360,2270,1669,1748,1153,2231,2900,1640,2132,1822,2368,1133,1473
EG,7,1333,3164,2477,2557,1725,2684,2100,2044,1463,2637,3428,2064,2683,2131,2770,1438,1869
EG,8,1618,3789,2985,3070,2092,3213,2532,2455,1774,3158,4104,2488,3234,2558,3326,1743,2266
EG,9,1905,4402,3491,3578,2463,3733,2961,2861,2089,3668,4768,2909,3782,2982,3876,2052,2668
EG,10,2194,4981,3986,4063,2836,4225,3380,3249,2405,4151,5396,3322,4318,3386,4402,2363,3072
EG,11,2483,5556,4481,4546,3211,4712,3800,3635,2724,4630,6019,3734,4854,3788,4925,2676,3479
EG,12,2773,6117,4970,5021,3586,5188,4215,4015,3042,5098,6626,4142,5384,4184,5439,2988,3885
EG,13,3064,6667,5456,5490,3962,5654,4628,4390,3360,5556,7222,4547,5911,4575,5948,3302,4292
EG,14,3356,7229,5945,5967,4339,6131,5043,4772,3680,6024,7832,4954,6440,4972,6464,3616,4701
EG,15,3647,7814,6442,6462,4716,6628,5463,5167,4000,6512,8465,5368,6979,5385,7000,3930,5109
EG,16,3940,8387,6935,6949,5095,7114,5881,5556,4321,6989,9086,5779,7513,5791,7528,4246,5520
EG,17,4231,8959,7424,7436,5471,7598,6297,5946,4640,7466,9705,6187,8043,6197,8056,4559,5927
EG,18,4524,9526,7913,7920,5850,8080,6712,6333,4961,7938,10320,6594,8572,6600,8580,4875,6338
EG,19,4717,9880,8226,8229,6099,8379,6977,6580,5173,8233,10703,6855,8912,6858,8915,5082,6607
EG,20,4780,9953,8309,8306,6182,8442,7047,6642,5243,8294,10783,6924,9001,6922,8998,5152,6697
EG,21,4817,9987,8351,8347,6228,8471,7083,6675,5283,8322,10819,6959,9047,6956,9043,5190,6747
EG,22,4837,9994,8367,8366,6255,8477,7097,6689,5305,8328,10827,6972,9064,6972,9063,5212,6776
EG,23,4903,10086,8460,8455,6340,8554,7175,6761,5377,8405,10926,7050,9165,7046,9160,5283,6868
EG,24,4964,10171,8543,8540,6418,8626,7246,6829,5443,8476,11018,7119,9255,7117,9252,5348,6953
EG,25,5031,10263,8638,8632,6506,8705,7326,6902,5518,8552,11119,7198,9358,7193,9351,5422,7048
EG,26,5105,10362,8739,8729,6600,8789,7412,6980,5598,8635,11226,7282,9467,7274,9456,5500,7150
EG,27,5268,10536,8962,8904,6811,8936,7601,7120,5777,8780,11414,7468,9709,7420,9646,5676,7379
EG,28,5456,10740,9219,9107,7055,9109,7819,7282,5984,8950,11635,7682,9987,7589,9866,5879,7643
EG,29,5640,10926,9468,9297,7294,9267,8030,7434,6186,9105,11837,7890,10257,7748,10072,6078,7902
EG,30,5706,10972,9545,9355,7378,9306,8095,7481,6258,9143,11887,7954,10340,7796,10135,6148,7993
EG,31,5731,11016,9576,9401,7410,9343,8122,7517,6285,9180,11934,7980,10374,7834,10184,6175,8027
EG,32,5759,11068,9614,9455,7447,9387,8154,7560,6316,9223,11990,8012,10415,7879,10243,6206,8068
EG,33,5785,11117,9648,9505,7480,9429,8183,7601,6344,9264,12043,8040,10452,7921,10297,6233,8103
EG,34,5808,11155,9676,9546,7509,9461,8206,7634,6369,9296,12085,8063,10482,7955,10342,6258,8135
EG,35,5830,11202,9705,9595,7538,9501,8232,7672,6393,9335,12135,8088,10514,7996,10395,6282,8166
EG,36,5853,11246,9734,9642,7568,9538,8256,7710,6418,9372,12183,8112,10545,8035,10446,6307,8199
EG,37,5881,11295,9770,9693,7604,9579,8287,7751,6449,9412,12236,8142,10584,8078,10501,6337,8238
EG,38,5908,11342,9805,9742,7639,9620,8316,7790,6479,9452,12287,8171,10622,8118,10554,6366,8276
EG,39,5986,11437,9908,9840,7740,9700,8404,7869,6565,9531,12390,8257,10734,8200,10660,6450,8385
EG,40,6123,11568,10089,9980,7918,9812,8557,7980,6715,9640,12532,8408,10930,8317,10812,6598,8578
EG,41,6246,11702,10253,10118,8076,9925,8696,8090,6850,9752,12677,8544,11107,8432,10961,6730,8749
EG,42,6369,11836,10417,10255,8236,10039,8835,8201,6985,9863,12823,8681,11285,8546,11110,6863,8922
EG,43,6496,11973,10586,10396,8400,10155,8978,8313,7125,9978,12971,8822,11468,8663,11262,7000,9100
EG,44,6624,12113,10758,10540,8566,10274,9125,8428,7265,10094,13123,8965,11654,8783,11418,7138,9280
EG,45,6754,12256,10932,10686,8733,10395,9272,8545,7407,10213,13277,9110,11843,8905,11576,7278,9461
EG,46,6875,12389,11092,10823,8890,10508,9408,8654,7540,10324,13421,9243,12016,9019,11725,7408,9631
EG,47,6986,12513,11240,10951,9032,10613,9533,8757,7661,10428,13556,9367,12177,9126,11864,7527,9785
EG,48,7090,12632,11379,11076,9168,10714,9651,8857,7776,10527,13685,9482,12327,9230,11999,7640,9932
EG,49,7183,12742,11502,11188,9288,10807,9755,8947,7877,10618,13804,9585,12460,9323,12120,7740,10062
EG,50,7232,12782,11558,11240,9352,10841,9803,8988,7932,10652,13847,9632,12521,9367,12177,7793,10131
EG,51,7317,12893,11672,11353,9461,10935,9899,9078,8024,10744,13967,9727,12645,9461,12299,7884,10249
EG,52,7388,12984,11764,11449,9552,11013,9978,9155,8102,10820,14066,9803,12744,9541,12403,7960,10348
EG,53,7462,13085,11864,11553,9648,11098,10062,9238,8183,10904,14176,9887,12853,9628,12516,8040,10452
EG,54,7542,13194,11971,11663,9752,11190,10153,9326,8271,10995,14293,9976,12969,9719,12635,8127,10565
EG,55,7626,13302,12083,11774,9860,11282,10248,9415,8363,11085,14410,10069,13090,9812,12755,8217,10682
EG,56,7723,13426,12213,11901,9986,11388,10358,9516,8470,11188,14545,10178,13231,9918,12893,8322,10818
EG,57,7822,13547,12344,12027,10114,11490,10469,9617,8578,11289,14676,10287,13373,10022,13029,8428,10957
EG,58,7937,13684,12498,12167,10262,11606,10600,9729,8704,11403,14825,10415,13539,10139,13181,8552,11117
EG,59,8079,13860,12691,12344,10447,11755,10763,9870,8860,11550,15015,10576,13749,10287,13373,8706,11318
EG,60,8170,13938,12801,12436,10564,11822,10857,9944,8960,11615,15099,10668,13868,10363,13472,8803,11444
EG,61,8326,14120,13012,12621,10766,11976,11036,10092,9131,11767,15297,10843,14096,10518,13673,8972,11663
EG,62,8488,14308,13230,12812,10976,12135,11221,10245,9309,11923,15500,11025,14332,10677,13880,9147,11891
EG,63,8652,14496,13450,13004,11188,12295,11408,10399,9489,12080,15704,11208,14571,10837,14088,9323,12120
EG,64,8827,14700,13687,13211,11414,12468,11608,10564,9681,12250,15925,11406,14828,11009,14312,9512,12365
EG,65,9009,14910,13932,13426,11649,12646,11816,10735,9880,12425,16153,11610,15093,11188,14545,9708,12620
EG,66,9191,15124,14179,13642,11885,12827,12026,10909,10080,12603,16384,11816,15361,11368,14779,9904,12875
EG,67,9371,15333,14420,13856,12117,13005,12230,11080,10277,12778,16611,12017,15622,11547,15011,10098,13127
EG,68,9549,15540,14660,14068,12348,13181,12433,11249,10473,12950,16835,12217,15882,11723,15240,10290,13377
EG,69,9725,15746,14896,14277,12575,13355,12634,11417,10666,13122,17058,12413,16137,11898,15467,10479,13623
EG,70,9921,15989,15163,14523,12829,13561,12860,11613,10881,13324,17322,12636,16427,12102,15733,10691,13898
EG,71,10094,16199,15395,14737,13053,13739,13057,11784,11071,13499,17549,12829,16678,12281,15965,10878,14141
EG,72,10277,16422,15642,14963,13290,13928,13266,11965,11271,13685,17790,13035,16946,12469,16210,11075,14397
EG,73,10467,16651,15897,15198,13535,14123,13483,12153,11479,13876,18039,13248,17222,12665,16464,11279,14663
EG,74,10668,16893,16169,15445,13795,14328,13713,12350,11700,14078,18301,13474,17516,12871,16732,11496,14945
EG,75,10892,17159,16470,15715,14085,14553,13969,12566,11946,14299,18588,13725,17842,13096,17025,11738,15259
EG,76,11141,17447,16805,16009,14406,14798,14253,12801,12219,14539,18901,14004,18205,13341,17343,12005,15606
EG,77,11409,17752,17165,16320,14752,15056,14558,13050,12512,14793,19231,14304,18595,13600,17680,12293,15981
EG,78,11701,18085,17558,16660,15131,15339,14892,13322,12833,15071,19592,14632,19021,13883,18048,12609,16392
EG,79,12006,18429,17968,17011,15525,15630,15239,13602,13168,15358,19965,14973,19465,14176,18429,12938,16819
EG,80,12399,18850,18496,17441,16033,15987,15687,13947,13598,15708,20421,15413,20037,14534,18894,13361,17369
EG,81,12897,19381,19169,17980,16676,16438,16258,14377,14144,16151,20996,15974,20766,14983,19478,13897,18066
EG,82,13492,20002,19972,18610,17446,16965,16939,14881,14797,16668,21669,16643,21636,15508,20161,14538,18900
EG,83,14211,20743,20945,19363,18375,17594,17764,15483,15585,17286,22472,17454,22690,16136,20977,15312,19906
EG,84,15067,21613,22103,20244,19483,18331,18746,16187,16524,18011,23414,18419,23945,16870,21931,16236,21107
EG,85,16074,22620,23465,21265,20785,19185,19902,17004,17629,18850,24505,19554,25420,17721,23037,17321,22517
EG,86,17224,23757,25020,22419,22273,20149,21220,17927,18890,19798,25737,20850,27105,18682,24287,18561,24129
EG,87,18606,25128,26890,23806,24059,21312,22807,19036,20406,20940,27222,22408,29131,19838,25790,20049,26064
EG,88,20157,26644,28988,25344,26065,22598,24586,20265,22106,22203,28864,24157,31404,21120,27456,21721,28237
EG,89,21974,28415,31447,27138,28415,24100,26671,21700,24100,23679,30783,26206,34068,22615,29399,23679,30783
EG,90,24231,30685,34516,29421,31333,26025,29275,23526,26574,25571,33242,28763,37392,24518,31873,26111,33944
EG,91,26276,32678,37279,31444,33977,27716,31618,25143,28817,27232,35401,31066,40386,26203,34064,28314,36808
EG,92,28599,34939,40418,33739,36980,29634,34281,26979,31365,29116,37851,33682,43786,28116,36551,30817,40062
EG,93,31335,37588,44113,36430,40518,31881,37414,29131,34365,31323,40721,36761,47789,30358,39466,33765,43894
EG,94,34737,40866,48709,39759,44917,34661,41312,31792,38096,34055,44272,40591,52768,33132,43072,37431,48660
EG,95,39764,45775,55525,44718,51419,38824,47093,35758,43610,38146,49589,46271,60152,37265,48444,42849,55704
EG,96,45891,51636,63808,50663,59341,43795,54118,40511,50330,43030,55939,53173,69125,42219,54885,49451,64286
EG,97,55501,60720,76801,59877,71768,51499,65138,47879,60869,50600,65780,64001,83201,49898,64867,59807,77749
EG,98,73916,77796,101681,77210,95580,65983,86240,61739,81065,64830,84279,84734,110154,64342,83644,79650,103545
EG,99,123353,106524,151926,122450,159505,90349,128855,97914,135283,88770,115401,126605,164586,102042,132654,132921,172797
EG,99.1,129972,109113,157261,128585,168064,92544,133380,102819,142542,90928,118206,131051,170366,107154,139300,140053,182069
EG,99.2,137980,113742,165338,135950,178420,96470,140230,108709,151325,94785,123220,137782,179116,113292,147279,148683,193288
EG,99.3,147964,119270,175180,145104,191328,101159,148578,116029,162273,99392,129210,145983,189778,120920,157196,159440,207272
EG,99.4,159802,125216,186308,155866,206637,106202,158016,124635,175257,104347,135651,155257,201834,129888,168855,172198,223857
EG,99.5,176468,135375,203762,171100,228188,114819,172819,136816,193535,112812,146657,169802,220742,142583,185358,190157,247204
EG,99.6,196150,147060,224195,188945,253637,124729,190149,151085,215120,122550,159315,186829,242878,157454,204690,211364,274773
EG,99.7,229198,165654,257581,218764,296370,140499,218465,174929,251364,138045,179458,214651,279046,182303,236994,246975,321068
EG,99.8,297512,200312,322925,280134,384706,169895,273887,224002,326286,166927,217005,269104,349835,233445,303478,320588,416765
EG,99.9,369456,237078,392104,344683,477735,201078,332560,275617,405187,197565,256834,326753,424779,287236,373407,398112,517546
EG,99.91,391846,249342,414642,364628,506688,211479,351675,291566,429744,207785,270120,345535,449195,303857,395014,422240,548912
EG,99.92,416187,262243,438810,386194,538163,222422,372173,308811,456439,218536,284097,365675,475377,321828,418377,448469,583010
EG,99.93,446841,277992,468813,413270,577802,235779,397620,330461,490058,231660,301158,390678,507881,344392,447709,481502,625952
EG,99.94,486282,298017,507075,448197,628800,252763,430072,358389,533312,248348,322852,422562,549331,373498,485547,524000,681200
EG,99.95,534841,321590,553161,491093,691591,272757,469159,392690,586567,267992,348389,460968,599258,409244,532017,576326,749224
EG,99.96,599417,351363,612847,548096,775095,298009,519781,438271,657390,292802,380644,510706,663918,456747,593771,645912,839686
EG,99.97,712632,401347,714847,648349,921490,340403,606292,518437,781554,334456,434793,595706,774418,540291,702378,767908,998281
EG,99.98,949436,498644,920651,858012,1227696,422925,780843,686088,1041261,415537,540197,767209,997372,715010,929513,1023080,1330004
EG,99.99,1183464,588965,1118083,1065083,1530313,499531,948293,851667,1297923,490804,638045,931736,1211257,887569,1153840,1275261,1657839
EG,99.991,1261674,613856,1178802,1134023,1631445,520643,999792,906793,1383697,511547,665011,982335,1277036,945019,1228525,1359538,1767399
EG,99.992,1344673,646788,1249263,1207946,1738769,548573,1059552,965904,1474722,538990,700687,1041052,1353368,1006622,1308608,1448974,1883666
EG,99.993,1451563,666195,1317709,1301458,1876986,565033,1117604,1040678,1591950,555162,721711,1098091,1427518,1084548,1409913,1564155,2033401
EG,99.994,1583827,698413,1409930,1418185,2048013,592359,1195820,1134016,1737006,582011,756614,1174942,1527424,1181821,1536367,1706678,2218681
EG,99.995,1773291,758476,1556355,1585600,2293006,643302,1320010,1267886,1944794,632063,821683,1296962,1686051,1321333,1717733,1910838,2484090
EG,99.996,2050301,839196,1762827,1830563,2651202,711764,1495127,1463764,2248595,699330,909129,1469022,1909729,1525469,1983110,2209335,2872136
EG,99.997,2464494,977197,2087806,2198617,3186786,828810,1770755,1758069,2702847,814331,1058631,1739838,2261790,1832181,2381835,2655655,3452351
EG,99.998,3174139,1081969,2512682,2823712,4104413,917672,2131110,2257911,3481125,901641,1172133,2093902,2722072,2353093,3059021,3420344,4446447
EG,99.999,7003040,1036086,4160761,6202050,9055487,878756,3528915,4959315,7680337,863405,1122426,3467301,4507491,5168375,6718888,7546239,9810111
MX,0,620,3512,1724,2165,702,2972,1459,1763,595,2927,3804,1437,1868,1804,2345,585,760
MX,1,620,3637,1747,2319,702,3078,1479,1889,595,3031,3940,1456,1893,1932,2512,585,760
MX,2,620,4008,1875,2708,702,3393,1587,2206,595,3340,4342,1562,2031,2257,2934,585,760
MX,3,620,4170,1987,2880,702,3530,1682,2346,595,3475,4518,1656,2153,2400,3120,585,760
MX,4,620,4333,2042,3054,702,3668,1729,2488,595,3611,4694,1702,2212,2545,3308,585,760
MX,5,620,4483,2071,3214,702,3795,1753,2619,595,3736,4857,1726,2244,2678,3482,585,760
MX,6,620,4553,2079,3292,702,3854,1760,2682,595,3794,4933,1732,2252,2743,3566,585,760
MX,7,620,4555,2084,3300,702,3855,1764,2689,595,3796,4934,1737,2258,2750,3575,585,760
MX,8,620,4556,2091,3310,702,3856,1770,2697,595,3797,4935,1742,2265,2758,3586,585,760
MX,9,620,4562,2095,3346,702,3861,1773,2726,595,3802,4942,1746,2270,2788,3625,585,760
MX,10,620,4562,2100,3402,702,3862,1778,2772,595,3802,4942,1750,2275,2835,3685,585,760
MX,11,620,4563,2102,3521,702,3862,1779,2868,595,3802,4943,1752,2277,2934,3814,585,760
MX,12,620,4564,2107,3570,702,3863,1784,2908,595,3803,4944,1756,2283,2975,3867,585,760
MX,13,645,4567,2130,3592,732,3865,1803,2926,619,3806,4947,1775,2308,2993,3891,610,793
MX,14,874,4607,2139,3652,991,3899,1810,2976,839,3839,4991,1782,2317,3043,3956,826,1074
MX,15,1142,4680,2538,3709,1295,3961,2148,3022,1096,3900,5070,2115,2750,3091,4018,1079,1403
MX,16,1380,5304,2946,4073,1565,4489,2494,3319,1325,4420,5746,2455,3192,3394,4412,1304,1695
MX,17,1569,5773,3260,4457,1779,4887,2759,3631,1506,4811,6254,2717,3532,3714,4828,1482,1927
MX,18,1741,5840,3438,4470,1974,4943,2910,3642,1671,4867,6327,2865,3724,3725,4842,1645,2138
MX,19,1759,5877,3510,4604,1993,4975,2971,3751,1687,4898,6367,2925,3802,3837,4988,1661,2159
MX,20,1902,6051,3571,4758,2157,5122,3023,3876,1825,5042,6556,2976,3869,3965,5154,1798,2337
MX,21,1908,6069,3627,4841,2164,5137,3070,3944,1832,5058,6575,3022,3929,4034,5244,1803,2344
MX,22,2037,6093,3741,4841,2309,5157,3166,3944,1955,5078,6601,3118,4053,4034,5244,1924,2501
MX,23,2155,6272,3904,4997,2442,5309,3304,4071,2067,5227,6795,3253,4229,4164,5413,2035,2646
MX,24,2274,6433,4056,5148,2578,5445,3433,4194,2183,5361,6969,3380,4394,4290,5577,2148,2793
MX,25,2396,6587,4206,5295,2717,5575,3561,4314,2300,5489,7136,3505,4556,4412,5736,2264,2943
MX,26,2476,6671,4296,5381,2807,5647,3637,4384,2376,5559,7227,3580,4654,4484,5829,2339,3041
MX,27,2604,6858,4464,5554,2952,5805,3778,4525,2499,5715,7430,3720,4836,4628,6017,2460,3198
MX,28,2717,6984,4598,5679,3081,5911,3892,4627,2608,5820,7566,3832,4981,4732,6152,2568,3338
MX,29,2833,7087,4726,5788,3212,5998,4000,4715,2719,5906,7677,3938,5120,4823,6270,2677,3480
MX,30,2902,7120,4792,5835,3290,6027,4056,4754,2785,5933,7713,3993,5191,4862,6321,2742,3564
MX,31,3017,7287,4939,5991,3420,6168,4181,4881,2895,6072,7894,4116,5351,4992,6490,2850,3705
MX,32,3134,7394,5070,6104,3553,6258,4292,4973,3008,6162,8010,4225,5492,5087,6613,2961,3849
MX,33,3232,7521,5189,6227,3663,6366,4393,5073,3101,6268,8148,4324,5621,5189,6746,3052,3968
MX,34,3320,7620,5292,6327,3764,6450,4479,5155,3186,6350,8255,4410,5733,5272,6854,3137,4078
MX,35,3382,7654,5351,6375,3834,6479,4529,5194,3245,6378,8292,4459,5797,5312,6906,3195,4154
MX,36,3498,7796,5492,6513,3966,6599,4649,5306,3357,6497,8445,4577,5950,5428,7056,3305,4296
MX,37,3570,7837,5562,6567,4047,6633,4708,5351,3426,6531,8490,4635,6026,5472,7114,3372,4384
MX,38,3668,7901,5678,6627,4158,6687,4806,5399,3520,6584,8559,4732,6151,5522,7179,3465,4504
MX,39,3739,7933,5729,6670,4239,6715,4849,5434,3588,6611,8594,4774,6206,5558,7226,3532,4592
MX,40,3757,7957,5752,6740,4260,6736,4868,5491,3606,6631,8621,4793,6231,5617,7302,3550,4615
MX,41,3836,8010,5803,6810,4349,6780,4912,5548,3681,6675,8677,4836,6287,5675,7377,3624,4711
MX,42,3957,8077,5947,6873,4487,6837,5034,5600,3798,6731,8750,4956,6443,5728,7446,3739,4861
MX,43,4069,8198,6076,6996,4614,6939,5143,5700,3905,6832,8881,5063,6582,5830,7579,3845,4998
MX,44,4107,8251,6119,7051,4657,6984,5179,5745,3942,6876,8938,5099,6629,5876,7639,3881,5045
MX,45,4180,8343,6204,7145,4739,7062,5251,5821,4012,6952,9038,5170,6721,5954,7740,3949,5134
MX,46,4300,8481,6345,7283,4874,7179,5371,5934,4126,7068,9188,5288,6874,6069,7890,4062,5280
MX,47,4401,8593,6461,7397,4989,7274,5469,6027,4223,7161,9309,5384,6999,6164,8013,4158,5405
MX,48,4595,8842,6702,7636,5209,7484,5673,6221,4409,7368,9579,5585,7260,6363,8272,4341,5643
MX,49,4692,8904,6799,7712,5319,7537,5755,6283,4502,7420,9646,5666,7366,6427,8355,4432,5762
MX,50,4785,8988,6901,7804,5425,7608,5841,6358,4592,7490,9737,5751,7476,6503,8454,4521,5877
MX,51,4918,9132,7054,7950,5576,7729,5971,6477,4720,7610,9892,5878,7642,6625,8612,4647,6041
MX,52,5039,9254,7191,8077,5713,7833,6087,6580,4836,7712,10025,5992,7790,6731,8750,4761,6189
MX,53,5139,9372,7307,8197,5826,7933,6185,6678,4931,7810,10153,6089,7916,6831,8880,4855,6312
MX,54,5262,9488,7443,8321,5965,8031,6300,6779,5049,7907,10279,6202,8063,6934,9014,4971,6462
MX,55,5393,9646,7598,8479,6114,8165,6432,6907,5175,8038,10450,6332,8231,7066,9186,5095,6624
MX,56,5609,9905,7859,8732,6359,8384,6652,7114,5382,8254,10731,6549,8514,7277,9460,5299,6889
MX,57,5728,10015,7990,8851,6494,8477,6763,7211,5497,8346,10850,6658,8656,7376,9589,5412,7035
MX,58,5849,10123,8122,8968,6631,8568,6875,7306,5613,8436,10966,6768,8799,7473,9715,5526,7184
MX,59,6049,10349,8357,9193,6858,8760,7074,7490,5805,8624,11211,6964,9053,7661,9959,5715,7429
MX,60,6114,10378,8416,9239,6931,8785,7124,7527,5867,8648,11243,7013,9117,7699,10009,5776,7509
MX,61,6281,10563,8611,9426,7121,8941,7288,7679,6028,8802,11443,7176,9329,7855,10212,5934,7714
MX,62,6470,10753,8826,9622,7335,9101,7471,7839,6209,8961,11649,7355,9562,8018,10424,6112,7946
MX,63,6647,10954,9034,9825,7536,9272,7646,8004,6379,9128,11867,7528,9787,8188,10644,6280,8164
MX,64,6859,11204,9285,10072,7776,9483,7859,8206,6582,9337,12137,7738,10059,8393,10911,6480,8424
MX,65,7072,11434,9532,10306,8017,9679,8068,8396,6786,9528,12387,7943,10326,8588,11165,6681,8685
MX,66,7321,11710,9824,10581,8300,9912,8316,8620,7025,9758,12686,8187,10643,8818,11463,6917,8992
MX,67,7590,12000,10139,10874,8605,10158,8582,8859,7284,10000,13000,8449,10984,9062,11780,7171,9322
MX,68,7843,12253,10428,11133,8891,10371,8827,9070,7526,10211,13274,8690,11297,9278,12061,7409,9632
MX,69,8124,12549,10755,11433,9210,10622,9103,9314,7796,10458,13595,8962,11651,9528,12386,7675,9978
MX,70,8562,13047,11277,11922,9707,11044,9545,9713,8216,10872,14134,9398,12217,9935,12916,8089,10516
MX,71,8992,13525,11788,12396,10195,11448,9978,10099,8629,11271,14652,9823,12770,10330,13429,8496,11045
MX,72,9395,13959,12261,12829,10651,11815,10378,10452,9016,11632,15122,10218,13283,10691,13898,8876,11539
MX,73,9795,14301,12709,13192,11104,12105,10758,10747,9399,11918,15493,10591,13768,10993,14291,9253,12029
MX,74,10275,14768,13262,13667,11649,12500,11226,11134,9860,12307,15998,11052,14367,11389,14806,9708,12620
MX,75,10754,15255,13818,14161,12192,12913,11696,11537,10320,12712,16527,11515,14969,11801,15341,10160,13208
MX,76,11275,15756,14418,14673,12782,13337,12204,11954,10820,13130,17069,12015,15619,12228,15896,10652,13847
MX,77,11813,16291,15038,15216,13392,13790,12729,12396,11335,13576,17649,12532,16291,12680,16484,11160,14508
MX,78,12377,16830,15685,15768,14031,14246,13277,12846,11877,14025,18232,13071,16992,13140,17082,11692,15200
MX,79,13045,17481,16457,16431,14788,14797,13930,13386,12518,14568,18938,13714,17828,13692,17800,12323,16020
MX,80,13716,18136,17231,17097,15550,15351,14585,13929,13163,15113,19647,14359,18667,14248,18522,12958,16846
MX,81,14386,18705,17983,17697,16309,15833,15222,14417,13805,15588,20264,14986,19482,14748,19172,13591,17668
MX,82,15191,19441,18901,18455,17221,16456,15999,15035,14577,16201,21061,15751,20476,15379,19993,14351,18656
MX,83,16172,20321,20021,19362,18334,17201,16947,15774,15519,16934,22014,16684,21689,16135,20976,15278,19862
MX,84,17397,21440,21427,20508,19722,18148,18137,16708,16694,17867,23227,17856,23213,17090,22217,16435,21366
MX,85,18836,22718,23072,21822,21354,19229,19530,17779,18075,18932,24611,19227,24995,18185,23640,17795,23134
MX,86,20219,23993,24659,23126,22921,20309,20873,18841,19402,19994,25992,20549,26714,19272,25053,19101,24831
MX,87,21754,25387,26418,24557,24662,21489,22362,20006,20876,21156,27503,22015,28619,20464,26603,20552,26717
MX,88,23659,27130,28607,26338,26821,22964,24215,21458,22703,22608,29391,23839,30991,21948,28533,22351,29056
MX,89,25883,29047,31141,28318,29343,24587,26359,23071,24838,24206,31468,25951,33736,23598,30678,24452,31788
MX,90,28668,31394,34307,30749,32500,26574,29040,25051,27510,26162,34011,28589,37166,25624,33311,27083,35208
MX,91,31711,34122,37797,33542,35950,28882,31993,27327,30430,28435,36965,31498,40947,27952,36337,29958,38946
MX,92,35926,38148,42682,37617,40728,32290,36129,30646,34474,31790,41327,35568,46239,31348,40752,33940,44122
MX,93,40912,42773,48434,42321,46381,36205,40997,34479,39259,35644,46338,40362,52470,35268,45848,38651,50246
MX,94,47080,48107,55479,47810,53374,40720,46961,38951,45179,40089,52116,46232,60102,39842,51794,44478,57822
MX,95,56331,54629,65820,54748,63862,46240,55713,44603,54056,45524,59181,54850,71305,45623,59310,53218,69184
MX,96,69020,63539,80018,64206,78247,53782,67732,52309,66233,52949,68834,66682,86686,53505,69556,65206,84768
MX,97,90491,82977,104750,84008,102588,70236,88666,68441,86836,69148,89892,87292,113479,70007,91009,85490,111137
MX,98,139052,113537,151652,124240,157640,96103,128367,101218,133436,94614,122998,126377,164290,103533,134593,131367,170777
MX,99,195014,134568,192394,169673,221085,113904,162853,138232,187138,112140,145782,160328,208427,141394,183812,184238,239509
MX,99.1,203649,136093,197900,175706,230874,115195,167514,143148,195425,113411,147434,164917,214392,146422,190348,192395,250113
MX,99.2,221459,145332,213486,190093,251065,123015,180707,154869,212515,121110,157443,177905,231276,158411,205934,209221,271987
MX,99.3,238442,153064,227532,203537,270317,129560,192596,165821,228812,127553,165819,189610,246493,169614,220498,225264,292843
MX,99.4,256931,161549,242697,218378,291279,136742,205433,177912,246555,134624,175011,202248,262922,181982,236576,242732,315552
MX,99.5,295178,181963,275987,250054,334639,154022,233611,203719,283257,151636,197127,229989,298986,208378,270892,278866,362526
MX,99.6,339571,204725,313732,286780,384966,173289,265561,233639,325857,170604,221786,261443,339876,238983,310678,320805,417046
MX,99.7,400440,238156,366878,338000,453973,201586,310546,275367,384268,198463,258002,305732,397451,281667,366167,378311,491804
MX,99.8,473836,272710,426045,398879,537180,230834,360628,324966,454699,227258,295435,355038,461549,332399,432119,447650,581945
MX,99.9,570689,311278,501895,474232,646982,263480,424832,386355,547641,259398,337218,418246,543720,395193,513751,539152,700897
MX,99.91,602259,320988,524419,498101,682772,271699,443898,405802,577936,267490,347737,437016,568121,415084,539609,568977,739670
MX,99.92,609166,317485,525053,501933,690601,268734,444434,408924,584563,264571,343942,437544,568807,418278,543761,575501,748151
MX,99.93,694130,354653,592679,570367,786924,300194,501677,464677,666096,295544,384207,493899,642069,475306,617898,655770,852501
MX,99.94,861718,434275,730880,706915,976917,367590,618657,575922,826917,361896,470464,609067,791787,589096,765825,814098,1058327
MX,99.95,986908,493065,833477,808865,1118843,417353,705502,658980,947051,410888,534154,694564,902933,674054,876270,932369,1212080
MX,99.96,1002274,487505,835223,819359,1136263,412646,706979,667530,961796,406254,528130,696019,904825,682799,887639,946886,1230952
MX,99.97,1040719,504169,865456,850544,1179846,426752,732570,692936,998688,420141,546183,721213,937577,708787,921423,983205,1278166
MX,99.98,1141544,538430,936652,930918,1294151,455752,792834,758417,1095441,448692,583299,780543,1014706,775765,1008494,1078459,1401997
MX,99.99,1219186,538999,969339,988959,1382172,456234,820502,805703,1169947,449166,583916,807782,1050117,824132,1071372,1151810,1497353
MX,99.991,1344024,579789,1055614,1088725,1523699,490760,893530,886982,1289743,483158,628104,879678,1143582,907271,1179452,1269749,1650674
MX,99.992,1377847,572444,1062016,1114249,1562043,484543,898949,907776,1322200,477037,620147,885013,1150517,928541,1207103,1301702,1692213
MX,99.993,1379028,556244,1047334,1114037,1563383,470831,886522,907603,1323334,463537,602598,872778,1134612,928364,1206873,1302819,1693665
MX,99.994,1879416,724927,1396386,1515961,2130665,613612,1181979,1235050,1803513,604106,785337,1163655,1512752,1263301,1642291,1775554,2308220
MX,99.995,2031109,759461,1487055,1636269,2302637,642843,1258726,1333065,1949080,632884,822749,1239212,1610976,1363558,1772625,1918864,2494523
MX,99.996,2039999,732280,1464946,1641422,2312715,619836,1240011,1337262,1957611,610233,793303,1220788,1587025,1367852,1778207,1927262,2505441
MX,99.997,2038631,700837,1434462,1638764,2311164,593221,1214208,1335098,1956297,584031,759240,1195385,1554000,1365637,1775328,1925970,2503761
MX,99.998,2049307,628778,1368968,1644392,2323268,532227,1158770,1339682,1966543,523982,681177,1140807,1483049,1370327,1781425,1936057,2516874
MX,99.999,2040502,623410,1360512,1637226,2313286,527683,1151613,1333845,1958094,519508,675361,1133760,1473888,1364355,1773661,1927738,2506060
PK,0,45,174,151,61,62,158,137,47,56,145,189,126,164,51,66,52,67
PK,1,45,186,158,90,62,169,143,68,56,155,201,132,171,75,98,52,67
PK,2,45,202,168,123,62,183,153,93,56,168,219,140,182,102,133,52,67
PK,3,45,231,186,162,62,210,169,123,56,192,251,155,202,135,176,52,67
PK,4,45,261,204,199,62,237,185,151,56,218,282,170,221,166,216,52,67
PK,5,91,329,289,209,124,298,262,159,112,274,356,241,313,174,226,103,134
PK,6,184,637,568,409,251,578,515,311,228,531,690,473,615,341,443,209,272
PK,7,279,928,838,604,382,842,760,459,347,773,1005,698,908,503,654,318,414
PK,8,376,1202,1100,790,515,1091,998,601,468,1002,1303,917,1192,658,856,429,558
PK,9,474,1464,1354,973,649,1328,1229,739,589,1220,1586,1128,1467,811,1054,541,703
PK,10,573,1709,1599,1146,784,1551,1451,871,711,1424,1852,1332,1732,955,1242,653,849
PK,11,672,1965,1850,1327,920,1783,1679,1008,835,1638,2129,1542,2004,1106,1438,767,997
PK,12,772,2217,2099,1505,1057,2011,1905,1143,959,1848,2402,1749,2274,1254,1630,881,1145
PK,13,872,2459,2342,1680,1193,2232,2125,1276,1082,2049,2664,1952,2537,1400,1820,994,1292
PK,14,972,2701,2585,1853,1330,2451,2345,1408,1207,2251,2926,2154,2800,1544,2007,1108,1441
PK,15,1072,2934,2821,2024,1468,2662,2560,1538,1332,2445,3179,2351,3056,1687,2193,1223,1590
PK,16,1172,3159,3053,2192,1605,2866,2770,1666,1456,2632,3422,2544,3307,1827,2375,1338,1739
PK,17,1273,3386,3286,2361,1742,3073,2981,1794,1581,2822,3668,2738,3560,1968,2558,1452,1887
PK,18,1374,3602,3512,2523,1881,3268,3186,1917,1707,3002,3902,2927,3805,2102,2733,1568,2038
PK,19,1474,3810,3732,2683,2018,3457,3387,2039,1831,3175,4127,3110,4043,2236,2907,1682,2186
PK,20,1504,3841,3778,2718,2058,3485,3428,2065,1867,3201,4161,3148,4093,2265,2944,1715,2230
PK,21,1541,3888,3839,2762,2109,3528,3483,2099,1913,3240,4212,3199,4159,2302,2992,1758,2285
PK,22,1572,3929,3890,2803,2151,3565,3530,2130,1952,3274,4256,3242,4214,2336,3037,1792,2330
PK,23,1601,3966,3938,2840,2191,3598,3573,2158,1988,3305,4296,3282,4266,2367,3077,1826,2374
PK,24,1640,4012,4000,2886,2245,3640,3629,2193,2037,3343,4346,3333,4333,2405,3126,1871,2432
PK,25,1667,4047,4044,2921,2281,3672,3669,2219,2070,3372,4384,3370,4381,2434,3164,1901,2471
PK,26,1702,4090,4101,2964,2330,3711,3721,2253,2114,3408,4431,3418,4443,2470,3211,1942,2524
PK,27,1733,4127,4150,3003,2372,3745,3766,2282,2152,3439,4471,3458,4496,2502,3253,1977,2570
PK,28,1764,4164,4200,3042,2414,3779,3811,2311,2190,3470,4511,3500,4550,2535,3296,2012,2615
PK,29,1803,4209,4261,3087,2467,3819,3866,2346,2238,3508,4560,3551,4616,2572,3344,2056,2673
PK,30,1817,4209,4271,3098,2486,3819,3876,2354,2256,3508,4560,3559,4627,2582,3356,2072,2693
PK,31,1853,4254,4330,3143,2537,3860,3929,2388,2302,3545,4608,3608,4691,2619,3405,2114,2748
PK,32,1882,4291,4377,3181,2576,3894,3971,2417,2337,3576,4649,3648,4742,2651,3446,2147,2791
PK,33,1912,4329,4425,3220,2617,3928,4015,2447,2375,3608,4689,3688,4794,2683,3488,2181,2835
PK,34,1944,4367,4474,3259,2660,3963,4060,2477,2413,3639,4731,3728,4847,2716,3531,2217,2882
PK,35,1980,4412,4533,3304,2709,4003,4113,2511,2458,3677,4779,3778,4911,2753,3579,2258,2935
PK,36,2009,4449,4580,3342,2750,4037,4156,2540,2496,3708,4820,3817,4962,2785,3620,2292,2979
PK,37,2047,4494,4640,3388,2802,4078,4210,2575,2542,3745,4869,3867,5027,2823,3670,2335,3036
PK,38,2079,4533,4691,3429,2845,4113,4256,2606,2582,3778,4911,3909,5082,2858,3715,2371,3082
PK,39,2111,4546,4728,3441,2890,4125,4290,2615,2622,3788,4925,3940,5122,2868,3728,2408,3131
PK,40,2117,4573,4742,3490,2897,4149,4303,2652,2629,3811,4954,3952,5137,2908,3781,2414,3138
PK,41,2152,4589,4783,3506,2945,4164,4340,2664,2672,3824,4971,3986,5182,2922,3798,2454,3190
PK,42,2183,4627,4832,3545,2988,4199,4384,2694,2711,3856,5013,4027,5235,2954,3840,2490,3237
PK,43,2223,4674,4896,3594,3042,4241,4442,2731,2761,3895,5064,4080,5304,2995,3893,2535,3296
PK,44,2260,4719,4954,3640,3093,4282,4495,2766,2807,3932,5112,4128,5367,3033,3943,2578,3351
PK,45,2299,4765,5015,3688,3146,4323,4550,2803,2855,3971,5162,4179,5433,3073,3995,2622,3408
PK,46,2334,4805,5068,3732,3194,4360,4599,2836,2898,4004,5206,4223,5490,3110,4043,2662,3460
PK,47,2371,4850,5128,3779,3246,4401,4653,2871,2945,4042,5255,4273,5555,3149,4094,2705,3516
PK,48,2411,4897,5189,3828,3300,4443,4709,2909,2994,4081,5305,4324,5621,3190,4147,2750,3575
PK,49,2451,4944,5253,3877,3355,4486,4767,2946,3044,4120,5356,4378,5691,3231,4200,2796,3635
PK,50,2486,4972,5299,3913,3402,4512,4808,2974,3087,4143,5387,4416,5741,3261,4239,2835,3685
PK,51,2524,5019,5360,3962,3455,4554,4864,3011,3135,4182,5438,4467,5807,3302,4292,2879,3743
PK,52,2566,5069,5425,4014,3512,4600,4922,3050,3186,4224,5492,4521,5877,3345,4348,2927,3805
PK,53,2612,5124,5498,4070,3574,4649,4989,3093,3243,4270,5551,4582,5956,3392,4409,2978,3872
PK,54,2655,5177,5566,4124,3633,4697,5051,3134,3296,4314,5608,4638,6030,3437,4468,3028,3936
PK,55,2699,5229,5635,4180,3694,4745,5113,3176,3352,4358,5665,4696,6105,3483,4528,3078,4002
PK,56,2747,5286,5711,4239,3760,4796,5182,3221,3412,4405,5727,4759,6187,3532,4592,3133,4073
PK,57,2799,5346,5792,4301,3830,4851,5255,3269,3475,4455,5792,4827,6275,3584,4659,3192,4149
PK,58,2844,5400,5863,4359,3893,4900,5320,3312,3532,4500,5850,4886,6352,3632,4722,3244,4217
PK,59,2906,5473,5962,4434,3978,4966,5410,3369,3610,4561,5929,4968,6459,3695,4804,3315,4310
PK,60,2951,5519,6027,4485,4039,5008,5469,3408,3665,4599,5979,5022,6529,3738,4859,3366,4376
PK,61,3012,5590,6123,4559,4122,5072,5556,3464,3740,4658,6056,5102,6633,3799,4939,3435,4466
PK,62,3068,5657,6212,4627,4199,5133,5637,3516,3810,4714,6129,5177,6730,3856,5013,3499,4549
PK,63,3124,5722,6299,4696,4275,5192,5715,3569,3879,4768,6199,5249,6824,3913,5087,3562,4631
PK,64,3181,5790,6389,4767,4353,5254,5798,3622,3950,4825,6273,5324,6921,3972,5164,3628,4716
PK,65,3256,5877,6509,4856,4456,5333,5906,3690,4043,4898,6367,5424,7051,4047,5261,3713,4827
PK,66,3326,5959,6619,4941,4552,5407,6006,3754,4130,4966,6455,5516,7171,4118,5353,3793,4931
PK,67,3396,6040,6729,5025,4648,5480,6105,3819,4217,5033,6543,5608,7290,4188,5444,3873,5035
PK,68,3458,6114,6827,5102,4732,5548,6195,3877,4294,5095,6624,5689,7396,4252,5527,3943,5126
PK,69,3531,6197,6940,5189,4832,5623,6297,3943,4384,5164,6713,5783,7518,4324,5621,4027,5235
PK,70,3612,6296,7070,5290,4943,5713,6415,4020,4485,5247,6821,5892,7659,4408,5731,4119,5355
PK,71,3689,6385,7192,5382,5049,5793,6525,4090,4581,5321,6917,5993,7791,4485,5830,4208,5470
PK,72,3776,6484,7328,5485,5168,5884,6649,4168,4689,5403,7025,6107,7939,4571,5942,4307,5599
PK,73,3858,6580,7457,5585,5280,5970,6766,4244,4791,5483,7128,6214,8078,4654,6050,4400,5720
PK,74,3944,6679,7592,5688,5398,6060,6889,4323,4898,5566,7235,6327,8225,4740,6162,4498,5848
PK,75,4034,6782,7732,5797,5521,6154,7016,4405,5009,5652,7347,6443,8376,4831,6280,4601,5981
PK,76,4129,6892,7881,5910,5651,6253,7151,4491,5127,5743,7466,6568,8538,4925,6402,4709,6122
PK,77,4224,7001,8030,6025,5781,6352,7286,4578,5245,5834,7584,6692,8699,5021,6527,4818,6263
PK,78,4332,7123,8199,6153,5929,6463,7439,4676,5380,5936,7717,6832,8882,5128,6666,4941,6423
PK,79,4450,7256,8385,6292,6090,6584,7608,4782,5526,6047,7861,6988,9084,5243,6816,5075,6598
PK,80,4605,7447,8637,6482,6302,6757,7837,4926,5718,6206,8068,7198,9357,5402,7022,5252,6827
PK,81,4736,7595,8842,6636,6482,6891,8023,5043,5881,6329,8228,7368,9579,5530,7189,5402,7022
PK,82,4865,7741,9044,6789,6658,7024,8206,5159,6041,6451,8386,7537,9798,5658,7355,5548,7213
PK,83,5007,7900,9266,6956,6852,7168,8408,5286,6218,6583,8558,7722,10038,5797,7536,5710,7423
PK,84,5172,8083,9524,7147,7078,7334,8642,5431,6423,6736,8756,7937,10318,5956,7743,5898,7668
PK,85,5351,8280,9805,7353,7324,7513,8897,5588,6646,6900,8970,8171,10622,6128,7966,6103,7934
PK,86,5546,8490,10108,7574,7590,7704,9172,5756,6887,7075,9198,8423,10950,6312,8205,6325,8222
PK,87,5764,8735,10454,7827,7889,7926,9486,5948,7158,7279,9463,8712,11325,6522,8479,6574,8546
PK,88,6008,8998,10834,8103,8222,8165,9831,6158,7461,7498,9748,9028,11737,6752,8778,6852,8907
PK,89,6294,9309,11286,8427,8615,8447,10240,6404,7817,7758,10085,9405,12226,7022,9129,7179,9333
PK,90,6573,9660,11739,8777,8996,8765,10652,6669,8163,8050,10465,9782,12717,7314,9508,7497,9746
PK,91,7024,10131,12448,9266,9613,9192,11295,7041,8723,8442,10975,10373,13485,7722,10038,8011,10414
PK,92,7579,10706,13323,9864,10373,9714,12089,7496,9412,8922,11598,11102,14433,8220,10686,8644,11237
PK,93,8322,11464,14493,10650,11389,10402,13151,8093,10334,9553,12419,12078,15701,8875,11538,9491,12338
PK,94,9272,12427,15992,11649,12690,11276,14511,8852,11514,10356,13463,13327,17325,9708,12620,10575,13747
PK,95,10675,13892,18227,13146,14609,12605,16539,9990,13256,11577,15049,15189,19746,10955,14241,12174,15826
PK,96,12390,15611,20936,14925,16957,14165,18996,11342,15387,13009,16912,17447,22681,12438,16169,14131,18370
PK,97,15279,18467,25501,17878,20911,16756,23139,13586,18974,15389,20006,21251,27626,14898,19368,17426,22654
PK,98,20599,23638,33896,23233,28192,21448,30757,17654,25580,19698,25608,28247,36721,19361,25169,23493,30541
PK,99,26984,30015,44053,29766,36930,27235,39972,22620,33510,25012,32516,36711,47724,24805,32246,30775,40008
PK,99.1,29187,32138,47541,31954,39946,29160,43137,24282,36246,26782,34816,39618,51503,26628,34617,33288,43275
PK,99.2,31675,34515,51475,34409,43350,31318,46707,26148,39335,28762,37391,42896,55765,28674,37276,36125,46962
PK,99.3,34681,37380,56227,37370,47465,33917,51019,28397,43069,31150,40495,46856,60913,31142,40484,39554,51420
PK,99.4,38402,40875,62097,40991,52556,37089,56345,31149,47688,34062,44282,51748,67272,34159,44407,43797,56936
PK,99.5,44032,46194,70996,46487,60262,41915,64420,35325,54680,38495,50044,59163,76912,38739,50361,50218,65284
PK,99.6,51324,52997,82502,53534,70242,48087,74860,40681,63736,44164,57413,68752,89377,44612,57995,58535,76096
PK,99.7,62977,63825,100888,64753,86190,57912,91543,49206,78207,53188,69143,84073,109295,53961,70149,71825,93372
PK,99.8,88288,74225,125820,89003,120830,67349,114166,67633,109638,61854,80410,104850,136305,74169,96420,100692,130899
PK,99.9,120104,92687,163463,119405,164373,84100,148323,90736,149148,77239,100411,136219,177085,99504,129355,136978,178071
PK,99.91,127860,97655,173200,126799,174988,88608,157158,96355,158780,81379,105793,144333,187633,105666,137366,145823,189570
PK,99.92,136241,102810,183516,134751,186459,93286,166518,102398,169188,85675,111377,152930,198809,112292,145980,155382,201997
PK,99.93,145775,108403,194981,143759,199507,98361,176921,109243,181027,90336,117437,162484,211229,119799,155739,166256,216133
PK,99.94,158405,115692,210000,155720,216792,104975,190549,118332,196712,96410,125333,175000,227500,129767,168697,180660,234858
PK,99.95,174073,124247,228099,170531,238235,112737,206971,129587,216169,103539,134601,190082,247107,142109,184742,198529,258088
PK,99.96,194933,134791,251252,190221,266784,122304,227980,144549,242073,112326,146024,209377,272190,158518,206073,222320,289016
PK,99.97,230862,152578,290574,224246,315956,138443,263660,170405,286690,127148,165293,242145,314788,186872,242933,263297,342286
PK,99.98,300368,191342,371681,290058,411081,173616,337254,220415,373005,159452,207287,309734,402654,241715,314230,342568,445338
PK,99.99,376220,230706,456806,361874,514891,209334,414494,274989,467200,192255,249932,380672,494873,301562,392030,429076,557799
PK,99.991,398819,241954,481599,383285,545820,219540,436991,291258,495264,201628,262117,401332,521732,319404,415225,454850,591305
PK,99.992,424970,254549,509818,408048,581611,230968,462596,310076,527739,212124,275762,424848,552303,340040,442052,484676,630079
PK,99.993,456410,269239,543219,437820,624638,244297,492903,332699,566781,224366,291675,452682,588487,364850,474305,520532,676691
PK,99.994,497078,287492,585562,476332,680297,260859,531324,361965,617284,239577,311450,487968,634359,396943,516026,566914,736988
PK,99.995,550633,310130,639716,527039,753591,281400,580463,400497,683790,258442,335975,533097,693026,439199,570959,627992,816390
PK,99.996,625660,342763,716643,598075,856272,311010,650265,454478,776961,285636,371326,597202,776363,498396,647915,713560,927628
PK,99.997,741969,391967,834303,708198,1015452,355655,757026,538160,921397,326639,424631,695252,903828,590165,767214,846210,1100073
PK,99.998,959130,472728,1041168,913810,1312656,428935,944731,694405,1191072,393940,512122,867640,1127932,761508,989961,1093880,1422044
PK,99.999,2248560,821590,2119319,2134141,3077359,745479,1923018,1621736,2792321,684658,890056,1766099,2295929,1778451,2311986,2564466,3333806
TW,0,2790,8819,3649,7954,2941,7498,3102,7125,2501,7055,9701,2919,4014,6363,8749,2353,3235
TW,1,2790,9074,3691,8271,2941,7714,3138,7410,2501,7259,9981,2953,4060,6617,9098,2353,3235
TW,2,2790,9317,3733,8579,2941,7921,3174,7686,2501,7454,10249,2986,4106,6863,9437,2353,3235
TW,3,2790,9324,3775,8636,2941,7927,3209,7736,2501,7459,10256,3020,4152,6909,9500,2353,3235
TW,4,2790,9565,3815,8943,2941,8132,3243,8011,2501,7652,10522,3052,4196,7154,9837,2353,3235
TW,5,3036,9798,3924,9137,3202,8330,3336,8185,2722,7838,10778,3139,4316,7310,10051,2562,3522
TW,6,3536,10525,4517,9765,3729,8948,3840,8748,3170,8420,11577,3614,4969,7812,10742,2983,4102
TW,7,4040,11657,5101,10837,4260,9911,4337,9709,3622,9326,12823,4081,5611,8670,11921,3408,4686
TW,8,4548,12712,5676,11843,4795,10807,4826,10609,4077,10170,13983,4541,6244,9474,13027,3836,5274
TW,9,5058,13597,6242,12682,5333,11560,5307,11361,4534,10878,14957,4994,6866,10146,13950,4266,5866
TW,10,5188,13691,6331,12822,5470,11640,5382,11486,4651,10953,15060,5065,6964,10258,14104,4376,6017
TW,11,5700,14527,6890,13619,6011,12351,5857,12200,5110,11622,15980,5512,7579,10895,14981,4809,6612
TW,12,6213,15402,7440,14468,6553,13094,6326,12961,5571,12322,16942,5952,8184,11574,15915,5242,7208
TW,13,6728,16228,7984,15275,7094,13797,6788,13684,6031,12982,17851,6387,8782,12220,16802,5675,7803
TW,14,7241,17005,8520,16038,7636,14457,7244,14368,6492,13604,18706,6816,9372,12830,17642,6109,8400
TW,15,7756,17740,9051,16765,8179,15082,7695,15019,6953,14192,19514,7241,9956,13412,18442,6543,8997
TW,16,8241,18336,9536,17364,8691,15588,8107,15555,7388,14669,20169,7629,10490,13891,19100,6953,9560
TW,17,8765,18983,10061,18013,9243,16139,8553,16137,7858,15186,20881,8049,11067,14410,19814,7394,10167
TW,18,9122,19043,10390,18085,9619,16189,8833,16201,8177,15234,20947,8312,11429,14468,19894,7695,10581
TW,19,9261,19178,10472,18288,9766,16305,8903,16383,8303,15342,21096,8378,11519,14630,20117,7813,10743
TW,20,9579,19210,10756,18341,10101,16332,9144,16431,8587,15368,21131,8605,11832,14673,20175,8081,11111
TW,21,9787,19243,10919,18415,10320,16360,9283,16497,8774,15394,21167,8735,12011,14732,20256,8256,11352
TW,22,10077,19307,11175,18505,10626,16414,9501,16577,9034,15446,21238,8940,12293,14804,20356,8501,11689
TW,23,10577,19826,11662,19037,11153,16855,9914,17054,9482,15861,21809,9330,12828,15230,20941,8922,12268
TW,24,11078,20329,12146,19557,11682,17283,10326,17520,9932,16263,22362,9717,13361,15646,21513,9346,12850
TW,25,11615,20879,12667,20122,12248,17751,10769,18026,10413,16703,22967,10134,13934,16098,22134,9798,13473
TW,26,12153,21316,13175,20586,12816,18122,11201,18442,10896,17053,23447,10540,14493,16469,22645,10253,14098
TW,27,12685,21733,13674,21031,13377,18477,11625,18841,11373,17386,23906,10939,15041,16825,23134,10702,14715
TW,28,13239,22179,14196,21506,13961,18856,12069,19266,11869,17743,24397,11357,15616,17205,23657,11169,15357
TW,29,13798,22624,14722,21980,14551,19234,12516,19691,12371,18099,24887,11778,16194,17584,24178,11641,16006
TW,30,14135,22703,15010,22099,14905,19301,12761,19797,12672,18162,24973,12008,16511,17679,24309,11924,16396
TW,31,14716,23180,15559,22604,15519,19707,13227,20250,13193,18544,25498,12447,17115,18083,24864,12415,17071
TW,32,15331,23701,16141,23153,16167,20150,13723,20741,13744,18961,26072,12913,17755,18522,25468,12934,17784
TW,33,15964,24242,16742,23722,16835,20610,14234,21251,14313,19394,26667,13394,18416,18978,26094,13468,18518
TW,34,16528,24670,17269,24182,17429,20973,14682,21663,14818,19736,27137,13815,18996,19346,26600,13943,19172
TW,35,17160,25193,17867,24735,18095,21418,15190,22159,15384,20154,27712,14294,19654,19788,27209,14476,19904
TW,36,17805,25762,18482,25332,18775,21902,15713,22694,15962,20610,28339,14786,20330,20266,27865,15020,20652
TW,37,18399,26250,19042,25850,19402,22317,16189,23157,16495,21000,28875,15234,20946,20680,28435,15522,21342
TW,38,19123,26916,19735,26544,20165,22883,16778,23779,17144,21533,29608,15788,21708,21235,29198,16132,22182
TW,39,19728,27318,20304,26971,20803,23225,17262,24162,17686,21854,30050,16243,22334,21577,29668,16642,22883
TW,40,19913,27407,20443,27110,20998,23301,17380,24286,17852,21926,30148,16354,22487,21688,29821,16798,23098
TW,41,20515,27807,21010,27535,21633,23640,17862,24667,18392,22246,30587,16808,23111,22028,30289,17306,23796
TW,42,21231,28444,21692,28203,22389,24183,18442,25266,19034,22755,31289,17354,23861,22562,31023,17911,24628
TW,43,21886,28995,22311,28786,23079,24650,18968,25787,19621,23196,31894,17849,24542,23029,31665,18463,25387
TW,44,22569,29578,22958,29400,23799,25146,19518,26338,20233,23662,32536,18366,25254,23520,32340,19039,26179
TW,45,23265,30174,23617,30029,24534,25653,20079,26902,20858,24139,33192,18894,25979,24023,33032,19627,26987
TW,46,23987,30782,24301,30671,25295,26170,20660,27477,21505,24626,33860,19441,26731,24537,33738,20236,27825
TW,47,24662,31327,24935,31252,26006,26633,21199,27997,22109,25062,34459,19948,27429,25002,34377,20805,28607
TW,48,25401,31950,25634,31910,26785,27162,21793,28586,22772,25560,35145,20507,28197,25528,35101,21428,29464
TW,49,26119,32543,26312,32540,27543,27667,22370,29151,23416,26034,35798,21050,28943,26032,35794,22034,30297
TW,50,26577,32815,26728,32848,28026,27898,22723,29427,23827,26252,36096,21382,29401,26278,36133,22421,30829
TW,51,27333,33455,27442,33525,28823,28442,23330,30033,24504,26764,36800,21954,30186,26820,36878,23058,31705
TW,52,28068,34067,28136,34173,29597,28963,23920,30614,25163,27254,37474,22509,30950,27338,37590,23678,32557
TW,53,28846,34730,28873,34874,30419,29526,24547,31242,25861,27784,38202,23098,31760,27899,38361,24335,33461
TW,54,29594,35353,29578,35535,31207,30056,25146,31834,26532,28282,38888,23662,32536,28428,39088,24966,34328
TW,55,30386,36026,30326,36247,32042,30628,25782,32471,27241,28821,39628,24261,33359,28998,39872,25634,35246
TW,56,31215,36734,31111,36995,32917,31230,26450,33142,27985,29387,40407,24889,34222,29596,40694,26334,36209
TW,57,31969,37351,31820,37652,33711,31755,27052,33731,28660,29881,41087,25456,35002,30122,41417,26969,37082
TW,58,32705,37947,32511,38288,34487,32261,27640,34300,29320,30358,41741,26009,35762,30630,42117,27590,37936
TW,59,33604,38729,33364,39113,35436,32926,28365,35039,30126,30983,42602,26691,36700,31290,43024,28349,38980
TW,60,34194,39154,33909,39576,36057,33287,28828,35454,30655,31323,43069,27127,37300,31661,43534,28846,39663
TW,61,35065,39902,34733,40368,36976,33924,29529,36163,31436,31922,43893,27786,38206,32294,44405,29581,40674
TW,62,35899,40606,35519,41115,37856,34522,30197,36833,32184,32485,44667,28415,39071,32892,45227,30285,41642
TW,63,36738,41313,36310,41867,38740,35123,30869,37506,32936,33050,45445,29048,39941,33494,46054,30992,42614
TW,64,37653,42103,37175,42701,39705,35794,31605,38253,33756,33682,46313,29740,40892,34161,46971,31764,43676
TW,65,38512,42827,37985,43471,40611,36410,32294,38943,34526,34262,47110,30388,41784,34777,47818,32489,44672
TW,66,39478,43674,38899,44365,41630,37131,33071,39744,35393,34939,48042,31119,42789,35492,48802,33304,45793
TW,67,40369,44434,39739,45172,42570,37776,33785,40467,36191,35547,48877,31791,43713,36138,49689,34056,46827
TW,68,41290,45224,40608,46009,43541,38448,34523,41217,37017,36179,49746,32486,44669,36807,50610,34833,47895
TW,69,42275,46077,41538,46914,44579,39173,35314,42027,37899,36862,50685,33230,45692,37531,51605,35663,49037
TW,70,43300,46970,42507,47859,45661,39932,36138,42875,38819,37576,51667,34006,46758,38287,52645,36529,50227
TW,71,44280,47813,43430,48754,46694,40649,36923,43676,39698,38250,52595,34744,47773,39003,53629,37355,51363
TW,72,45378,48777,44469,49774,47852,41469,37806,44589,40682,39022,53655,35575,48916,39819,54751,38282,52637
TW,73,46477,49734,45507,50788,49010,42283,38688,45498,41667,39787,54708,36406,50058,40630,55867,39208,53911
TW,74,47590,50697,46557,51808,50184,43101,39581,46412,42665,40558,55766,37246,51213,41446,56989,40147,55202
TW,75,48766,51717,47668,52889,51425,43968,40525,47381,43720,41374,56888,38134,52435,42311,58178,41140,56568
TW,76,50023,52807,48854,54044,52749,44895,41534,48415,44846,42246,58088,39083,53739,43235,59448,42199,58024
TW,77,51305,53909,50063,55213,54101,45832,42562,49463,45995,43127,59300,40050,55069,44170,60734,43281,59511
TW,78,52693,55106,51374,56482,55565,46849,43676,50599,47240,44085,60617,41099,56511,45186,62130,44452,61122
TW,79,54157,56361,52755,57813,57109,47916,44851,51791,48552,45089,61997,42204,58031,46250,63594,45687,62820
TW,80,56175,58163,54673,59709,59237,49449,46481,53490,50361,46530,63980,43738,60140,47767,65680,47390,65161
TW,81,57824,59561,56228,61192,60976,50637,47803,54819,51840,47649,65518,44982,61851,48954,67311,48781,67074
TW,82,59645,61100,57946,62824,62896,51945,49263,56281,53472,48880,67210,46357,63741,50259,69106,50317,69186
TW,83,61639,62772,59827,64598,64999,53367,50863,57870,55260,50218,69049,47862,65810,51678,71058,51999,71499
TW,84,63880,64643,61941,66583,67363,54957,52660,59648,57270,51714,71107,49553,68135,53266,73241,53890,74099
TW,85,66295,66624,64217,68687,69909,56642,54595,61533,59434,53299,73287,51374,70639,54950,75556,55927,76900
TW,86,69000,68818,66765,71016,72761,58507,56762,63620,61859,55054,75700,53412,73442,56813,78118,58209,80037
TW,87,72351,71557,69930,73920,76295,60836,59452,66221,64863,57246,78713,55944,76923,59136,81312,61036,83924
TW,88,76073,74541,73440,77085,80220,63372,62436,69056,68201,59633,81995,58752,80784,61668,84794,64176,88242
TW,89,80467,78031,77585,80788,84853,66340,65960,72373,72139,62425,85834,62068,85344,64630,88867,67882,93338
TW,90,86570,82982,83358,86019,91289,70548,70868,77060,77611,66386,91280,66686,91694,68815,94621,73031,100418
TW,91,92771,87862,89211,91193,97829,74697,75845,81695,83171,70290,96648,71369,98132,72954,100312,78263,107612
TW,92,100419,93818,96428,97509,105893,79761,81980,87353,90027,75054,103200,77142,106071,78007,107260,84714,116482
TW,93,110073,100879,105194,105403,116073,85764,89432,94425,98681,80703,110967,84155,115713,84322,115943,92858,127680
TW,94,122608,105859,112914,115553,129291,89998,95996,103518,109919,84687,116445,90331,124205,92442,127108,103433,142220
TW,95,141234,112673,123809,130699,148933,95791,105259,117086,126618,90138,123940,99047,136190,104559,143769,119146,163826
TW,96,165360,121089,137738,150099,174374,102946,117101,134466,148247,96871,133198,110190,151512,120079,165109,139499,191811
TW,97,203048,138479,163642,179989,214116,117730,139123,161242,182035,110783,152327,130914,180006,143991,197988,171293,235528
TW,98,273098,173250,214744,234638,287984,147292,182568,210200,244835,138600,190575,171795,236218,187710,258102,230387,316782
TW,99,355920,213496,273973,299745,375321,181507,232923,268525,319086,170797,234846,219178,301370,239796,329720,300257,412853
TW,99.1,375991,222179,287671,315165,396486,188889,244568,282339,337080,177743,244397,230137,316438,252132,346682,317189,436135
TW,99.2,400236,232333,303981,333716,422053,197522,258435,298958,358816,185866,255566,243185,334379,266973,367088,337642,464258
TW,99.3,429798,244224,323504,356250,453227,207631,275033,319145,385319,195379,268646,258803,355854,285000,391875,362582,498550
TW,99.4,465527,257436,346311,383189,490904,218864,294423,343278,417350,205949,283180,277049,380942,306551,421508,392723,539994
TW,99.5,518132,279666,382242,423011,546376,237763,324969,378953,464511,223733,307633,305794,420466,338409,465312,437101,601014
TW,99.6,588648,310028,431530,475653,620735,263576,366873,426112,527729,248022,341031,345224,474683,380522,523218,496588,682808
TW,99.7,709372,359786,514252,565391,748041,305878,437201,506503,635960,287829,395764,411402,565677,452313,621930,598433,822845
TW,99.8,968729,457629,684678,757220,1021536,389061,582091,678352,868477,366103,503392,547742,753146,605776,832942,817229,1123690
TW,99.9,1258298,554426,864241,970903,1326889,471355,734750,869779,1128078,443541,609869,691393,950665,776722,1067993,1061511,1459578
TW,99.91,1349697,585293,921600,1037874,1423270,497597,783515,929775,1210018,468234,643822,737280,1013760,830299,1141661,1138616,1565597
TW,99.92,1441963,615515,979179,1104871,1520567,523291,832466,989793,1292737,492412,677066,783343,1077097,883897,1215358,1216454,1672624
TW,99.93,1573077,657400,1059894,1200261,1658828,558900,901087,1075248,1410282,525920,723140,847915,1165883,960209,1320287,1327062,1824711
TW,99.94,1753102,712862,1168685,1331477,1848666,606052,993578,1192798,1571676,570290,784148,934948,1285554,1065182,1464625,1478933,2033533
TW,99.95,1977747,775265,1298844,1494631,2085556,659105,1104236,1338959,1773073,620212,852792,1039075,1428728,1195705,1644094,1668445,2294112
TW,99.96,2316121,858525,1485282,1740405,2442375,729890,1262739,1559134,2076429,686820,944378,1188226,1633810,1392324,1914446,1953900,2686612
TW,99.97,2926381,1008006,1820002,2184745,3085901,856974,1547307,1957194,2623534,806405,1108807,1456002,2002002,1747796,2403220,2468721,3394491
TW,99.98,4245940,1304981,2520529,3145253,4477391,1109452,2142873,2817660,3806533,1043985,1435479,2016423,2772582,2516202,3459778,3581913,4925130
TW,99.99,5744331,1577274,3258020,4235816,6057461,1340947,2769864,3794636,5149858,1261819,1735001,2606416,3583822,3388653,4659398,4845969,6663207
TW,99.991,6239424,1685412,3517858,4596265,6579543,1432882,2990770,4117542,5593715,1348330,1853953,2814286,3869644,3677012,5055892,5263634,7237497
TW,99.992,6826995,1807386,3820679,5023874,7199142,1536580,3248218,4500614,6120478,1445909,1988124,3056543,4202747,4019099,5526261,5759314,7919056
TW,99.993,7568222,1952684,4195040,5563289,7980774,1660108,3566487,4983847,6784997,1562147,2147952,3356032,4614544,4450631,6119618,6384619,8778851
TW,99.994,8550940,2131422,4678889,6278502,9017061,1812066,3977841,5624567,7666014,1705138,2344565,3743111,5146778,5022802,6906352,7213649,9918767
TW,99.995,9915326,2352208,5326198,7271464,10455822,1999770,4528162,6514107,8889202,1881766,2587428,4260958,5858818,5817171,7998610,8364658,11501404
TW,99.996,11948033,2622061,6237767,8750780,12599333,2229190,5303148,7839345,10711546,2097649,2884267,4990214,6861544,7000624,9625858,10079466,13859266
TW,99.997,15374069,3022506,7725577,11244056,16212126,2569636,6568036,10072935,13783026,2418005,3324757,6180462,8498135,8995245,12368462,12969701,17833339
TW,99.998,22953100,3622696,10761225,16759858,24204299,3079897,9148846,15014240,20577714,2898157,3984965,8608980,11837348,13407886,18435844,19363439,26624729
TW,99.999,120569817,9163011,47906469,87796279,127142211,7790091,40728534,78651884,108092205,7330409,10079312,38325175,52697116,70237023,96575907,101713769,139856432
VN,0,392,1650,1007,699,530,1511,922,579,486,1375,1788,839,1091,582,757,442,574
VN,1,392,1827,1076,1134,530,1673,985,939,486,1522,1980,897,1166,945,1228,442,574
VN,2,392,1843,1162,1327,530,1688,1064,1099,486,1536,1997,968,1259,1106,1438,442,574
VN,3,392,2078,1173,1714,530,1903,1074,1419,486,1732,2251,978,1271,1428,1857,442,574
VN,4,392,2347,1318,2107,530,2149,1207,1745,486,1956,2543,1098,1428,1756,2283,442,574
VN,5,475,2455,1508,2179,644,2248,1381,1804,589,2046,2660,1257,1634,1816,2361,537,698
VN,6,647,2798,1518,2413,876,2562,1390,1997,802,2332,3031,1265,1644,2011,2614,730,949
VN,7,823,2952,1857,2455,1114,2703,1701,2033,1020,2460,3198,1548,2012,2046,2660,928,1207
VN,8,1001,3234,2194,2653,1355,2961,2009,2197,1241,2695,3503,1828,2377,2211,2874,1129,1468
VN,9,1181,3651,2524,3019,1599,3343,2311,2499,1464,3042,3955,2103,2734,2516,3271,1332,1732
VN,10,1362,4027,2840,3356,1844,3687,2600,2779,1688,3356,4363,2367,3077,2797,3636,1537,1998
VN,11,1544,4429,3165,3712,2091,4055,2898,3073,1914,3691,4798,2638,3429,3093,4021,1742,2265
VN,12,1727,4813,3484,4057,2338,4407,3190,3359,2140,4011,5214,2903,3774,3381,4395,1948,2533
VN,13,1910,5175,3795,4387,2587,4739,3475,3632,2368,4312,5607,3162,4111,3656,4753,2156,2803
VN,14,2094,5505,4094,4695,2836,5041,3749,3887,2596,4588,5964,3412,4435,3912,5086,2363,3072
VN,15,2278,5850,4399,5014,3085,5357,4028,4151,2824,4875,6338,3666,4766,4178,5432,2571,3342
VN,16,2466,6195,4705,5335,3339,5672,4309,4417,3057,5162,6711,3921,5097,4446,5780,2782,3617
VN,17,2644,6502,4990,5626,3580,5953,4569,4658,3278,5418,7043,4158,5406,4688,6095,2983,3878
VN,18,2835,6718,5264,5812,3838,6152,4820,4812,3514,5598,7278,4387,5703,4843,6296,3198,4158
VN,19,2851,6773,5290,5932,3860,6202,4844,4911,3534,5644,7337,4408,5731,4943,6426,3217,4182
VN,20,2946,6803,5384,5970,3989,6229,4930,4943,3652,5669,7370,4487,5833,4975,6468,3324,4321
VN,21,3018,6822,5449,6006,4087,6246,4990,4973,3742,5685,7390,4541,5903,5005,6506,3406,4428
VN,22,3033,6848,5467,6080,4106,6270,5006,5034,3760,5707,7419,4556,5923,5067,6587,3422,4448
VN,23,3132,6891,5585,6121,4240,6310,5114,5068,3882,5742,7466,4654,6050,5101,6631,3533,4593
VN,24,3206,6956,5676,6201,4341,6369,5198,5134,3975,5797,7536,4730,6149,5168,6718,3618,4703
VN,25,3307,7072,5814,6329,4478,6476,5324,5240,4101,5893,7662,4845,6298,5274,6856,3732,4851
VN,26,3390,7152,5919,6423,4590,6549,5420,5318,4203,5960,7748,4932,6412,5352,6958,3825,4972
VN,27,3494,7258,6056,6543,4732,6646,5545,5417,4332,6048,7863,5047,6561,5452,7088,3943,5126
VN,28,3577,7336,6161,6637,4844,6717,5641,5495,4436,6113,7948,5134,6674,5531,7190,4037,5248
VN,29,3674,7432,6286,6748,4975,6805,5756,5587,4556,6193,8051,5238,6810,5623,7310,4146,5390
VN,30,3739,7470,6359,6806,5063,6839,5822,5635,4636,6225,8092,5299,6889,5672,7373,4219,5485
VN,31,3828,7555,6472,6906,5184,6917,5926,5718,4746,6296,8184,5393,7011,5755,7481,4320,5616
VN,32,3944,7676,6625,7043,5340,7029,6067,5831,4890,6397,8316,5521,7177,5869,7630,4450,5785
VN,33,4053,7792,6769,7173,5488,7135,6198,5939,5025,6493,8442,5641,7333,5978,7771,4573,5945
VN,34,4139,7872,6877,7270,5605,7208,6297,6019,5132,6560,8528,5731,7450,6058,7876,4671,6072
VN,35,4242,7983,7014,7394,5744,7309,6422,6122,5260,6652,8648,5845,7598,6162,8010,4787,6223
VN,36,4339,8072,7137,7501,5875,7391,6535,6211,5380,6727,8745,5948,7732,6251,8126,4896,6365
VN,37,4441,8167,7265,7614,6013,7478,6652,6304,5506,6806,8848,6054,7870,6345,8248,5011,6514
VN,38,4566,8300,7432,7764,6183,7600,6805,6428,5661,6917,8992,6193,8051,6470,8411,5152,6698
VN,39,4658,8312,7519,7781,6307,7611,6885,6442,5775,6927,9005,6266,8146,6484,8429,5256,6833
VN,40,4661,8388,7547,7907,6311,7680,6911,6546,5779,6990,9087,6289,8176,6589,8566,5259,6837
VN,41,4766,8416,7655,7942,6454,7706,7009,6575,5909,7013,9117,6379,8293,6618,8604,5378,6992
VN,42,4857,8502,7769,8044,6575,7784,7114,6660,6021,7085,9210,6474,8416,6703,8714,5479,7123
VN,43,4968,8619,7915,8178,6727,7891,7248,6771,6160,7182,9337,6596,8575,6815,8860,5606,7288
VN,44,5088,8735,8070,8313,6890,7998,7390,6882,6309,7279,9463,6725,8742,6928,9006,5742,7464
VN,45,5195,8837,8206,8434,7034,8091,7514,6982,6441,7364,9573,6838,8890,7028,9137,5862,7620
VN,46,5299,8949,8342,8561,7174,8194,7639,7088,6569,7458,9695,6952,9037,7134,9274,5978,7772
VN,47,5413,9060,8488,8692,7329,8296,7772,7196,6710,7550,9815,7073,9195,7243,9416,6108,7940
VN,48,5529,9183,8640,8832,7487,8408,7911,7312,6855,7652,9948,7200,9360,7360,9568,6239,8111
VN,49,5643,9298,8787,8965,7641,8513,8046,7422,6997,7748,10072,7322,9519,7471,9712,6368,8278
VN,50,5740,9372,8905,9063,7772,8581,8154,7503,7117,7810,10153,7421,9647,7552,9818,6477,8420
VN,51,5870,9510,9076,9219,7948,8708,8310,7633,7278,7925,10303,7563,9832,7682,9987,6623,8610
VN,52,5982,9625,9219,9352,8100,8813,8442,7743,7417,8021,10427,7682,9987,7793,10131,6750,8775
VN,53,6118,9765,9396,9513,8284,8941,8604,7876,7585,8138,10578,7830,10179,7928,10306,6903,8974
VN,54,6241,9886,9554,9655,8451,9052,8748,7993,7738,8238,10710,7962,10350,8046,10460,7042,9155
VN,55,6373,10027,9728,9816,8630,9181,8907,8127,7902,8356,10863,8107,10539,8180,10634,7192,9349
VN,56,6525,10181,9925,9992,8835,9322,9088,8273,8090,8484,11030,8271,10752,8327,10825,7362,9571
VN,57,6665,10317,10105,10153,9024,9447,9253,8406,8263,8598,11177,8421,10947,8461,10999,7520,9776
VN,58,6813,10465,10296,10324,9226,9583,9428,8548,8447,8721,11338,8580,11154,8603,11184,7688,9995
VN,59,6984,10640,10519,10524,9457,9743,9632,8713,8659,8867,11527,8766,11396,8770,11401,7881,10245
VN,60,7107,10757,10675,10664,9622,9849,9774,8829,8811,8964,11653,8896,11565,8887,11553,8018,10424
VN,61,7286,10935,10907,10869,9865,10013,9987,8999,9033,9112,11846,9089,11816,9058,11775,8221,10687
VN,62,7471,11122,11149,11083,10116,10184,10208,9176,9263,9268,12049,9291,12078,9236,12007,8430,10959
VN,63,7654,11302,11384,11292,10363,10348,10424,9349,9489,9418,12244,9487,12333,9410,12233,8636,11227
VN,64,7839,11493,11626,11510,10614,10523,10645,9529,9719,9578,12450,9688,12595,9592,12469,8845,11498
VN,65,8029,11685,11874,11731,10871,10699,10872,9712,9955,9738,12658,9895,12864,9776,12709,9059,11777
VN,66,8228,11886,12133,11964,11141,10884,11110,9905,10202,9905,12877,10111,13144,9970,12961,9284,12069
VN,67,8451,12103,12421,12215,11442,11082,11373,10113,10477,10086,13112,10351,13456,10179,13233,9535,12396
VN,68,8667,12317,12702,12461,11736,11278,11631,10317,10746,10264,13344,10585,13760,10384,13499,9780,12714
VN,69,8918,12565,13028,12746,12076,11505,11929,10553,11057,10471,13612,10857,14114,10622,13808,10063,13082
VN,70,9183,12834,13375,13054,12434,11751,12247,10807,11385,10695,13904,11146,14490,10878,14142,10362,13470
VN,71,9434,13079,13700,13337,12774,11976,12544,11042,11696,10899,14169,11417,14842,11114,14448,10645,13838
VN,72,9706,13351,14054,13649,13142,12225,12869,11301,12034,11126,14464,11712,15225,11374,14786,10952,14237
VN,73,9941,13589,14359,13923,13461,12442,13148,11528,12326,11324,14721,11966,15556,11602,15083,11218,14583
VN,74,10226,13871,14730,14248,13847,12701,13488,11797,12679,11559,15027,12275,15957,11873,15435,11539,15001
VN,75,10534,14172,15130,14595,14263,12977,13854,12084,13060,11810,15354,12608,16391,12162,15811,11886,15452
VN,76,10866,14504,15562,14975,14713,13280,14250,12398,13472,12087,15713,12968,16859,12479,16223,12261,15939
VN,77,11167,14810,15955,15327,15121,13560,14609,12689,13845,12342,16044,13296,17285,12772,16604,12601,16381
VN,78,11526,15165,16423,15735,15607,13886,15038,13027,14291,12638,16429,13686,17792,13112,17046,13006,16908
VN,79,11861,15503,16858,16123,16060,14195,15436,13348,14706,12919,16795,14048,18263,13436,17467,13383,17398
VN,80,12334,15991,17481,16675,16700,14642,16007,13805,15292,13326,17324,14568,18938,13896,18065,13917,18092
VN,81,12704,16360,17961,17100,17201,14980,16447,14157,15750,13633,17724,14968,19458,14250,18525,14334,18634
VN,82,13064,16725,18429,17522,17690,15314,16875,14506,16198,13938,18119,15358,19965,14602,18982,14742,19164
VN,83,13491,17150,18984,18010,18268,15703,17383,14911,16727,14292,18579,15820,20566,15008,19511,15223,19790
VN,84,14031,17675,19687,18615,18999,16184,18026,15412,17397,14729,19148,16406,21328,15512,20166,15832,20582
VN,85,14654,18266,20494,19297,19842,16725,18766,15976,18168,15222,19788,17078,22202,16081,20905,16535,21496
VN,86,15207,18793,21209,19909,20590,17208,19420,16483,18853,15661,20359,17674,22976,16591,21568,17158,22306
VN,87,15907,19464,22118,20682,21539,17822,20253,17123,19722,16220,21086,18432,23961,17235,22406,17949,23334
VN,88,16672,20183,23108,21514,22574,18481,21159,17812,20670,16819,21865,19257,25034,17928,23307,18812,24455
VN,89,17518,20983,24205,22438,23719,19213,22163,18577,21719,17486,22732,20171,26222,18698,24308,19766,25696
VN,90,17659,21268,24396,22757,23910,19474,22339,18841,21893,17723,23041,20330,26429,18964,24653,19925,25902
VN,91,18944,22454,26065,24126,25652,20560,23867,19974,23488,18712,24325,21721,28237,20105,26136,21377,27790
VN,92,20482,23867,28061,25756,27734,21854,25694,21324,25395,19889,25856,23384,30399,21463,27902,23112,30045
VN,93,22385,25603,30530,27757,30309,23443,27955,22981,27753,21336,27737,25442,33074,23131,30070,25258,32835
VN,94,25040,27993,33978,30512,33904,25632,31112,25261,31045,23328,30326,28315,36810,25427,33055,28253,36729
VN,95,28821,31453,38909,34475,39024,28800,35627,28543,35733,26211,34074,32424,42151,28729,37348,32520,42276
VN,96,33399,35543,44856,39186,45224,32545,41073,32443,41409,29619,38505,37380,48594,32655,42452,37687,48993
VN,97,41262,42444,55069,47137,55870,38864,50424,39026,51158,35370,45982,45891,59658,39281,51065,46558,60526
VN,98,56414,55537,74742,62230,76386,50852,68438,51521,69944,46281,60165,62285,80970,51858,67416,63655,82752
VN,99,73177,70296,96573,79161,99083,64366,88429,65540,90727,58580,76154,80478,104621,65968,85758,82569,107340
VN,99.1,78270,74650,103191,84175,105979,68352,94488,69691,97041,62208,80871,85992,111790,70146,91190,88316,114811
VN,99.2,84227,79730,110928,90027,114045,73004,101573,74536,104427,66442,86374,92440,120172,75022,97529,95038,123549
VN,99.3,91335,85755,120157,96973,123670,78521,110023,80286,113240,71462,92901,100131,130170,80811,105054,103058,133976
VN,99.4,100323,92446,130993,105689,135839,84647,119946,87502,124383,77038,100150,109161,141909,88074,114496,113199,147159
VN,99.5,113178,98016,142666,118147,153246,89747,130634,97817,140321,81680,106184,118888,154555,98456,127993,127705,166016
VN,99.6,129509,102919,155521,133844,175357,94236,142404,110812,160568,85766,111495,129601,168481,111537,144998,146131,189970
VN,99.7,156271,115161,180702,159464,211594,105446,165462,132024,193748,95968,124758,150585,195760,132887,172753,176328,229227
VN,99.8,213991,146144,239667,214400,289749,133815,219454,177507,265312,121787,158322,199722,259639,178667,232267,241458,313895
VN,99.9,281192,180679,307079,278080,380741,165437,281180,230229,348630,150566,195736,255899,332669,231733,301253,317284,412469
VN,99.91,297474,188602,323065,293414,402788,172692,295818,242924,368817,157168,204319,269221,349987,244512,317865,335657,436354
VN,99.92,314032,196024,338815,308885,425207,179488,310240,255733,389345,163353,212360,282346,367050,257404,334625,354339,460641
VN,99.93,337285,206386,360804,330698,456692,188975,330374,273793,418175,171988,223585,300670,390871,275582,358256,380577,494750
VN,99.94,366719,219057,388198,358325,496546,200577,355458,296665,454668,182548,237312,323498,420548,298604,388185,413788,537925
VN,99.95,401162,236435,422820,390505,543183,216490,387160,323308,497372,197029,256138,352350,458055,325421,423047,452652,588448
VN,99.96,449823,260465,471204,436004,609072,238492,431464,360978,557704,217054,282171,392670,510471,363337,472338,507560,659828
VN,99.97,531749,299788,551470,512737,720000,274498,504960,424507,659277,249823,324770,459558,597426,427281,555465,6e+05,780000
VN,99.98,696076,372849,706984,666549,942505,341395,647358,551852,863016,310708,403920,589153,765899,555458,722095,785421,1021047
VN,99.99,866486,440561,860574,826008,1173243,403395,787995,683871,1074294,367134,477274,717145,932288,688340,894842,977702,1271013
VN,99.991,920362,460667,907852,876463,1246193,421805,831285,725644,1141091,383889,499056,756543,983506,730386,949502,1038494,1350042
VN,99.992,980620,483768,961359,932846,1327784,442957,880280,772325,1215802,403140,524082,801132,1041472,777372,1010583,1106487,1438433
VN,99.993,1051498,511672,1025005,999156,1423755,468507,938558,827225,1303678,426393,554312,854171,1110422,832630,1082419,1186462,1542401
VN,99.994,1147229,548166,1109810,1088733,1553376,501922,1016211,901387,1422367,456805,593846,924842,1202294,907278,1179461,1294480,1682824
VN,99.995,1275691,594614,1221212,1208915,1727318,544452,1118218,1000889,1581639,495512,644165,1017677,1322980,1007429,1309658,1439432,1871261
VN,99.996,1457530,655671,1374414,1379026,1973531,600358,1258499,1141728,1807087,546392,710310,1145345,1488948,1149188,1493945,1644609,2137992
VN,99.997,1736945,738496,1599314,1640393,2351866,676196,1464431,1358120,2153514,615413,800038,1332762,1732590,1366994,1777092,1959888,2547855
VN,99.998,2231628,883722,1996089,2103178,3021680,809170,1827742,1741270,2766837,736435,957365,1663408,2162430,1752648,2278443,2518067,3273487
VN,99.999,6144191,1595296,4720079,5758025,8319387,1460715,4321997,4767204,7617745,1329413,1728237,3933399,5113419,4798354,6237860,6932822,9012669
BD,0,156,505,405,235,204,458,367,187,185,421,548,338,439,196,255,170,221
BD,1,156,535,420,311,204,486,381,248,185,446,580,350,455,259,337,170,221
BD,2,156,580,443,395,204,526,401,315,185,483,628,369,480,329,428,170,221
BD,3,156,657,482,496,204,596,437,396,185,548,712,402,522,413,537,170,221
BD,4,156,715,530,543,204,649,481,433,185,596,775,442,574,452,588,170,221
BD,5,231,752,583,571,303,682,529,455,275,627,815,486,632,476,619,252,328
BD,6,384,1144,946,814,503,1037,858,649,456,953,1239,788,1025,678,882,419,545
BD,7,539,1552,1299,1113,705,1407,1178,887,640,1293,1681,1082,1407,928,1206,588,764
BD,8,695,1940,1644,1402,910,1759,1491,1117,825,1617,2102,1370,1781,1168,1519,758,986
BD,9,851,2313,1981,1682,1115,2098,1797,1341,1011,1928,2506,1651,2146,1402,1822,929,1208
BD,10,1009,2676,2313,1959,1320,2427,2097,1562,1197,2230,2899,1928,2506,1632,2122,1100,1430
BD,11,1166,3035,2643,2234,1527,2753,2397,1780,1385,2529,3288,2202,2863,1862,2420,1272,1654
BD,12,1324,3385,2968,2504,1734,3070,2692,1996,1573,2821,3668,2473,3215,2087,2713,1445,1878
BD,13,1482,3730,3290,2772,1941,3383,2984,2209,1760,3108,4041,2742,3564,2310,3003,1618,2103
BD,14,1641,4067,3607,3035,2148,3688,3271,2419,1948,3389,4406,3006,3908,2529,3288,1790,2327
BD,15,1799,4400,3923,3297,2356,3991,3558,2628,2136,3667,4767,3269,4250,2748,3572,1963,2552
BD,16,1957,4723,4233,3554,2562,4283,3839,2833,2324,3936,5116,3528,4586,2962,3850,2135,2776
BD,17,2117,5041,4541,3810,2772,4572,4119,3037,2514,4201,5461,3784,4919,3175,4128,2310,3003
BD,18,2276,5357,4848,4063,2981,4858,4397,3239,2703,4464,5803,4040,5252,3386,4402,2484,3229
BD,19,2408,5594,5092,4259,3153,5074,4618,3395,2860,4662,6061,4243,5516,3549,4614,2628,3416
BD,20,2435,5600,5111,4283,3188,5079,4635,3414,2891,4667,6067,4259,5537,3569,4640,2657,3454
BD,21,2463,5602,5138,4297,3225,5080,4659,3425,2925,4668,6068,4282,5566,3581,4655,2688,3494
BD,22,2522,5674,5226,4369,3302,5146,4740,3483,2995,4728,6147,4355,5662,3641,4733,2752,3577
BD,23,2576,5742,5308,4436,3373,5207,4813,3536,3059,4785,6220,4423,5750,3697,4806,2811,3654
BD,24,2630,5806,5387,4501,3444,5266,4886,3588,3123,4838,6290,4489,5836,3751,4876,2870,3731
BD,25,2681,5872,5465,4566,3511,5326,4956,3639,3184,4893,6362,4554,5920,3805,4946,2926,3804
BD,26,2734,5939,5544,4631,3580,5386,5028,3691,3247,4949,6434,4620,6006,3859,5017,2983,3878
BD,27,2790,6003,5625,4697,3654,5444,5101,3744,3314,5002,6503,4688,6094,3914,5088,3045,3958
BD,28,2846,6073,5709,4766,3726,5508,5178,3799,3379,5061,6579,4758,6185,3972,5163,3105,4036
BD,29,2897,6134,5784,4829,3794,5564,5246,3849,3441,5112,6646,4820,6266,4024,5231,3162,4110
BD,30,2936,6166,5832,4869,3844,5592,5289,3881,3486,5138,6680,4860,6318,4058,5275,3203,4164
BD,31,2985,6220,5901,4926,3908,5641,5352,3927,3545,5183,6738,4918,6393,4105,5336,3257,4234
BD,32,3049,6297,5996,5002,3992,5711,5438,3987,3620,5248,6821,4997,6496,4168,5419,3327,4325
BD,33,3107,6362,6079,5070,4068,5770,5513,4042,3689,5302,6892,5066,6586,4225,5492,3390,4407
BD,34,3166,6429,6164,5139,4145,5831,5590,4097,3759,5358,6965,5137,6678,4282,5567,3454,4490
BD,35,3229,6502,6256,5214,4228,5897,5674,4156,3834,5418,7044,5213,6777,4345,5648,3523,4580
BD,36,3286,6565,6337,5280,4302,5954,5747,4209,3901,5471,7112,5281,6865,4400,5720,3585,4660
BD,37,3338,6624,6412,5342,4371,6008,5815,4258,3964,5520,7176,5343,6946,4452,5787,3642,4735
BD,38,3401,6697,6503,5417,4454,6074,5897,4318,4039,5581,7255,5419,7045,4514,5868,3712,4825
BD,39,3459,6721,6563,5442,4529,6096,5952,4338,4107,5601,7281,5469,7110,4535,5896,3774,4906
BD,40,3461,6763,6585,5510,4532,6134,5972,4392,4110,5636,7327,5488,7134,4592,5969,3777,4910
BD,41,3515,6781,6640,5530,4602,6150,6022,4408,4174,5651,7346,5533,7193,4608,5991,3835,4986
BD,42,3571,6847,6719,5598,4675,6210,6094,4462,4240,5706,7417,5599,7279,4665,6064,3896,5065
BD,43,3627,6910,6800,5665,4750,6267,6167,4516,4308,5758,7486,5667,7367,4721,6137,3958,5146
BD,44,3697,6987,6899,5745,4841,6337,6257,4579,4390,5822,7569,5749,7474,4788,6224,4034,5244
BD,45,3762,7060,6992,5821,4926,6403,6341,4640,4467,5883,7648,5827,7575,4851,6306,4105,5336
BD,46,3837,7146,7101,5909,5024,6481,6440,4711,4556,5955,7741,5918,7693,4924,6401,4187,5443
BD,47,3895,7212,7183,5978,5099,6541,6514,4766,4625,6010,7813,5986,7782,4982,6476,4249,5524
BD,48,3965,7292,7284,6062,5192,6614,6606,4832,4709,6077,7900,6070,7891,5052,6567,4327,5625
BD,49,4034,7368,7382,6141,5282,6682,6694,4895,4790,6140,7982,6152,7997,5118,6653,4402,5722
BD,50,4091,7420,7457,6202,5357,6730,6763,4944,4858,6183,8039,6214,8078,5168,6719,4464,5803
BD,51,4166,7507,7566,6292,5455,6809,6861,5015,4947,6256,8133,6305,8196,5243,6816,4546,5910
BD,52,4241,7592,7673,6379,5553,6885,6959,5085,5036,6327,8224,6394,8312,5316,6911,4628,6016
BD,53,4316,7677,7780,6468,5651,6963,7056,5156,5125,6398,8317,6483,8428,5390,7007,4709,6122
BD,54,4400,7772,7901,6566,5761,7049,7165,5234,5225,6477,8420,6584,8559,5472,7113,4801,6241
BD,55,4480,7865,8017,6662,5865,7133,7271,5310,5319,6554,8521,6681,8685,5552,7217,4888,6354
BD,56,4569,7967,8146,6767,5982,7226,7388,5394,5426,6639,8631,6788,8825,5639,7331,4985,6480
BD,57,4654,8060,8266,6864,6093,7310,7496,5472,5526,6717,8731,6888,8955,5720,7436,5078,6601
BD,58,4741,8156,8390,6965,6208,7397,7609,5552,5630,6797,8836,6992,9089,5804,7545,5173,6725
BD,59,4840,8270,8534,7082,6337,7501,7740,5645,5747,6892,8960,7112,9245,5902,7672,5281,6865
BD,60,4916,8342,8636,7163,6437,7566,7832,5710,5837,6952,9038,7197,9356,5969,7760,5364,6973
BD,61,5021,8461,8788,7285,6574,7673,7970,5807,5962,7051,9166,7323,9520,6071,7892,5478,7122
BD,62,5135,8585,8952,7415,6724,7786,8119,5910,6098,7154,9301,7460,9698,6179,8033,5603,7284
BD,63,5240,8703,9102,7537,6861,7893,8255,6008,6223,7252,9429,7585,9860,6281,8165,5718,7433
BD,64,5355,8832,9270,7670,7012,8010,8407,6114,6360,7360,9568,7725,10042,6392,8309,5843,7596
BD,65,5473,8960,9438,7803,7166,8126,8559,6220,6499,7467,9707,7865,10224,6502,8453,5972,7763
BD,66,5587,9090,9603,7936,7316,8244,8709,6326,6635,7575,9847,8002,10403,6613,8597,6097,7926
BD,67,5720,9236,9794,8088,7490,8377,8883,6447,6793,7697,10006,8162,10610,6740,8762,6242,8114
BD,68,5840,9367,9964,8225,7646,8495,9037,6557,6934,7806,10148,8303,10794,6854,8910,6372,8283
BD,69,5967,9509,10147,8372,7813,8624,9203,6673,7086,7924,10301,8456,10993,6977,9070,6511,8464
BD,70,6113,9677,10360,8544,8005,8777,9396,6810,7260,8064,10484,8633,11223,7120,9256,6671,8672
BD,71,6249,9828,10555,8700,8182,8913,9573,6935,7420,8190,10647,8796,11435,7250,9425,6818,8864
BD,72,6388,9983,10755,8861,8364,9054,9754,7063,7585,8319,10815,8962,11651,7384,9599,6970,9061
BD,73,6523,10134,10949,9019,8541,9191,9929,7189,7746,8445,10979,9124,11861,7516,9771,7118,9253
BD,74,6690,10316,11188,9208,8759,9356,10147,7340,7944,8597,11176,9323,12120,7673,9975,7299,9489
BD,75,6862,10504,11436,9402,8985,9526,10371,7495,8149,8753,11379,9530,12389,7835,10186,7488,9734
BD,76,7023,10682,11665,9587,9195,9688,10580,7642,8339,8902,11572,9721,12637,7989,10386,7662,9961
BD,77,7201,10879,11921,9792,9428,9866,10811,7805,8550,9066,11785,9934,12914,8160,10608,7857,10214
BD,78,7388,11083,12189,10004,9675,10052,11055,7975,8774,9236,12007,10158,13205,8337,10838,8062,10481
BD,79,7607,11320,12504,10250,9961,10267,11340,8171,9033,9433,12264,10420,13546,8542,11104,8301,10791
BD,80,7870,11619,12889,10552,10306,10537,11690,8412,9346,9682,12587,10741,13963,8793,11431,8588,11165
BD,81,8109,11875,13232,10819,10618,10770,12000,8624,9629,9896,12864,11027,14335,9016,11721,8848,11503
BD,82,8355,12138,13583,11093,10940,11008,12319,8843,9921,10115,13149,11319,14715,9244,12017,9117,11852
BD,83,8620,12423,13963,11390,11287,11267,12663,9080,10237,10352,13459,11636,15127,9492,12339,9406,12228
BD,84,8921,12744,14395,11723,11681,11558,13055,9345,10593,10620,13806,11996,15595,9769,12700,9734,12654
BD,85,9260,13099,14881,12093,12126,11880,13496,9640,10997,10916,14191,12401,16121,10078,13101,10105,13136
BD,86,9613,13470,15385,12479,12586,12216,13953,9947,11415,11225,14592,12821,16667,10399,13519,10488,13635
BD,87,10028,13906,15982,12931,13131,12612,14495,10308,11908,11588,15065,13318,17314,10776,14009,10942,14225
BD,88,10483,14379,16636,13423,13727,13041,15087,10700,12449,11982,15577,13863,18022,11186,14542,11439,14871
BD,89,11009,14921,17390,13986,14415,13533,15771,11149,13073,12434,16165,14492,18839,11655,15151,12012,15616
BD,90,11497,15491,18105,14564,15055,14050,16419,11609,13653,12909,16782,15088,19614,12137,15778,12546,16310
BD,91,12351,16344,19332,15448,16172,14823,17533,12314,14667,13620,17706,16110,20943,12873,16735,13477,17520
BD,92,13329,17317,20737,16458,17453,15706,18806,13119,15828,14431,18760,17281,22465,13715,17830,14544,18907
BD,93,14635,18598,22614,17785,19163,16868,20509,14177,17379,15498,20148,18845,24498,14821,19267,15969,20760
BD,94,16335,20251,25058,19497,21389,18366,22726,15541,19398,16876,21938,20882,27146,16248,21122,17824,23171
BD,95,18485,22406,28168,21712,24204,20321,25546,17307,21951,18672,24274,23473,30515,18093,23521,20170,26221
BD,96,21229,25055,32112,24457,27796,22723,29122,19496,25209,20879,27143,26760,34788,20381,26495,23163,30112
BD,97,25724,29328,38574,28884,33683,26599,34983,23025,30548,24440,31772,32145,41788,24070,31291,28069,36490
BD,98,34048,37132,50537,36972,44582,33677,45833,29472,40432,30943,40227,42114,54748,30810,40053,37152,48297
BD,99,44428,47049,65538,47174,58174,42671,59438,37604,52759,39208,50970,54615,71000,39312,51105,48478,63022
BD,99.1,47916,50237,70554,50474,62740,45562,63987,40235,56900,41864,54423,58795,76434,42062,54680,52283,67968
BD,99.2,52081,54042,76546,54413,68193,49013,69420,43375,61846,45035,58546,63788,82925,45344,58947,56828,73876
BD,99.3,57020,58532,83647,59065,74662,53085,75861,47082,67712,48777,63410,69706,90618,49221,63987,62218,80884
BD,99.4,63497,64380,92955,65126,83142,58389,84303,51914,75403,53650,69745,77462,100701,54272,70553,69285,90070
BD,99.5,72760,72728,106272,73775,95272,65961,96380,58808,86403,60607,78789,88560,115128,61479,79923,79393,103211
BD,99.6,85361,83038,123317,85465,111771,75311,111839,68127,101367,69198,89958,102764,133593,71221,92587,93142,121085
BD,99.7,105959,90865,141344,104511,138741,82410,128187,83310,125827,75721,98438,117787,153123,87092,113220,115618,150303
BD,99.8,151224,113651,187329,146139,198010,103075,169891,116492,179578,94709,123122,156108,202940,121782,158317,165008,214511
BD,99.9,206785,145922,248746,197000,270762,132343,225591,157035,245558,121602,158083,207288,269475,164167,213417,225635,293326
BD,99.91,218967,152504,261756,208069,286712,138313,237390,165859,260023,127087,165213,218130,283569,173391,225408,238927,310605
BD,99.92,232600,159516,275970,220417,304564,144672,250281,175702,276213,132930,172809,229975,298968,183681,238785,253803,329944
BD,99.93,250878,168809,294854,237024,328496,153100,267408,188939,297918,140674,182876,245712,319425,197520,256776,273747,355871
BD,99.94,274668,180485,318956,258655,359647,163690,289266,206183,326169,150404,195526,265797,345536,215546,280210,299706,389618
BD,99.95,303264,193557,346958,284571,397090,175546,314662,226841,360127,161298,209687,289132,375871,237142,308285,330908,430181
BD,99.96,344583,216103,391396,322055,451192,195993,354963,256720,409193,180086,234111,326163,424012,268379,348893,375993,488791
BD,99.97,411203,251260,461702,382520,538423,227878,418725,304919,488304,209383,272198,384752,500177,318767,414397,448686,583292
BD,99.98,540200,314597,592699,499544,707330,285322,537528,398203,641489,262164,340814,493916,642091,416287,541173,589442,766274
BD,99.99,681337,376865,728338,627552,892133,341795,660541,500242,809090,314054,408270,606948,789033,522960,679848,743444,966477
BD,99.991,724292,394705,768371,666540,948378,357976,696847,531321,860099,328921,427598,640309,832402,555450,722085,790315,1027409
BD,99.992,772317,413495,811898,710091,1011260,375017,736323,566037,917127,344579,447953,676582,879556,591742,769265,842717,1095532
BD,99.993,829902,437999,866266,762307,1086662,397241,785630,607660,985511,364999,474499,721888,938455,635256,825833,905552,1177217
BD,99.994,905344,469642,936972,830727,1185444,425939,849755,662200,1075097,391368,508779,780810,1015053,692272,899954,987870,1284231
BD,99.995,1004656,509298,1027873,920782,1315483,461905,932194,733986,1193032,424415,551739,856561,1113529,767318,997514,1096236,1425107
BD,99.996,1144812,561626,1152165,1047873,1499001,509363,1044917,835294,1359467,468022,608428,960138,1248179,873228,1135196,1249168,1623918
BD,99.997,1358481,632587,1332016,1241593,1778776,573721,1208026,989715,1613200,527156,685303,1110013,1443017,1034661,1345059,1482313,1927007
BD,99.998,1766253,760371,1666796,1611352,2312706,689614,1511643,1284462,2097429,633642,823735,1388997,1805696,1342793,1745631,1927255,2505432
BD,99.999,4294093,1403204,3579239,3902660,5622623,1272628,3246068,3110939,5099245,1169337,1520138,2982699,3877509,3252217,4227882,4685519,6091175
ET,0,17,96,113,-30,17,91,106,-22,16,80,104,94,122,-25,-32,14,18
ET,1,17,107,124,11,17,100,117,8,16,89,115,103,134,9,12,14,18
ET,2,17,124,142,44,17,117,134,32,16,103,134,118,154,37,48,14,18
ET,3,17,163,183,83,17,154,172,60,16,136,176,152,198,69,90,14,18
ET,4,17,223,255,92,17,210,241,67,16,186,241,212,276,77,100,14,18
ET,5,43,232,263,135,44,219,248,97,41,193,251,219,285,112,146,37,48
ET,6,96,461,548,179,96,435,517,130,91,384,500,457,594,149,194,80,104
ET,7,149,677,810,267,150,639,765,193,141,564,734,675,877,222,289,125,162
ET,8,203,877,1055,351,204,827,995,254,192,731,950,879,1143,292,380,170,221
ET,9,257,1059,1281,430,258,999,1209,311,243,882,1147,1068,1388,358,466,215,280
ET,10,311,1230,1496,506,311,1161,1411,366,294,1025,1333,1247,1621,422,548,259,337
ET,11,365,1399,1707,581,366,1319,1610,420,345,1166,1515,1422,1849,484,629,305,396
ET,12,419,1559,1909,654,420,1471,1801,473,396,1299,1689,1591,2068,545,708,350,455
ET,13,473,1710,2101,724,474,1613,1982,524,447,1425,1853,1751,2276,603,784,395,514
ET,14,527,1859,2290,795,529,1753,2160,574,499,1549,2014,1908,2481,662,861,441,573
ET,15,582,2000,2471,862,583,1886,2331,623,550,1667,2166,2059,2677,718,934,486,632
ET,16,636,2132,2644,928,637,2011,2494,670,601,1777,2310,2203,2864,773,1005,531,690
ET,17,690,2264,2815,993,692,2136,2655,718,653,1887,2453,2346,3050,828,1076,577,750
ET,18,744,2389,2977,1057,746,2253,2809,764,703,1991,2588,2481,3225,881,1145,622,808
ET,19,798,2513,3140,1120,799,2370,2962,810,754,2094,2722,2617,3402,933,1213,666,866
ET,20,820,2531,3170,1137,821,2388,2991,822,775,2109,2742,2642,3434,948,1232,684,889
ET,21,843,2561,3214,1158,845,2416,3032,837,797,2134,2775,2678,3482,965,1254,704,915
ET,22,867,2590,3258,1180,869,2443,3073,853,820,2158,2806,2715,3529,983,1278,724,941
ET,23,891,2619,3300,1201,893,2471,3114,868,843,2182,2837,2750,3575,1001,1301,744,967
ET,24,912,2634,3327,1216,914,2485,3138,879,862,2195,2854,2772,3604,1013,1317,762,990
ET,25,935,2658,3364,1236,938,2507,3173,894,885,2215,2879,2803,3644,1030,1339,782,1016
ET,26,957,2679,3398,1254,960,2527,3206,907,905,2232,2902,2832,3681,1045,1358,800,1040
ET,27,978,2701,3431,1272,981,2547,3236,920,925,2251,2926,2859,3717,1060,1378,818,1063
ET,28,1000,2724,3466,1290,1002,2569,3270,933,946,2270,2951,2888,3755,1075,1398,835,1086
ET,29,1023,2751,3507,1311,1026,2595,3308,948,968,2292,2981,2922,3799,1092,1420,855,1112
ET,30,1040,2762,3526,1324,1042,2605,3326,957,983,2302,2992,2938,3820,1103,1434,868,1129
ET,31,1064,2792,3570,1345,1066,2634,3368,972,1006,2327,3025,2975,3867,1121,1457,888,1155
ET,32,1086,2819,3608,1366,1089,2659,3404,988,1027,2349,3054,3007,3909,1138,1480,908,1180
ET,33,1111,2852,3655,1389,1114,2690,3448,1004,1051,2377,3089,3046,3960,1158,1505,928,1207
ET,34,1137,2885,3703,1413,1140,2721,3493,1021,1075,2404,3125,3086,4012,1178,1531,950,1235
ET,35,1162,2918,3750,1437,1165,2752,3538,1038,1099,2432,3161,3125,4062,1198,1557,971,1262
ET,36,1186,2946,3791,1457,1189,2779,3577,1053,1122,2455,3191,3159,4107,1214,1578,991,1288
ET,37,1210,2975,3832,1479,1213,2806,3615,1069,1144,2479,3223,3193,4151,1232,1602,1011,1314
ET,38,1241,3018,3893,1509,1244,2846,3673,1090,1174,2515,3269,3244,4217,1258,1635,1037,1348
ET,39,1266,3048,3938,1532,1269,2875,3715,1107,1198,2540,3302,3282,4266,1277,1660,1058,1375
ET,40,1280,3049,3944,1540,1282,2876,3721,1113,1210,2541,3303,3287,4273,1283,1668,1068,1389
ET,41,1305,3077,3986,1562,1308,2902,3760,1129,1234,2564,3333,3322,4318,1302,1692,1090,1417
ET,42,1333,3112,4036,1588,1336,2935,3807,1147,1260,2593,3371,3363,4372,1323,1720,1113,1447
ET,43,1361,3145,4085,1612,1364,2966,3853,1165,1287,2621,3407,3404,4425,1343,1746,1137,1478
ET,44,1385,3170,4123,1634,1389,2990,3890,1181,1310,2642,3434,3436,4467,1362,1770,1158,1505
ET,45,1413,3205,4173,1660,1417,3023,3936,1200,1337,2671,3472,3478,4521,1383,1798,1181,1535
ET,46,1444,3248,4232,1689,1447,3063,3993,1221,1365,2707,3518,3527,4585,1408,1830,1206,1568
ET,47,1471,3284,4283,1715,1475,3097,4040,1239,1391,2737,3557,3569,4640,1429,1858,1229,1598
ET,48,1500,3320,4334,1741,1504,3132,4089,1259,1419,2767,3597,3612,4695,1451,1886,1253,1629
ET,49,1524,3344,4371,1762,1528,3154,4123,1274,1441,2787,3622,3642,4735,1468,1909,1273,1655
ET,50,1541,3349,4383,1774,1544,3159,4135,1282,1457,2791,3628,3652,4748,1478,1922,1287,1673
ET,51,1570,3387,4437,1801,1574,3195,4186,1302,1485,2822,3670,3698,4807,1501,1951,1312,1705
ET,52,1598,3420,4484,1827,1602,3226,4230,1320,1511,2850,3705,3737,4858,1522,1979,1335,1735
ET,53,1625,3448,4525,1851,1629,3252,4269,1338,1537,2873,3735,3771,4902,1542,2005,1358,1765
ET,54,1650,3473,4563,1872,1653,3276,4304,1353,1560,2894,3763,3802,4943,1560,2028,1378,1791
ET,55,1675,3500,4602,1894,1679,3301,4341,1369,1584,2917,3791,3835,4986,1578,2052,1399,1819
ET,56,1702,3529,4644,1918,1706,3328,4381,1386,1609,2941,3823,3870,5031,1598,2078,1422,1848
ET,57,1726,3549,4675,1938,1730,3347,4411,1401,1632,2958,3844,3896,5065,1615,2100,1442,1874
ET,58,1749,3564,4702,1956,1753,3362,4436,1414,1654,2970,3861,3918,5094,1630,2119,1461,1899
ET,59,1778,3595,4750,1980,1782,3391,4481,1431,1681,2996,3894,3958,5146,1650,2145,1485,1930
ET,60,1792,3597,4752,1991,1796,3393,4483,1439,1694,2998,3897,3960,5148,1659,2157,1497,1946
ET,61,1820,3622,4792,2014,1824,3416,4521,1456,1720,3018,3924,3993,5191,1678,2182,1520,1976
ET,62,1846,3645,4830,2036,1851,3439,4556,1471,1746,3038,3949,4025,5232,1697,2206,1542,2005
ET,63,1877,3678,4877,2062,1882,3469,4601,1491,1775,3065,3984,4064,5283,1718,2234,1568,2039
ET,64,1907,3704,4918,2087,1912,3494,4640,1508,1804,3087,4013,4098,5328,1739,2261,1593,2071
ET,65,1938,3731,4961,2113,1942,3519,4680,1527,1832,3109,4042,4134,5374,1761,2289,1618,2104
ET,66,1971,3763,5011,2140,1976,3550,4727,1547,1864,3136,4077,4176,5429,1783,2318,1647,2141
ET,67,2005,3800,5065,2171,2010,3584,4778,1569,1896,3167,4116,4221,5487,1809,2352,1675,2178
ET,68,2044,3840,5125,2204,2049,3622,4835,1593,1933,3200,4160,4271,5552,1837,2388,1708,2220
ET,69,2084,3885,5191,2240,2089,3665,4897,1619,1971,3238,4209,4326,5624,1867,2427,1741,2263
ET,70,2132,3943,5274,2284,2137,3719,4975,1650,2016,3286,4272,4395,5714,1903,2474,1781,2315
ET,71,2174,3989,5342,2321,2179,3763,5040,1677,2055,3324,4322,4452,5787,1934,2514,1816,2361
ET,72,2227,4054,5436,2369,2232,3824,5128,1712,2105,3378,4392,4530,5889,1974,2566,1860,2418
ET,73,2280,4119,5529,2417,2286,3885,5216,1747,2156,3432,4462,4608,5990,2014,2618,1905,2476
ET,74,2328,4169,5604,2459,2334,3932,5287,1777,2202,3474,4516,4670,6071,2049,2664,1945,2528
ET,75,2379,4224,5686,2504,2385,3984,5365,1810,2250,3520,4576,4738,6160,2087,2713,1988,2584
ET,76,2434,4282,5775,2550,2440,4039,5448,1843,2302,3568,4639,4812,6256,2125,2762,2033,2643
ET,77,2492,4343,5868,2601,2498,4097,5535,1880,2357,3619,4705,4890,6357,2168,2818,2082,2706
ET,78,2568,4433,6001,2668,2574,4181,5661,1928,2429,3694,4802,5001,6501,2223,2890,2145,2788
ET,79,2647,4525,6137,2737,2653,4268,5789,1979,2503,3771,4902,5114,6648,2281,2965,2211,2874
ET,80,2743,4640,6307,2823,2749,4376,5950,2040,2593,3867,5026,5256,6833,2352,3058,2291,2978
ET,81,2831,4744,6461,2902,2838,4475,6095,2097,2677,3953,5139,5384,6999,2418,3144,2365,3074
ET,82,2929,4856,6629,2987,2936,4580,6254,2159,2770,4047,5260,5524,7181,2489,3236,2447,3181
ET,83,3041,4982,6822,3083,3049,4699,6436,2228,2876,4152,5397,5685,7390,2569,3340,2541,3303
ET,84,3179,5139,7062,3202,3186,4848,6662,2314,3006,4282,5568,5885,7650,2668,3469,2655,3451
ET,85,3326,5309,7320,3329,3334,5008,6905,2406,3145,4424,5751,6100,7930,2774,3606,2778,3612
ET,86,3495,5497,7612,3471,3503,5185,7181,2509,3305,4581,5955,6343,8246,2892,3760,2919,3795
ET,87,3700,5728,7971,3644,3709,5403,7520,2634,3499,4773,6205,6642,8635,3037,3948,3091,4018
ET,88,3957,6023,8428,3863,3966,5682,7951,2792,3742,5019,6525,7023,9130,3219,4185,3305,4296
ET,89,4246,6342,8932,4102,4256,5982,8427,2965,4015,5285,6871,7443,9676,3418,4444,3547,4611
ET,90,4646,6799,9647,4438,4656,6413,9101,3208,4393,5666,7366,8039,10451,3698,4808,3880,5044
ET,91,5030,7204,10306,4747,5042,6796,9722,3431,4757,6003,7805,8588,11165,3956,5143,4202,5462
ET,92,5536,7738,11177,5153,5549,7298,10544,3724,5235,6448,8382,9314,12108,4294,5582,4624,6011
ET,93,6161,8380,12244,5646,6175,7905,11551,4081,5826,6983,9079,10203,13264,4705,6116,5146,6690
ET,94,6977,9219,13640,6286,6993,8695,12868,4543,6597,7682,9987,11367,14777,5238,6810,5828,7576
ET,95,8230,10533,15815,7278,8249,9935,14919,5260,7782,8778,11411,13179,17133,6065,7884,6874,8936
ET,96,9768,12081,18436,8465,9791,11395,17392,6118,9236,10068,13087,15363,19972,7054,9170,8159,10607
ET,97,12225,14545,22629,10353,12254,13719,21348,7483,11560,12121,15757,18858,24515,8628,11216,10212,13275
ET,98,16482,18764,29870,13597,16520,17699,28179,9827,15585,15637,20327,24892,32359,11331,14730,13767,17897
ET,99,20089,22500,36086,16434,20137,21223,34043,11878,18997,18750,24375,30072,39093,13695,17804,16781,21815
ET,99.1,21087,23497,37785,17199,21136,22163,35645,12431,19940,19581,25455,31488,40934,14332,18632,17613,22897
ET,99.2,22244,24648,39754,18084,22296,23249,37503,13071,21034,20540,26702,33128,43067,15070,19591,18580,24154
ET,99.3,23624,26014,42099,19135,23680,24537,39716,13830,22339,21678,28181,35082,45607,15946,20730,19733,25653
ET,99.4,25262,27617,44873,20373,25322,26049,42332,14725,23888,23014,29918,37394,48612,16978,22071,21102,27432
ET,99.5,27537,29850,48735,22093,27602,28156,45976,15968,26039,24875,32338,40612,52796,18411,23934,23002,29902
ET,99.6,30432,32651,53627,24260,30503,30798,50591,17534,28777,27209,35372,44689,58096,20217,26282,25419,33045
ET,99.7,34884,36935,61150,27575,34966,34838,57688,19931,32986,30779,40013,50958,66246,22979,29873,29138,37880
ET,99.8,43216,44893,75220,33737,43318,42345,70961,24384,40866,37411,48634,62683,81488,28114,36548,36098,46928
ET,99.9,51877,53109,89850,40098,52000,50095,84763,28982,49056,44258,57535,74875,97338,33415,43440,43333,56333
ET,99.91,54445,55493,94189,41942,54573,52343,88857,30314,51483,46244,60117,78491,102038,34952,45437,45478,59121
ET,99.92,57233,58055,98888,43929,57368,54760,93290,31751,54120,48379,62893,82407,107129,36608,47590,47807,62149
ET,99.93,60699,61135,104687,46339,60842,57665,98760,33493,57397,50946,66229,87239,113411,38616,50201,50702,65912
ET,99.94,65240,64971,112196,49380,65394,61283,105844,35691,61691,54142,70385,93497,121546,41150,53495,54495,70844
ET,99.95,70527,69460,120950,52935,70693,65517,114103,38260,66691,57883,75248,100792,131029,44112,57346,58911,76584
ET,99.96,77981,75879,133332,57998,78165,71572,125784,41919,73740,63232,82203,111110,144443,48332,62831,65138,84679
ET,99.97,90013,78171,139679,66231,90226,73733,131772,47870,85118,65142,84685,116399,151319,55192,71750,75188,97745
ET,99.98,112131,84665,155082,81404,112395,79859,146302,58836,106032,70554,91720,129235,168006,67837,88188,93662,121761
ET,99.99,134139,96049,178512,96565,134456,90597,168406,69795,126843,80041,104053,148760,193388,80471,104612,112047,145661
ET,99.991,140810,99137,184988,101169,141142,93510,174515,73122,133151,82614,107399,154157,200404,84308,109600,117618,152904
ET,99.992,148426,103628,193731,106550,148776,97746,182763,77012,140353,86357,112264,161442,209875,88792,115429,123980,161174
ET,99.993,157355,106285,200105,112630,157726,100251,188776,81406,148797,88571,115142,166754,216780,93858,122016,131438,170870
ET,99.994,168789,110749,209711,120571,169186,104462,197839,87146,159608,92291,119978,174759,227187,100476,130619,140988,183285
ET,99.995,183445,117426,223618,130753,183877,110760,210958,94505,173467,97855,127211,186348,242253,108961,141649,153231,199200
ET,99.996,203840,127774,244668,144955,204321,120521,230816,104770,192753,106478,138422,203890,265057,120796,157035,170268,221348
ET,99.997,234411,143793,276743,166394,234963,135631,261075,120265,221661,119828,155776,230619,299805,138662,180260,195802,254543
ET,99.998,293027,166432,325364,207204,293717,156985,306944,149761,277089,138693,180302,271137,352478,172670,224471,244764,318193
ET,99.999,582504,223598,472643,409384,583877,210906,445885,295892,550822,186332,242231,393869,512030,341153,443499,486564,632533
KE,0,42,230,212,-45,46,214,197,-35,42,195,247,179,228,-38,-48,39,50
KE,1,42,257,232,58,46,239,216,45,42,217,277,196,250,49,62,39,50
KE,2,42,299,266,135,46,278,247,104,42,253,322,225,286,114,145,39,50
KE,3,42,384,333,227,46,357,310,174,42,325,413,282,359,192,244,39,50
KE,4,42,385,359,241,46,359,335,185,42,326,415,304,387,204,260,39,50
KE,5,78,558,466,332,84,519,433,254,78,472,600,394,502,281,358,71,90
KE,6,149,689,652,335,161,642,607,257,150,583,742,552,702,283,361,136,173
KE,7,222,964,923,475,240,898,859,364,223,816,1039,781,994,402,512,203,258
KE,8,295,1214,1174,605,319,1131,1093,464,297,1027,1308,993,1264,512,652,270,344
KE,9,369,1442,1407,727,398,1342,1310,557,370,1220,1552,1191,1515,615,783,337,429
KE,10,442,1658,1631,844,477,1544,1518,647,444,1403,1786,1380,1756,714,909,404,514
KE,11,515,1873,1853,962,556,1744,1725,737,518,1585,2017,1568,1996,814,1036,470,599
KE,12,589,2078,2068,1076,636,1935,1926,824,592,1758,2238,1750,2227,910,1159,538,685
KE,13,663,2276,2277,1188,715,2119,2119,910,666,1926,2451,1927,2452,1005,1279,605,770
KE,14,736,2465,2478,1295,795,2295,2307,993,740,2086,2654,2097,2669,1096,1395,673,856
KE,15,810,2649,2677,1402,875,2467,2492,1075,814,2241,2853,2265,2883,1186,1510,740,942
KE,16,883,2824,2865,1505,953,2629,2667,1154,887,2390,3041,2424,3085,1273,1621,806,1026
KE,17,957,2997,3054,1608,1033,2791,2843,1232,962,2536,3228,2584,3289,1361,1732,874,1112
KE,18,1031,3167,3239,1710,1112,2948,3016,1310,1035,2680,3410,2741,3488,1447,1842,941,1198
KE,19,1101,3310,3410,1794,1189,3082,3175,1375,1106,2801,3565,2885,3672,1518,1932,1006,1280
KE,20,1116,3322,3411,1819,1204,3093,3176,1394,1121,2811,3578,2886,3673,1539,1959,1019,1297
KE,21,1142,3340,3450,1834,1233,3110,3212,1406,1147,2826,3597,2919,3715,1552,1975,1043,1328
KE,22,1172,3370,3493,1861,1265,3138,3252,1426,1178,2852,3629,2956,3762,1575,2004,1070,1362
KE,23,1203,3411,3546,1893,1299,3176,3301,1451,1209,2886,3673,3000,3819,1602,2039,1099,1399
KE,24,1231,3441,3587,1919,1329,3204,3340,1471,1237,2912,3706,3035,3863,1624,2067,1125,1431
KE,25,1260,3479,3636,1950,1360,3239,3385,1494,1266,2944,3747,3077,3916,1650,2100,1151,1465
KE,26,1288,3512,3678,1977,1390,3270,3425,1515,1294,2972,3782,3112,3961,1673,2129,1176,1497
KE,27,1317,3546,3723,2006,1421,3301,3466,1538,1323,3000,3819,3150,4009,1697,2160,1202,1530
KE,28,1342,3572,3760,2030,1448,3326,3500,1556,1348,3022,3846,3182,4049,1718,2186,1225,1559
KE,29,1375,3618,3817,2066,1484,3369,3554,1583,1382,3061,3896,3230,4111,1748,2225,1256,1598
KE,30,1396,3630,3839,2082,1506,3380,3574,1596,1402,3072,3909,3248,4134,1762,2242,1274,1622
KE,31,1421,3652,3872,2104,1535,3400,3605,1613,1429,3090,3933,3276,4170,1780,2266,1299,1653
KE,32,1453,3696,3927,2139,1569,3442,3656,1640,1460,3127,3981,3323,4229,1810,2304,1328,1690
KE,33,1482,3729,3971,2167,1600,3472,3697,1661,1490,3155,4015,3360,4276,1834,2334,1354,1723
KE,34,1513,3768,4020,2199,1633,3509,3742,1685,1520,3188,4058,3402,4329,1861,2368,1382,1759
KE,35,1544,3809,4071,2232,1667,3546,3790,1711,1552,3223,4102,3445,4384,1889,2404,1411,1795
KE,36,1573,3842,4115,2260,1698,3577,3831,1732,1581,3251,4137,3482,4432,1912,2434,1437,1829
KE,37,1598,3869,4151,2285,1726,3602,3864,1752,1606,3274,4167,3512,4470,1933,2461,1460,1859
KE,38,1635,3923,4216,2327,1765,3653,3925,1783,1643,3319,4225,3567,4540,1969,2506,1493,1901
KE,39,1666,3932,4242,2334,1799,3661,3949,1789,1674,3327,4235,3589,4568,1975,2514,1522,1937
KE,40,1669,3960,4264,2374,1802,3687,3970,1820,1677,3351,4265,3608,4592,2009,2557,1525,1941
KE,41,1700,3969,4288,2381,1834,3695,3992,1825,1708,3358,4274,3628,4618,2015,2564,1552,1975
KE,42,1735,4014,4346,2418,1872,3738,4046,1854,1743,3396,4323,3677,4680,2046,2604,1584,2016
KE,43,1768,4057,4400,2453,1908,3778,4096,1880,1776,3433,4369,3723,4738,2076,2642,1614,2055
KE,44,1800,4095,4448,2485,1942,3813,4141,1905,1808,3465,4410,3764,4790,2103,2676,1643,2091
KE,45,1829,4131,4493,2516,1974,3846,4183,1929,1838,3495,4449,3802,4839,2129,2710,1670,2126
KE,46,1865,4178,4552,2554,2013,3890,4237,1958,1874,3535,4499,3852,4902,2161,2750,1703,2168
KE,47,1899,4216,4603,2588,2050,3925,4285,1983,1909,3567,4540,3895,4957,2190,2787,1735,2208
KE,48,1937,4259,4660,2625,2091,3965,4339,2012,1946,3604,4586,3943,5018,2221,2827,1769,2252
KE,49,1971,4290,4705,2654,2127,3994,4380,2034,1980,3630,4620,3981,5067,2246,2858,1800,2291
KE,50,1995,4299,4727,2671,2153,4003,4401,2048,2004,3638,4630,4000,5091,2260,2876,1822,2319
KE,51,2034,4345,4788,2711,2195,4045,4458,2078,2044,3677,4679,4051,5156,2294,2920,1857,2364
KE,52,2070,4385,4840,2746,2233,4083,4506,2105,2079,3710,4722,4095,5212,2324,2957,1889,2405
KE,53,2113,4433,4905,2787,2281,4127,4567,2136,2123,3751,4774,4150,5282,2358,3001,1930,2456
KE,54,2149,4467,4955,2821,2320,4159,4613,2162,2160,3780,4811,4193,5336,2387,3038,1963,2498
KE,55,2188,4507,5011,2857,2361,4196,4665,2190,2198,3814,4854,4240,5396,2417,3077,1998,2543
KE,56,2233,4564,5083,2904,2410,4249,4732,2226,2244,3862,4915,4301,5474,2457,3127,2039,2595
KE,57,2275,4607,5143,2944,2456,4290,4788,2256,2286,3898,4962,4352,5539,2491,3170,2078,2645
KE,58,2314,4645,5197,2979,2497,4325,4839,2283,2325,3930,5002,4397,5597,2521,3208,2113,2689
KE,59,2368,4715,5287,3035,2556,4390,4922,2327,2380,3990,5078,4474,5694,2568,3268,2163,2753
KE,60,2423,4782,5373,3091,2615,4452,5002,2369,2435,4046,5150,4546,5786,2615,3329,2213,2816
KE,61,2471,4827,5440,3134,2668,4494,5065,2402,2483,4084,5198,4603,5858,2652,3375,2258,2873
KE,62,2523,4882,5518,3182,2724,4545,5137,2439,2536,4131,5257,4669,5942,2692,3427,2305,2934
KE,63,2575,4936,5592,3231,2779,4596,5206,2476,2587,4177,5315,4732,6022,2734,3480,2351,2993
KE,64,2625,4989,5666,3278,2834,4645,5275,2513,2638,4221,5373,4794,6102,2774,3530,2398,3052
KE,65,2683,5039,5746,3328,2897,4692,5349,2551,2697,4264,5427,4862,6188,2816,3584,2451,3120
KE,66,2750,5105,5842,3386,2968,4753,5439,2595,2763,4320,5497,4943,6291,2865,3646,2511,3196
KE,67,2814,5162,5932,3441,3038,4806,5522,2637,2828,4368,5559,5019,6388,2912,3706,2571,3272
KE,68,2892,5245,6049,3512,3121,4883,5631,2692,2905,4438,5648,5118,6514,2972,3782,2641,3361
KE,69,2964,5308,6149,3573,3199,4942,5725,2738,2978,4491,5716,5203,6622,3023,3848,2707,3445
KE,70,3056,5420,6299,3663,3298,5046,5864,2808,3071,4586,5837,5330,6784,3099,3945,2791,3552
KE,71,3129,5492,6405,3729,3377,5114,5963,2858,3144,4647,5915,5420,6898,3155,4016,2857,3637
KE,72,3220,5587,6543,3811,3476,5202,6091,2922,3236,4727,6017,5536,7046,3225,4104,2941,3743
KE,73,3304,5666,6663,3884,3566,5276,6203,2977,3320,4794,6102,5638,7176,3286,4183,3017,3840
KE,74,3393,5758,6796,3965,3663,5361,6327,3039,3410,4872,6200,5750,7319,3355,4270,3099,3945
KE,75,3495,5876,6956,4063,3772,5471,6476,3114,3512,4972,6328,5886,7491,3438,4376,3192,4062
KE,76,3597,5986,7112,4158,3883,5574,6621,3187,3615,5065,6447,6018,7659,3518,4478,3286,4182
KE,77,3697,6086,7260,4247,3990,5667,6759,3255,3715,5150,6555,6143,7818,3594,4574,3376,4297
KE,78,3821,6225,7453,4364,4124,5796,6939,3345,3839,5267,6704,6306,8026,3693,4700,3490,4441
KE,79,3954,6380,7664,4492,4268,5940,7135,3443,3973,5398,6871,6485,8254,3801,4838,3611,4596
KE,80,4135,6606,7964,4671,4464,6150,7415,3581,4155,5590,7114,6739,8577,3952,5030,3777,4807
KE,81,4282,6762,8188,4805,4622,6296,7623,3683,4303,5722,7282,6928,8818,4066,5175,3911,4978
KE,82,4431,6920,8416,4942,4782,6443,7835,3788,4452,5855,7452,7121,9063,4182,5322,4046,5150
KE,83,4608,7098,8682,5097,4973,6609,8083,3907,4630,6006,7644,7346,9350,4313,5489,4208,5356
KE,84,4813,7312,8998,5279,5196,6808,8377,4047,4837,6187,7874,7614,9690,4467,5685,4397,5596
KE,85,5024,7529,9319,5466,5422,7011,8676,4189,5048,6371,8109,7885,10036,4625,5886,4588,5839
KE,86,5296,7809,9737,5705,5716,7271,9065,4373,5321,6608,8410,8239,10486,4827,6144,4837,6156
KE,87,5622,8147,10243,5990,6068,7586,9536,4591,5649,6894,8774,8667,11031,5068,6451,5134,6535
KE,88,5969,8493,10773,6287,6442,7908,10029,4819,5998,7186,9147,9116,11602,5320,6771,5451,6938
KE,89,6414,8943,11461,6669,6923,8327,10670,5112,6445,7567,9631,9698,12343,5643,7182,5858,7456
KE,90,7072,9643,12502,7247,7633,8978,11639,5555,7106,8159,10384,10579,13464,6132,7804,6459,8220
KE,91,7702,10229,13454,7757,8313,9524,12525,5946,7739,8655,11016,11384,14489,6564,8354,7034,8952
KE,92,8613,11161,14880,8536,9296,10392,13853,6543,8655,9444,12020,12591,16025,7223,9193,7866,10011
KE,93,9712,12209,16567,9431,10482,11367,15424,7229,9759,10331,13148,14018,17841,7980,10156,8869,11288
KE,94,11148,13545,18760,10580,12032,12612,17465,8109,11202,11461,14587,15874,20203,8952,11394,10181,12958
KE,95,13556,15902,22507,12562,14631,14806,20954,9628,13622,13456,17125,19044,24238,10629,13528,12380,15756
KE,96,16475,18670,27007,14914,17783,17384,25143,11432,16555,15798,20106,22852,29084,12620,16061,15047,19151
KE,97,20843,22891,33778,18480,22497,21313,31447,14165,20944,19369,24652,28581,36376,15637,19902,19036,24228
KE,98,29504,31121,47169,25451,31845,28977,43913,19508,29647,26333,33515,39912,50797,21535,27409,26946,34295
KE,99,36955,38293,58714,31510,39887,35654,54662,24152,37134,32402,41239,49681,63230,26662,33934,33751,42955
KE,99.1,38879,40101,61678,33048,41963,37338,57421,25332,39067,33932,43186,52189,66422,27964,35590,35507,45191
KE,99.2,41252,42327,65337,34941,44525,39410,60827,26782,41452,35815,45583,55285,70363,29565,37629,37675,47950
KE,99.3,43996,44885,69559,37118,47487,41792,64758,28451,44209,37980,48338,58858,74910,31408,39973,40181,51140
KE,99.4,47353,47994,74719,39769,51109,44687,69562,30483,47582,40610,51686,63224,80467,33651,42828,43246,55040
KE,99.5,51820,52132,81592,43293,55931,48540,75960,33184,52071,44112,56142,69039,87868,36633,46623,47326,60233
KE,99.6,57651,57482,90546,47860,62224,53521,84297,36685,57930,48639,61904,76616,97511,40497,51542,52651,67010
KE,99.7,66732,65784,104493,54946,72026,61251,97281,42116,67055,55663,70844,88417,112531,46493,59173,60945,77566
KE,99.8,83927,80521,129618,68294,90585,74972,120672,52348,84333,68133,86715,109677,139589,57787,73547,76649,97553
KE,99.9,101511,88361,145150,81875,109565,82272,135131,62757,102003,74767,95158,122819,156315,69279,88173,92709,117993
KE,99.91,106627,90202,149145,85766,115087,83986,138851,65740,107143,76325,97141,126200,160618,72571,92363,97381,123940
KE,99.92,111686,91438,152320,89580,120547,85137,141806,68663,112227,77371,98472,128886,164037,75798,96471,102001,129820
KE,99.93,119614,95637,160424,95608,129104,89047,149352,73283,120193,80924,102994,135743,172764,80899,102962,109242,139035
KE,99.94,129770,101511,171508,103333,140065,94516,159670,79205,130398,85894,109320,145122,184701,87436,111282,118517,150839
KE,99.95,140629,107155,182549,111533,151785,99771,169949,85490,141309,90670,115398,154465,196591,94374,120112,128433,163461
KE,99.96,157479,116985,201147,124295,169972,108924,187263,95272,158241,98987,125984,170201,216620,105173,133856,143822,183047
KE,99.97,183328,132623,230469,143872,197872,123484,214562,110278,184215,112219,142825,195012,248197,121738,154939,167430,213093
KE,99.98,231005,159609,281984,179939,249332,148610,262521,137923,232123,135054,171886,238602,303675,152256,193780,210973,268511
KE,99.99,277924,181601,326667,215147,299973,169087,304120,164910,279269,153662,195571,276411,351795,182047,231697,253823,323048
KE,99.991,294075,187606,339946,227192,317405,174678,316483,174142,295498,158744,202037,287647,366096,192239,244668,268573,341821
KE,99.992,310645,197822,358726,239916,335290,184190,333966,183895,312148,167388,213039,303537,386320,203006,258371,283707,361082
KE,99.993,329350,205324,375548,253466,355479,191175,349627,194282,330944,173736,221118,317771,404436,214471,272963,300790,382824
KE,99.994,354488,217559,400264,272249,382611,202567,372638,208679,356203,184088,234295,338685,431054,230365,293191,323748,412043
KE,99.995,386362,232246,430418,296072,417014,216242,400710,226939,388231,196516,250112,364200,463527,250522,318847,352858,449092
KE,99.996,430500,251392,470383,329118,464654,234068,437917,252268,432583,212716,270729,398016,506566,278484,354435,393169,500397
KE,99.997,495002,282501,532436,377892,534273,263034,495687,289654,497397,239039,304232,450523,573393,319755,406961,452077,575371
KE,99.998,624907,323339,628268,475001,674484,301058,584904,364088,627930,273595,348211,531611,676596,401924,511540,570717,726367
KE,99.999,1293071,431749,973083,976668,1395657,401997,905920,748615,1299328,365326,464960,823378,1047936,826411,1051796,1180941,1503015
CD,0,20,332,708,-313,18,315,672,-165,17,273,362,582,771,-257,-341,15,20
CD,1,20,379,807,-60,18,360,766,-32,17,312,413,664,879,-49,-65,15,20
CD,2,20,409,872,39,18,388,827,21,17,336,445,717,950,32,42,15,20
CD,3,20,457,973,115,18,434,923,61,17,376,498,800,1059,95,125,15,20
CD,4,20,573,1223,198,18,544,1160,104,17,471,624,1006,1332,163,216,15,20
CD,5,27,599,1274,199,25,569,1209,105,23,493,653,1048,1387,164,217,21,27
CD,6,41,718,1532,201,38,681,1453,106,36,590,782,1260,1668,165,219,31,41
CD,7,56,849,1812,202,51,806,1719,106,48,698,925,1490,1973,166,220,42,56
CD,8,70,964,2057,218,64,915,1952,115,61,793,1050,1691,2240,179,237,53,70
CD,9,85,1000,2123,220,77,949,2015,116,73,822,1089,1746,2312,181,240,63,84
CD,10,99,1062,2267,220,90,1008,2151,116,86,873,1157,1864,2469,181,240,74,98
CD,11,114,1157,2470,232,103,1098,2344,122,98,951,1260,2031,2690,191,253,85,112
CD,12,128,1244,2656,240,116,1181,2520,126,110,1023,1355,2184,2892,197,261,95,126
CD,13,143,1329,2838,260,129,1261,2692,137,123,1093,1448,2333,3090,214,283,106,140
CD,14,157,1414,3018,281,143,1342,2863,148,135,1163,1540,2481,3286,231,306,118,156
CD,15,172,1492,3184,299,156,1416,3021,157,148,1227,1625,2618,3467,246,326,128,170
CD,16,186,1565,3337,319,169,1485,3166,168,161,1287,1704,2744,3634,262,347,139,184
CD,17,201,1632,3481,336,183,1549,3303,177,173,1342,1777,2862,3790,276,366,150,199
CD,18,216,1675,3569,338,196,1589,3387,178,186,1377,1824,2935,3886,278,368,161,213
CD,19,223,1688,3595,346,202,1601,3411,182,192,1388,1838,2956,3915,284,377,166,220
CD,20,230,1697,3613,354,209,1610,3428,186,198,1395,1848,2971,3934,291,385,172,228
CD,21,231,1697,3619,376,210,1610,3434,198,199,1395,1848,2976,3941,309,409,173,229
CD,22,239,1709,3643,383,217,1621,3456,202,206,1405,1861,2995,3967,315,417,178,236
CD,23,246,1712,3644,384,223,1624,3458,202,212,1408,1864,2996,3968,316,418,183,243
CD,24,255,1715,3654,384,232,1627,3467,202,220,1410,1867,3004,3979,316,418,191,253
CD,25,264,1723,3667,390,240,1635,3480,205,228,1417,1876,3015,3993,321,425,197,261
CD,26,272,1735,3692,396,247,1646,3503,208,235,1427,1889,3036,4020,326,431,203,269
CD,27,281,1748,3718,403,255,1658,3528,212,242,1437,1903,3057,4048,331,439,210,278
CD,28,288,1758,3735,409,262,1668,3544,215,248,1445,1914,3071,4067,336,445,215,285
CD,29,296,1758,3739,409,268,1668,3548,215,255,1445,1914,3074,4071,336,445,220,292
CD,30,300,1768,3759,424,272,1678,3567,223,258,1454,1925,3091,4093,349,462,224,296
CD,31,308,1770,3760,425,279,1679,3567,224,265,1455,1927,3092,4094,349,463,229,304
CD,32,315,1777,3773,430,286,1686,3580,226,271,1461,1935,3102,4108,354,468,235,311
CD,33,323,1787,3793,437,293,1695,3598,230,278,1469,1945,3119,4130,359,476,241,319
CD,34,330,1795,3810,442,300,1704,3615,233,284,1476,1955,3133,4149,363,481,247,327
CD,35,339,1807,3833,450,308,1714,3636,237,292,1486,1967,3152,4174,370,490,253,335
CD,36,348,1818,3855,458,316,1725,3658,241,300,1495,1979,3170,4198,377,499,260,344
CD,37,358,1824,3863,460,325,1731,3665,242,308,1500,1986,3176,4206,378,501,267,354
CD,38,366,1833,3887,468,332,1740,3688,246,315,1507,1996,3196,4233,385,510,273,362
CD,39,375,1837,3888,470,340,1743,3689,247,322,1510,2000,3197,4234,386,512,280,370
CD,40,375,1837,3894,485,340,1743,3695,255,323,1510,2001,3202,4240,399,528,280,370
CD,41,384,1846,3906,491,348,1752,3706,258,331,1518,2010,3212,4253,404,535,286,379
CD,42,392,1850,3920,493,356,1755,3719,259,337,1521,2014,3223,4268,405,537,293,388
CD,43,400,1856,3924,497,363,1761,3723,262,344,1526,2021,3226,4273,409,541,298,395
CD,44,407,1865,3942,504,370,1770,3741,265,351,1533,2031,3241,4292,414,549,304,403
CD,45,415,1876,3962,512,377,1780,3759,269,357,1542,2042,3258,4314,421,558,310,411
CD,46,424,1883,3976,518,385,1786,3772,273,365,1548,2050,3269,4329,426,564,317,419
CD,47,433,1895,4000,526,393,1798,3795,277,373,1558,2064,3289,4356,432,573,323,428
CD,48,442,1905,4019,533,402,1807,3813,280,381,1566,2074,3305,4376,438,580,331,438
CD,49,452,1917,4043,542,410,1819,3836,285,389,1576,2088,3324,4402,446,590,337,446
CD,50,461,1919,4046,547,418,1821,3839,288,397,1578,2090,3327,4406,450,596,344,455
CD,51,473,1932,4073,556,429,1833,3865,293,407,1589,2104,3349,4435,457,605,353,467
CD,52,481,1943,4093,564,437,1843,3883,297,415,1598,2115,3365,4457,464,614,359,476
CD,53,492,1955,4116,573,447,1855,3905,302,424,1607,2128,3384,4482,471,624,368,487
CD,54,505,1970,4148,584,458,1869,3935,307,435,1620,2145,3411,4517,480,636,377,499
CD,55,516,1983,4173,593,468,1881,3959,312,444,1630,2159,3431,4544,488,646,385,510
CD,56,529,1996,4199,602,480,1893,3984,317,456,1641,2173,3453,4572,495,656,395,523
CD,57,542,2012,4232,613,492,1909,4015,322,467,1654,2191,3480,4608,504,667,405,536
CD,58,554,2029,4265,623,503,1925,4047,328,478,1668,2209,3507,4644,512,678,414,548
CD,59,566,2042,4290,634,514,1937,4071,333,487,1679,2223,3527,4671,521,690,423,560
CD,60,582,2070,4348,648,528,1964,4125,341,501,1702,2254,3575,4734,533,706,434,575
CD,61,596,2086,4380,658,540,1979,4156,346,513,1715,2272,3601,4769,541,716,444,588
CD,62,612,2105,4420,672,556,1997,4193,353,527,1731,2292,3634,4813,553,732,457,605
CD,63,626,2120,4449,682,568,2011,4221,359,539,1743,2308,3658,4844,561,743,467,618
CD,64,642,2138,4487,695,583,2029,4257,366,553,1758,2329,3689,4886,571,757,479,635
CD,65,658,2157,4524,708,597,2046,4292,373,567,1774,2348,3720,4926,582,771,491,650
CD,66,675,2175,4561,721,612,2063,4327,380,581,1788,2368,3750,4966,593,785,503,666
CD,67,691,2193,4597,735,627,2081,4362,386,595,1803,2388,3780,5006,604,800,516,683
CD,68,706,2210,4631,748,641,2097,4394,393,608,1817,2407,3808,5043,615,814,527,698
CD,69,725,2229,4671,762,658,2115,4431,401,625,1833,2428,3841,5086,627,830,541,716
CD,70,753,2263,4743,783,684,2147,4500,412,649,1861,2464,3900,5165,644,853,562,745
CD,71,773,2284,4787,799,701,2167,4542,420,665,1878,2487,3936,5213,657,870,576,763
CD,72,795,2308,4837,816,722,2190,4590,429,685,1898,2514,3977,5267,671,889,594,786
CD,73,818,2334,4889,834,743,2214,4639,439,705,1919,2541,4020,5324,686,908,611,809
CD,74,841,2358,4940,851,763,2237,4687,448,724,1939,2567,4062,5379,700,927,627,831
CD,75,867,2389,5004,872,787,2266,4748,459,747,1964,2601,4114,5449,717,950,647,857
CD,76,896,2422,5074,895,813,2298,4815,471,772,1991,2637,4172,5525,736,975,668,885
CD,77,925,2454,5142,917,839,2328,4879,482,796,2018,2672,4228,5599,754,999,690,914
CD,78,953,2486,5208,939,865,2359,4941,494,821,2044,2707,4282,5671,772,1022,711,942
CD,79,986,2523,5287,965,895,2394,5017,508,850,2074,2748,4347,5757,793,1051,736,975
CD,80,1039,2597,5444,1007,943,2464,5166,530,894,2135,2827,4476,5928,828,1097,775,1027
CD,81,1086,2650,5562,1043,986,2514,5277,549,935,2179,2885,4573,6056,858,1136,811,1074
CD,82,1138,2707,5687,1081,1033,2568,5396,569,980,2226,2947,4676,6193,889,1177,849,1125
CD,83,1199,2773,5837,1125,1089,2631,5538,592,1033,2280,3020,4799,6356,925,1225,895,1186
CD,84,1261,2840,5986,1171,1145,2694,5679,616,1086,2335,3092,4922,6518,963,1275,941,1247
CD,85,1334,2916,6159,1224,1210,2767,5844,644,1148,2398,3176,5064,6706,1006,1333,995,1318
CD,86,1410,2996,6339,1279,1279,2842,6015,673,1214,2463,3262,5212,6902,1052,1393,1052,1393
CD,87,1487,3079,6525,1335,1349,2921,6191,703,1280,2532,3352,5365,7105,1098,1454,1109,1469
CD,88,1576,3172,6736,1400,1431,3009,6391,736,1358,2608,3453,5538,7335,1151,1524,1177,1558
CD,89,1720,3319,7083,1499,1561,3149,6720,789,1481,2729,3614,5824,7713,1233,1632,1283,1700
CD,90,1899,3518,7545,1626,1723,3338,7159,856,1635,2893,3831,6204,8216,1337,1771,1417,1876
CD,91,2061,3681,7929,1739,1871,3493,7523,915,1775,3027,4008,6519,8634,1430,1894,1538,2037
CD,92,2271,3889,8424,1883,2061,3690,7993,991,1955,3198,4234,6926,9173,1548,2050,1695,2244
CD,93,2578,4194,9163,2091,2340,3980,8694,1100,2220,3448,4567,7534,9977,1719,2277,1924,2548
CD,94,3026,4631,10235,2390,2747,4394,9711,1257,2606,3808,5043,8415,11145,1965,2602,2259,2991
CD,95,3630,5237,11715,2795,3295,4969,11115,1471,3126,4306,5703,9632,12756,2298,3043,2709,3588
CD,96,4416,5994,13590,3314,4008,5687,12895,1744,3803,4928,6527,11174,14798,2725,3609,3295,4364
CD,97,5767,7279,16811,4196,5234,6906,15951,2208,4966,5985,7926,13822,18305,3450,4569,4304,5699
CD,98,8355,9717,22980,5871,7584,9220,21804,3089,7196,7990,10581,18895,25023,4827,6393,6236,8258
CD,99,10552,11859,28318,7315,9577,11252,26868,3849,9087,9751,12913,23284,30835,6015,7965,7874,10428
CD,99.1,11150,12427,29751,7703,10120,11791,28229,4053,9602,10218,13532,24462,32396,6334,8388,8321,11020
CD,99.2,11843,13080,31406,8150,10749,12411,29798,4289,10199,10755,14243,25823,34198,6701,8874,8838,11704
CD,99.3,12689,13877,33426,8697,11517,13166,31715,4576,10928,11410,15110,27484,36397,7151,9470,9470,12541
CD,99.4,13710,14828,35853,9352,12444,14069,34018,4921,11807,12192,16147,29479,39040,7689,10183,10232,13550
CD,99.5,15135,16166,39258,10267,13737,15339,37249,5403,13034,13292,17603,32279,42748,8442,11180,11295,14958
CD,99.6,17022,17920,43749,11474,15450,17003,41510,6037,14660,14734,19513,35971,47638,9434,12494,12703,16823
CD,99.7,19931,20614,50669,13327,18090,19558,48075,7013,17164,16949,22446,41661,55173,10958,14512,14874,19698
CD,99.8,25474,25731,63862,16847,23121,24414,60593,8864,21938,21157,28019,52509,69539,13852,18345,19011,25176
CD,99.9,31364,31173,77920,20578,28468,29577,73931,10828,27010,25631,33944,64068,84846,16920,22407,23407,30998
CD,99.91,33194,32852,82294,21727,30128,31170,78082,11432,28586,27012,35772,67664,89609,17864,23658,24772,32806
CD,99.92,35292,34773,87305,23044,32033,32992,82836,12125,30394,28591,37863,71784,95065,18947,25092,26338,34880
CD,99.93,37643,36906,92896,24512,34167,35017,88141,12898,32418,30345,40187,76381,101153,20154,26691,28093,37204
CD,99.94,40670,39660,100105,26404,36914,37630,94981,13893,35025,32609,43185,82309,109003,21710,28751,30352,40195
CD,99.95,44669,43303,109634,28907,40544,41086,104022,15210,38468,35605,47153,90144,119379,23768,31477,33336,44148
CD,99.96,50003,48148,122327,32238,45385,45683,116066,16963,43062,39588,52428,100580,133201,26507,35104,37317,49419
CD,99.97,58696,56072,143049,37679,53276,53201,135727,19826,50549,46104,61056,117618,155764,30981,41028,43805,58012
CD,99.98,75316,65304,167111,48083,68361,61960,158557,25300,64862,53694,71108,137402,181965,39535,52357,56208,74438
CD,99.99,92197,72248,185157,58649,83683,68549,175680,30860,79399,59404,78670,152240,201615,48223,63862,68806,91121
CD,99.991,97147,74931,192151,61747,88176,71095,182315,32490,83662,61610,81592,157991,209231,50770,67236,72500,96014
CD,99.992,103091,78034,200233,65468,93571,74039,189984,34448,88782,64161,84970,164636,218031,53829,71287,76936,101888
CD,99.993,110398,82348,211478,70043,100203,78132,200653,36856,95074,67708,89668,173882,230276,57591,76269,82389,109110
CD,99.994,119601,88073,226406,75804,108556,83564,214818,39887,102999,72416,95901,186156,246531,62328,82542,89257,118205
CD,99.995,131632,95330,245329,83337,119476,90449,232772,43850,113360,78382,103804,201715,267136,68522,90745,98236,130096
CD,99.996,148414,105023,270599,93843,134709,99646,256748,49378,127813,86352,114358,222493,294652,77160,102185,110761,146683
CD,99.997,174845,119375,307983,110390,158698,113263,292218,58085,150575,98153,129986,253230,335359,90765,120202,130485,172804
CD,99.998,224838,143561,371191,141619,204075,136211,352191,74517,193629,118039,156322,305201,404186,116442,154207,167795,222215
CD,99.999,506812,221124,573579,317618,460010,209803,544220,167125,436463,181813,240780,471609,624564,261153,345851,378230,500900
