"country","year","p10","p50","p99","p99.9","p99.99","p99.999"
"World",2020,961,4388,87697,307818,1160849,12784910
"World",2021,972,4521,91316,321954,1233532,15027728
"World",2022,986,4653,94489,339507,1286251,15795345
"World",2023,1009,4786,97216,342511,1337293,16683231
"World",2024,1020,4867,99787,350490,1367040,17496021
"World",2025,1033,4982,101765,358473,1391958,18131742
"World",2026,1201,5282,100988,353486,1366017,17795022
"World",2027,1376,5591,100163,347852,1333444,17418331
"World",2028,1561,5902,99399,342256,1299136,17039273
"World",2029,1745,6228,98782,336505,1266486,16652897
"World",2030,1938,6560,98165,331395,1235799,16263113
"World",2031,2141,6876,97197,324422,1199431,15855489
"World",2032,2355,7207,96196,317146,1165591,15451513
"World",2033,2582,7540,95382,310972,1132060,15049113
"World",2034,2823,7886,94657,304749,1096437,14640226
"World",2035,3075,8240,93913,297848,1064909,14222426
"World",2036,3375,8636,93371,291762,1036284,13830603
"World",2037,3696,9053,92810,285294,1005232,13429822
"World",2038,4045,9491,92247,278893,972207,13015303
"World",2039,4420,9949,91691,271562,939461,12586023
"World",2040,4823,10433,91203,264158,906440,12140544
"World",2041,5260,10943,90708,257081,873881,11676120
"World",2042,5733,11475,90023,250152,840773,11191935
"World",2043,6245,12037,89668,243057,803318,10684165
"World",2044,6796,12636,89279,235631,763410,10149885
"World",2045,7353,13267,88725,228195,723233,9587176
"World",2046,7912,13941,88077,219991,682979,8992851
"World",2047,8510,14655,87336,211505,640344,8363218
"World",2048,9155,15411,86723,202796,594805,7695081
"World",2049,9839,16221,86065,193377,546009,6984542
"World",2050,10577,17084,85440,183535,496146,6227589
"World",2051,10855,17457,85788,184075,494789,6225952
"World",2052,11145,17846,86180,184576,494003,6225226
"World",2053,11443,18249,86601,184990,493316,6224761
"World",2054,11752,18665,87129,185320,492963,6224276
"World",2055,12071,19091,87624,185779,492993,6223623
"World",2056,12401,19535,88074,186247,493254,6222629
"World",2057,12742,19994,88567,186740,493243,6221289
"World",2058,13092,20469,89098,187200,493186,6219312
"World",2059,13455,20955,89622,187880,493061,6216213
"World",2060,13829,21451,90161,188807,492551,6211960
"World",2061,14213,21963,90662,189741,491870,6206434
"World",2062,14611,22493,91315,190657,493112,6199263
"World",2063,15022,23041,92116,191660,494330,6190399
"World",2064,15443,23602,92916,192449,495766,6179545
"World",2065,15878,24177,93632,193197,497416,6166774
"World",2066,16325,24765,94345,194111,499047,6151599
"World",2067,16784,25363,95079,195302,500605,6133832
"World",2068,17258,25976,95941,196510,502054,6113323
"World",2069,17745,26609,96941,197697,503453,6090028
"World",2070,18246,27256,98013,198786,504477,6063715
"World",2071,18742,27898,99003,199797,505203,6032502
"World",2072,19250,28562,99838,200673,505704,5998181
"World",2073,19772,29241,100744,201329,506041,5960402
"World",2074,20308,29928,101942,201794,506214,5919264
"World",2075,20859,30621,103222,202290,506264,5874486
"World",2076,21418,31291,104437,202821,505456,5819312
"World",2077,21995,31958,105630,203722,504304,5760236
"World",2078,22586,32639,106583,204864,502935,5697006
"World",2079,23194,33334,107524,206014,501086,5629536
"World",2080,23815,34038,108472,207159,498820,5557610
"World",2081,24297,34483,108482,204992,485104,5335542
"World",2082,24782,34942,108481,202717,471107,5109677
"World",2083,25276,35404,108521,200291,456751,4879707
"World",2084,25771,35880,108546,197831,441456,4645463
"World",2085,26267,36363,108603,195338,425988,4406857
"World",2086,26768,36854,108704,192831,410372,4163676
"World",2087,27278,37358,108772,190289,394874,3915711
"World",2088,27798,37872,108848,187688,379410,3662792
"World",2089,28324,38402,108936,185093,363644,3404697
"World",2090,28861,38942,109115,182431,347492,3141130
"World",2091,29407,39494,109383,179613,330937,2871952
"World",2092,29967,40061,109660,176657,313904,2597074
"World",2093,30536,40641,109898,173630,296330,2316166
"World",2094,31112,41237,110054,170559,278314,2029033
"World",2095,31701,41855,110200,167441,259755,1735581
"World",2096,32299,42481,110497,164314,240594,1435415
"World",2097,32876,43123,111017,161342,220967,1128275
"World",2098,33444,43783,111553,158360,200858,813978
"World",2099,34024,44460,112009,155328,180244,492274
"World",2100,34615,45155,112304,153164,159443,163149
"Europe",2020,10447,25774,121536,381395,1430908,13234141
"Europe",2021,11297,27348,132331,423543,1595790,16511692
"Europe",2022,11417,28288,136212,448156,1705968,16971047
"Europe",2023,11568,28184,134930,439269,1671410,16339025
"Europe",2024,11878,28923,140069,453854,1758429,18229281
"Europe",2025,12192,29503,142655,464511,1790730,18629128
"Europe",2026,12736,29921,142047,458952,1751220,18221577
"Europe",2027,13301,30360,141387,453726,1711934,17818271
"Europe",2028,13868,30800,140646,447384,1670262,17390866
"Europe",2029,14446,31201,139913,440379,1627759,16953365
"Europe",2030,15040,31628,139192,433183,1584781,16505689
"Europe",2031,15624,32083,138717,425685,1544195,16064333
"Europe",2032,16222,32563,138254,418160,1503412,15618699
"Europe",2033,16832,33065,137790,410496,1462028,15161381
"Europe",2034,17455,33569,137312,402647,1419982,14692193
"Europe",2035,18102,34075,136782,394677,1377809,14212819
"Europe",2036,18606,34317,135297,383532,1324308,13608913
"Europe",2037,19138,34621,133949,372823,1272212,13019943
"Europe",2038,19676,34931,132586,362006,1219635,12424977
"Europe",2039,20235,35250,131243,351169,1166854,11826024
"Europe",2040,20800,35587,129920,340306,1113807,11222407
"Europe",2041,21391,35935,128617,329400,1060441,10613439
"Europe",2042,21997,36296,127331,318434,1006685,9998312
"Europe",2043,22603,36671,126050,307390,952426,9376028
"Europe",2044,23236,37061,124773,296244,897568,8745854
"Europe",2045,23891,37465,123511,284882,842100,8107344
"Europe",2046,24559,37883,122239,273460,785951,7459631
"Europe",2047,25236,38312,120961,261942,729093,6802071
"Europe",2048,25919,38753,119685,250350,671441,6134026
"Europe",2049,26597,39212,118421,238193,612941,5454923
"Europe",2050,27266,39681,117113,226196,553512,4764204
"Europe",2051,27510,39892,117140,225680,548361,4710662
"Europe",2052,27750,40101,117201,225110,543037,4656310
"Europe",2053,27976,40308,117264,224514,537648,4600988
"Europe",2054,28197,40514,117298,223814,532234,4544765
"Europe",2055,28407,40720,117329,223088,526793,4487602
"Europe",2056,28618,40923,117372,222374,521340,4429619
"Europe",2057,28823,41124,117491,221606,515862,4370815
"Europe",2058,29034,41334,117708,220681,510374,4311171
"Europe",2059,29239,41527,117932,219715,504884,4250712
"Europe",2060,29441,41731,118179,218771,499385,4189445
"Europe",2061,29643,41924,118381,217840,493909,4127407
"Europe",2062,29856,42132,118561,216917,489378,4064570
"Europe",2063,30066,42325,118754,215944,485522,4001041
"Europe",2064,30279,42531,118970,214965,481556,3936824
"Europe",2065,30490,42722,119171,213983,477608,3871865
"Europe",2066,30710,42929,119387,213028,473589,3806170
"Europe",2067,30920,43117,119589,212067,469496,3739804
"Europe",2068,31127,43316,119809,211116,465342,3672741
"Europe",2069,31343,43511,120003,210151,461086,3605000
"Europe",2070,31562,43704,120158,209181,456737,3536587
"Europe",2071,31773,43909,120275,208205,452298,3467514
"Europe",2072,31989,44102,120457,207224,447663,3397789
"Europe",2073,32206,44300,120616,206285,442823,3327385
"Europe",2074,32416,44501,120811,205356,437686,3256328
"Europe",2075,32637,44698,121016,204490,432387,3184624
"Europe",2076,32853,44901,121328,203660,426921,3112315
"Europe",2077,33067,45102,121663,202846,420995,3039289
"Europe",2078,33283,45307,122009,202210,414915,2965630
"Europe",2079,33497,45514,122372,201709,408424,2891560
"Europe",2080,33710,45717,122641,201155,401811,2816838
"Europe",2081,33752,45678,122083,198540,389197,2680497
"Europe",2082,33793,45640,121532,195941,376640,2544672
"Europe",2083,33835,45605,120986,193369,364140,2409319
"Europe",2084,33882,45565,120446,190811,351697,2274435
"Europe",2085,33925,45530,119909,188273,339311,2139958
"Europe",2086,33968,45499,119378,185754,326960,2005899
"Europe",2087,34014,45469,118870,183260,314653,1872236
"Europe",2088,34062,45436,118362,180817,302411,1738963
"Europe",2089,34107,45408,117855,178394,290228,1606035
"Europe",2090,34153,45380,117340,176008,278098,1473451
"Europe",2091,34197,45352,116829,173657,266024,1341190
"Europe",2092,34242,45326,116322,171327,254005,1209241
"Europe",2093,34286,45302,115814,169022,242045,1077583
"Europe",2094,34332,45280,115308,166741,230143,946200
"Europe",2095,34379,45257,114803,164469,218283,815072
"Europe",2096,34426,45234,114300,162204,206461,684189
"Europe",2097,34473,45214,113800,159950,194681,553548
"Europe",2098,34520,45194,113299,157703,182945,423145
"Europe",2099,34568,45174,112801,155461,171245,292966
"Europe",2100,34615,45155,112304,153164,159443,163149
"North America Oceania",2020,8506,30438,182578,706718,3039065,29019943
"North America Oceania",2021,8981,32153,187293,750617,3275046,35544440
"North America Oceania",2022,7648,32411,194750,766645,3266143,37662587
"North America Oceania",2023,8046,32762,201025,810237,3548256,40487761
"North America Oceania",2024,8104,33262,204042,822286,3603870,41298085
"North America Oceania",2025,8200,33772,207489,836145,3664944,41969142
"North America Oceania",2026,8848,33937,203484,811226,3540193,40486243
"North America Oceania",2027,9504,34086,199419,786137,3414832,38998250
"North America Oceania",2028,10176,34227,195352,761114,3289895,37515734
"North America Oceania",2029,10861,34365,191313,736276,3165967,36044803
"North America Oceania",2030,11536,34495,187283,711552,3042691,34581782
"North America Oceania",2031,12269,34804,184422,691300,2938710,33328898
"North America Oceania",2032,13019,35119,181564,671030,2834587,32074808
"North America Oceania",2033,13783,35432,178721,650790,2730511,30821652
"North America Oceania",2034,14545,35734,175904,630576,2626519,29568766
"North America Oceania",2035,15337,36072,173145,610507,2522964,28320994
"North America Oceania",2036,16226,36615,171221,593194,2430653,27203126
"North America Oceania",2037,17079,37101,168880,574277,2331449,26012618
"North America Oceania",2038,17941,37603,166545,555257,2231563,24813465
"North America Oceania",2039,18823,38112,164198,536063,2130699,23602678
"North America Oceania",2040,19721,38637,161842,516694,2028841,22380071
"North America Oceania",2041,20591,39171,159474,497140,1925930,21144774
"North America Oceania",2042,21446,39713,157096,477388,1821903,19896056
"North America Oceania",2043,22343,40263,154709,457440,1716755,18633897
"North America Oceania",2044,23318,40823,152304,437261,1610329,17356376
"North America Oceania",2045,24286,41405,149884,416853,1502615,16063346
"North America Oceania",2046,25256,42000,147445,396195,1393526,14753803
"North America Oceania",2047,26263,42609,144987,375279,1283014,13427270
"North America Oceania",2048,27337,43232,142509,354091,1171003,12082755
"North America Oceania",2049,28417,43870,140013,332643,1057417,10719379
"North America Oceania",2050,29521,44524,137495,310899,942190,9336388
"North America Oceania",2051,29639,44570,137090,308281,929018,9181330
"North America Oceania",2052,29757,44623,136688,305673,915877,9026561
"North America Oceania",2053,29875,44668,136291,303087,902773,8872156
"North America Oceania",2054,29994,44723,135899,300518,889698,8718008
"North America Oceania",2055,30112,44775,135510,297955,876733,8564212
"North America Oceania",2056,30246,44827,135126,295401,863793,8410606
"North America Oceania",2057,30364,44882,134748,292856,850899,8257502
"North America Oceania",2058,30488,44942,134376,290308,838089,8105824
"North America Oceania",2059,30608,44997,134006,287764,825327,7956120
"North America Oceania",2060,30730,45060,133635,285230,812527,7806661
"North America Oceania",2061,30867,45125,133264,282715,799728,7657471
"North America Oceania",2062,30991,45197,132895,280206,787005,7508521
"North America Oceania",2063,31128,45261,132527,277700,774278,7359654
"North America Oceania",2064,31250,45339,132157,275197,761515,7210833
"North America Oceania",2065,31386,45399,131799,272697,748795,7062201
"North America Oceania",2066,31518,45459,131441,270202,736125,6913656
"North America Oceania",2067,31662,45521,131108,267711,723452,6765149
"North America Oceania",2068,31795,45584,130806,265238,710812,6616593
"North America Oceania",2069,31934,45660,130475,262748,698291,6468069
"North America Oceania",2070,32076,45723,130163,260263,685723,6319506
"North America Oceania",2071,32223,45802,129865,257787,673120,6170826
"North America Oceania",2072,32371,45890,129605,255311,660424,6021893
"North America Oceania",2073,32511,45954,129472,252825,647950,5872879
"North America Oceania",2074,32666,46035,129304,250340,635557,5723714
"North America Oceania",2075,32825,46108,129180,247851,623109,5574486
"North America Oceania",2076,32990,46188,129139,245357,610648,5425059
"North America Oceania",2077,33150,46266,129132,242858,598178,5275471
"North America Oceania",2078,33307,46354,129179,240332,587415,5125602
"North America Oceania",2079,33483,46455,129229,237871,577797,4975681
"North America Oceania",2080,33660,46549,129335,235595,568314,4826669
"North America Oceania",2081,33724,46484,128566,231128,547724,4582601
"North America Oceania",2082,33786,46419,127777,226679,527055,4339732
"North America Oceania",2083,33845,46352,126984,222246,506082,4097806
"North America Oceania",2084,33900,46285,126191,217843,485156,3857047
"North America Oceania",2085,33956,46215,125395,213449,464262,3617277
"North America Oceania",2086,34012,46148,124590,209074,443408,3378727
"North America Oceania",2087,34068,46079,123779,204717,422372,3141359
"North America Oceania",2088,34124,46013,122965,200400,401425,2905139
"North America Oceania",2089,34178,45942,122124,196120,380589,2670350
"North America Oceania",2090,34229,45876,121274,191892,359900,2436691
"North America Oceania",2091,34279,45806,120424,187718,339348,2204136
"North America Oceania",2092,34326,45739,119573,183634,318906,1972735
"North America Oceania",2093,34369,45669,118739,179636,298575,1742471
"North America Oceania",2094,34410,45598,117863,175732,278426,1513340
"North America Oceania",2095,34451,45526,116979,171855,258658,1285348
"North America Oceania",2096,34489,45454,116094,168013,238855,1058512
"North America Oceania",2097,34525,45381,115190,164306,219014,832842
"North America Oceania",2098,34558,45307,114233,160648,199160,608376
"North America Oceania",2099,34588,45232,113270,156998,179296,385139
"North America Oceania",2100,34615,45155,112304,153164,159443,163149
"Latin America",2020,967,5080,96007,332693,1155237,5290400
"Latin America",2021,931,5275,102037,349819,1067212,6537114
"Latin America",2022,972,5434,107594,370197,868903,6819072
"Latin America",2023,1021,5555,106505,342458,932200,6921278
"Latin America",2024,1046,5616,108409,350314,931209,6916827
"Latin America",2025,1054,5658,108858,353620,931410,7023643
"Latin America",2026,1309,5945,108463,348929,925371,6934288
"Latin America",2027,1578,6258,108353,344075,919294,6847247
"Latin America",2028,1854,6574,108067,338618,911414,6746484
"Latin America",2029,2145,6885,107605,333166,902375,6632071
"Latin America",2030,2448,7210,106996,327534,891731,6506439
"Latin America",2031,2763,7512,105910,320432,877151,6357700
"Latin America",2032,3089,7820,104729,313252,860585,6202118
"Latin America",2033,3423,8142,103463,306230,842076,6040240
"Latin America",2034,3757,8475,102118,299123,823737,5872706
"Latin America",2035,4086,8807,100706,292321,804311,5698644
"Latin America",2036,4433,9190,99209,285393,779134,5538432
"Latin America",2037,4794,9593,97747,278492,753511,5379874
"Latin America",2038,5171,10006,96217,271311,727454,5212042
"Latin America",2039,5558,10440,94629,263871,701432,5036304
"Latin America",2040,5959,10888,92978,256143,674545,4852060
"Latin America",2041,6375,11344,91264,248120,646805,4658771
"Latin America",2042,6806,11820,89481,239779,617764,4455876
"Latin America",2043,7254,12317,87624,231103,588213,4242757
"Latin America",2044,7719,12828,85690,222070,558461,4018711
"Latin America",2045,8204,13350,83671,212656,527665,3783107
"Latin America",2046,8705,13896,81561,202837,495683,3535142
"Latin America",2047,9226,14468,79355,192585,462418,3274028
"Latin America",2048,9770,15055,77046,181880,427803,2998960
"Latin America",2049,10338,15659,74625,170688,391748,2709026
"Latin America",2050,10929,16293,72141,158986,354180,2403337
"Latin America",2051,11219,16659,73051,160440,355903,2421980
"Latin America",2052,11517,17045,73989,161900,357610,2440329
"Latin America",2053,11825,17438,74962,163367,359293,2458433
"Latin America",2054,12141,17833,75948,164834,360945,2476117
"Latin America",2055,12464,18236,76947,166300,362547,2493449
"Latin America",2056,12797,18662,77959,167765,364104,2510285
"Latin America",2057,13132,19091,78982,169224,365609,2526590
"Latin America",2058,13477,19525,80018,170781,367094,2542244
"Latin America",2059,13837,19977,81079,172370,368525,2557247
"Latin America",2060,14204,20443,82162,173941,369882,2571527
"Latin America",2061,14575,20905,83257,175500,371174,2585030
"Latin America",2062,14960,21392,84359,177048,372434,2597685
"Latin America",2063,15354,21893,85461,178595,373931,2609463
"Latin America",2064,15755,22385,86578,180152,376115,2620255
"Latin America",2065,16172,22905,87705,181700,378210,2629973
"Latin America",2066,16594,23433,88840,183272,380215,2638579
"Latin America",2067,17029,23966,89978,184983,382132,2646021
"Latin America",2068,17482,24525,91127,186682,383954,2652256
"Latin America",2069,17935,25081,92331,188364,385693,2657204
"Latin America",2070,18403,25661,93535,190077,387370,2660682
"Latin America",2071,18877,26255,94785,191976,388927,2662723
"Latin America",2072,19355,26854,96112,193863,390343,2663116
"Latin America",2073,19847,27479,97464,195736,391626,2661891
"Latin America",2074,20350,28106,98852,197586,392750,2658921
"Latin America",2075,20866,28762,100227,199426,393688,2654677
"Latin America",2076,21394,29420,101601,201306,394439,2648419
"Latin America",2077,21937,30104,103085,203048,395018,2640110
"Latin America",2078,22491,30797,104590,204527,395404,2629642
"Latin America",2079,23063,31507,106132,205976,395592,2616888
"Latin America",2080,23651,32237,107685,207393,395578,2601728
"Latin America",2081,24114,32775,108077,205626,387477,2519422
"Latin America",2082,24590,33334,108457,203680,379051,2433634
"Latin America",2083,25071,33902,108828,201588,370290,2344274
"Latin America",2084,25559,34477,109188,199410,361180,2251256
"Latin America",2085,26055,35056,109536,197141,351711,2154415
"Latin America",2086,26562,35650,109871,194781,341871,2053632
"Latin America",2087,27075,36258,110193,192324,331651,1948814
"Latin America",2088,27594,36877,110501,189772,321037,1839861
"Latin America",2089,28123,37497,110795,187121,310016,1726627
"Latin America",2090,28656,38135,111074,184370,298586,1609003
"Latin America",2091,29205,38786,111337,181519,286735,1486883
"Latin America",2092,29763,39443,111584,178571,274450,1360098
"Latin America",2093,30329,40112,111812,175520,261711,1228541
"Latin America",2094,30909,40797,112015,172359,248518,1092092
"Latin America",2095,31499,41492,112195,169089,234861,950613
"Latin America",2096,32099,42197,112353,165775,220736,803964
"Latin America",2097,32711,42918,112490,162437,206142,652015
"Latin America",2098,33334,43650,112588,159271,191039,494618
"Latin America",2099,33968,44396,112465,156391,175413,331633
"Latin America",2100,34615,45155,112304,153164,159443,163149
"Middle East North Africa",2020,1299,5540,109463,442168,1542455,12513517
"Middle East North Africa",2021,1330,5747,115987,454030,1584291,13255896
"Middle East North Africa",2022,1367,5867,123824,516522,1745354,14110411
"Middle East North Africa",2023,1324,5921,126945,522930,1834638,15839773
"Middle East North Africa",2024,1235,5966,128532,519550,1773971,16775520
"Middle East North Africa",2025,1226,6065,129967,524152,1791696,17120397
"Middle East North Africa",2026,1432,6407,129898,513252,1748974,16907177
"Middle East North Africa",2027,1644,6804,129136,500266,1704955,16632311
"Middle East North Africa",2028,1862,7188,127938,489238,1658051,16321882
"Middle East North Africa",2029,2090,7561,126712,479341,1618251,15983753
"Middle East North Africa",2030,2326,7920,124783,470059,1576085,15623879
"Middle East North Africa",2031,2559,8252,121799,456245,1521799,15186219
"Middle East North Africa",2032,2801,8586,118647,439941,1477349,14740051
"Middle East North Africa",2033,3053,8921,115703,425220,1436951,14286924
"Middle East North Africa",2034,3310,9251,113213,414702,1396101,13827191
"Middle East North Africa",2035,3579,9570,111066,403653,1342879,13359203
"Middle East North Africa",2036,3872,9953,109443,391517,1298622,12948029
"Middle East North Africa",2037,4176,10319,107666,379397,1251789,12514084
"Middle East North Africa",2038,4503,10714,105900,367209,1204554,12073087
"Middle East North Africa",2039,4841,11119,104089,354856,1155798,11617239
"Middle East North Africa",2040,5193,11539,102228,342322,1105934,11145341
"Middle East North Africa",2041,5562,11980,100305,329579,1055389,10656056
"Middle East North Africa",2042,5947,12432,98316,316614,1004259,10149640
"Middle East North Africa",2043,6350,12902,96261,303385,952090,9623863
"Middle East North Africa",2044,6769,13383,94132,289860,898703,9076810
"Middle East North Africa",2045,7207,13893,91924,276008,844059,8507274
"Middle East North Africa",2046,7667,14423,89629,261776,787746,7913541
"Middle East North Africa",2047,8142,14956,87285,247169,729865,7294401
"Middle East North Africa",2048,8641,15499,84867,232161,670288,6648226
"Middle East North Africa",2049,9155,16073,82540,216719,608938,5973509
"Middle East North Africa",2050,9692,16675,80368,200780,545660,5269067
"Middle East North Africa",2051,9980,17075,80940,201232,545238,5288516
"Middle East North Africa",2052,10278,17479,81534,201816,545272,5307658
"Middle East North Africa",2053,10585,17902,82148,202982,548330,5326270
"Middle East North Africa",2054,10903,18342,82942,204537,552181,5344400
"Middle East North Africa",2055,11231,18779,83806,206129,556001,5361827
"Middle East North Africa",2056,11569,19215,84727,207349,559963,5378416
"Middle East North Africa",2057,11918,19674,85694,207971,563868,5394097
"Middle East North Africa",2058,12276,20125,86638,208430,567748,5408654
"Middle East North Africa",2059,12645,20590,87623,209010,571592,5422126
"Middle East North Africa",2060,13026,21055,88625,209636,575219,5434280
"Middle East North Africa",2061,13418,21520,89686,210300,578757,5444844
"Middle East North Africa",2062,13821,22011,90750,211011,582170,5453753
"Middle East North Africa",2063,14237,22493,91743,211815,585447,5460964
"Middle East North Africa",2064,14668,23006,92725,212686,588566,5466368
"Middle East North Africa",2065,15111,23512,93787,213736,591542,5469904
"Middle East North Africa",2066,15567,24045,94960,214792,594381,5471842
"Middle East North Africa",2067,16038,24576,96187,215700,597116,5471353
"Middle East North Africa",2068,16524,25134,97419,216601,599756,5468199
"Middle East North Africa",2069,17025,25688,98649,217587,602150,5462447
"Middle East North Africa",2070,17541,26270,99825,218663,604287,5453820
"Middle East North Africa",2071,18072,26855,100811,219709,606185,5442770
"Middle East North Africa",2072,18618,27435,101711,220699,607828,5428633
"Middle East North Africa",2073,19182,28057,102752,221500,609264,5411260
"Middle East North Africa",2074,19764,28672,103809,222270,610414,5390375
"Middle East North Africa",2075,20363,29314,104815,223208,611187,5365742
"Middle East North Africa",2076,20980,29974,105802,224413,611288,5337288
"Middle East North Africa",2077,21617,30636,106772,225408,611047,5305200
"Middle East North Africa",2078,22273,31340,107859,226370,610460,5268983
"Middle East North Africa",2079,22951,32045,108987,227770,609568,5228485
"Middle East North Africa",2080,23649,32771,110118,229233,608429,5183457
"Middle East North Africa",2081,24134,33290,110249,226570,592802,5003920
"Middle East North Africa",2082,24624,33814,110375,223795,576586,4817995
"Middle East North Africa",2083,25127,34342,110522,220911,559753,4625650
"Middle East North Africa",2084,25641,34890,110667,217906,542293,4426794
"Middle East North Africa",2085,26165,35437,110732,214776,524199,4221142
"Middle East North Africa",2086,26698,36012,110779,211513,505426,4008309
"Middle East North Africa",2087,27240,36578,110833,208107,485946,3788033
"Middle East North Africa",2088,27779,37170,110907,204551,465799,3560203
"Middle East North Africa",2089,28326,37764,110988,200834,444954,3324749
"Middle East North Africa",2090,28882,38375,111094,196965,423329,3081279
"Middle East North Africa",2091,29440,38996,111170,192958,400907,2829688
"Middle East North Africa",2092,30005,39626,111249,188840,377670,2569834
"Middle East North Africa",2093,30556,40275,111413,184577,353575,2301361
"Middle East North Africa",2094,31118,40932,111614,180142,328601,2024063
"Middle East North Africa",2095,31681,41605,111835,175536,302730,1737751
"Middle East North Africa",2096,32248,42288,112029,170759,275945,1442237
"Middle East North Africa",2097,32824,42986,112182,165857,248211,1137210
"Middle East North Africa",2098,33410,43695,112308,160933,219518,822496
"Middle East North Africa",2099,34007,44419,112388,156816,189814,497837
"Middle East North Africa",2100,34615,45155,112304,153164,159443,163149
"Sub-Saharan Africa",2020,295,1300,24502,75028,238205,2414385
"Sub-Saharan Africa",2021,299,1317,25051,78412,247579,2622311
"Sub-Saharan Africa",2022,302,1339,25058,77730,245510,2712355
"Sub-Saharan Africa",2023,305,1358,25323,77887,247354,2915029
"Sub-Saharan Africa",2024,298,1375,24759,85363,259978,3244447
"Sub-Saharan Africa",2025,299,1392,24943,85448,262421,3294205
"Sub-Saharan Africa",2026,363,1540,26221,89155,273202,3414028
"Sub-Saharan Africa",2027,436,1700,27468,92371,283117,3520820
"Sub-Saharan Africa",2028,521,1872,28599,95260,292756,3614142
"Sub-Saharan Africa",2029,610,2054,29672,98093,301063,3691661
"Sub-Saharan Africa",2030,712,2243,30741,100627,308316,3755298
"Sub-Saharan Africa",2031,824,2443,31789,102852,314450,3807467
"Sub-Saharan Africa",2032,946,2658,32821,104999,319923,3851101
"Sub-Saharan Africa",2033,1080,2888,33865,106769,324115,3885764
"Sub-Saharan Africa",2034,1229,3134,34904,108324,325797,3910594
"Sub-Saharan Africa",2035,1391,3394,35918,109478,326331,3922606
"Sub-Saharan Africa",2036,1601,3745,37539,112073,331034,3996340
"Sub-Saharan Africa",2037,1831,4115,39002,114137,335835,4050150
"Sub-Saharan Africa",2038,2091,4525,40435,116040,341112,4098542
"Sub-Saharan Africa",2039,2384,4974,41984,117684,345747,4138589
"Sub-Saharan Africa",2040,2714,5469,43615,119147,350639,4168051
"Sub-Saharan Africa",2041,3083,6013,45273,120547,355928,4184887
"Sub-Saharan Africa",2042,3498,6609,46952,122088,359980,4186804
"Sub-Saharan Africa",2043,3964,7267,48646,123594,363275,4171243
"Sub-Saharan Africa",2044,4487,7991,50347,124595,365288,4135295
"Sub-Saharan Africa",2045,5073,8785,52037,126000,365566,4075872
"Sub-Saharan Africa",2046,5730,9661,53587,127052,363839,3989107
"Sub-Saharan Africa",2047,6466,10624,55097,127694,359578,3870596
"Sub-Saharan Africa",2048,7291,11688,56643,127862,352266,3715825
"Sub-Saharan Africa",2049,8214,12856,58207,127293,341421,3518735
"Sub-Saharan Africa",2050,9248,14146,59779,125838,326367,3273169
"Sub-Saharan Africa",2051,9467,14433,60480,126815,327736,3272550
"Sub-Saharan Africa",2052,9697,14738,61222,127883,329308,3273371
"Sub-Saharan Africa",2053,9940,15056,62014,129050,331056,3275377
"Sub-Saharan Africa",2054,10195,15391,62852,130302,332957,3278360
"Sub-Saharan Africa",2055,10461,15741,63738,131632,334998,3282272
"Sub-Saharan Africa",2056,10742,16106,64683,133042,337150,3286760
"Sub-Saharan Africa",2057,11033,16485,65644,134519,339394,3291717
"Sub-Saharan Africa",2058,11338,16876,66615,136053,341729,3297056
"Sub-Saharan Africa",2059,11655,17285,67636,137640,344130,3302443
"Sub-Saharan Africa",2060,11985,17707,68669,139285,346585,3307812
"Sub-Saharan Africa",2061,12329,18149,69713,140983,349084,3312885
"Sub-Saharan Africa",2062,12687,18600,70788,142725,351606,3317625
"Sub-Saharan Africa",2063,13057,19071,71892,144496,354119,3321901
"Sub-Saharan Africa",2064,13441,19561,73027,146302,356618,3325579
"Sub-Saharan Africa",2065,13840,20061,74201,148148,359096,3328402
"Sub-Saharan Africa",2066,14250,20581,75461,150029,361547,3330280
"Sub-Saharan Africa",2067,14676,21116,76798,151936,363956,3331090
"Sub-Saharan Africa",2068,15116,21671,78168,153868,366314,3330848
"Sub-Saharan Africa",2069,15573,22243,79577,155824,368607,3329269
"Sub-Saharan Africa",2070,16046,22830,81027,157800,370823,3326266
"Sub-Saharan Africa",2071,16496,23384,82326,159421,372047,3314137
"Sub-Saharan Africa",2072,16958,23953,83651,161048,373148,3300303
"Sub-Saharan Africa",2073,17435,24540,85002,162685,374131,3284665
"Sub-Saharan Africa",2074,17928,25140,86386,164324,374990,3267187
"Sub-Saharan Africa",2075,18437,25761,87749,165961,375744,3247727
"Sub-Saharan Africa",2076,18960,26398,89093,167583,376338,3226170
"Sub-Saharan Africa",2077,19498,27049,90475,169193,376780,3202386
"Sub-Saharan Africa",2078,20051,27724,91865,170800,377063,3176368
"Sub-Saharan Africa",2079,20623,28415,93254,172400,377171,3148039
"Sub-Saharan Africa",2080,21213,29125,94654,173999,377095,3117220
"Sub-Saharan Africa",2081,21733,29724,95296,173425,370307,3017310
"Sub-Saharan Africa",2082,22261,30347,95959,172803,363211,2913641
"Sub-Saharan Africa",2083,22803,30979,96639,172132,355787,2806061
"Sub-Saharan Africa",2084,23359,31637,97384,171401,348012,2694407
"Sub-Saharan Africa",2085,23929,32313,98215,170608,339870,2578393
"Sub-Saharan Africa",2086,24520,33012,99073,169753,331338,2457811
"Sub-Saharan Africa",2087,25124,33727,99938,168841,322401,2332507
"Sub-Saharan Africa",2088,25749,34461,100813,167876,313065,2202242
"Sub-Saharan Africa",2089,26389,35218,101716,166894,303275,2066786
"Sub-Saharan Africa",2090,27046,35998,102642,165837,293014,1925887
"Sub-Saharan Africa",2091,27718,36801,103649,164680,282257,1779326
"Sub-Saharan Africa",2092,28409,37627,104704,163425,270983,1626872
"Sub-Saharan Africa",2093,29117,38477,105640,162068,259159,1468234
"Sub-Saharan Africa",2094,29845,39351,106507,160598,246765,1303197
"Sub-Saharan Africa",2095,30587,40253,107384,159058,233780,1131494
"Sub-Saharan Africa",2096,31348,41177,108270,157661,220177,952882
"Sub-Saharan Africa",2097,32131,42130,109333,156323,205935,767049
"Sub-Saharan Africa",2098,32936,43110,110404,155064,191023,573657
"Sub-Saharan Africa",2099,33763,44118,111374,154200,175409,372450
"Sub-Saharan Africa",2100,34615,45155,112304,153164,159443,163149
"Russia Central Asia",2020,2031,10238,118035,626509,2725591,34118661
"Russia Central Asia",2021,2092,10538,125350,668414,2908612,38066505
"Russia Central Asia",2022,2191,10151,123559,657808,2861586,36417921
"Russia Central Asia",2023,2248,10711,128981,686838,2987799,38417517
"Russia Central Asia",2024,2365,11287,135253,719341,3126576,40306740
"Russia Central Asia",2025,2377,11373,137179,729665,3169454,40926839
"Russia Central Asia",2026,2714,11715,134465,707459,3059629,39437730
"Russia Central Asia",2027,3062,12060,131426,683350,2944197,37944724
"Russia Central Asia",2028,3434,12389,128377,658600,2829895,36442239
"Russia Central Asia",2029,3873,12692,125321,633852,2715632,34941387
"Russia Central Asia",2030,4319,12994,122267,609125,2601532,33444659
"Russia Central Asia",2031,4740,13241,118903,583132,2481366,31868241
"Russia Central Asia",2032,5161,13486,115577,557737,2363176,30319222
"Russia Central Asia",2033,5553,13727,112228,532798,2247193,28801137
"Russia Central Asia",2034,5912,13970,108897,508343,2131637,27312306
"Russia Central Asia",2035,6267,14222,105612,484563,2021362,25851672
"Russia Central Asia",2036,6623,14627,104286,470161,1950251,24868909
"Russia Central Asia",2037,6980,15034,102925,455477,1878153,23868037
"Russia Central Asia",2038,7356,15458,101540,440495,1803822,22851888
"Russia Central Asia",2039,7746,15903,100142,425269,1727882,21821562
"Russia Central Asia",2040,8152,16359,98728,409775,1650643,20775431
"Russia Central Asia",2041,8574,16840,97297,393993,1572050,19712975
"Russia Central Asia",2042,9013,17318,95846,377858,1491940,18631776
"Russia Central Asia",2043,9470,17814,94369,361391,1410314,17529982
"Russia Central Asia",2044,9946,18336,92864,344566,1326930,16405577
"Russia Central Asia",2045,10441,18878,91330,327365,1241654,15257829
"Russia Central Asia",2046,10956,19439,89771,309757,1154335,14084682
"Russia Central Asia",2047,11491,20016,88173,291696,1064765,12882776
"Russia Central Asia",2048,12049,20596,86514,273155,972818,11650490
"Russia Central Asia",2049,12630,21197,84796,254104,878354,10385967
"Russia Central Asia",2050,13233,21832,83023,234519,781259,9087828
"Russia Central Asia",2051,13540,22184,83687,234649,778279,9032756
"Russia Central Asia",2052,13855,22543,84363,234772,775211,8976651
"Russia Central Asia",2053,14178,22894,85045,234892,770899,8918393
"Russia Central Asia",2054,14508,23275,85734,235023,766525,8858414
"Russia Central Asia",2055,14847,23644,86420,235135,762200,8796715
"Russia Central Asia",2056,15194,24042,87123,235233,757946,8733431
"Russia Central Asia",2057,15550,24435,87838,235321,753916,8669040
"Russia Central Asia",2058,15913,24843,88558,235385,749885,8602538
"Russia Central Asia",2059,16285,25259,89282,235426,745850,8533918
"Russia Central Asia",2060,16665,25671,90000,235452,741864,8463906
"Russia Central Asia",2061,17054,26114,90728,235470,737899,8392311
"Russia Central Asia",2062,17453,26533,91461,235496,733873,8318172
"Russia Central Asia",2063,17861,26999,92201,235499,729808,8241829
"Russia Central Asia",2064,18279,27437,92948,235474,725688,8163228
"Russia Central Asia",2065,18706,27916,93701,235419,721487,8082056
"Russia Central Asia",2066,19144,28382,94461,235364,717207,7998545
"Russia Central Asia",2067,19592,28871,95231,235309,712856,7913024
"Russia Central Asia",2068,20050,29367,96008,235224,707657,7824927
"Russia Central Asia",2069,20520,29864,96789,235082,701739,7733647
"Russia Central Asia",2070,21000,30384,97598,234871,695596,7639300
"Russia Central Asia",2071,21491,30893,98437,234665,689219,7541815
"Russia Central Asia",2072,21994,31440,99267,234429,682632,7441617
"Russia Central Asia",2073,22509,31969,100110,234168,675855,7339114
"Russia Central Asia",2074,23036,32536,100958,233865,668825,7233095
"Russia Central Asia",2075,23575,33092,101795,233527,661566,7124068
"Russia Central Asia",2076,24127,33672,102635,233149,654063,7011607
"Russia Central Asia",2077,24692,34261,103482,232684,646416,6895615
"Russia Central Asia",2078,25266,34854,104439,232163,638496,6775845
"Russia Central Asia",2079,25804,35474,105464,231652,630330,6652417
"Russia Central Asia",2080,26327,36085,106505,231100,621991,6525432
"Russia Central Asia",2081,26683,36490,106754,227565,602055,6251877
"Russia Central Asia",2082,27053,36904,107001,223972,581822,5974409
"Russia Central Asia",2083,27426,37301,107247,220318,561274,5692619
"Russia Central Asia",2084,27797,37726,107544,216597,540421,5406319
"Russia Central Asia",2085,28181,38145,107903,212811,519260,5115506
"Russia Central Asia",2086,28573,38578,108259,208958,497761,4820141
"Russia Central Asia",2087,28962,39010,108613,205021,475940,4520421
"Russia Central Asia",2088,29364,39440,108963,201013,453779,4215963
"Russia Central Asia",2089,29773,39891,109309,196936,431295,3906684
"Russia Central Asia",2090,30184,40345,109650,192823,408447,3592443
"Russia Central Asia",2091,30602,40801,109986,188730,385233,3273184
"Russia Central Asia",2092,31028,41259,110316,184564,361645,2948807
"Russia Central Asia",2093,31458,41727,110641,180323,337680,2619228
"Russia Central Asia",2094,31896,42205,110961,175978,313348,2284607
"Russia Central Asia",2095,32337,42680,111274,171555,288630,1944622
"Russia Central Asia",2096,32784,43163,111580,167013,263518,1599197
"Russia Central Asia",2097,33236,43654,111818,163105,237989,1248404
"Russia Central Asia",2098,33691,44150,111988,159707,212078,892140
"Russia Central Asia",2099,34151,44649,112150,156494,185779,530324
"Russia Central Asia",2100,34615,45155,112304,153164,159443,163149
"East Asia",2020,1694,9173,79423,278891,1122588,15056527
"East Asia",2021,1795,9830,85609,289534,1266268,16763122
"East Asia",2022,1816,9991,87269,294631,1302421,18245094
"East Asia",2023,1925,10707,93644,314682,1411785,19757278
"East Asia",2024,1948,11025,96854,324866,1464097,20445615
"East Asia",2025,2059,11646,101228,334735,1534581,21550479
"East Asia",2026,2353,11803,99726,326655,1492202,20924101
"East Asia",2027,2645,11954,98174,318259,1448656,20276630
"East Asia",2028,2940,12111,96619,310113,1405280,19630459
"East Asia",2029,3236,12275,95045,302560,1360891,18982175
"East Asia",2030,3533,12427,93368,295090,1315149,18332701
"East Asia",2031,3822,12557,91633,289491,1267946,17652194
"East Asia",2032,4111,12687,90271,283658,1220928,16972738
"East Asia",2033,4400,12820,88970,277180,1174017,16294733
"East Asia",2034,4690,12965,87556,270502,1127182,15617826
"East Asia",2035,4980,13120,86154,263848,1080088,14941888
"East Asia",2036,5272,13249,84572,255692,1032659,14258511
"East Asia",2037,5571,13385,83096,247799,986258,13588479
"East Asia",2038,5873,13524,81855,239895,940655,12921144
"East Asia",2039,6180,13674,80946,231995,895319,12255746
"East Asia",2040,6490,13843,80054,224155,850102,11591428
"East Asia",2041,6806,14000,79179,216110,804920,10927020
"East Asia",2042,7129,14139,78105,208601,759697,10261481
"East Asia",2043,7458,14287,76558,201643,714375,9593908
"East Asia",2044,7794,14446,75174,194586,669187,8923255
"East Asia",2045,8135,14611,74027,187574,623625,8248369
"East Asia",2046,8482,14788,73174,180570,577476,7568226
"East Asia",2047,8835,14976,72704,173060,530947,6881777
"East Asia",2048,9195,15169,71629,163581,484211,6188109
"East Asia",2049,9563,15368,70156,154834,438000,5486205
"East Asia",2050,9938,15576,69441,148185,391704,4775230
"East Asia",2051,10259,16039,69826,148388,394571,4810853
"East Asia",2052,10587,16511,70504,148615,397646,4844676
"East Asia",2053,10923,16993,71471,148863,400703,4876750
"East Asia",2054,11266,17484,72476,149758,404009,4906975
"East Asia",2055,11617,17986,73250,151103,407504,4935263
"East Asia",2056,11976,18499,73837,152455,410838,4961734
"East Asia",2057,12344,19022,74275,153561,414132,4986326
"East Asia",2058,12720,19556,74834,153935,417504,5008824
"East Asia",2059,13106,20102,75599,154168,420401,5029167
"East Asia",2060,13500,20659,76611,154346,422967,5047418
"East Asia",2061,13905,21229,77581,154533,425437,5063572
"East Asia",2062,14319,21812,78206,154875,427207,5077537
"East Asia",2063,14745,22408,78814,155340,428813,5089220
"East Asia",2064,15180,23018,79426,156569,429433,5098687
"East Asia",2065,15627,23642,80552,157679,429882,5105881
"East Asia",2066,16085,24280,81730,158447,431484,5110469
"East Asia",2067,16555,24929,82881,159033,433443,5112350
"East Asia",2068,17037,25561,83925,159385,435362,5111478
"East Asia",2069,17530,26195,84956,159874,437064,5107718
"East Asia",2070,18037,26837,86013,160676,438582,5100840
"East Asia",2071,18556,27492,87266,161690,440178,5090829
"East Asia",2072,19089,28150,88321,162813,441612,5077438
"East Asia",2073,19636,28823,89295,163495,442951,5060539
"East Asia",2074,20195,29513,90668,164133,443367,5039946
"East Asia",2075,20769,30211,92082,164624,443445,5015511
"East Asia",2076,21358,30912,93536,165528,443314,4987239
"East Asia",2077,21961,31628,95052,167020,442957,4954835
"East Asia",2078,22579,32362,96810,168466,442369,4918200
"East Asia",2079,23212,33109,98335,169853,441949,4877018
"East Asia",2080,23861,33866,99569,171394,441279,4831121
"East Asia",2081,24318,34347,100037,170776,430984,4656544
"East Asia",2082,24785,34837,100580,170122,420240,4476625
"East Asia",2083,25260,35339,101171,169420,409126,4291241
"East Asia",2084,25745,35847,101875,168511,397672,4100226
"East Asia",2085,26239,36358,102592,167415,385868,3903483
"East Asia",2086,26742,36881,103252,166307,373698,3700945
"East Asia",2087,27255,37410,103921,165180,361153,3492496
"East Asia",2088,27778,37948,104541,164045,348223,3277949
"East Asia",2089,28311,38497,105176,162992,334989,3057161
"East Asia",2090,28856,39057,105920,162085,321141,2829930
"East Asia",2091,29412,39625,106696,161184,306868,2596058
"East Asia",2092,29979,40198,107300,160257,292208,2355427
"East Asia",2093,30557,40784,107851,159444,277142,2107806
"East Asia",2094,31148,41376,108193,158682,261624,1853024
"East Asia",2095,31724,41983,108639,157904,245678,1590866
"East Asia",2096,32284,42598,109380,157071,229306,1321172
"East Asia",2097,32853,43221,110154,156221,212493,1043734
"East Asia",2098,33430,43856,110929,155269,195228,758378
"East Asia",2099,34018,44499,111662,154195,177499,464900
"East Asia",2100,34615,45155,112304,153164,159443,163149
"South & South-East Asia",2020,1179,2702,46910,174621,604949,9278308
"South & South-East Asia",2021,1205,2775,47533,180816,643892,12053353
"South & South-East Asia",2022,1237,2901,47874,195122,725484,13171255
"South & South-East Asia",2023,1283,3036,50317,204188,757599,13652853
"South & South-East Asia",2024,1330,3170,52984,213915,793545,14647045
"South & South-East Asia",2025,1376,3309,55197,222346,824652,15610174
"South & South-East Asia",2026,1572,3592,56694,227250,838565,15891767
"South & South-East Asia",2027,1776,3874,57891,230915,846862,16062666
"South & South-East Asia",2028,1992,4176,58940,234075,851631,16227393
"South & South-East Asia",2029,2219,4493,59808,234526,853952,16364993
"South & South-East Asia",2030,2462,4824,60278,234616,855657,16474422
"South & South-East Asia",2031,2713,5157,60730,235192,852427,16500226
"South & South-East Asia",2032,2979,5512,61479,235835,847841,16501435
"South & South-East Asia",2033,3263,5888,62232,236515,841073,16477659
"South & South-East Asia",2034,3565,6283,62960,236902,830772,16425215
"South & South-East Asia",2035,3884,6696,63640,236775,818952,16338940
"South & South-East Asia",2036,4221,7128,64258,235943,808601,16206957
"South & South-East Asia",2037,4586,7594,64920,234970,797668,16058171
"South & South-East Asia",2038,4972,8086,65523,234137,786733,15865115
"South & South-East Asia",2039,5384,8602,66125,232635,774358,15628172
"South & South-East Asia",2040,5820,9146,66662,230244,760189,15345026
"South & South-East Asia",2041,6285,9724,67110,227314,743976,15012082
"South & South-East Asia",2042,6778,10334,67486,223760,724878,14624586
"South & South-East Asia",2043,7302,10979,67796,219592,703423,14178957
"South & South-East Asia",2044,7857,11661,68026,214811,679570,13670871
"South & South-East Asia",2045,8447,12386,68173,209344,652930,13095662
"South & South-East Asia",2046,9074,13152,68229,203134,623414,12447810
"South & South-East Asia",2047,9741,13959,68183,196133,590689,11721678
"South & South-East Asia",2048,10451,14814,68016,188286,554492,10912092
"South & South-East Asia",2049,11204,15718,67667,179518,514538,10012086
"South & South-East Asia",2050,12004,16669,67111,169824,470952,9015244
"South & South-East Asia",2051,12289,17038,68084,171307,473755,9044693
"South & South-East Asia",2052,12585,17424,69117,172916,476712,9075713
"South & South-East Asia",2053,12896,17829,70207,174630,479889,9107717
"South & South-East Asia",2054,13218,18249,71348,176439,483181,9140290
"South & South-East Asia",2055,13554,18689,72539,178323,486551,9172902
"South & South-East Asia",2056,13903,19145,73774,180274,489977,9205168
"South & South-East Asia",2057,14264,19614,75051,182284,493440,9236761
"South & South-East Asia",2058,14640,20104,76368,184331,496904,9267175
"South & South-East Asia",2059,15026,20610,77722,186417,500221,9295981
"South & South-East Asia",2060,15427,21128,79114,188542,503488,9322744
"South & South-East Asia",2061,15840,21666,80542,190742,506711,9347286
"South & South-East Asia",2062,16265,22224,81994,192994,509884,9368887
"South & South-East Asia",2063,16706,22794,83450,195265,513016,9387525
"South & South-East Asia",2064,17158,23382,84939,197529,516057,9402643
"South & South-East Asia",2065,17623,23989,86434,199809,518990,9414131
"South & South-East Asia",2066,18104,24610,87944,202093,521789,9421359
"South & South-East Asia",2067,18595,25250,89481,204376,524445,9424074
"South & South-East Asia",2068,19101,25909,91047,206658,526950,9421925
"South & South-East Asia",2069,19621,26584,92636,208949,529285,9414565
"South & South-East Asia",2070,20156,27276,94248,211235,531432,9401881
"South & South-East Asia",2071,20707,27990,95886,213510,533373,9383263
"South & South-East Asia",2072,21270,28720,97566,215769,535085,9358983
"South & South-East Asia",2073,21850,29470,99274,218016,536559,9328297
"South & South-East Asia",2074,22445,30243,100999,220248,537781,9290851
"South & South-East Asia",2075,23057,31029,102743,222458,538750,9246709
"South & South-East Asia",2076,23631,31775,104274,224171,538458,9176595
"South & South-East Asia",2077,24224,32539,105811,225864,537907,9099762
"South & South-East Asia",2078,24828,33317,107363,227513,537073,9015799
"South & South-East Asia",2079,25451,34119,108938,229127,535954,8924111
"South & South-East Asia",2080,26086,34938,110538,230703,534521,8824477
"South & South-East Asia",2081,26429,35347,110392,227458,519110,8458883
"South & South-East Asia",2082,26778,35768,110320,224180,503438,8088100
"South & South-East Asia",2083,27138,36195,110276,220860,487501,7711615
"South & South-East Asia",2084,27507,36636,110247,217464,471274,7328969
"South & South-East Asia",2085,27883,37087,110239,214001,454739,6940100
"South & South-East Asia",2086,28269,37548,110265,210475,437871,6544791
"South & South-East Asia",2087,28663,38021,110338,206884,420644,6142662
"South & South-East Asia",2088,29068,38504,110428,203227,403069,5733457
"South & South-East Asia",2089,29478,38996,110557,199478,385024,5316900
"South & South-East Asia",2090,29899,39501,110703,195521,366599,4892513
"South & South-East Asia",2091,30328,40016,110859,191539,347794,4460094
"South & South-East Asia",2092,30768,40541,111021,187471,328594,4019677
"South & South-East Asia",2093,31215,41078,111257,183195,308970,3570666
"South & South-East Asia",2094,31672,41627,111494,178756,288925,3112748
"South & South-East Asia",2095,32138,42186,111680,174235,268484,2645765
"South & South-East Asia",2096,32614,42757,111848,169789,247592,2169355
"South & South-East Asia",2097,33099,43339,112007,165580,226232,1683158
"South & South-East Asia",2098,33594,43932,112153,161571,204406,1186930
"South & South-East Asia",2099,34099,44538,112242,157456,182062,680318
"South & South-East Asia",2100,34615,45155,112304,153164,159443,163149
"DE",2020,13642,32787,166312,561945,2068131,12881816
"DE",2021,13843,33730,170324,591141,2062205,13036441
"DE",2022,14106,34182,174465,608122,2154720,13359477
"DE",2023,13953,33720,171392,597310,2133655,13117058
"DE",2024,14188,34488,179172,625087,2233668,13735074
"DE",2025,14427,35070,182192,635622,2271312,13966552
"DE",2026,14961,35326,180334,622579,2214020,13592377
"DE",2027,15493,35568,178375,609120,2155142,13208244
"DE",2028,16027,35806,176370,595441,2095385,12818511
"DE",2029,16573,36061,174417,581873,2035909,12430272
"DE",2030,17131,36333,172511,568391,1976609,12042847
"DE",2031,17752,36726,171138,556564,1922894,11689084
"DE",2032,18393,37145,169823,544796,1869150,11334662
"DE",2033,19050,37578,168519,532918,1814781,10975917
"DE",2034,19723,38026,167217,520901,1759670,10612106
"DE",2035,20415,38496,165946,508818,1704045,10244567
"DE",2036,20979,38713,163536,493135,1636157,9802850
"DE",2037,21575,38981,161321,477966,1569846,9370301
"DE",2038,22177,39253,159087,462661,1502930,8933783
"DE",2039,22793,39540,156880,447347,1435813,8495688
"DE",2040,23421,39842,154697,432006,1368419,8055519
"DE",2041,24064,40160,152538,416628,1300693,7612901
"DE",2042,24722,40493,150397,401185,1232530,7167172
"DE",2043,25393,40839,148263,385637,1163783,6717432
"DE",2044,26077,41197,146126,369952,1094340,6262981
"DE",2045,26777,41568,143992,354135,1024195,5803745
"DE",2046,27491,41953,141854,338162,953254,5339128
"DE",2047,28220,42350,139710,322016,881454,4868726
"DE",2048,28963,42758,137550,305665,808680,4391847
"DE",2049,29721,43177,135372,289101,734892,3908224
"DE",2050,30494,43608,133178,272315,660050,3417569
"DE",2051,30579,43658,132964,270586,652269,3366446
"DE",2052,30665,43710,132752,268857,644483,3315270
"DE",2053,30750,43760,132534,267114,636655,3263860
"DE",2054,30833,43808,132310,265358,628789,3212235
"DE",2055,30916,43855,132082,263590,620890,3160423
"DE",2056,31000,43903,131856,261823,612986,3108560
"DE",2057,31084,43952,131632,260060,605083,3056688
"DE",2058,31168,44000,131405,258287,597153,3004654
"DE",2059,31253,44049,131182,256520,589229,2952634
"DE",2060,31339,44100,130962,254757,581306,2900590
"DE",2061,31425,44151,130743,252993,573374,2848479
"DE",2062,31513,44204,130529,251234,565447,2796373
"DE",2063,31601,44258,130314,249473,557507,2744173
"DE",2064,31690,44313,130104,247719,549573,2691974
"DE",2065,31780,44368,129894,245961,541622,2639672
"DE",2066,31870,44424,129685,244201,533661,2587288
"DE",2067,31960,44480,129475,242438,525683,2534792
"DE",2068,32052,44537,129268,240679,517704,2482265
"DE",2069,32144,44596,129065,238922,509722,2429690
"DE",2070,32238,44656,128864,237167,501733,2377049
"DE",2071,32332,44716,128664,235409,493730,2324310
"DE",2072,32426,44776,128463,233647,485708,2271447
"DE",2073,32520,44837,128262,231883,477671,2218479
"DE",2074,32615,44899,128062,230117,469622,2165418
"DE",2075,32712,44962,127867,228357,461572,2112317
"DE",2076,32809,45027,127674,226596,453510,2059122
"DE",2077,32907,45091,127479,224828,445425,2005779
"DE",2078,33006,45157,127290,223068,437343,1952410
"DE",2079,33107,45226,127108,221316,429265,1899015
"DE",2080,33210,45298,126930,219568,421183,1845553
"DE",2081,33266,45270,126286,216291,407798,1759825
"DE",2082,33323,45244,125648,213030,394458,1674337
"DE",2083,33381,45220,125017,209784,381158,1589074
"DE",2084,33441,45198,124392,206551,367895,1504010
"DE",2085,33502,45178,123774,203335,354672,1419164
"DE",2086,33564,45160,123160,200127,341477,1334472
"DE",2087,33627,45143,122553,196934,328318,1249970
"DE",2088,33694,45131,121957,193762,315204,1165685
"DE",2089,33762,45122,121371,190607,302126,1081575
"DE",2090,33831,45113,120788,187461,289070,997582
"DE",2091,33902,45107,120210,184325,276038,913708
"DE",2092,33975,45105,119644,181207,263041,829984
"DE",2093,34051,45105,119086,178105,250073,746381
"DE",2094,34128,45107,118532,175010,237118,662845
"DE",2095,34207,45112,117986,171926,224185,579391
"DE",2096,34286,45117,117440,168844,211257,495975
"DE",2097,34365,45123,116896,165767,198339,412604
"DE",2098,34447,45131,116359,162700,185437,329284
"DE",2099,34530,45142,115831,159645,172549,246005
"DE",2100,34614,45154,115303,156592,159666,162740
"DK",2020,27278,43146,113884,370884,1788280,20740250
"DK",2021,29042,45708,124553,408346,2014064,23842023
"DK",2022,28318,46466,125383,410454,2022753,23950063
"DK",2023,28646,47280,128772,417237,1992454,23394635
"DK",2024,29676,48935,133404,432575,2065306,24239972
"DK",2025,30253,49887,135998,440986,2105464,24711303
"DK",2026,30797,50389,137109,437393,2068841,24224799
"DK",2027,31363,50917,138285,433825,2031830,23732283
"DK",2028,31891,51374,139260,429449,1990542,23188336
"DK",2029,32401,51794,140130,424583,1946515,22611084
"DK",2030,32893,52176,140889,419231,1899814,22001422
"DK",2031,33502,52735,142123,415115,1858197,21449044
"DK",2032,34115,53289,143336,410732,1814773,20873902
"DK",2033,34721,53823,144487,405973,1769072,20270647
"DK",2034,35321,54337,145576,400842,1721135,19639808
"DK",2035,35920,54840,146630,395419,1671325,18985578
"DK",2036,36193,54838,146331,386233,1605228,18145096
"DK",2037,36531,54934,146289,377667,1541519,17330974
"DK",2038,36856,55006,146182,368867,1476629,16502798
"DK",2039,37196,55096,146122,360116,1411696,15673324
"DK",2040,37549,55204,146104,351396,1346625,14841385
"DK",2041,37916,55328,146128,342696,1281337,14005990
"DK",2042,38298,55468,146192,334004,1215758,13166229
"DK",2043,38693,55625,146296,325312,1149824,12321272
"DK",2044,39103,55797,146436,316603,1083444,11470015
"DK",2045,39525,55983,146608,307859,1016526,10611350
"DK",2046,39960,56182,146813,299074,949013,9744552
"DK",2047,40407,56392,147041,290223,880800,8868422
"DK",2048,40866,56614,147296,281305,811856,7982510
"DK",2049,41335,56844,147570,272300,742093,7085803
"DK",2050,41814,57083,147860,263199,671458,6177676
"DK",2051,41725,56918,147398,261370,661834,6062117
"DK",2052,41633,56749,146927,259531,652209,5946698
"DK",2053,41537,56576,146445,257677,642575,5831346
"DK",2054,41440,56400,145955,255817,632952,5716257
"DK",2055,41339,56220,145456,253945,623330,5601334
"DK",2056,41236,56037,144948,252063,613714,5486629
"DK",2057,41130,55851,144433,250177,604117,5372276
"DK",2058,41023,55664,143915,248289,594548,5258346
"DK",2059,40915,55475,143393,246402,585011,5144877
"DK",2060,40804,55282,142862,244506,575485,5031701
"DK",2061,40692,55088,142326,242607,565987,4918950
"DK",2062,40578,54893,141788,240712,556528,4806743
"DK",2063,40463,54695,141246,238815,547099,4694994
"DK",2064,40347,54497,140701,236921,537710,4583797
"DK",2065,40231,54298,140154,235030,528364,4473179
"DK",2066,40113,54099,139606,233144,519063,4363144
"DK",2067,39996,53900,139060,231267,509816,4253788
"DK",2068,39879,53701,138514,229398,500621,4145092
"DK",2069,39762,53502,137970,227538,491482,4037074
"DK",2070,39645,53305,137428,225688,482399,3929739
"DK",2071,39528,53107,136887,223845,473368,3823060
"DK",2072,39412,52912,136350,222018,464403,3717142
"DK",2073,39296,52716,135813,220195,455483,3611824
"DK",2074,39180,52520,135277,218382,446619,3507180
"DK",2075,39065,52326,134744,216580,437812,3403235
"DK",2076,38950,52133,134215,214790,429066,3300001
"DK",2077,38836,51940,133689,213010,420376,3197439
"DK",2078,38723,51750,133168,211247,411753,3095638
"DK",2079,38611,51562,132651,209495,403188,2994524
"DK",2080,38501,51375,132139,207758,394685,2894123
"DK",2081,38283,51026,131195,204890,381508,2740979
"DK",2082,38067,50681,130260,202052,368488,2589706
"DK",2083,37852,50337,129331,199242,355619,2440248
"DK",2084,37639,49998,128413,196466,342910,2292672
"DK",2085,37429,49662,127505,193723,330356,2146918
"DK",2086,37221,49330,126607,191012,317957,2002979
"DK",2087,37015,49002,125719,188334,305712,1860832
"DK",2088,36813,48678,124844,185691,293622,1720469
"DK",2089,36613,48360,123982,183085,281686,1581863
"DK",2090,36416,48044,123130,180508,269893,1444935
"DK",2091,36222,47734,122291,177968,258251,1309712
"DK",2092,36031,47429,121464,175461,246754,1176137
"DK",2093,35842,47128,120650,172988,235399,1044177
"DK",2094,35658,46832,119849,170550,224185,913805
"DK",2095,35476,46541,119062,168145,213108,784978
"DK",2096,35298,46255,118287,165774,202166,657663
"DK",2097,35123,45973,117523,163432,191353,531812
"DK",2098,34951,45696,116772,161123,180667,407399
"DK",2099,34781,45423,116032,158843,170106,284386
"DK",2100,34614,45154,115303,156592,159666,162740
"ES",2020,12290,22397,99285,343623,1350838,9819723
"ES",2021,12979,24064,107472,390806,1537602,11178589
"ES",2022,13516,25691,113736,433021,1704909,12398274
"ES",2023,13682,25982,114858,418558,1647667,11982408
"ES",2024,14153,26860,118614,432233,1701483,12373553
"ES",2025,14442,27408,121037,441061,1736235,12626273
"ES",2026,14874,27802,121034,435590,1705234,12380144
"ES",2027,15324,28220,121092,430195,1674281,12133811
"ES",2028,15771,28621,121031,424232,1640859,11869020
"ES",2029,16225,29023,120930,417985,1606082,11593847
"ES",2030,16684,29427,120793,411469,1570002,11308668
"ES",2031,17166,29859,120726,405039,1533969,11023190
"ES",2032,17658,30299,120645,398398,1496830,10729074
"ES",2033,18157,30740,120519,391444,1458198,10423524
"ES",2034,18663,31182,120350,384180,1418083,10106626
"ES",2035,19179,31630,120157,376669,1376720,9780035
"ES",2036,19560,31850,119062,366206,1324315,9374416
"ES",2037,19981,32128,118163,356258,1273594,8980287
"ES",2038,20408,32411,117253,346173,1222164,8580644
"ES",2039,20845,32704,116349,335999,1170194,8176650
"ES",2040,21291,33005,115449,325725,1117627,7767869
"ES",2041,21747,33317,114553,315340,1064414,7353932
"ES",2042,22213,33637,113657,304835,1010506,6934472
"ES",2043,22690,33968,112765,294205,955880,6509276
"ES",2044,23178,34309,111871,283436,900466,6077828
"ES",2045,23677,34658,110973,272509,844192,5639610
"ES",2046,24185,35016,110068,261416,787017,5194290
"ES",2047,24706,35384,109158,250155,728915,4741662
"ES",2048,25237,35762,108241,238712,669831,4281302
"ES",2049,25780,36148,107311,227068,609692,3812690
"ES",2050,26333,36543,106370,215222,548475,3335630
"ES",2051,26568,36830,106983,215409,545664,3307435
"ES",2052,26803,37115,107588,215564,542722,3278278
"ES",2053,27036,37397,108182,215681,539636,3248078
"ES",2054,27268,37678,108768,215767,536420,3216924
"ES",2055,27501,37960,109353,215833,533104,3184997
"ES",2056,27732,38238,109925,215861,529643,3152023
"ES",2057,27963,38515,110490,215857,526055,3118121
"ES",2058,28194,38792,111053,215833,522367,3083445
"ES",2059,28425,39069,111611,215785,518569,3047939
"ES",2060,28656,39345,112163,215710,514657,3011577
"ES",2061,28887,39620,112711,215610,510631,2974370
"ES",2062,29118,39894,113250,215479,506483,2936257
"ES",2063,29349,40169,113789,215331,502242,2897418
"ES",2064,29581,40444,114326,215164,497905,2857833
"ES",2065,29815,40720,114863,214981,493477,2817530
"ES",2066,30049,40997,115400,214783,488960,2776519
"ES",2067,30285,41276,115938,214570,484357,2734813
"ES",2068,30522,41555,116474,214338,479655,2692341
"ES",2069,30761,41837,117013,214094,474872,2649195
"ES",2070,31002,42120,117553,213838,470005,2605369
"ES",2071,31244,42405,118096,213568,465051,2560840
"ES",2072,31489,42692,118641,213287,460015,2515627
"ES",2073,31736,42983,119191,212998,454902,2469760
"ES",2074,31985,43275,119744,212697,449707,2423201
"ES",2075,32237,43571,120303,212390,444436,2375989
"ES",2076,32493,43871,120869,212079,439094,2328142
"ES",2077,32751,44174,121441,211760,433671,2279605
"ES",2078,33013,44482,122021,211436,428176,2230411
"ES",2079,33278,44792,122607,211105,422598,2180510
"ES",2080,33546,45106,123196,210761,416929,2129850
"ES",2081,33594,45102,122782,208012,403958,2030823
"ES",2082,33645,45100,122376,205277,391019,1931977
"ES",2083,33697,45101,121974,202552,378103,1833269
"ES",2084,33749,45101,121574,199829,365196,1734615
"ES",2085,33803,45104,121179,197117,352309,1636080
"ES",2086,33857,45107,120786,194408,339433,1537607
"ES",2087,33912,45112,120397,191705,326571,1439210
"ES",2088,33967,45116,120006,189002,313711,1340833
"ES",2089,34021,45119,119614,186296,300849,1242467
"ES",2090,34075,45122,119222,183592,287991,1144132
"ES",2091,34130,45127,118832,180892,275145,1045858
"ES",2092,34186,45132,118446,178197,262308,947636
"ES",2093,34241,45137,118059,175502,249474,849439
"ES",2094,34296,45142,117671,172807,236642,751262
"ES",2095,34351,45146,117280,170108,223807,653096
"ES",2096,34405,45150,116890,167410,210978,554965
"ES",2097,34458,45152,116496,164708,198146,456854
"ES",2098,34511,45154,116100,162005,185317,358776
"ES",2099,34563,45154,115703,159299,172490,260736
"ES",2100,34614,45154,115303,156592,159666,162740
"FR",2020,15595,28569,96761,286766,1159778,8836021
"FR",2021,16303,30444,102467,337907,1614420,16494288
"FR",2022,16362,31444,107976,347314,1532015,11687230
"FR",2023,16097,31420,107905,335260,1433398,12532829
"FR",2024,16915,32663,114093,354028,1514467,13262616
"FR",2025,17081,32983,115211,357497,1529307,13392568
"FR",2026,17425,33128,114697,351077,1489605,13015248
"FR",2027,17781,33290,114240,344791,1450372,12641791
"FR",2028,18141,33456,113784,338469,1410880,12265810
"FR",2029,18514,33643,113390,332282,1371833,11893393
"FR",2030,18902,33850,113055,326220,1333158,11523857
"FR",2031,19447,34331,113612,322636,1304348,11238923
"FR",2032,20016,34839,114234,319088,1275290,10950829
"FR",2033,20604,35367,114890,315488,1245591,10656134
"FR",2034,21213,35916,115583,311829,1215207,10354373
"FR",2035,21846,36492,116330,308148,1184247,10046412
"FR",2036,22229,36641,115694,300697,1138486,9612034
"FR",2037,22670,36881,115338,293921,1095118,9197421
"FR",2038,23119,37129,114993,287104,1051379,8779090
"FR",2039,23580,37390,114673,280273,1007360,8357765
"FR",2040,24052,37663,114375,273422,963014,7933010
"FR",2041,24536,37948,114101,266542,918298,7504399
"FR",2042,25033,38246,113850,259630,873174,7071564
"FR",2043,25543,38557,113618,252667,827560,6633781
"FR",2044,26064,38878,113401,245643,781400,6190530
"FR",2045,26597,39211,113201,238551,734655,5741442
"FR",2046,27144,39556,113015,231384,687282,5286113
"FR",2047,27703,39912,112841,224130,639220,4823979
"FR",2048,28274,40278,112678,216779,590425,4354653
"FR",2049,28859,40654,112522,209324,540851,3877696
"FR",2050,29456,41042,112377,201762,490467,3392807
"FR",2051,29623,41227,112756,201672,486872,3353543
"FR",2052,29789,41411,113133,201571,483219,3313751
"FR",2053,29956,41595,113508,201460,479512,3273469
"FR",2054,30122,41779,113880,201337,475747,3232650
"FR",2055,30288,41962,114248,201201,471921,3191286
"FR",2056,30454,42144,114615,201055,468042,3149431
"FR",2057,30620,42326,114977,200895,464099,3107015
"FR",2058,30787,42508,115341,200731,460116,3064195
"FR",2059,30952,42689,115701,200552,456070,3020811
"FR",2060,31118,42869,116057,200362,451966,2976911
"FR",2061,31285,43050,116414,200165,447819,2932587
"FR",2062,31451,43230,116767,199956,443611,2887721
"FR",2063,31617,43410,117119,199737,439352,2842377
"FR",2064,31784,43590,117472,199513,435052,2796623
"FR",2065,31951,43770,117822,199278,430696,2750359
"FR",2066,32118,43950,118171,199035,426291,2703635
"FR",2067,32286,44131,118520,198785,421840,2656469
"FR",2068,32454,44311,118868,198525,417337,2608823
"FR",2069,32622,44491,119213,198256,412782,2560693
"FR",2070,32791,44672,119560,197982,408185,2512143
"FR",2071,32961,44853,119907,197701,403541,2463141
"FR",2072,33131,45035,120254,197413,398851,2413695
"FR",2073,33301,45216,120597,197113,394105,2363745
"FR",2074,33472,45397,120941,196807,389313,2313347
"FR",2075,33643,45578,121284,196493,384472,2262484
"FR",2076,33814,45760,121628,196172,379586,2211180
"FR",2077,33986,45942,121968,195840,374644,2159376
"FR",2078,34157,46123,122307,195498,369648,2107078
"FR",2079,34329,46304,122644,195148,364604,2054321
"FR",2080,34501,46484,122980,194788,359509,2001084
"FR",2081,34509,46419,122592,192832,349237,1906516
"FR",2082,34517,46353,122206,190883,338998,1812243
"FR",2083,34525,46288,121821,188941,328791,1718262
"FR",2084,34534,46224,121440,187008,318620,1624593
"FR",2085,34541,46159,121055,185074,308469,1531149
"FR",2086,34549,46095,120673,183148,298353,1438007
"FR",2087,34557,46030,120293,181228,288267,1345144
"FR",2088,34564,45965,119911,179312,278207,1252546
"FR",2089,34571,45900,119530,177398,268175,1160212
"FR",2090,34578,45835,119148,175490,258171,1068153
"FR",2091,34584,45769,118768,173587,248198,976378
"FR",2092,34590,45703,118385,171685,238248,884853
"FR",2093,34595,45637,118004,169789,228330,793618
"FR",2094,34600,45570,117622,167896,218438,702653
"FR",2095,34604,45503,117238,166005,208573,611959
"FR",2096,34607,45434,116853,164115,198733,521538
"FR",2097,34610,45365,116466,162229,188922,431402
"FR",2098,34612,45295,116079,160347,179141,341557
"FR",2099,34613,45225,115691,158467,169388,252001
"FR",2100,34614,45154,115303,156592,159666,162740
"GB",2020,15916,25791,115833,381810,1455540,10632178
"GB",2021,17397,28099,137345,439642,1659351,11892734
"GB",2022,17639,28746,138483,490186,1851872,13277369
"GB",2023,17480,28177,128450,461887,1731609,12305287
"GB",2024,18026,29295,135567,487682,1828282,12996768
"GB",2025,18204,29585,136907,492505,1846363,13125298
"GB",2026,18510,29819,135777,482333,1798120,12759362
"GB",2027,18868,30134,134989,473311,1754058,12422833
"GB",2028,19216,30431,134097,463844,1708211,12073365
"GB",2029,19566,30728,133177,454208,1661612,11718273
"GB",2030,19919,31027,132235,444421,1614328,11358046
"GB",2031,20400,31519,132083,437171,1576052,11060711
"GB",2032,20894,32027,131942,429793,1537017,10757348
"GB",2033,21398,32545,131785,422192,1496875,10445491
"GB",2034,21914,33072,131613,414365,1455607,10124993
"GB",2035,22444,33616,131448,406382,1413442,9797418
"GB",2036,22806,33904,130242,395048,1359374,9386724
"GB",2037,23218,34264,129288,384390,1307459,8990465
"GB",2038,23637,34629,128320,373583,1254822,8588707
"GB",2039,24066,35006,127364,362702,1201706,8183082
"GB",2040,24505,35394,126416,351723,1148020,7772947
"GB",2041,24955,35795,125476,340643,1093736,7358067
"GB",2042,25416,36207,124543,329451,1038806,6938073
"GB",2043,25889,36632,123616,318134,983172,6512533
"GB",2044,26373,37070,122691,306679,926774,6081009
"GB",2045,26868,37518,121765,295069,869543,5642991
"GB",2046,27375,37980,120839,283298,811447,5198225
"GB",2047,27894,38453,119909,271350,752419,4746218
"GB",2048,28424,38938,118971,259212,692400,4286548
"GB",2049,28965,39434,118026,246873,631346,3818872
"GB",2050,29519,39941,117070,234320,569204,3342805
"GB",2051,29684,40139,117391,233840,564695,3304589
"GB",2052,29848,40336,117707,233339,560106,3265800
"GB",2053,30012,40532,118018,232817,555436,3226424
"GB",2054,30175,40726,118324,232275,550687,3186484
"GB",2055,30338,40920,118625,231715,545863,3146000
"GB",2056,30500,41113,118920,231131,540955,3104919
"GB",2057,30661,41305,119210,230529,535971,3063295
"GB",2058,30823,41496,119497,229910,530920,3021174
"GB",2059,30984,41686,119778,229271,525791,2978493
"GB",2060,31144,41876,120056,228616,520594,2935312
"GB",2061,31305,42066,120332,227947,515334,2891663
"GB",2062,31467,42256,120608,227266,510017,2847574
"GB",2063,31628,42447,120880,226571,504635,2803003
"GB",2064,31790,42637,121151,225861,499190,2757961
"GB",2065,31951,42827,121417,225135,493677,2712418
"GB",2066,32113,43018,121685,224400,488112,2666469
"GB",2067,32276,43208,121949,223649,482481,2620030
"GB",2068,32438,43399,122212,222886,476790,2573136
"GB",2069,32601,43590,122473,222108,471034,2525762
"GB",2070,32764,43781,122733,221320,465225,2477971
"GB",2071,32928,43973,122993,220521,459359,2429741
"GB",2072,33093,44165,123251,219708,453429,2381035
"GB",2073,33257,44357,123505,218879,447433,2331842
"GB",2074,33421,44548,123756,218032,441368,2282143
"GB",2075,33585,44740,124007,217176,435249,2232024
"GB",2076,33750,44933,124257,216309,429071,2181458
"GB",2077,33917,45126,124507,215432,422841,2130469
"GB",2078,34082,45319,124754,214538,416542,2078985
"GB",2079,34249,45513,125001,213635,410188,2027067
"GB",2080,34416,45707,125245,212716,403768,1974662
"GB",2081,34428,45682,124745,209861,391317,1882171
"GB",2082,34441,45657,124247,207014,378896,1789896
"GB",2083,34453,45631,123748,204169,366495,1697792
"GB",2084,34464,45605,123249,201329,354119,1605881
"GB",2085,34476,45579,122752,198497,341773,1514185
"GB",2086,34487,45553,122253,195667,329447,1422664
"GB",2087,34498,45526,121755,192842,317148,1331344
"GB",2088,34509,45499,121257,190022,304875,1240223
"GB",2089,34520,45473,120761,187210,292631,1149316
"GB",2090,34529,45445,120263,184399,280408,1058589
"GB",2091,34539,45417,119766,181596,268214,968075
"GB",2092,34549,45390,119270,178798,256047,877767
"GB",2093,34558,45361,118774,176005,243906,787660
"GB",2094,34568,45334,118280,173219,231794,697769
"GB",2095,34577,45305,117785,170437,219708,608078
"GB",2096,34585,45276,117289,167658,207645,518587
"GB",2097,34593,45246,116794,164886,195612,429310
"GB",2098,34601,45217,116298,162119,183605,340242
"GB",2099,34608,45186,115801,159353,171622,251383
"GB",2100,34614,45154,115303,156592,159666,162740
"IT",2020,10039,24899,108658,286220,805180,3305713
"IT",2021,10629,27438,116859,334430,942048,3869664
"IT",2022,10692,29200,122653,373871,1054107,4331665
"IT",2023,10585,28523,121724,354732,999169,4060074
"IT",2024,10730,28875,124818,363905,1025113,4166723
"IT",2025,10849,29195,126199,367933,1036459,4212841
"IT",2026,11429,29718,126732,365600,1023798,4150856
"IT",2027,12043,30293,127427,363598,1011843,4091356
"IT",2028,12668,30859,128020,361160,998444,4025611
"IT",2029,13312,31439,128606,358554,984341,3956601
"IT",2030,13975,32031,129176,355750,969442,3883952
"IT",2031,14614,32535,129336,351673,950834,3796010
"IT",2032,15273,33057,129508,347490,931713,3705611
"IT",2033,15948,33587,129656,343102,911801,3611627
"IT",2034,16641,34125,129779,338504,891077,3513968
"IT",2035,17353,34678,129896,333739,869652,3413057
"IT",2036,17900,34882,128668,325416,838770,3274689
"IT",2037,18475,35131,127582,317392,808553,3138713
"IT",2038,19063,35394,126523,309368,778211,3002013
"IT",2039,19663,35669,125478,301304,747633,2864138
"IT",2040,20276,35954,124445,293190,716780,2724920
"IT",2041,20902,36252,123424,285022,685636,2584278
"IT",2042,21542,36561,122409,276782,654145,2441973
"IT",2043,22194,36880,121396,268453,622258,2297808
"IT",2044,22860,37209,120385,260032,589955,2151689
"IT",2045,23541,37550,119376,251513,557217,2003519
"IT",2046,24235,37900,118363,242879,523990,1853078
"IT",2047,24943,38260,117343,234117,490239,1700220
"IT",2048,25666,38629,116314,225222,455939,1544839
"IT",2049,26403,39007,115275,216184,421063,1386808
"IT",2050,27154,39393,114221,206990,385570,1225973
"IT",2051,27346,39596,114581,206873,383412,1214042
"IT",2052,27537,39799,114937,206741,381208,1201913
"IT",2053,27728,40000,115285,206588,378943,1189542
"IT",2054,27919,40200,115629,206418,376629,1176963
"IT",2055,28109,40398,115966,206229,374260,1164162
"IT",2056,28299,40595,116296,206020,371836,1151137
"IT",2057,28488,40791,116622,205797,369365,1137913
"IT",2058,28677,40986,116942,205555,366842,1124478
"IT",2059,28867,41181,117259,205299,364275,1110853
"IT",2060,29056,41375,117573,205032,361668,1097050
"IT",2061,29247,41570,117885,204753,359021,1083073
"IT",2062,29438,41765,118196,204464,356335,1068925
"IT",2063,29630,41961,118508,204172,353624,1054643
"IT",2064,29824,42158,118822,203874,350882,1040214
"IT",2065,30020,42357,119138,203572,348113,1025643
"IT",2066,30217,42558,119457,203267,345318,1010938
"IT",2067,30417,42762,119782,202963,342503,996113
"IT",2068,30618,42967,120108,202654,339659,981140
"IT",2069,30821,43174,120436,202340,336784,966016
"IT",2070,31026,43382,120766,202022,333880,950743
"IT",2071,31233,43593,121103,201706,330956,935345
"IT",2072,31443,43808,121446,201392,328013,919826
"IT",2073,31656,44025,121794,201078,325046,904169
"IT",2074,31871,44245,122147,200763,322053,888367
"IT",2075,32089,44468,122506,200450,319039,872433
"IT",2076,32311,44695,122874,200142,316009,856375
"IT",2077,32535,44925,123246,199833,312949,840160
"IT",2078,32761,45158,123624,199522,309861,823789
"IT",2079,32990,45392,124003,199205,306738,807238
"IT",2080,33220,45628,124385,198882,303579,790510
"IT",2081,33283,45594,123899,196700,296230,758565
"IT",2082,33348,45563,123419,194529,288906,726709
"IT",2083,33414,45533,122944,192368,281603,694924
"IT",2084,33481,45504,122474,190217,274322,663216
"IT",2085,33548,45477,122007,188073,267057,631568
"IT",2086,33617,45451,121544,185939,259811,599988
"IT",2087,33686,45425,121084,183810,252579,568458
"IT",2088,33755,45400,120626,181686,245360,536979
"IT",2089,33824,45376,120170,179567,238153,505549
"IT",2090,33894,45352,119716,177453,230959,474167
"IT",2091,33964,45330,119265,175345,223778,442835
"IT",2092,34035,45308,118817,173244,216612,411552
"IT",2093,34106,45287,118371,171146,209456,380310
"IT",2094,34179,45267,117929,169058,202317,349120
"IT",2095,34250,45247,117487,166969,195183,317961
"IT",2096,34322,45227,117046,164884,188058,286840
"IT",2097,34395,45208,116607,162805,180945,255760
"IT",2098,34468,45189,116171,160730,173843,224718
"IT",2099,34541,45172,115737,158661,166751,193713
"IT",2100,34614,45154,115303,156592,159666,162740
"NL",2020,19258,35304,132253,306058,734951,2309230
"NL",2021,21040,38660,150175,348764,845370,2696251
"NL",2022,20847,38399,156797,347046,841568,2685840
"NL",2023,20376,36950,157832,349472,847365,2616293
"NL",2024,20370,36918,157627,349002,846232,2612857
"NL",2025,20621,37374,159572,353309,856675,2645102
"NL",2026,21275,38037,160105,351562,845911,2602067
"NL",2027,21995,38803,161000,350517,836632,2563291
"NL",2028,22670,39473,161427,348361,824489,2515422
"NL",2029,23318,40085,161552,345473,810432,2461427
"NL",2030,23943,40645,161417,341956,794731,2402183
"NL",2031,24592,41234,161346,338504,779016,2342636
"NL",2032,25245,41819,161206,334833,762624,2280779
"NL",2033,25896,42390,160960,330872,745399,2216161
"NL",2034,26546,42949,160619,326642,727402,2148970
"NL",2035,27199,43503,160215,322216,708798,2079714
"NL",2036,27649,43727,158563,315240,684483,1993529
"NL",2037,28154,44036,157207,308830,661342,1910676
"NL",2038,28649,44325,155762,302217,637701,1826261
"NL",2039,29154,44627,154346,295634,614056,1741720
"NL",2040,29671,44944,152961,289083,590401,1657020
"NL",2041,30201,45275,151605,282555,566709,1572069
"NL",2042,30743,45621,150278,276045,542964,1486801
"NL",2043,31297,45981,148978,269547,519140,1401131
"NL",2044,31866,46358,147703,263054,495215,1314982
"NL",2045,32447,46748,146449,256555,471158,1228247
"NL",2046,33043,47155,145219,250051,446960,1140884
"NL",2047,33653,47578,144007,243528,422586,1052779
"NL",2048,34278,48014,142810,236977,398007,963837
"NL",2049,34917,48467,141628,230395,373207,873995
"NL",2050,35572,48935,140461,223776,348165,783177
"NL",2051,35603,48933,140191,222848,345176,772838
"NL",2052,35634,48930,139920,221917,342184,762496
"NL",2053,35665,48927,139650,220989,339196,752166
"NL",2054,35695,48924,139376,220055,336202,741824
"NL",2055,35724,48918,139096,219113,333195,731459
"NL",2056,35751,48910,138812,218163,330179,721075
"NL",2057,35776,48900,138522,217205,327152,710672
"NL",2058,35801,48889,138228,216241,324118,700259
"NL",2059,35825,48876,137932,215275,321082,689843
"NL",2060,35848,48863,137632,214304,318041,679424
"NL",2061,35869,48848,137328,213326,314992,668991
"NL",2062,35890,48832,137022,212346,311941,658559
"NL",2063,35910,48815,136714,211363,308889,648130
"NL",2064,35929,48796,136402,210376,305832,637696
"NL",2065,35947,48777,136087,209384,302771,627260
"NL",2066,35965,48757,135772,208392,299712,616833
"NL",2067,35983,48736,135456,207400,296656,606419
"NL",2068,35999,48715,135137,206405,293597,596006
"NL",2069,36015,48692,134815,205406,290534,585591
"NL",2070,36030,48669,134491,204403,287470,575180
"NL",2071,36044,48644,134163,203397,284404,564772
"NL",2072,36057,48618,133834,202389,281337,554369
"NL",2073,36069,48591,133503,201379,278272,543977
"NL",2074,36081,48563,133169,200366,275205,533589
"NL",2075,36092,48535,132835,199353,272141,523215
"NL",2076,36102,48505,132496,198334,269070,512838
"NL",2077,36111,48474,132154,197312,266000,502469
"NL",2078,36120,48443,131814,196294,262938,492125
"NL",2079,36129,48413,131475,195277,259881,481798
"NL",2080,36139,48383,131140,194267,256837,471504
"NL",2081,36041,48187,130227,192149,251487,454663
"NL",2082,35943,47993,129322,190051,246186,437975
"NL",2083,35847,47802,128430,187977,240940,421450
"NL",2084,35754,47615,127551,185931,235751,405089
"NL",2085,35663,47431,126686,183910,230618,388889
"NL",2086,35574,47251,125832,181912,225536,372839
"NL",2087,35487,47074,124989,179937,220504,356938
"NL",2088,35402,46901,124161,177989,215527,341191
"NL",2089,35320,46731,123344,176064,210599,325585
"NL",2090,35240,46564,122538,174160,205718,310117
"NL",2091,35162,46400,121745,172281,200887,294791
"NL",2092,35087,46243,120968,170432,196113,279610
"NL",2093,35016,46089,120205,168607,191386,264562
"NL",2094,34947,45939,119456,166807,186707,249644
"NL",2095,34882,45795,118723,165035,182080,234859
"NL",2096,34821,45656,118007,163292,177502,220200
"NL",2097,34764,45523,117307,161577,172975,205665
"NL",2098,34710,45395,116623,159889,168493,191247
"NL",2099,34660,45272,115956,158228,164058,176940
"NL",2100,34614,45154,115303,156592,159666,162740
"NO",2020,34956,54714,202707,622684,2271115,14484622
"NO",2021,34425,56305,215216,664577,2462860,16165277
"NO",2022,32423,55986,217867,709186,2655205,17439861
"NO",2023,33588,56237,215415,699130,2612557,17132046
"NO",2024,35467,58958,223674,725873,2711793,17776507
"NO",2025,35856,59605,226127,733833,2741529,17971431
"NO",2026,36372,59912,224805,719879,2670505,17466589
"NO",2027,36843,60142,223177,704886,2595510,16935532
"NO",2028,37175,60146,220710,687231,2510701,16340400
"NO",2029,37400,59978,217625,667713,2419199,15701967
"NO",2030,37520,59649,213985,646607,2322177,15028202
"NO",2031,38103,60056,212989,633507,2253944,14540825
"NO",2032,38686,60458,211952,620177,2184668,14046225
"NO",2033,39259,60839,210814,606449,2113766,13540686
"NO",2034,39819,61196,209570,592321,2041261,13024400
"NO",2035,40372,61537,208254,577898,1967537,12499892
"NO",2036,40777,61650,206153,561252,1886135,11926351
"NO",2037,41180,61761,204041,544570,1804597,11351922
"NO",2038,41526,61786,201651,527153,1720646,10762360
"NO",2039,41883,61830,199325,509925,1637362,10177089
"NO",2040,42253,61892,197063,492875,1554686,9595683
"NO",2041,42634,61971,194855,475968,1472481,9017239
"NO",2042,43027,62067,192701,459194,1390692,8441353
"NO",2043,43431,62178,190595,442533,1309234,7867444
"NO",2044,43846,62306,188535,425966,1228027,7294979
"NO",2045,44273,62450,186522,409491,1147038,6723676
"NO",2046,44712,62609,184551,393083,1066172,6152913
"NO",2047,45162,62784,182618,376729,985365,5582247
"NO",2048,45625,62976,180729,360428,904589,5011430
"NO",2049,46104,63187,178888,344180,823806,4440151
"NO",2050,46600,63419,177094,327972,742950,3867919
"NO",2051,46310,62978,175611,323890,729127,3780277
"NO",2052,46024,62544,174148,319863,715495,3693847
"NO",2053,45740,62113,172699,315882,702029,3608495
"NO",2054,45458,61686,171264,311945,688726,3524215
"NO",2055,45179,61262,169842,308049,675578,3440951
"NO",2056,44902,60843,168435,304199,662596,3358761
"NO",2057,44627,60427,167041,300392,649772,3277597
"NO",2058,44356,60017,165666,296636,637121,3197538
"NO",2059,44087,59610,164304,292922,624623,3118476
"NO",2060,43820,59205,162953,289243,612265,3040343
"NO",2061,43553,58803,161611,285599,600043,2963117
"NO",2062,43289,58404,160279,281992,587962,2886823
"NO",2063,43025,58006,158955,278416,576008,2811384
"NO",2064,42762,57611,157641,274873,564186,2736827
"NO",2065,42502,57219,156340,271371,552512,2663230
"NO",2066,42242,56829,155047,267901,540966,2590487
"NO",2067,41985,56442,153766,264469,529560,2518656
"NO",2068,41730,56059,152498,261075,518292,2447725
"NO",2069,41476,55679,151242,257719,507162,2377694
"NO",2070,41224,55301,149995,254396,496160,2308510
"NO",2071,40974,54926,148757,251105,485283,2240151
"NO",2072,40724,54552,147528,247844,474527,2172606
"NO",2073,40475,54180,146305,244612,463888,2105849
"NO",2074,40227,53810,145090,241408,453366,2039884
"NO",2075,39980,53441,143884,238236,442966,1974721
"NO",2076,39734,53075,142687,235095,432687,1910367
"NO",2077,39489,52711,141496,231982,422521,1846773
"NO",2078,39245,52348,140313,228896,412470,1783948
"NO",2079,39001,51985,139135,225835,402525,1721856
"NO",2080,38757,51624,137962,222799,392689,1660505
"NO",2081,38557,51304,136800,219233,379766,1576623
"NO",2082,38357,50983,135640,215691,366972,1493666
"NO",2083,38154,50661,134480,212174,354307,1411635
"NO",2084,37951,50337,133321,208678,341767,1330517
"NO",2085,37746,50013,132166,205210,329365,1250360
"NO",2086,37541,49689,131013,201769,317095,1171147
"NO",2087,37335,49364,129862,198354,304958,1092883
"NO",2088,37128,49040,128717,194969,292962,1015589
"NO",2089,36922,48716,127579,191617,281109,939279
"NO",2090,36715,48393,126444,188293,269390,863916
"NO",2091,36508,48070,125315,184999,257811,789521
"NO",2092,36301,47747,124190,181735,246369,716084
"NO",2093,36092,47424,123067,178496,235059,643586
"NO",2094,35883,47100,121947,175284,223883,572038
"NO",2095,35673,46776,120831,172099,212843,501442
"NO",2096,35463,46452,119719,168943,201937,431798
"NO",2097,35253,46129,118612,165817,191171,363113
"NO",2098,35041,45805,117507,162717,180536,295373
"NO",2099,34828,45480,116404,159642,170034,228580
"NO",2100,34614,45154,115303,156592,159666,162740
"SE",2020,22998,38360,121405,413435,1700753,13556744
"SE",2021,23407,40513,128406,430361,1742723,13765134
"SE",2022,23364,41574,130076,422567,1703408,13451276
"SE",2023,23243,41511,123033,404830,1663202,13353436
"SE",2024,23416,41887,124270,408955,1680165,13489250
"SE",2025,23835,42637,126496,416281,1710262,13730881
"SE",2026,23925,42315,125002,404945,1649756,13212865
"SE",2027,24010,41989,123505,393683,1589732,12699139
"SE",2028,24073,41633,121925,382242,1529184,12181690
"SE",2029,24135,41282,120369,370968,1469513,11671722
"SE",2030,24198,40938,118840,359871,1410757,11169535
"SE",2031,24567,41112,118817,353345,1369938,10809416
"SE",2032,24954,41312,118863,346945,1329431,10451310
"SE",2033,25354,41526,118942,340559,1288769,10091486
"SE",2034,25765,41755,119054,334181,1247918,9729622
"SE",2035,26193,42004,119219,327854,1207019,9366773
"SE",2036,26518,42083,118895,320113,1160726,8961583
"SE",2037,26883,42222,118735,312757,1115686,8565690
"SE",2038,27252,42363,118576,305342,1070260,8166371
"SE",2039,27635,42522,118463,297975,1024815,7766390
"SE",2040,28032,42699,118393,290642,979270,7365067
"SE",2041,28443,42892,118360,283320,933528,6961588
"SE",2042,28869,43101,118367,276003,887540,6555518
"SE",2043,29309,43326,118409,268674,841226,6146196
"SE",2044,29762,43565,118480,261314,794501,5732910
"SE",2045,30227,43816,118580,253909,747296,5315101
"SE",2046,30706,44080,118704,246447,699555,4892284
"SE",2047,31198,44357,118852,238918,651226,4464010
"SE",2048,31701,44643,119020,231307,602240,4029735
"SE",2049,32217,44941,119206,223606,552557,3589106
"SE",2050,32745,45249,119410,215807,502132,3141731
"SE",2051,32854,45354,119625,215336,497638,3099734
"SE",2052,32961,45458,119833,214848,493087,3057306
"SE",2053,33066,45557,120032,214339,488472,3014418
"SE",2054,33169,45655,120224,213814,483806,2971148
"SE",2055,33270,45749,120408,213272,479084,2927466
"SE",2056,33370,45842,120588,212718,474322,2883476
"SE",2057,33470,45935,120766,212157,469527,2839218
"SE",2058,33569,46025,120939,211583,464689,2794640
"SE",2059,33666,46114,121107,210996,459807,2749727
"SE",2060,33762,46201,121270,210398,454886,2704519
"SE",2061,33858,46287,121431,209792,449934,2659063
"SE",2062,33953,46372,121587,209176,444944,2613317
"SE",2063,34047,46455,121740,208549,439918,2567297
"SE",2064,34142,46539,121894,207921,434875,2521110
"SE",2065,34236,46622,122046,207286,429803,2474689
"SE",2066,34330,46704,122194,206642,424698,2428014
"SE",2067,34424,46787,122345,205997,419578,2381183
"SE",2068,34518,46870,122494,205347,414431,2334135
"SE",2069,34613,46953,122646,204698,409273,2286955
"SE",2070,34709,47038,122799,204050,404099,2239616
"SE",2071,34805,47123,122954,203398,398906,2192095
"SE",2072,34902,47208,123109,202744,393692,2144384
"SE",2073,34998,47292,123262,202083,388447,2096437
"SE",2074,35094,47376,123414,201417,383180,2048290
"SE",2075,35191,47461,123568,200751,377897,1999982
"SE",2076,35289,47548,123726,200087,372601,1951523
"SE",2077,35387,47634,123881,199415,367277,1902835
"SE",2078,35485,47720,124037,198741,361930,1853949
"SE",2079,35583,47806,124194,198065,356565,1804890
"SE",2080,35681,47892,124348,197381,351168,1755579
"SE",2081,35613,47732,123832,195171,340975,1671169
"SE",2082,35548,47576,123324,192981,330857,1587340
"SE",2083,35482,47420,122820,190806,320803,1504034
"SE",2084,35419,47268,122324,188653,310824,1421297
"SE",2085,35357,47118,121834,186518,300913,1339092
"SE",2086,35296,46968,121348,184395,291062,1257377
"SE",2087,35237,46823,120872,182296,281284,1176211
"SE",2088,35180,46681,120406,180222,271582,1095590
"SE",2089,35126,46542,119947,178164,261942,1015451
"SE",2090,35073,46406,119497,176127,252369,935804
"SE",2091,35021,46272,119052,174106,242855,856614
"SE",2092,34971,46140,118615,172102,233399,777874
"SE",2093,34923,46010,118182,170113,223999,699566
"SE",2094,34875,45882,117755,168139,214654,621680
"SE",2095,34829,45756,117333,166179,205362,544209
"SE",2096,34784,45632,116917,164235,196123,467144
"SE",2097,34740,45511,116509,162308,186940,390484
"SE",2098,34698,45391,116104,160392,177803,314198
"SE",2099,34655,45272,115701,158485,168710,238284
"SE",2100,34614,45154,115303,156592,159666,162740
"OC",2020,12948,29320,140247,385268,1259153,7830394
"OC",2021,13796,30909,154025,425689,1395724,8864213
"OC",2022,14246,31717,155784,445299,1505890,9484389
"OC",2023,14496,32272,159704,425391,1449697,9368896
"OC",2024,14899,32500,164749,440977,1512203,9578276
"OC",2025,15258,33282,168712,451585,1548581,9808699
"OC",2026,15753,33572,167228,443656,1511573,9552208
"OC",2027,16265,33889,165840,435934,1475148,9299130
"OC",2028,16767,34177,164278,427708,1436899,9034277
"OC",2029,17271,34461,162666,419305,1397941,8764709
"OC",2030,17777,34741,161003,410731,1358301,8490603
"OC",2031,18240,34932,158902,401003,1314760,8191921
"OC",2032,18711,35135,156844,391363,1271448,7894519
"OC",2033,19186,35341,154783,381691,1227965,7595897
"OC",2034,19665,35551,152722,371991,1184320,7296107
"OC",2035,20152,35771,150689,362331,1140727,6996443
"OC",2036,20655,36016,148736,352832,1097546,6699090
"OC",2037,21217,36356,147150,344150,1056771,6416066
"OC",2038,21780,36691,145500,335259,1015172,6127596
"OC",2039,22356,37039,143867,326342,973308,5837051
"OC",2040,22945,37401,142249,317387,931129,5544093
"OC",2041,23548,37777,140644,308389,888601,5248478
"OC",2042,24165,38167,139047,299329,845657,4949756
"OC",2043,24796,38571,137454,290193,802237,4647539
"OC",2044,25441,38989,135862,280970,758293,4341503
"OC",2045,26101,39420,134269,271649,713780,4031338
"OC",2046,26777,39864,132670,262216,668644,3716685
"OC",2047,27467,40320,131061,252658,622832,3397196
"OC",2048,28172,40790,129442,242968,576310,3072630
"OC",2049,28893,41272,127805,233128,529015,2742594
"OC",2050,29629,41766,126150,223129,480911,2406831
"OC",2051,29773,41912,126259,222576,476921,2376841
"OC",2052,29917,42057,126363,222011,472884,2346555
"OC",2053,30060,42200,126459,221426,468788,2315914
"OC",2054,30202,42343,126551,220829,464650,2284996
"OC",2055,30344,42484,126637,220217,460462,2253774
"OC",2056,30485,42625,126720,219596,456236,2222297
"OC",2057,30627,42765,126800,218963,451971,2190561
"OC",2058,30768,42904,126875,218319,447662,2158553
"OC",2059,30909,43043,126946,217662,443312,2126275
"OC",2060,31050,43181,127014,216997,438926,2093765
"OC",2061,31192,43320,127081,216325,434508,2061028
"OC",2062,31334,43459,127146,215646,430058,2028073
"OC",2063,31476,43598,127210,214958,425574,1994889
"OC",2064,31618,43737,127272,214265,421060,1961493
"OC",2065,31762,43877,127334,213566,416518,1927891
"OC",2066,31906,44017,127396,212862,411946,1894083
"OC",2067,32050,44158,127459,212155,407350,1860088
"OC",2068,32196,44301,127523,211446,402730,1825905
"OC",2069,32343,44444,127586,210730,398080,1791512
"OC",2070,32491,44588,127651,210012,393406,1756930
"OC",2071,32640,44734,127718,209293,388709,1722168
"OC",2072,32790,44881,127789,208575,383993,1687236
"OC",2073,32942,45030,127861,207854,379254,1652114
"OC",2074,33095,45180,127934,207130,374487,1616784
"OC",2075,33250,45333,128012,206408,369703,1581293
"OC",2076,33407,45488,128094,205688,364902,1545633
"OC",2077,33565,45644,128178,204965,360072,1509754
"OC",2078,33725,45801,128264,204241,355217,1473677
"OC",2079,33887,45961,128354,203517,350342,1437409
"OC",2080,34050,46124,128448,202794,345444,1400946
"OC",2081,34062,46051,127708,200317,335718,1336572
"OC",2082,34076,45981,126978,197861,326049,1272526
"OC",2083,34092,45914,126259,195426,316438,1208810
"OC",2084,34110,45850,125550,193013,306883,1145407
"OC",2085,34130,45789,124850,190618,297376,1082284
"OC",2086,34151,45730,124160,188244,287922,1019456
"OC",2087,34175,45675,123479,185886,278514,956888
"OC",2088,34199,45621,122805,183545,269150,894570
"OC",2089,34226,45570,122139,181220,259828,832490
"OC",2090,34253,45521,121482,178911,250547,770642
"OC",2091,34283,45475,120833,176619,241308,709023
"OC",2092,34314,45431,120192,174341,232107,647613
"OC",2093,34347,45389,119556,172077,222940,586396
"OC",2094,34381,45349,118929,169827,213808,525374
"OC",2095,34416,45312,118309,167590,204710,464533
"OC",2096,34453,45276,117694,165365,195642,403861
"OC",2097,34491,45242,117086,163153,186605,343355
"OC",2098,34531,45211,116486,160955,177598,283006
"OC",2099,34572,45182,115891,158768,168619,222804
"OC",2100,34614,45154,115303,156592,159666,162740
"QM",2020,5042,16825,100787,358119,1466722,12770055
"QM",2021,5451,17877,105942,382351,1569701,14058677
"QM",2022,5500,18261,113267,402412,1702859,15089095
"QM",2023,5766,18564,112103,402217,1675708,15408778
"QM",2024,5955,18942,115018,415309,1811708,15989997
"QM",2025,6190,19691,119567,431735,1883362,16622414
"QM",2026,6715,20288,120562,431035,1871655,16498483
"QM",2027,7273,20930,121694,430600,1860646,16379614
"QM",2028,7843,21558,122614,429182,1844914,16218027
"QM",2029,8430,22188,123408,427094,1825819,16025721
"QM",2030,9036,22821,124086,424371,1803519,15804084
"QM",2031,9611,23339,124028,418920,1769176,15475831
"QM",2032,10206,23875,123961,413250,1733502,15134921
"QM",2033,10819,24423,123850,407235,1695948,14776519
"QM",2034,11452,24982,123695,400866,1656464,14400181
"QM",2035,12105,25556,123508,394185,1615208,14007219
"QM",2036,12633,25848,121880,382749,1554124,13441431
"QM",2037,13179,26164,120323,371449,1493385,12878105
"QM",2038,13738,26493,118784,360103,1432225,12310535
"QM",2039,14310,26837,117257,348685,1370523,11737624
"QM",2040,14895,27193,115739,337177,1308179,11158464
"QM",2041,15495,27564,114223,325554,1245074,10571982
"QM",2042,16110,27947,112709,313798,1181123,9977391
"QM",2043,16740,28344,111189,301886,1116213,9373667
"QM",2044,17386,28755,109662,289801,1050251,8759958
"QM",2045,18047,29178,108122,277520,983138,8135377
"QM",2046,18724,29614,106565,265024,914772,7499004
"QM",2047,19418,30062,104986,252293,845067,6850050
"QM",2048,20128,30523,103382,239309,773933,6187710
"QM",2049,20855,30995,101749,226055,701289,5511253
"QM",2050,21599,31479,100083,212514,627053,4819939
"QM",2051,21899,31853,100932,213251,625575,4795725
"QM",2052,22202,32228,101777,213955,623919,4769845
"QM",2053,22506,32605,102618,214627,622084,4742300
"QM",2054,22812,32983,103455,215266,620069,4713082
"QM",2055,23120,33362,104288,215871,617872,4682165
"QM",2056,23430,33743,105118,216446,615499,4649598
"QM",2057,23742,34124,105943,216987,612942,4615328
"QM",2058,24056,34508,106766,217498,610212,4579428
"QM",2059,24372,34893,107586,217979,607307,4541879
"QM",2060,24691,35280,108404,218428,604224,4502655
"QM",2061,25011,35668,109219,218847,600966,4461783
"QM",2062,25334,36059,110032,219237,597533,4419264
"QM",2063,25660,36451,110845,219599,593930,4375128
"QM",2064,25988,36847,111657,219933,590158,4329376
"QM",2065,26319,37245,112468,220241,586217,4282005
"QM",2066,26654,37646,113281,220526,582114,4233066
"QM",2067,26992,38050,114096,220786,577847,4182546
"QM",2068,27333,38458,114914,221025,573423,4130476
"QM",2069,27679,38869,115734,221243,568838,4076835
"QM",2070,28028,39285,116559,221440,564096,4021643
"QM",2071,28381,39706,117389,221619,559198,3964895
"QM",2072,28739,40131,118223,221777,554140,3906557
"QM",2073,29102,40561,119063,221919,548927,3846661
"QM",2074,29469,40996,119910,222043,543556,3785176
"QM",2075,29842,41436,120764,222150,538025,3722080
"QM",2076,30220,41882,121626,222242,532339,3657396
"QM",2077,30603,42334,122496,222317,526489,3591056
"QM",2078,30991,42793,123375,222378,520479,3523076
"QM",2079,31386,43257,124263,222423,514305,3453416
"QM",2080,31786,43728,125159,222451,507960,3382012
"QM",2081,31906,43772,124601,219085,490558,3221947
"QM",2082,32029,43820,124052,215734,473182,3062019
"QM",2083,32154,43871,123512,212397,455826,2902177
"QM",2084,32281,43925,122981,209071,438485,2742381
"QM",2085,32411,43982,122457,205756,421154,2582587
"QM",2086,32544,44042,121941,202451,403830,2422761
"QM",2087,32678,44105,121432,199154,386506,2262860
"QM",2088,32815,44172,120931,195865,369182,2102866
"QM",2089,32955,44241,120435,192582,351849,1942715
"QM",2090,33096,44312,119946,189305,334505,1782387
"QM",2091,33239,44387,119463,186032,317147,1621849
"QM",2092,33385,44464,118985,182762,299770,1461065
"QM",2093,33532,44543,118511,179493,282368,1299999
"QM",2094,33682,44624,118042,176225,264941,1138635
"QM",2095,33833,44707,117577,172957,247484,976940
"QM",2096,33986,44793,117116,169689,229996,814894
"QM",2097,34140,44880,116658,166418,212471,652470
"QM",2098,34297,44970,116204,163147,194911,489653
"QM",2099,34455,45061,115752,159871,177310,326415
"QM",2100,34614,45154,115303,156592,159666,162740
"US",2020,10183,31390,213606,852402,3671629,31615222
"US",2021,10936,33397,219561,904176,3965188,38527035
"US",2022,9401,33555,229621,921789,3955090,42095939
"US",2023,9829,33880,237556,979649,4320247,45552807
"US",2024,9978,34393,241153,994480,4385654,46242454
"US",2025,10150,34988,245324,1011680,4461502,47042199
"US",2026,10867,35157,240257,980887,4309222,45389345
"US",2027,11574,35308,235117,949864,4156056,43727495
"US",2028,12273,35453,229978,918922,4003376,42071163
"US",2029,12967,35595,224874,888207,3851825,40427093
"US",2030,13654,35733,219786,857635,3701043,38791521
"US",2031,14427,36099,216117,832621,3574273,37407724
"US",2032,15205,36471,212453,807573,3447269,36021194
"US",2033,15991,36852,208809,782547,3320253,34634237
"US",2034,16783,37242,205187,757536,3193184,33246387
"US",2035,17587,37649,201622,732666,3066582,31862993
"US",2036,18486,38243,198990,711051,2953341,30617658
"US",2037,19352,38753,195843,687424,2831417,29281306
"US",2038,20233,39277,192699,663659,2708639,27935233
"US",2039,21126,39811,189536,639670,2584628,26575473
"US",2040,22032,40356,186354,615453,2459361,25201734
"US",2041,22953,40912,183153,590999,2332778,23813372
"US",2042,23889,41481,179931,566290,2204801,22409516
"US",2043,24840,42063,176690,541328,2075410,20989901
"US",2044,25807,42657,173421,516072,1944428,19552670
"US",2045,26790,43264,170127,490522,1811835,18097547
"US",2046,27790,43885,166803,464657,1677526,16623418
"US",2047,28808,44519,163449,438462,1541429,15129450
"US",2048,29845,45168,160062,411923,1403457,13614703
"US",2049,30901,45832,156641,385020,1263515,12078130
"US",2050,31977,46512,153184,357738,1121514,10518756
"US",2051,32052,46529,152642,354455,1105298,10342777
"US",2052,32129,46547,152104,351184,1089118,10167162
"US",2053,32206,46566,151570,347924,1072977,9991924
"US",2054,32283,46586,151040,344673,1056870,9817010
"US",2055,32362,46608,150514,341434,1040801,9642467
"US",2056,32441,46630,149991,338201,1024755,9468150
"US",2057,32521,46654,149475,334984,1008757,9294289
"US",2058,32603,46680,148964,331782,992808,9120886
"US",2059,32685,46707,148457,328586,976879,8947666
"US",2060,32767,46734,147951,325394,960965,8774597
"US",2061,32851,46762,147448,322209,945071,8601726
"US",2062,32934,46792,146947,319031,929199,8429046
"US",2063,33018,46821,146448,315855,913333,8256435
"US",2064,33102,46850,145948,312678,897467,8083819
"US",2065,33186,46880,145450,309506,881614,7911330
"US",2066,33270,46910,144953,306336,865769,7738918
"US",2067,33354,46940,144456,303167,849929,7566555
"US",2068,33438,46969,143958,299996,834081,7394126
"US",2069,33522,46999,143460,296822,818230,7221672
"US",2070,33606,47027,142959,293646,802372,7049160
"US",2071,33688,47055,142455,290464,786500,6876528
"US",2072,33770,47081,141947,287273,770605,6703708
"US",2073,33850,47106,141437,284078,754701,6530823
"US",2074,33930,47130,140923,280877,738784,6357838
"US",2075,34010,47154,140408,277675,722866,6184854
"US",2076,34089,47176,139888,274465,706932,6011753
"US",2077,34166,47197,139366,271251,690990,5838597
"US",2078,34242,47216,138838,268026,675025,5665276
"US",2079,34318,47235,138309,264800,659064,5492000
"US",2080,34392,47251,137774,261565,643082,5318585
"US",2081,34419,47160,136638,256090,617622,5046362
"US",2082,34445,47069,135505,250641,592298,4775632
"US",2083,34469,46974,134370,245208,567084,4506189
"US",2084,34491,46879,133237,239799,542005,4238237
"US",2085,34510,46781,132101,234406,517040,3971626
"US",2086,34529,46683,130970,229041,492219,3706588
"US",2087,34546,46583,129841,223702,467539,3443102
"US",2088,34562,46483,128715,218391,443000,3181171
"US",2089,34576,46381,127590,213102,418597,2920764
"US",2090,34589,46277,126467,207838,394332,2661909
"US",2091,34599,46172,125345,202599,370208,2404620
"US",2092,34609,46067,124225,197387,346229,2148944
"US",2093,34617,45959,123108,192200,322394,1894870
"US",2094,34623,45850,121991,187038,298702,1642407
"US",2095,34627,45739,120875,181900,275154,1391570
"US",2096,34628,45626,119760,176788,251755,1142396
"US",2097,34628,45511,118645,171701,228504,894900
"US",2098,34626,45394,117530,166638,205402,649100
"US",2099,34621,45276,116417,161603,182458,405045
"US",2100,34614,45154,115303,156592,159666,162740
"CA",2020,16550,29871,127154,410960,1354285,6238015
"CA",2021,13656,31308,143069,487313,1728883,8762792
"CA",2022,13012,32544,124848,421145,1012276,10476057
"CA",2023,13088,32997,127050,428827,1030776,10668103
"CA",2024,13410,33940,131055,442461,1063590,11007938
"CA",2025,13496,34159,131899,445311,1070441,11078845
"CA",2026,13986,34315,130994,436318,1043292,10759840
"CA",2027,14472,34455,130022,427070,1015504,10434032
"CA",2028,14955,34586,129008,417653,987286,10103622
"CA",2029,15438,34712,127966,408124,958779,9770091
"CA",2030,15920,34830,126893,398471,929957,9433174
"CA",2031,16416,34977,125918,389098,901762,9102420
"CA",2032,16914,35123,124930,379650,873359,8769337
"CA",2033,17414,35267,123930,370134,844767,8434110
"CA",2034,17916,35412,122922,360563,816012,8097020
"CA",2035,18422,35561,121923,350986,787210,7759188
"CA",2036,19010,35861,121426,342789,761434,7450675
"CA",2037,19628,36205,121056,334849,736117,7145822
"CA",2038,20256,36553,120677,326774,710376,6835900
"CA",2039,20896,36911,120305,318604,684297,6521718
"CA",2040,21548,37279,119938,310329,657849,6202923
"CA",2041,22215,37657,119581,301953,631036,5879520
"CA",2042,22895,38047,119232,293468,603834,5551203
"CA",2043,23591,38448,118889,284864,576215,5217671
"CA",2044,24301,38860,118553,276133,548153,4878615
"CA",2045,25027,39284,118223,267271,519633,4533827
"CA",2046,25768,39718,117895,258261,490612,4182861
"CA",2047,26526,40164,117568,249093,461062,3825398
"CA",2048,27300,40621,117244,239766,430972,3461267
"CA",2049,28091,41089,116919,230266,400310,3090108
"CA",2050,28899,41569,116595,220588,369051,2711642
"CA",2051,29078,41755,116939,220281,366944,2680440
"CA",2052,29258,41941,117283,219966,364812,2648917
"CA",2053,29439,42127,117625,219640,362647,2617016
"CA",2054,29619,42312,117964,219299,360443,2584695
"CA",2055,29800,42498,118302,218948,358209,2552020
"CA",2056,29982,42685,118642,218592,355953,2519046
"CA",2057,30165,42872,118980,218225,353664,2485694
"CA",2058,30348,43059,119319,217850,351350,2452019
"CA",2059,30532,43247,119658,217467,349007,2417993
"CA",2060,30717,43434,119993,217068,346624,2383545
"CA",2061,30901,43621,120324,216655,344204,2348688
"CA",2062,31085,43808,120654,216232,341753,2313476
"CA",2063,31270,43994,120982,215796,339268,2277873
"CA",2064,31455,44179,121305,215343,336741,2241836
"CA",2065,31638,44363,121623,214872,334172,2205361
"CA",2066,31822,44546,121937,214386,331564,2168479
"CA",2067,32006,44729,122249,213890,328926,2131240
"CA",2068,32189,44910,122556,213374,326243,2093557
"CA",2069,32372,45089,122856,212840,323517,2055436
"CA",2070,32554,45267,123151,212289,320751,2016902
"CA",2071,32736,45445,123442,211724,317950,1977983
"CA",2072,32917,45621,123731,211145,315113,1938685
"CA",2073,33098,45796,124013,210548,312234,1898971
"CA",2074,33279,45970,124291,209936,309318,1858861
"CA",2075,33459,46144,124567,209313,306372,1818411
"CA",2076,33641,46318,124842,208680,303397,1777618
"CA",2077,33822,46491,125114,208033,300386,1736450
"CA",2078,34002,46663,125380,207371,297338,1694901
"CA",2079,34183,46834,125646,206699,294260,1653011
"CA",2080,34364,47005,125906,206011,291147,1610748
"CA",2081,34386,46921,125386,203486,284360,1535588
"CA",2082,34407,46835,124864,200964,277592,1460687
"CA",2083,34427,46749,124341,198448,270846,1386063
"CA",2084,34446,46662,123816,195937,264121,1311715
"CA",2085,34463,46573,123289,193430,257414,1237628
"CA",2086,34480,46484,122761,190926,250727,1163821
"CA",2087,34495,46393,122230,188427,244061,1090296
"CA",2088,34510,46303,121704,185942,237427,1017108
"CA",2089,34525,46213,121177,183463,230817,944218
"CA",2090,34536,46118,120642,180980,224216,871569
"CA",2091,34548,46024,120108,178506,217645,799248
"CA",2092,34558,45930,119575,176041,211099,727243
"CA",2093,34568,45835,119042,173583,204579,655552
"CA",2094,34577,45740,118508,171132,198083,584176
"CA",2095,34585,45643,117974,168689,191614,513122
"CA",2096,34593,45546,117439,166253,185171,442389
"CA",2097,34600,45450,116907,163828,178757,371989
"CA",2098,34606,45353,116376,161414,172372,301918
"CA",2099,34611,45255,115841,159001,166007,232164
"CA",2100,34614,45154,115303,156592,159666,162740
"AU",2020,10957,33711,139912,431370,1666073,3223930
"AU",2021,11068,33638,151651,490499,1858537,3452913
"AU",2022,10844,33606,147758,475684,1808581,3561118
"AU",2023,10937,34227,152910,487669,1721788,3378179
"AU",2024,11006,34799,155388,495844,1750315,3433142
"AU",2025,11133,35202,157187,501585,1770578,3472887
"AU",2026,11632,35099,154473,487402,1710240,3350607
"AU",2027,12129,35004,151812,473436,1650756,3230034
"AU",2028,12607,34871,149010,459086,1590043,3107100
"AU",2029,13068,34709,146105,444487,1528594,2982777
"AU",2030,13512,34517,143109,429685,1466597,2857443
"AU",2031,13926,34270,139921,414402,1403143,2729344
"AU",2032,14322,34004,136692,399102,1339840,2601624
"AU",2033,14701,33720,133434,383832,1276874,2474648
"AU",2034,15063,33421,130158,368629,1214375,2348681
"AU",2035,15411,33112,126890,353576,1152634,2224286
"AU",2036,16028,33388,125872,344816,1111465,2139614
"AU",2037,16689,33740,125105,336655,1072021,2058178
"AU",2038,17357,34087,124287,328246,1031554,1974677
"AU",2039,18037,34441,123457,319696,990398,1889751
"AU",2040,18729,34801,122615,311003,948539,1803373
"AU",2041,19434,35171,121767,302178,906006,1715590
"AU",2042,20154,35550,120911,293210,862751,1626308
"AU",2043,20888,35937,120044,284088,818729,1535439
"AU",2044,21636,36332,119162,274800,773900,1442900
"AU",2045,22398,36735,118267,265345,728246,1348656
"AU",2046,23177,37149,117363,255726,681766,1252694
"AU",2047,23971,37570,116442,245920,634383,1154869
"AU",2048,24781,38001,115506,235930,586091,1055160
"AU",2049,25608,38442,114555,225748,536855,953499
"AU",2050,26452,38892,113585,215362,486628,849791
"AU",2051,26679,39142,114073,215381,483839,843227
"AU",2052,26906,39391,114557,215382,480972,836507
"AU",2053,27134,39640,115036,215363,478026,829626
"AU",2054,27363,39890,115515,215333,475020,822620
"AU",2055,27593,40141,115993,215289,471947,815475
"AU",2056,27823,40390,116465,215224,468791,808165
"AU",2057,28054,40640,116934,215140,465557,800698
"AU",2058,28286,40890,117402,215043,462259,793098
"AU",2059,28518,41139,117863,214924,458877,785330
"AU",2060,28750,41387,118318,214781,455406,777388
"AU",2061,28982,41635,118770,214622,451864,769299
"AU",2062,29216,41882,119219,214445,448248,761061
"AU",2063,29450,42130,119666,214253,444561,752679
"AU",2064,29683,42377,120105,214037,440788,744125
"AU",2065,29917,42622,120538,213798,436929,735404
"AU",2066,30151,42868,120970,213545,433005,726546
"AU",2067,30387,43114,121401,213280,429017,717556
"AU",2068,30624,43361,121828,212996,424954,708415
"AU",2069,30860,43606,122250,212691,420809,699110
"AU",2070,31096,43850,122664,212362,416578,689637
"AU",2071,31331,44092,123070,212008,412259,679991
"AU",2072,31566,44332,123470,211632,407858,670182
"AU",2073,31801,44572,123865,211237,403383,660225
"AU",2074,32037,44812,124258,210826,398836,650124
"AU",2075,32274,45052,124646,210396,394217,639875
"AU",2076,32510,45290,125027,209944,389514,629463
"AU",2077,32746,45529,125407,209478,384747,618918
"AU",2078,32983,45766,125782,208991,379904,608221
"AU",2079,33220,46003,126151,208486,374984,597372
"AU",2080,33458,46239,126516,207961,369991,586376
"AU",2081,33534,46207,126003,205425,359364,564892
"AU",2082,33609,46172,125486,202885,348744,543427
"AU",2083,33681,46135,124963,200339,338125,521974
"AU",2084,33752,46096,124434,197786,327509,500538
"AU",2085,33820,46053,123896,195225,316894,479114
"AU",2086,33886,46009,123357,192664,306294,457725
"AU",2087,33952,45963,122814,190104,295710,436375
"AU",2088,34017,45918,122273,187548,285151,415076
"AU",2089,34080,45870,121726,184989,274604,393809
"AU",2090,34141,45819,121173,182426,264068,372573
"AU",2091,34200,45766,120616,179861,253548,351378
"AU",2092,34257,45711,120053,177292,243042,330222
"AU",2093,34311,45652,119482,174716,232548,309102
"AU",2094,34362,45589,118902,172133,222066,288021
"AU",2095,34409,45522,118313,169542,211599,266985
"AU",2096,34455,45455,117723,166956,201163,246014
"AU",2097,34500,45386,117132,164375,190757,225109
"AU",2098,34542,45313,116533,161788,180372,204260
"AU",2099,34579,45235,115921,159191,170005,183465
"AU",2100,34614,45154,115303,156592,159666,162740
"NZ",2020,11559,26175,118047,455888,2081638,18620005
"NZ",2021,11389,25680,114170,537911,3125685,47606397
"NZ",2022,13159,27363,118067,428186,1846523,14902945
"NZ",2023,13179,27736,120382,437063,1885317,15217107
"NZ",2024,12695,26747,117622,427976,1848274,14923500
"NZ",2025,12961,27306,120084,436934,1886963,15235886
"NZ",2026,13333,27531,119389,429100,1842706,14855810
"NZ",2027,13736,27810,118906,421942,1801178,14497364
"NZ",2028,14149,28097,118428,414702,1759104,14134075
"NZ",2029,14574,28401,117987,407486,1716912,13769361
"NZ",2030,15014,28722,117583,400281,1674538,13402663
"NZ",2031,15430,28989,116925,392107,1627880,13001170
"NZ",2032,15855,29262,116267,383833,1580596,12594208
"NZ",2033,16290,29546,115619,375492,1532818,12182791
"NZ",2034,16736,29841,114987,367090,1484545,11766887
"NZ",2035,17197,30155,114390,358686,1436006,11348268
"NZ",2036,17595,30350,113319,348698,1380904,10877263
"NZ",2037,18050,30636,112565,339593,1329084,10431599
"NZ",2038,18517,30936,111828,330422,1276733,9981117
"NZ",2039,18995,31244,111090,321128,1223611,9523870
"NZ",2040,19483,31561,110351,311702,1169665,9059431
"NZ",2041,19983,31888,109611,302138,1114862,8587505
"NZ",2042,20494,32224,108869,292428,1059155,8107679
"NZ",2043,21016,32569,108121,282553,1002457,7619247
"NZ",2044,21549,32921,107362,272499,944708,7121709
"NZ",2045,22094,33283,106595,262263,885875,6614780
"NZ",2046,22651,33654,105819,251837,825914,6098079
"NZ",2047,23220,34033,105029,241205,764758,5571050
"NZ",2048,23802,34422,104231,230372,702400,5033591
"NZ",2049,24397,34820,103418,219318,638755,4485019
"NZ",2050,25006,35229,102595,208045,573804,3925124
"NZ",2051,25260,35540,103285,208424,571255,3895414
"NZ",2052,25515,35851,103973,208783,568587,3864673
"NZ",2053,25772,36163,104662,209125,565809,3832972
"NZ",2054,26032,36479,105357,209460,562950,3800493
"NZ",2055,26293,36797,106052,209778,559980,3767045
"NZ",2056,26556,37114,106744,210072,556881,3732491
"NZ",2057,26819,37432,107434,210344,553658,3696871
"NZ",2058,27084,37752,108125,210600,550324,3660276
"NZ",2059,27351,38073,108817,210838,546875,3622671
"NZ",2060,27619,38395,109506,211054,543301,3583986
"NZ",2061,27887,38717,110192,211243,539591,3544158
"NZ",2062,28158,39042,110881,211420,535778,3503392
"NZ",2063,28431,39368,111572,211584,531862,3461694
"NZ",2064,28705,39696,112264,211727,527824,3418929
"NZ",2065,28983,40028,112961,211863,523694,3375293
"NZ",2066,29263,40361,113659,211982,519448,3330637
"NZ",2067,29544,40695,114357,212080,515076,3284881
"NZ",2068,29825,41030,115050,212150,510562,3237922
"NZ",2069,30108,41365,115744,212202,505925,3189895
"NZ",2070,30393,41702,116435,212229,501155,3140717
"NZ",2071,30679,42040,117126,212237,496261,3090459
"NZ",2072,30968,42381,117824,212235,491266,3039253
"NZ",2073,31260,42725,118524,212219,486158,2987019
"NZ",2074,31553,43069,119221,212176,480907,2933575
"NZ",2075,31847,43414,119916,212110,475521,2878970
"NZ",2076,32142,43760,120611,212022,470004,2823219
"NZ",2077,32440,44109,121309,211919,464370,2766411
"NZ",2078,32739,44459,122005,211793,458598,2708416
"NZ",2079,33039,44809,122697,211638,452680,2649185
"NZ",2080,33341,45160,123388,211461,446626,2588775
"NZ",2081,33412,45170,123010,208754,432326,2467613
"NZ",2082,33483,45178,122629,206044,418016,2346392
"NZ",2083,33552,45185,122242,203322,403684,2225049
"NZ",2084,33620,45190,121851,200596,389343,2103657
"NZ",2085,33688,45195,121461,197869,375002,1982272
"NZ",2086,33755,45200,121070,195142,360661,1860891
"NZ",2087,33823,45205,120677,192412,346317,1739501
"NZ",2088,33890,45210,120286,189686,331981,1618160
"NZ",2089,33957,45213,119891,186952,317634,1496771
"NZ",2090,34023,45215,119493,184216,303283,1375377
"NZ",2091,34088,45218,119095,181480,288936,1254014
"NZ",2092,34153,45219,118694,178740,274585,1132652
"NZ",2093,34216,45218,118288,175992,260226,1011272
"NZ",2094,34278,45215,117877,173239,245863,889908
"NZ",2095,34339,45211,117464,170484,231501,768583
"NZ",2096,34398,45205,117043,167718,217132,647276
"NZ",2097,34455,45196,116618,164947,202764,526023
"NZ",2098,34510,45185,116186,162169,188395,404836
"NZ",2099,34563,45170,115747,159382,174027,283732
"NZ",2100,34614,45154,115303,156592,159666,162740
"OH",2020,524,2014,48572,201773,973294,4495592
"OH",2021,488,1888,48481,201740,1131564,5070861
"OH",2022,498,1915,50074,212328,1164012,5352759
"OH",2023,515,1986,50341,203301,1090358,4848872
"OH",2024,542,2095,47869,192241,881163,3964627
"OH",2025,545,2105,48091,193131,885243,3982984
"OH",2026,656,2239,48078,192051,878425,3950444
"OH",2027,772,2375,47990,190622,869917,3910217
"OH",2028,892,2515,47823,188833,859674,3862098
"OH",2029,1015,2655,47545,186551,847095,3803390
"OH",2030,1141,2795,47155,183786,832235,3734352
"OH",2031,1253,2896,46039,178157,804351,3606821
"OH",2032,1365,2995,44882,172364,775709,3475872
"OH",2033,1476,3094,43690,166429,746411,3341969
"OH",2034,1587,3190,42465,160361,716507,3205336
"OH",2035,1696,3283,41185,154081,685648,3064430
"OH",2036,1820,3403,40219,148962,659929,2946465
"OH",2037,1952,3536,39351,144174,635609,2834682
"OH",2038,2088,3674,38493,139385,611209,2722461
"OH",2039,2228,3816,37614,134475,586194,2607410
"OH",2040,2372,3962,36714,129444,560552,2489471
"OH",2041,2519,4112,35791,124285,534258,2368526
"OH",2042,2671,4266,34846,118993,507279,2244431
"OH",2043,2827,4425,33877,113565,479599,2117100
"OH",2044,2988,4589,32883,107991,451168,1986316
"OH",2045,3153,4757,31863,102266,421963,1851961
"OH",2046,3324,4931,30815,96381,391935,1713812
"OH",2047,3499,5110,29737,90327,361037,1571660
"OH",2048,3680,5294,28629,84095,329230,1425319
"OH",2049,3867,5485,27489,77678,296468,1274579
"OH",2050,4060,5682,26315,71064,262695,1119185
"OH",2051,4313,6028,27683,74372,273879,1165542
"OH",2052,4580,6392,29110,77795,285366,1213043
"OH",2053,4862,6776,30599,81337,297161,1261692
"OH",2054,5160,7182,32153,85003,309272,1311516
"OH",2055,5474,7609,33775,88796,321702,1362507
"OH",2056,5805,8059,35469,92721,334457,1414681
"OH",2057,6156,8535,37237,96784,347545,1468055
"OH",2058,6526,9036,39085,100991,360972,1522636
"OH",2059,6918,9566,41016,105345,374738,1578414
"OH",2060,7331,10124,43033,109850,388844,1635362
"OH",2061,7768,10714,45140,114512,403289,1693465
"OH",2062,8230,11336,47341,119333,418070,1752682
"OH",2063,8718,11993,49641,124319,433187,1812993
"OH",2064,9233,12686,52044,129477,448641,1874375
"OH",2065,9779,13419,54557,134810,464429,1936789
"OH",2066,10355,14192,57182,140325,480543,2000169
"OH",2067,10965,15008,59926,146022,496968,2064424
"OH",2068,11609,15870,62793,151907,513696,2129486
"OH",2069,12289,16780,65787,157982,530703,2195217
"OH",2070,13009,17741,68916,164253,547984,2261556
"OH",2071,13770,18755,72185,170722,565513,2328355
"OH",2072,14574,19827,75601,177398,583283,2395536
"OH",2073,15424,20957,79168,184275,601247,2462858
"OH",2074,16322,22151,82893,191361,619384,2530186
"OH",2075,17271,23412,86785,198659,637667,2597344
"OH",2076,18275,24742,90849,206172,656059,2664122
"OH",2077,19335,26147,95092,213898,674511,2730255
"OH",2078,20456,27630,99523,221843,692986,2795519
"OH",2079,21640,29196,104149,230003,711425,2859596
"OH",2080,22892,30849,108978,238384,729779,2922208
"OH",2081,23364,31429,109407,235813,710176,2826222
"OH",2082,23846,32023,109831,233119,689820,2726662
"OH",2083,24341,32631,110251,230300,668694,2623442
"OH",2084,24847,33253,110665,227349,646763,2516402
"OH",2085,25365,33889,111071,224257,623992,2405383
"OH",2086,25895,34539,111469,221020,600351,2290252
"OH",2087,26437,35204,111856,217630,575804,2170842
"OH",2088,26991,35882,112232,214079,550320,2047009
"OH",2089,27557,36574,112593,210362,523864,1918600
"OH",2090,28135,37282,112942,206474,496414,1785507
"OH",2091,28727,38004,113277,202410,467935,1647567
"OH",2092,29330,38740,113592,198155,438380,1504582
"OH",2093,29947,39491,113888,193707,407728,1356444
"OH",2094,30575,40256,114164,189059,375940,1202987
"OH",2095,31217,41036,114418,184205,342991,1044089
"OH",2096,31871,41831,114649,179137,308847,879591
"OH",2097,32537,42640,114854,173848,273471,709341
"OH",2098,33217,43464,115032,168332,236836,533211
"OH",2099,33909,44301,115182,162581,198910,351053
"OH",2100,34614,45154,115303,156592,159666,162740
"AR",2020,1746,9490,100036,320029,752756,2102654
"AR",2021,1936,11407,101615,432320,642649,1767208
"AR",2022,1987,11487,132095,337848,392178,1076313
"AR",2023,1988,10818,116326,668003,962303,2314739
"AR",2024,1981,10491,114858,660177,950945,2275492
"AR",2025,1974,10454,114454,657854,947599,2267486
"AR",2026,2362,10911,115079,655591,943578,2255326
"AR",2027,2772,11397,115767,653371,939576,2243074
"AR",2028,3200,11890,116306,649967,933827,2226501
"AR",2029,3646,12392,116698,645403,926365,2205691
"AR",2030,4111,12903,116948,639709,917234,2180751
"AR",2031,4581,13389,116757,631258,904104,2146147
"AR",2032,5068,13882,116445,621832,889533,2107974
"AR",2033,5571,14386,116025,611495,873611,2066442
"AR",2034,6091,14900,115497,600251,856346,2021569
"AR",2035,6629,15425,114874,588155,837813,1973534
"AR",2036,7118,15812,113080,569782,810299,1904204
"AR",2037,7617,16208,111243,550993,782163,1833312
"AR",2038,8129,16617,109401,531965,753656,1761440
"AR",2039,8654,17037,107527,512555,724571,1688100
"AR",2040,9191,17468,105619,492738,694874,1613202
"AR",2041,9743,17911,103676,472498,664538,1536683
"AR",2042,10308,18366,101695,451811,633530,1458453
"AR",2043,10888,18835,99675,430660,601819,1378439
"AR",2044,11484,19316,97613,409014,569365,1296534
"AR",2045,12096,19812,95509,386855,536136,1212663
"AR",2046,12725,20323,93355,364142,502074,1126679
"AR",2047,13372,20848,91153,340856,467149,1038503
"AR",2048,14038,21389,88895,316958,431302,947993
"AR",2049,14722,21947,86582,292420,394494,855045
"AR",2050,15427,22521,84206,267203,356665,759513
"AR",2051,15681,22843,84928,267601,356750,758092
"AR",2052,15942,23175,85671,268016,356846,756651
"AR",2053,16210,23515,86433,268440,356942,755166
"AR",2054,16485,23864,87214,268869,357031,753621
"AR",2055,16767,24221,88011,269294,357102,751990
"AR",2056,17055,24586,88823,269708,357144,750248
"AR",2057,17349,24959,89647,270102,357147,748372
"AR",2058,17650,25339,90484,270478,357110,746362
"AR",2059,17957,25726,91334,270829,357027,744199
"AR",2060,18269,26121,92194,271152,356889,741866
"AR",2061,18589,26523,93066,271444,356696,739359
"AR",2062,18914,26933,93947,271699,356438,736658
"AR",2063,19245,27350,94838,271918,356114,733759
"AR",2064,19583,27773,95737,272093,355716,730642
"AR",2065,19926,28204,96645,272223,355241,727303
"AR",2066,20276,28642,97561,272309,354690,723738
"AR",2067,20632,29088,98485,272343,354053,719927
"AR",2068,20994,29540,99416,272323,353325,715860
"AR",2069,21363,30000,100355,272253,352512,711546
"AR",2070,21737,30466,101299,272120,351597,706947
"AR",2071,22118,30940,102250,271930,350587,702079
"AR",2072,22506,31421,103208,271679,349475,696924
"AR",2073,22900,31910,104171,271362,348257,691471
"AR",2074,23300,32406,105141,270980,346931,685718
"AR",2075,23708,32909,106116,270529,345494,679654
"AR",2076,24121,33420,107096,270005,343937,673262
"AR",2077,24542,33938,108082,269410,342265,666547
"AR",2078,24969,34464,109073,268739,340470,659495
"AR",2079,25404,34997,110068,267991,338550,652096
"AR",2080,25845,35539,111068,267162,336499,644340
"AR",2081,26229,35966,111341,262848,329519,625087
"AR",2082,26618,36399,111609,258420,322364,605380
"AR",2083,27013,36837,111871,253874,315028,585203
"AR",2084,27413,37280,112128,249211,307512,564558
"AR",2085,27818,37729,112378,244424,299806,543422
"AR",2086,28230,38183,112623,239516,291914,521801
"AR",2087,28646,38642,112859,234478,283824,499671
"AR",2088,29069,39107,113090,229315,275542,477040
"AR",2089,29496,39577,113313,224018,267056,453886
"AR",2090,29930,40053,113529,218590,258370,430210
"AR",2091,30369,40535,113737,213027,249476,405999
"AR",2092,30815,41022,113939,207329,240375,381251
"AR",2093,31267,41516,114134,201494,231065,355956
"AR",2094,31725,42016,114322,195517,221537,330101
"AR",2095,32189,42522,114501,189397,211790,303677
"AR",2096,32660,43035,114676,183135,201824,276683
"AR",2097,33138,43554,114843,176725,191632,249101
"AR",2098,33623,44080,115003,170167,181211,220924
"AR",2099,34115,44614,115156,163457,170557,192140
"AR",2100,34614,45154,115303,156592,159666,162740
"BR",2020,1684,5515,110220,339610,917856,2567501
"BR",2021,1215,5474,118467,381860,1013095,3072278
"BR",2022,1264,5528,128643,471442,673932,2009571
"BR",2023,1315,5637,131712,456466,766661,2178293
"BR",2024,1388,5727,135906,471410,791784,2239969
"BR",2025,1391,5740,136221,472504,793622,2245169
"BR",2026,1657,6029,135165,466831,783239,2213408
"BR",2027,1933,6331,134141,461191,772880,2181624
"BR",2028,2217,6637,132929,454828,761276,2146233
"BR",2029,2508,6946,131507,447670,748308,2106903
"BR",2030,2807,7258,129905,439820,734149,2064124
"BR",2031,3104,7552,127755,430046,716748,2012145
"BR",2032,3406,7849,125501,419857,698629,1958070
"BR",2033,3715,8152,123156,409299,679865,1902108
"BR",2034,4031,8460,120723,398380,660473,1844304
"BR",2035,4353,8773,118199,387093,640439,1784621
"BR",2036,4715,9155,116401,378087,624138,1735217
"BR",2037,5095,9560,114619,369009,607660,1685162
"BR",2038,5488,9977,112714,359401,590247,1632336
"BR",2039,5896,10408,110703,349308,571971,1576934
"BR",2040,6319,10854,108581,338714,552804,1518868
"BR",2041,6757,11316,106344,327596,532703,1458014
"BR",2042,7213,11794,103988,315933,511632,1394261
"BR",2043,7685,12290,101506,303699,489545,1327473
"BR",2044,8176,12803,98893,290868,466395,1257509
"BR",2045,8686,13336,96141,277412,442131,1184219
"BR",2046,9215,13887,93246,263299,416701,1107445
"BR",2047,9765,14459,90198,248500,390048,1027024
"BR",2048,10336,15052,86991,232978,362110,942767
"BR",2049,10930,15666,83615,216698,332824,854489
"BR",2050,11547,16304,80063,199623,302126,762000
"BR",2051,11837,16688,81226,201628,304633,766685
"BR",2052,12135,17082,82401,203628,307108,771216
"BR",2053,12440,17485,83589,205615,309541,775569
"BR",2054,12752,17898,84789,207593,311936,779750
"BR",2055,13072,18319,86001,209557,314284,783733
"BR",2056,13400,18751,87223,211505,316581,787508
"BR",2057,13735,19191,88455,213431,318819,791053
"BR",2058,14078,19642,89698,215337,321000,794366
"BR",2059,14429,20102,90951,217220,323116,797430
"BR",2060,14789,20573,92213,219076,325163,800227
"BR",2061,15156,21054,93484,220904,327138,802750
"BR",2062,15532,21545,94763,222701,329034,804979
"BR",2063,15916,22047,96050,224463,330847,806899
"BR",2064,16310,22559,97346,226193,332578,808513
"BR",2065,16712,23083,98650,227885,334218,809793
"BR",2066,17123,23617,99961,229537,335763,810724
"BR",2067,17543,24163,101278,231145,337205,811289
"BR",2068,17973,24721,102604,232711,338550,811492
"BR",2069,18413,25291,103936,234231,339785,811306
"BR",2070,18863,25873,105275,235704,340911,810723
"BR",2071,19322,26466,106620,237122,341916,809712
"BR",2072,19793,27074,107972,238492,342805,808285
"BR",2073,20273,27693,109330,239803,343565,806401
"BR",2074,20765,28326,110694,241058,344196,804058
"BR",2075,21267,28973,112063,242251,344690,801231
"BR",2076,21781,29633,113438,243381,345044,797912
"BR",2077,22307,30308,114817,244444,345247,794070
"BR",2078,22844,30996,116201,245438,345301,789701
"BR",2079,23393,31700,117589,246359,345193,784773
"BR",2080,23955,32418,118982,247206,344924,779279
"BR",2081,24410,32970,119075,244219,338501,757180
"BR",2082,24873,33530,119142,241088,331814,734266
"BR",2083,25344,34099,119186,237815,324862,710532
"BR",2084,25823,34676,119203,234392,317633,685948
"BR",2085,26310,35262,119194,230818,310127,660506
"BR",2086,26804,35857,119157,227087,302331,634175
"BR",2087,27307,36461,119091,223198,294243,606947
"BR",2088,27817,37073,118997,219146,285857,578801
"BR",2089,28336,37695,118872,214928,277165,549717
"BR",2090,28863,38325,118715,210539,268160,519676
"BR",2091,29398,38964,118527,205979,258840,488665
"BR",2092,29942,39614,118309,201244,249199,456669
"BR",2093,30495,40272,118056,196328,239226,423659
"BR",2094,31056,40940,117770,191229,228918,389622
"BR",2095,31626,41617,117449,185943,218268,354538
"BR",2096,32205,42304,117093,180467,207269,318388
"BR",2097,32793,43002,116701,174799,195917,281154
"BR",2098,33391,43709,116272,168931,184203,242814
"BR",2099,33998,44426,115806,162863,172121,203349
"BR",2100,34614,45154,115303,156592,159666,162740
"CL",2020,2449,8341,133563,652654,1297663,5640613
"CL",2021,3698,9555,149470,590588,1525617,5236179
"CL",2022,2562,8922,169106,402629,1807884,5895652
"CL",2023,2520,8977,172287,410302,1842495,5992579
"CL",2024,2641,8864,173069,412536,1852511,6035958
"CL",2025,2678,8988,175493,418314,1878456,6120493
"CL",2026,3042,9332,172711,410217,1835359,5975644
"CL",2027,3406,9662,169546,401188,1787995,5816835
"CL",2028,3769,9982,166086,391446,1737371,5647365
"CL",2029,4130,10291,162386,381124,1684113,5469293
"CL",2030,4489,10591,158484,370316,1628659,5284059
"CL",2031,4819,10822,153569,357146,1562830,5065171
"CL",2032,5143,11048,148634,343942,1496920,4846064
"CL",2033,5463,11267,143692,330738,1431080,4627240
"CL",2034,5779,11481,138759,317574,1365502,4409316
"CL",2035,6091,11692,133854,304490,1300356,4192848
"CL",2036,6525,12134,131538,297279,1260201,4056898
"CL",2037,6971,12587,129123,289785,1218565,3915988
"CL",2038,7428,13051,126612,282015,1175471,3770181
"CL",2039,7899,13528,124022,274005,1131060,3619924
"CL",2040,8384,14019,121350,265745,1085276,3465032
"CL",2041,8883,14524,118594,257227,1038072,3305339
"CL",2042,9397,15045,115751,248443,989401,3140687
"CL",2043,9928,15582,112820,239386,939211,2970898
"CL",2044,10475,16135,109790,230029,887384,2795577
"CL",2045,11039,16706,106658,220363,833858,2614520
"CL",2046,11621,17294,103423,210379,778574,2427518
"CL",2047,12222,17902,100077,200056,721430,2234231
"CL",2048,12843,18529,96615,189378,662338,2034368
"CL",2049,13484,19177,93027,178323,601187,1827551
"CL",2050,14146,19846,89313,166882,537910,1613552
"CL",2051,14426,20211,90231,168111,539028,1614301
"CL",2052,14713,20584,91163,169352,540090,1614793
"CL",2053,15007,20966,92110,170602,541084,1614993
"CL",2054,15307,21357,93067,171857,541991,1614838
"CL",2055,15614,21755,94035,173112,542796,1614284
"CL",2056,15928,22162,95014,174370,543503,1613335
"CL",2057,16248,22577,95999,175622,544080,1611900
"CL",2058,16575,23000,96994,176872,544542,1610015
"CL",2059,16908,23431,97996,178116,544866,1607609
"CL",2060,17247,23870,99002,179347,545033,1604628
"CL",2061,17593,24317,100014,180568,545048,1601078
"CL",2062,17946,24771,101028,181775,544892,1596905
"CL",2063,18304,25233,102045,182963,544553,1592068
"CL",2064,18669,25702,103061,184130,544020,1586535
"CL",2065,19040,26179,104082,185283,543310,1580349
"CL",2066,19418,26664,105103,186412,542393,1573422
"CL",2067,19802,27157,106127,187525,541285,1565795
"CL",2068,20194,27659,107153,188618,539974,1557434
"CL",2069,20593,28169,108182,189691,538458,1548328
"CL",2070,20998,28688,109211,190741,536721,1538424
"CL",2071,21411,29215,110241,191767,534760,1527715
"CL",2072,21831,29750,111271,192767,532566,1516169
"CL",2073,22258,30295,112302,193744,530140,1503785
"CL",2074,22693,30848,113331,194690,527461,1490499
"CL",2075,23134,31409,114358,195604,524522,1476288
"CL",2076,23583,31979,115382,196486,521315,1461127
"CL",2077,24039,32558,116404,197336,517843,1445018
"CL",2078,24503,33146,117423,198153,514095,1427928
"CL",2079,24975,33743,118440,198936,510065,1409837
"CL",2080,25454,34348,119454,199682,505744,1390711
"CL",2081,25860,34833,119453,198220,492464,1343025
"CL",2082,26271,35324,119434,196693,478798,1294019
"CL",2083,26688,35821,119396,195100,464740,1243672
"CL",2084,27110,36322,119335,193435,450274,1191941
"CL",2085,27536,36829,119251,191696,435392,1138801
"CL",2086,27967,37340,119145,189884,420095,1084249
"CL",2087,28404,37858,119017,188001,404383,1028280
"CL",2088,28845,38380,118864,186039,388234,970837
"CL",2089,29292,38908,118690,184006,371665,911958
"CL",2090,29745,39442,118493,181897,354661,851598
"CL",2091,30203,39983,118276,179717,337227,789768
"CL",2092,30668,40530,118037,177461,319350,726423
"CL",2093,31139,41085,117778,175133,301032,661567
"CL",2094,31616,41645,117493,172723,282251,595140
"CL",2095,32100,42212,117187,170237,263013,527146
"CL",2096,32589,42787,116858,167672,243307,457556
"CL",2097,33086,43368,116506,165027,223129,386347
"CL",2098,33589,43956,116130,162299,202467,313490
"CL",2099,34098,44552,115729,159488,181315,238963
"CL",2100,34614,45154,115303,156592,159666,162740
"CO",2020,1155,5066,81761,189942,460527,1425433
"CO",2021,1105,5482,87735,208486,367536,1159197
"CO",2022,1022,5263,98815,297359,908613,2044099
"CO",2023,1141,5707,93094,197141,579932,2030375
"CO",2024,1137,5750,93329,197563,581202,2042816
"CO",2025,1154,5833,94687,200438,589661,2072548
"CO",2026,1426,6144,94664,199673,584942,2052695
"CO",2027,1714,6482,94838,199288,581220,2036185
"CO",2028,2013,6827,94879,198586,576442,2015799
"CO",2029,2325,7180,94784,197561,570595,1991497
"CO",2030,2648,7540,94579,196269,563841,1963852
"CO",2031,2981,7903,94187,194549,555722,1931265
"CO",2032,3326,8276,93721,192639,546920,1896114
"CO",2033,3685,8662,93191,190555,537482,1858562
"CO",2034,4057,9060,92598,188301,527409,1818604
"CO",2035,4444,9472,91938,185863,516661,1776091
"CO",2036,4825,9856,90833,182485,503145,1723847
"CO",2037,5221,10258,89724,179057,489343,1670416
"CO",2038,5631,10672,88558,175472,474954,1614754
"CO",2039,6055,11099,87337,171732,459974,1556839
"CO",2040,6494,11541,86060,167832,444385,1496597
"CO",2041,6948,11997,84723,163763,428153,1433905
"CO",2042,7417,12469,83325,159519,411254,1368665
"CO",2043,7904,12957,81861,155093,393658,1300766
"CO",2044,8409,13462,80331,150475,375333,1230080
"CO",2045,8931,13984,78728,145655,356240,1156468
"CO",2046,9473,14525,77050,140622,336340,1079781
"CO",2047,10034,15084,75293,135367,315596,999873
"CO",2048,10616,15664,73452,129876,293962,916579
"CO",2049,11220,16264,71521,124136,271392,829724
"CO",2050,11846,16885,69497,118136,247842,739142
"CO",2051,12126,17254,70519,119598,249719,742534
"CO",2052,12413,17633,71563,121084,251600,745850
"CO",2053,12709,18022,72627,122592,253478,749062
"CO",2054,13012,18421,73711,124122,255350,752164
"CO",2055,13323,18830,74813,125671,257209,755124
"CO",2056,13642,19249,75934,127239,259054,757942
"CO",2057,13969,19678,77072,128823,260874,760583
"CO",2058,14305,20118,78229,130425,262672,763046
"CO",2059,14648,20567,79401,132039,264437,765300
"CO",2060,15000,21027,80590,133667,266169,767339
"CO",2061,15361,21497,81795,135308,267862,769143
"CO",2062,15729,21978,83016,136959,269513,770698
"CO",2063,16107,22469,84251,138620,271115,771985
"CO",2064,16493,22971,85501,140289,272667,772990
"CO",2065,16887,23483,86766,141967,274163,773698
"CO",2066,17291,24007,88045,143652,275602,774096
"CO",2067,17704,24541,89337,145341,276975,774161
"CO",2068,18125,25087,90643,147036,278282,773883
"CO",2069,18557,25644,91962,148736,279520,773253
"CO",2070,18997,26212,93295,150439,280682,772248
"CO",2071,19448,26792,94640,152144,281766,770850
"CO",2072,19908,27384,96000,153853,282771,769061
"CO",2073,20378,27988,97371,155561,283688,766845
"CO",2074,20858,28604,98756,157271,284519,764203
"CO",2075,21349,29233,100152,158980,285254,761106
"CO",2076,21850,29874,101562,160689,285894,757548
"CO",2077,22362,30529,102984,162396,286433,753507
"CO",2078,22885,31196,104418,164101,286868,748971
"CO",2079,23419,31877,105865,165804,287195,743923
"CO",2080,23965,32572,107326,167504,287412,738351
"CO",2081,24418,33115,107828,167390,283025,717572
"CO",2082,24879,33667,108323,167240,278459,696063
"CO",2083,25348,34227,108809,167049,273703,673794
"CO",2084,25824,34796,109286,166817,268754,650748
"CO",2085,26309,35374,109753,166544,263608,626913
"CO",2086,26802,35960,110209,166226,258258,602268
"CO",2087,27302,36555,110654,165864,252702,576796
"CO",2088,27811,37158,111086,165452,246931,550473
"CO",2089,28328,37771,111507,164996,240947,523298
"CO",2090,28853,38392,111917,164491,234743,495247
"CO",2091,29388,39024,112315,163939,228318,466309
"CO",2092,29931,39664,112700,163335,221663,436458
"CO",2093,30483,40314,113072,162680,214775,405680
"CO",2094,31045,40975,113432,161976,207653,373964
"CO",2095,31615,41645,113778,161216,200286,341277
"CO",2096,32195,42326,114111,160404,192675,307613
"CO",2097,32785,43017,114431,159537,184813,272948
"CO",2098,33385,43718,114737,158614,176695,237261
"CO",2099,33994,44431,115027,157632,168313,200530
"CO",2100,34614,45154,115303,156592,159666,162740
"MX",2020,732,4435,128276,454207,1319690,2404672
"MX",2021,754,4915,133997,438342,1133943,2678386
"MX",2022,790,5374,136453,406396,926385,2993120
"MX",2023,786,5434,138880,413710,943125,2968463
"MX",2024,799,5494,140707,419208,955659,3006294
"MX",2025,803,5521,141419,421329,960493,3021499
"MX",2026,1105,5881,141359,419484,954530,2999720
"MX",2027,1423,6260,141308,417584,948351,2977103
"MX",2028,1754,6646,140994,414814,940102,2947823
"MX",2029,2098,7040,140420,411189,929818,2911994
"MX",2030,2456,7442,139617,406806,917723,2870326
"MX",2031,2816,7825,138115,400300,900747,2813234
"MX",2032,3188,8217,136465,393284,882540,2752149
"MX",2033,3571,8618,134684,385814,863223,2687448
"MX",2034,3967,9030,132784,377915,842856,2619318
"MX",2035,4375,9454,130767,369598,821458,2547808
"MX",2036,4788,9873,128434,360298,797779,2469055
"MX",2037,5220,10316,126141,351022,774049,2389961
"MX",2038,5666,10773,123755,341384,749408,2307850
"MX",2039,6127,11246,121286,331410,723908,2222878
"MX",2040,6605,11736,118727,321075,697486,2134837
"MX",2041,7101,12243,116077,310369,670113,2043623
"MX",2042,7614,12769,113326,299259,641711,1948985
"MX",2043,8147,13315,110469,287724,612224,1850736
"MX",2044,8700,13881,107497,275735,581581,1748643
"MX",2045,9274,14468,104402,263258,549701,1642442
"MX",2046,9870,15077,101173,250260,516503,1531869
"MX",2047,10488,15708,97801,236703,481897,1416635
"MX",2048,11129,16363,94277,222564,445819,1296525
"MX",2049,11795,17041,90589,207795,408160,1171195
"MX",2050,12486,17743,86726,192366,368848,1040401
"MX",2051,12766,18111,87736,193862,370663,1043367
"MX",2052,13054,18488,88759,195361,372444,1046153
"MX",2053,13348,18874,89796,196860,374184,1048741
"MX",2054,13649,19269,90843,198353,375870,1051091
"MX",2055,13958,19672,91899,199837,377496,1053185
"MX",2056,14273,20084,92967,201314,379065,1055023
"MX",2057,14596,20505,94044,202778,380562,1056567
"MX",2058,14926,20935,95128,204227,381984,1057802
"MX",2059,15264,21375,96221,205660,383328,1058718
"MX",2060,15608,21823,97320,207072,384579,1059271
"MX",2061,15961,22280,98428,208466,385746,1059483
"MX",2062,16321,22747,99541,209835,386814,1059307
"MX",2063,16688,23223,100660,211182,387784,1058745
"MX",2064,17064,23709,101785,212501,388646,1057766
"MX",2065,17448,24205,102916,213794,389401,1056368
"MX",2066,17839,24710,104052,215056,390040,1054524
"MX",2067,18240,25226,105193,216289,390562,1052229
"MX",2068,18649,25753,106341,217492,390965,1049473
"MX",2069,19066,26290,107492,218660,391239,1046222
"MX",2070,19493,26839,108650,219794,391383,1042476
"MX",2071,19929,27398,109812,220893,391393,1038213
"MX",2072,20375,27969,110979,221954,391263,1033415
"MX",2073,20830,28551,112150,222975,390984,1028058
"MX",2074,21295,29146,113325,223955,390556,1022132
"MX",2075,21769,29752,114504,224892,389972,1015613
"MX",2076,22255,30371,115689,225786,389230,1008494
"MX",2077,22750,31003,116877,226634,388322,1000747
"MX",2078,23257,31648,118068,227433,387240,992347
"MX",2079,23775,32306,119265,228186,385986,983292
"MX",2080,24304,32978,120464,228884,384544,973537
"MX",2081,24739,33498,120421,226357,376251,943089
"MX",2082,25183,34027,120361,223734,367692,911728
"MX",2083,25634,34565,120283,221012,358862,879432
"MX",2084,26094,35112,120183,218185,349745,846156
"MX",2085,26561,35667,120063,215251,340339,811888
"MX",2086,27036,36231,119921,212209,330637,776607
"MX",2087,27519,36805,119756,209053,320629,740284
"MX",2088,28011,37387,119570,205785,310315,702908
"MX",2089,28512,37980,119361,202399,299682,664446
"MX",2090,29020,38581,119126,198892,288723,624871
"MX",2091,29538,39192,118866,195262,277433,584166
"MX",2092,30064,39813,118581,191506,265804,542305
"MX",2093,30600,40444,118270,187623,253829,499263
"MX",2094,31144,41085,117931,183606,241499,455014
"MX",2095,31698,41736,117566,179457,228809,409535
"MX",2096,32261,42398,117172,175170,215749,362798
"MX",2097,32834,43070,116749,170742,202313,314777
"MX",2098,33417,43754,116297,166173,188493,265447
"MX",2099,34011,44448,115816,161458,174282,214779
"MX",2100,34614,45154,115303,156592,159666,162740
"OD",2020,455,3329,72581,313446,911940,11303081
"OD",2021,516,3717,74282,296667,903744,14408988
"OD",2022,535,4014,79755,259784,1017453,15075370
"OD",2023,532,4101,83656,282073,941760,15169751
"OD",2024,544,4148,86478,290826,972437,15026801
"OD",2025,552,4212,87814,295315,987450,15258796
"OD",2026,768,4442,87272,292001,974016,15036315
"OD",2027,993,4686,86823,288939,961332,14824829
"OD",2028,1225,4934,86236,285355,946818,14584523
"OD",2029,1464,5183,85506,281242,930450,14315052
"OD",2030,1709,5436,84667,276707,912596,14022097
"OD",2031,1959,5686,83625,271455,892280,13690732
"OD",2032,2216,5942,82530,265973,871118,13345792
"OD",2033,2480,6204,81388,260283,849178,12988298
"OD",2034,2752,6474,80200,254383,826453,12618148
"OD",2035,3031,6750,78956,248240,802828,12233543
"OD",2036,3333,7064,77996,242914,781717,11886408
"OD",2037,3653,7404,77148,237837,761240,11547811
"OD",2038,3986,7756,76221,232410,739455,11188149
"OD",2039,4333,8122,75243,226714,716617,10811219
"OD",2040,4695,8503,74212,220730,692651,10415813
"OD",2041,5073,8901,73122,214439,667481,10000691
"OD",2042,5468,9316,71968,207818,641025,9564545
"OD",2043,5880,9748,70747,200845,613199,9105987
"OD",2044,6311,10199,69452,193494,583905,8623452
"OD",2045,6762,10670,68078,185741,553050,8115436
"OD",2046,7233,11162,66618,177557,520526,7580195
"OD",2047,7725,11675,65066,168912,486225,7016001
"OD",2048,8241,12210,63416,159776,450033,6420992
"OD",2049,8779,12769,61659,150115,411826,5793183
"OD",2050,9343,13352,59788,139897,371479,5130582
"OD",2051,9615,13716,60927,141922,375409,5173314
"OD",2052,9896,14092,62092,143976,379341,5215495
"OD",2053,10185,14479,63283,146058,383272,5257047
"OD",2054,10484,14878,64501,148167,387194,5297829
"OD",2055,10793,15289,65746,150301,391099,5337726
"OD",2056,11111,15713,67017,152459,394980,5376595
"OD",2057,11440,16150,68315,154638,398829,5414288
"OD",2058,11778,16599,69639,156838,402638,5450691
"OD",2059,12128,17063,70990,159058,406402,5485678
"OD",2060,12488,17540,72368,161295,410110,5519088
"OD",2061,12859,18031,73774,163550,413758,5550824
"OD",2062,13241,18536,75206,165820,417335,5580693
"OD",2063,13636,19057,76667,168104,420835,5608584
"OD",2064,14042,19592,78155,170400,424249,5634335
"OD",2065,14461,20143,79671,172706,427566,5657753
"OD",2066,14892,20711,81215,175021,430777,5678699
"OD",2067,15337,21294,82787,177344,433874,5697004
"OD",2068,15795,21895,84388,179671,436848,5712497
"OD",2069,16267,22513,86018,182005,439692,5725047
"OD",2070,16753,23148,87677,184339,442390,5734395
"OD",2071,17254,23802,89365,186675,444936,5740409
"OD",2072,17769,24475,91084,189009,447317,5742868
"OD",2073,18301,25167,92832,191340,449524,5741578
"OD",2074,18848,25880,94611,193665,451542,5736310
"OD",2075,19412,26612,96420,195983,453361,5726866
"OD",2076,19992,27365,98260,198289,454966,5712979
"OD",2077,20590,28140,100131,200584,456344,5694433
"OD",2078,21205,28937,102033,202862,457481,5670956
"OD",2079,21839,29757,103965,205121,458361,5642294
"OD",2080,22492,30599,105930,207361,458973,5608217
"OD",2081,22980,31193,106493,205950,449051,5421941
"OD",2082,23479,31799,107051,204445,438695,5228201
"OD",2083,23990,32419,107604,202843,427893,5026783
"OD",2084,24512,33052,108150,201140,416627,4817412
"OD",2085,25046,33698,108688,199331,404880,4599815
"OD",2086,25592,34357,109217,197411,392635,4373712
"OD",2087,26149,35031,109737,195376,379877,4138865
"OD",2088,26719,35718,110247,193224,366593,3895026
"OD",2089,27302,36420,110746,190949,352763,3641900
"OD",2090,27898,37136,111233,188547,338370,3379213
"OD",2091,28506,37866,111709,186016,323401,3106718
"OD",2092,29128,38612,112171,183349,307836,2824100
"OD",2093,29763,39373,112619,180541,291656,2531066
"OD",2094,30413,40150,113053,177590,274846,2227334
"OD",2095,31076,40943,113472,174490,257385,1912594
"OD",2096,31754,41751,113874,171237,239256,1586533
"OD",2097,32446,42577,114259,167825,220439,1248846
"OD",2098,33153,43419,114626,164250,200915,899205
"OD",2099,33876,44278,114974,160508,180664,537282
"OD",2100,34614,45154,115303,156592,159666,162740
"AE",2020,7664,28493,366838,1018857,3040767,16947687
"AE",2021,7786,28924,372781,1035414,3090145,17222810
"AE",2022,7914,29821,386535,1074023,3205749,17867994
"AE",2023,8196,30970,401916,1116818,3333551,18580477
"AE",2024,7794,29379,380371,1056724,3154027,17579510
"AE",2025,7738,29169,377651,1049168,3131475,17453813
"AE",2026,8553,29579,368326,1018153,3029305,16861671
"AE",2027,9366,29993,359103,987447,2928100,16275003
"AE",2028,10174,30402,349890,956788,2827077,15689450
"AE",2029,10979,30809,340713,926252,2726466,15106294
"AE",2030,11779,31211,331541,895757,2626020,14524168
"AE",2031,12386,31136,317573,852414,2488127,13735446
"AE",2032,12968,31053,303965,810239,2354031,12968632
"AE",2033,13526,30962,290723,769242,2223759,12223849
"AE",2034,14059,30863,277839,729401,2097231,11500636
"AE",2035,14572,30762,265344,690786,1974643,10800039
"AE",2036,15295,31128,257105,663367,1884296,10276363
"AE",2037,15987,31437,248464,634950,1791190,9737834
"AE",2038,16692,31780,240165,607451,1700759,9214055
"AE",2039,17401,32134,232000,580322,1611433,8696439
"AE",2040,18112,32497,223957,553526,1523091,8184288
"AE",2041,18828,32872,216024,527030,1435627,7676990
"AE",2042,19549,33257,208191,500796,1348922,7173866
"AE",2043,20274,33653,200449,474797,1262884,6674374
"AE",2044,21006,34060,192785,448995,1177393,6177844
"AE",2045,21744,34477,185189,423357,1092348,5683689
"AE",2046,22488,34904,177650,397850,1007645,5191325
"AE",2047,23238,35342,170158,372446,923195,4700244
"AE",2048,23995,35789,162702,347114,838903,4209905
"AE",2049,24758,36243,155265,321808,754642,3719634
"AE",2050,25525,36702,147837,296504,670344,3229057
"AE",2051,25681,36859,147497,294734,663510,3187298
"AE",2052,25836,37014,147145,292933,656588,3145064
"AE",2053,25990,37167,146781,291103,649584,3102381
"AE",2054,26144,37321,146411,289252,642518,3059350
"AE",2055,26298,37473,146034,287382,635390,3015972
"AE",2056,26453,37626,145650,285493,628202,2972251
"AE",2057,26608,37779,145263,283589,620967,2928251
"AE",2058,26763,37933,144871,281671,613682,2883958
"AE",2059,26920,38088,144480,279746,606364,2839454
"AE",2060,27078,38244,144088,277814,599012,2794730
"AE",2061,27237,38402,143696,275876,591628,2749800
"AE",2062,27399,38563,143309,273939,584229,2704732
"AE",2063,27563,38726,142925,272001,576806,2659492
"AE",2064,27729,38893,142547,270067,569373,2614133
"AE",2065,27898,39063,142174,268135,561921,2568619
"AE",2066,28069,39235,141806,266203,554450,2522944
"AE",2067,28244,39411,141443,264274,546961,2477114
"AE",2068,28421,39591,141089,262353,539464,2431165
"AE",2069,28601,39775,140739,260432,531945,2385035
"AE",2070,28784,39962,140398,258517,524413,2338760
"AE",2071,28971,40153,140061,256601,516851,2292262
"AE",2072,29161,40349,139735,254695,509283,2245641
"AE",2073,29354,40549,139413,252787,501684,2198781
"AE",2074,29550,40753,139099,250883,494064,2151730
"AE",2075,29751,40961,138791,248981,486415,2104447
"AE",2076,29954,41174,138490,247079,478738,2056925
"AE",2077,30162,41391,138197,245179,471032,2009162
"AE",2078,30373,41613,137911,243283,463298,1961156
"AE",2079,30588,41839,137630,241383,455524,1912849
"AE",2080,30807,42070,137357,239484,447714,1864258
"AE",2081,30965,42185,136180,235287,433443,1780602
"AE",2082,31125,42301,135006,231092,419165,1696865
"AE",2083,31289,42421,133842,226907,404890,1613090
"AE",2084,31455,42545,132685,222731,390617,1529259
"AE",2085,31623,42672,131535,218561,376336,1445326
"AE",2086,31795,42804,130394,214399,362051,1361305
"AE",2087,31970,42939,129262,210246,347761,1277184
"AE",2088,32149,43079,128137,206098,333459,1192922
"AE",2089,32331,43223,127021,201958,319144,1108509
"AE",2090,32517,43372,125915,197823,304812,1023925
"AE",2091,32707,43526,124816,193693,290459,939137
"AE",2092,32901,43685,123725,189566,276081,854127
"AE",2093,33099,43849,122646,185447,261680,768883
"AE",2094,33301,44018,121572,181325,247240,683347
"AE",2095,33508,44193,120508,177207,232765,597514
"AE",2096,33720,44374,119452,173089,218250,511350
"AE",2097,33936,44560,118404,168971,203687,424822
"AE",2098,34157,44752,117364,164850,189074,337900
"AE",2099,34384,44951,116331,160725,174402,250550
"AE",2100,34614,45154,115303,156592,159666,162740
"DZ",2020,2963,5517,57722,246481,1035017,8059495
"DZ",2021,3019,5599,58494,249764,1048819,8167160
"DZ",2022,3066,5688,59389,253575,1064834,8291935
"DZ",2023,3144,5860,61389,262162,1100857,8572069
"DZ",2024,3123,5862,62372,266594,1119853,8723403
"DZ",2025,3136,5887,62640,267738,1124660,8760844
"DZ",2026,3321,6112,62796,266344,1115748,8684798
"DZ",2027,3513,6346,62935,264778,1105973,8601708
"DZ",2028,3705,6574,62919,262461,1092903,8492656
"DZ",2029,3898,6797,62760,259449,1076795,8359679
"DZ",2030,4091,7019,62499,255919,1058394,8208586
"DZ",2031,4289,7243,62172,252027,1038350,8044431
"DZ",2032,4492,7471,61799,247851,1016989,7869736
"DZ",2033,4700,7704,61385,243415,994400,7685192
"DZ",2034,4914,7944,60933,238721,970590,7490846
"DZ",2035,5134,8188,60435,233740,945444,7285789
"DZ",2036,5382,8474,60154,229473,922981,7100957
"DZ",2037,5629,8753,59718,224479,897361,6891307
"DZ",2038,5891,9051,59311,219446,871341,6678034
"DZ",2039,6165,9362,58885,214187,844154,6455194
"DZ",2040,6451,9687,58438,208681,815699,6221983
"DZ",2041,6750,10026,57965,202901,785855,5977417
"DZ",2042,7062,10380,57465,196829,754521,5720688
"DZ",2043,7389,10751,56933,190437,721573,5450794
"DZ",2044,7730,11137,56364,183697,686874,5166634
"DZ",2045,8087,11541,55755,176579,650286,4867107
"DZ",2046,8459,11962,55100,169051,611659,4551016
"DZ",2047,8849,12400,54393,161078,570836,4217100
"DZ",2048,9255,12858,53629,152632,527676,3864232
"DZ",2049,9679,13334,52803,143675,482017,3491115
"DZ",2050,10121,13829,51908,134173,433694,3096440
"DZ",2051,10406,14206,53023,136268,438535,3125558
"DZ",2052,10699,14594,54161,138379,443326,3154028
"DZ",2053,11000,14993,55322,140506,448063,3181818
"DZ",2054,11310,15402,56508,142654,452756,3208987
"DZ",2055,11629,15823,57717,144816,457385,3235371
"DZ",2056,11956,16255,58952,146996,461950,3260970
"DZ",2057,12293,16699,60212,149189,466438,3285679
"DZ",2058,12639,17155,61497,151398,470848,3309461
"DZ",2059,12995,17624,62810,153622,475173,3332269
"DZ",2060,13362,18106,64149,155859,479405,3354027
"DZ",2061,13738,18601,65517,158112,483542,3374698
"DZ",2062,14126,19111,66915,160380,487581,3394247
"DZ",2063,14526,19635,68344,162666,491523,3412665
"DZ",2064,14937,20175,69805,164968,495354,3429833
"DZ",2065,15360,20730,71299,167288,499071,3445712
"DZ",2066,15797,21302,72827,169623,502665,3460219
"DZ",2067,16247,21891,74390,171975,506127,3473266
"DZ",2068,16710,22498,75990,174343,509454,3484805
"DZ",2069,17188,23123,77628,176727,512629,3494702
"DZ",2070,17681,23767,79304,179125,515647,3502889
"DZ",2071,18189,24430,81020,181540,518497,3509275
"DZ",2072,18713,25115,82780,183975,521189,3513877
"DZ",2073,19255,25821,84584,186425,523689,3516451
"DZ",2074,19813,26549,86430,188886,525981,3516844
"DZ",2075,20389,27300,88321,191358,528055,3514957
"DZ",2076,20983,28073,90256,193836,529881,3510556
"DZ",2077,21595,28870,92237,196319,531447,3503521
"DZ",2078,22227,29691,94267,198810,532748,3493775
"DZ",2079,22879,30539,96344,201302,533755,3481086
"DZ",2080,23552,31412,98472,203797,534456,3465325
"DZ",2081,23991,31961,99235,202386,521611,3350244
"DZ",2082,24440,32521,100006,200897,508268,3230925
"DZ",2083,24900,33096,100788,199332,494422,3107288
"DZ",2084,25371,33684,101579,197685,480050,2979157
"DZ",2085,25854,34286,102382,195954,465136,2846390
"DZ",2086,26348,34902,103194,194134,449652,2708762
"DZ",2087,26854,35533,104014,192219,433575,2566092
"DZ",2088,27372,36178,104843,190204,416880,2418185
"DZ",2089,27902,36836,105677,188081,399539,2264816
"DZ",2090,28445,37511,106521,185855,381545,2105890
"DZ",2091,29000,38201,107371,183514,362862,1941143
"DZ",2092,29568,38906,108228,181056,343469,1770395
"DZ",2093,30149,39628,109094,178479,323346,1593465
"DZ",2094,30744,40366,109964,175773,302459,1410103
"DZ",2095,31352,41120,110839,172934,280783,1220091
"DZ",2096,31975,41891,111721,169959,258297,1023247
"DZ",2097,32612,42679,112609,166843,234970,819322
"DZ",2098,33264,43486,113502,163580,210776,608092
"DZ",2099,33931,44311,114400,160164,185684,389312
"DZ",2100,34614,45154,115303,156592,159666,162740
"EG",2020,3460,6535,85273,287136,933360,5144257
"EG",2021,3643,6894,89980,302977,984858,5428117
"EG",2022,3786,7192,94095,316859,1030000,5677011
"EG",2023,3841,7297,95334,321001,1043473,5751338
"EG",2024,3831,7305,95813,322680,1048953,5781667
"EG",2025,3955,7543,98937,333201,1083154,5970180
"EG",2026,4352,8113,102171,342032,1108756,6104911
"EG",2027,4726,8626,104280,346891,1121166,6166374
"EG",2028,5088,9101,105587,348907,1124120,6175259
"EG",2029,5444,9554,106354,348973,1120545,6147774
"EG",2030,5799,9993,106713,347555,1111973,6092389
"EG",2031,6143,10406,106552,344305,1097325,6003268
"EG",2032,6490,10815,106145,340131,1079528,5896498
"EG",2033,6838,11220,105509,335097,1058806,5773331
"EG",2034,7189,11621,104652,329240,1035287,5634504
"EG",2035,7540,12017,103581,322590,1009084,5480658
"EG",2036,7918,12449,102652,316257,983662,5330612
"EG",2037,8289,12864,101409,308821,954591,5160324
"EG",2038,8672,13291,100102,301063,924306,4982999
"EG",2039,9066,13731,98725,292950,892698,4798031
"EG",2040,9473,14184,97273,284472,859729,4605197
"EG",2041,9892,14649,95745,275616,825345,4404198
"EG",2042,10325,15129,94139,266371,789509,4194799
"EG",2043,10770,15622,92451,256721,752161,3976669
"EG",2044,11230,16131,90679,246654,713254,3749530
"EG",2045,11705,16654,88820,236154,672730,3513041
"EG",2046,12195,17193,86870,225203,630521,3266825
"EG",2047,12700,17749,84827,213786,586571,3010544
"EG",2048,13222,18322,82685,201884,540809,2743789
"EG",2049,13760,18912,80441,189476,493160,2466142
"EG",2050,14316,19520,78091,176543,443552,2177176
"EG",2051,14602,19894,79068,177928,445182,2180264
"EG",2052,14894,20275,80059,179317,446756,2182903
"EG",2053,15193,20665,81065,180708,448269,2185056
"EG",2054,15498,21064,82085,182100,449711,2186684
"EG",2055,15810,21471,83118,183489,451075,2187732
"EG",2056,16129,21886,84164,184874,452356,2188175
"EG",2057,16454,22309,85223,186254,453547,2187974
"EG",2058,16786,22741,86294,187626,454638,2187074
"EG",2059,17125,23182,87376,188988,455626,2185455
"EG",2060,17470,23631,88469,190340,456504,2183076
"EG",2061,17823,24089,89574,191678,457264,2179893
"EG",2062,18182,24556,90690,193003,457903,2175887
"EG",2063,18549,25031,91815,194310,458410,2170993
"EG",2064,18923,25516,92951,195602,458785,2165214
"EG",2065,19303,26009,94096,196871,459013,2158460
"EG",2066,19691,26511,95249,198116,459084,2150691
"EG",2067,20086,27022,96413,199342,459007,2141931
"EG",2068,20488,27542,97583,200539,458761,2132074
"EG",2069,20898,28072,98763,201711,458349,2121135
"EG",2070,21315,28610,99949,202852,457755,2109026
"EG",2071,21739,29157,101142,203962,456978,2095737
"EG",2072,22171,29714,102343,205040,456011,2081228
"EG",2073,22611,30281,103550,206084,454847,2065456
"EG",2074,23058,30856,104764,207091,453477,2048376
"EG",2075,23513,31442,105983,208061,451899,2029964
"EG",2076,23976,32037,107208,208990,450103,2010171
"EG",2077,24447,32642,108440,209881,448087,1988977
"EG",2078,24926,33256,109676,210728,445839,1966320
"EG",2079,25413,33881,110918,211530,443355,1942170
"EG",2080,25908,34516,112163,212285,440623,1916467
"EG",2081,26301,35000,112475,210401,430073,1849233
"EG",2082,26698,35490,112773,208432,419186,1780019
"EG",2083,27099,35985,113058,206376,407958,1708797
"EG",2084,27506,36485,113329,204231,396381,1635527
"EG",2085,27917,36990,113584,201997,384451,1560190
"EG",2086,28332,37500,113824,199670,372159,1482739
"EG",2087,28752,38015,114048,197250,359507,1403170
"EG",2088,29177,38536,114256,194735,346484,1321436
"EG",2089,29606,39061,114447,192123,333085,1237509
"EG",2090,30039,39591,114619,189411,319304,1151362
"EG",2091,30477,40126,114775,186602,305144,1062988
"EG",2092,30920,40666,114915,183693,290598,972359
"EG",2093,31367,41211,115033,180679,275653,879420
"EG",2094,31818,41761,115134,177563,260314,784177
"EG",2095,32274,42315,115214,174340,244571,686589
"EG",2096,32734,42874,115275,171011,228421,586636
"EG",2097,33197,43438,115313,167571,211858,484292
"EG",2098,33666,44005,115332,164023,194881,379543
"EG",2099,34138,44578,115328,160364,177485,272365
"EG",2100,34614,45154,115303,156592,159666,162740
"IR",2020,1670,4874,54789,143162,257337,859009
"IR",2021,1880,5098,59551,159174,289776,943280
"IR",2022,2123,5409,59590,195631,308599,919378
"IR",2023,2241,5472,66553,191913,346599,1115591
"IR",2024,2234,5455,66339,191293,345478,1111982
"IR",2025,2265,5530,67243,193901,350188,1127140
"IR",2026,2439,5726,67107,192483,346910,1114547
"IR",2027,2621,5931,66966,191009,343502,1101445
"IR",2028,2810,6143,66802,189425,339863,1087513
"IR",2029,3005,6362,66605,187699,335934,1072552
"IR",2030,3208,6587,66371,185815,331687,1056473
"IR",2031,3396,6775,65660,182555,324950,1032371
"IR",2032,3587,6962,64880,179065,317777,1006805
"IR",2033,3781,7151,64038,175363,310203,979885
"IR",2034,3977,7340,63135,171458,302240,951659
"IR",2035,4176,7529,62162,167327,293849,922002
"IR",2036,4433,7816,61896,165041,288656,902254
"IR",2037,4688,8092,61426,162134,282320,878760
"IR",2038,4961,8390,60999,159261,275984,855092
"IR",2039,5245,8700,60539,156218,269284,830097
"IR",2040,5543,9024,60044,152990,262194,803683
"IR",2041,5855,9363,59508,149557,254674,775715
"IR",2042,6180,9716,58927,145905,246694,746084
"IR",2043,6521,10084,58296,142014,238217,714661
"IR",2044,6877,10468,57610,137865,229203,681312
"IR",2045,7250,10868,56863,133433,219606,645879
"IR",2046,7639,11286,56051,128707,209401,608268
"IR",2047,8046,11720,55166,123656,198528,568283
"IR",2048,8471,12171,54202,118260,186952,525799
"IR",2049,8914,12640,53153,112497,174626,480657
"IR",2050,9376,13127,52012,106341,161502,432694
"IR",2051,9652,13496,53136,108220,163940,437822
"IR",2052,9937,13877,54288,110132,166407,442946
"IR",2053,10232,14270,55470,112081,168906,448081
"IR",2054,10535,14675,56678,114060,171427,453188
"IR",2055,10849,15091,57914,116069,173966,458259
"IR",2056,11171,15520,59176,118106,176523,463285
"IR",2057,11504,15962,60466,120171,179094,468259
"IR",2058,11847,16417,61784,122264,181679,473169
"IR",2059,12200,16885,63131,124385,184276,478012
"IR",2060,12563,17366,64505,126532,186881,482768
"IR",2061,12938,17861,65907,128702,189488,487422
"IR",2062,13324,18371,67339,130897,192102,491977
"IR",2063,13721,18895,68800,133119,194720,496424
"IR",2064,14130,19435,70292,135366,197339,500752
"IR",2065,14552,19990,71816,137639,199960,504955
"IR",2066,14987,20561,73371,139938,202580,509021
"IR",2067,15434,21150,74960,142262,205198,512941
"IR",2068,15896,21756,76583,144613,207813,516709
"IR",2069,16372,22379,78241,146990,210423,520310
"IR",2070,16862,23022,79934,149392,213025,523732
"IR",2071,17368,23683,81665,151821,215619,526969
"IR",2072,17889,24365,83433,154276,218201,530003
"IR",2073,18427,25067,85241,156759,220774,532831
"IR",2074,18982,25791,87087,159265,223327,535423
"IR",2075,19554,26537,88976,161800,225867,537783
"IR",2076,20145,27305,90907,164361,228385,539886
"IR",2077,20754,28098,92882,166949,230883,541721
"IR",2078,21383,28915,94901,169560,233353,543262
"IR",2079,22032,29758,96966,172199,235795,544502
"IR",2080,22702,30626,99078,174861,238205,545414
"IR",2081,23159,31189,99802,174470,235762,532599
"IR",2082,23630,31767,100542,174048,233214,519301
"IR",2083,24115,32362,101296,173594,230554,505492
"IR",2084,24613,32973,102062,173100,227769,491133
"IR",2085,25125,33601,102839,172563,224854,476200
"IR",2086,25651,34246,103629,171982,221802,460670
"IR",2087,26191,34907,104428,171348,218601,444504
"IR",2088,26746,35586,105237,170662,215247,427680
"IR",2089,27315,36283,106055,169917,211730,410165
"IR",2090,27900,36997,106879,169108,208039,391923
"IR",2091,28499,37729,107710,168233,204168,372931
"IR",2092,29114,38479,108547,167287,200107,353154
"IR",2093,29745,39246,109386,166262,195844,332553
"IR",2094,30391,40033,110230,165158,191374,311106
"IR",2095,31053,40838,111075,163968,186686,288775
"IR",2096,31731,41662,111921,162688,181770,265529
"IR",2097,32426,42505,112767,161315,176620,241337
"IR",2098,33138,43368,113615,159845,171227,216166
"IR",2099,33868,44251,114461,158273,165579,189978
"IR",2100,34614,45154,115303,156592,159666,162740
"MA",2020,1272,3451,40820,87550,256067,1567574
"MA",2021,1344,3678,43618,93559,273660,1675357
"MA",2022,1385,3783,44782,96044,280910,1719658
"MA",2023,1435,3921,46461,99649,291461,1784280
"MA",2024,1478,4047,48511,104086,304448,1864057
"MA",2025,1515,4150,49738,106720,312152,1911228
"MA",2026,1679,4363,50295,107487,312994,1912549
"MA",2027,1854,4593,50902,108333,313966,1914403
"MA",2028,2038,4832,51484,109093,314587,1913827
"MA",2029,2233,5080,52021,109725,314727,1910020
"MA",2030,2437,5339,52521,110246,314436,1903277
"MA",2031,2650,5602,52939,110557,313422,1891819
"MA",2032,2874,5875,53302,110717,311856,1876677
"MA",2033,3107,6157,53613,110729,309744,1857878
"MA",2034,3351,6448,53869,110590,307067,1835293
"MA",2035,3606,6748,54056,110266,303735,1808372
"MA",2036,3863,7042,54068,109541,299151,1773581
"MA",2037,4129,7343,54003,108618,293879,1734272
"MA",2038,4409,7659,53918,107610,288218,1692207
"MA",2039,4702,7988,53795,106479,282061,1646722
"MA",2040,5010,8332,53632,105218,275376,1597608
"MA",2041,5332,8690,53427,103819,268133,1544657
"MA",2042,5670,9063,53176,102272,260296,1487629
"MA",2043,6023,9453,52875,100567,251827,1426271
"MA",2044,6394,9859,52521,98694,242689,1360326
"MA",2045,6782,10283,52110,96641,232839,1289513
"MA",2046,7189,10724,51636,94395,222231,1213531
"MA",2047,7615,11184,51096,91945,210821,1132084
"MA",2048,8061,11664,50484,89277,198561,1044851
"MA",2049,8527,12164,49795,86376,185399,951494
"MA",2050,9015,12683,49024,83227,171284,851674
"MA",2051,9301,13068,50204,85027,174146,862631
"MA",2052,9596,13464,51409,86858,177022,873469
"MA",2053,9901,13871,52639,88720,179912,884178
"MA",2054,10214,14290,53896,90614,182813,894740
"MA",2055,10536,14721,55179,92539,185724,905137
"MA",2056,10869,15165,56489,94497,188645,915356
"MA",2057,11211,15621,57827,96487,191572,925379
"MA",2058,11564,16090,59193,98510,194506,935193
"MA",2059,11927,16573,60588,100566,197443,944767
"MA",2060,12301,17070,62012,102655,200381,954091
"MA",2061,12687,17581,63466,104778,203318,963139
"MA",2062,13084,18106,64950,106936,206254,971897
"MA",2063,13493,18648,66466,109129,209187,980345
"MA",2064,13914,19204,68014,111357,212114,988460
"MA",2065,14348,19777,69593,113619,215029,996200
"MA",2066,14795,20366,71207,115919,217936,1003569
"MA",2067,15256,20973,72855,118257,220833,1010541
"MA",2068,15731,21598,74538,120631,223713,1017075
"MA",2069,16221,22241,76257,123043,226575,1023147
"MA",2070,16725,22903,78013,125494,229418,1028736
"MA",2071,17245,23584,79807,127985,232238,1033810
"MA",2072,17781,24285,81640,130515,235032,1038335
"MA",2073,18334,25008,83512,133085,237797,1042279
"MA",2074,18904,25752,85426,135698,240531,1045619
"MA",2075,19491,26518,87382,138352,243230,1048309
"MA",2076,20097,27308,89380,141049,245889,1050313
"MA",2077,20722,28121,91422,143788,248505,1051589
"MA",2078,21367,28959,93511,146573,251077,1052112
"MA",2079,22031,29822,95645,149401,253594,1051815
"MA",2080,22717,30712,97826,152273,256055,1050661
"MA",2081,23197,31301,98681,152783,253195,1021265
"MA",2082,23687,31903,99538,153269,250166,990560
"MA",2083,24188,32517,100399,153729,246960,958503
"MA",2084,24699,33143,101261,154163,243574,925053
"MA",2085,25222,33782,102125,154568,240000,890169
"MA",2086,25756,34434,102992,154946,236234,853815
"MA",2087,26302,35100,103862,155295,232272,815948
"MA",2088,26860,35781,104734,155614,228108,776522
"MA",2089,27430,36475,105607,155902,223732,735484
"MA",2090,28013,37183,106481,156154,219135,692776
"MA",2091,28608,37906,107358,156373,214317,648366
"MA",2092,29217,38644,108235,156555,209267,602194
"MA",2093,29840,39399,109115,156703,203981,554214
"MA",2094,30477,40169,109995,156811,198449,504364
"MA",2095,31128,40956,110877,156881,192664,452592
"MA",2096,31794,41759,111760,156910,186618,398836
"MA",2097,32475,42581,112645,156898,180306,343040
"MA",2098,33172,43420,113530,156842,173715,285135
"MA",2099,33885,44278,114417,156741,166839,225058
"MA",2100,34614,45154,115303,156592,159666,162740
"SA",2020,5568,17495,308700,1279530,4835893,29870888
"SA",2021,5781,18252,322375,1336265,5050220,31194582
"SA",2022,5949,19080,339150,1406223,5314918,32830177
"SA",2023,5680,17921,316318,1311061,4954885,30605555
"SA",2024,5696,18089,321229,1331730,5032988,31087969
"SA",2025,5684,18050,320531,1328840,5022065,31020501
"SA",2026,6273,18338,308856,1272578,4798866,29621694
"SA",2027,6818,18540,296252,1212738,4562517,28142373
"SA",2028,7340,18723,283892,1154192,4331432,26696279
"SA",2029,7839,18892,271868,1097306,4106984,25291868
"SA",2030,8317,19046,260132,1041883,3888420,23924491
"SA",2031,8693,19007,246400,978842,3641957,22386477
"SA",2032,9039,18951,233155,918200,3405067,20908561
"SA",2033,9356,18878,220391,859919,3177592,19489735
"SA",2034,9645,18787,208084,803891,2959116,18127415
"SA",2035,9908,18680,196240,750128,2749663,16821719
"SA",2036,10504,19217,191403,723346,2639400,16123398
"SA",2037,11102,19752,186434,695974,2526851,15410856
"SA",2038,11716,20311,181579,668929,2415337,14704330
"SA",2039,12342,20882,176710,641717,2303054,13992773
"SA",2040,12979,21465,171823,614317,2189901,13275550
"SA",2041,13628,22062,166913,586698,2075752,12551863
"SA",2042,14289,22673,161974,558827,1960481,11820910
"SA",2043,14964,23299,156999,530674,1843959,11081883
"SA",2044,15653,23939,151982,502201,1726038,10333846
"SA",2045,16355,24595,146917,473382,1606606,9576087
"SA",2046,17073,25266,141794,444168,1485473,8807437
"SA",2047,17805,25953,136608,414531,1362527,8027174
"SA",2048,18553,26654,131348,384427,1237601,7234269
"SA",2049,19315,27371,126008,353826,1110574,6427962
"SA",2050,20093,28103,120577,322686,981293,5607318
"SA",2051,20317,28378,120850,321658,974502,5559836
"SA",2052,20544,28657,121125,320606,967580,5511466
"SA",2053,20774,28940,121401,319527,960515,5462136
"SA",2054,21007,29226,121677,318420,953305,5411828
"SA",2055,21243,29516,121953,317284,945943,5360510
"SA",2056,21482,29810,122230,316120,938434,5308199
"SA",2057,21725,30108,122507,314924,930761,5254804
"SA",2058,21970,30409,122785,313698,922933,5200362
"SA",2059,22219,30715,123062,312440,914940,5144821
"SA",2060,22471,31024,123339,311147,906775,5088135
"SA",2061,22727,31337,123616,309822,898443,5030329
"SA",2062,22986,31653,123890,308457,889919,4971268
"SA",2063,23248,31974,124166,307061,881228,4911074
"SA",2064,23513,32299,124439,305622,872334,4849558
"SA",2065,23782,32627,124712,304147,863260,4786833
"SA",2066,24054,32960,124982,302632,853987,4722796
"SA",2067,24329,33297,125252,301076,844514,4657438
"SA",2068,24609,33638,125522,299485,834854,4590826
"SA",2069,24892,33983,125789,297848,824978,4522790
"SA",2070,25178,34332,126053,296164,814882,4453317
"SA",2071,25468,34685,126316,294441,804582,4382482
"SA",2072,25762,35044,126579,292676,794072,4310246
"SA",2073,26060,35406,126840,290865,783340,4236545
"SA",2074,26361,35773,127099,289007,772380,4161339
"SA",2075,26667,36146,127359,287111,761212,4084732
"SA",2076,26977,36523,127617,285166,749807,4006558
"SA",2077,27291,36905,127873,283171,738162,3926807
"SA",2078,27610,37292,128129,281132,726288,3845520
"SA",2079,27933,37685,128385,279047,714178,3762656
"SA",2080,28261,38083,128640,276913,701824,3678175
"SA",2081,28557,38415,128100,271667,677950,3522999
"SA",2082,28855,38749,127550,266348,653762,3365809
"SA",2083,29155,39086,126986,260948,629240,3206493
"SA",2084,29458,39425,126411,255473,604392,3045097
"SA",2085,29763,39766,125821,249916,579206,2881552
"SA",2086,30070,40110,125219,244279,553684,2715866
"SA",2087,30380,40456,124605,238566,527831,2548057
"SA",2088,30692,40805,123975,232767,501628,2378033
"SA",2089,31007,41156,123334,226889,475086,2205843
"SA",2090,31324,41509,122679,220929,448200,2031457
"SA",2091,31644,41865,122011,214886,420964,1854846
"SA",2092,31965,42222,121326,208756,393370,1675964
"SA",2093,32289,42582,120628,202542,365424,1494843
"SA",2094,32615,42944,119913,196240,337115,1311430
"SA",2095,32943,43308,119184,189853,308451,1125752
"SA",2096,33273,43673,118440,183377,279424,937773
"SA",2097,33606,44041,117680,176815,250033,747492
"SA",2098,33940,44411,116905,170164,220280,554903
"SA",2099,34276,44781,116111,163422,190155,359982
"SA",2100,34614,45154,115303,156592,159666,162740
"TR",2020,4430,9499,165370,514578,1381863,5324875
"TR",2021,5104,10807,179331,517260,1285542,4563311
"TR",2022,4463,10769,197223,670451,1989205,8762435
"TR",2023,4466,10379,207139,748433,2362354,11380622
"TR",2024,4857,11515,215361,698815,1957046,7937904
"TR",2025,5074,12031,225024,730171,2044858,8294075
"TR",2026,5541,12565,223683,722438,2018872,8181143
"TR",2027,6024,13115,222218,714181,1991255,8061311
"TR",2028,6524,13683,220652,705463,1962176,7935260
"TR",2029,7042,14271,218994,696307,1931695,7803215
"TR",2030,7579,14879,217225,686649,1899627,7664415
"TR",2031,8121,15480,214971,675309,1862706,7505684
"TR",2032,8680,16100,212593,663423,1824078,7339717
"TR",2033,9259,16739,210098,651017,1783806,7166758
"TR",2034,9857,17400,207486,638074,1741834,6986565
"TR",2035,10477,18085,204776,624650,1698305,6799689
"TR",2036,10985,18565,199493,603249,1632913,6524965
"TR",2037,11511,19072,194346,582187,1568337,6253315
"TR",2038,12047,19590,189161,560923,1503095,5978797
"TR",2039,12596,20123,183959,539516,1437344,5702019
"TR",2040,13158,20672,178732,517937,1370986,5422569
"TR",2041,13734,21237,173472,496147,1303911,5139984
"TR",2042,14325,21819,168173,474122,1236038,4853924
"TR",2043,14931,22419,162820,451812,1167225,4563802
"TR",2044,15554,23036,157404,429180,1097360,4269149
"TR",2045,16192,23671,151914,406183,1026315,3969442
"TR",2046,16848,24324,146343,382795,954009,3664326
"TR",2047,17521,24997,140678,358970,880309,3353260
"TR",2048,18212,25688,134903,334655,805065,3035641
"TR",2049,18920,26396,129008,309816,728179,2711051
"TR",2050,19645,27123,122985,284420,649555,2379105
"TR",2051,19860,27391,123211,283722,645770,2360570
"TR",2052,20082,27668,123460,283059,642028,2342110
"TR",2053,20311,27954,123729,282421,638303,2323632
"TR",2054,20545,28246,124013,281794,634564,2305016
"TR",2055,20785,28546,124310,281175,630799,2286215
"TR",2056,21029,28851,124613,280545,626968,2267085
"TR",2057,21278,29162,124924,279909,623077,2247637
"TR",2058,21531,29479,125237,279254,619101,2227784
"TR",2059,21789,29801,125555,278584,615043,2207532
"TR",2060,22050,30128,125873,277889,610881,2186798
"TR",2061,22316,30460,126194,277173,606625,2165618
"TR",2062,22585,30796,126514,276428,602251,2143906
"TR",2063,22859,31138,126834,275656,597770,2121693
"TR",2064,23136,31483,127150,274847,593152,2098875
"TR",2065,23417,31834,127465,274007,588413,2075505
"TR",2066,23702,32189,127779,273136,583553,2051579
"TR",2067,23992,32550,128092,272233,578565,2027072
"TR",2068,24285,32915,128402,271294,573441,2001953
"TR",2069,24582,33285,128708,270316,568174,1976197
"TR",2070,24883,33659,129010,269298,562760,1949782
"TR",2071,25188,34038,129309,268239,557198,1922707
"TR",2072,25497,34423,129604,267141,551489,1894967
"TR",2073,25811,34812,129897,266006,545634,1866572
"TR",2074,26129,35207,130185,264828,539624,1837479
"TR",2075,26451,35606,130471,263608,533458,1807687
"TR",2076,26778,36012,130753,262347,527135,1777186
"TR",2077,27110,36424,131035,261049,520662,1746000
"TR",2078,27447,36842,131317,259713,514037,1714114
"TR",2079,27790,37266,131597,258335,507250,1681491
"TR",2080,28137,37697,131872,256912,500291,1648096
"TR",2081,28420,38022,131137,252489,485294,1582731
"TR",2082,28706,38352,130391,248008,470104,1516526
"TR",2083,28997,38686,129638,243475,454729,1449504
"TR",2084,29292,39025,128877,238885,439159,1381627
"TR",2085,29590,39369,128106,234236,423386,1312868
"TR",2086,29893,39716,127323,229524,407405,1243203
"TR",2087,30199,40069,126532,224752,391215,1172626
"TR",2088,30510,40427,125732,219920,374817,1101132
"TR",2089,30824,40788,124917,215017,358190,1028653
"TR",2090,31143,41155,124092,210049,341339,955201
"TR",2091,31466,41527,123257,205016,324265,880767
"TR",2092,31794,41905,122414,199919,306967,805341
"TR",2093,32127,42288,121560,194754,289432,728882
"TR",2094,32466,42678,120697,189521,271658,651371
"TR",2095,32810,43075,119826,184221,253646,572797
"TR",2096,33160,43477,118944,178848,235380,493113
"TR",2097,33515,43887,118052,173402,216856,412296
"TR",2098,33876,44303,117147,167878,198067,330313
"TR",2099,34242,44725,116231,162274,179005,247136
"TR",2100,34614,45154,115303,156592,159666,162740
"OE",2020,298,2876,101010,404365,1592065,11705099
"OE",2021,280,2728,101061,405577,1606951,12938517
"OE",2022,277,2646,106040,422345,1699037,12715404
"OE",2023,266,2511,105854,431932,1739581,14836414
"OE",2024,252,2382,103614,442338,1850776,17551505
"OE",2025,251,2367,102955,439526,1839008,17439911
"OE",2026,460,2614,102354,434896,1816592,17219023
"OE",2027,678,2869,101634,429683,1791619,16973576
"OE",2028,903,3133,100848,424102,1764984,16712025
"OE",2029,1137,3405,99968,418038,1736207,16429836
"OE",2030,1379,3686,99015,411577,1705639,16130324
"OE",2031,1625,3961,97623,403206,1667029,15754385
"OE",2032,1878,4246,96204,394637,1627474,15369182
"OE",2033,2139,4541,94760,385884,1587024,14975139
"OE",2034,2410,4847,93293,376936,1545623,14571721
"OE",2035,2690,5164,91782,367711,1502929,14155668
"OE",2036,2993,5515,90607,359707,1465027,13784201
"OE",2037,3308,5879,89339,351190,1424805,13390255
"OE",2038,3640,6266,88096,342607,1384059,12990656
"OE",2039,3987,6669,86776,333548,1341102,12569504
"OE",2040,4349,7090,85373,323979,1295783,12125318
"OE",2041,4728,7529,83879,313859,1247915,11656309
"OE",2042,5124,7988,82286,303148,1197326,11160806
"OE",2043,5539,8467,80588,291810,1143845,10637153
"OE",2044,5972,8967,78779,279804,1087293,10083620
"OE",2045,6426,9490,76850,267091,1027487,9498432
"OE",2046,6900,10036,74791,253617,964195,8879352
"OE",2047,7396,10606,72593,239333,897198,8224263
"OE",2048,7914,11201,70248,224196,826297,7531249
"OE",2049,8457,11822,67746,208153,751254,6798011
"OE",2050,9023,12471,65074,191144,671816,6022106
"OE",2051,9297,12834,66309,193765,678869,6078332
"OE",2052,9581,13210,67571,196414,685909,6134063
"OE",2053,9874,13599,68862,199093,692935,6189278
"OE",2054,10177,14000,70182,201798,699928,6243801
"OE",2055,10489,14414,71529,204520,706850,6297264
"OE",2056,10812,14841,72901,207256,713685,6349506
"OE",2057,11146,15282,74300,210003,720419,6400380
"OE",2058,11489,15736,75725,212757,727027,6449649
"OE",2059,11844,16204,77176,215517,733508,6497278
"OE",2060,12210,16687,78654,218284,739849,6543141
"OE",2061,12588,17185,80158,221046,746009,6586835
"OE",2062,12977,17697,81685,223799,751963,6628137
"OE",2063,13378,18225,83238,226544,757715,6667037
"OE",2064,13792,18769,84818,229279,763241,6703305
"OE",2065,14219,19329,86423,232000,768525,6736776
"OE",2066,14659,19906,88054,234703,773547,6767251
"OE",2067,15111,20499,89709,237379,778265,6794322
"OE",2068,15578,21111,91388,240026,782664,6817836
"OE",2069,16059,21740,93093,242645,786742,6837739
"OE",2070,16555,22388,94825,245232,790473,6853776
"OE",2071,17066,23056,96584,247786,793844,6865800
"OE",2072,17593,23744,98369,250301,796826,6873508
"OE",2073,18136,24453,100182,252775,799399,6876707
"OE",2074,18695,25182,102021,255197,801523,6874996
"OE",2075,19272,25933,103885,257563,803168,6868086
"OE",2076,19866,26706,105776,259872,804320,6855809
"OE",2077,20478,27503,107694,262119,804951,6837867
"OE",2078,21110,28323,109640,264301,805036,6814016
"OE",2079,21761,29169,111617,266421,804571,6784149
"OE",2080,22434,30042,113626,268472,803520,6747908
"OE",2081,22918,30646,113891,264878,781508,6520131
"OE",2082,23413,31265,114144,261119,758632,6283707
"OE",2083,23921,31898,114383,257184,734854,6038261
"OE",2084,24440,32545,114608,253069,710149,5783556
"OE",2085,24973,33209,114820,248775,684503,5519405
"OE",2086,25518,33887,115015,244285,657860,5245308
"OE",2087,26075,34580,115190,239588,630171,4960811
"OE",2088,26645,35289,115345,234681,601417,4665695
"OE",2089,27229,36015,115483,229563,571576,4359728
"OE",2090,27826,36757,115597,224216,540587,4042357
"OE",2091,28437,37515,115690,218637,508427,3713320
"OE",2092,29063,38292,115760,212822,475065,3372305
"OE",2093,29704,39085,115805,206756,440448,3018826
"OE",2094,30358,39896,115822,200430,404533,2652478
"OE",2095,31027,40724,115811,193838,367289,2272926
"OE",2096,31713,41572,115773,186975,328680,1879802
"OE",2097,32413,42438,115703,179825,288651,1472619
"OE",2098,33130,43323,115603,172385,247171,1051016
"OE",2099,33864,44229,115470,164644,204191,614539
"OE",2100,34614,45154,115303,156592,159666,162740
"CD",2020,125,408,7996,23999,72530,324799
"CD",2021,128,416,8148,24454,73905,330960
"CD",2022,134,435,8511,25543,77195,345687
"CD",2023,146,477,9331,28004,84635,379008
"CD",2024,150,489,9647,28970,87556,392100
"CD",2025,153,500,9861,29615,89504,400824
"CD",2026,187,560,10478,31328,94450,422568
"CD",2027,225,626,11107,33053,99393,444227
"CD",2028,268,699,11759,34819,104415,466161
"CD",2029,316,776,12386,36483,109083,486431
"CD",2030,368,858,12988,38045,113396,505023
"CD",2031,425,946,13590,39574,117552,522824
"CD",2032,489,1042,14191,41064,121537,539751
"CD",2033,559,1144,14781,42483,125245,555334
"CD",2034,635,1253,15345,43789,128551,569008
"CD",2035,716,1366,15841,44857,131080,579111
"CD",2036,840,1555,17073,47950,139420,614686
"CD",2037,979,1760,18294,50921,147256,647758
"CD",2038,1141,1996,19620,54089,155484,682235
"CD",2039,1326,2264,21027,57367,163824,716827
"CD",2040,1540,2568,22517,60740,172197,751115
"CD",2041,1786,2913,24091,64188,180501,784578
"CD",2042,2069,3304,25749,67683,188610,816566
"CD",2043,2394,3750,27491,71191,196364,846278
"CD",2044,2767,4255,29312,74666,203567,872727
"CD",2045,3196,4830,31208,78050,209978,894710
"CD",2046,3689,5483,33171,81273,215303,910780
"CD",2047,4255,6225,35190,84248,219188,919186
"CD",2048,4904,7069,37249,86866,221203,917825
"CD",2049,5649,8028,39330,88998,220838,904206
"CD",2050,6503,9117,41406,90484,217481,875344
"CD",2051,6700,9381,42263,91993,220279,884774
"CD",2052,6908,9659,43161,93571,223200,894594
"CD",2053,7126,9950,44101,95220,226238,904777
"CD",2054,7355,10255,45084,96936,229388,915296
"CD",2055,7594,10575,46107,98719,232641,926102
"CD",2056,7845,10909,47173,100568,235991,937167
"CD",2057,8107,11259,48282,102480,239432,948453
"CD",2058,8381,11624,49432,104457,242957,959932
"CD",2059,8667,12005,50627,106496,246563,971573
"CD",2060,8966,12403,51865,108597,250240,983333
"CD",2061,9278,12818,53147,110759,253984,995187
"CD",2062,9603,13250,54472,112980,257783,1007072
"CD",2063,9943,13700,55844,115260,261637,1018979
"CD",2064,10296,14169,57260,117598,265533,1030844
"CD",2065,10665,14657,58723,119993,269467,1042643
"CD",2066,11049,15166,60233,122444,273430,1054327
"CD",2067,11449,15695,61791,124951,277418,1065866
"CD",2068,11865,16245,63398,127513,281421,1077204
"CD",2069,12299,16817,65054,130130,285434,1088312
"CD",2070,12750,17413,66760,132800,289444,1099121
"CD",2071,13191,17993,68371,135231,292813,1107202
"CD",2072,13649,18594,70024,137698,296138,1114822
"CD",2073,14125,19218,71722,140201,299416,1121944
"CD",2074,14618,19865,73465,142742,302638,1128524
"CD",2075,15131,20536,75255,145317,305792,1134498
"CD",2076,15662,21232,77092,147926,308870,1139819
"CD",2077,16214,21953,78978,150569,311865,1144433
"CD",2078,16787,22702,80913,153244,314761,1148268
"CD",2079,17382,23477,82898,155947,317545,1151254
"CD",2080,17999,24281,84934,158678,320207,1153326
"CD",2081,18574,25013,86255,159441,317211,1130573
"CD",2082,19171,25771,87601,160154,313863,1105888
"CD",2083,19790,26557,88972,160814,310144,1079167
"CD",2084,20433,27371,90367,161415,306026,1050277
"CD",2085,21100,28215,91785,161948,301480,1019072
"CD",2086,21791,29089,93225,162407,296477,985413
"CD",2087,22507,29994,94685,162784,290985,949145
"CD",2088,23250,30931,96167,163072,284978,910128
"CD",2089,24021,31902,97669,163266,278425,868209
"CD",2090,24820,32908,99191,163356,271291,823218
"CD",2091,25648,33949,100731,163335,263542,774982
"CD",2092,26506,35027,102289,163192,255140,723320
"CD",2093,27397,36144,103864,162921,246052,668056
"CD",2094,28320,37300,105457,162513,236239,608995
"CD",2095,29276,38497,107065,161958,225657,545930
"CD",2096,30268,39737,108688,161245,214266,478647
"CD",2097,31296,41021,110323,160361,202016,406918
"CD",2098,32363,42351,111972,159300,188867,330525
"CD",2099,33468,43728,113632,158047,174766,249216
"CD",2100,34614,45154,115303,156592,159666,162740
"CI",2020,826,2426,29402,63985,147745,447454
"CI",2021,877,2551,30421,65993,151734,456666
"CI",2022,912,2654,31635,68621,157774,474833
"CI",2023,977,2845,33940,73627,169285,509484
"CI",2024,990,2904,35073,76110,175006,526866
"CI",2025,1033,3030,36603,79432,182644,549860
"CI",2026,1196,3314,38544,83320,190890,573587
"CI",2027,1380,3628,40620,87450,199586,598497
"CI",2028,1581,3961,42673,91478,207933,622173
"CI",2029,1800,4311,44681,95352,215805,644230
"CI",2030,2038,4682,46662,99108,223281,664891
"CI",2031,2295,5071,48587,102681,230200,683670
"CI",2032,2576,5488,50531,106224,236904,701560
"CI",2033,2882,5936,52492,109729,243357,718440
"CI",2034,3217,6416,54465,113179,249508,734130
"CI",2035,3581,6929,56432,116527,255236,748250
"CI",2036,3959,7446,58146,119261,259412,757476
"CI",2037,4366,7993,59811,121798,262944,764456
"CI",2038,4811,8583,61502,124285,266130,770026
"CI",2039,5294,9218,63199,126668,268826,773731
"CI",2040,5819,9900,64895,128923,270961,775317
"CI",2041,6390,10634,66585,131027,272454,774504
"CI",2042,7011,11425,68262,132952,273214,770975
"CI",2043,7687,12276,69918,134669,273142,764383
"CI",2044,8422,13193,71544,136141,272126,754339
"CI",2045,9221,14180,73128,137326,270031,740387
"CI",2046,10089,15244,74657,138180,266719,722044
"CI",2047,11034,16391,76118,138654,262034,698781
"CI",2048,12062,17628,77496,138693,255805,670002
"CI",2049,13180,18962,78773,138234,247837,635047
"CI",2050,14395,20401,79927,137206,237912,593170
"CI",2051,14629,20700,80595,138014,238399,592461
"CI",2052,14871,21010,81293,138865,238935,591822
"CI",2053,15122,21332,82020,139757,239515,591235
"CI",2054,15381,21665,82777,140688,240136,590690
"CI",2055,15649,22009,83562,141657,240792,590175
"CI",2056,15925,22364,84372,142658,241474,589657
"CI",2057,16210,22730,85207,143691,242179,589128
"CI",2058,16504,23107,86070,144757,242909,588592
"CI",2059,16807,23496,86957,145854,243655,588023
"CI",2060,17118,23896,87867,146977,244411,587404
"CI",2061,17439,24307,88803,148128,245180,586736
"CI",2062,17769,24730,89763,149308,245958,586008
"CI",2063,18108,25165,90746,150513,246739,585204
"CI",2064,18456,25612,91754,151744,247524,584319
"CI",2065,18815,26072,92786,153000,248307,583340
"CI",2066,19183,26543,93841,154280,249087,582255
"CI",2067,19561,27027,94918,155579,249855,581044
"CI",2068,19948,27523,96015,156895,250604,579685
"CI",2069,20345,28030,97132,158228,251331,578170
"CI",2070,20752,28549,98267,159573,252031,576480
"CI",2071,21129,29027,99239,160636,252238,573552
"CI",2072,21515,29514,100220,161700,252399,570415
"CI",2073,21908,30011,101214,162765,252517,567069
"CI",2074,22309,30518,102219,163834,252592,563511
"CI",2075,22719,31036,103240,164909,252625,559744
"CI",2076,23138,31564,104273,165986,252611,555747
"CI",2077,23565,32101,105313,167058,252534,551488
"CI",2078,24001,32650,106368,168133,252410,546993
"CI",2079,24446,33209,107432,169205,252224,542229
"CI",2080,24900,33779,108509,170276,251980,537200
"CI",2081,25286,34232,108799,169779,248424,522665
"CI",2082,25681,34696,109098,169273,244788,507795
"CI",2083,26086,35171,109403,168753,241062,492566
"CI",2084,26499,35656,109712,168215,237239,476951
"CI",2085,26923,36153,110027,167662,233319,460950
"CI",2086,27357,36662,110352,167098,229306,444560
"CI",2087,27801,37184,110683,166517,225189,427752
"CI",2088,28256,37717,111018,165914,220959,410503
"CI",2089,28722,38263,111360,165294,216617,392806
"CI",2090,29199,38823,111708,164654,212158,374644
"CI",2091,29688,39396,112062,163992,207576,355994
"CI",2092,30188,39982,112418,163303,202861,336832
"CI",2093,30699,40580,112775,162583,198004,317132
"CI",2094,31221,41191,113134,161831,193003,296881
"CI",2095,31755,41816,113494,161048,187852,276063
"CI",2096,32302,42455,113855,160230,182547,254656
"CI",2097,32860,43107,114215,159376,177080,232638
"CI",2098,33431,43774,114577,158486,171448,209994
"CI",2099,34016,44457,114941,157560,165647,186704
"CI",2100,34614,45154,115303,156592,159666,162740
"ET",2020,498,1419,13916,31376,71863,212605
"ET",2021,532,1475,13892,30241,66882,188214
"ET",2022,556,1518,14239,30984,68512,192780
"ET",2023,584,1595,14979,32596,72078,202817
"ET",2024,619,1691,15889,34579,76463,215157
"ET",2025,647,1770,16624,36178,79999,225107
"ET",2026,734,1917,17447,37797,83241,233710
"ET",2027,832,2081,18340,39544,86715,242889
"ET",2028,940,2259,19280,41366,90299,252291
"ET",2029,1058,2449,20234,43186,93820,261425
"ET",2030,1188,2652,21197,44995,97253,270213
"ET",2031,1331,2873,22209,46872,100762,279099
"ET",2032,1488,3111,23251,48775,104247,287799
"ET",2033,1660,3368,24324,50700,107694,296255
"ET",2034,1849,3645,25425,52640,111079,304387
"ET",2035,2055,3941,26539,54554,114302,311911
"ET",2036,2303,4302,27954,57029,118580,322113
"ET",2037,2575,4690,29387,59473,122650,331513
"ET",2038,2877,5116,30896,61995,126716,340639
"ET",2039,3212,5582,32465,64551,130673,349167
"ET",2040,3583,6091,34094,67133,134476,356943
"ET",2041,3994,6648,35783,69728,138077,363791
"ET",2042,4449,7257,37533,72323,141417,369506
"ET",2043,4954,7923,39342,74902,144431,373861
"ET",2044,5513,8652,41210,77444,147042,376585
"ET",2045,6132,9451,43133,79925,149157,377361
"ET",2046,6817,10326,45108,82316,150674,375839
"ET",2047,7577,11284,47130,84585,151473,371610
"ET",2048,8418,12335,49193,86692,151417,364212
"ET",2049,9350,13486,51288,88588,150344,353106
"ET",2050,10382,14747,53404,90220,148071,337682
"ET",2051,10604,15039,54178,91304,149281,339263
"ET",2052,10838,15347,55002,92465,150595,341035
"ET",2053,11085,15672,55875,93697,152001,342968
"ET",2054,11344,16014,56794,94999,153496,345048
"ET",2055,11615,16372,57758,96364,155068,347248
"ET",2056,11899,16746,58767,97795,156717,349562
"ET",2057,12195,17136,59820,99286,158434,351968
"ET",2058,12503,17542,60911,100830,160206,354430
"ET",2059,12823,17964,62044,102432,162037,356957
"ET",2060,13156,18403,63219,104090,163924,359535
"ET",2061,13502,18857,64434,105799,165858,362142
"ET",2062,13859,19328,65685,107555,167829,364751
"ET",2063,14229,19813,66973,109357,169833,367351
"ET",2064,14611,20315,68297,111203,171868,369931
"ET",2065,15006,20833,69658,113095,173931,372484
"ET",2066,15414,21368,71055,115028,176017,374992
"ET",2067,15835,21919,72489,117005,178126,377451
"ET",2068,16269,22488,73960,119024,180253,379848
"ET",2069,16717,23072,75464,121080,182389,382159
"ET",2070,17178,23674,77004,123174,184535,384378
"ET",2071,17614,24240,78405,125028,186271,385637
"ET",2072,18063,24821,79835,126912,188005,386779
"ET",2073,18523,25417,81294,128822,189728,387789
"ET",2074,18997,26029,82783,130761,191443,388662
"ET",2075,19484,26657,84303,132731,193149,389397
"ET",2076,19983,27302,85853,134726,194839,389970
"ET",2077,20497,27963,87431,136747,196508,390371
"ET",2078,21024,28641,89040,138794,198158,390595
"ET",2079,21564,29335,90675,140860,199775,390611
"ET",2080,22118,30047,92340,142950,201363,390423
"ET",2081,22594,30628,93308,143687,200283,383222
"ET",2082,23083,31225,94299,144431,199136,375708
"ET",2083,23586,31839,95310,145178,197914,367853
"ET",2084,24104,32470,96340,145924,196605,359632
"ET",2085,24636,33118,97390,146670,195212,351038
"ET",2086,25184,33785,98463,147420,193734,342059
"ET",2087,25747,34469,99552,148161,192150,332653
"ET",2088,26324,35169,100655,148889,190451,322794
"ET",2089,26917,35888,101776,149609,188641,312477
"ET",2090,27527,36627,102919,150325,186721,301696
"ET",2091,28154,37386,104082,151033,184682,290422
"ET",2092,28798,38163,105259,151724,182508,278620
"ET",2093,29459,38961,106454,152400,180198,266275
"ET",2094,30138,39780,107668,153063,177749,253372
"ET",2095,30836,40620,108900,153708,175150,239881
"ET",2096,31552,41483,110149,154335,172398,225780
"ET",2097,32289,42368,111417,154943,169485,211046
"ET",2098,33044,43274,112699,155523,166396,195644
"ET",2099,33819,44202,113991,156069,163122,179546
"ET",2100,34614,45154,115303,156592,159666,162740
"KE",2020,745,2015,24994,57678,134728,406718
"KE",2021,748,1937,31308,83926,225577,837967
"KE",2022,792,2067,29242,73657,187189,639320
"KE",2023,807,2112,29951,75451,191753,654922
"KE",2024,838,2199,31204,78608,199777,682321
"KE",2025,860,2257,32033,80697,205085,700451
"KE",2026,981,2446,33233,83344,211146,720082
"KE",2027,1113,2649,34473,86047,217267,739785
"KE",2028,1258,2869,35738,88761,223325,759127
"KE",2029,1415,3102,36987,91385,229058,777208
"KE",2030,1584,3349,38207,93877,234358,793650
"KE",2031,1766,3607,39371,96170,239052,807861
"KE",2032,1963,3884,40547,98431,243547,821202
"KE",2033,2177,4183,41740,100659,247830,833615
"KE",2034,2411,4504,42946,102845,251864,844954
"KE",2035,2664,4848,44148,104936,255511,854734
"KE",2036,2972,5278,45879,108182,261780,872960
"KE",2037,3304,5731,47527,111116,267065,887527
"KE",2038,3669,6226,49219,114021,272032,900614
"KE",2039,4069,6763,50932,116830,276490,911538
"KE",2040,4508,7346,52660,119516,280345,919935
"KE",2041,4990,7980,54400,122049,283492,925399
"KE",2042,5519,8669,56144,124396,285814,927478
"KE",2043,6099,9419,57886,126518,287173,925646
"KE",2044,6736,10234,59616,128369,287416,919312
"KE",2045,7434,11121,61323,129899,286368,907809
"KE",2046,8201,12087,62997,131048,283833,890393
"KE",2047,9042,13139,64621,131752,279590,866219
"KE",2048,9966,14284,66179,131933,273386,834331
"KE",2049,10979,15532,67651,131506,264940,793665
"KE",2050,12090,16891,69014,130373,253931,743012
"KE",2051,12303,17166,69663,131178,254502,742593
"KE",2052,12530,17460,70376,132091,255250,742626
"KE",2053,12771,17773,71149,133103,256157,743052
"KE",2054,13026,18105,71978,134206,257204,743808
"KE",2055,13293,18454,72861,135393,258374,744840
"KE",2056,13574,18820,73794,136656,259650,746092
"KE",2057,13869,19204,74776,137993,261023,747529
"KE",2058,14175,19604,75803,139394,262473,749094
"KE",2059,14495,20021,76873,140855,263988,750740
"KE",2060,14826,20454,77982,142368,265552,752420
"KE",2061,15170,20902,79129,143928,267153,754088
"KE",2062,15525,21366,80311,145531,268778,755709
"KE",2063,15893,21845,81527,147172,270416,757242
"KE",2064,16272,22339,82774,148846,272058,758652
"KE",2065,16663,22847,84051,150549,273691,759906
"KE",2066,17065,23371,85358,152280,275312,760980
"KE",2067,17479,23910,86692,154034,276908,761840
"KE",2068,17905,24463,88054,155810,278477,762469
"KE",2069,18343,25032,89441,157602,280003,762820
"KE",2070,18793,25615,90851,159408,281481,762869
"KE",2071,19207,26148,92059,160829,282208,760721
"KE",2072,19631,26694,93285,162256,282874,758247
"KE",2073,20065,27253,94529,163685,283474,755428
"KE",2074,20510,27825,95790,165116,284004,752246
"KE",2075,20966,28410,97068,166548,284457,748680
"KE",2076,21433,29009,98366,167981,284835,744727
"KE",2077,21910,29621,99680,169412,285126,740352
"KE",2078,22399,30248,101011,170841,285329,735544
"KE",2079,22900,30888,102360,172265,285439,730281
"KE",2080,23412,31543,103725,173685,285450,724545
"KE",2081,23850,32078,104258,173231,281099,704553
"KE",2082,24299,32627,104802,172755,276604,683925
"KE",2083,24760,33189,105354,172250,271949,662610
"KE",2084,25233,33767,105915,171719,267132,640597
"KE",2085,25719,34360,106484,171154,262141,617838
"KE",2086,26217,34968,107060,170553,256964,594300
"KE",2087,26728,35591,107641,169914,251594,569946
"KE",2088,27252,36229,108228,169235,246025,544754
"KE",2089,27789,36883,108819,168510,240241,518673
"KE",2090,28339,37553,109412,167734,234232,491665
"KE",2091,28903,38238,110008,166908,227991,463703
"KE",2092,29480,38939,110604,166026,221507,434743
"KE",2093,30071,39657,111200,165086,214770,404754
"KE",2094,30676,40391,111795,164083,207768,373692
"KE",2095,31295,41141,112388,163014,200493,341522
"KE",2096,31929,41909,112980,161881,192938,308215
"KE",2097,32578,42694,113568,160674,185087,273721
"KE",2098,33241,43496,114152,159393,176932,238004
"KE",2099,33920,44316,114731,158034,168463,201024
"KE",2100,34614,45154,115303,156592,159666,162740
"ML",2020,359,964,11935,25499,55259,151289
"ML",2021,358,965,11999,25667,55687,152712
"ML",2022,361,973,12160,26018,56447,154798
"ML",2023,375,1007,12563,26880,58317,159924
"ML",2024,377,1015,12700,27177,58961,161692
"ML",2025,382,1026,12845,27489,59638,163548
"ML",2026,447,1143,13763,29344,63442,173648
"ML",2027,520,1271,14714,31248,67314,183870
"ML",2028,602,1410,15689,33183,71208,194082
"ML",2029,691,1557,16654,35071,74952,203812
"ML",2030,790,1715,17625,36947,78618,213250
"ML",2031,900,1887,18626,38858,82301,222643
"ML",2032,1023,2077,19677,40843,86078,232192
"ML",2033,1160,2286,20779,42898,89933,241839
"ML",2034,1314,2516,21931,45017,93840,251499
"ML",2035,1484,2765,23108,47147,97681,260842
"ML",2036,1691,3071,24588,49841,102584,272850
"ML",2037,1915,3394,26014,52370,107023,283423
"ML",2038,2168,3756,27536,55025,111583,294092
"ML",2039,2452,4156,29126,57744,116113,304427
"ML",2040,2771,4599,30785,60515,120570,314273
"ML",2041,3128,5090,32513,63327,124903,323454
"ML",2042,3529,5634,34308,66163,129051,331763
"ML",2043,3979,6236,36168,69006,132941,338953
"ML",2044,4483,6905,38091,71829,136485,344732
"ML",2045,5048,7647,40072,74603,139583,348761
"ML",2046,5681,8469,42103,77294,142113,350644
"ML",2047,6391,9382,44177,79859,143934,349920
"ML",2048,7186,10395,46283,82247,144883,346057
"ML",2049,8077,11519,48406,84397,144767,338435
"ML",2050,9076,12766,50530,86239,143365,326343
"ML",2051,9310,13077,51434,87573,145062,329167
"ML",2052,9554,13401,52371,88956,146815,332068
"ML",2053,9807,13738,53344,90387,148622,335042
"ML",2054,10071,14087,54350,91864,150480,338077
"ML",2055,10344,14450,55391,93391,152389,341172
"ML",2056,10628,14827,56466,94964,154346,344314
"ML",2057,10923,15217,57577,96583,156349,347496
"ML",2058,11229,15622,58722,98249,158394,350708
"ML",2059,11546,16041,59904,99962,160483,353949
"ML",2060,11875,16475,61121,101721,162610,357203
"ML",2061,12215,16925,62374,103526,164776,360467
"ML",2062,12568,17390,63663,105377,166976,363730
"ML",2063,12933,17871,64988,107272,169209,366980
"ML",2064,13310,18369,66351,109212,171471,370210
"ML",2065,13701,18883,67751,111199,173764,373417
"ML",2066,14106,19415,69189,113231,176083,376586
"ML",2067,14524,19965,70666,115308,178428,379710
"ML",2068,14957,20533,72182,117432,180796,382783
"ML",2069,15405,21119,73737,119599,183181,385784
"ML",2070,15867,21725,75331,121810,185582,388707
"ML",2071,16313,22307,76816,123826,187632,390781
"ML",2072,16773,22906,78333,125873,189679,392735
"ML",2073,17247,23523,79881,127950,191717,394552
"ML",2074,17735,24158,81463,130061,193748,396232
"ML",2075,18237,24810,83076,132199,195764,397749
"ML",2076,18755,25482,84724,134369,197766,399104
"ML",2077,19289,26174,86406,136572,199753,400289
"ML",2078,19838,26885,88122,138805,201719,401285
"ML",2079,20404,27618,89875,141069,203665,402085
"ML",2080,20987,28371,91662,143362,205581,402668
"ML",2081,21491,28998,92674,144157,204568,395705
"ML",2082,22012,29645,93707,144952,203465,388361
"ML",2083,22548,30311,94758,145741,202263,380612
"ML",2084,23100,30996,95827,146524,200955,372433
"ML",2085,23669,31702,96914,147298,199535,363803
"ML",2086,24255,32427,98017,148059,197993,354694
"ML",2087,24859,33175,99139,148811,196329,345094
"ML",2088,25482,33945,100280,149551,194533,334977
"ML",2089,26124,34737,101438,150273,192596,324310
"ML",2090,26785,35552,102613,150979,190513,313073
"ML",2091,27465,36391,103805,151663,188271,301233
"ML",2092,28167,37255,105014,152326,185866,288767
"ML",2093,28890,38144,106240,152966,183290,275646
"ML",2094,29636,39060,107485,153582,180536,261842
"ML",2095,30404,40003,108747,154170,177592,247321
"ML",2096,31196,40973,110024,154725,174446,232045
"ML",2097,32011,41973,111318,155247,171090,215984
"ML",2098,32853,43002,112630,155735,167517,199106
"ML",2099,33720,44062,113959,156184,163712,181371
"ML",2100,34614,45154,115303,156592,159666,162740
"NE",2020,271,692,9230,23704,61539,219447
"NE",2021,278,699,8673,22120,57010,201083
"NE",2022,299,755,9392,23957,61750,217805
"NE",2023,294,749,9377,23922,61658,217482
"NE",2024,309,787,9846,25119,64744,228368
"NE",2025,316,806,10087,25733,66327,233949
"NE",2026,363,886,10671,27098,69622,245205
"NE",2027,417,976,11316,28594,73216,257452
"NE",2028,477,1077,12019,30215,77087,270605
"NE",2029,545,1186,12736,31846,80938,283605
"NE",2030,620,1306,13482,33517,84836,296685
"NE",2031,707,1442,14309,35360,89109,310975
"NE",2032,804,1594,15192,37301,93562,325775
"NE",2033,915,1763,16132,39341,98182,341027
"NE",2034,1039,1951,17131,41475,102950,356642
"NE",2035,1178,2157,18167,43647,107709,372051
"NE",2036,1350,2414,19482,46420,113830,391956
"NE",2037,1537,2686,20768,49051,119456,409904
"NE",2038,1751,2994,22153,51830,125283,428259
"NE",2039,1992,3338,23613,54687,131106,446274
"NE",2040,2265,3721,25148,57607,136867,463697
"NE",2041,2573,4148,26760,60578,142497,480228
"NE",2042,2921,4625,28450,63578,147909,495505
"NE",2043,3314,5158,30215,66584,152999,509098
"NE",2044,3758,5752,32056,69566,157645,520494
"NE",2045,4259,6417,33968,72486,161696,529082
"NE",2046,4825,7160,35948,75298,164977,534141
"NE",2047,5465,7990,37987,77947,167277,534821
"NE",2048,6186,8918,40077,80367,168350,530128
"NE",2049,7001,9955,42206,82478,167906,518900
"NE",2050,7920,11114,44356,84185,165601,499768
"NE",2051,8142,11410,45242,85586,167691,504638
"NE",2052,8374,11719,46170,87051,169871,509707
"NE",2053,8616,12042,47137,88577,172133,514944
"NE",2054,8870,12380,48145,90164,174475,520339
"NE",2055,9134,12733,49193,91809,176892,525867
"NE",2056,9411,13100,50282,93513,179378,531510
"NE",2057,9698,13483,51410,95272,181927,537241
"NE",2058,9998,13881,52579,97087,184536,543049
"NE",2059,10310,14295,53789,98957,187202,548915
"NE",2060,10634,14726,55038,100881,189918,554814
"NE",2061,10971,15173,56330,102860,192684,560738
"NE",2062,11321,15637,57662,104891,195492,566658
"NE",2063,11685,16118,59037,106974,198339,572559
"NE",2064,12062,16618,60453,109109,201220,578419
"NE",2065,12454,17135,61912,111295,204131,584218
"NE",2066,12860,17672,63413,113530,207067,589933
"NE",2067,13282,18228,64959,115819,210029,595559
"NE",2068,13719,18804,66549,118156,213006,601059
"NE",2069,14172,19400,68182,120541,215992,606404
"NE",2070,14641,20017,69861,122975,218987,611585
"NE",2071,15097,20615,71441,125204,221536,615329
"NE",2072,15568,21231,73060,127469,224068,618831
"NE",2073,16054,21867,74717,129769,226575,622061
"NE",2074,16557,22524,76414,132103,229054,625001
"NE",2075,17076,23202,78151,134471,231502,627629
"NE",2076,17612,23901,79929,136874,233912,629923
"NE",2077,18166,24623,81748,139310,236280,631854
"NE",2078,18739,25367,83609,141778,238597,633390
"NE",2079,19330,26135,85514,144279,240862,634514
"NE",2080,19940,26928,87461,146811,243065,635192
"NE",2081,20471,27595,88640,147624,241272,622479
"NE",2082,21020,28283,89841,148420,239304,608940
"NE",2083,21587,28994,91066,149201,237158,594543
"NE",2084,22172,29727,92315,149961,234817,579231
"NE",2085,22777,30483,93586,150698,232271,562955
"NE",2086,23401,31263,94879,151407,229506,545660
"NE",2087,24045,32068,96195,152086,226508,527294
"NE",2088,24711,32898,97533,152733,223268,507807
"NE",2089,25399,33755,98894,153344,219769,487136
"NE",2090,26108,34638,100277,153915,215996,465221
"NE",2091,26841,35549,101683,154444,211937,442006
"NE",2092,27598,36488,103110,154925,207574,417418
"NE",2093,28380,37458,104559,155356,202892,391395
"NE",2094,29187,38458,106031,155733,197875,363867
"NE",2095,30020,39489,107523,156050,192502,334756
"NE",2096,30881,40552,109037,156304,186758,303991
"NE",2097,31770,41650,110574,156491,180624,271494
"NE",2098,32688,42782,112130,156605,174078,237176
"NE",2099,33635,43950,113706,156640,167099,200954
"NE",2100,34614,45154,115303,156592,159666,162740
"NG",2020,784,2463,26059,64391,161657,545231
"NG",2021,801,2486,25920,66149,171776,609318
"NG",2022,815,2502,25738,67798,181984,678566
"NG",2023,822,2517,25852,68085,182740,681360
"NG",2024,823,2530,26254,69191,185699,692385
"NG",2025,821,2524,26189,69020,185238,690668
"NG",2026,949,2749,27550,72201,193060,718643
"NG",2027,1082,2968,28722,74834,199316,740623
"NG",2028,1222,3186,29770,77087,204463,758322
"NG",2029,1368,3405,30705,78995,208600,772111
"NG",2030,1522,3628,31560,80642,211947,782810
"NG",2031,1687,3859,32377,82134,214785,791456
"NG",2032,1862,4099,33158,83480,217132,798108
"NG",2033,2048,4349,33901,84665,218947,802609
"NG",2034,2244,4608,34597,85670,220176,804754
"NG",2035,2450,4873,35225,86439,220671,803993
"NG",2036,2749,5305,36893,89663,227253,825097
"NG",2037,3062,5742,38400,92373,232291,840175
"NG",2038,3408,6220,39978,95119,237166,854205
"NG",2039,3790,6739,41601,97826,241651,866316
"NG",2040,4210,7304,43268,100472,245662,876142
"NG",2041,4672,7917,44977,103035,249105,883275
"NG",2042,5181,8584,46724,105485,251865,887233
"NG",2043,5740,9309,48508,107792,253821,887494
"NG",2044,6357,10098,50324,109919,254829,883448
"NG",2045,7035,10957,52165,111824,254727,874414
"NG",2046,7781,11891,54025,113459,253333,859620
"NG",2047,8601,12909,55895,114768,250438,838189
"NG",2048,9504,14016,57766,115687,245808,809145
"NG",2049,10497,15222,59625,116145,239179,771384
"NG",2050,11589,16534,61458,116060,230253,723668
"NG",2051,11838,16861,62324,117291,231697,725965
"NG",2052,12096,17201,63227,118576,233210,728389
"NG",2053,12365,17554,64165,119911,234781,730908
"NG",2054,12644,17920,65137,121293,236403,733493
"NG",2055,12933,18300,66143,122721,238072,736121
"NG",2056,13232,18693,67182,124193,239780,738769
"NG",2057,13542,19099,68254,125707,241522,741412
"NG",2058,13862,19519,69357,127258,243287,744015
"NG",2059,14192,19952,70491,128846,245073,746559
"NG",2060,14533,20399,71657,130472,246877,749037
"NG",2061,14884,20859,72852,132130,248686,751401
"NG",2062,15247,21332,74077,133820,250499,753639
"NG",2063,15620,21820,75332,135541,252309,755729
"NG",2064,16004,22322,76616,137290,254112,757650
"NG",2065,16399,22837,77927,139063,255895,759360
"NG",2066,16806,23366,79266,140861,257658,760849
"NG",2067,17223,23909,80632,142682,259394,762093
"NG",2068,17652,24466,82026,144524,261098,763068
"NG",2069,18093,25038,83445,146384,262761,763744
"NG",2070,18545,25624,84891,148261,264379,764103
"NG",2071,18967,26167,86173,149825,265365,762448
"NG",2072,19399,26722,87473,151393,266287,760428
"NG",2073,19841,27289,88793,152967,267144,758030
"NG",2074,20293,27868,90131,154545,267930,755236
"NG",2075,20756,28461,91488,156126,268642,752030
"NG",2076,21229,29065,92864,157709,269275,748390
"NG",2077,21712,29683,94257,159291,269822,744290
"NG",2078,22207,30314,95671,160875,270287,739736
"NG",2079,22713,30958,97102,162457,270658,734688
"NG",2080,23230,31616,98553,164039,270935,729138
"NG",2081,23678,32154,99297,163982,267214,709339
"NG",2082,24137,32704,100051,163903,263343,688833
"NG",2083,24607,33268,100818,163802,259319,667598
"NG",2084,25090,33847,101597,163679,255138,645615
"NG",2085,25584,34438,102387,163528,250786,622835
"NG",2086,26091,35044,103185,163347,246253,599222
"NG",2087,26609,35664,103994,163136,241539,574757
"NG",2088,27141,36298,104813,162891,236631,549401
"NG",2089,27685,36947,105642,162612,231523,523123
"NG",2090,28243,37611,106479,162295,226206,495885
"NG",2091,28814,38291,107326,161939,220673,467657
"NG",2092,29399,38986,108182,161542,214916,438403
"NG",2093,29998,39697,109044,161099,208922,408076
"NG",2094,30611,40424,109915,160611,202687,376651
"NG",2095,31239,41169,110795,160076,196201,344088
"NG",2096,31882,41930,111683,159490,189455,310344
"NG",2097,32542,42710,112579,158854,182441,275384
"NG",2098,33216,43506,113481,158160,175144,239156
"NG",2099,33907,44321,114390,157408,167557,201624
"NG",2100,34614,45154,115303,156592,159666,162740
"RW",2020,355,913,15368,47791,149268,699672
"RW",2021,388,998,16835,51538,158347,722778
"RW",2022,423,1069,17938,54036,163266,725574
"RW",2023,473,1179,19744,58525,173867,752208
"RW",2024,516,1291,21628,64114,190473,824061
"RW",2025,541,1354,22690,67261,199822,864506
"RW",2026,622,1483,23731,70025,207501,896811
"RW",2027,711,1623,24802,72832,215234,929218
"RW",2028,809,1774,25891,75643,222894,961168
"RW",2029,915,1935,26958,78335,230116,991069
"RW",2030,1030,2106,28001,80900,236867,1018778
"RW",2031,1157,2290,29054,83433,243422,1045456
"RW",2032,1295,2490,30117,85927,249748,1070952
"RW",2033,1447,2705,31190,88376,255817,1095126
"RW",2034,1612,2937,32271,90768,261581,1117744
"RW",2035,1792,3186,33329,93008,266755,1137573
"RW",2036,2032,3530,35146,97252,277478,1180708
"RW",2037,2289,3891,36838,101009,286566,1216439
"RW",2038,2577,4292,38608,104828,295553,1251245
"RW",2039,2898,4734,40426,108603,304104,1283641
"RW",2040,3256,5222,42289,112302,312090,1312994
"RW",2041,3654,5759,44188,115877,319324,1338438
"RW",2042,4098,6352,46113,119272,325597,1358989
"RW",2043,4592,7006,48058,122440,330716,1373719
"RW",2044,5141,7726,50013,125309,334417,1381396
"RW",2045,5753,8521,51961,127800,336399,1380607
"RW",2046,6433,9398,53889,129829,336345,1369863
"RW",2047,7190,10367,55782,131301,333890,1347441
"RW",2048,8034,11437,57622,132107,328617,1311378
"RW",2049,8972,12618,59376,132097,319991,1259198
"RW",2050,10015,13922,61011,131106,307415,1188147
"RW",2051,10244,14224,61862,132413,309296,1192823
"RW",2052,10484,14540,62754,133789,311288,1197824
"RW",2053,10735,14869,63686,135227,313374,1203070
"RW",2054,10996,15214,64662,136734,315567,1208606
"RW",2055,11270,15574,65682,138311,317861,1214406
"RW",2056,11554,15948,66739,139939,320215,1220297
"RW",2057,11848,16335,67829,141610,322604,1226182
"RW",2058,12157,16741,68971,143360,325108,1232358
"RW",2059,12477,17163,70152,145163,327661,1238557
"RW",2060,12807,17597,71359,146986,330187,1244493
"RW",2061,13151,18049,72610,148870,332773,1250479
"RW",2062,13506,18515,73892,150784,335348,1256239
"RW",2063,13873,18996,75202,152722,337891,1261688
"RW",2064,14252,19494,76553,154704,340447,1266983
"RW",2065,14645,20009,77938,156718,342981,1271987
"RW",2066,15050,20539,79351,158750,345459,1276561
"RW",2067,15468,21085,80797,160808,347896,1280746
"RW",2068,15900,21651,82281,162901,350305,1284588
"RW",2069,16345,22231,83788,164993,352606,1287778
"RW",2070,16803,22830,85328,167106,354840,1290452
"RW",2071,17241,23399,86722,168890,356262,1289908
"RW",2072,17690,23983,88139,170674,357574,1288690
"RW",2073,18153,24583,89582,172462,358778,1286805
"RW",2074,18628,25199,91045,174242,359847,1284135
"RW",2075,19116,25831,92531,176015,360778,1280665
"RW",2076,19617,26480,94037,177779,361559,1276339
"RW",2077,20132,27146,95570,179540,362201,1271183
"RW",2078,20663,27832,97133,181304,362708,1265196
"RW",2079,21209,28537,98722,183060,363053,1258273
"RW",2080,21771,29263,100341,184816,363247,1250431
"RW",2081,22256,29868,101054,184209,356958,1215467
"RW",2082,22755,30490,101776,183549,350373,1178991
"RW",2083,23270,31131,102510,182835,343484,1140946
"RW",2084,23797,31787,103242,182039,336231,1101117
"RW",2085,24339,32460,103973,181164,328608,1059461
"RW",2086,24897,33154,104719,180230,320648,1016056
"RW",2087,25476,33873,105488,179250,312357,970890
"RW",2088,26072,34613,106261,178185,303659,923693
"RW",2089,26686,35374,107040,177037,294543,874394
"RW",2090,27314,36153,107810,175777,284951,822793
"RW",2091,27953,36943,108556,174375,274828,768699
"RW",2092,28612,37759,109311,172884,264247,712293
"RW",2093,29294,38602,110080,171307,253199,653494
"RW",2094,29993,39464,110837,169597,241598,592035
"RW",2095,30712,40351,111596,167773,229458,527899
"RW",2096,31451,41263,112353,165825,216751,460962
"RW",2097,32207,42194,113092,163721,203420,391049
"RW",2098,32985,43151,113827,161481,189474,318118
"RW",2099,33789,44140,114569,159114,174907,242072
"RW",2100,34614,45154,115303,156592,159666,162740
"SD",2020,190,538,6305,19858,63235,308716
"SD",2021,179,512,6022,18972,60420,294983
"SD",2022,176,495,5747,18090,57596,281168
"SD",2023,155,444,5237,16501,52555,256590
"SD",2024,117,334,3944,12426,39574,193212
"SD",2025,111,318,3755,11832,37684,183983
"SD",2026,137,371,4213,13194,41889,204276
"SD",2027,167,430,4707,14647,46349,225745
"SD",2028,203,500,5263,16269,51301,249531
"SD",2029,246,579,5867,18009,56574,274786
"SD",2030,296,669,6521,19868,62162,301471
"SD",2031,354,772,7233,21864,68114,329791
"SD",2032,422,888,8003,23991,74397,359574
"SD",2033,501,1020,8832,26243,80977,390623
"SD",2034,593,1169,9720,28609,87808,422686
"SD",2035,696,1334,10642,31010,94628,454479
"SD",2036,816,1522,11647,33578,101822,487813
"SD",2037,944,1714,12573,35834,107919,515605
"SD",2038,1094,1938,13625,38355,114652,546113
"SD",2039,1268,2193,14755,40990,121524,576901
"SD",2040,1467,2481,15968,43731,128479,607629
"SD",2041,1696,2807,17269,46568,135442,637861
"SD",2042,1959,3177,18662,49485,142318,667043
"SD",2043,2262,3596,20150,52461,148989,694503
"SD",2044,2610,4071,21737,55470,155307,719404
"SD",2045,3009,4611,23425,58477,161087,740720
"SD",2046,3467,5222,25217,61436,166105,757208
"SD",2047,3994,5916,27112,64291,170087,767351
"SD",2048,4598,6703,29109,66972,172703,769350
"SD",2049,5291,7597,31205,69394,173557,761036
"SD",2050,6087,8611,33394,71450,172165,739796
"SD",2051,6285,8878,34221,72904,174906,749741
"SD",2052,6494,9160,35089,74426,177764,760073
"SD",2053,6713,9455,35998,76015,180734,770770
"SD",2054,6944,9765,36949,77672,183813,781808
"SD",2055,7185,10090,37943,79397,186999,793165
"SD",2056,7439,10430,38979,81187,190282,804791
"SD",2057,7704,10786,40059,83044,193658,816663
"SD",2058,7982,11159,41183,84966,197126,828760
"SD",2059,8272,11548,42353,86955,200679,841049
"SD",2060,8576,11955,43568,89010,204313,853496
"SD",2061,8894,12380,44831,91132,208026,866086
"SD",2062,9226,12823,46142,93322,211813,878781
"SD",2063,9572,13286,47502,95577,215668,891543
"SD",2064,9934,13768,48912,97898,219581,904321
"SD",2065,10312,14271,50372,100284,223548,917081
"SD",2066,10706,14795,51885,102739,227570,929812
"SD",2067,11117,15342,53453,105261,231640,942475
"SD",2068,11545,15911,55073,107848,235743,954982
"SD",2069,11992,16503,56749,110498,239872,967300
"SD",2070,12457,17120,58483,113218,244033,979425
"SD",2071,12915,17724,60149,115760,247688,989192
"SD",2072,13391,18352,61867,118356,251335,998592
"SD",2073,13886,19004,63639,121006,254967,1007574
"SD",2074,14401,19681,65464,123708,258571,1016076
"SD",2075,14935,20383,67345,126464,262145,1024056
"SD",2076,15490,21111,69282,129269,265670,1031430
"SD",2077,16067,21868,71278,132128,269148,1038176
"SD",2078,16667,22653,73336,135041,272573,1044247
"SD",2079,17290,23468,75455,138007,275929,1049553
"SD",2080,17937,24314,77637,141023,279203,1054022
"SD",2081,18508,25037,79121,142206,277241,1034017
"SD",2082,19102,25788,80646,143377,275012,1012299
"SD",2083,19718,26568,82213,144535,272501,988763
"SD",2084,20359,27377,83822,145674,269684,963278
"SD",2085,21025,28216,85472,146789,266531,935694
"SD",2086,21715,29086,87162,147870,263013,905857
"SD",2087,22432,29988,88895,148917,259114,873659
"SD",2088,23176,30922,90666,149920,254797,838915
"SD",2089,23948,31890,92479,150876,250040,801495
"SD",2090,24748,32892,94334,151780,244814,761240
"SD",2091,25579,33931,96230,152624,239089,717980
"SD",2092,26441,35008,98172,153409,232841,671569
"SD",2093,27336,36125,100157,154125,226036,621814
"SD",2094,28263,37280,102182,154758,218626,568492
"SD",2095,29225,38477,104251,155309,210590,511446
"SD",2096,30224,39719,106369,155775,201896,450480
"SD",2097,31262,41006,108533,156145,192499,385358
"SD",2098,32338,42340,110744,156412,182358,315858
"SD",2099,33456,43722,113001,156565,171430,241736
"SD",2100,34614,45154,115303,156592,159666,162740
"ZA",2020,1699,3474,72309,209169,652088,2933872
"ZA",2021,1650,3524,76377,221164,689790,3104171
"ZA",2022,1634,3521,76268,220745,688315,3097189
"ZA",2023,1619,3511,76107,220159,686261,3087441
"ZA",2024,1472,3299,89166,243016,702374,2806852
"ZA",2025,1465,3285,88783,241971,699354,2794784
"ZA",2026,1721,3662,92317,250653,722680,2885135
"ZA",2027,1995,4058,95521,258316,742845,2962500
"ZA",2028,2287,4469,98355,264859,759561,3025738
"ZA",2029,2596,4895,100801,270232,772689,3074307
"ZA",2030,2921,5335,102878,274494,782405,3108913
"ZA",2031,3255,5778,104406,277167,787361,3124224
"ZA",2032,3607,6238,105667,279009,789723,3128854
"ZA",2033,3975,6715,106658,280013,789471,3122733
"ZA",2034,4360,7207,107371,280159,786554,3105654
"ZA",2035,4760,7715,107792,279411,780871,3077230
"ZA",2036,5222,8309,108887,280257,779346,3064694
"ZA",2037,5710,8935,109782,280413,775552,3042644
"ZA",2038,6233,9601,110571,280108,770109,3013488
"ZA",2039,6790,10308,111222,279246,762720,2976016
"ZA",2040,7385,11060,111726,277794,753269,2929723
"ZA",2041,8020,11860,112075,275710,741612,2873995
"ZA",2042,8698,12710,112254,272945,727578,2808105
"ZA",2043,9422,13614,112247,269441,710971,2731224
"ZA",2044,10194,14576,112040,265138,691588,2642495
"ZA",2045,11018,15599,111614,259969,669203,2540961
"ZA",2046,11898,16689,110949,253863,643576,2425598
"ZA",2047,12838,17848,110023,246736,614428,2295241
"ZA",2048,13840,19081,108806,238491,581441,2148559
"ZA",2049,14909,20392,107269,229028,544290,1984194
"ZA",2050,16050,21787,105387,218251,502652,1800775
"ZA",2051,16239,22026,105597,217931,500067,1787752
"ZA",2052,16444,22288,105896,217780,497836,1775924
"ZA",2053,16664,22570,106272,217772,495894,1765048
"ZA",2054,16900,22871,106721,217896,494210,1755007
"ZA",2055,17150,23192,107236,218138,492748,1745658
"ZA",2056,17412,23529,107804,218467,491437,1736743
"ZA",2057,17686,23882,108422,218876,490252,1728166
"ZA",2058,17973,24251,109086,219357,489172,1719846
"ZA",2059,18271,24635,109787,219890,488151,1711610
"ZA",2060,18579,25032,110521,220465,487161,1703352
"ZA",2061,18897,25442,111284,221072,486179,1694987
"ZA",2062,19225,25865,112073,221703,485185,1686437
"ZA",2063,19563,26301,112886,222357,484168,1677662
"ZA",2064,19910,26748,113719,223020,483101,1668554
"ZA",2065,20265,27206,114565,223681,481953,1659004
"ZA",2066,20629,27675,115423,224334,480710,1648958
"ZA",2067,21001,28154,116293,224979,479372,1638410
"ZA",2068,21382,28645,117173,225614,477926,1627312
"ZA",2069,21771,29145,118061,226229,476355,1615596
"ZA",2070,22168,29657,118959,226832,474667,1603287
"ZA",2071,22516,30102,119556,226829,471629,1586230
"ZA",2072,22871,30555,120154,226798,468455,1568538
"ZA",2073,23231,31014,120747,226728,465118,1550117
"ZA",2074,23598,31483,121346,226637,461655,1531087
"ZA",2075,23972,31961,121947,226519,458053,1511396
"ZA",2076,24353,32447,122548,226369,454294,1490987
"ZA",2077,24741,32942,123150,226188,450385,1469869
"ZA",2078,25137,33446,123755,225977,446321,1448022
"ZA",2079,25540,33960,124361,225734,442097,1425429
"ZA",2080,25951,34483,124967,225454,437701,1402040
"ZA",2081,26308,34924,124583,222655,426354,1351409
"ZA",2082,26674,35375,124199,219814,414810,1299870
"ZA",2083,27048,35836,123812,216926,403056,1247369
"ZA",2084,27430,36307,123418,213981,391067,1193818
"ZA",2085,27819,36786,123014,210973,378831,1139170
"ZA",2086,28216,37277,122605,207909,366353,1083430
"ZA",2087,28622,37777,122188,204782,353621,1026548
"ZA",2088,29036,38288,121760,201587,340616,968459
"ZA",2089,29458,38807,121319,198317,327325,909115
"ZA",2090,29887,39337,120863,194971,313740,848478
"ZA",2091,30325,39876,120395,191547,299857,786525
"ZA",2092,30770,40425,119910,188041,285661,723204
"ZA",2093,31223,40983,119406,184443,271135,658456
"ZA",2094,31684,41550,118884,180759,256281,592271
"ZA",2095,32153,42127,118342,176980,241083,524601
"ZA",2096,32628,42712,117776,173100,225529,455396
"ZA",2097,33112,43307,117188,169123,209616,384642
"ZA",2098,33603,43912,116580,165046,193340,312306
"ZA",2099,34104,44528,115953,160872,176695,238354
"ZA",2100,34614,45154,115303,156592,159666,162740
"OJ",2020,273,1027,21238,74028,240371,1510292
"OJ",2021,278,1043,21389,75272,246122,1528885
"OJ",2022,279,1050,21387,74497,242440,1562557
"OJ",2023,280,1056,21566,74335,245274,1576431
"OJ",2024,279,1070,22419,76695,254520,1626939
"OJ",2025,282,1078,22592,77288,256489,1639526
"OJ",2026,356,1212,23940,81483,269781,1723000
"OJ",2027,440,1357,25303,85663,282922,1805254
"OJ",2028,535,1514,26646,89700,295477,1883506
"OJ",2029,639,1680,27925,93447,306956,1954600
"OJ",2030,753,1857,29155,96945,317492,2019388
"OJ",2031,879,2047,30359,100267,327313,2079304
"OJ",2032,1018,2253,31560,103488,336658,2135835
"OJ",2033,1171,2475,32755,106586,345441,2188412
"OJ",2034,1339,2714,33937,109531,353551,2236291
"OJ",2035,1522,2970,35075,112215,360629,2277168
"OJ",2036,1752,3303,36831,116726,373335,2352996
"OJ",2037,2004,3660,38515,120831,384447,2418046
"OJ",2038,2288,4056,40265,124942,395252,2480348
"OJ",2039,2604,4493,42052,128944,405339,2537211
"OJ",2040,2958,4976,43872,132796,414526,2587373
"OJ",2041,3354,5509,45719,136446,422599,2629353
"OJ",2042,3795,6098,47586,139835,429311,2661452
"OJ",2043,4287,6748,49463,142895,434379,2681718
"OJ",2044,4836,7466,51340,145547,437473,2687899
"OJ",2045,5449,8259,53204,147698,438217,2677412
"OJ",2046,6132,9136,55039,149242,436174,2647279
"OJ",2047,6894,10105,56826,150054,430848,2594122
"OJ",2048,7742,11175,58541,149993,421671,2514074
"OJ",2049,8687,12358,60159,148896,407993,2402720
"OJ",2050,9740,13665,61648,146575,389074,2255050
"OJ",2051,9957,13949,62426,147750,390723,2260233
"OJ",2052,10187,14252,63261,149036,392608,2266609
"OJ",2053,10429,14571,64151,150422,394697,2273977
"OJ",2054,10684,14906,65093,151900,396962,2282170
"OJ",2055,10952,15259,66085,153464,399384,2291054
"OJ",2056,11232,15627,67125,155106,401935,2300452
"OJ",2057,11524,16012,68209,156817,404589,2310205
"OJ",2058,11829,16414,69337,158592,407324,2320174
"OJ",2059,12146,16831,70508,160427,410129,2330274
"OJ",2060,12476,17265,71721,162317,412983,2340378
"OJ",2061,12819,17716,72972,164253,415861,2350316
"OJ",2062,13174,18183,74261,166231,418745,2359984
"OJ",2063,13542,18666,75586,168246,421619,2369264
"OJ",2064,13923,19166,76949,170295,424468,2378065
"OJ",2065,14318,19684,78347,172377,427284,2386313
"OJ",2066,14725,20218,79780,174483,430043,2393864
"OJ",2067,15147,20770,81246,176610,432726,2400596
"OJ",2068,15582,21339,82746,178753,435322,2406420
"OJ",2069,16031,21926,84278,180912,437818,2411254
"OJ",2070,16495,22532,85843,183081,440198,2414984
"OJ",2071,16933,23101,87235,184824,441414,2411866
"OJ",2072,17384,23687,88652,186563,442478,2407457
"OJ",2073,17849,24290,90094,188295,443383,2401698
"OJ",2074,18327,24909,91561,190018,444114,2394485
"OJ",2075,18818,25545,93051,191726,444653,2385707
"OJ",2076,19323,26198,94564,193417,444988,2375278
"OJ",2077,19843,26870,96102,195091,445113,2363140
"OJ",2078,20377,27560,97664,196745,445015,2349203
"OJ",2079,20926,28268,99249,198372,444673,2333331
"OJ",2080,21490,28995,100857,199971,444075,2315437
"OJ",2081,21986,29610,101556,198872,435144,2245758
"OJ",2082,22496,30243,102263,197697,425804,2173089
"OJ",2083,23021,30895,102979,196442,416037,2097302
"OJ",2084,23562,31565,103701,195102,405816,2018218
"OJ",2085,24119,32254,104430,193669,395120,1935685
"OJ",2086,24692,32962,105164,192138,383923,1849536
"OJ",2087,25280,33690,105900,190499,372194,1759574
"OJ",2088,25886,34438,106637,188747,359911,1665641
"OJ",2089,26509,35207,107376,186878,347052,1567586
"OJ",2090,27149,35996,108116,184886,333592,1465230
"OJ",2091,27807,36807,108855,182761,319501,1358375
"OJ",2092,28483,37639,109591,180497,304751,1246843
"OJ",2093,29178,38494,110325,178090,289318,1130457
"OJ",2094,29893,39372,111055,175531,273173,1009016
"OJ",2095,30627,40273,111781,172814,256287,882327
"OJ",2096,31382,41199,112501,169931,238631,750184
"OJ",2097,32157,42149,113215,166876,220173,612375
"OJ",2098,32954,43125,113920,163640,200881,468680
"OJ",2099,33773,44126,114617,160215,180724,318880
"OJ",2100,34614,45154,115303,156592,159666,162740
"RU",2020,3486,14278,151938,781923,3974204,16902587
"RU",2021,3583,15064,162882,838410,4261240,18123335
"RU",2022,3633,14725,159571,821134,4173243,17748924
"RU",2023,3793,15376,166377,856064,4350709,18503647
"RU",2024,3967,16106,174345,897100,4559311,19390848
"RU",2025,4036,16386,177379,912716,4638676,19728390
"RU",2026,4527,16647,173412,884363,4483011,19056957
"RU",2027,4999,16850,168892,853253,4313469,18326608
"RU",2028,5463,17039,164313,821944,4143060,17592698
"RU",2029,5917,17217,159710,790628,3972778,16859457
"RU",2030,6363,17383,155087,759322,3802730,16127356
"RU",2031,6781,17494,150074,726263,3624128,15359168
"RU",2032,7189,17599,145133,693730,3448429,14603506
"RU",2033,7589,17701,140277,661782,3275923,13861607
"RU",2034,7979,17798,135503,630407,3106545,13133187
"RU",2035,8361,17892,130817,599627,2940400,12418688
"RU",2036,8916,18358,128851,581315,2835392,11962394
"RU",2037,9486,18837,126866,562713,2728635,11498439
"RU",2038,10067,19326,124833,543687,2619457,11023974
"RU",2039,10663,19829,122778,524338,2508343,10541030
"RU",2040,11274,20347,120697,504642,2395141,10048948
"RU",2041,11902,20881,118591,484580,2279747,9547272
"RU",2042,12547,21432,116453,464114,2161942,9035055
"RU",2043,13209,21999,114279,443210,2041546,8511518
"RU",2044,13890,22582,112064,421834,1918374,7975866
"RU",2045,14589,23184,109807,399963,1792276,7427442
"RU",2046,15309,23804,107502,377556,1663039,6865329
"RU",2047,16049,24442,105139,354564,1530404,6288422
"RU",2048,16810,25098,102714,330954,1394192,5695943
"RU",2049,17591,25771,100221,306688,1254199,5087022
"RU",2050,18394,26463,97656,281734,1110250,4460907
"RU",2051,18651,26784,98296,281704,1105264,4435780
"RU",2052,18914,27111,98944,281659,1100111,4409866
"RU",2053,19180,27443,99596,281584,1094731,4382927
"RU",2054,19450,27779,100253,281481,1089131,4354989
"RU",2055,19725,28119,100915,281349,1083304,4326026
"RU",2056,20003,28465,101583,281190,1077257,4296053
"RU",2057,20287,28817,102260,281009,1071003,4265129
"RU",2058,20574,29173,102939,280790,1064485,4233018
"RU",2059,20866,29534,103622,280537,1057708,4199736
"RU",2060,21162,29900,104312,280256,1050695,4165381
"RU",2061,21464,30273,105009,279944,1043434,4129892
"RU",2062,21769,30649,105707,279587,1035869,4093050
"RU",2063,22078,31031,106409,279193,1028024,4054946
"RU",2064,22392,31417,107115,278757,1019883,4015512
"RU",2065,22711,31808,107823,278276,1011430,3974685
"RU",2066,23033,32205,108534,277752,1002672,3932491
"RU",2067,23361,32607,109253,277193,993630,3889005
"RU",2068,23694,33015,109974,276587,984265,3844070
"RU",2069,24031,33427,110695,275928,974547,3797570
"RU",2070,24372,33844,111419,275218,964483,3749526
"RU",2071,24717,34266,112143,274454,954057,3699875
"RU",2072,25068,34693,112871,273643,943293,3648709
"RU",2073,25424,35127,113606,272790,932208,3596083
"RU",2074,25785,35566,114342,271879,920739,3541755
"RU",2075,26151,36011,115081,270918,908911,3485811
"RU",2076,26522,36461,115823,269900,896696,3428150
"RU",2077,26897,36917,116566,268824,884091,3368746
"RU",2078,27278,37378,117309,267687,871078,3307531
"RU",2079,27663,37844,118054,266488,857656,3244499
"RU",2080,28055,38317,118802,265232,843833,3179673
"RU",2081,28360,38639,118708,260553,813947,3047612
"RU",2082,28668,38965,118608,255804,783641,2913709
"RU",2083,28978,39293,118502,250980,752899,2777912
"RU",2084,29291,39622,118386,246078,721710,2640168
"RU",2085,29606,39954,118262,241098,690071,2500474
"RU",2086,29924,40287,118129,236037,657978,2358808
"RU",2087,30245,40624,117991,230904,625448,2215230
"RU",2088,30568,40963,117844,225691,592460,2069660
"RU",2089,30894,41303,117688,220397,559008,1922079
"RU",2090,31221,41645,117522,215019,525086,1772458
"RU",2091,31551,41989,117347,209559,490696,1620806
"RU",2092,31883,42334,117161,204013,455829,1467093
"RU",2093,32217,42681,116964,198382,420485,1311313
"RU",2094,32554,43031,116761,192673,384678,1153512
"RU",2095,32892,43382,116546,186878,348387,993621
"RU",2096,33233,43733,116318,180992,311608,831626
"RU",2097,33575,44086,116081,175022,274350,667551
"RU",2098,33920,44441,115833,168966,236608,501383
"RU",2099,34266,44797,115573,162823,198380,333112
"RU",2100,34614,45154,115303,156592,159666,162740
"OA",2020,1744,7095,60655,209561,704091,3959410
"OA",2021,1817,7073,61206,212649,716831,4042701
"OA",2022,1925,6692,61099,216085,738395,4473854
"OA",2023,1972,7076,65351,226249,777822,4638153
"OA",2024,2092,7536,70037,238299,890214,5045956
"OA",2025,2107,7592,70554,240056,896778,5083160
"OA",2026,2388,7983,71818,242519,902663,5110732
"OA",2027,2677,8363,72809,243928,904379,5114275
"OA",2028,2975,8731,73550,244368,902272,5095779
"OA",2029,3280,9093,74088,244013,897000,5059009
"OA",2030,3594,9452,74469,243017,889145,5007274
"OA",2031,3904,9776,74445,240589,875840,4924466
"OA",2032,4222,10102,74334,237779,860950,4832400
"OA",2033,4550,10432,74145,234610,844558,4731540
"OA",2034,4888,10766,73876,231086,826683,4621995
"OA",2035,5234,11103,73528,227202,807308,4503678
"OA",2036,5598,11463,73221,223331,787745,4383891
"OA",2037,5967,11814,72755,218856,765817,4250502
"OA",2038,6352,12185,72305,214309,743383,4113832
"OA",2039,6753,12570,71827,209543,719915,3970931
"OA",2040,7169,12968,71317,204545,695358,3821459
"OA",2041,7602,13381,70774,199303,669652,3665065
"OA",2042,8052,13810,70195,193801,642725,3501314
"OA",2043,8519,14254,69577,188022,614506,3329789
"OA",2044,9005,14714,68917,181952,584925,3150062
"OA",2045,9511,15192,68212,175570,553896,2961638
"OA",2046,10037,15687,67458,168856,521332,2764000
"OA",2047,10584,16200,66651,161791,487149,2556645
"OA",2048,11153,16731,65787,154355,451258,2339046
"OA",2049,11744,17282,64861,146524,413561,2110634
"OA",2050,12358,17851,63867,138276,373960,1870832
"OA",2051,12654,18244,64942,139938,376575,1879378
"OA",2052,12957,18646,66036,141616,379153,1887548
"OA",2053,13268,19058,67151,143310,381690,1895317
"OA",2054,13587,19479,68285,145015,384176,1902629
"OA",2055,13913,19910,69439,146733,386606,1909448
"OA",2056,14248,20351,70613,148461,388976,1915750
"OA",2057,14590,20802,71806,150199,391279,1921490
"OA",2058,14941,21263,73019,151945,393508,1926629
"OA",2059,15301,21734,74252,153700,395662,1931157
"OA",2060,15669,22217,75504,155462,397732,1935018
"OA",2061,16045,22709,76776,157229,399713,1938178
"OA",2062,16431,23213,78069,159001,401598,1940600
"OA",2063,16826,23728,79382,160780,403387,1942271
"OA",2064,17230,24254,80715,162560,405069,1943128
"OA",2065,17644,24792,82069,164344,406640,1943145
"OA",2066,18067,25341,83443,166130,408093,1942280
"OA",2067,18500,25903,84839,167917,409426,1940509
"OA",2068,18944,26477,86256,169704,410630,1937776
"OA",2069,19398,27063,87694,171492,411700,1934060
"OA",2070,19862,27663,89156,173279,412634,1929324
"OA",2071,20338,28275,90638,175064,413417,1923497
"OA",2072,20824,28901,92143,176845,414046,1916549
"OA",2073,21322,29540,93670,178620,414511,1908421
"OA",2074,21831,30194,95219,180392,414810,1899090
"OA",2075,22352,30861,96792,182157,414934,1888500
"OA",2076,22886,31543,98388,183915,414875,1876604
"OA",2077,23431,32240,100008,185665,414627,1863355
"OA",2078,23990,32951,101651,187405,414181,1848699
"OA",2079,24561,33678,103317,189133,413524,1832561
"OA",2080,25145,34421,105007,190848,412650,1814901
"OA",2081,25549,34885,105534,189702,403070,1751349
"OA",2082,25960,35357,106061,188507,393211,1686056
"OA",2083,26378,35837,106590,187263,383073,1619006
"OA",2084,26804,36325,107120,185968,372645,1550140
"OA",2085,27236,36820,107650,184620,361918,1479404
"OA",2086,27676,37322,108179,183213,350879,1406740
"OA",2087,28123,37832,108708,181749,339526,1332117
"OA",2088,28577,38349,109234,180225,327849,1255485
"OA",2089,29039,38874,109759,178639,315840,1176796
"OA",2090,29508,39407,110281,176989,303490,1096002
"OA",2091,29984,39947,110802,175274,290795,1013071
"OA",2092,30468,40494,111319,173491,277745,927946
"OA",2093,30959,41050,111832,171639,264333,840588
"OA",2094,31458,41613,112343,169717,250552,750955
"OA",2095,31965,42184,112850,167724,236395,659000
"OA",2096,32480,42763,113352,165655,221852,564671
"OA",2097,33002,43349,113848,163509,206915,467924
"OA",2098,33531,43943,114339,161284,191576,368715
"OA",2099,34069,44545,114824,158978,175828,267001
"OA",2100,34614,45154,115303,156592,159666,162740
"CN",2020,1631,8329,64811,181982,1089295,14872119
"CN",2021,1736,8947,69922,197006,1184276,16589458
"CN",2022,1758,9064,71872,204443,1223559,17165732
"CN",2023,1864,9732,77584,220827,1321685,18541315
"CN",2024,1912,10035,80204,228245,1366195,19167199
"CN",2025,2025,10630,84960,241778,1447199,20303655
"CN",2026,2316,10780,83684,236418,1407278,19722651
"CN",2027,2606,10921,82324,230810,1365836,19120190
"CN",2028,2898,11064,80969,225209,1324387,18517526
"CN",2029,3192,11208,79601,219560,1282620,17910287
"CN",2030,3487,11352,78225,213879,1240612,17299563
"CN",2031,3773,11464,76624,207579,1194995,16638444
"CN",2032,4059,11577,75029,201296,1149485,15978834
"CN",2033,4345,11691,73443,195038,1104112,15321141
"CN",2034,4632,11806,71866,188802,1058868,14665224
"CN",2035,4920,11923,70296,182586,1013732,14010809
"CN",2036,5208,12041,68732,176384,968673,13357444
"CN",2037,5502,12173,67245,170375,924650,12718305
"CN",2038,5800,12312,65786,164432,880950,12083492
"CN",2039,6103,12458,64354,158545,837496,11451916
"CN",2040,6410,12610,62947,152706,794232,10822721
"CN",2041,6722,12770,61562,146906,751087,10194902
"CN",2042,7040,12937,60196,141132,707978,9567259
"CN",2043,7364,13111,58846,135375,664835,8938786
"CN",2044,7694,13293,57511,129627,621594,8308535
"CN",2045,8031,13482,56186,123873,578170,7675310
"CN",2046,8374,13679,54869,118106,534496,7038130
"CN",2047,8725,13883,53556,112313,490498,6395937
"CN",2048,9084,14095,52246,106488,446116,5747863
"CN",2049,9450,14314,50934,100615,401268,5092757
"CN",2050,9824,14541,49620,94691,355909,4429937
"CN",2051,10143,14978,50886,96737,361105,4484003
"CN",2052,10469,15424,52167,98793,366193,4536116
"CN",2053,10803,15878,53467,100861,371179,4586330
"CN",2054,11145,16342,54784,102940,376055,4634519
"CN",2055,11494,16815,56118,105029,380813,4680571
"CN",2056,11851,17298,57472,107130,385455,4724510
"CN",2057,12217,17791,58845,109245,389984,4766316
"CN",2058,12592,18295,60239,111373,394390,4805880
"CN",2059,12976,18809,61653,113514,398667,4843079
"CN",2060,13369,19335,63090,115671,402823,4878002
"CN",2061,13771,19872,64549,117843,406849,4910499
"CN",2062,14184,20421,66032,120033,410747,4940588
"CN",2063,14607,20983,67540,122240,414508,4968114
"CN",2064,15041,21558,69073,124465,418132,4993050
"CN",2065,15486,22147,70634,126710,421613,5015305
"CN",2066,15942,22749,72220,128972,424940,5034701
"CN",2067,16410,23365,73834,131253,428109,5051162
"CN",2068,16891,23996,75477,133553,431117,5064601
"CN",2069,17383,24642,77149,135873,433953,5074883
"CN",2070,17888,25302,78848,138209,436600,5081733
"CN",2071,18406,25979,80578,140564,439060,5085162
"CN",2072,18938,26671,82337,142936,441316,5084917
"CN",2073,19482,27378,84125,145324,443356,5080814
"CN",2074,20040,28102,85944,147726,445170,5072689
"CN",2075,20613,28843,87791,150142,446743,5060339
"CN",2076,21199,29600,89670,152572,448070,5043647
"CN",2077,21800,30374,91579,155014,449136,5022393
"CN",2078,22416,31166,93518,157468,449927,4996364
"CN",2079,23046,31975,95488,159931,450429,4965360
"CN",2080,23692,32803,97489,162405,450632,4929207
"CN",2081,24143,33323,98320,162448,440364,4757025
"CN",2082,24603,33851,99156,162460,429708,4578864
"CN",2083,25071,34389,99997,162442,418657,4394594
"CN",2084,25549,34936,100844,162391,407199,4204045
"CN",2085,26035,35492,101697,162308,395326,4007088
"CN",2086,26531,36058,102557,162194,383033,3803604
"CN",2087,27037,36635,103423,162047,370307,3593419
"CN",2088,27554,37222,104297,161866,357137,3376353
"CN",2089,28081,37820,105179,161653,343515,3152264
"CN",2090,28618,38429,106068,161404,329425,2920921
"CN",2091,29166,39049,106964,161118,314851,2682112
"CN",2092,29726,39681,107868,160794,299785,2435667
"CN",2093,30296,40324,108778,160429,284208,2181348
"CN",2094,30879,40979,109695,160024,268109,1918964
"CN",2095,31472,41646,110618,159574,251469,1648271
"CN",2096,32077,42324,111546,159077,234275,1369061
"CN",2097,32693,43013,112478,158532,216512,1081118
"CN",2098,33322,43715,113416,157938,198167,784236
"CN",2099,33962,44429,114358,157292,179224,478183
"CN",2100,34614,45154,115303,156592,159666,162740
"JP",2020,6316,23771,178773,361421,484929,564335
"JP",2021,6719,24537,183214,370161,496517,577756
"JP",2022,6920,25585,192354,388696,521292,606553
"JP",2023,7313,27287,204707,413646,554743,645475
"JP",2024,7303,27370,208092,420857,564497,656857
"JP",2025,7411,27777,211186,427114,572889,666623
"JP",2026,7895,27884,207391,417893,559504,650582
"JP",2027,8400,28050,204008,409488,547203,635798
"JP",2028,8908,28211,200534,400883,534624,620686
"JP",2029,9422,28379,197058,392260,522008,605526
"JP",2030,9946,28557,193610,383672,509427,590401
"JP",2031,10598,29077,192367,379412,502566,581892
"JP",2032,11269,29602,190999,374844,495254,572841
"JP",2033,11960,30137,189522,369994,487524,563287
"JP",2034,12672,30681,187939,364870,479387,553240
"JP",2035,13407,31241,186276,359519,470902,542769
"JP",2036,13982,31401,182123,349313,456027,524916
"JP",2037,14579,31601,178145,339422,441546,507510
"JP",2038,15184,31805,174132,329436,426923,489932
"JP",2039,15800,32019,170120,319425,412247,472285
"JP",2040,16429,32246,166108,309384,397511,454557
"JP",2041,17070,32485,162088,299294,382688,436719
"JP",2042,17724,32736,158055,289143,367762,418751
"JP",2043,18393,32999,154009,278928,352724,400641
"JP",2044,19077,33275,149944,268635,337557,382369
"JP",2045,19776,33564,145852,258247,322233,363903
"JP",2046,20491,33864,141726,247747,306733,345219
"JP",2047,21223,34178,137561,237126,291040,326296
"JP",2048,21972,34505,133357,226374,275141,307119
"JP",2049,22739,34844,129100,215470,259005,287652
"JP",2050,23524,35195,124787,204399,242613,267872
"JP",2051,23729,35415,124978,204288,242138,267169
"JP",2052,23936,35636,125166,204168,241647,266447
"JP",2053,24143,35857,125349,204034,241135,265699
"JP",2054,24352,36079,125526,203883,240599,264924
"JP",2055,24562,36301,125696,203717,240041,264121
"JP",2056,24772,36523,125858,203534,239458,263288
"JP",2057,24983,36745,126014,203333,238851,262426
"JP",2058,25194,36967,126162,203116,238218,261535
"JP",2059,25406,37189,126302,202878,237559,260611
"JP",2060,25619,37411,126434,202625,236875,259659
"JP",2061,25833,37633,126562,202357,236171,258682
"JP",2062,26048,37855,126680,202070,235439,257672
"JP",2063,26263,38077,126794,201769,234687,256637
"JP",2064,26480,38301,126902,201455,233915,255578
"JP",2065,26698,38524,127003,201124,233118,254489
"JP",2066,26916,38748,127100,200779,232301,253376
"JP",2067,27137,38974,127195,200426,231469,252244
"JP",2068,27360,39201,127288,200064,230623,251093
"JP",2069,27584,39430,127377,199691,229757,249919
"JP",2070,27810,39660,127465,199309,228877,248728
"JP",2071,28039,39894,127555,198925,227990,247524
"JP",2072,28271,40130,127646,198537,227093,246308
"JP",2073,28506,40369,127738,198143,226183,245075
"JP",2074,28744,40612,127835,197751,225270,243836
"JP",2075,28985,40858,127933,197353,224346,242581
"JP",2076,29229,41107,128033,196954,223413,241314
"JP",2077,29476,41360,128135,196549,222469,240033
"JP",2078,29727,41616,128241,196143,221518,238739
"JP",2079,29980,41875,128346,195730,220552,237427
"JP",2080,30237,42136,128451,195310,219572,236096
"JP",2081,30445,42282,127847,193513,216783,232678
"JP",2082,30655,42429,127240,191705,213977,229238
"JP",2083,30866,42577,126628,189885,211152,225776
"JP",2084,31079,42726,126013,188053,208309,222290
"JP",2085,31294,42877,125394,186209,205446,218781
"JP",2086,31509,43027,124769,184350,202561,215244
"JP",2087,31726,43179,124140,182478,199656,211685
"JP",2088,31944,43331,123503,180589,196727,208095
"JP",2089,32163,43483,122861,178686,193777,204480
"JP",2090,32382,43635,122211,176763,190799,200832
"JP",2091,32603,43788,121554,174826,187799,197158
"JP",2092,32823,43940,120889,172869,184772,193452
"JP",2093,33045,44092,120217,170895,181720,189716
"JP",2094,33267,44244,119537,168904,178645,185951
"JP",2095,33490,44396,118852,166898,175546,182159
"JP",2096,33713,44548,118156,164870,172418,178333
"JP",2097,33938,44699,117454,162827,169267,174479
"JP",2098,34163,44851,116745,160767,166093,170597
"JP",2099,34388,45003,116028,158689,162892,166683
"JP",2100,34614,45154,115303,156592,159666,162740
"KR",2020,6983,21882,148688,536283,1017949,1478558
"KR",2021,8435,22396,138024,588293,1947508,6956253
"KR",2022,9077,23651,131402,437506,1994693,37179021
"KR",2023,9377,24150,130947,435457,1984660,36984507
"KR",2024,9546,24695,135818,451851,2059534,38383307
"KR",2025,9809,25373,139548,464261,2116100,39437512
"KR",2026,10317,25724,138597,456172,2067215,38465451
"KR",2027,10859,26145,137968,449057,2022528,37570387
"KR",2028,11414,26580,137352,441885,1977323,36664388
"KR",2029,11987,27035,136785,434754,1932025,35755224
"KR",2030,12577,27512,136264,427653,1886556,34841289
"KR",2031,13202,28046,135953,421074,1843036,33961516
"KR",2032,13847,28600,135656,414387,1798649,33063686
"KR",2033,14513,29175,135383,407615,1753465,32148900
"KR",2034,15201,29774,135133,400739,1707376,31215067
"KR",2035,15915,30400,134924,393804,1660539,30264855
"KR",2036,16474,30716,133277,382549,1595137,28974394
"KR",2037,17062,31080,131806,371731,1531371,27712591
"KR",2038,17664,31461,130368,360925,1467416,26446037
"KR",2039,18280,31856,128955,350096,1403107,25171606
"KR",2040,18911,32268,127563,339230,1338358,23887615
"KR",2041,19556,32695,126189,328308,1273071,22592158
"KR",2042,20217,33139,124835,317324,1207194,21284136
"KR",2043,20895,33600,123496,306256,1140609,19961274
"KR",2044,21590,34078,122167,295085,1073215,18621611
"KR",2045,22303,34572,120846,283795,1004921,17263381
"KR",2046,23033,35084,119528,272364,935620,15884505
"KR",2047,23782,35612,118210,260776,865218,14483158
"KR",2048,24549,36156,116888,249010,793612,13057378
"KR",2049,25335,36717,115558,237052,720720,11605553
"KR",2050,26141,37294,114216,224883,646446,10125831
"KR",2051,26295,37454,114378,224195,640319,9996454
"KR",2052,26448,37612,114529,223479,634080,9865075
"KR",2053,26600,37767,114673,222741,627749,9732027
"KR",2054,26752,37923,114813,221990,621351,9597675
"KR",2055,26904,38077,114949,221223,614876,9461900
"KR",2056,27056,38231,115079,220436,608318,9324593
"KR",2057,27206,38382,115200,219626,601667,9185593
"KR",2058,27356,38533,115317,218801,594942,9045215
"KR",2059,27506,38683,115430,217963,588151,8903596
"KR",2060,27657,38834,115546,217120,581320,8761096
"KR",2061,27809,38987,115662,216273,574446,8617684
"KR",2062,27963,39142,115781,215424,567534,8473422
"KR",2063,28118,39297,115901,214569,560575,8328188
"KR",2064,28274,39454,116023,213710,553575,8182053
"KR",2065,28433,39614,116152,212856,546552,8035293
"KR",2066,28594,39776,116285,212002,539497,7887747
"KR",2067,28756,39940,116419,211143,532393,7739166
"KR",2068,28921,40107,116562,210291,525272,7590015
"KR",2069,29087,40275,116705,209431,518097,7439748
"KR",2070,29254,40446,116851,208570,510880,7288541
"KR",2071,29425,40619,117004,207713,503634,7136556
"KR",2072,29598,40795,117162,206855,496349,6983654
"KR",2073,29774,40976,117330,206006,489044,6830068
"KR",2074,29952,41159,117502,205155,481695,6675481
"KR",2075,30133,41345,117682,204309,474315,6520049
"KR",2076,30317,41535,117868,203465,466895,6363635
"KR",2077,30504,41728,118060,202623,459435,6206225
"KR",2078,30694,41925,118260,201783,451935,6047798
"KR",2079,30887,42125,118469,200948,444398,5888400
"KR",2080,31082,42329,118682,200111,436809,5727800
"KR",2081,31231,42437,118445,197906,423299,5458469
"KR",2082,31382,42547,118213,195703,409766,5188505
"KR",2083,31536,42661,117990,193508,396215,4917964
"KR",2084,31692,42779,117773,191316,382638,4646709
"KR",2085,31851,42899,117563,189129,369033,4374708
"KR",2086,32013,43022,117358,186941,355390,4101807
"KR",2087,32176,43148,117157,184754,341709,3827987
"KR",2088,32342,43276,116962,182566,327987,3553202
"KR",2089,32511,43408,116775,180384,314231,3277497
"KR",2090,32682,43543,116592,178200,300427,3000707
"KR",2091,32857,43682,116417,176019,286582,2722851
"KR",2092,33035,43825,116252,173842,272694,2443888
"KR",2093,33217,43972,116095,171669,258760,2163742
"KR",2094,33403,44125,115948,169502,244779,1882358
"KR",2095,33593,44282,115812,167339,230746,1599638
"KR",2096,33788,44445,115688,165182,216660,1315508
"KR",2097,33987,44614,115575,163030,202515,1029863
"KR",2098,34192,44789,115474,160882,188304,742587
"KR",2099,34401,44969,115384,158737,174024,453583
"KR",2100,34614,45154,115303,156592,159666,162740
"TW",2020,6221,25377,256189,876694,3958093,58273402
"TW",2021,6231,26953,273466,936025,4226337,62224279
"TW",2022,6217,27232,281541,969912,4387584,64079892
"TW",2023,6452,28940,301126,1038084,4696152,68583923
"TW",2024,6742,30186,315547,1087980,4921841,71880748
"TW",2025,7000,31344,327653,1129719,5110664,74638407
"TW",2026,7874,31627,318819,1091295,4918701,71763194
"TW",2027,8701,31778,308863,1049174,4710403,68650961
"TW",2028,9516,31943,299276,1008479,4508906,65639437
"TW",2029,10321,32126,290076,969250,4314342,62730341
"TW",2030,11118,32324,281206,931277,4125728,59909208
"TW",2031,11912,32549,272742,894787,3944015,57189627
"TW",2032,12699,32785,264520,859221,3766685,54534845
"TW",2033,13482,33032,256536,824551,3593581,51942472
"TW",2034,14260,33293,248779,790727,3424445,49408603
"TW",2035,15040,33572,241275,757812,3259509,46936427
"TW",2036,15974,34200,236281,732788,3128528,44953255
"TW",2037,16925,34847,231328,707791,2997417,42967192
"TW",2038,17888,35506,226353,682624,2865313,40965730
"TW",2039,18869,36186,221407,657427,2732783,38956912
"TW",2040,19869,36888,216485,632175,2599686,36938545
"TW",2041,20888,37612,211573,606810,2465745,34906521
"TW",2042,21929,38358,206659,581285,2330726,32857383
"TW",2043,22991,39127,201744,555585,2194533,30789588
"TW",2044,24077,39919,196812,529656,2056909,28699325
"TW",2045,25186,40735,191856,503459,1917657,26583620
"TW",2046,26320,41574,186865,476951,1776566,24439365
"TW",2047,27480,42438,181831,450096,1633453,22263791
"TW",2048,28666,43325,176743,422853,1488119,20053949
"TW",2049,29878,44235,171592,395183,1340377,17807049
"TW",2050,31117,45169,166369,367049,1190046,15520416
"TW",2051,31154,45132,165322,362997,1170704,15233948
"TW",2052,31189,45093,164274,358948,1151399,14948091
"TW",2053,31224,45053,163224,354902,1132130,14662858
"TW",2054,31256,45010,162168,350852,1112871,14377898
"TW",2055,31287,44966,161111,346807,1093660,14093718
"TW",2056,31317,44921,160057,342775,1074516,13810564
"TW",2057,31347,44876,159004,338754,1055434,13528354
"TW",2058,31375,44828,157948,334733,1036384,13246726
"TW",2059,31402,44780,156893,330723,1017395,12966057
"TW",2060,31428,44731,155837,326721,998459,12686229
"TW",2061,31453,44680,154783,322728,979584,12407358
"TW",2062,31478,44630,153732,318752,960790,12129703
"TW",2063,31503,44580,152688,314797,942092,11853435
"TW",2064,31529,44532,151653,310868,923503,11578725
"TW",2065,31555,44485,150624,306963,905014,11305454
"TW",2066,31582,44439,149605,303083,886630,11033685
"TW",2067,31610,44396,148598,299236,868374,10763695
"TW",2068,31639,44354,147600,295415,850224,10495208
"TW",2069,31670,44315,146614,291626,832196,10228402
"TW",2070,31704,44280,145645,287877,814308,9963506
"TW",2071,31739,44248,144688,284160,796541,9700254
"TW",2072,31776,44218,143743,280473,778886,9438552
"TW",2073,31816,44192,142814,276824,761362,9178605
"TW",2074,31860,44172,141905,273220,743985,8920584
"TW",2075,31905,44155,141011,269650,726725,8664136
"TW",2076,31956,44145,140140,266129,709620,8409674
"TW",2077,32010,44140,139288,262649,692647,8156915
"TW",2078,32068,44141,138456,259213,675804,7905817
"TW",2079,32130,44148,137644,255817,659085,7656280
"TW",2080,32197,44162,136856,252470,642506,7408470
"TW",2081,32275,44151,135578,247279,617239,7032396
"TW",2082,32356,44146,134324,242143,592153,6658725
"TW",2083,32443,44148,133095,237061,567247,6287390
"TW",2084,32533,44156,131888,232030,542499,5918121
"TW",2085,32628,44170,130705,227047,517904,5550801
"TW",2086,32729,44193,129548,222118,493465,5185421
"TW",2087,32834,44221,128412,217231,469152,4821611
"TW",2088,32943,44256,127295,212383,444947,4459139
"TW",2089,33057,44297,126199,207574,420849,4097939
"TW",2090,33175,44344,125121,202801,396843,3737813
"TW",2091,33298,44397,124063,198061,372921,3378621
"TW",2092,33426,44457,123026,193358,349078,3020277
"TW",2093,33559,44524,122007,188685,325299,2662549
"TW",2094,33696,44596,121003,184037,301565,2305238
"TW",2095,33838,44674,120015,179413,277871,1948231
"TW",2096,33984,44759,119045,174813,254210,1591401
"TW",2097,34135,44849,118089,170234,230570,1234578
"TW",2098,34290,44945,117146,165671,206936,877607
"TW",2099,34450,45047,116218,161125,183305,520376
"TW",2100,34614,45154,115303,156592,159666,162740
"OB",2020,856,2286,132692,547116,1411015,6378370
"OB",2021,839,2254,144039,592539,1512944,6708458
"OB",2022,849,2281,141436,580521,1482036,6750299
"OB",2023,898,2411,162234,642833,1657297,7945813
"OB",2024,663,1816,176059,698619,1783103,8808000
"OB",2025,676,1850,179396,711862,1816903,8974964
"OB",2026,996,2238,174931,691174,1761735,8696275
"OB",2027,1311,2614,169717,667538,1699057,8380535
"OB",2028,1624,2989,164571,644191,1637133,8068560
"OB",2029,1935,3361,159471,621045,1575737,7759227
"OB",2030,2245,3732,154446,598213,1515154,7453950
"OB",2031,2563,4117,150036,577767,1460621,7178444
"OB",2032,2882,4504,145657,557434,1406368,6904302
"OB",2033,3203,4893,141306,537199,1352352,6631304
"OB",2034,3526,5284,136976,517031,1298496,6359062
"OB",2035,3850,5678,132651,496870,1244648,6086828
"OB",2036,4198,6106,129002,479207,1197023,5844950
"OB",2037,4553,6542,125351,461472,1149169,5601811
"OB",2038,4917,6990,121707,443692,1101141,5357661
"OB",2039,5287,7446,118025,425699,1052520,5110455
"OB",2040,5665,7912,114303,407478,1003260,4859947
"OB",2041,6050,8387,110528,388978,953237,4605526
"OB",2042,6444,8872,106700,370199,902441,4347139
"OB",2043,6846,9369,102823,351142,850873,4084768
"OB",2044,7258,9877,98892,331785,798472,3818113
"OB",2045,7679,10397,94895,312085,745129,3546623
"OB",2046,8111,10929,90830,292022,690786,3270010
"OB",2047,8552,11474,86686,271561,635357,2987843
"OB",2048,9003,12032,82466,250697,578821,2700007
"OB",2049,9467,12605,78168,229417,521137,2406279
"OB",2050,9942,13192,73781,207678,462199,2106134
"OB",2051,10227,13566,75042,210212,466698,2123224
"OB",2052,10517,13945,76296,212681,470997,2139234
"OB",2053,10813,14332,77550,215096,475120,2154278
"OB",2054,11114,14727,78805,217463,479076,2168382
"OB",2055,11422,15130,80060,219776,482854,2181500
"OB",2056,11736,15540,81318,222042,486465,2193674
"OB",2057,12057,15960,82579,224262,489912,2204907
"OB",2058,12385,16389,83844,226437,493193,2215198
"OB",2059,12721,16828,85117,228572,496319,2224576
"OB",2060,13065,17277,86397,230669,499290,2233043
"OB",2061,13416,17737,87685,232724,502096,2240548
"OB",2062,13777,18208,88982,234739,504742,2247103
"OB",2063,14147,18691,90292,236720,507236,2252735
"OB",2064,14526,19185,91608,238651,509539,2257268
"OB",2065,14914,19691,92931,240532,511651,2260692
"OB",2066,15311,20210,94265,242367,513579,2263023
"OB",2067,15719,20741,95607,244150,515305,2264182
"OB",2068,16136,21286,96960,245886,516836,2264188
"OB",2069,16565,21845,98325,247573,518169,2263011
"OB",2070,17005,22418,99701,249207,519286,2260571
"OB",2071,17456,23007,101089,250787,520187,2256850
"OB",2072,17919,23609,102487,252305,520849,2251740
"OB",2073,18394,24228,103895,253760,521266,2245206
"OB",2074,18881,24863,105316,255154,521438,2237223
"OB",2075,19382,25514,106749,256481,521350,2227729
"OB",2076,19895,26183,108194,257740,520994,2216662
"OB",2077,20422,26868,109648,258919,520344,2203901
"OB",2078,20964,27573,111118,260031,519418,2189508
"OB",2079,21520,28297,112602,261068,518195,2173378
"OB",2080,22092,29041,114098,262022,516654,2155400
"OB",2081,22576,29664,114326,258672,504712,2087561
"OB",2082,23073,30305,114545,255173,492295,2017135
"OB",2083,23583,30962,114750,251506,479363,1943936
"OB",2084,24105,31634,114939,247663,465892,1867843
"OB",2085,24640,32324,115111,243638,451866,1788764
"OB",2086,25190,33032,115268,239431,437273,1706631
"OB",2087,25754,33757,115409,235032,422091,1621323
"OB",2088,26332,34502,115534,230436,406300,1532731
"OB",2089,26926,35267,115640,225633,389874,1440719
"OB",2090,27535,36051,115726,220612,372784,1345150
"OB",2091,28161,36856,115792,215368,355009,1245897
"OB",2092,28803,37682,115837,209894,336529,1142851
"OB",2093,29463,38531,115861,204180,317312,1035845
"OB",2094,30140,39402,115859,198211,297325,924718
"OB",2095,30834,40295,115830,191979,276540,809322
"OB",2096,31549,41214,115778,185482,254939,689531
"OB",2097,32283,42158,115701,178706,232485,565157
"OB",2098,33039,43129,115597,171641,209147,436033
"OB",2099,33815,44127,115465,164274,184885,301957
"OB",2100,34614,45154,115303,156592,159666,162740
"BD",2020,1473,3277,30034,130928,438782,2148154
"BD",2021,1559,3481,31919,139151,466340,2283076
"BD",2022,1650,3680,33747,147117,493036,2413772
"BD",2023,1734,3884,35652,155429,520899,2550189
"BD",2024,1755,3931,36087,157326,527255,2581310
"BD",2025,1850,4145,38049,165877,555914,2721619
"BD",2026,2034,4413,39180,169279,565700,2766784
"BD",2027,2234,4702,40376,172801,575720,2812822
"BD",2028,2447,5006,41561,176114,584868,2854289
"BD",2029,2673,5323,42723,179153,592913,2890054
"BD",2030,2914,5656,43868,181937,599915,2920386
"BD",2031,3168,6001,44973,184364,605525,2943575
"BD",2032,3440,6367,46084,186608,610305,2962328
"BD",2033,3730,6754,47202,188663,614219,2976450
"BD",2034,4041,7165,48326,190508,617176,2985461
"BD",2035,4373,7598,49445,192079,618954,2988249
"BD",2036,4710,8027,50381,192681,617301,2973938
"BD",2037,5075,8491,51372,193223,615130,2956552
"BD",2038,5464,8983,52361,193465,611644,2932201
"BD",2039,5879,9502,53339,193347,606626,2899796
"BD",2040,6321,10051,54304,192840,599955,2858708
"BD",2041,6792,10632,55254,191911,591494,2808221
"BD",2042,7294,11246,56186,190525,581098,2747581
"BD",2043,7829,11897,57095,188634,568584,2675846
"BD",2044,8399,12585,57979,186196,553780,2592120
"BD",2045,9006,13314,58831,183160,536480,2495341
"BD",2046,9654,14086,59649,179472,516470,2384410
"BD",2047,10344,14903,60424,175070,493509,2258083
"BD",2048,11079,15769,61151,169894,467354,2115105
"BD",2049,11862,16685,61823,163871,437722,1954026
"BD",2050,12696,17655,62432,156927,404327,1773366
"BD",2051,12970,18016,63393,158400,406397,1778646
"BD",2052,13258,18395,64406,159968,408644,1784549
"BD",2053,13560,18792,65470,161623,411042,1790948
"BD",2054,13876,19207,66584,163360,413572,1797758
"BD",2055,14205,19639,67745,165170,416206,1804834
"BD",2056,14547,20090,68952,167047,418925,1812096
"BD",2057,14903,20557,70204,168985,421710,1819439
"BD",2058,15272,21042,71498,170978,424540,1826766
"BD",2059,15654,21544,72833,173018,427388,1833946
"BD",2060,16049,22062,74210,175104,430249,1840953
"BD",2061,16457,22598,75625,177228,433097,1847660
"BD",2062,16878,23150,77080,179388,435921,1854007
"BD",2063,17312,23719,78572,181577,438705,1859914
"BD",2064,17760,24305,80103,183794,441434,1865306
"BD",2065,18221,24909,81670,186034,444094,1870116
"BD",2066,18697,25530,83275,188296,446679,1874299
"BD",2067,19185,26168,84917,190575,449169,1877763
"BD",2068,19688,26824,86594,192865,451544,1880409
"BD",2069,20205,27497,88309,195168,453805,1882227
"BD",2070,20736,28189,90059,197477,455930,1883116
"BD",2071,21282,28900,91847,199793,457916,1883042
"BD",2072,21842,29629,93670,202111,459741,1881907
"BD",2073,22418,30377,95529,204427,461395,1879653
"BD",2074,23009,31144,97425,206740,462868,1876215
"BD",2075,23616,31930,99357,209046,464141,1871511
"BD",2076,24188,32668,101114,210900,464234,1861589
"BD",2077,24773,33423,102901,212739,464113,1850349
"BD",2078,25374,34197,104721,214561,463774,1837759
"BD",2079,25990,34989,106572,216363,463198,1823726
"BD",2080,26620,35799,108453,218138,462368,1808172
"BD",2081,26943,36177,108711,215550,449777,1739889
"BD",2082,27275,36565,108983,212932,436993,1670505
"BD",2083,27615,36962,109268,210283,424008,1599970
"BD",2084,27964,37370,109565,207597,410804,1528205
"BD",2085,28320,37787,109874,204871,397371,1455153
"BD",2086,28684,38214,110193,202099,383689,1380727
"BD",2087,29057,38650,110521,199277,369747,1304873
"BD",2088,29436,39094,110855,196399,355529,1227512
"BD",2089,29824,39549,111198,193467,341032,1148618
"BD",2090,30219,40012,111547,190474,326237,1068113
"BD",2091,30623,40484,111902,187417,311136,985947
"BD",2092,31033,40965,112261,184292,295713,902050
"BD",2093,31452,41456,112626,181099,279966,816396
"BD",2094,31879,41955,112997,177835,263880,728919
"BD",2095,32314,42464,113372,174497,247445,639566
"BD",2096,32757,42983,113751,171082,230652,548284
"BD",2097,33209,43512,114134,167587,213489,455017
"BD",2098,33668,44049,114520,164007,195941,359703
"BD",2099,34137,44597,114910,160344,178005,262299
"BD",2100,34614,45154,115303,156592,159666,162740
"IN",2020,1184,2463,43026,151754,568398,4942869
"IN",2021,1229,2535,44944,158547,594667,5179031
"IN",2022,1281,2668,45017,175995,740846,7168762
"IN",2023,1346,2817,47687,186456,784891,7595564
"IN",2024,1428,2993,50652,198038,833637,8067228
"IN",2025,1497,3139,53108,207642,874065,8458457
"IN",2026,1686,3413,54868,213216,895315,8657957
"IN",2027,1877,3680,56226,217091,909192,8785510
"IN",2028,2085,3969,57649,221079,923302,8914644
"IN",2029,2309,4278,59054,224846,936226,9031601
"IN",2030,2549,4605,60434,228355,947792,9134654
"IN",2031,2795,4933,61538,230651,954033,9185576
"IN",2032,3059,5282,62624,232713,959006,9223431
"IN",2033,3341,5653,63691,234521,962600,9247106
"IN",2034,3643,6048,64730,236027,964600,9254448
"IN",2035,3964,6465,65722,237147,964637,9241854
"IN",2036,4298,6894,66525,237365,960593,9188991
"IN",2037,4661,7358,67380,237530,955890,9128547
"IN",2038,5046,7848,68151,237140,948468,9040723
"IN",2039,5456,8366,68861,236257,938540,8927454
"IN",2040,5893,8916,69505,234845,925924,8786911
"IN",2041,6359,9500,70075,232859,910406,8616932
"IN",2042,6855,10118,70564,230248,891735,8414988
"IN",2043,7383,10774,70964,226961,869661,8178585
"IN",2044,7946,11469,71266,222940,843908,7904938
"IN",2045,8546,12207,71460,218127,814183,7591100
"IN",2046,9184,12990,71535,212450,780152,7233727
"IN",2047,9864,13819,71479,205836,741459,6829258
"IN",2048,10588,14699,71279,198212,697750,6374128
"IN",2049,11358,15632,70921,189491,648608,5864179
"IN",2050,12178,16621,70390,179585,593610,5295158
"IN",2051,12472,17007,71501,181467,597357,5319855
"IN",2052,12777,17408,72652,183409,601192,5344957
"IN",2053,13093,17824,73840,185405,605092,5370235
"IN",2054,13420,18255,75067,187452,609041,5395532
"IN",2055,13760,18701,76331,189545,613015,5420605
"IN",2056,14111,19162,77631,191680,616998,5445300
"IN",2057,14473,19638,78967,193854,620970,5469406
"IN",2058,14848,20130,80338,196061,624910,5492725
"IN",2059,15235,20638,81743,198298,628797,5515035
"IN",2060,15634,21161,83182,200560,632612,5536159
"IN",2061,16045,21700,84653,202845,636339,5555923
"IN",2062,16469,22255,86157,205147,639953,5574087
"IN",2063,16906,22827,87694,207464,643444,5590529
"IN",2064,17355,23415,89261,209791,646785,5605001
"IN",2065,17818,24020,90860,212126,649965,5617367
"IN",2066,18294,24642,92490,214465,652960,5627403
"IN",2067,18783,25281,94150,216803,655754,5634928
"IN",2068,19286,25938,95840,219137,658323,5639713
"IN",2069,19804,26612,97560,221464,660654,5641608
"IN",2070,20335,27305,99309,223781,662727,5640418
"IN",2071,20881,28016,101088,226082,664520,5635918
"IN",2072,21442,28747,102897,228370,666028,5628025
"IN",2073,22018,29496,104735,230637,667218,5616436
"IN",2074,22610,30265,106601,232879,668074,5600959
"IN",2075,23217,31055,108498,235097,668584,5581468
"IN",2076,23795,31803,110209,236821,667415,5546839
"IN",2077,24387,32569,111943,238509,665872,5507970
"IN",2078,24994,33354,113702,240157,663933,5464644
"IN",2079,25616,34158,115484,241761,661576,5416635
"IN",2080,26253,34982,117289,243317,658785,5363772
"IN",2081,26593,35395,117193,239728,638224,5149711
"IN",2082,26940,35817,117100,236083,617307,4931868
"IN",2083,27295,36249,117010,232377,596013,4710043
"IN",2084,27658,36690,116921,228605,574320,4484035
"IN",2085,28028,37141,116834,224765,552219,4253722
"IN",2086,28406,37601,116748,220856,529695,4018961
"IN",2087,28793,38072,116661,216870,506723,3779522
"IN",2088,29188,38552,116575,212806,483292,3535271
"IN",2089,29591,39043,116488,208661,459384,3286033
"IN",2090,30002,39543,116398,204428,434975,3031588
"IN",2091,30422,40054,116306,200105,410052,2771791
"IN",2092,30851,40576,116213,195693,384605,2506511
"IN",2093,31289,41109,116117,191184,358609,2235525
"IN",2094,31735,41652,116016,186573,332041,1958619
"IN",2095,32191,42207,115911,181860,304891,1675651
"IN",2096,32657,42774,115803,177040,277137,1386412
"IN",2097,33131,43351,115687,172105,248754,1090686
"IN",2098,33616,43940,115566,167055,219728,788304
"IN",2099,34110,44541,115438,161886,190039,479057
"IN",2100,34614,45154,115303,156592,159666,162740
"ID",2020,1442,4147,52000,204367,651528,3367551
"ID",2021,1502,4321,54106,212592,677665,3502492
"ID",2022,1516,4520,57749,227144,724165,3743055
"ID",2023,1529,4571,58530,230236,734021,3793998
"ID",2024,1551,4640,59475,233953,745866,3855215
"ID",2025,1604,4801,61542,242087,771796,3989241
"ID",2026,1837,5147,63207,246862,784990,4053480
"ID",2027,2082,5500,64697,250782,795270,4102287
"ID",2028,2338,5853,65959,253651,802021,4132507
"ID",2029,2604,6209,67015,255564,805555,4145766
"ID",2030,2881,6568,67894,256631,806224,4143898
"ID",2031,3161,6914,68429,256241,802129,4117162
"ID",2032,3455,7274,68913,255500,796741,4083415
"ID",2033,3765,7649,69352,254427,790119,4042939
"ID",2034,4090,8041,69749,253021,782247,3995632
"ID",2035,4433,8450,70094,251246,773001,3940849
"ID",2036,4802,8892,70517,249541,763719,3885362
"ID",2037,5197,9364,70954,247664,753620,3825141
"ID",2038,5612,9858,71334,245344,741865,3755872
"ID",2039,6051,10375,71653,242557,728357,3677033
"ID",2040,6514,10917,71909,239283,713022,3588216
"ID",2041,7002,11484,72100,235493,695750,3488817
"ID",2042,7516,12079,72220,231161,676443,3378295
"ID",2043,8059,12702,72265,226248,654959,3255893
"ID",2044,8632,13356,72231,220722,631177,3120947
"ID",2045,9236,14041,72112,214547,604967,2972742
"ID",2046,9874,14761,71902,207681,576171,2810426
"ID",2047,10546,15515,71593,200075,544613,2633049
"ID",2048,11256,16307,71182,191690,510142,2439781
"ID",2049,12004,17138,70658,182470,472561,2229557
"ID",2050,12794,18010,70014,172360,431668,2001289
"ID",2051,13018,18299,70695,173104,431827,1997791
"ID",2052,13266,18621,71492,174101,432563,1996830
"ID",2053,13536,18973,72390,175315,433779,1997940
"ID",2054,13827,19355,73382,176719,435400,2000749
"ID",2055,14138,19762,74454,178279,437338,2004835
"ID",2056,14468,20194,75602,179980,439542,2009951
"ID",2057,14815,20650,76817,181799,441953,2015804
"ID",2058,15179,21128,78096,183720,444526,2022173
"ID",2059,15559,21626,79429,185724,447208,2028798
"ID",2060,15954,22146,80815,187800,449964,2035512
"ID",2061,16364,22684,82247,189929,452748,2042090
"ID",2062,16789,23241,83724,192110,455549,2048465
"ID",2063,17228,23817,85243,194327,458324,2054433
"ID",2064,17682,24410,86799,196572,461048,2059866
"ID",2065,18148,25021,88389,198835,463694,2064626
"ID",2066,18629,25649,90014,201111,466246,2068637
"ID",2067,19123,26293,91671,203394,468683,2071783
"ID",2068,19629,26954,93356,205672,470972,2073914
"ID",2069,20150,27632,95070,207947,473113,2075012
"ID",2070,20683,28326,96810,210206,475075,2074925
"ID",2071,21230,29037,98576,212451,476853,2073623
"ID",2072,21789,29763,100366,214672,478422,2070977
"ID",2073,22362,30506,102179,216865,479769,2066925
"ID",2074,22948,31264,104013,219025,480874,2061360
"ID",2075,23547,32040,105870,221153,481738,2054272
"ID",2076,24091,32737,107440,222603,480960,2039710
"ID",2077,24648,33451,109033,224027,479963,2023754
"ID",2078,25218,34181,110647,225419,478730,2006320
"ID",2079,25802,34927,112285,226781,477262,1987397
"ID",2080,26399,35690,113945,228106,475538,1966878
"ID",2081,26717,36052,113902,224939,462013,1890279
"ID",2082,27046,36428,113884,221770,448369,1812846
"ID",2083,27386,36817,113887,218589,434578,1734439
"ID",2084,27737,37219,113911,215393,420625,1654981
"ID",2085,28097,37633,113949,212165,406472,1574294
"ID",2086,28467,38060,114001,208904,392110,1492323
"ID",2087,28848,38498,114066,205602,377517,1408959
"ID",2088,29237,38947,114140,202252,362672,1324103
"ID",2089,29636,39408,114224,198850,347564,1237692
"ID",2090,30044,39879,114313,195389,332170,1149622
"ID",2091,30462,40361,114407,191865,316479,1059827
"ID",2092,30887,40852,114505,188271,300475,968229
"ID",2093,31322,41355,114606,184607,284146,874767
"ID",2094,31766,41868,114709,180865,267479,779370
"ID",2095,32219,42391,114813,177045,250462,681976
"ID",2096,32681,42924,114916,173138,233079,582509
"ID",2097,33151,43466,115016,169143,215318,480911
"ID",2098,33630,44019,115116,165056,197172,377126
"ID",2099,34118,44582,115212,160874,178625,271089
"ID",2100,34614,45154,115303,156592,159666,162740
"MM",2020,862,2217,21839,92258,316295,1730425
"MM",2021,872,2232,21883,92392,316714,1732647
"MM",2022,889,2277,22330,94284,323203,1768148
"MM",2023,908,2325,22793,96231,329876,1804648
"MM",2024,883,2265,22288,94121,322644,1765102
"MM",2025,905,2322,22850,96492,330771,1809559
"MM",2026,1046,2568,24399,102165,349227,1908657
"MM",2027,1192,2811,25786,107016,364708,1991185
"MM",2028,1348,3059,27091,111383,378374,2063492
"MM",2029,1513,3314,28325,115315,390392,2126486
"MM",2030,1689,3577,29501,118864,400934,2181105
"MM",2031,1871,3841,30556,121772,409135,2222640
"MM",2032,2069,4122,31618,124547,416699,2260346
"MM",2033,2281,4420,32684,127173,423558,2293831
"MM",2034,2511,4737,33751,129622,429604,2322477
"MM",2035,2757,5071,34802,131812,434546,2344683
"MM",2036,3015,5414,35771,133493,437553,2355939
"MM",2037,3300,5791,36821,135254,440540,2366531
"MM",2038,3605,6191,37861,136737,442305,2369932
"MM",2039,3935,6619,38911,137999,443006,2366935
"MM",2040,4293,7077,39970,139007,442506,2356749
"MM",2041,4678,7568,41036,139728,440664,2338538
"MM",2042,5096,8094,42105,140124,437317,2311366
"MM",2043,5546,8657,43175,140152,432287,2274185
"MM",2044,6034,9261,44242,139766,425377,2225852
"MM",2045,6560,9908,45302,138913,416369,2165108
"MM",2046,7130,10601,46350,137534,405021,2090540
"MM",2047,7745,11345,47380,135568,391071,2000640
"MM",2048,8410,12143,48385,132944,374230,1893719
"MM",2049,9128,12998,49359,129583,354177,1767939
"MM",2050,9904,13916,50293,125402,330569,1621296
"MM",2051,10196,14306,51432,127505,334685,1637990
"MM",2052,10498,14709,52607,129656,338853,1654750
"MM",2053,10811,15127,53818,131856,343069,1671544
"MM",2054,11135,15560,55066,134105,347326,1688333
"MM",2055,11471,16008,56352,136402,351623,1705094
"MM",2056,11819,16472,57677,138748,355952,1721787
"MM",2057,12180,16952,59042,141141,360310,1738373
"MM",2058,12553,17448,60448,143583,364689,1754815
"MM",2059,12940,17962,61894,146071,369084,1771063
"MM",2060,13340,18493,63383,148604,373484,1787060
"MM",2061,13755,19042,64915,151184,377887,1802778
"MM",2062,14184,19611,66491,153810,382285,1818167
"MM",2063,14628,20198,68113,156480,386672,1833176
"MM",2064,15088,20806,69781,159196,391040,1847762
"MM",2065,15564,21434,71496,161954,395377,1861843
"MM",2066,16056,22083,73259,164756,399679,1875386
"MM",2067,16565,22754,75072,167600,403936,1888321
"MM",2068,17092,23448,76934,170484,408133,1900562
"MM",2069,17637,24165,78848,173408,412267,1912076
"MM",2070,18201,24905,80815,176371,416324,1922778
"MM",2071,18785,25671,82836,179372,420295,1932595
"MM",2072,19388,26461,84911,182408,424162,1941432
"MM",2073,20011,27278,87042,185479,427920,1949229
"MM",2074,20657,28122,89231,188583,431554,1955903
"MM",2075,21324,28993,91479,191720,435052,1961365
"MM",2076,21976,29843,93626,194554,437650,1962166
"MM",2077,22649,30719,95827,197406,440073,1961559
"MM",2078,23344,31621,98082,200274,442304,1959443
"MM",2079,24061,32552,100393,203156,444331,1955740
"MM",2080,24801,33512,102761,206051,446144,1950363
"MM",2081,25184,33967,103257,204151,435071,1881196
"MM",2082,25576,34433,103766,202209,423741,1810406
"MM",2083,25978,34911,104289,200220,412136,1737893
"MM",2084,26391,35400,104825,198184,400247,1663601
"MM",2085,26814,35902,105374,196097,388061,1587447
"MM",2086,27247,36417,105937,193956,375563,1509352
"MM",2087,27691,36944,106513,191757,362738,1429230
"MM",2088,28146,37485,107103,189500,349579,1347022
"MM",2089,28613,38039,107707,187181,336068,1262628
"MM",2090,29092,38608,108325,184797,322192,1175965
"MM",2091,29583,39190,108956,182341,307930,1086926
"MM",2092,30086,39787,109603,179816,293275,995446
"MM",2093,30603,40400,110264,177216,278207,901414
"MM",2094,31133,41029,110939,174536,262708,804722
"MM",2095,31676,41673,111628,171774,246760,705272
"MM",2096,32234,42334,112333,168926,230349,602961
"MM",2097,32806,43012,113052,165989,213455,497672
"MM",2098,33393,43709,113789,162958,196058,389291
"MM",2099,33996,44422,114539,159828,178135,277687
"MM",2100,34614,45154,115303,156592,159666,162740
"PK",2020,1186,2607,24290,103768,341272,1633135
"PK",2021,1233,2721,25397,108504,356852,1707696
"PK",2022,1250,2775,25977,111015,365141,1747403
"PK",2023,1248,2784,26118,111627,367155,1757065
"PK",2024,1233,2746,25732,109969,361698,1730943
"PK",2025,1261,2807,26306,112422,369766,1769556
"PK",2026,1404,3030,27476,116414,381828,1825475
"PK",2027,1562,3274,28708,120538,394185,1882562
"PK",2028,1731,3527,29914,124408,405559,1934702
"PK",2029,1910,3790,31072,127932,415645,1980423
"PK",2030,2100,4065,32206,131208,424757,2021216
"PK",2031,2302,4350,33296,134138,432572,2055528
"PK",2032,2519,4653,34402,136966,439863,2087025
"PK",2033,2754,4977,35524,139676,446570,2115386
"PK",2034,3006,5322,36661,142241,452585,2140070
"PK",2035,3277,5688,37794,144581,457634,2159757
"PK",2036,3550,6044,38725,145928,459283,2162939
"PK",2037,3843,6425,39673,147114,460156,2161994
"PK",2038,4156,6829,40612,148026,459879,2155119
"PK",2039,4491,7256,41543,148649,458379,2141934
"PK",2040,4850,7709,42464,148951,455533,2121820
"PK",2041,5233,8189,43370,148902,451221,2094164
"PK",2042,5642,8699,44260,148465,445305,2058274
"PK",2043,6079,9238,45129,147606,437642,2013418
"PK",2044,6547,9811,45974,146280,428064,1958754
"PK",2045,7046,10417,46789,144444,416404,1893436
"PK",2046,7579,11061,47569,142050,402470,1816503
"PK",2047,8149,11743,48309,139042,386055,1726914
"PK",2048,8756,12465,49002,135364,366941,1623568
"PK",2049,9404,13231,49640,130956,344897,1505307
"PK",2050,10096,14042,50218,125753,319676,1370887
"PK",2051,10376,14414,51290,127691,323256,1383293
"PK",2052,10668,14803,52407,129703,326956,1396057
"PK",2053,10973,15209,53568,131786,330760,1409108
"PK",2054,11291,15631,54774,133936,334657,1422386
"PK",2055,11621,16070,56024,136150,338633,1435819
"PK",2056,11965,16526,57318,138426,342678,1449358
"PK",2057,12322,16999,58654,140757,346774,1462911
"PK",2058,12691,17489,60034,143144,350911,1476432
"PK",2059,13075,17997,61457,145581,355078,1489854
"PK",2060,13472,18523,62922,148067,359262,1503121
"PK",2061,13883,19066,64431,150599,363452,1516168
"PK",2062,14308,19628,65983,153177,367639,1528951
"PK",2063,14748,20209,67579,155795,371811,1541401
"PK",2064,15203,20809,69217,158451,375951,1553437
"PK",2065,15673,21427,70899,161142,380051,1565014
"PK",2066,16158,22066,72626,163869,384102,1576082
"PK",2067,16659,22725,74397,166628,388093,1586576
"PK",2068,17176,23404,76212,169416,392008,1596423
"PK",2069,17709,24105,78072,172231,395838,1605564
"PK",2070,18260,24826,79977,175068,399563,1613907
"PK",2071,18827,25569,81927,177926,403176,1621403
"PK",2072,19412,26335,83923,180804,406666,1627993
"PK",2073,20014,27123,85965,183697,410015,1633584
"PK",2074,20635,27934,88054,186606,413217,1638135
"PK",2075,21275,28769,90191,189526,416255,1641562
"PK",2076,21895,29575,92209,192107,418357,1640814
"PK",2077,22531,30402,94267,194683,420254,1638767
"PK",2078,23185,31251,96364,197248,421931,1635349
"PK",2079,23858,32123,98503,199805,423381,1630513
"PK",2080,24549,33018,100685,202354,424598,1624210
"PK",2081,24960,33518,101355,200831,414953,1570208
"PK",2082,25381,34028,102034,199248,405004,1514577
"PK",2083,25811,34550,102722,197602,394742,1457264
"PK",2084,26250,35082,103418,195888,384152,1398195
"PK",2085,26698,35626,104122,194106,373223,1337320
"PK",2086,27156,36181,104835,192253,361946,1274585
"PK",2087,27623,36746,105553,190318,350294,1209878
"PK",2088,28100,37323,106278,188304,338267,1143176
"PK",2089,28587,37911,107008,186205,325846,1074399
"PK",2090,29083,38510,107744,184019,313022,1003496
"PK",2091,29590,39122,108486,181746,299786,930410
"PK",2092,30107,39745,109232,179376,286116,855048
"PK",2093,30634,40379,109983,176910,272006,777368
"PK",2094,31171,41025,110737,174341,257435,697284
"PK",2095,31719,41684,111494,171668,242396,614742
"PK",2096,32277,42354,112254,168886,226874,529674
"PK",2097,32845,43035,113014,165989,210850,441998
"PK",2098,33423,43729,113775,162976,194315,351661
"PK",2099,34013,44435,114537,159843,177257,258597
"PK",2100,34614,45154,115303,156592,159666,162740
"PH",2020,1380,3538,37919,143017,429424,1967423
"PH",2021,1440,3698,39665,149615,449251,2058284
"PH",2022,1545,3974,42753,161317,484419,2219446
"PH",2023,1633,4192,45119,170255,511268,2342501
"PH",2024,1675,4327,46813,176739,530798,2432100
"PH",2025,1741,4498,48665,183729,551792,2528295
"PH",2026,1937,4780,49829,186718,559199,2559360
"PH",2027,2151,5088,51092,189942,567163,2592705
"PH",2028,2378,5407,52295,192809,573903,2620161
"PH",2029,2616,5734,53409,195196,579050,2640043
"PH",2030,2867,6073,54451,197174,582812,2653291
"PH",2031,3127,6412,55332,198421,584235,2655556
"PH",2032,3401,6767,56181,199391,584660,2652948
"PH",2033,3692,7138,56998,200085,584081,2645418
"PH",2034,3999,7526,57780,200483,582427,2632624
"PH",2035,4324,7932,58514,200529,579528,2613781
"PH",2036,4660,8343,59122,199951,574590,2585291
"PH",2037,5013,8773,59679,199003,568344,2550442
"PH",2038,5390,9226,60224,197802,561104,2510617
"PH",2039,5788,9704,60738,196268,552627,2464689
"PH",2040,6209,10206,61216,194374,542818,2412193
"PH",2041,6656,10734,61655,192093,531576,2352644
"PH",2042,7129,11289,62051,189393,518794,2285521
"PH",2043,7630,11874,62399,186244,504360,2210274
"PH",2044,8160,12489,62695,182609,488148,2126290
"PH",2045,8722,13137,62932,178450,470020,2032911
"PH",2046,9316,13819,63104,173721,449824,1929396
"PH",2047,9945,14536,63204,168379,427408,1815012
"PH",2048,10611,15290,63225,162378,402609,1688977
"PH",2049,11315,16083,63158,155663,375246,1550416
"PH",2050,12060,16917,62993,148184,345136,1398456
"PH",2051,12348,17298,64049,149883,347692,1405499
"PH",2052,12650,17697,65160,151676,350403,1413025
"PH",2053,12966,18115,66321,153552,353242,1420917
"PH",2054,13295,18551,67531,155504,356189,1429077
"PH",2055,13638,19004,68787,157523,359218,1437403
"PH",2056,13994,19474,70086,159600,362306,1445781
"PH",2057,14362,19961,71427,161731,365439,1454149
"PH",2058,14744,20464,72808,163910,368597,1462424
"PH",2059,15138,20984,74229,166130,371764,1470524
"PH",2060,15545,21521,75685,168385,374920,1478361
"PH",2061,15965,22073,77177,170671,378053,1485882
"PH",2062,16397,22641,78704,172982,381147,1493013
"PH",2063,16842,23226,80265,175316,384190,1499695
"PH",2064,17300,23827,81859,177670,387176,1505897
"PH",2065,17771,24444,83484,180035,390078,1511500
"PH",2066,18254,25077,85141,182412,392896,1516495
"PH",2067,18751,25726,86828,184796,395612,1520807
"PH",2068,19260,26392,88545,187184,398218,1524385
"PH",2069,19783,27074,90292,189571,400700,1527171
"PH",2070,20319,27772,92067,191954,403044,1529103
"PH",2071,20868,28488,93871,194333,405248,1530151
"PH",2072,21431,29220,95703,196700,407291,1530235
"PH",2073,22008,29969,97561,199055,409167,1529312
"PH",2074,22598,30735,99447,201394,410863,1527327
"PH",2075,23203,31518,101360,203715,412371,1524236
"PH",2076,23781,32264,103123,205662,412973,1517385
"PH",2077,24372,33026,104911,207589,413383,1509416
"PH",2078,24978,33805,106724,209492,413590,1500278
"PH",2079,25598,34602,108564,211372,413591,1489946
"PH",2080,26232,35417,110428,213223,413369,1478343
"PH",2081,26577,35817,110632,210911,402988,1424484
"PH",2082,26928,36226,110843,208559,392417,1369621
"PH",2083,27288,36645,111063,206170,381655,1313742
"PH",2084,27656,37072,111289,203737,370687,1256780
"PH",2085,28031,37509,111519,201255,359498,1198677
"PH",2086,28413,37954,111755,198725,348087,1139411
"PH",2087,28803,38408,111995,196142,336442,1078931
"PH",2088,29201,38871,112239,193504,324553,1017191
"PH",2089,29607,39343,112486,190808,312411,954153
"PH",2090,30021,39824,112736,188052,300009,889774
"PH",2091,30443,40314,112988,185232,287336,824007
"PH",2092,30872,40813,113241,182344,274381,756806
"PH",2093,31310,41322,113497,179390,261142,688146
"PH",2094,31756,41840,113755,176367,247608,617977
"PH",2095,32211,42368,114013,173269,233767,546250
"PH",2096,32674,42905,114271,170096,219613,472924
"PH",2097,33146,43452,114530,166844,205134,397954
"PH",2098,33626,44010,114788,163511,190323,321298
"PH",2099,34116,44577,115046,160095,175170,242909
"PH",2100,34614,45154,115303,156592,159666,162740
"TH",2020,1268,7140,94296,269002,750513,2937562
"TH",2021,1729,6125,94043,287879,886982,7909502
"TH",2022,1819,6372,97552,298583,919892,8202560
"TH",2023,1748,6383,99629,305249,940714,8389324
"TH",2024,1775,6597,103514,317176,977496,8717645
"TH",2025,1816,6749,105896,324477,999996,8918309
"TH",2026,2135,7185,107390,327285,1005747,8958256
"TH",2027,2467,7618,108485,328751,1007160,8958742
"TH",2028,2810,8044,109160,328821,1004098,8918623
"TH",2029,3164,8468,109485,327722,997271,8844300
"TH",2030,3527,8891,109524,325653,987304,8741386
"TH",2031,3884,9275,108840,321334,970345,8575883
"TH",2032,4254,9669,108075,316685,952232,8399574
"TH",2033,4636,10075,107241,311738,933060,8213258
"TH",2034,5032,10495,106345,306511,912879,8017367
"TH",2035,5444,10930,105395,301025,891738,7812301
"TH",2036,5857,11354,104149,294583,867581,7580052
"TH",2037,6282,11786,102787,287712,841978,7334414
"TH",2038,6723,12236,101400,280663,815655,7081698
"TH",2039,7180,12702,99960,273347,788344,6819517
"TH",2040,7653,13185,98465,265756,760005,6547478
"TH",2041,8145,13687,96913,257874,730586,6265075
"TH",2042,8656,14207,95298,249681,700009,5971582
"TH",2043,9187,14748,93619,241165,668226,5666506
"TH",2044,9738,15311,91871,232302,635156,5349094
"TH",2045,10312,15896,90046,223063,600694,5018359
"TH",2046,10909,16503,88137,213420,564745,4673429
"TH",2047,11530,17135,86138,203344,527212,4313376
"TH",2048,12175,17790,84037,192801,487976,3937120
"TH",2049,12846,18471,81828,181758,446929,3543665
"TH",2050,13543,19175,79497,170177,403951,3131910
"TH",2051,13809,19522,80366,171326,405002,3131563
"TH",2052,14100,19903,81356,172706,406542,3134702
"TH",2053,14414,20314,82448,174277,408470,3140510
"TH",2054,14747,20751,83628,176003,410691,3148217
"TH",2055,15099,21214,84881,177855,413131,3157221
"TH",2056,15467,21698,86199,179808,415729,3167020
"TH",2057,15850,22202,87567,181832,418407,3177009
"TH",2058,16248,22724,88981,183914,421132,3186893
"TH",2059,16658,23264,90433,186039,423863,3196347
"TH",2060,17081,23819,91917,188191,426565,3205079
"TH",2061,17516,24389,93429,190360,429204,3212823
"TH",2062,17962,24972,94963,192533,431753,3219352
"TH",2063,18418,25569,96516,194702,434187,3224457
"TH",2064,18884,26178,98086,196863,436495,3228051
"TH",2065,19361,26800,99670,199007,438655,3229942
"TH",2066,19847,27433,101263,201125,440643,3229939
"TH",2067,20343,28078,102869,203220,442463,3228065
"TH",2068,20848,28733,104479,205277,444079,3224030
"TH",2069,21362,29400,106095,207297,445492,3217835
"TH",2070,21886,30077,107717,209279,446695,3209406
"TH",2071,22419,30766,109343,211219,447678,3198661
"TH",2072,22961,31465,110974,213115,448434,3185538
"TH",2073,23512,32175,112605,214961,448948,3169905
"TH",2074,24073,32896,114240,216760,449222,3151764
"TH",2075,24643,33629,115876,218507,449244,3131019
"TH",2076,25146,34269,117161,219541,447663,3098294
"TH",2077,25660,34920,118453,220540,445879,3063404
"TH",2078,26182,35582,119750,221497,443879,3026233
"TH",2079,26714,36256,121052,222414,441661,2986757
"TH",2080,27257,36941,122361,223292,439225,2944944
"TH",2081,27537,37246,121893,220121,426595,2821159
"TH",2082,27828,37563,121451,216966,413921,2696589
"TH",2083,28129,37893,121029,213819,401177,2571036
"TH",2084,28439,38234,120627,210674,388345,2444347
"TH",2085,28758,38587,120240,207523,375408,2316366
"TH",2086,29087,38952,119869,204365,362356,2187003
"TH",2087,29425,39328,119509,201189,349164,2056060
"TH",2088,29772,39714,119159,197992,335822,1923439
"TH",2089,30127,40111,118818,194770,322316,1789028
"TH",2090,30491,40517,118482,191513,308627,1652676
"TH",2091,30864,40935,118154,188228,294757,1514355
"TH",2092,31245,41362,117829,184902,280682,1373893
"TH",2093,31634,41799,117508,181536,266399,1231236
"TH",2094,32033,42247,117191,178128,251896,1086278
"TH",2095,32440,42705,116875,174672,237161,938914
"TH",2096,32856,43173,116559,171165,222183,789047
"TH",2097,33282,43652,116246,167608,206957,636604
"TH",2098,33717,44142,115933,163996,191469,481468
"TH",2099,34161,44643,115619,160325,175709,323546
"TH",2100,34614,45154,115303,156592,159666,162740
"VN",2020,1510,4760,49022,175888,544483,2905374
"VN",2021,1539,4829,49608,177960,550871,2939423
"VN",2022,1641,5187,53525,192136,594853,3174308
"VN",2023,1720,5421,55814,200257,619919,3307897
"VN",2024,1815,5747,59380,213082,659615,3519744
"VN",2025,1913,6058,62601,224640,695396,3710672
"VN",2026,2184,6486,64682,230395,711048,3789601
"VN",2027,2469,6917,66557,235236,723649,3851786
"VN",2028,2759,7325,67991,238348,730707,3883993
"VN",2029,3054,7715,69063,240029,733175,3891361
"VN",2030,3353,8091,69830,240498,731743,3877601
"VN",2031,3638,8412,69975,238698,723233,3825965
"VN",2032,3930,8731,69982,236308,712786,3763752
"VN",2033,4228,9049,69854,233353,700482,3691406
"VN",2034,4532,9364,69594,229843,686359,3609142
"VN",2035,4839,9675,69195,225765,670393,3516854
"VN",2036,5205,10088,69394,223502,659621,3451394
"VN",2037,5600,10537,69680,221342,648906,3385675
"VN",2038,6015,11008,69938,218895,637070,3313483
"VN",2039,6453,11502,70167,216150,624060,3234499
"VN",2040,6916,12020,70363,213076,609772,3148135
"VN",2041,7404,12563,70521,209647,594107,3053837
"VN",2042,7919,13134,70637,205834,576959,2951000
"VN",2043,8462,13732,70705,201604,558207,2838944
"VN",2044,9034,14359,70719,196918,537716,2716911
"VN",2045,9638,15017,70670,191738,515350,2584143
"VN",2046,10275,15705,70553,186024,490968,2439855
"VN",2047,10945,16425,70356,179725,464401,2283107
"VN",2048,11649,17178,70071,172799,435501,2113078
"VN",2049,12390,17962,69684,165193,404092,1928805
"VN",2050,13166,18780,69188,156861,370020,1729436
"VN",2051,13463,19171,70243,158460,372209,1735262
"VN",2052,13771,19578,71340,160125,374489,1741338
"VN",2053,14091,20000,72478,161849,376841,1747561
"VN",2054,14424,20438,73657,163628,379254,1753868
"VN",2055,14767,20891,74873,165457,381708,1760168
"VN",2056,15123,21360,76128,167334,384198,1766415
"VN",2057,15491,21843,77418,169250,386701,1772496
"VN",2058,15870,22342,78743,171203,389203,1778341
"VN",2059,16261,22856,80103,173190,391701,1783919
"VN",2060,16664,23385,81498,175212,394186,1789183
"VN",2061,17080,23930,82926,177261,396643,1794048
"VN",2062,17507,24490,84386,179334,399056,1798440
"VN",2063,17947,25065,85879,181430,401422,1802324
"VN",2064,18400,25657,87406,183550,403738,1805675
"VN",2065,18866,26265,88965,185687,405984,1808397
"VN",2066,19344,26889,90556,187840,408155,1810451
"VN",2067,19836,27530,92179,190009,410244,1811797
"VN",2068,20341,28187,93835,192189,412241,1812372
"VN",2069,20860,28862,95524,194382,414140,1812141
"VN",2070,21394,29554,97246,196585,415932,1811047
"VN",2071,21941,30264,99001,198795,417607,1809029
"VN",2072,22504,30992,100787,201008,419152,1806019
"VN",2073,23081,31739,102608,203227,420565,1801993
"VN",2074,23674,32505,104464,205450,421838,1796902
"VN",2075,24283,33290,106354,207674,422962,1790681
"VN",2076,24858,34027,108062,209479,423080,1779716
"VN",2077,25448,34783,109801,211278,423037,1767582
"VN",2078,26053,35557,111572,213073,422829,1754252
"VN",2079,26675,36351,113378,214868,422459,1739719
"VN",2080,27314,37166,115220,216659,421917,1723914
"VN",2081,27584,37451,115047,213758,410053,1654499
"VN",2082,27864,37747,114896,210867,398132,1584587
"VN",2083,28153,38055,114768,207983,386143,1514115
"VN",2084,28452,38375,114662,205105,374074,1443020
"VN",2085,28760,38707,114577,202226,361911,1371224
"VN",2086,29078,39050,114511,199343,349640,1298653
"VN",2087,29406,39406,114464,196452,337250,1225239
"VN",2088,29743,39773,114436,193552,324730,1150924
"VN",2089,30091,40153,114427,190637,312067,1075632
"VN",2090,30449,40545,114433,187702,299242,999276
"VN",2091,30817,40949,114457,184748,286253,921815
"VN",2092,31196,41366,114497,181768,273083,843168
"VN",2093,31586,41795,114553,178762,259721,763271
"VN",2094,31986,42237,114624,175724,246153,682042
"VN",2095,32397,42692,114708,172648,232363,599409
"VN",2096,32819,43159,114806,169534,218342,515309
"VN",2097,33251,43639,114914,166373,204073,429657
"VN",2098,33694,44131,115034,163166,189546,342393
"VN",2099,34149,44636,115163,159906,174747,253442
"VN",2100,34614,45154,115303,156592,159666,162740
"OI",2020,903,3376,100623,439493,1414080,6652683
"OI",2021,774,3317,104891,461801,1556384,7244143
"OI",2022,673,3069,102074,456316,1507320,6588318
"OI",2023,699,3252,102428,458438,1502655,6552007
"OI",2024,765,3446,107407,489477,1600671,7063747
"OI",2025,780,3515,109547,499231,1632565,7204496
"OI",2026,1045,3818,108607,491981,1606026,7083026
"OI",2027,1316,4124,107463,483720,1576101,6946488
"OI",2028,1593,4435,106211,474888,1544230,6801246
"OI",2029,1877,4751,104847,465466,1510354,6647046
"OI",2030,2168,5075,103414,455654,1475130,6486779
"OI",2031,2473,5421,102232,446841,1443042,6340148
"OI",2032,2788,5779,101002,437708,1409800,6188264
"OI",2033,3113,6148,99734,428281,1375489,6031494
"OI",2034,3449,6529,98424,418544,1340051,5869573
"OI",2035,3795,6923,97066,408464,1303369,5701975
"OI",2036,4217,7441,97111,404069,1284603,5612405
"OI",2037,4659,7981,96997,398713,1262466,5507610
"OI",2038,5130,8555,96860,392945,1238687,5395113
"OI",2039,5627,9159,96621,386412,1212122,5269890
"OI",2040,6152,9795,96274,379076,1182634,5131302
"OI",2041,6706,10463,95808,370869,1149984,4978285
"OI",2042,7290,11166,95211,361725,1113944,4809800
"OI",2043,7906,11906,94482,351612,1074387,4625267
"OI",2044,8557,12683,93611,340471,1031106,4423735
"OI",2045,9244,13501,92585,328228,983834,4204003
"OI",2046,9968,14362,91402,314835,932396,3965255
"OI",2047,10732,15268,90042,300198,876465,3706033
"OI",2048,11536,16219,88493,284231,815743,3424985
"OI",2049,12385,17218,86745,266871,749995,3121037
"OI",2050,13278,18268,84778,248008,678850,2792529
"OI",2051,13539,18608,85608,249001,679434,2791010
"OI",2052,13819,18972,86526,250201,680512,2791392
"OI",2053,14116,19360,87524,251586,682017,2793380
"OI",2054,14429,19769,88591,253112,683821,2796444
"OI",2055,14757,20198,89719,254756,685855,2800283
"OI",2056,15101,20647,90904,256502,688072,2804694
"OI",2057,15459,21115,92142,258331,690412,2809424
"OI",2058,15830,21600,93420,260209,692780,2814075
"OI",2059,16213,22101,94734,262115,695114,2818378
"OI",2060,16609,22618,96084,264047,697405,2822295
"OI",2061,17018,23152,97468,266000,699631,2825721
"OI",2062,17440,23703,98887,267972,701782,2828606
"OI",2063,17875,24271,100341,269956,703837,2830857
"OI",2064,18324,24856,101824,271937,705747,2832265
"OI",2065,18785,25457,103335,273903,707481,2832695
"OI",2066,19257,26072,104861,275824,708950,2831779
"OI",2067,19740,26701,106403,277693,710134,2829429
"OI",2068,20237,27347,107970,279535,711094,2825876
"OI",2069,20747,28009,109559,281336,711786,2820941
"OI",2070,21269,28687,111167,283085,712177,2814476
"OI",2071,21804,29381,112789,284768,712229,2806318
"OI",2072,22350,30089,114421,286372,711901,2796299
"OI",2073,22910,30815,116074,287922,711247,2784622
"OI",2074,23483,31556,117739,289388,710194,2770982
"OI",2075,24067,32311,119408,290750,708684,2755147
"OI",2076,24605,33004,120802,291333,705080,2730765
"OI",2077,25157,33714,122214,291853,701127,2704636
"OI",2078,25721,34439,123636,292287,696772,2676535
"OI",2079,26298,35181,125073,292645,692028,2646506
"OI",2080,26890,35941,126527,292926,686886,2614495
"OI",2081,27191,36295,125896,286723,663419,2506043
"OI",2082,27500,36660,125280,280492,639772,2396663
"OI",2083,27818,37036,124679,274233,615942,2286324
"OI",2084,28147,37427,124100,267954,591932,2175024
"OI",2085,28487,37830,123536,261639,567698,2062578
"OI",2086,28832,38241,122972,255248,543151,1948639
"OI",2087,29187,38663,122417,248799,518320,1833304
"OI",2088,29552,39098,121872,242291,493192,1716501
"OI",2089,29925,39543,121328,235702,467715,1598032
"OI",2090,30308,40000,120793,229040,441898,1477905
"OI",2091,30700,40468,120260,222293,415707,1355980
"OI",2092,31099,40945,119722,215442,389100,1232095
"OI",2093,31508,41434,119185,208495,362080,1106244
"OI",2094,31925,41933,118646,201441,334621,978320
"OI",2095,32351,42443,118102,194273,306704,848232
"OI",2096,32785,42962,117552,186988,278310,715908
"OI",2097,33228,43494,117000,179584,249430,581285
"OI",2098,33681,44037,116443,172055,220044,444275
"OI",2099,34144,44590,115879,164395,190130,304789
"OI",2100,34614,45154,115303,156592,159666,162740
