"country","gpercentile","wealth_2025","wealth_2030","wealth_2035","wealth_2050","wealth_2080","wealth_2100"
"World",1,-6248,-4493,-1765,20275,77927,115913
"World",2,-6248,-4493,-1765,20275,77927,115913
"World",3,-6248,-4493,-1765,20275,77927,115913
"World",4,-6248,-4493,-1765,20275,77927,115913
"World",5,-6248,-4493,-1765,20275,77927,115913
"World",6,-6248,-4493,-1765,20275,77927,115913
"World",7,-6248,-4493,-1765,20275,77927,115913
"World",8,-6248,-4493,-1765,20275,77927,115913
"World",9,-6248,-4493,-1765,20275,77927,115913
"World",10,-6248,-4493,-1765,20275,77927,115913
"World",11,4548,6421,10175,42502,112547,148260
"World",12,4548,6421,10175,42502,112547,148260
"World",13,4548,6421,10175,42502,112547,148260
"World",14,4548,6421,10175,42502,112547,148260
"World",15,4548,6421,10175,42502,112547,148260
"World",16,4548,6421,10175,42502,112547,148260
"World",17,4548,6421,10175,42502,112547,148260
"World",18,4548,6421,10175,42502,112547,148260
"World",19,4548,6421,10175,42502,112547,148260
"World",20,4548,6421,10175,42502,112547,148260
"World",21,4548,6421,10175,42502,112547,148260
"World",22,4548,6421,10175,42502,112547,148260
"World",23,4548,6421,10175,42502,112547,148260
"World",24,4548,6421,10175,42502,112547,148260
"World",25,4548,6421,10175,42502,112547,148260
"World",26,4548,6421,10175,42502,112547,148260
"World",27,4548,6421,10175,42502,112547,148260
"World",28,4548,6421,10175,42502,112547,148260
"World",29,4548,6421,10175,42502,112547,148260
"World",30,4548,6421,10175,42502,112547,148260
"World",31,4548,6421,10175,42502,112547,148260
"World",32,4548,6421,10175,42502,112547,148260
"World",33,4548,6421,10175,42502,112547,148260
"World",34,4548,6421,10175,42502,112547,148260
"World",35,4548,6421,10175,42502,112547,148260
"World",36,4548,6421,10175,42502,112547,148260
"World",37,4548,6421,10175,42502,112547,148260
"World",38,4548,6421,10175,42502,112547,148260
"World",39,4548,6421,10175,42502,112547,148260
"World",40,4548,6421,10175,42502,112547,148260
"World",41,4548,6421,10175,42502,112547,148260
"World",42,4548,6421,10175,42502,112547,148260
"World",43,4548,6421,10175,42502,112547,148260
"World",44,4548,6421,10175,42502,112547,148260
"World",45,4548,6421,10175,42502,112547,148260
"World",46,4548,6421,10175,42502,112547,148260
"World",47,4548,6421,10175,42502,112547,148260
"World",48,4548,6421,10175,42502,112547,148260
"World",49,4548,6421,10175,42502,112547,148260
"World",50,4548,6421,10175,42502,112547,148260
"World",51,40278,48116,58211,110613,207689,258702
"World",52,40278,48116,58211,110613,207689,258702
"World",53,40278,48116,58211,110613,207689,258702
"World",54,40278,48116,58211,110613,207689,258702
"World",55,40278,48116,58211,110613,207689,258702
"World",56,40278,48116,58211,110613,207689,258702
"World",57,40278,48116,58211,110613,207689,258702
"World",58,40278,48116,58211,110613,207689,258702
"World",59,40278,48116,58211,110613,207689,258702
"World",60,40278,48116,58211,110613,207689,258702
"World",61,40278,48116,58211,110613,207689,258702
"World",62,40278,48116,58211,110613,207689,258702
"World",63,40278,48116,58211,110613,207689,258702
"World",64,40278,48116,58211,110613,207689,258702
"World",65,40278,48116,58211,110613,207689,258702
"World",66,40278,48116,58211,110613,207689,258702
"World",67,40278,48116,58211,110613,207689,258702
"World",68,40278,48116,58211,110613,207689,258702
"World",69,40278,48116,58211,110613,207689,258702
"World",70,40278,48116,58211,110613,207689,258702
"World",71,40278,48116,58211,110613,207689,258702
"World",72,40278,48116,58211,110613,207689,258702
"World",73,40278,48116,58211,110613,207689,258702
"World",74,40278,48116,58211,110613,207689,258702
"World",75,40278,48116,58211,110613,207689,258702
"World",76,40278,48116,58211,110613,207689,258702
"World",77,40278,48116,58211,110613,207689,258702
"World",78,40278,48116,58211,110613,207689,258702
"World",79,40278,48116,58211,110613,207689,258702
"World",80,40278,48116,58211,110613,207689,258702
"World",81,40278,48116,58211,110613,207689,258702
"World",82,40278,48116,58211,110613,207689,258702
"World",83,40278,48116,58211,110613,207689,258702
"World",84,40278,48116,58211,110613,207689,258702
"World",85,40278,48116,58211,110613,207689,258702
"World",86,40278,48116,58211,110613,207689,258702
"World",87,40278,48116,58211,110613,207689,258702
"World",88,40278,48116,58211,110613,207689,258702
"World",89,40278,48116,58211,110613,207689,258702
"World",90,40278,48116,58211,110613,207689,258702
"World",91,301138,337193,367633,433768,507025,541196
"World",92,301138,337193,367633,433768,507025,541196
"World",93,301138,337193,367633,433768,507025,541196
"World",94,301138,337193,367633,433768,507025,541196
"World",95,301138,337193,367633,433768,507025,541196
"World",96,301138,337193,367633,433768,507025,541196
"World",97,301138,337193,367633,433768,507025,541196
"World",98,301138,337193,367633,433768,507025,541196
"World",99,301138,337193,367633,433768,507025,541196
"World",100,2709930,2323800,1953793,1262534,1077866,1091619
"Europe",1,-28330,-20631,-9178,35886,91360,103648
"Europe",2,-28330,-20631,-9178,35886,91360,103648
"Europe",3,-28330,-20631,-9178,35886,91360,103648
"Europe",4,-28330,-20631,-9178,35886,91360,103648
"Europe",5,-28330,-20631,-9178,35886,91360,103648
"Europe",6,-28330,-20631,-9178,35886,91360,103648
"Europe",7,-28330,-20631,-9178,35886,91360,103648
"Europe",8,-28330,-20631,-9178,35886,91360,103648
"Europe",9,-28330,-20631,-9178,35886,91360,103648
"Europe",10,-28330,-20631,-9178,35886,91360,103648
"Europe",11,22505,34383,51308,101133,141864,144513
"Europe",12,22505,34383,51308,101133,141864,144513
"Europe",13,22505,34383,51308,101133,141864,144513
"Europe",14,22505,34383,51308,101133,141864,144513
"Europe",15,22505,34383,51308,101133,141864,144513
"Europe",16,22505,34383,51308,101133,141864,144513
"Europe",17,22505,34383,51308,101133,141864,144513
"Europe",18,22505,34383,51308,101133,141864,144513
"Europe",19,22505,34383,51308,101133,141864,144513
"Europe",20,22505,34383,51308,101133,141864,144513
"Europe",21,22505,34383,51308,101133,141864,144513
"Europe",22,22505,34383,51308,101133,141864,144513
"Europe",23,22505,34383,51308,101133,141864,144513
"Europe",24,22505,34383,51308,101133,141864,144513
"Europe",25,22505,34383,51308,101133,141864,144513
"Europe",26,22505,34383,51308,101133,141864,144513
"Europe",27,22505,34383,51308,101133,141864,144513
"Europe",28,22505,34383,51308,101133,141864,144513
"Europe",29,22505,34383,51308,101133,141864,144513
"Europe",30,22505,34383,51308,101133,141864,144513
"Europe",31,22505,34383,51308,101133,141864,144513
"Europe",32,22505,34383,51308,101133,141864,144513
"Europe",33,22505,34383,51308,101133,141864,144513
"Europe",34,22505,34383,51308,101133,141864,144513
"Europe",35,22505,34383,51308,101133,141864,144513
"Europe",36,22505,34383,51308,101133,141864,144513
"Europe",37,22505,34383,51308,101133,141864,144513
"Europe",38,22505,34383,51308,101133,141864,144513
"Europe",39,22505,34383,51308,101133,141864,144513
"Europe",40,22505,34383,51308,101133,141864,144513
"Europe",41,22505,34383,51308,101133,141864,144513
"Europe",42,22505,34383,51308,101133,141864,144513
"Europe",43,22505,34383,51308,101133,141864,144513
"Europe",44,22505,34383,51308,101133,141864,144513
"Europe",45,22505,34383,51308,101133,141864,144513
"Europe",46,22505,34383,51308,101133,141864,144513
"Europe",47,22505,34383,51308,101133,141864,144513
"Europe",48,22505,34383,51308,101133,141864,144513
"Europe",49,22505,34383,51308,101133,141864,144513
"Europe",50,22505,34383,51308,101133,141864,144513
"Europe",51,177761,197204,221467,271552,283426,269338
"Europe",52,177761,197204,221467,271552,283426,269338
"Europe",53,177761,197204,221467,271552,283426,269338
"Europe",54,177761,197204,221467,271552,283426,269338
"Europe",55,177761,197204,221467,271552,283426,269338
"Europe",56,177761,197204,221467,271552,283426,269338
"Europe",57,177761,197204,221467,271552,283426,269338
"Europe",58,177761,197204,221467,271552,283426,269338
"Europe",59,177761,197204,221467,271552,283426,269338
"Europe",60,177761,197204,221467,271552,283426,269338
"Europe",61,177761,197204,221467,271552,283426,269338
"Europe",62,177761,197204,221467,271552,283426,269338
"Europe",63,177761,197204,221467,271552,283426,269338
"Europe",64,177761,197204,221467,271552,283426,269338
"Europe",65,177761,197204,221467,271552,283426,269338
"Europe",66,177761,197204,221467,271552,283426,269338
"Europe",67,177761,197204,221467,271552,283426,269338
"Europe",68,177761,197204,221467,271552,283426,269338
"Europe",69,177761,197204,221467,271552,283426,269338
"Europe",70,177761,197204,221467,271552,283426,269338
"Europe",71,177761,197204,221467,271552,283426,269338
"Europe",72,177761,197204,221467,271552,283426,269338
"Europe",73,177761,197204,221467,271552,283426,269338
"Europe",74,177761,197204,221467,271552,283426,269338
"Europe",75,177761,197204,221467,271552,283426,269338
"Europe",76,177761,197204,221467,271552,283426,269338
"Europe",77,177761,197204,221467,271552,283426,269338
"Europe",78,177761,197204,221467,271552,283426,269338
"Europe",79,177761,197204,221467,271552,283426,269338
"Europe",80,177761,197204,221467,271552,283426,269338
"Europe",81,177761,197204,221467,271552,283426,269338
"Europe",82,177761,197204,221467,271552,283426,269338
"Europe",83,177761,197204,221467,271552,283426,269338
"Europe",84,177761,197204,221467,271552,283426,269338
"Europe",85,177761,197204,221467,271552,283426,269338
"Europe",86,177761,197204,221467,271552,283426,269338
"Europe",87,177761,197204,221467,271552,283426,269338
"Europe",88,177761,197204,221467,271552,283426,269338
"Europe",89,177761,197204,221467,271552,283426,269338
"Europe",90,177761,197204,221467,271552,283426,269338
"Europe",91,739049,790829,806256,744362,627494,547018
"Europe",92,739049,790829,806256,744362,627494,547018
"Europe",93,739049,790829,806256,744362,627494,547018
"Europe",94,739049,790829,806256,744362,627494,547018
"Europe",95,739049,790829,806256,744362,627494,547018
"Europe",96,739049,790829,806256,744362,627494,547018
"Europe",97,739049,790829,806256,744362,627494,547018
"Europe",98,739049,790829,806256,744362,627494,547018
"Europe",99,739049,790829,806256,744362,627494,547018
"Europe",100,4949684,4077378,3227069,1587667,994061,886325
"North America Oceania",1,-18196,-13205,-4717,34543,95510,104302
"North America Oceania",2,-18196,-13205,-4717,34543,95510,104302
"North America Oceania",3,-18196,-13205,-4717,34543,95510,104302
"North America Oceania",4,-18196,-13205,-4717,34543,95510,104302
"North America Oceania",5,-18196,-13205,-4717,34543,95510,104302
"North America Oceania",6,-18196,-13205,-4717,34543,95510,104302
"North America Oceania",7,-18196,-13205,-4717,34543,95510,104302
"North America Oceania",8,-18196,-13205,-4717,34543,95510,104302
"North America Oceania",9,-18196,-13205,-4717,34543,95510,104302
"North America Oceania",10,-18196,-13205,-4717,34543,95510,104302
"North America Oceania",11,16481,31066,48467,103077,147499,142499
"North America Oceania",12,16481,31066,48467,103077,147499,142499
"North America Oceania",13,16481,31066,48467,103077,147499,142499
"North America Oceania",14,16481,31066,48467,103077,147499,142499
"North America Oceania",15,16481,31066,48467,103077,147499,142499
"North America Oceania",16,16481,31066,48467,103077,147499,142499
"North America Oceania",17,16481,31066,48467,103077,147499,142499
"North America Oceania",18,16481,31066,48467,103077,147499,142499
"North America Oceania",19,16481,31066,48467,103077,147499,142499
"North America Oceania",20,16481,31066,48467,103077,147499,142499
"North America Oceania",21,16481,31066,48467,103077,147499,142499
"North America Oceania",22,16481,31066,48467,103077,147499,142499
"North America Oceania",23,16481,31066,48467,103077,147499,142499
"North America Oceania",24,16481,31066,48467,103077,147499,142499
"North America Oceania",25,16481,31066,48467,103077,147499,142499
"North America Oceania",26,16481,31066,48467,103077,147499,142499
"North America Oceania",27,16481,31066,48467,103077,147499,142499
"North America Oceania",28,16481,31066,48467,103077,147499,142499
"North America Oceania",29,16481,31066,48467,103077,147499,142499
"North America Oceania",30,16481,31066,48467,103077,147499,142499
"North America Oceania",31,16481,31066,48467,103077,147499,142499
"North America Oceania",32,16481,31066,48467,103077,147499,142499
"North America Oceania",33,16481,31066,48467,103077,147499,142499
"North America Oceania",34,16481,31066,48467,103077,147499,142499
"North America Oceania",35,16481,31066,48467,103077,147499,142499
"North America Oceania",36,16481,31066,48467,103077,147499,142499
"North America Oceania",37,16481,31066,48467,103077,147499,142499
"North America Oceania",38,16481,31066,48467,103077,147499,142499
"North America Oceania",39,16481,31066,48467,103077,147499,142499
"North America Oceania",40,16481,31066,48467,103077,147499,142499
"North America Oceania",41,16481,31066,48467,103077,147499,142499
"North America Oceania",42,16481,31066,48467,103077,147499,142499
"North America Oceania",43,16481,31066,48467,103077,147499,142499
"North America Oceania",44,16481,31066,48467,103077,147499,142499
"North America Oceania",45,16481,31066,48467,103077,147499,142499
"North America Oceania",46,16481,31066,48467,103077,147499,142499
"North America Oceania",47,16481,31066,48467,103077,147499,142499
"North America Oceania",48,16481,31066,48467,103077,147499,142499
"North America Oceania",49,16481,31066,48467,103077,147499,142499
"North America Oceania",50,16481,31066,48467,103077,147499,142499
"North America Oceania",51,196316,220355,245756,298910,302452,269732
"North America Oceania",52,196316,220355,245756,298910,302452,269732
"North America Oceania",53,196316,220355,245756,298910,302452,269732
"North America Oceania",54,196316,220355,245756,298910,302452,269732
"North America Oceania",55,196316,220355,245756,298910,302452,269732
"North America Oceania",56,196316,220355,245756,298910,302452,269732
"North America Oceania",57,196316,220355,245756,298910,302452,269732
"North America Oceania",58,196316,220355,245756,298910,302452,269732
"North America Oceania",59,196316,220355,245756,298910,302452,269732
"North America Oceania",60,196316,220355,245756,298910,302452,269732
"North America Oceania",61,196316,220355,245756,298910,302452,269732
"North America Oceania",62,196316,220355,245756,298910,302452,269732
"North America Oceania",63,196316,220355,245756,298910,302452,269732
"North America Oceania",64,196316,220355,245756,298910,302452,269732
"North America Oceania",65,196316,220355,245756,298910,302452,269732
"North America Oceania",66,196316,220355,245756,298910,302452,269732
"North America Oceania",67,196316,220355,245756,298910,302452,269732
"North America Oceania",68,196316,220355,245756,298910,302452,269732
"North America Oceania",69,196316,220355,245756,298910,302452,269732
"North America Oceania",70,196316,220355,245756,298910,302452,269732
"North America Oceania",71,196316,220355,245756,298910,302452,269732
"North America Oceania",72,196316,220355,245756,298910,302452,269732
"North America Oceania",73,196316,220355,245756,298910,302452,269732
"North America Oceania",74,196316,220355,245756,298910,302452,269732
"North America Oceania",75,196316,220355,245756,298910,302452,269732
"North America Oceania",76,196316,220355,245756,298910,302452,269732
"North America Oceania",77,196316,220355,245756,298910,302452,269732
"North America Oceania",78,196316,220355,245756,298910,302452,269732
"North America Oceania",79,196316,220355,245756,298910,302452,269732
"North America Oceania",80,196316,220355,245756,298910,302452,269732
"North America Oceania",81,196316,220355,245756,298910,302452,269732
"North America Oceania",82,196316,220355,245756,298910,302452,269732
"North America Oceania",83,196316,220355,245756,298910,302452,269732
"North America Oceania",84,196316,220355,245756,298910,302452,269732
"North America Oceania",85,196316,220355,245756,298910,302452,269732
"North America Oceania",86,196316,220355,245756,298910,302452,269732
"North America Oceania",87,196316,220355,245756,298910,302452,269732
"North America Oceania",88,196316,220355,245756,298910,302452,269732
"North America Oceania",89,196316,220355,245756,298910,302452,269732
"North America Oceania",90,196316,220355,245756,298910,302452,269732
"North America Oceania",91,1011008,1057066,1025214,846593,681394,555875
"North America Oceania",92,1011008,1057066,1025214,846593,681394,555875
"North America Oceania",93,1011008,1057066,1025214,846593,681394,555875
"North America Oceania",94,1011008,1057066,1025214,846593,681394,555875
"North America Oceania",95,1011008,1057066,1025214,846593,681394,555875
"North America Oceania",96,1011008,1057066,1025214,846593,681394,555875
"North America Oceania",97,1011008,1057066,1025214,846593,681394,555875
"North America Oceania",98,1011008,1057066,1025214,846593,681394,555875
"North America Oceania",99,1011008,1057066,1025214,846593,681394,555875
"North America Oceania",100,8789628,6467969,4660511,1962153,1024609,864863
"Latin America",1,-6512,-5106,-2899,15441,72116,117639
"Latin America",2,-6512,-5106,-2899,15441,72116,117639
"Latin America",3,-6512,-5106,-2899,15441,72116,117639
"Latin America",4,-6512,-5106,-2899,15441,72116,117639
"Latin America",5,-6512,-5106,-2899,15441,72116,117639
"Latin America",6,-6512,-5106,-2899,15441,72116,117639
"Latin America",7,-6512,-5106,-2899,15441,72116,117639
"Latin America",8,-6512,-5106,-2899,15441,72116,117639
"Latin America",9,-6512,-5106,-2899,15441,72116,117639
"Latin America",10,-6512,-5106,-2899,15441,72116,117639
"Latin America",11,3689,4970,7804,29744,94302,145532
"Latin America",12,3689,4970,7804,29744,94302,145532
"Latin America",13,3689,4970,7804,29744,94302,145532
"Latin America",14,3689,4970,7804,29744,94302,145532
"Latin America",15,3689,4970,7804,29744,94302,145532
"Latin America",16,3689,4970,7804,29744,94302,145532
"Latin America",17,3689,4970,7804,29744,94302,145532
"Latin America",18,3689,4970,7804,29744,94302,145532
"Latin America",19,3689,4970,7804,29744,94302,145532
"Latin America",20,3689,4970,7804,29744,94302,145532
"Latin America",21,3689,4970,7804,29744,94302,145532
"Latin America",22,3689,4970,7804,29744,94302,145532
"Latin America",23,3689,4970,7804,29744,94302,145532
"Latin America",24,3689,4970,7804,29744,94302,145532
"Latin America",25,3689,4970,7804,29744,94302,145532
"Latin America",26,3689,4970,7804,29744,94302,145532
"Latin America",27,3689,4970,7804,29744,94302,145532
"Latin America",28,3689,4970,7804,29744,94302,145532
"Latin America",29,3689,4970,7804,29744,94302,145532
"Latin America",30,3689,4970,7804,29744,94302,145532
"Latin America",31,3689,4970,7804,29744,94302,145532
"Latin America",32,3689,4970,7804,29744,94302,145532
"Latin America",33,3689,4970,7804,29744,94302,145532
"Latin America",34,3689,4970,7804,29744,94302,145532
"Latin America",35,3689,4970,7804,29744,94302,145532
"Latin America",36,3689,4970,7804,29744,94302,145532
"Latin America",37,3689,4970,7804,29744,94302,145532
"Latin America",38,3689,4970,7804,29744,94302,145532
"Latin America",39,3689,4970,7804,29744,94302,145532
"Latin America",40,3689,4970,7804,29744,94302,145532
"Latin America",41,3689,4970,7804,29744,94302,145532
"Latin America",42,3689,4970,7804,29744,94302,145532
"Latin America",43,3689,4970,7804,29744,94302,145532
"Latin America",44,3689,4970,7804,29744,94302,145532
"Latin America",45,3689,4970,7804,29744,94302,145532
"Latin America",46,3689,4970,7804,29744,94302,145532
"Latin America",47,3689,4970,7804,29744,94302,145532
"Latin America",48,3689,4970,7804,29744,94302,145532
"Latin America",49,3689,4970,7804,29744,94302,145532
"Latin America",50,3689,4970,7804,29744,94302,145532
"Latin America",51,27527,31662,38479,75775,174842,255898
"Latin America",52,27527,31662,38479,75775,174842,255898
"Latin America",53,27527,31662,38479,75775,174842,255898
"Latin America",54,27527,31662,38479,75775,174842,255898
"Latin America",55,27527,31662,38479,75775,174842,255898
"Latin America",56,27527,31662,38479,75775,174842,255898
"Latin America",57,27527,31662,38479,75775,174842,255898
"Latin America",58,27527,31662,38479,75775,174842,255898
"Latin America",59,27527,31662,38479,75775,174842,255898
"Latin America",60,27527,31662,38479,75775,174842,255898
"Latin America",61,27527,31662,38479,75775,174842,255898
"Latin America",62,27527,31662,38479,75775,174842,255898
"Latin America",63,27527,31662,38479,75775,174842,255898
"Latin America",64,27527,31662,38479,75775,174842,255898
"Latin America",65,27527,31662,38479,75775,174842,255898
"Latin America",66,27527,31662,38479,75775,174842,255898
"Latin America",67,27527,31662,38479,75775,174842,255898
"Latin America",68,27527,31662,38479,75775,174842,255898
"Latin America",69,27527,31662,38479,75775,174842,255898
"Latin America",70,27527,31662,38479,75775,174842,255898
"Latin America",71,27527,31662,38479,75775,174842,255898
"Latin America",72,27527,31662,38479,75775,174842,255898
"Latin America",73,27527,31662,38479,75775,174842,255898
"Latin America",74,27527,31662,38479,75775,174842,255898
"Latin America",75,27527,31662,38479,75775,174842,255898
"Latin America",76,27527,31662,38479,75775,174842,255898
"Latin America",77,27527,31662,38479,75775,174842,255898
"Latin America",78,27527,31662,38479,75775,174842,255898
"Latin America",79,27527,31662,38479,75775,174842,255898
"Latin America",80,27527,31662,38479,75775,174842,255898
"Latin America",81,27527,31662,38479,75775,174842,255898
"Latin America",82,27527,31662,38479,75775,174842,255898
"Latin America",83,27527,31662,38479,75775,174842,255898
"Latin America",84,27527,31662,38479,75775,174842,255898
"Latin America",85,27527,31662,38479,75775,174842,255898
"Latin America",86,27527,31662,38479,75775,174842,255898
"Latin America",87,27527,31662,38479,75775,174842,255898
"Latin America",88,27527,31662,38479,75775,174842,255898
"Latin America",89,27527,31662,38479,75775,174842,255898
"Latin America",90,27527,31662,38479,75775,174842,255898
"Latin America",91,152290,192176,225507,299819,441553,551748
"Latin America",92,152290,192176,225507,299819,441553,551748
"Latin America",93,152290,192176,225507,299819,441553,551748
"Latin America",94,152290,192176,225507,299819,441553,551748
"Latin America",95,152290,192176,225507,299819,441553,551748
"Latin America",96,152290,192176,225507,299819,441553,551748
"Latin America",97,152290,192176,225507,299819,441553,551748
"Latin America",98,152290,192176,225507,299819,441553,551748
"Latin America",99,152290,192176,225507,299819,441553,551748
"Latin America",100,1530447,1461051,1353724,1076703,1093150,1200669
"Middle East North Africa",1,-6873,-5186,-2445,18295,76479,119882
"Middle East North Africa",2,-6873,-5186,-2445,18295,76479,119882
"Middle East North Africa",3,-6873,-5186,-2445,18295,76479,119882
"Middle East North Africa",4,-6873,-5186,-2445,18295,76479,119882
"Middle East North Africa",5,-6873,-5186,-2445,18295,76479,119882
"Middle East North Africa",6,-6873,-5186,-2445,18295,76479,119882
"Middle East North Africa",7,-6873,-5186,-2445,18295,76479,119882
"Middle East North Africa",8,-6873,-5186,-2445,18295,76479,119882
"Middle East North Africa",9,-6873,-5186,-2445,18295,76479,119882
"Middle East North Africa",10,-6873,-5186,-2445,18295,76479,119882
"Middle East North Africa",11,3620,5137,8504,33048,99315,148807
"Middle East North Africa",12,3620,5137,8504,33048,99315,148807
"Middle East North Africa",13,3620,5137,8504,33048,99315,148807
"Middle East North Africa",14,3620,5137,8504,33048,99315,148807
"Middle East North Africa",15,3620,5137,8504,33048,99315,148807
"Middle East North Africa",16,3620,5137,8504,33048,99315,148807
"Middle East North Africa",17,3620,5137,8504,33048,99315,148807
"Middle East North Africa",18,3620,5137,8504,33048,99315,148807
"Middle East North Africa",19,3620,5137,8504,33048,99315,148807
"Middle East North Africa",20,3620,5137,8504,33048,99315,148807
"Middle East North Africa",21,3620,5137,8504,33048,99315,148807
"Middle East North Africa",22,3620,5137,8504,33048,99315,148807
"Middle East North Africa",23,3620,5137,8504,33048,99315,148807
"Middle East North Africa",24,3620,5137,8504,33048,99315,148807
"Middle East North Africa",25,3620,5137,8504,33048,99315,148807
"Middle East North Africa",26,3620,5137,8504,33048,99315,148807
"Middle East North Africa",27,3620,5137,8504,33048,99315,148807
"Middle East North Africa",28,3620,5137,8504,33048,99315,148807
"Middle East North Africa",29,3620,5137,8504,33048,99315,148807
"Middle East North Africa",30,3620,5137,8504,33048,99315,148807
"Middle East North Africa",31,3620,5137,8504,33048,99315,148807
"Middle East North Africa",32,3620,5137,8504,33048,99315,148807
"Middle East North Africa",33,3620,5137,8504,33048,99315,148807
"Middle East North Africa",34,3620,5137,8504,33048,99315,148807
"Middle East North Africa",35,3620,5137,8504,33048,99315,148807
"Middle East North Africa",36,3620,5137,8504,33048,99315,148807
"Middle East North Africa",37,3620,5137,8504,33048,99315,148807
"Middle East North Africa",38,3620,5137,8504,33048,99315,148807
"Middle East North Africa",39,3620,5137,8504,33048,99315,148807
"Middle East North Africa",40,3620,5137,8504,33048,99315,148807
"Middle East North Africa",41,3620,5137,8504,33048,99315,148807
"Middle East North Africa",42,3620,5137,8504,33048,99315,148807
"Middle East North Africa",43,3620,5137,8504,33048,99315,148807
"Middle East North Africa",44,3620,5137,8504,33048,99315,148807
"Middle East North Africa",45,3620,5137,8504,33048,99315,148807
"Middle East North Africa",46,3620,5137,8504,33048,99315,148807
"Middle East North Africa",47,3620,5137,8504,33048,99315,148807
"Middle East North Africa",48,3620,5137,8504,33048,99315,148807
"Middle East North Africa",49,3620,5137,8504,33048,99315,148807
"Middle East North Africa",50,3620,5137,8504,33048,99315,148807
"Middle East North Africa",51,35078,39903,47839,90478,183731,257792
"Middle East North Africa",52,35078,39903,47839,90478,183731,257792
"Middle East North Africa",53,35078,39903,47839,90478,183731,257792
"Middle East North Africa",54,35078,39903,47839,90478,183731,257792
"Middle East North Africa",55,35078,39903,47839,90478,183731,257792
"Middle East North Africa",56,35078,39903,47839,90478,183731,257792
"Middle East North Africa",57,35078,39903,47839,90478,183731,257792
"Middle East North Africa",58,35078,39903,47839,90478,183731,257792
"Middle East North Africa",59,35078,39903,47839,90478,183731,257792
"Middle East North Africa",60,35078,39903,47839,90478,183731,257792
"Middle East North Africa",61,35078,39903,47839,90478,183731,257792
"Middle East North Africa",62,35078,39903,47839,90478,183731,257792
"Middle East North Africa",63,35078,39903,47839,90478,183731,257792
"Middle East North Africa",64,35078,39903,47839,90478,183731,257792
"Middle East North Africa",65,35078,39903,47839,90478,183731,257792
"Middle East North Africa",66,35078,39903,47839,90478,183731,257792
"Middle East North Africa",67,35078,39903,47839,90478,183731,257792
"Middle East North Africa",68,35078,39903,47839,90478,183731,257792
"Middle East North Africa",69,35078,39903,47839,90478,183731,257792
"Middle East North Africa",70,35078,39903,47839,90478,183731,257792
"Middle East North Africa",71,35078,39903,47839,90478,183731,257792
"Middle East North Africa",72,35078,39903,47839,90478,183731,257792
"Middle East North Africa",73,35078,39903,47839,90478,183731,257792
"Middle East North Africa",74,35078,39903,47839,90478,183731,257792
"Middle East North Africa",75,35078,39903,47839,90478,183731,257792
"Middle East North Africa",76,35078,39903,47839,90478,183731,257792
"Middle East North Africa",77,35078,39903,47839,90478,183731,257792
"Middle East North Africa",78,35078,39903,47839,90478,183731,257792
"Middle East North Africa",79,35078,39903,47839,90478,183731,257792
"Middle East North Africa",80,35078,39903,47839,90478,183731,257792
"Middle East North Africa",81,35078,39903,47839,90478,183731,257792
"Middle East North Africa",82,35078,39903,47839,90478,183731,257792
"Middle East North Africa",83,35078,39903,47839,90478,183731,257792
"Middle East North Africa",84,35078,39903,47839,90478,183731,257792
"Middle East North Africa",85,35078,39903,47839,90478,183731,257792
"Middle East North Africa",86,35078,39903,47839,90478,183731,257792
"Middle East North Africa",87,35078,39903,47839,90478,183731,257792
"Middle East North Africa",88,35078,39903,47839,90478,183731,257792
"Middle East North Africa",89,35078,39903,47839,90478,183731,257792
"Middle East North Africa",90,35078,39903,47839,90478,183731,257792
"Middle East North Africa",91,226135,264661,297458,377793,462058,535825
"Middle East North Africa",92,226135,264661,297458,377793,462058,535825
"Middle East North Africa",93,226135,264661,297458,377793,462058,535825
"Middle East North Africa",94,226135,264661,297458,377793,462058,535825
"Middle East North Africa",95,226135,264661,297458,377793,462058,535825
"Middle East North Africa",96,226135,264661,297458,377793,462058,535825
"Middle East North Africa",97,226135,264661,297458,377793,462058,535825
"Middle East North Africa",98,226135,264661,297458,377793,462058,535825
"Middle East North Africa",99,226135,264661,297458,377793,462058,535825
"Middle East North Africa",100,2026760,1932314,1757868,1290090,1082035,1114804
"Sub-Saharan Africa",1,-1541,-1016,147,26045,93268,123942
"Sub-Saharan Africa",2,-1541,-1016,147,26045,93268,123942
"Sub-Saharan Africa",3,-1541,-1016,147,26045,93268,123942
"Sub-Saharan Africa",4,-1541,-1016,147,26045,93268,123942
"Sub-Saharan Africa",5,-1541,-1016,147,26045,93268,123942
"Sub-Saharan Africa",6,-1541,-1016,147,26045,93268,123942
"Sub-Saharan Africa",7,-1541,-1016,147,26045,93268,123942
"Sub-Saharan Africa",8,-1541,-1016,147,26045,93268,123942
"Sub-Saharan Africa",9,-1541,-1016,147,26045,93268,123942
"Sub-Saharan Africa",10,-1541,-1016,147,26045,93268,123942
"Sub-Saharan Africa",11,896,1700,3807,40202,118489,151309
"Sub-Saharan Africa",12,896,1700,3807,40202,118489,151309
"Sub-Saharan Africa",13,896,1700,3807,40202,118489,151309
"Sub-Saharan Africa",14,896,1700,3807,40202,118489,151309
"Sub-Saharan Africa",15,896,1700,3807,40202,118489,151309
"Sub-Saharan Africa",16,896,1700,3807,40202,118489,151309
"Sub-Saharan Africa",17,896,1700,3807,40202,118489,151309
"Sub-Saharan Africa",18,896,1700,3807,40202,118489,151309
"Sub-Saharan Africa",19,896,1700,3807,40202,118489,151309
"Sub-Saharan Africa",20,896,1700,3807,40202,118489,151309
"Sub-Saharan Africa",21,896,1700,3807,40202,118489,151309
"Sub-Saharan Africa",22,896,1700,3807,40202,118489,151309
"Sub-Saharan Africa",23,896,1700,3807,40202,118489,151309
"Sub-Saharan Africa",24,896,1700,3807,40202,118489,151309
"Sub-Saharan Africa",25,896,1700,3807,40202,118489,151309
"Sub-Saharan Africa",26,896,1700,3807,40202,118489,151309
"Sub-Saharan Africa",27,896,1700,3807,40202,118489,151309
"Sub-Saharan Africa",28,896,1700,3807,40202,118489,151309
"Sub-Saharan Africa",29,896,1700,3807,40202,118489,151309
"Sub-Saharan Africa",30,896,1700,3807,40202,118489,151309
"Sub-Saharan Africa",31,896,1700,3807,40202,118489,151309
"Sub-Saharan Africa",32,896,1700,3807,40202,118489,151309
"Sub-Saharan Africa",33,896,1700,3807,40202,118489,151309
"Sub-Saharan Africa",34,896,1700,3807,40202,118489,151309
"Sub-Saharan Africa",35,896,1700,3807,40202,118489,151309
"Sub-Saharan Africa",36,896,1700,3807,40202,118489,151309
"Sub-Saharan Africa",37,896,1700,3807,40202,118489,151309
"Sub-Saharan Africa",38,896,1700,3807,40202,118489,151309
"Sub-Saharan Africa",39,896,1700,3807,40202,118489,151309
"Sub-Saharan Africa",40,896,1700,3807,40202,118489,151309
"Sub-Saharan Africa",41,896,1700,3807,40202,118489,151309
"Sub-Saharan Africa",42,896,1700,3807,40202,118489,151309
"Sub-Saharan Africa",43,896,1700,3807,40202,118489,151309
"Sub-Saharan Africa",44,896,1700,3807,40202,118489,151309
"Sub-Saharan Africa",45,896,1700,3807,40202,118489,151309
"Sub-Saharan Africa",46,896,1700,3807,40202,118489,151309
"Sub-Saharan Africa",47,896,1700,3807,40202,118489,151309
"Sub-Saharan Africa",48,896,1700,3807,40202,118489,151309
"Sub-Saharan Africa",49,896,1700,3807,40202,118489,151309
"Sub-Saharan Africa",50,896,1700,3807,40202,118489,151309
"Sub-Saharan Africa",51,7192,10413,16514,85173,209500,259790
"Sub-Saharan Africa",52,7192,10413,16514,85173,209500,259790
"Sub-Saharan Africa",53,7192,10413,16514,85173,209500,259790
"Sub-Saharan Africa",54,7192,10413,16514,85173,209500,259790
"Sub-Saharan Africa",55,7192,10413,16514,85173,209500,259790
"Sub-Saharan Africa",56,7192,10413,16514,85173,209500,259790
"Sub-Saharan Africa",57,7192,10413,16514,85173,209500,259790
"Sub-Saharan Africa",58,7192,10413,16514,85173,209500,259790
"Sub-Saharan Africa",59,7192,10413,16514,85173,209500,259790
"Sub-Saharan Africa",60,7192,10413,16514,85173,209500,259790
"Sub-Saharan Africa",61,7192,10413,16514,85173,209500,259790
"Sub-Saharan Africa",62,7192,10413,16514,85173,209500,259790
"Sub-Saharan Africa",63,7192,10413,16514,85173,209500,259790
"Sub-Saharan Africa",64,7192,10413,16514,85173,209500,259790
"Sub-Saharan Africa",65,7192,10413,16514,85173,209500,259790
"Sub-Saharan Africa",66,7192,10413,16514,85173,209500,259790
"Sub-Saharan Africa",67,7192,10413,16514,85173,209500,259790
"Sub-Saharan Africa",68,7192,10413,16514,85173,209500,259790
"Sub-Saharan Africa",69,7192,10413,16514,85173,209500,259790
"Sub-Saharan Africa",70,7192,10413,16514,85173,209500,259790
"Sub-Saharan Africa",71,7192,10413,16514,85173,209500,259790
"Sub-Saharan Africa",72,7192,10413,16514,85173,209500,259790
"Sub-Saharan Africa",73,7192,10413,16514,85173,209500,259790
"Sub-Saharan Africa",74,7192,10413,16514,85173,209500,259790
"Sub-Saharan Africa",75,7192,10413,16514,85173,209500,259790
"Sub-Saharan Africa",76,7192,10413,16514,85173,209500,259790
"Sub-Saharan Africa",77,7192,10413,16514,85173,209500,259790
"Sub-Saharan Africa",78,7192,10413,16514,85173,209500,259790
"Sub-Saharan Africa",79,7192,10413,16514,85173,209500,259790
"Sub-Saharan Africa",80,7192,10413,16514,85173,209500,259790
"Sub-Saharan Africa",81,7192,10413,16514,85173,209500,259790
"Sub-Saharan Africa",82,7192,10413,16514,85173,209500,259790
"Sub-Saharan Africa",83,7192,10413,16514,85173,209500,259790
"Sub-Saharan Africa",84,7192,10413,16514,85173,209500,259790
"Sub-Saharan Africa",85,7192,10413,16514,85173,209500,259790
"Sub-Saharan Africa",86,7192,10413,16514,85173,209500,259790
"Sub-Saharan Africa",87,7192,10413,16514,85173,209500,259790
"Sub-Saharan Africa",88,7192,10413,16514,85173,209500,259790
"Sub-Saharan Africa",89,7192,10413,16514,85173,209500,259790
"Sub-Saharan Africa",90,7192,10413,16514,85173,209500,259790
"Sub-Saharan Africa",91,37875,59849,86658,254647,462612,518273
"Sub-Saharan Africa",92,37875,59849,86658,254647,462612,518273
"Sub-Saharan Africa",93,37875,59849,86658,254647,462612,518273
"Sub-Saharan Africa",94,37875,59849,86658,254647,462612,518273
"Sub-Saharan Africa",95,37875,59849,86658,254647,462612,518273
"Sub-Saharan Africa",96,37875,59849,86658,254647,462612,518273
"Sub-Saharan Africa",97,37875,59849,86658,254647,462612,518273
"Sub-Saharan Africa",98,37875,59849,86658,254647,462612,518273
"Sub-Saharan Africa",99,37875,59849,86658,254647,462612,518273
"Sub-Saharan Africa",100,347515,452941,543723,877261,1053409,1052186
"Russia Central Asia",1,-4222,-2922,-80,25456,83276,118547
"Russia Central Asia",2,-4222,-2922,-80,25456,83276,118547
"Russia Central Asia",3,-4222,-2922,-80,25456,83276,118547
"Russia Central Asia",4,-4222,-2922,-80,25456,83276,118547
"Russia Central Asia",5,-4222,-2922,-80,25456,83276,118547
"Russia Central Asia",6,-4222,-2922,-80,25456,83276,118547
"Russia Central Asia",7,-4222,-2922,-80,25456,83276,118547
"Russia Central Asia",8,-4222,-2922,-80,25456,83276,118547
"Russia Central Asia",9,-4222,-2922,-80,25456,83276,118547
"Russia Central Asia",10,-4222,-2922,-80,25456,83276,118547
"Russia Central Asia",11,6067,9592,15109,50037,112988,149383
"Russia Central Asia",12,6067,9592,15109,50037,112988,149383
"Russia Central Asia",13,6067,9592,15109,50037,112988,149383
"Russia Central Asia",14,6067,9592,15109,50037,112988,149383
"Russia Central Asia",15,6067,9592,15109,50037,112988,149383
"Russia Central Asia",16,6067,9592,15109,50037,112988,149383
"Russia Central Asia",17,6067,9592,15109,50037,112988,149383
"Russia Central Asia",18,6067,9592,15109,50037,112988,149383
"Russia Central Asia",19,6067,9592,15109,50037,112988,149383
"Russia Central Asia",20,6067,9592,15109,50037,112988,149383
"Russia Central Asia",21,6067,9592,15109,50037,112988,149383
"Russia Central Asia",22,6067,9592,15109,50037,112988,149383
"Russia Central Asia",23,6067,9592,15109,50037,112988,149383
"Russia Central Asia",24,6067,9592,15109,50037,112988,149383
"Russia Central Asia",25,6067,9592,15109,50037,112988,149383
"Russia Central Asia",26,6067,9592,15109,50037,112988,149383
"Russia Central Asia",27,6067,9592,15109,50037,112988,149383
"Russia Central Asia",28,6067,9592,15109,50037,112988,149383
"Russia Central Asia",29,6067,9592,15109,50037,112988,149383
"Russia Central Asia",30,6067,9592,15109,50037,112988,149383
"Russia Central Asia",31,6067,9592,15109,50037,112988,149383
"Russia Central Asia",32,6067,9592,15109,50037,112988,149383
"Russia Central Asia",33,6067,9592,15109,50037,112988,149383
"Russia Central Asia",34,6067,9592,15109,50037,112988,149383
"Russia Central Asia",35,6067,9592,15109,50037,112988,149383
"Russia Central Asia",36,6067,9592,15109,50037,112988,149383
"Russia Central Asia",37,6067,9592,15109,50037,112988,149383
"Russia Central Asia",38,6067,9592,15109,50037,112988,149383
"Russia Central Asia",39,6067,9592,15109,50037,112988,149383
"Russia Central Asia",40,6067,9592,15109,50037,112988,149383
"Russia Central Asia",41,6067,9592,15109,50037,112988,149383
"Russia Central Asia",42,6067,9592,15109,50037,112988,149383
"Russia Central Asia",43,6067,9592,15109,50037,112988,149383
"Russia Central Asia",44,6067,9592,15109,50037,112988,149383
"Russia Central Asia",45,6067,9592,15109,50037,112988,149383
"Russia Central Asia",46,6067,9592,15109,50037,112988,149383
"Russia Central Asia",47,6067,9592,15109,50037,112988,149383
"Russia Central Asia",48,6067,9592,15109,50037,112988,149383
"Russia Central Asia",49,6067,9592,15109,50037,112988,149383
"Russia Central Asia",50,6067,9592,15109,50037,112988,149383
"Russia Central Asia",51,43538,52663,63804,120710,207512,260384
"Russia Central Asia",52,43538,52663,63804,120710,207512,260384
"Russia Central Asia",53,43538,52663,63804,120710,207512,260384
"Russia Central Asia",54,43538,52663,63804,120710,207512,260384
"Russia Central Asia",55,43538,52663,63804,120710,207512,260384
"Russia Central Asia",56,43538,52663,63804,120710,207512,260384
"Russia Central Asia",57,43538,52663,63804,120710,207512,260384
"Russia Central Asia",58,43538,52663,63804,120710,207512,260384
"Russia Central Asia",59,43538,52663,63804,120710,207512,260384
"Russia Central Asia",60,43538,52663,63804,120710,207512,260384
"Russia Central Asia",61,43538,52663,63804,120710,207512,260384
"Russia Central Asia",62,43538,52663,63804,120710,207512,260384
"Russia Central Asia",63,43538,52663,63804,120710,207512,260384
"Russia Central Asia",64,43538,52663,63804,120710,207512,260384
"Russia Central Asia",65,43538,52663,63804,120710,207512,260384
"Russia Central Asia",66,43538,52663,63804,120710,207512,260384
"Russia Central Asia",67,43538,52663,63804,120710,207512,260384
"Russia Central Asia",68,43538,52663,63804,120710,207512,260384
"Russia Central Asia",69,43538,52663,63804,120710,207512,260384
"Russia Central Asia",70,43538,52663,63804,120710,207512,260384
"Russia Central Asia",71,43538,52663,63804,120710,207512,260384
"Russia Central Asia",72,43538,52663,63804,120710,207512,260384
"Russia Central Asia",73,43538,52663,63804,120710,207512,260384
"Russia Central Asia",74,43538,52663,63804,120710,207512,260384
"Russia Central Asia",75,43538,52663,63804,120710,207512,260384
"Russia Central Asia",76,43538,52663,63804,120710,207512,260384
"Russia Central Asia",77,43538,52663,63804,120710,207512,260384
"Russia Central Asia",78,43538,52663,63804,120710,207512,260384
"Russia Central Asia",79,43538,52663,63804,120710,207512,260384
"Russia Central Asia",80,43538,52663,63804,120710,207512,260384
"Russia Central Asia",81,43538,52663,63804,120710,207512,260384
"Russia Central Asia",82,43538,52663,63804,120710,207512,260384
"Russia Central Asia",83,43538,52663,63804,120710,207512,260384
"Russia Central Asia",84,43538,52663,63804,120710,207512,260384
"Russia Central Asia",85,43538,52663,63804,120710,207512,260384
"Russia Central Asia",86,43538,52663,63804,120710,207512,260384
"Russia Central Asia",87,43538,52663,63804,120710,207512,260384
"Russia Central Asia",88,43538,52663,63804,120710,207512,260384
"Russia Central Asia",89,43538,52663,63804,120710,207512,260384
"Russia Central Asia",90,43538,52663,63804,120710,207512,260384
"Russia Central Asia",91,225206,279299,315769,403954,482482,531568
"Russia Central Asia",92,225206,279299,315769,403954,482482,531568
"Russia Central Asia",93,225206,279299,315769,403954,482482,531568
"Russia Central Asia",94,225206,279299,315769,403954,482482,531568
"Russia Central Asia",95,225206,279299,315769,403954,482482,531568
"Russia Central Asia",96,225206,279299,315769,403954,482482,531568
"Russia Central Asia",97,225206,279299,315769,403954,482482,531568
"Russia Central Asia",98,225206,279299,315769,403954,482482,531568
"Russia Central Asia",99,225206,279299,315769,403954,482482,531568
"Russia Central Asia",100,2950827,2434390,1990663,1332002,1052330,1039752
"East Asia",1,-4632,-3294,-861,12026,55915,97217
"East Asia",2,-4632,-3294,-861,12026,55915,97217
"East Asia",3,-4632,-3294,-861,12026,55915,97217
"East Asia",4,-4632,-3294,-861,12026,55915,97217
"East Asia",5,-4632,-3294,-861,12026,55915,97217
"East Asia",6,-4632,-3294,-861,12026,55915,97217
"East Asia",7,-4632,-3294,-861,12026,55915,97217
"East Asia",8,-4632,-3294,-861,12026,55915,97217
"East Asia",9,-4632,-3294,-861,12026,55915,97217
"East Asia",10,-4632,-3294,-861,12026,55915,97217
"East Asia",11,15773,18046,21601,36083,86087,134080
"East Asia",12,15773,18046,21601,36083,86087,134080
"East Asia",13,15773,18046,21601,36083,86087,134080
"East Asia",14,15773,18046,21601,36083,86087,134080
"East Asia",15,15773,18046,21601,36083,86087,134080
"East Asia",16,15773,18046,21601,36083,86087,134080
"East Asia",17,15773,18046,21601,36083,86087,134080
"East Asia",18,15773,18046,21601,36083,86087,134080
"East Asia",19,15773,18046,21601,36083,86087,134080
"East Asia",20,15773,18046,21601,36083,86087,134080
"East Asia",21,15773,18046,21601,36083,86087,134080
"East Asia",22,15773,18046,21601,36083,86087,134080
"East Asia",23,15773,18046,21601,36083,86087,134080
"East Asia",24,15773,18046,21601,36083,86087,134080
"East Asia",25,15773,18046,21601,36083,86087,134080
"East Asia",26,15773,18046,21601,36083,86087,134080
"East Asia",27,15773,18046,21601,36083,86087,134080
"East Asia",28,15773,18046,21601,36083,86087,134080
"East Asia",29,15773,18046,21601,36083,86087,134080
"East Asia",30,15773,18046,21601,36083,86087,134080
"East Asia",31,15773,18046,21601,36083,86087,134080
"East Asia",32,15773,18046,21601,36083,86087,134080
"East Asia",33,15773,18046,21601,36083,86087,134080
"East Asia",34,15773,18046,21601,36083,86087,134080
"East Asia",35,15773,18046,21601,36083,86087,134080
"East Asia",36,15773,18046,21601,36083,86087,134080
"East Asia",37,15773,18046,21601,36083,86087,134080
"East Asia",38,15773,18046,21601,36083,86087,134080
"East Asia",39,15773,18046,21601,36083,86087,134080
"East Asia",40,15773,18046,21601,36083,86087,134080
"East Asia",41,15773,18046,21601,36083,86087,134080
"East Asia",42,15773,18046,21601,36083,86087,134080
"East Asia",43,15773,18046,21601,36083,86087,134080
"East Asia",44,15773,18046,21601,36083,86087,134080
"East Asia",45,15773,18046,21601,36083,86087,134080
"East Asia",46,15773,18046,21601,36083,86087,134080
"East Asia",47,15773,18046,21601,36083,86087,134080
"East Asia",48,15773,18046,21601,36083,86087,134080
"East Asia",49,15773,18046,21601,36083,86087,134080
"East Asia",50,15773,18046,21601,36083,86087,134080
"East Asia",51,72066,81324,90999,113387,184274,254959
"East Asia",52,72066,81324,90999,113387,184274,254959
"East Asia",53,72066,81324,90999,113387,184274,254959
"East Asia",54,72066,81324,90999,113387,184274,254959
"East Asia",55,72066,81324,90999,113387,184274,254959
"East Asia",56,72066,81324,90999,113387,184274,254959
"East Asia",57,72066,81324,90999,113387,184274,254959
"East Asia",58,72066,81324,90999,113387,184274,254959
"East Asia",59,72066,81324,90999,113387,184274,254959
"East Asia",60,72066,81324,90999,113387,184274,254959
"East Asia",61,72066,81324,90999,113387,184274,254959
"East Asia",62,72066,81324,90999,113387,184274,254959
"East Asia",63,72066,81324,90999,113387,184274,254959
"East Asia",64,72066,81324,90999,113387,184274,254959
"East Asia",65,72066,81324,90999,113387,184274,254959
"East Asia",66,72066,81324,90999,113387,184274,254959
"East Asia",67,72066,81324,90999,113387,184274,254959
"East Asia",68,72066,81324,90999,113387,184274,254959
"East Asia",69,72066,81324,90999,113387,184274,254959
"East Asia",70,72066,81324,90999,113387,184274,254959
"East Asia",71,72066,81324,90999,113387,184274,254959
"East Asia",72,72066,81324,90999,113387,184274,254959
"East Asia",73,72066,81324,90999,113387,184274,254959
"East Asia",74,72066,81324,90999,113387,184274,254959
"East Asia",75,72066,81324,90999,113387,184274,254959
"East Asia",76,72066,81324,90999,113387,184274,254959
"East Asia",77,72066,81324,90999,113387,184274,254959
"East Asia",78,72066,81324,90999,113387,184274,254959
"East Asia",79,72066,81324,90999,113387,184274,254959
"East Asia",80,72066,81324,90999,113387,184274,254959
"East Asia",81,72066,81324,90999,113387,184274,254959
"East Asia",82,72066,81324,90999,113387,184274,254959
"East Asia",83,72066,81324,90999,113387,184274,254959
"East Asia",84,72066,81324,90999,113387,184274,254959
"East Asia",85,72066,81324,90999,113387,184274,254959
"East Asia",86,72066,81324,90999,113387,184274,254959
"East Asia",87,72066,81324,90999,113387,184274,254959
"East Asia",88,72066,81324,90999,113387,184274,254959
"East Asia",89,72066,81324,90999,113387,184274,254959
"East Asia",90,72066,81324,90999,113387,184274,254959
"East Asia",91,485730,517237,529354,509870,554598,630053
"East Asia",92,485730,517237,529354,509870,554598,630053
"East Asia",93,485730,517237,529354,509870,554598,630053
"East Asia",94,485730,517237,529354,509870,554598,630053
"East Asia",95,485730,517237,529354,509870,554598,630053
"East Asia",96,485730,517237,529354,509870,554598,630053
"East Asia",97,485730,517237,529354,509870,554598,630053
"East Asia",98,485730,517237,529354,509870,554598,630053
"East Asia",99,485730,517237,529354,509870,554598,630053
"East Asia",100,3430807,2799686,2262301,1274760,1081850,1195812
"South & South-East Asia",1,-2133,-1216,1171,28174,89573,121244
"South & South-East Asia",2,-2133,-1216,1171,28174,89573,121244
"South & South-East Asia",3,-2133,-1216,1171,28174,89573,121244
"South & South-East Asia",4,-2133,-1216,1171,28174,89573,121244
"South & South-East Asia",5,-2133,-1216,1171,28174,89573,121244
"South & South-East Asia",6,-2133,-1216,1171,28174,89573,121244
"South & South-East Asia",7,-2133,-1216,1171,28174,89573,121244
"South & South-East Asia",8,-2133,-1216,1171,28174,89573,121244
"South & South-East Asia",9,-2133,-1216,1171,28174,89573,121244
"South & South-East Asia",10,-2133,-1216,1171,28174,89573,121244
"South & South-East Asia",11,4305,6192,10299,44861,113901,149371
"South & South-East Asia",12,4305,6192,10299,44861,113901,149371
"South & South-East Asia",13,4305,6192,10299,44861,113901,149371
"South & South-East Asia",14,4305,6192,10299,44861,113901,149371
"South & South-East Asia",15,4305,6192,10299,44861,113901,149371
"South & South-East Asia",16,4305,6192,10299,44861,113901,149371
"South & South-East Asia",17,4305,6192,10299,44861,113901,149371
"South & South-East Asia",18,4305,6192,10299,44861,113901,149371
"South & South-East Asia",19,4305,6192,10299,44861,113901,149371
"South & South-East Asia",20,4305,6192,10299,44861,113901,149371
"South & South-East Asia",21,4305,6192,10299,44861,113901,149371
"South & South-East Asia",22,4305,6192,10299,44861,113901,149371
"South & South-East Asia",23,4305,6192,10299,44861,113901,149371
"South & South-East Asia",24,4305,6192,10299,44861,113901,149371
"South & South-East Asia",25,4305,6192,10299,44861,113901,149371
"South & South-East Asia",26,4305,6192,10299,44861,113901,149371
"South & South-East Asia",27,4305,6192,10299,44861,113901,149371
"South & South-East Asia",28,4305,6192,10299,44861,113901,149371
"South & South-East Asia",29,4305,6192,10299,44861,113901,149371
"South & South-East Asia",30,4305,6192,10299,44861,113901,149371
"South & South-East Asia",31,4305,6192,10299,44861,113901,149371
"South & South-East Asia",32,4305,6192,10299,44861,113901,149371
"South & South-East Asia",33,4305,6192,10299,44861,113901,149371
"South & South-East Asia",34,4305,6192,10299,44861,113901,149371
"South & South-East Asia",35,4305,6192,10299,44861,113901,149371
"South & South-East Asia",36,4305,6192,10299,44861,113901,149371
"South & South-East Asia",37,4305,6192,10299,44861,113901,149371
"South & South-East Asia",38,4305,6192,10299,44861,113901,149371
"South & South-East Asia",39,4305,6192,10299,44861,113901,149371
"South & South-East Asia",40,4305,6192,10299,44861,113901,149371
"South & South-East Asia",41,4305,6192,10299,44861,113901,149371
"South & South-East Asia",42,4305,6192,10299,44861,113901,149371
"South & South-East Asia",43,4305,6192,10299,44861,113901,149371
"South & South-East Asia",44,4305,6192,10299,44861,113901,149371
"South & South-East Asia",45,4305,6192,10299,44861,113901,149371
"South & South-East Asia",46,4305,6192,10299,44861,113901,149371
"South & South-East Asia",47,4305,6192,10299,44861,113901,149371
"South & South-East Asia",48,4305,6192,10299,44861,113901,149371
"South & South-East Asia",49,4305,6192,10299,44861,113901,149371
"South & South-East Asia",50,4305,6192,10299,44861,113901,149371
"South & South-East Asia",51,23940,29070,37805,95278,200500,255887
"South & South-East Asia",52,23940,29070,37805,95278,200500,255887
"South & South-East Asia",53,23940,29070,37805,95278,200500,255887
"South & South-East Asia",54,23940,29070,37805,95278,200500,255887
"South & South-East Asia",55,23940,29070,37805,95278,200500,255887
"South & South-East Asia",56,23940,29070,37805,95278,200500,255887
"South & South-East Asia",57,23940,29070,37805,95278,200500,255887
"South & South-East Asia",58,23940,29070,37805,95278,200500,255887
"South & South-East Asia",59,23940,29070,37805,95278,200500,255887
"South & South-East Asia",60,23940,29070,37805,95278,200500,255887
"South & South-East Asia",61,23940,29070,37805,95278,200500,255887
"South & South-East Asia",62,23940,29070,37805,95278,200500,255887
"South & South-East Asia",63,23940,29070,37805,95278,200500,255887
"South & South-East Asia",64,23940,29070,37805,95278,200500,255887
"South & South-East Asia",65,23940,29070,37805,95278,200500,255887
"South & South-East Asia",66,23940,29070,37805,95278,200500,255887
"South & South-East Asia",67,23940,29070,37805,95278,200500,255887
"South & South-East Asia",68,23940,29070,37805,95278,200500,255887
"South & South-East Asia",69,23940,29070,37805,95278,200500,255887
"South & South-East Asia",70,23940,29070,37805,95278,200500,255887
"South & South-East Asia",71,23940,29070,37805,95278,200500,255887
"South & South-East Asia",72,23940,29070,37805,95278,200500,255887
"South & South-East Asia",73,23940,29070,37805,95278,200500,255887
"South & South-East Asia",74,23940,29070,37805,95278,200500,255887
"South & South-East Asia",75,23940,29070,37805,95278,200500,255887
"South & South-East Asia",76,23940,29070,37805,95278,200500,255887
"South & South-East Asia",77,23940,29070,37805,95278,200500,255887
"South & South-East Asia",78,23940,29070,37805,95278,200500,255887
"South & South-East Asia",79,23940,29070,37805,95278,200500,255887
"South & South-East Asia",80,23940,29070,37805,95278,200500,255887
"South & South-East Asia",81,23940,29070,37805,95278,200500,255887
"South & South-East Asia",82,23940,29070,37805,95278,200500,255887
"South & South-East Asia",83,23940,29070,37805,95278,200500,255887
"South & South-East Asia",84,23940,29070,37805,95278,200500,255887
"South & South-East Asia",85,23940,29070,37805,95278,200500,255887
"South & South-East Asia",86,23940,29070,37805,95278,200500,255887
"South & South-East Asia",87,23940,29070,37805,95278,200500,255887
"South & South-East Asia",88,23940,29070,37805,95278,200500,255887
"South & South-East Asia",89,23940,29070,37805,95278,200500,255887
"South & South-East Asia",90,23940,29070,37805,95278,200500,255887
"South & South-East Asia",91,106754,155831,201869,339482,482592,540922
"South & South-East Asia",92,106754,155831,201869,339482,482592,540922
"South & South-East Asia",93,106754,155831,201869,339482,482592,540922
"South & South-East Asia",94,106754,155831,201869,339482,482592,540922
"South & South-East Asia",95,106754,155831,201869,339482,482592,540922
"South & South-East Asia",96,106754,155831,201869,339482,482592,540922
"South & South-East Asia",97,106754,155831,201869,339482,482592,540922
"South & South-East Asia",98,106754,155831,201869,339482,482592,540922
"South & South-East Asia",99,106754,155831,201869,339482,482592,540922
"South & South-East Asia",100,1137241,1186397,1207326,1169711,1102315,1108959
"DE",1,-8078,-3589,7260,59429,98190,101895
"DE",2,-8078,-3589,7260,59429,98190,101895
"DE",3,-8078,-3589,7260,59429,98190,101895
"DE",4,-8078,-3589,7260,59429,98190,101895
"DE",5,-8078,-3589,7260,59429,98190,101895
"DE",6,-8078,-3589,7260,59429,98190,101895
"DE",7,-8078,-3589,7260,59429,98190,101895
"DE",8,-8078,-3589,7260,59429,98190,101895
"DE",9,-8078,-3589,7260,59429,98190,101895
"DE",10,-8078,-3589,7260,59429,98190,101895
"DE",11,24286,40679,63033,125785,147327,140238
"DE",12,24286,40679,63033,125785,147327,140238
"DE",13,24286,40679,63033,125785,147327,140238
"DE",14,24286,40679,63033,125785,147327,140238
"DE",15,24286,40679,63033,125785,147327,140238
"DE",16,24286,40679,63033,125785,147327,140238
"DE",17,24286,40679,63033,125785,147327,140238
"DE",18,24286,40679,63033,125785,147327,140238
"DE",19,24286,40679,63033,125785,147327,140238
"DE",20,24286,40679,63033,125785,147327,140238
"DE",21,24286,40679,63033,125785,147327,140238
"DE",22,24286,40679,63033,125785,147327,140238
"DE",23,24286,40679,63033,125785,147327,140238
"DE",24,24286,40679,63033,125785,147327,140238
"DE",25,24286,40679,63033,125785,147327,140238
"DE",26,24286,40679,63033,125785,147327,140238
"DE",27,24286,40679,63033,125785,147327,140238
"DE",28,24286,40679,63033,125785,147327,140238
"DE",29,24286,40679,63033,125785,147327,140238
"DE",30,24286,40679,63033,125785,147327,140238
"DE",31,24286,40679,63033,125785,147327,140238
"DE",32,24286,40679,63033,125785,147327,140238
"DE",33,24286,40679,63033,125785,147327,140238
"DE",34,24286,40679,63033,125785,147327,140238
"DE",35,24286,40679,63033,125785,147327,140238
"DE",36,24286,40679,63033,125785,147327,140238
"DE",37,24286,40679,63033,125785,147327,140238
"DE",38,24286,40679,63033,125785,147327,140238
"DE",39,24286,40679,63033,125785,147327,140238
"DE",40,24286,40679,63033,125785,147327,140238
"DE",41,24286,40679,63033,125785,147327,140238
"DE",42,24286,40679,63033,125785,147327,140238
"DE",43,24286,40679,63033,125785,147327,140238
"DE",44,24286,40679,63033,125785,147327,140238
"DE",45,24286,40679,63033,125785,147327,140238
"DE",46,24286,40679,63033,125785,147327,140238
"DE",47,24286,40679,63033,125785,147327,140238
"DE",48,24286,40679,63033,125785,147327,140238
"DE",49,24286,40679,63033,125785,147327,140238
"DE",50,24286,40679,63033,125785,147327,140238
"DE",51,247023,268520,296505,351157,311790,273372
"DE",52,247023,268520,296505,351157,311790,273372
"DE",53,247023,268520,296505,351157,311790,273372
"DE",54,247023,268520,296505,351157,311790,273372
"DE",55,247023,268520,296505,351157,311790,273372
"DE",56,247023,268520,296505,351157,311790,273372
"DE",57,247023,268520,296505,351157,311790,273372
"DE",58,247023,268520,296505,351157,311790,273372
"DE",59,247023,268520,296505,351157,311790,273372
"DE",60,247023,268520,296505,351157,311790,273372
"DE",61,247023,268520,296505,351157,311790,273372
"DE",62,247023,268520,296505,351157,311790,273372
"DE",63,247023,268520,296505,351157,311790,273372
"DE",64,247023,268520,296505,351157,311790,273372
"DE",65,247023,268520,296505,351157,311790,273372
"DE",66,247023,268520,296505,351157,311790,273372
"DE",67,247023,268520,296505,351157,311790,273372
"DE",68,247023,268520,296505,351157,311790,273372
"DE",69,247023,268520,296505,351157,311790,273372
"DE",70,247023,268520,296505,351157,311790,273372
"DE",71,247023,268520,296505,351157,311790,273372
"DE",72,247023,268520,296505,351157,311790,273372
"DE",73,247023,268520,296505,351157,311790,273372
"DE",74,247023,268520,296505,351157,311790,273372
"DE",75,247023,268520,296505,351157,311790,273372
"DE",76,247023,268520,296505,351157,311790,273372
"DE",77,247023,268520,296505,351157,311790,273372
"DE",78,247023,268520,296505,351157,311790,273372
"DE",79,247023,268520,296505,351157,311790,273372
"DE",80,247023,268520,296505,351157,311790,273372
"DE",81,247023,268520,296505,351157,311790,273372
"DE",82,247023,268520,296505,351157,311790,273372
"DE",83,247023,268520,296505,351157,311790,273372
"DE",84,247023,268520,296505,351157,311790,273372
"DE",85,247023,268520,296505,351157,311790,273372
"DE",86,247023,268520,296505,351157,311790,273372
"DE",87,247023,268520,296505,351157,311790,273372
"DE",88,247023,268520,296505,351157,311790,273372
"DE",89,247023,268520,296505,351157,311790,273372
"DE",90,247023,268520,296505,351157,311790,273372
"DE",91,884752,967717,988144,877180,675997,555234
"DE",92,884752,967717,988144,877180,675997,555234
"DE",93,884752,967717,988144,877180,675997,555234
"DE",94,884752,967717,988144,877180,675997,555234
"DE",95,884752,967717,988144,877180,675997,555234
"DE",96,884752,967717,988144,877180,675997,555234
"DE",97,884752,967717,988144,877180,675997,555234
"DE",98,884752,967717,988144,877180,675997,555234
"DE",99,884752,967717,988144,877180,675997,555234
"DE",100,7231984,5737927,4403545,1981423,997150,839554
"DK",1,1596,8222,25308,92678,116089,108485
"DK",2,1596,8222,25308,92678,116089,108485
"DK",3,1596,8222,25308,92678,116089,108485
"DK",4,1596,8222,25308,92678,116089,108485
"DK",5,1596,8222,25308,92678,116089,108485
"DK",6,1596,8222,25308,92678,116089,108485
"DK",7,1596,8222,25308,92678,116089,108485
"DK",8,1596,8222,25308,92678,116089,108485
"DK",9,1596,8222,25308,92678,116089,108485
"DK",10,1596,8222,25308,92678,116089,108485
"DK",11,27213,53435,85172,162661,164748,145657
"DK",12,27213,53435,85172,162661,164748,145657
"DK",13,27213,53435,85172,162661,164748,145657
"DK",14,27213,53435,85172,162661,164748,145657
"DK",15,27213,53435,85172,162661,164748,145657
"DK",16,27213,53435,85172,162661,164748,145657
"DK",17,27213,53435,85172,162661,164748,145657
"DK",18,27213,53435,85172,162661,164748,145657
"DK",19,27213,53435,85172,162661,164748,145657
"DK",20,27213,53435,85172,162661,164748,145657
"DK",21,27213,53435,85172,162661,164748,145657
"DK",22,27213,53435,85172,162661,164748,145657
"DK",23,27213,53435,85172,162661,164748,145657
"DK",24,27213,53435,85172,162661,164748,145657
"DK",25,27213,53435,85172,162661,164748,145657
"DK",26,27213,53435,85172,162661,164748,145657
"DK",27,27213,53435,85172,162661,164748,145657
"DK",28,27213,53435,85172,162661,164748,145657
"DK",29,27213,53435,85172,162661,164748,145657
"DK",30,27213,53435,85172,162661,164748,145657
"DK",31,27213,53435,85172,162661,164748,145657
"DK",32,27213,53435,85172,162661,164748,145657
"DK",33,27213,53435,85172,162661,164748,145657
"DK",34,27213,53435,85172,162661,164748,145657
"DK",35,27213,53435,85172,162661,164748,145657
"DK",36,27213,53435,85172,162661,164748,145657
"DK",37,27213,53435,85172,162661,164748,145657
"DK",38,27213,53435,85172,162661,164748,145657
"DK",39,27213,53435,85172,162661,164748,145657
"DK",40,27213,53435,85172,162661,164748,145657
"DK",41,27213,53435,85172,162661,164748,145657
"DK",42,27213,53435,85172,162661,164748,145657
"DK",43,27213,53435,85172,162661,164748,145657
"DK",44,27213,53435,85172,162661,164748,145657
"DK",45,27213,53435,85172,162661,164748,145657
"DK",46,27213,53435,85172,162661,164748,145657
"DK",47,27213,53435,85172,162661,164748,145657
"DK",48,27213,53435,85172,162661,164748,145657
"DK",49,27213,53435,85172,162661,164748,145657
"DK",50,27213,53435,85172,162661,164748,145657
"DK",51,311872,335995,365192,415662,334466,278354
"DK",52,311872,335995,365192,415662,334466,278354
"DK",53,311872,335995,365192,415662,334466,278354
"DK",54,311872,335995,365192,415662,334466,278354
"DK",55,311872,335995,365192,415662,334466,278354
"DK",56,311872,335995,365192,415662,334466,278354
"DK",57,311872,335995,365192,415662,334466,278354
"DK",58,311872,335995,365192,415662,334466,278354
"DK",59,311872,335995,365192,415662,334466,278354
"DK",60,311872,335995,365192,415662,334466,278354
"DK",61,311872,335995,365192,415662,334466,278354
"DK",62,311872,335995,365192,415662,334466,278354
"DK",63,311872,335995,365192,415662,334466,278354
"DK",64,311872,335995,365192,415662,334466,278354
"DK",65,311872,335995,365192,415662,334466,278354
"DK",66,311872,335995,365192,415662,334466,278354
"DK",67,311872,335995,365192,415662,334466,278354
"DK",68,311872,335995,365192,415662,334466,278354
"DK",69,311872,335995,365192,415662,334466,278354
"DK",70,311872,335995,365192,415662,334466,278354
"DK",71,311872,335995,365192,415662,334466,278354
"DK",72,311872,335995,365192,415662,334466,278354
"DK",73,311872,335995,365192,415662,334466,278354
"DK",74,311872,335995,365192,415662,334466,278354
"DK",75,311872,335995,365192,415662,334466,278354
"DK",76,311872,335995,365192,415662,334466,278354
"DK",77,311872,335995,365192,415662,334466,278354
"DK",78,311872,335995,365192,415662,334466,278354
"DK",79,311872,335995,365192,415662,334466,278354
"DK",80,311872,335995,365192,415662,334466,278354
"DK",81,311872,335995,365192,415662,334466,278354
"DK",82,311872,335995,365192,415662,334466,278354
"DK",83,311872,335995,365192,415662,334466,278354
"DK",84,311872,335995,365192,415662,334466,278354
"DK",85,311872,335995,365192,415662,334466,278354
"DK",86,311872,335995,365192,415662,334466,278354
"DK",87,311872,335995,365192,415662,334466,278354
"DK",88,311872,335995,365192,415662,334466,278354
"DK",89,311872,335995,365192,415662,334466,278354
"DK",90,311872,335995,365192,415662,334466,278354
"DK",91,894854,952230,955927,857223,634830,512704
"DK",92,894854,952230,955927,857223,634830,512704
"DK",93,894854,952230,955927,857223,634830,512704
"DK",94,894854,952230,955927,857223,634830,512704
"DK",95,894854,952230,955927,857223,634830,512704
"DK",96,894854,952230,955927,857223,634830,512704
"DK",97,894854,952230,955927,857223,634830,512704
"DK",98,894854,952230,955927,857223,634830,512704
"DK",99,894854,952230,955927,857223,634830,512704
"DK",100,5668159,4516335,3462276,1634421,894458,740406
"ES",1,-89,2792,10821,47244,93129,103265
"ES",2,-89,2792,10821,47244,93129,103265
"ES",3,-89,2792,10821,47244,93129,103265
"ES",4,-89,2792,10821,47244,93129,103265
"ES",5,-89,2792,10821,47244,93129,103265
"ES",6,-89,2792,10821,47244,93129,103265
"ES",7,-89,2792,10821,47244,93129,103265
"ES",8,-89,2792,10821,47244,93129,103265
"ES",9,-89,2792,10821,47244,93129,103265
"ES",10,-89,2792,10821,47244,93129,103265
"ES",11,33004,43307,57934,98698,137978,141207
"ES",12,33004,43307,57934,98698,137978,141207
"ES",13,33004,43307,57934,98698,137978,141207
"ES",14,33004,43307,57934,98698,137978,141207
"ES",15,33004,43307,57934,98698,137978,141207
"ES",16,33004,43307,57934,98698,137978,141207
"ES",17,33004,43307,57934,98698,137978,141207
"ES",18,33004,43307,57934,98698,137978,141207
"ES",19,33004,43307,57934,98698,137978,141207
"ES",20,33004,43307,57934,98698,137978,141207
"ES",21,33004,43307,57934,98698,137978,141207
"ES",22,33004,43307,57934,98698,137978,141207
"ES",23,33004,43307,57934,98698,137978,141207
"ES",24,33004,43307,57934,98698,137978,141207
"ES",25,33004,43307,57934,98698,137978,141207
"ES",26,33004,43307,57934,98698,137978,141207
"ES",27,33004,43307,57934,98698,137978,141207
"ES",28,33004,43307,57934,98698,137978,141207
"ES",29,33004,43307,57934,98698,137978,141207
"ES",30,33004,43307,57934,98698,137978,141207
"ES",31,33004,43307,57934,98698,137978,141207
"ES",32,33004,43307,57934,98698,137978,141207
"ES",33,33004,43307,57934,98698,137978,141207
"ES",34,33004,43307,57934,98698,137978,141207
"ES",35,33004,43307,57934,98698,137978,141207
"ES",36,33004,43307,57934,98698,137978,141207
"ES",37,33004,43307,57934,98698,137978,141207
"ES",38,33004,43307,57934,98698,137978,141207
"ES",39,33004,43307,57934,98698,137978,141207
"ES",40,33004,43307,57934,98698,137978,141207
"ES",41,33004,43307,57934,98698,137978,141207
"ES",42,33004,43307,57934,98698,137978,141207
"ES",43,33004,43307,57934,98698,137978,141207
"ES",44,33004,43307,57934,98698,137978,141207
"ES",45,33004,43307,57934,98698,137978,141207
"ES",46,33004,43307,57934,98698,137978,141207
"ES",47,33004,43307,57934,98698,137978,141207
"ES",48,33004,43307,57934,98698,137978,141207
"ES",49,33004,43307,57934,98698,137978,141207
"ES",50,33004,43307,57934,98698,137978,141207
"ES",51,176763,193818,214556,254612,279449,267504
"ES",52,176763,193818,214556,254612,279449,267504
"ES",53,176763,193818,214556,254612,279449,267504
"ES",54,176763,193818,214556,254612,279449,267504
"ES",55,176763,193818,214556,254612,279449,267504
"ES",56,176763,193818,214556,254612,279449,267504
"ES",57,176763,193818,214556,254612,279449,267504
"ES",58,176763,193818,214556,254612,279449,267504
"ES",59,176763,193818,214556,254612,279449,267504
"ES",60,176763,193818,214556,254612,279449,267504
"ES",61,176763,193818,214556,254612,279449,267504
"ES",62,176763,193818,214556,254612,279449,267504
"ES",63,176763,193818,214556,254612,279449,267504
"ES",64,176763,193818,214556,254612,279449,267504
"ES",65,176763,193818,214556,254612,279449,267504
"ES",66,176763,193818,214556,254612,279449,267504
"ES",67,176763,193818,214556,254612,279449,267504
"ES",68,176763,193818,214556,254612,279449,267504
"ES",69,176763,193818,214556,254612,279449,267504
"ES",70,176763,193818,214556,254612,279449,267504
"ES",71,176763,193818,214556,254612,279449,267504
"ES",72,176763,193818,214556,254612,279449,267504
"ES",73,176763,193818,214556,254612,279449,267504
"ES",74,176763,193818,214556,254612,279449,267504
"ES",75,176763,193818,214556,254612,279449,267504
"ES",76,176763,193818,214556,254612,279449,267504
"ES",77,176763,193818,214556,254612,279449,267504
"ES",78,176763,193818,214556,254612,279449,267504
"ES",79,176763,193818,214556,254612,279449,267504
"ES",80,176763,193818,214556,254612,279449,267504
"ES",81,176763,193818,214556,254612,279449,267504
"ES",82,176763,193818,214556,254612,279449,267504
"ES",83,176763,193818,214556,254612,279449,267504
"ES",84,176763,193818,214556,254612,279449,267504
"ES",85,176763,193818,214556,254612,279449,267504
"ES",86,176763,193818,214556,254612,279449,267504
"ES",87,176763,193818,214556,254612,279449,267504
"ES",88,176763,193818,214556,254612,279449,267504
"ES",89,176763,193818,214556,254612,279449,267504
"ES",90,176763,193818,214556,254612,279449,267504
"ES",91,725568,768015,775632,707868,643004,567260
"ES",92,725568,768015,775632,707868,643004,567260
"ES",93,725568,768015,775632,707868,643004,567260
"ES",94,725568,768015,775632,707868,643004,567260
"ES",95,725568,768015,775632,707868,643004,567260
"ES",96,725568,768015,775632,707868,643004,567260
"ES",97,725568,768015,775632,707868,643004,567260
"ES",98,725568,768015,775632,707868,643004,567260
"ES",99,725568,768015,775632,707868,643004,567260
"ES",100,4749136,3976057,3191159,1585034,1037200,913569
"FR",1,537,5140,17350,63194,109066,112282
"FR",2,537,5140,17350,63194,109066,112282
"FR",3,537,5140,17350,63194,109066,112282
"FR",4,537,5140,17350,63194,109066,112282
"FR",5,537,5140,17350,63194,109066,112282
"FR",6,537,5140,17350,63194,109066,112282
"FR",7,537,5140,17350,63194,109066,112282
"FR",8,537,5140,17350,63194,109066,112282
"FR",9,537,5140,17350,63194,109066,112282
"FR",10,537,5140,17350,63194,109066,112282
"FR",11,25012,42077,64004,114629,151167,146721
"FR",12,25012,42077,64004,114629,151167,146721
"FR",13,25012,42077,64004,114629,151167,146721
"FR",14,25012,42077,64004,114629,151167,146721
"FR",15,25012,42077,64004,114629,151167,146721
"FR",16,25012,42077,64004,114629,151167,146721
"FR",17,25012,42077,64004,114629,151167,146721
"FR",18,25012,42077,64004,114629,151167,146721
"FR",19,25012,42077,64004,114629,151167,146721
"FR",20,25012,42077,64004,114629,151167,146721
"FR",21,25012,42077,64004,114629,151167,146721
"FR",22,25012,42077,64004,114629,151167,146721
"FR",23,25012,42077,64004,114629,151167,146721
"FR",24,25012,42077,64004,114629,151167,146721
"FR",25,25012,42077,64004,114629,151167,146721
"FR",26,25012,42077,64004,114629,151167,146721
"FR",27,25012,42077,64004,114629,151167,146721
"FR",28,25012,42077,64004,114629,151167,146721
"FR",29,25012,42077,64004,114629,151167,146721
"FR",30,25012,42077,64004,114629,151167,146721
"FR",31,25012,42077,64004,114629,151167,146721
"FR",32,25012,42077,64004,114629,151167,146721
"FR",33,25012,42077,64004,114629,151167,146721
"FR",34,25012,42077,64004,114629,151167,146721
"FR",35,25012,42077,64004,114629,151167,146721
"FR",36,25012,42077,64004,114629,151167,146721
"FR",37,25012,42077,64004,114629,151167,146721
"FR",38,25012,42077,64004,114629,151167,146721
"FR",39,25012,42077,64004,114629,151167,146721
"FR",40,25012,42077,64004,114629,151167,146721
"FR",41,25012,42077,64004,114629,151167,146721
"FR",42,25012,42077,64004,114629,151167,146721
"FR",43,25012,42077,64004,114629,151167,146721
"FR",44,25012,42077,64004,114629,151167,146721
"FR",45,25012,42077,64004,114629,151167,146721
"FR",46,25012,42077,64004,114629,151167,146721
"FR",47,25012,42077,64004,114629,151167,146721
"FR",48,25012,42077,64004,114629,151167,146721
"FR",49,25012,42077,64004,114629,151167,146721
"FR",50,25012,42077,64004,114629,151167,146721
"FR",51,183438,211642,242192,286921,294586,269401
"FR",52,183438,211642,242192,286921,294586,269401
"FR",53,183438,211642,242192,286921,294586,269401
"FR",54,183438,211642,242192,286921,294586,269401
"FR",55,183438,211642,242192,286921,294586,269401
"FR",56,183438,211642,242192,286921,294586,269401
"FR",57,183438,211642,242192,286921,294586,269401
"FR",58,183438,211642,242192,286921,294586,269401
"FR",59,183438,211642,242192,286921,294586,269401
"FR",60,183438,211642,242192,286921,294586,269401
"FR",61,183438,211642,242192,286921,294586,269401
"FR",62,183438,211642,242192,286921,294586,269401
"FR",63,183438,211642,242192,286921,294586,269401
"FR",64,183438,211642,242192,286921,294586,269401
"FR",65,183438,211642,242192,286921,294586,269401
"FR",66,183438,211642,242192,286921,294586,269401
"FR",67,183438,211642,242192,286921,294586,269401
"FR",68,183438,211642,242192,286921,294586,269401
"FR",69,183438,211642,242192,286921,294586,269401
"FR",70,183438,211642,242192,286921,294586,269401
"FR",71,183438,211642,242192,286921,294586,269401
"FR",72,183438,211642,242192,286921,294586,269401
"FR",73,183438,211642,242192,286921,294586,269401
"FR",74,183438,211642,242192,286921,294586,269401
"FR",75,183438,211642,242192,286921,294586,269401
"FR",76,183438,211642,242192,286921,294586,269401
"FR",77,183438,211642,242192,286921,294586,269401
"FR",78,183438,211642,242192,286921,294586,269401
"FR",79,183438,211642,242192,286921,294586,269401
"FR",80,183438,211642,242192,286921,294586,269401
"FR",81,183438,211642,242192,286921,294586,269401
"FR",82,183438,211642,242192,286921,294586,269401
"FR",83,183438,211642,242192,286921,294586,269401
"FR",84,183438,211642,242192,286921,294586,269401
"FR",85,183438,211642,242192,286921,294586,269401
"FR",86,183438,211642,242192,286921,294586,269401
"FR",87,183438,211642,242192,286921,294586,269401
"FR",88,183438,211642,242192,286921,294586,269401
"FR",89,183438,211642,242192,286921,294586,269401
"FR",90,183438,211642,242192,286921,294586,269401
"FR",91,743944,804649,820549,734190,625444,533098
"FR",92,743944,804649,820549,734190,625444,533098
"FR",93,743944,804649,820549,734190,625444,533098
"FR",94,743944,804649,820549,734190,625444,533098
"FR",95,743944,804649,820549,734190,625444,533098
"FR",96,743944,804649,820549,734190,625444,533098
"FR",97,743944,804649,820549,734190,625444,533098
"FR",98,743944,804649,820549,734190,625444,533098
"FR",99,743944,804649,820549,734190,625444,533098
"FR",100,5755946,4548417,3479462,1597662,977132,834412
"GB",1,-4056,-203,9150,49475,104615,117007
"GB",2,-4056,-203,9150,49475,104615,117007
"GB",3,-4056,-203,9150,49475,104615,117007
"GB",4,-4056,-203,9150,49475,104615,117007
"GB",5,-4056,-203,9150,49475,104615,117007
"GB",6,-4056,-203,9150,49475,104615,117007
"GB",7,-4056,-203,9150,49475,104615,117007
"GB",8,-4056,-203,9150,49475,104615,117007
"GB",9,-4056,-203,9150,49475,104615,117007
"GB",10,-4056,-203,9150,49475,104615,117007
"GB",11,19615,30360,45571,89249,140922,149649
"GB",12,19615,30360,45571,89249,140922,149649
"GB",13,19615,30360,45571,89249,140922,149649
"GB",14,19615,30360,45571,89249,140922,149649
"GB",15,19615,30360,45571,89249,140922,149649
"GB",16,19615,30360,45571,89249,140922,149649
"GB",17,19615,30360,45571,89249,140922,149649
"GB",18,19615,30360,45571,89249,140922,149649
"GB",19,19615,30360,45571,89249,140922,149649
"GB",20,19615,30360,45571,89249,140922,149649
"GB",21,19615,30360,45571,89249,140922,149649
"GB",22,19615,30360,45571,89249,140922,149649
"GB",23,19615,30360,45571,89249,140922,149649
"GB",24,19615,30360,45571,89249,140922,149649
"GB",25,19615,30360,45571,89249,140922,149649
"GB",26,19615,30360,45571,89249,140922,149649
"GB",27,19615,30360,45571,89249,140922,149649
"GB",28,19615,30360,45571,89249,140922,149649
"GB",29,19615,30360,45571,89249,140922,149649
"GB",30,19615,30360,45571,89249,140922,149649
"GB",31,19615,30360,45571,89249,140922,149649
"GB",32,19615,30360,45571,89249,140922,149649
"GB",33,19615,30360,45571,89249,140922,149649
"GB",34,19615,30360,45571,89249,140922,149649
"GB",35,19615,30360,45571,89249,140922,149649
"GB",36,19615,30360,45571,89249,140922,149649
"GB",37,19615,30360,45571,89249,140922,149649
"GB",38,19615,30360,45571,89249,140922,149649
"GB",39,19615,30360,45571,89249,140922,149649
"GB",40,19615,30360,45571,89249,140922,149649
"GB",41,19615,30360,45571,89249,140922,149649
"GB",42,19615,30360,45571,89249,140922,149649
"GB",43,19615,30360,45571,89249,140922,149649
"GB",44,19615,30360,45571,89249,140922,149649
"GB",45,19615,30360,45571,89249,140922,149649
"GB",46,19615,30360,45571,89249,140922,149649
"GB",47,19615,30360,45571,89249,140922,149649
"GB",48,19615,30360,45571,89249,140922,149649
"GB",49,19615,30360,45571,89249,140922,149649
"GB",50,19615,30360,45571,89249,140922,149649
"GB",51,153203,164009,180155,216427,261408,264671
"GB",52,153203,164009,180155,216427,261408,264671
"GB",53,153203,164009,180155,216427,261408,264671
"GB",54,153203,164009,180155,216427,261408,264671
"GB",55,153203,164009,180155,216427,261408,264671
"GB",56,153203,164009,180155,216427,261408,264671
"GB",57,153203,164009,180155,216427,261408,264671
"GB",58,153203,164009,180155,216427,261408,264671
"GB",59,153203,164009,180155,216427,261408,264671
"GB",60,153203,164009,180155,216427,261408,264671
"GB",61,153203,164009,180155,216427,261408,264671
"GB",62,153203,164009,180155,216427,261408,264671
"GB",63,153203,164009,180155,216427,261408,264671
"GB",64,153203,164009,180155,216427,261408,264671
"GB",65,153203,164009,180155,216427,261408,264671
"GB",66,153203,164009,180155,216427,261408,264671
"GB",67,153203,164009,180155,216427,261408,264671
"GB",68,153203,164009,180155,216427,261408,264671
"GB",69,153203,164009,180155,216427,261408,264671
"GB",70,153203,164009,180155,216427,261408,264671
"GB",71,153203,164009,180155,216427,261408,264671
"GB",72,153203,164009,180155,216427,261408,264671
"GB",73,153203,164009,180155,216427,261408,264671
"GB",74,153203,164009,180155,216427,261408,264671
"GB",75,153203,164009,180155,216427,261408,264671
"GB",76,153203,164009,180155,216427,261408,264671
"GB",77,153203,164009,180155,216427,261408,264671
"GB",78,153203,164009,180155,216427,261408,264671
"GB",79,153203,164009,180155,216427,261408,264671
"GB",80,153203,164009,180155,216427,261408,264671
"GB",81,153203,164009,180155,216427,261408,264671
"GB",82,153203,164009,180155,216427,261408,264671
"GB",83,153203,164009,180155,216427,261408,264671
"GB",84,153203,164009,180155,216427,261408,264671
"GB",85,153203,164009,180155,216427,261408,264671
"GB",86,153203,164009,180155,216427,261408,264671
"GB",87,153203,164009,180155,216427,261408,264671
"GB",88,153203,164009,180155,216427,261408,264671
"GB",89,153203,164009,180155,216427,261408,264671
"GB",90,153203,164009,180155,216427,261408,264671
"GB",91,638537,664465,669451,612772,571703,530539
"GB",92,638537,664465,669451,612772,571703,530539
"GB",93,638537,664465,669451,612772,571703,530539
"GB",94,638537,664465,669451,612772,571703,530539
"GB",95,638537,664465,669451,612772,571703,530539
"GB",96,638537,664465,669451,612772,571703,530539
"GB",97,638537,664465,669451,612772,571703,530539
"GB",98,638537,664465,669451,612772,571703,530539
"GB",99,638537,664465,669451,612772,571703,530539
"GB",100,3416307,3036578,2522905,1319025,967530,882306
"IT",1,-55717,-44625,-30217,19114,80883,89788
"IT",2,-55717,-44625,-30217,19114,80883,89788
"IT",3,-55717,-44625,-30217,19114,80883,89788
"IT",4,-55717,-44625,-30217,19114,80883,89788
"IT",5,-55717,-44625,-30217,19114,80883,89788
"IT",6,-55717,-44625,-30217,19114,80883,89788
"IT",7,-55717,-44625,-30217,19114,80883,89788
"IT",8,-55717,-44625,-30217,19114,80883,89788
"IT",9,-55717,-44625,-30217,19114,80883,89788
"IT",10,-55717,-44625,-30217,19114,80883,89788
"IT",11,27318,39434,56607,99365,142139,138034
"IT",12,27318,39434,56607,99365,142139,138034
"IT",13,27318,39434,56607,99365,142139,138034
"IT",14,27318,39434,56607,99365,142139,138034
"IT",15,27318,39434,56607,99365,142139,138034
"IT",16,27318,39434,56607,99365,142139,138034
"IT",17,27318,39434,56607,99365,142139,138034
"IT",18,27318,39434,56607,99365,142139,138034
"IT",19,27318,39434,56607,99365,142139,138034
"IT",20,27318,39434,56607,99365,142139,138034
"IT",21,27318,39434,56607,99365,142139,138034
"IT",22,27318,39434,56607,99365,142139,138034
"IT",23,27318,39434,56607,99365,142139,138034
"IT",24,27318,39434,56607,99365,142139,138034
"IT",25,27318,39434,56607,99365,142139,138034
"IT",26,27318,39434,56607,99365,142139,138034
"IT",27,27318,39434,56607,99365,142139,138034
"IT",28,27318,39434,56607,99365,142139,138034
"IT",29,27318,39434,56607,99365,142139,138034
"IT",30,27318,39434,56607,99365,142139,138034
"IT",31,27318,39434,56607,99365,142139,138034
"IT",32,27318,39434,56607,99365,142139,138034
"IT",33,27318,39434,56607,99365,142139,138034
"IT",34,27318,39434,56607,99365,142139,138034
"IT",35,27318,39434,56607,99365,142139,138034
"IT",36,27318,39434,56607,99365,142139,138034
"IT",37,27318,39434,56607,99365,142139,138034
"IT",38,27318,39434,56607,99365,142139,138034
"IT",39,27318,39434,56607,99365,142139,138034
"IT",40,27318,39434,56607,99365,142139,138034
"IT",41,27318,39434,56607,99365,142139,138034
"IT",42,27318,39434,56607,99365,142139,138034
"IT",43,27318,39434,56607,99365,142139,138034
"IT",44,27318,39434,56607,99365,142139,138034
"IT",45,27318,39434,56607,99365,142139,138034
"IT",46,27318,39434,56607,99365,142139,138034
"IT",47,27318,39434,56607,99365,142139,138034
"IT",48,27318,39434,56607,99365,142139,138034
"IT",49,27318,39434,56607,99365,142139,138034
"IT",50,27318,39434,56607,99365,142139,138034
"IT",51,218189,233898,255459,285602,302105,273492
"IT",52,218189,233898,255459,285602,302105,273492
"IT",53,218189,233898,255459,285602,302105,273492
"IT",54,218189,233898,255459,285602,302105,273492
"IT",55,218189,233898,255459,285602,302105,273492
"IT",56,218189,233898,255459,285602,302105,273492
"IT",57,218189,233898,255459,285602,302105,273492
"IT",58,218189,233898,255459,285602,302105,273492
"IT",59,218189,233898,255459,285602,302105,273492
"IT",60,218189,233898,255459,285602,302105,273492
"IT",61,218189,233898,255459,285602,302105,273492
"IT",62,218189,233898,255459,285602,302105,273492
"IT",63,218189,233898,255459,285602,302105,273492
"IT",64,218189,233898,255459,285602,302105,273492
"IT",65,218189,233898,255459,285602,302105,273492
"IT",66,218189,233898,255459,285602,302105,273492
"IT",67,218189,233898,255459,285602,302105,273492
"IT",68,218189,233898,255459,285602,302105,273492
"IT",69,218189,233898,255459,285602,302105,273492
"IT",70,218189,233898,255459,285602,302105,273492
"IT",71,218189,233898,255459,285602,302105,273492
"IT",72,218189,233898,255459,285602,302105,273492
"IT",73,218189,233898,255459,285602,302105,273492
"IT",74,218189,233898,255459,285602,302105,273492
"IT",75,218189,233898,255459,285602,302105,273492
"IT",76,218189,233898,255459,285602,302105,273492
"IT",77,218189,233898,255459,285602,302105,273492
"IT",78,218189,233898,255459,285602,302105,273492
"IT",79,218189,233898,255459,285602,302105,273492
"IT",80,218189,233898,255459,285602,302105,273492
"IT",81,218189,233898,255459,285602,302105,273492
"IT",82,218189,233898,255459,285602,302105,273492
"IT",83,218189,233898,255459,285602,302105,273492
"IT",84,218189,233898,255459,285602,302105,273492
"IT",85,218189,233898,255459,285602,302105,273492
"IT",86,218189,233898,255459,285602,302105,273492
"IT",87,218189,233898,255459,285602,302105,273492
"IT",88,218189,233898,255459,285602,302105,273492
"IT",89,218189,233898,255459,285602,302105,273492
"IT",90,218189,233898,255459,285602,302105,273492
"IT",91,799406,851824,860623,752944,673967,573833
"IT",92,799406,851824,860623,752944,673967,573833
"IT",93,799406,851824,860623,752944,673967,573833
"IT",94,799406,851824,860623,752944,673967,573833
"IT",95,799406,851824,860623,752944,673967,573833
"IT",96,799406,851824,860623,752944,673967,573833
"IT",97,799406,851824,860623,752944,673967,573833
"IT",98,799406,851824,860623,752944,673967,573833
"IT",99,799406,851824,860623,752944,673967,573833
"IT",100,4649999,3910297,3137902,1518036,1021728,876557
"NL",1,15467,17262,28284,81706,106890,112553
"NL",2,15467,17262,28284,81706,106890,112553
"NL",3,15467,17262,28284,81706,106890,112553
"NL",4,15467,17262,28284,81706,106890,112553
"NL",5,15467,17262,28284,81706,106890,112553
"NL",6,15467,17262,28284,81706,106890,112553
"NL",7,15467,17262,28284,81706,106890,112553
"NL",8,15467,17262,28284,81706,106890,112553
"NL",9,15467,17262,28284,81706,106890,112553
"NL",10,15467,17262,28284,81706,106890,112553
"NL",11,61314,71918,90152,145129,148809,146982
"NL",12,61314,71918,90152,145129,148809,146982
"NL",13,61314,71918,90152,145129,148809,146982
"NL",14,61314,71918,90152,145129,148809,146982
"NL",15,61314,71918,90152,145129,148809,146982
"NL",16,61314,71918,90152,145129,148809,146982
"NL",17,61314,71918,90152,145129,148809,146982
"NL",18,61314,71918,90152,145129,148809,146982
"NL",19,61314,71918,90152,145129,148809,146982
"NL",20,61314,71918,90152,145129,148809,146982
"NL",21,61314,71918,90152,145129,148809,146982
"NL",22,61314,71918,90152,145129,148809,146982
"NL",23,61314,71918,90152,145129,148809,146982
"NL",24,61314,71918,90152,145129,148809,146982
"NL",25,61314,71918,90152,145129,148809,146982
"NL",26,61314,71918,90152,145129,148809,146982
"NL",27,61314,71918,90152,145129,148809,146982
"NL",28,61314,71918,90152,145129,148809,146982
"NL",29,61314,71918,90152,145129,148809,146982
"NL",30,61314,71918,90152,145129,148809,146982
"NL",31,61314,71918,90152,145129,148809,146982
"NL",32,61314,71918,90152,145129,148809,146982
"NL",33,61314,71918,90152,145129,148809,146982
"NL",34,61314,71918,90152,145129,148809,146982
"NL",35,61314,71918,90152,145129,148809,146982
"NL",36,61314,71918,90152,145129,148809,146982
"NL",37,61314,71918,90152,145129,148809,146982
"NL",38,61314,71918,90152,145129,148809,146982
"NL",39,61314,71918,90152,145129,148809,146982
"NL",40,61314,71918,90152,145129,148809,146982
"NL",41,61314,71918,90152,145129,148809,146982
"NL",42,61314,71918,90152,145129,148809,146982
"NL",43,61314,71918,90152,145129,148809,146982
"NL",44,61314,71918,90152,145129,148809,146982
"NL",45,61314,71918,90152,145129,148809,146982
"NL",46,61314,71918,90152,145129,148809,146982
"NL",47,61314,71918,90152,145129,148809,146982
"NL",48,61314,71918,90152,145129,148809,146982
"NL",49,61314,71918,90152,145129,148809,146982
"NL",50,61314,71918,90152,145129,148809,146982
"NL",51,297336,305376,323659,361449,295355,272720
"NL",52,297336,305376,323659,361449,295355,272720
"NL",53,297336,305376,323659,361449,295355,272720
"NL",54,297336,305376,323659,361449,295355,272720
"NL",55,297336,305376,323659,361449,295355,272720
"NL",56,297336,305376,323659,361449,295355,272720
"NL",57,297336,305376,323659,361449,295355,272720
"NL",58,297336,305376,323659,361449,295355,272720
"NL",59,297336,305376,323659,361449,295355,272720
"NL",60,297336,305376,323659,361449,295355,272720
"NL",61,297336,305376,323659,361449,295355,272720
"NL",62,297336,305376,323659,361449,295355,272720
"NL",63,297336,305376,323659,361449,295355,272720
"NL",64,297336,305376,323659,361449,295355,272720
"NL",65,297336,305376,323659,361449,295355,272720
"NL",66,297336,305376,323659,361449,295355,272720
"NL",67,297336,305376,323659,361449,295355,272720
"NL",68,297336,305376,323659,361449,295355,272720
"NL",69,297336,305376,323659,361449,295355,272720
"NL",70,297336,305376,323659,361449,295355,272720
"NL",71,297336,305376,323659,361449,295355,272720
"NL",72,297336,305376,323659,361449,295355,272720
"NL",73,297336,305376,323659,361449,295355,272720
"NL",74,297336,305376,323659,361449,295355,272720
"NL",75,297336,305376,323659,361449,295355,272720
"NL",76,297336,305376,323659,361449,295355,272720
"NL",77,297336,305376,323659,361449,295355,272720
"NL",78,297336,305376,323659,361449,295355,272720
"NL",79,297336,305376,323659,361449,295355,272720
"NL",80,297336,305376,323659,361449,295355,272720
"NL",81,297336,305376,323659,361449,295355,272720
"NL",82,297336,305376,323659,361449,295355,272720
"NL",83,297336,305376,323659,361449,295355,272720
"NL",84,297336,305376,323659,361449,295355,272720
"NL",85,297336,305376,323659,361449,295355,272720
"NL",86,297336,305376,323659,361449,295355,272720
"NL",87,297336,305376,323659,361449,295355,272720
"NL",88,297336,305376,323659,361449,295355,272720
"NL",89,297336,305376,323659,361449,295355,272720
"NL",90,297336,305376,323659,361449,295355,272720
"NL",91,933486,971752,959715,834329,602344,524496
"NL",92,933486,971752,959715,834329,602344,524496
"NL",93,933486,971752,959715,834329,602344,524496
"NL",94,933486,971752,959715,834329,602344,524496
"NL",95,933486,971752,959715,834329,602344,524496
"NL",96,933486,971752,959715,834329,602344,524496
"NL",97,933486,971752,959715,834329,602344,524496
"NL",98,933486,971752,959715,834329,602344,524496
"NL",99,933486,971752,959715,834329,602344,524496
"NL",100,3721668,3342261,2781333,1432130,855295,765952
"NO",1,-68500,-51036,-24402,95635,102886,90131
"NO",2,-68500,-51036,-24402,95635,102886,90131
"NO",3,-68500,-51036,-24402,95635,102886,90131
"NO",4,-68500,-51036,-24402,95635,102886,90131
"NO",5,-68500,-51036,-24402,95635,102886,90131
"NO",6,-68500,-51036,-24402,95635,102886,90131
"NO",7,-68500,-51036,-24402,95635,102886,90131
"NO",8,-68500,-51036,-24402,95635,102886,90131
"NO",9,-68500,-51036,-24402,95635,102886,90131
"NO",10,-68500,-51036,-24402,95635,102886,90131
"NO",11,39247,66024,103521,236811,184775,146641
"NO",12,39247,66024,103521,236811,184775,146641
"NO",13,39247,66024,103521,236811,184775,146641
"NO",14,39247,66024,103521,236811,184775,146641
"NO",15,39247,66024,103521,236811,184775,146641
"NO",16,39247,66024,103521,236811,184775,146641
"NO",17,39247,66024,103521,236811,184775,146641
"NO",18,39247,66024,103521,236811,184775,146641
"NO",19,39247,66024,103521,236811,184775,146641
"NO",20,39247,66024,103521,236811,184775,146641
"NO",21,39247,66024,103521,236811,184775,146641
"NO",22,39247,66024,103521,236811,184775,146641
"NO",23,39247,66024,103521,236811,184775,146641
"NO",24,39247,66024,103521,236811,184775,146641
"NO",25,39247,66024,103521,236811,184775,146641
"NO",26,39247,66024,103521,236811,184775,146641
"NO",27,39247,66024,103521,236811,184775,146641
"NO",28,39247,66024,103521,236811,184775,146641
"NO",29,39247,66024,103521,236811,184775,146641
"NO",30,39247,66024,103521,236811,184775,146641
"NO",31,39247,66024,103521,236811,184775,146641
"NO",32,39247,66024,103521,236811,184775,146641
"NO",33,39247,66024,103521,236811,184775,146641
"NO",34,39247,66024,103521,236811,184775,146641
"NO",35,39247,66024,103521,236811,184775,146641
"NO",36,39247,66024,103521,236811,184775,146641
"NO",37,39247,66024,103521,236811,184775,146641
"NO",38,39247,66024,103521,236811,184775,146641
"NO",39,39247,66024,103521,236811,184775,146641
"NO",40,39247,66024,103521,236811,184775,146641
"NO",41,39247,66024,103521,236811,184775,146641
"NO",42,39247,66024,103521,236811,184775,146641
"NO",43,39247,66024,103521,236811,184775,146641
"NO",44,39247,66024,103521,236811,184775,146641
"NO",45,39247,66024,103521,236811,184775,146641
"NO",46,39247,66024,103521,236811,184775,146641
"NO",47,39247,66024,103521,236811,184775,146641
"NO",48,39247,66024,103521,236811,184775,146641
"NO",49,39247,66024,103521,236811,184775,146641
"NO",50,39247,66024,103521,236811,184775,146641
"NO",51,270153,309966,361851,528651,369485,282377
"NO",52,270153,309966,361851,528651,369485,282377
"NO",53,270153,309966,361851,528651,369485,282377
"NO",54,270153,309966,361851,528651,369485,282377
"NO",55,270153,309966,361851,528651,369485,282377
"NO",56,270153,309966,361851,528651,369485,282377
"NO",57,270153,309966,361851,528651,369485,282377
"NO",58,270153,309966,361851,528651,369485,282377
"NO",59,270153,309966,361851,528651,369485,282377
"NO",60,270153,309966,361851,528651,369485,282377
"NO",61,270153,309966,361851,528651,369485,282377
"NO",62,270153,309966,361851,528651,369485,282377
"NO",63,270153,309966,361851,528651,369485,282377
"NO",64,270153,309966,361851,528651,369485,282377
"NO",65,270153,309966,361851,528651,369485,282377
"NO",66,270153,309966,361851,528651,369485,282377
"NO",67,270153,309966,361851,528651,369485,282377
"NO",68,270153,309966,361851,528651,369485,282377
"NO",69,270153,309966,361851,528651,369485,282377
"NO",70,270153,309966,361851,528651,369485,282377
"NO",71,270153,309966,361851,528651,369485,282377
"NO",72,270153,309966,361851,528651,369485,282377
"NO",73,270153,309966,361851,528651,369485,282377
"NO",74,270153,309966,361851,528651,369485,282377
"NO",75,270153,309966,361851,528651,369485,282377
"NO",76,270153,309966,361851,528651,369485,282377
"NO",77,270153,309966,361851,528651,369485,282377
"NO",78,270153,309966,361851,528651,369485,282377
"NO",79,270153,309966,361851,528651,369485,282377
"NO",80,270153,309966,361851,528651,369485,282377
"NO",81,270153,309966,361851,528651,369485,282377
"NO",82,270153,309966,361851,528651,369485,282377
"NO",83,270153,309966,361851,528651,369485,282377
"NO",84,270153,309966,361851,528651,369485,282377
"NO",85,270153,309966,361851,528651,369485,282377
"NO",86,270153,309966,361851,528651,369485,282377
"NO",87,270153,309966,361851,528651,369485,282377
"NO",88,270153,309966,361851,528651,369485,282377
"NO",89,270153,309966,361851,528651,369485,282377
"NO",90,270153,309966,361851,528651,369485,282377
"NO",91,802900,934349,1006513,1047991,685340,516282
"NO",92,802900,934349,1006513,1047991,685340,516282
"NO",93,802900,934349,1006513,1047991,685340,516282
"NO",94,802900,934349,1006513,1047991,685340,516282
"NO",95,802900,934349,1006513,1047991,685340,516282
"NO",96,802900,934349,1006513,1047991,685340,516282
"NO",97,802900,934349,1006513,1047991,685340,516282
"NO",98,802900,934349,1006513,1047991,685340,516282
"NO",99,802900,934349,1006513,1047991,685340,516282
"NO",100,5801716,4749977,3803282,2060342,886781,691426
"SE",1,-185103,-148376,-112814,-10945,74431,91344
"SE",2,-185103,-148376,-112814,-10945,74431,91344
"SE",3,-185103,-148376,-112814,-10945,74431,91344
"SE",4,-185103,-148376,-112814,-10945,74431,91344
"SE",5,-185103,-148376,-112814,-10945,74431,91344
"SE",6,-185103,-148376,-112814,-10945,74431,91344
"SE",7,-185103,-148376,-112814,-10945,74431,91344
"SE",8,-185103,-148376,-112814,-10945,74431,91344
"SE",9,-185103,-148376,-112814,-10945,74431,91344
"SE",10,-185103,-148376,-112814,-10945,74431,91344
"SE",11,-9662,15161,43116,117373,150689,146886
"SE",12,-9662,15161,43116,117373,150689,146886
"SE",13,-9662,15161,43116,117373,150689,146886
"SE",14,-9662,15161,43116,117373,150689,146886
"SE",15,-9662,15161,43116,117373,150689,146886
"SE",16,-9662,15161,43116,117373,150689,146886
"SE",17,-9662,15161,43116,117373,150689,146886
"SE",18,-9662,15161,43116,117373,150689,146886
"SE",19,-9662,15161,43116,117373,150689,146886
"SE",20,-9662,15161,43116,117373,150689,146886
"SE",21,-9662,15161,43116,117373,150689,146886
"SE",22,-9662,15161,43116,117373,150689,146886
"SE",23,-9662,15161,43116,117373,150689,146886
"SE",24,-9662,15161,43116,117373,150689,146886
"SE",25,-9662,15161,43116,117373,150689,146886
"SE",26,-9662,15161,43116,117373,150689,146886
"SE",27,-9662,15161,43116,117373,150689,146886
"SE",28,-9662,15161,43116,117373,150689,146886
"SE",29,-9662,15161,43116,117373,150689,146886
"SE",30,-9662,15161,43116,117373,150689,146886
"SE",31,-9662,15161,43116,117373,150689,146886
"SE",32,-9662,15161,43116,117373,150689,146886
"SE",33,-9662,15161,43116,117373,150689,146886
"SE",34,-9662,15161,43116,117373,150689,146886
"SE",35,-9662,15161,43116,117373,150689,146886
"SE",36,-9662,15161,43116,117373,150689,146886
"SE",37,-9662,15161,43116,117373,150689,146886
"SE",38,-9662,15161,43116,117373,150689,146886
"SE",39,-9662,15161,43116,117373,150689,146886
"SE",40,-9662,15161,43116,117373,150689,146886
"SE",41,-9662,15161,43116,117373,150689,146886
"SE",42,-9662,15161,43116,117373,150689,146886
"SE",43,-9662,15161,43116,117373,150689,146886
"SE",44,-9662,15161,43116,117373,150689,146886
"SE",45,-9662,15161,43116,117373,150689,146886
"SE",46,-9662,15161,43116,117373,150689,146886
"SE",47,-9662,15161,43116,117373,150689,146886
"SE",48,-9662,15161,43116,117373,150689,146886
"SE",49,-9662,15161,43116,117373,150689,146886
"SE",50,-9662,15161,43116,117373,150689,146886
"SE",51,219433,240409,265133,319642,301721,274319
"SE",52,219433,240409,265133,319642,301721,274319
"SE",53,219433,240409,265133,319642,301721,274319
"SE",54,219433,240409,265133,319642,301721,274319
"SE",55,219433,240409,265133,319642,301721,274319
"SE",56,219433,240409,265133,319642,301721,274319
"SE",57,219433,240409,265133,319642,301721,274319
"SE",58,219433,240409,265133,319642,301721,274319
"SE",59,219433,240409,265133,319642,301721,274319
"SE",60,219433,240409,265133,319642,301721,274319
"SE",61,219433,240409,265133,319642,301721,274319
"SE",62,219433,240409,265133,319642,301721,274319
"SE",63,219433,240409,265133,319642,301721,274319
"SE",64,219433,240409,265133,319642,301721,274319
"SE",65,219433,240409,265133,319642,301721,274319
"SE",66,219433,240409,265133,319642,301721,274319
"SE",67,219433,240409,265133,319642,301721,274319
"SE",68,219433,240409,265133,319642,301721,274319
"SE",69,219433,240409,265133,319642,301721,274319
"SE",70,219433,240409,265133,319642,301721,274319
"SE",71,219433,240409,265133,319642,301721,274319
"SE",72,219433,240409,265133,319642,301721,274319
"SE",73,219433,240409,265133,319642,301721,274319
"SE",74,219433,240409,265133,319642,301721,274319
"SE",75,219433,240409,265133,319642,301721,274319
"SE",76,219433,240409,265133,319642,301721,274319
"SE",77,219433,240409,265133,319642,301721,274319
"SE",78,219433,240409,265133,319642,301721,274319
"SE",79,219433,240409,265133,319642,301721,274319
"SE",80,219433,240409,265133,319642,301721,274319
"SE",81,219433,240409,265133,319642,301721,274319
"SE",82,219433,240409,265133,319642,301721,274319
"SE",83,219433,240409,265133,319642,301721,274319
"SE",84,219433,240409,265133,319642,301721,274319
"SE",85,219433,240409,265133,319642,301721,274319
"SE",86,219433,240409,265133,319642,301721,274319
"SE",87,219433,240409,265133,319642,301721,274319
"SE",88,219433,240409,265133,319642,301721,274319
"SE",89,219433,240409,265133,319642,301721,274319
"SE",90,219433,240409,265133,319642,301721,274319
"SE",91,931306,941338,913456,797313,629921,536536
"SE",92,931306,941338,913456,797313,629921,536536
"SE",93,931306,941338,913456,797313,629921,536536
"SE",94,931306,941338,913456,797313,629921,536536
"SE",95,931306,941338,913456,797313,629921,536536
"SE",96,931306,941338,913456,797313,629921,536536
"SE",97,931306,941338,913456,797313,629921,536536
"SE",98,931306,941338,913456,797313,629921,536536
"SE",99,931306,941338,913456,797313,629921,536536
"SE",100,5658018,4314176,3225058,1531020,936315,809536
"OC",1,-44575,-33229,-18770,40693,93289,103507
"OC",2,-44575,-33229,-18770,40693,93289,103507
"OC",3,-44575,-33229,-18770,40693,93289,103507
"OC",4,-44575,-33229,-18770,40693,93289,103507
"OC",5,-44575,-33229,-18770,40693,93289,103507
"OC",6,-44575,-33229,-18770,40693,93289,103507
"OC",7,-44575,-33229,-18770,40693,93289,103507
"OC",8,-44575,-33229,-18770,40693,93289,103507
"OC",9,-44575,-33229,-18770,40693,93289,103507
"OC",10,-44575,-33229,-18770,40693,93289,103507
"OC",11,28996,41544,58579,116383,145234,144541
"OC",12,28996,41544,58579,116383,145234,144541
"OC",13,28996,41544,58579,116383,145234,144541
"OC",14,28996,41544,58579,116383,145234,144541
"OC",15,28996,41544,58579,116383,145234,144541
"OC",16,28996,41544,58579,116383,145234,144541
"OC",17,28996,41544,58579,116383,145234,144541
"OC",18,28996,41544,58579,116383,145234,144541
"OC",19,28996,41544,58579,116383,145234,144541
"OC",20,28996,41544,58579,116383,145234,144541
"OC",21,28996,41544,58579,116383,145234,144541
"OC",22,28996,41544,58579,116383,145234,144541
"OC",23,28996,41544,58579,116383,145234,144541
"OC",24,28996,41544,58579,116383,145234,144541
"OC",25,28996,41544,58579,116383,145234,144541
"OC",26,28996,41544,58579,116383,145234,144541
"OC",27,28996,41544,58579,116383,145234,144541
"OC",28,28996,41544,58579,116383,145234,144541
"OC",29,28996,41544,58579,116383,145234,144541
"OC",30,28996,41544,58579,116383,145234,144541
"OC",31,28996,41544,58579,116383,145234,144541
"OC",32,28996,41544,58579,116383,145234,144541
"OC",33,28996,41544,58579,116383,145234,144541
"OC",34,28996,41544,58579,116383,145234,144541
"OC",35,28996,41544,58579,116383,145234,144541
"OC",36,28996,41544,58579,116383,145234,144541
"OC",37,28996,41544,58579,116383,145234,144541
"OC",38,28996,41544,58579,116383,145234,144541
"OC",39,28996,41544,58579,116383,145234,144541
"OC",40,28996,41544,58579,116383,145234,144541
"OC",41,28996,41544,58579,116383,145234,144541
"OC",42,28996,41544,58579,116383,145234,144541
"OC",43,28996,41544,58579,116383,145234,144541
"OC",44,28996,41544,58579,116383,145234,144541
"OC",45,28996,41544,58579,116383,145234,144541
"OC",46,28996,41544,58579,116383,145234,144541
"OC",47,28996,41544,58579,116383,145234,144541
"OC",48,28996,41544,58579,116383,145234,144541
"OC",49,28996,41544,58579,116383,145234,144541
"OC",50,28996,41544,58579,116383,145234,144541
"OC",51,213627,227778,246876,301096,289275,269349
"OC",52,213627,227778,246876,301096,289275,269349
"OC",53,213627,227778,246876,301096,289275,269349
"OC",54,213627,227778,246876,301096,289275,269349
"OC",55,213627,227778,246876,301096,289275,269349
"OC",56,213627,227778,246876,301096,289275,269349
"OC",57,213627,227778,246876,301096,289275,269349
"OC",58,213627,227778,246876,301096,289275,269349
"OC",59,213627,227778,246876,301096,289275,269349
"OC",60,213627,227778,246876,301096,289275,269349
"OC",61,213627,227778,246876,301096,289275,269349
"OC",62,213627,227778,246876,301096,289275,269349
"OC",63,213627,227778,246876,301096,289275,269349
"OC",64,213627,227778,246876,301096,289275,269349
"OC",65,213627,227778,246876,301096,289275,269349
"OC",66,213627,227778,246876,301096,289275,269349
"OC",67,213627,227778,246876,301096,289275,269349
"OC",68,213627,227778,246876,301096,289275,269349
"OC",69,213627,227778,246876,301096,289275,269349
"OC",70,213627,227778,246876,301096,289275,269349
"OC",71,213627,227778,246876,301096,289275,269349
"OC",72,213627,227778,246876,301096,289275,269349
"OC",73,213627,227778,246876,301096,289275,269349
"OC",74,213627,227778,246876,301096,289275,269349
"OC",75,213627,227778,246876,301096,289275,269349
"OC",76,213627,227778,246876,301096,289275,269349
"OC",77,213627,227778,246876,301096,289275,269349
"OC",78,213627,227778,246876,301096,289275,269349
"OC",79,213627,227778,246876,301096,289275,269349
"OC",80,213627,227778,246876,301096,289275,269349
"OC",81,213627,227778,246876,301096,289275,269349
"OC",82,213627,227778,246876,301096,289275,269349
"OC",83,213627,227778,246876,301096,289275,269349
"OC",84,213627,227778,246876,301096,289275,269349
"OC",85,213627,227778,246876,301096,289275,269349
"OC",86,213627,227778,246876,301096,289275,269349
"OC",87,213627,227778,246876,301096,289275,269349
"OC",88,213627,227778,246876,301096,289275,269349
"OC",89,213627,227778,246876,301096,289275,269349
"OC",90,213627,227778,246876,301096,289275,269349
"OC",91,975405,993262,957499,817736,642663,551977
"OC",92,975405,993262,957499,817736,642663,551977
"OC",93,975405,993262,957499,817736,642663,551977
"OC",94,975405,993262,957499,817736,642663,551977
"OC",95,975405,993262,957499,817736,642663,551977
"OC",96,975405,993262,957499,817736,642663,551977
"OC",97,975405,993262,957499,817736,642663,551977
"OC",98,975405,993262,957499,817736,642663,551977
"OC",99,975405,993262,957499,817736,642663,551977
"OC",100,6294889,4886620,3683052,1678063,964770,841533
"QM",1,-46017,-38644,-29337,10174,71113,96759
"QM",2,-46017,-38644,-29337,10174,71113,96759
"QM",3,-46017,-38644,-29337,10174,71113,96759
"QM",4,-46017,-38644,-29337,10174,71113,96759
"QM",5,-46017,-38644,-29337,10174,71113,96759
"QM",6,-46017,-38644,-29337,10174,71113,96759
"QM",7,-46017,-38644,-29337,10174,71113,96759
"QM",8,-46017,-38644,-29337,10174,71113,96759
"QM",9,-46017,-38644,-29337,10174,71113,96759
"QM",10,-46017,-38644,-29337,10174,71113,96759
"QM",11,16224,23031,33933,72483,123539,143131
"QM",12,16224,23031,33933,72483,123539,143131
"QM",13,16224,23031,33933,72483,123539,143131
"QM",14,16224,23031,33933,72483,123539,143131
"QM",15,16224,23031,33933,72483,123539,143131
"QM",16,16224,23031,33933,72483,123539,143131
"QM",17,16224,23031,33933,72483,123539,143131
"QM",18,16224,23031,33933,72483,123539,143131
"QM",19,16224,23031,33933,72483,123539,143131
"QM",20,16224,23031,33933,72483,123539,143131
"QM",21,16224,23031,33933,72483,123539,143131
"QM",22,16224,23031,33933,72483,123539,143131
"QM",23,16224,23031,33933,72483,123539,143131
"QM",24,16224,23031,33933,72483,123539,143131
"QM",25,16224,23031,33933,72483,123539,143131
"QM",26,16224,23031,33933,72483,123539,143131
"QM",27,16224,23031,33933,72483,123539,143131
"QM",28,16224,23031,33933,72483,123539,143131
"QM",29,16224,23031,33933,72483,123539,143131
"QM",30,16224,23031,33933,72483,123539,143131
"QM",31,16224,23031,33933,72483,123539,143131
"QM",32,16224,23031,33933,72483,123539,143131
"QM",33,16224,23031,33933,72483,123539,143131
"QM",34,16224,23031,33933,72483,123539,143131
"QM",35,16224,23031,33933,72483,123539,143131
"QM",36,16224,23031,33933,72483,123539,143131
"QM",37,16224,23031,33933,72483,123539,143131
"QM",38,16224,23031,33933,72483,123539,143131
"QM",39,16224,23031,33933,72483,123539,143131
"QM",40,16224,23031,33933,72483,123539,143131
"QM",41,16224,23031,33933,72483,123539,143131
"QM",42,16224,23031,33933,72483,123539,143131
"QM",43,16224,23031,33933,72483,123539,143131
"QM",44,16224,23031,33933,72483,123539,143131
"QM",45,16224,23031,33933,72483,123539,143131
"QM",46,16224,23031,33933,72483,123539,143131
"QM",47,16224,23031,33933,72483,123539,143131
"QM",48,16224,23031,33933,72483,123539,143131
"QM",49,16224,23031,33933,72483,123539,143131
"QM",50,16224,23031,33933,72483,123539,143131
"QM",51,94299,110260,131406,185402,244751,265914
"QM",52,94299,110260,131406,185402,244751,265914
"QM",53,94299,110260,131406,185402,244751,265914
"QM",54,94299,110260,131406,185402,244751,265914
"QM",55,94299,110260,131406,185402,244751,265914
"QM",56,94299,110260,131406,185402,244751,265914
"QM",57,94299,110260,131406,185402,244751,265914
"QM",58,94299,110260,131406,185402,244751,265914
"QM",59,94299,110260,131406,185402,244751,265914
"QM",60,94299,110260,131406,185402,244751,265914
"QM",61,94299,110260,131406,185402,244751,265914
"QM",62,94299,110260,131406,185402,244751,265914
"QM",63,94299,110260,131406,185402,244751,265914
"QM",64,94299,110260,131406,185402,244751,265914
"QM",65,94299,110260,131406,185402,244751,265914
"QM",66,94299,110260,131406,185402,244751,265914
"QM",67,94299,110260,131406,185402,244751,265914
"QM",68,94299,110260,131406,185402,244751,265914
"QM",69,94299,110260,131406,185402,244751,265914
"QM",70,94299,110260,131406,185402,244751,265914
"QM",71,94299,110260,131406,185402,244751,265914
"QM",72,94299,110260,131406,185402,244751,265914
"QM",73,94299,110260,131406,185402,244751,265914
"QM",74,94299,110260,131406,185402,244751,265914
"QM",75,94299,110260,131406,185402,244751,265914
"QM",76,94299,110260,131406,185402,244751,265914
"QM",77,94299,110260,131406,185402,244751,265914
"QM",78,94299,110260,131406,185402,244751,265914
"QM",79,94299,110260,131406,185402,244751,265914
"QM",80,94299,110260,131406,185402,244751,265914
"QM",81,94299,110260,131406,185402,244751,265914
"QM",82,94299,110260,131406,185402,244751,265914
"QM",83,94299,110260,131406,185402,244751,265914
"QM",84,94299,110260,131406,185402,244751,265914
"QM",85,94299,110260,131406,185402,244751,265914
"QM",86,94299,110260,131406,185402,244751,265914
"QM",87,94299,110260,131406,185402,244751,265914
"QM",88,94299,110260,131406,185402,244751,265914
"QM",89,94299,110260,131406,185402,244751,265914
"QM",90,94299,110260,131406,185402,244751,265914
"QM",91,390014,453891,503384,546375,569519,562919
"QM",92,390014,453891,503384,546375,569519,562919
"QM",93,390014,453891,503384,546375,569519,562919
"QM",94,390014,453891,503384,546375,569519,562919
"QM",95,390014,453891,503384,546375,569519,562919
"QM",96,390014,453891,503384,546375,569519,562919
"QM",97,390014,453891,503384,546375,569519,562919
"QM",98,390014,453891,503384,546375,569519,562919
"QM",99,390014,453891,503384,546375,569519,562919
"QM",100,2935531,2652816,2291492,1365169,1050552,1004321
"US",1,-18448,-13640,-4725,42864,101250,103221
"US",2,-18448,-13640,-4725,42864,101250,103221
"US",3,-18448,-13640,-4725,42864,101250,103221
"US",4,-18448,-13640,-4725,42864,101250,103221
"US",5,-18448,-13640,-4725,42864,101250,103221
"US",6,-18448,-13640,-4725,42864,101250,103221
"US",7,-18448,-13640,-4725,42864,101250,103221
"US",8,-18448,-13640,-4725,42864,101250,103221
"US",9,-18448,-13640,-4725,42864,101250,103221
"US",10,-18448,-13640,-4725,42864,101250,103221
"US",11,11092,27195,47153,105233,150580,141218
"US",12,11092,27195,47153,105233,150580,141218
"US",13,11092,27195,47153,105233,150580,141218
"US",14,11092,27195,47153,105233,150580,141218
"US",15,11092,27195,47153,105233,150580,141218
"US",16,11092,27195,47153,105233,150580,141218
"US",17,11092,27195,47153,105233,150580,141218
"US",18,11092,27195,47153,105233,150580,141218
"US",19,11092,27195,47153,105233,150580,141218
"US",20,11092,27195,47153,105233,150580,141218
"US",21,11092,27195,47153,105233,150580,141218
"US",22,11092,27195,47153,105233,150580,141218
"US",23,11092,27195,47153,105233,150580,141218
"US",24,11092,27195,47153,105233,150580,141218
"US",25,11092,27195,47153,105233,150580,141218
"US",26,11092,27195,47153,105233,150580,141218
"US",27,11092,27195,47153,105233,150580,141218
"US",28,11092,27195,47153,105233,150580,141218
"US",29,11092,27195,47153,105233,150580,141218
"US",30,11092,27195,47153,105233,150580,141218
"US",31,11092,27195,47153,105233,150580,141218
"US",32,11092,27195,47153,105233,150580,141218
"US",33,11092,27195,47153,105233,150580,141218
"US",34,11092,27195,47153,105233,150580,141218
"US",35,11092,27195,47153,105233,150580,141218
"US",36,11092,27195,47153,105233,150580,141218
"US",37,11092,27195,47153,105233,150580,141218
"US",38,11092,27195,47153,105233,150580,141218
"US",39,11092,27195,47153,105233,150580,141218
"US",40,11092,27195,47153,105233,150580,141218
"US",41,11092,27195,47153,105233,150580,141218
"US",42,11092,27195,47153,105233,150580,141218
"US",43,11092,27195,47153,105233,150580,141218
"US",44,11092,27195,47153,105233,150580,141218
"US",45,11092,27195,47153,105233,150580,141218
"US",46,11092,27195,47153,105233,150580,141218
"US",47,11092,27195,47153,105233,150580,141218
"US",48,11092,27195,47153,105233,150580,141218
"US",49,11092,27195,47153,105233,150580,141218
"US",50,11092,27195,47153,105233,150580,141218
"US",51,200196,227527,255847,307989,310812,270487
"US",52,200196,227527,255847,307989,310812,270487
"US",53,200196,227527,255847,307989,310812,270487
"US",54,200196,227527,255847,307989,310812,270487
"US",55,200196,227527,255847,307989,310812,270487
"US",56,200196,227527,255847,307989,310812,270487
"US",57,200196,227527,255847,307989,310812,270487
"US",58,200196,227527,255847,307989,310812,270487
"US",59,200196,227527,255847,307989,310812,270487
"US",60,200196,227527,255847,307989,310812,270487
"US",61,200196,227527,255847,307989,310812,270487
"US",62,200196,227527,255847,307989,310812,270487
"US",63,200196,227527,255847,307989,310812,270487
"US",64,200196,227527,255847,307989,310812,270487
"US",65,200196,227527,255847,307989,310812,270487
"US",66,200196,227527,255847,307989,310812,270487
"US",67,200196,227527,255847,307989,310812,270487
"US",68,200196,227527,255847,307989,310812,270487
"US",69,200196,227527,255847,307989,310812,270487
"US",70,200196,227527,255847,307989,310812,270487
"US",71,200196,227527,255847,307989,310812,270487
"US",72,200196,227527,255847,307989,310812,270487
"US",73,200196,227527,255847,307989,310812,270487
"US",74,200196,227527,255847,307989,310812,270487
"US",75,200196,227527,255847,307989,310812,270487
"US",76,200196,227527,255847,307989,310812,270487
"US",77,200196,227527,255847,307989,310812,270487
"US",78,200196,227527,255847,307989,310812,270487
"US",79,200196,227527,255847,307989,310812,270487
"US",80,200196,227527,255847,307989,310812,270487
"US",81,200196,227527,255847,307989,310812,270487
"US",82,200196,227527,255847,307989,310812,270487
"US",83,200196,227527,255847,307989,310812,270487
"US",84,200196,227527,255847,307989,310812,270487
"US",85,200196,227527,255847,307989,310812,270487
"US",86,200196,227527,255847,307989,310812,270487
"US",87,200196,227527,255847,307989,310812,270487
"US",88,200196,227527,255847,307989,310812,270487
"US",89,200196,227527,255847,307989,310812,270487
"US",90,200196,227527,255847,307989,310812,270487
"US",91,1048013,1102876,1070337,864405,695000,560618
"US",92,1048013,1102876,1070337,864405,695000,560618
"US",93,1048013,1102876,1070337,864405,695000,560618
"US",94,1048013,1102876,1070337,864405,695000,560618
"US",95,1048013,1102876,1070337,864405,695000,560618
"US",96,1048013,1102876,1070337,864405,695000,560618
"US",97,1048013,1102876,1070337,864405,695000,560618
"US",98,1048013,1102876,1070337,864405,695000,560618
"US",99,1048013,1102876,1070337,864405,695000,560618
"US",100,9438290,6920296,4964399,2049657,1031482,854051
"CA",1,44268,41068,45114,83305,116527,116008
"CA",2,44268,41068,45114,83305,116527,116008
"CA",3,44268,41068,45114,83305,116527,116008
"CA",4,44268,41068,45114,83305,116527,116008
"CA",5,44268,41068,45114,83305,116527,116008
"CA",6,44268,41068,45114,83305,116527,116008
"CA",7,44268,41068,45114,83305,116527,116008
"CA",8,44268,41068,45114,83305,116527,116008
"CA",9,44268,41068,45114,83305,116527,116008
"CA",10,44268,41068,45114,83305,116527,116008
"CA",11,76387,82492,92916,136002,157563,149153
"CA",12,76387,82492,92916,136002,157563,149153
"CA",13,76387,82492,92916,136002,157563,149153
"CA",14,76387,82492,92916,136002,157563,149153
"CA",15,76387,82492,92916,136002,157563,149153
"CA",16,76387,82492,92916,136002,157563,149153
"CA",17,76387,82492,92916,136002,157563,149153
"CA",18,76387,82492,92916,136002,157563,149153
"CA",19,76387,82492,92916,136002,157563,149153
"CA",20,76387,82492,92916,136002,157563,149153
"CA",21,76387,82492,92916,136002,157563,149153
"CA",22,76387,82492,92916,136002,157563,149153
"CA",23,76387,82492,92916,136002,157563,149153
"CA",24,76387,82492,92916,136002,157563,149153
"CA",25,76387,82492,92916,136002,157563,149153
"CA",26,76387,82492,92916,136002,157563,149153
"CA",27,76387,82492,92916,136002,157563,149153
"CA",28,76387,82492,92916,136002,157563,149153
"CA",29,76387,82492,92916,136002,157563,149153
"CA",30,76387,82492,92916,136002,157563,149153
"CA",31,76387,82492,92916,136002,157563,149153
"CA",32,76387,82492,92916,136002,157563,149153
"CA",33,76387,82492,92916,136002,157563,149153
"CA",34,76387,82492,92916,136002,157563,149153
"CA",35,76387,82492,92916,136002,157563,149153
"CA",36,76387,82492,92916,136002,157563,149153
"CA",37,76387,82492,92916,136002,157563,149153
"CA",38,76387,82492,92916,136002,157563,149153
"CA",39,76387,82492,92916,136002,157563,149153
"CA",40,76387,82492,92916,136002,157563,149153
"CA",41,76387,82492,92916,136002,157563,149153
"CA",42,76387,82492,92916,136002,157563,149153
"CA",43,76387,82492,92916,136002,157563,149153
"CA",44,76387,82492,92916,136002,157563,149153
"CA",45,76387,82492,92916,136002,157563,149153
"CA",46,76387,82492,92916,136002,157563,149153
"CA",47,76387,82492,92916,136002,157563,149153
"CA",48,76387,82492,92916,136002,157563,149153
"CA",49,76387,82492,92916,136002,157563,149153
"CA",50,76387,82492,92916,136002,157563,149153
"CA",51,164011,193313,220416,286596,291177,265176
"CA",52,164011,193313,220416,286596,291177,265176
"CA",53,164011,193313,220416,286596,291177,265176
"CA",54,164011,193313,220416,286596,291177,265176
"CA",55,164011,193313,220416,286596,291177,265176
"CA",56,164011,193313,220416,286596,291177,265176
"CA",57,164011,193313,220416,286596,291177,265176
"CA",58,164011,193313,220416,286596,291177,265176
"CA",59,164011,193313,220416,286596,291177,265176
"CA",60,164011,193313,220416,286596,291177,265176
"CA",61,164011,193313,220416,286596,291177,265176
"CA",62,164011,193313,220416,286596,291177,265176
"CA",63,164011,193313,220416,286596,291177,265176
"CA",64,164011,193313,220416,286596,291177,265176
"CA",65,164011,193313,220416,286596,291177,265176
"CA",66,164011,193313,220416,286596,291177,265176
"CA",67,164011,193313,220416,286596,291177,265176
"CA",68,164011,193313,220416,286596,291177,265176
"CA",69,164011,193313,220416,286596,291177,265176
"CA",70,164011,193313,220416,286596,291177,265176
"CA",71,164011,193313,220416,286596,291177,265176
"CA",72,164011,193313,220416,286596,291177,265176
"CA",73,164011,193313,220416,286596,291177,265176
"CA",74,164011,193313,220416,286596,291177,265176
"CA",75,164011,193313,220416,286596,291177,265176
"CA",76,164011,193313,220416,286596,291177,265176
"CA",77,164011,193313,220416,286596,291177,265176
"CA",78,164011,193313,220416,286596,291177,265176
"CA",79,164011,193313,220416,286596,291177,265176
"CA",80,164011,193313,220416,286596,291177,265176
"CA",81,164011,193313,220416,286596,291177,265176
"CA",82,164011,193313,220416,286596,291177,265176
"CA",83,164011,193313,220416,286596,291177,265176
"CA",84,164011,193313,220416,286596,291177,265176
"CA",85,164011,193313,220416,286596,291177,265176
"CA",86,164011,193313,220416,286596,291177,265176
"CA",87,164011,193313,220416,286596,291177,265176
"CA",88,164011,193313,220416,286596,291177,265176
"CA",89,164011,193313,220416,286596,291177,265176
"CA",90,164011,193313,220416,286596,291177,265176
"CA",91,867535,908996,892989,802653,646475,539173
"CA",92,867535,908996,892989,802653,646475,539173
"CA",93,867535,908996,892989,802653,646475,539173
"CA",94,867535,908996,892989,802653,646475,539173
"CA",95,867535,908996,892989,802653,646475,539173
"CA",96,867535,908996,892989,802653,646475,539173
"CA",97,867535,908996,892989,802653,646475,539173
"CA",98,867535,908996,892989,802653,646475,539173
"CA",99,867535,908996,892989,802653,646475,539173
"CA",100,7151158,5258929,3800790,1693184,961351,814234
"AU",1,-32712,-26031,-16873,39856,92850,102263
"AU",2,-32712,-26031,-16873,39856,92850,102263
"AU",3,-32712,-26031,-16873,39856,92850,102263
"AU",4,-32712,-26031,-16873,39856,92850,102263
"AU",5,-32712,-26031,-16873,39856,92850,102263
"AU",6,-32712,-26031,-16873,39856,92850,102263
"AU",7,-32712,-26031,-16873,39856,92850,102263
"AU",8,-32712,-26031,-16873,39856,92850,102263
"AU",9,-32712,-26031,-16873,39856,92850,102263
"AU",10,-32712,-26031,-16873,39856,92850,102263
"AU",11,42508,49779,58938,117552,146050,142296
"AU",12,42508,49779,58938,117552,146050,142296
"AU",13,42508,49779,58938,117552,146050,142296
"AU",14,42508,49779,58938,117552,146050,142296
"AU",15,42508,49779,58938,117552,146050,142296
"AU",16,42508,49779,58938,117552,146050,142296
"AU",17,42508,49779,58938,117552,146050,142296
"AU",18,42508,49779,58938,117552,146050,142296
"AU",19,42508,49779,58938,117552,146050,142296
"AU",20,42508,49779,58938,117552,146050,142296
"AU",21,42508,49779,58938,117552,146050,142296
"AU",22,42508,49779,58938,117552,146050,142296
"AU",23,42508,49779,58938,117552,146050,142296
"AU",24,42508,49779,58938,117552,146050,142296
"AU",25,42508,49779,58938,117552,146050,142296
"AU",26,42508,49779,58938,117552,146050,142296
"AU",27,42508,49779,58938,117552,146050,142296
"AU",28,42508,49779,58938,117552,146050,142296
"AU",29,42508,49779,58938,117552,146050,142296
"AU",30,42508,49779,58938,117552,146050,142296
"AU",31,42508,49779,58938,117552,146050,142296
"AU",32,42508,49779,58938,117552,146050,142296
"AU",33,42508,49779,58938,117552,146050,142296
"AU",34,42508,49779,58938,117552,146050,142296
"AU",35,42508,49779,58938,117552,146050,142296
"AU",36,42508,49779,58938,117552,146050,142296
"AU",37,42508,49779,58938,117552,146050,142296
"AU",38,42508,49779,58938,117552,146050,142296
"AU",39,42508,49779,58938,117552,146050,142296
"AU",40,42508,49779,58938,117552,146050,142296
"AU",41,42508,49779,58938,117552,146050,142296
"AU",42,42508,49779,58938,117552,146050,142296
"AU",43,42508,49779,58938,117552,146050,142296
"AU",44,42508,49779,58938,117552,146050,142296
"AU",45,42508,49779,58938,117552,146050,142296
"AU",46,42508,49779,58938,117552,146050,142296
"AU",47,42508,49779,58938,117552,146050,142296
"AU",48,42508,49779,58938,117552,146050,142296
"AU",49,42508,49779,58938,117552,146050,142296
"AU",50,42508,49779,58938,117552,146050,142296
"AU",51,263489,269663,274747,336076,308554,274130
"AU",52,263489,269663,274747,336076,308554,274130
"AU",53,263489,269663,274747,336076,308554,274130
"AU",54,263489,269663,274747,336076,308554,274130
"AU",55,263489,269663,274747,336076,308554,274130
"AU",56,263489,269663,274747,336076,308554,274130
"AU",57,263489,269663,274747,336076,308554,274130
"AU",58,263489,269663,274747,336076,308554,274130
"AU",59,263489,269663,274747,336076,308554,274130
"AU",60,263489,269663,274747,336076,308554,274130
"AU",61,263489,269663,274747,336076,308554,274130
"AU",62,263489,269663,274747,336076,308554,274130
"AU",63,263489,269663,274747,336076,308554,274130
"AU",64,263489,269663,274747,336076,308554,274130
"AU",65,263489,269663,274747,336076,308554,274130
"AU",66,263489,269663,274747,336076,308554,274130
"AU",67,263489,269663,274747,336076,308554,274130
"AU",68,263489,269663,274747,336076,308554,274130
"AU",69,263489,269663,274747,336076,308554,274130
"AU",70,263489,269663,274747,336076,308554,274130
"AU",71,263489,269663,274747,336076,308554,274130
"AU",72,263489,269663,274747,336076,308554,274130
"AU",73,263489,269663,274747,336076,308554,274130
"AU",74,263489,269663,274747,336076,308554,274130
"AU",75,263489,269663,274747,336076,308554,274130
"AU",76,263489,269663,274747,336076,308554,274130
"AU",77,263489,269663,274747,336076,308554,274130
"AU",78,263489,269663,274747,336076,308554,274130
"AU",79,263489,269663,274747,336076,308554,274130
"AU",80,263489,269663,274747,336076,308554,274130
"AU",81,263489,269663,274747,336076,308554,274130
"AU",82,263489,269663,274747,336076,308554,274130
"AU",83,263489,269663,274747,336076,308554,274130
"AU",84,263489,269663,274747,336076,308554,274130
"AU",85,263489,269663,274747,336076,308554,274130
"AU",86,263489,269663,274747,336076,308554,274130
"AU",87,263489,269663,274747,336076,308554,274130
"AU",88,263489,269663,274747,336076,308554,274130
"AU",89,263489,269663,274747,336076,308554,274130
"AU",90,263489,269663,274747,336076,308554,274130
"AU",91,1065018,1038787,962704,856989,662313,544797
"AU",92,1065018,1038787,962704,856989,662313,544797
"AU",93,1065018,1038787,962704,856989,662313,544797
"AU",94,1065018,1038787,962704,856989,662313,544797
"AU",95,1065018,1038787,962704,856989,662313,544797
"AU",96,1065018,1038787,962704,856989,662313,544797
"AU",97,1065018,1038787,962704,856989,662313,544797
"AU",98,1065018,1038787,962704,856989,662313,544797
"AU",99,1065018,1038787,962704,856989,662313,544797
"AU",100,6665094,4964915,3636886,1735251,970919,817131
"NZ",1,-28384,-22363,-12178,28094,85724,96850
"NZ",2,-28384,-22363,-12178,28094,85724,96850
"NZ",3,-28384,-22363,-12178,28094,85724,96850
"NZ",4,-28384,-22363,-12178,28094,85724,96850
"NZ",5,-28384,-22363,-12178,28094,85724,96850
"NZ",6,-28384,-22363,-12178,28094,85724,96850
"NZ",7,-28384,-22363,-12178,28094,85724,96850
"NZ",8,-28384,-22363,-12178,28094,85724,96850
"NZ",9,-28384,-22363,-12178,28094,85724,96850
"NZ",10,-28384,-22363,-12178,28094,85724,96850
"NZ",11,36993,47146,61061,98492,139815,139464
"NZ",12,36993,47146,61061,98492,139815,139464
"NZ",13,36993,47146,61061,98492,139815,139464
"NZ",14,36993,47146,61061,98492,139815,139464
"NZ",15,36993,47146,61061,98492,139815,139464
"NZ",16,36993,47146,61061,98492,139815,139464
"NZ",17,36993,47146,61061,98492,139815,139464
"NZ",18,36993,47146,61061,98492,139815,139464
"NZ",19,36993,47146,61061,98492,139815,139464
"NZ",20,36993,47146,61061,98492,139815,139464
"NZ",21,36993,47146,61061,98492,139815,139464
"NZ",22,36993,47146,61061,98492,139815,139464
"NZ",23,36993,47146,61061,98492,139815,139464
"NZ",24,36993,47146,61061,98492,139815,139464
"NZ",25,36993,47146,61061,98492,139815,139464
"NZ",26,36993,47146,61061,98492,139815,139464
"NZ",27,36993,47146,61061,98492,139815,139464
"NZ",28,36993,47146,61061,98492,139815,139464
"NZ",29,36993,47146,61061,98492,139815,139464
"NZ",30,36993,47146,61061,98492,139815,139464
"NZ",31,36993,47146,61061,98492,139815,139464
"NZ",32,36993,47146,61061,98492,139815,139464
"NZ",33,36993,47146,61061,98492,139815,139464
"NZ",34,36993,47146,61061,98492,139815,139464
"NZ",35,36993,47146,61061,98492,139815,139464
"NZ",36,36993,47146,61061,98492,139815,139464
"NZ",37,36993,47146,61061,98492,139815,139464
"NZ",38,36993,47146,61061,98492,139815,139464
"NZ",39,36993,47146,61061,98492,139815,139464
"NZ",40,36993,47146,61061,98492,139815,139464
"NZ",41,36993,47146,61061,98492,139815,139464
"NZ",42,36993,47146,61061,98492,139815,139464
"NZ",43,36993,47146,61061,98492,139815,139464
"NZ",44,36993,47146,61061,98492,139815,139464
"NZ",45,36993,47146,61061,98492,139815,139464
"NZ",46,36993,47146,61061,98492,139815,139464
"NZ",47,36993,47146,61061,98492,139815,139464
"NZ",48,36993,47146,61061,98492,139815,139464
"NZ",49,36993,47146,61061,98492,139815,139464
"NZ",50,36993,47146,61061,98492,139815,139464
"NZ",51,229139,242232,258653,284223,295025,270968
"NZ",52,229139,242232,258653,284223,295025,270968
"NZ",53,229139,242232,258653,284223,295025,270968
"NZ",54,229139,242232,258653,284223,295025,270968
"NZ",55,229139,242232,258653,284223,295025,270968
"NZ",56,229139,242232,258653,284223,295025,270968
"NZ",57,229139,242232,258653,284223,295025,270968
"NZ",58,229139,242232,258653,284223,295025,270968
"NZ",59,229139,242232,258653,284223,295025,270968
"NZ",60,229139,242232,258653,284223,295025,270968
"NZ",61,229139,242232,258653,284223,295025,270968
"NZ",62,229139,242232,258653,284223,295025,270968
"NZ",63,229139,242232,258653,284223,295025,270968
"NZ",64,229139,242232,258653,284223,295025,270968
"NZ",65,229139,242232,258653,284223,295025,270968
"NZ",66,229139,242232,258653,284223,295025,270968
"NZ",67,229139,242232,258653,284223,295025,270968
"NZ",68,229139,242232,258653,284223,295025,270968
"NZ",69,229139,242232,258653,284223,295025,270968
"NZ",70,229139,242232,258653,284223,295025,270968
"NZ",71,229139,242232,258653,284223,295025,270968
"NZ",72,229139,242232,258653,284223,295025,270968
"NZ",73,229139,242232,258653,284223,295025,270968
"NZ",74,229139,242232,258653,284223,295025,270968
"NZ",75,229139,242232,258653,284223,295025,270968
"NZ",76,229139,242232,258653,284223,295025,270968
"NZ",77,229139,242232,258653,284223,295025,270968
"NZ",78,229139,242232,258653,284223,295025,270968
"NZ",79,229139,242232,258653,284223,295025,270968
"NZ",80,229139,242232,258653,284223,295025,270968
"NZ",81,229139,242232,258653,284223,295025,270968
"NZ",82,229139,242232,258653,284223,295025,270968
"NZ",83,229139,242232,258653,284223,295025,270968
"NZ",84,229139,242232,258653,284223,295025,270968
"NZ",85,229139,242232,258653,284223,295025,270968
"NZ",86,229139,242232,258653,284223,295025,270968
"NZ",87,229139,242232,258653,284223,295025,270968
"NZ",88,229139,242232,258653,284223,295025,270968
"NZ",89,229139,242232,258653,284223,295025,270968
"NZ",90,229139,242232,258653,284223,295025,270968
"NZ",91,922452,940986,919072,784192,672853,570079
"NZ",92,922452,940986,919072,784192,672853,570079
"NZ",93,922452,940986,919072,784192,672853,570079
"NZ",94,922452,940986,919072,784192,672853,570079
"NZ",95,922452,940986,919072,784192,672853,570079
"NZ",96,922452,940986,919072,784192,672853,570079
"NZ",97,922452,940986,919072,784192,672853,570079
"NZ",98,922452,940986,919072,784192,672853,570079
"NZ",99,922452,940986,919072,784192,672853,570079
"NZ",100,5468974,4506723,3560973,1688457,1030856,883508
"OH",1,-3941,-3185,-1984,8292,66532,122331
"OH",2,-3941,-3185,-1984,8292,66532,122331
"OH",3,-3941,-3185,-1984,8292,66532,122331
"OH",4,-3941,-3185,-1984,8292,66532,122331
"OH",5,-3941,-3185,-1984,8292,66532,122331
"OH",6,-3941,-3185,-1984,8292,66532,122331
"OH",7,-3941,-3185,-1984,8292,66532,122331
"OH",8,-3941,-3185,-1984,8292,66532,122331
"OH",9,-3941,-3185,-1984,8292,66532,122331
"OH",10,-3941,-3185,-1984,8292,66532,122331
"OH",11,3539,4128,5475,17002,84168,148786
"OH",12,3539,4128,5475,17002,84168,148786
"OH",13,3539,4128,5475,17002,84168,148786
"OH",14,3539,4128,5475,17002,84168,148786
"OH",15,3539,4128,5475,17002,84168,148786
"OH",16,3539,4128,5475,17002,84168,148786
"OH",17,3539,4128,5475,17002,84168,148786
"OH",18,3539,4128,5475,17002,84168,148786
"OH",19,3539,4128,5475,17002,84168,148786
"OH",20,3539,4128,5475,17002,84168,148786
"OH",21,3539,4128,5475,17002,84168,148786
"OH",22,3539,4128,5475,17002,84168,148786
"OH",23,3539,4128,5475,17002,84168,148786
"OH",24,3539,4128,5475,17002,84168,148786
"OH",25,3539,4128,5475,17002,84168,148786
"OH",26,3539,4128,5475,17002,84168,148786
"OH",27,3539,4128,5475,17002,84168,148786
"OH",28,3539,4128,5475,17002,84168,148786
"OH",29,3539,4128,5475,17002,84168,148786
"OH",30,3539,4128,5475,17002,84168,148786
"OH",31,3539,4128,5475,17002,84168,148786
"OH",32,3539,4128,5475,17002,84168,148786
"OH",33,3539,4128,5475,17002,84168,148786
"OH",34,3539,4128,5475,17002,84168,148786
"OH",35,3539,4128,5475,17002,84168,148786
"OH",36,3539,4128,5475,17002,84168,148786
"OH",37,3539,4128,5475,17002,84168,148786
"OH",38,3539,4128,5475,17002,84168,148786
"OH",39,3539,4128,5475,17002,84168,148786
"OH",40,3539,4128,5475,17002,84168,148786
"OH",41,3539,4128,5475,17002,84168,148786
"OH",42,3539,4128,5475,17002,84168,148786
"OH",43,3539,4128,5475,17002,84168,148786
"OH",44,3539,4128,5475,17002,84168,148786
"OH",45,3539,4128,5475,17002,84168,148786
"OH",46,3539,4128,5475,17002,84168,148786
"OH",47,3539,4128,5475,17002,84168,148786
"OH",48,3539,4128,5475,17002,84168,148786
"OH",49,3539,4128,5475,17002,84168,148786
"OH",50,3539,4128,5475,17002,84168,148786
"OH",51,24687,26243,28880,47047,153380,257138
"OH",52,24687,26243,28880,47047,153380,257138
"OH",53,24687,26243,28880,47047,153380,257138
"OH",54,24687,26243,28880,47047,153380,257138
"OH",55,24687,26243,28880,47047,153380,257138
"OH",56,24687,26243,28880,47047,153380,257138
"OH",57,24687,26243,28880,47047,153380,257138
"OH",58,24687,26243,28880,47047,153380,257138
"OH",59,24687,26243,28880,47047,153380,257138
"OH",60,24687,26243,28880,47047,153380,257138
"OH",61,24687,26243,28880,47047,153380,257138
"OH",62,24687,26243,28880,47047,153380,257138
"OH",63,24687,26243,28880,47047,153380,257138
"OH",64,24687,26243,28880,47047,153380,257138
"OH",65,24687,26243,28880,47047,153380,257138
"OH",66,24687,26243,28880,47047,153380,257138
"OH",67,24687,26243,28880,47047,153380,257138
"OH",68,24687,26243,28880,47047,153380,257138
"OH",69,24687,26243,28880,47047,153380,257138
"OH",70,24687,26243,28880,47047,153380,257138
"OH",71,24687,26243,28880,47047,153380,257138
"OH",72,24687,26243,28880,47047,153380,257138
"OH",73,24687,26243,28880,47047,153380,257138
"OH",74,24687,26243,28880,47047,153380,257138
"OH",75,24687,26243,28880,47047,153380,257138
"OH",76,24687,26243,28880,47047,153380,257138
"OH",77,24687,26243,28880,47047,153380,257138
"OH",78,24687,26243,28880,47047,153380,257138
"OH",79,24687,26243,28880,47047,153380,257138
"OH",80,24687,26243,28880,47047,153380,257138
"OH",81,24687,26243,28880,47047,153380,257138
"OH",82,24687,26243,28880,47047,153380,257138
"OH",83,24687,26243,28880,47047,153380,257138
"OH",84,24687,26243,28880,47047,153380,257138
"OH",85,24687,26243,28880,47047,153380,257138
"OH",86,24687,26243,28880,47047,153380,257138
"OH",87,24687,26243,28880,47047,153380,257138
"OH",88,24687,26243,28880,47047,153380,257138
"OH",89,24687,26243,28880,47047,153380,257138
"OH",90,24687,26243,28880,47047,153380,257138
"OH",91,152152,168199,178436,203949,369264,522217
"OH",92,152152,168199,178436,203949,369264,522217
"OH",93,152152,168199,178436,203949,369264,522217
"OH",94,152152,168199,178436,203949,369264,522217
"OH",95,152152,168199,178436,203949,369264,522217
"OH",96,152152,168199,178436,203949,369264,522217
"OH",97,152152,168199,178436,203949,369264,522217
"OH",98,152152,168199,178436,203949,369264,522217
"OH",99,152152,168199,178436,203949,369264,522217
"OH",100,1771561,1652412,1467054,1056321,1127340,1239788
"AR",1,-5743,-3882,-526,21923,77961,121339
"AR",2,-5743,-3882,-526,21923,77961,121339
"AR",3,-5743,-3882,-526,21923,77961,121339
"AR",4,-5743,-3882,-526,21923,77961,121339
"AR",5,-5743,-3882,-526,21923,77961,121339
"AR",6,-5743,-3882,-526,21923,77961,121339
"AR",7,-5743,-3882,-526,21923,77961,121339
"AR",8,-5743,-3882,-526,21923,77961,121339
"AR",9,-5743,-3882,-526,21923,77961,121339
"AR",10,-5743,-3882,-526,21923,77961,121339
"AR",11,7064,9519,14653,39949,101252,150612
"AR",12,7064,9519,14653,39949,101252,150612
"AR",13,7064,9519,14653,39949,101252,150612
"AR",14,7064,9519,14653,39949,101252,150612
"AR",15,7064,9519,14653,39949,101252,150612
"AR",16,7064,9519,14653,39949,101252,150612
"AR",17,7064,9519,14653,39949,101252,150612
"AR",18,7064,9519,14653,39949,101252,150612
"AR",19,7064,9519,14653,39949,101252,150612
"AR",20,7064,9519,14653,39949,101252,150612
"AR",21,7064,9519,14653,39949,101252,150612
"AR",22,7064,9519,14653,39949,101252,150612
"AR",23,7064,9519,14653,39949,101252,150612
"AR",24,7064,9519,14653,39949,101252,150612
"AR",25,7064,9519,14653,39949,101252,150612
"AR",26,7064,9519,14653,39949,101252,150612
"AR",27,7064,9519,14653,39949,101252,150612
"AR",28,7064,9519,14653,39949,101252,150612
"AR",29,7064,9519,14653,39949,101252,150612
"AR",30,7064,9519,14653,39949,101252,150612
"AR",31,7064,9519,14653,39949,101252,150612
"AR",32,7064,9519,14653,39949,101252,150612
"AR",33,7064,9519,14653,39949,101252,150612
"AR",34,7064,9519,14653,39949,101252,150612
"AR",35,7064,9519,14653,39949,101252,150612
"AR",36,7064,9519,14653,39949,101252,150612
"AR",37,7064,9519,14653,39949,101252,150612
"AR",38,7064,9519,14653,39949,101252,150612
"AR",39,7064,9519,14653,39949,101252,150612
"AR",40,7064,9519,14653,39949,101252,150612
"AR",41,7064,9519,14653,39949,101252,150612
"AR",42,7064,9519,14653,39949,101252,150612
"AR",43,7064,9519,14653,39949,101252,150612
"AR",44,7064,9519,14653,39949,101252,150612
"AR",45,7064,9519,14653,39949,101252,150612
"AR",46,7064,9519,14653,39949,101252,150612
"AR",47,7064,9519,14653,39949,101252,150612
"AR",48,7064,9519,14653,39949,101252,150612
"AR",49,7064,9519,14653,39949,101252,150612
"AR",50,7064,9519,14653,39949,101252,150612
"AR",51,44548,50230,60443,96092,184576,262615
"AR",52,44548,50230,60443,96092,184576,262615
"AR",53,44548,50230,60443,96092,184576,262615
"AR",54,44548,50230,60443,96092,184576,262615
"AR",55,44548,50230,60443,96092,184576,262615
"AR",56,44548,50230,60443,96092,184576,262615
"AR",57,44548,50230,60443,96092,184576,262615
"AR",58,44548,50230,60443,96092,184576,262615
"AR",59,44548,50230,60443,96092,184576,262615
"AR",60,44548,50230,60443,96092,184576,262615
"AR",61,44548,50230,60443,96092,184576,262615
"AR",62,44548,50230,60443,96092,184576,262615
"AR",63,44548,50230,60443,96092,184576,262615
"AR",64,44548,50230,60443,96092,184576,262615
"AR",65,44548,50230,60443,96092,184576,262615
"AR",66,44548,50230,60443,96092,184576,262615
"AR",67,44548,50230,60443,96092,184576,262615
"AR",68,44548,50230,60443,96092,184576,262615
"AR",69,44548,50230,60443,96092,184576,262615
"AR",70,44548,50230,60443,96092,184576,262615
"AR",71,44548,50230,60443,96092,184576,262615
"AR",72,44548,50230,60443,96092,184576,262615
"AR",73,44548,50230,60443,96092,184576,262615
"AR",74,44548,50230,60443,96092,184576,262615
"AR",75,44548,50230,60443,96092,184576,262615
"AR",76,44548,50230,60443,96092,184576,262615
"AR",77,44548,50230,60443,96092,184576,262615
"AR",78,44548,50230,60443,96092,184576,262615
"AR",79,44548,50230,60443,96092,184576,262615
"AR",80,44548,50230,60443,96092,184576,262615
"AR",81,44548,50230,60443,96092,184576,262615
"AR",82,44548,50230,60443,96092,184576,262615
"AR",83,44548,50230,60443,96092,184576,262615
"AR",84,44548,50230,60443,96092,184576,262615
"AR",85,44548,50230,60443,96092,184576,262615
"AR",86,44548,50230,60443,96092,184576,262615
"AR",87,44548,50230,60443,96092,184576,262615
"AR",88,44548,50230,60443,96092,184576,262615
"AR",89,44548,50230,60443,96092,184576,262615
"AR",90,44548,50230,60443,96092,184576,262615
"AR",91,191253,230703,264171,297416,399865,512297
"AR",92,191253,230703,264171,297416,399865,512297
"AR",93,191253,230703,264171,297416,399865,512297
"AR",94,191253,230703,264171,297416,399865,512297
"AR",95,191253,230703,264171,297416,399865,512297
"AR",96,191253,230703,264171,297416,399865,512297
"AR",97,191253,230703,264171,297416,399865,512297
"AR",98,191253,230703,264171,297416,399865,512297
"AR",99,191253,230703,264171,297416,399865,512297
"AR",100,1294877,1389843,1350558,971375,925717,1046860
"BR",1,-8162,-6742,-4559,12842,69846,116348
"BR",2,-8162,-6742,-4559,12842,69846,116348
"BR",3,-8162,-6742,-4559,12842,69846,116348
"BR",4,-8162,-6742,-4559,12842,69846,116348
"BR",5,-8162,-6742,-4559,12842,69846,116348
"BR",6,-8162,-6742,-4559,12842,69846,116348
"BR",7,-8162,-6742,-4559,12842,69846,116348
"BR",8,-8162,-6742,-4559,12842,69846,116348
"BR",9,-8162,-6742,-4559,12842,69846,116348
"BR",10,-8162,-6742,-4559,12842,69846,116348
"BR",11,4399,5713,8332,28089,92140,145125
"BR",12,4399,5713,8332,28089,92140,145125
"BR",13,4399,5713,8332,28089,92140,145125
"BR",14,4399,5713,8332,28089,92140,145125
"BR",15,4399,5713,8332,28089,92140,145125
"BR",16,4399,5713,8332,28089,92140,145125
"BR",17,4399,5713,8332,28089,92140,145125
"BR",18,4399,5713,8332,28089,92140,145125
"BR",19,4399,5713,8332,28089,92140,145125
"BR",20,4399,5713,8332,28089,92140,145125
"BR",21,4399,5713,8332,28089,92140,145125
"BR",22,4399,5713,8332,28089,92140,145125
"BR",23,4399,5713,8332,28089,92140,145125
"BR",24,4399,5713,8332,28089,92140,145125
"BR",25,4399,5713,8332,28089,92140,145125
"BR",26,4399,5713,8332,28089,92140,145125
"BR",27,4399,5713,8332,28089,92140,145125
"BR",28,4399,5713,8332,28089,92140,145125
"BR",29,4399,5713,8332,28089,92140,145125
"BR",30,4399,5713,8332,28089,92140,145125
"BR",31,4399,5713,8332,28089,92140,145125
"BR",32,4399,5713,8332,28089,92140,145125
"BR",33,4399,5713,8332,28089,92140,145125
"BR",34,4399,5713,8332,28089,92140,145125
"BR",35,4399,5713,8332,28089,92140,145125
"BR",36,4399,5713,8332,28089,92140,145125
"BR",37,4399,5713,8332,28089,92140,145125
"BR",38,4399,5713,8332,28089,92140,145125
"BR",39,4399,5713,8332,28089,92140,145125
"BR",40,4399,5713,8332,28089,92140,145125
"BR",41,4399,5713,8332,28089,92140,145125
"BR",42,4399,5713,8332,28089,92140,145125
"BR",43,4399,5713,8332,28089,92140,145125
"BR",44,4399,5713,8332,28089,92140,145125
"BR",45,4399,5713,8332,28089,92140,145125
"BR",46,4399,5713,8332,28089,92140,145125
"BR",47,4399,5713,8332,28089,92140,145125
"BR",48,4399,5713,8332,28089,92140,145125
"BR",49,4399,5713,8332,28089,92140,145125
"BR",50,4399,5713,8332,28089,92140,145125
"BR",51,30235,33046,37886,68561,166814,251240
"BR",52,30235,33046,37886,68561,166814,251240
"BR",53,30235,33046,37886,68561,166814,251240
"BR",54,30235,33046,37886,68561,166814,251240
"BR",55,30235,33046,37886,68561,166814,251240
"BR",56,30235,33046,37886,68561,166814,251240
"BR",57,30235,33046,37886,68561,166814,251240
"BR",58,30235,33046,37886,68561,166814,251240
"BR",59,30235,33046,37886,68561,166814,251240
"BR",60,30235,33046,37886,68561,166814,251240
"BR",61,30235,33046,37886,68561,166814,251240
"BR",62,30235,33046,37886,68561,166814,251240
"BR",63,30235,33046,37886,68561,166814,251240
"BR",64,30235,33046,37886,68561,166814,251240
"BR",65,30235,33046,37886,68561,166814,251240
"BR",66,30235,33046,37886,68561,166814,251240
"BR",67,30235,33046,37886,68561,166814,251240
"BR",68,30235,33046,37886,68561,166814,251240
"BR",69,30235,33046,37886,68561,166814,251240
"BR",70,30235,33046,37886,68561,166814,251240
"BR",71,30235,33046,37886,68561,166814,251240
"BR",72,30235,33046,37886,68561,166814,251240
"BR",73,30235,33046,37886,68561,166814,251240
"BR",74,30235,33046,37886,68561,166814,251240
"BR",75,30235,33046,37886,68561,166814,251240
"BR",76,30235,33046,37886,68561,166814,251240
"BR",77,30235,33046,37886,68561,166814,251240
"BR",78,30235,33046,37886,68561,166814,251240
"BR",79,30235,33046,37886,68561,166814,251240
"BR",80,30235,33046,37886,68561,166814,251240
"BR",81,30235,33046,37886,68561,166814,251240
"BR",82,30235,33046,37886,68561,166814,251240
"BR",83,30235,33046,37886,68561,166814,251240
"BR",84,30235,33046,37886,68561,166814,251240
"BR",85,30235,33046,37886,68561,166814,251240
"BR",86,30235,33046,37886,68561,166814,251240
"BR",87,30235,33046,37886,68561,166814,251240
"BR",88,30235,33046,37886,68561,166814,251240
"BR",89,30235,33046,37886,68561,166814,251240
"BR",90,30235,33046,37886,68561,166814,251240
"BR",91,167301,207558,238330,306950,451923,567214
"BR",92,167301,207558,238330,306950,451923,567214
"BR",93,167301,207558,238330,306950,451923,567214
"BR",94,167301,207558,238330,306950,451923,567214
"BR",95,167301,207558,238330,306950,451923,567214
"BR",96,167301,207558,238330,306950,451923,567214
"BR",97,167301,207558,238330,306950,451923,567214
"BR",98,167301,207558,238330,306950,451923,567214
"BR",99,167301,207558,238330,306950,451923,567214
"BR",100,1830915,1676107,1503869,1134355,1160947,1277020
"CL",1,-14288,-11062,-7053,20332,78182,112980
"CL",2,-14288,-11062,-7053,20332,78182,112980
"CL",3,-14288,-11062,-7053,20332,78182,112980
"CL",4,-14288,-11062,-7053,20332,78182,112980
"CL",5,-14288,-11062,-7053,20332,78182,112980
"CL",6,-14288,-11062,-7053,20332,78182,112980
"CL",7,-14288,-11062,-7053,20332,78182,112980
"CL",8,-14288,-11062,-7053,20332,78182,112980
"CL",9,-14288,-11062,-7053,20332,78182,112980
"CL",10,-14288,-11062,-7053,20332,78182,112980
"CL",11,7618,9681,13414,43056,104482,143063
"CL",12,7618,9681,13414,43056,104482,143063
"CL",13,7618,9681,13414,43056,104482,143063
"CL",14,7618,9681,13414,43056,104482,143063
"CL",15,7618,9681,13414,43056,104482,143063
"CL",16,7618,9681,13414,43056,104482,143063
"CL",17,7618,9681,13414,43056,104482,143063
"CL",18,7618,9681,13414,43056,104482,143063
"CL",19,7618,9681,13414,43056,104482,143063
"CL",20,7618,9681,13414,43056,104482,143063
"CL",21,7618,9681,13414,43056,104482,143063
"CL",22,7618,9681,13414,43056,104482,143063
"CL",23,7618,9681,13414,43056,104482,143063
"CL",24,7618,9681,13414,43056,104482,143063
"CL",25,7618,9681,13414,43056,104482,143063
"CL",26,7618,9681,13414,43056,104482,143063
"CL",27,7618,9681,13414,43056,104482,143063
"CL",28,7618,9681,13414,43056,104482,143063
"CL",29,7618,9681,13414,43056,104482,143063
"CL",30,7618,9681,13414,43056,104482,143063
"CL",31,7618,9681,13414,43056,104482,143063
"CL",32,7618,9681,13414,43056,104482,143063
"CL",33,7618,9681,13414,43056,104482,143063
"CL",34,7618,9681,13414,43056,104482,143063
"CL",35,7618,9681,13414,43056,104482,143063
"CL",36,7618,9681,13414,43056,104482,143063
"CL",37,7618,9681,13414,43056,104482,143063
"CL",38,7618,9681,13414,43056,104482,143063
"CL",39,7618,9681,13414,43056,104482,143063
"CL",40,7618,9681,13414,43056,104482,143063
"CL",41,7618,9681,13414,43056,104482,143063
"CL",42,7618,9681,13414,43056,104482,143063
"CL",43,7618,9681,13414,43056,104482,143063
"CL",44,7618,9681,13414,43056,104482,143063
"CL",45,7618,9681,13414,43056,104482,143063
"CL",46,7618,9681,13414,43056,104482,143063
"CL",47,7618,9681,13414,43056,104482,143063
"CL",48,7618,9681,13414,43056,104482,143063
"CL",49,7618,9681,13414,43056,104482,143063
"CL",50,7618,9681,13414,43056,104482,143063
"CL",51,52407,55721,61183,104970,192732,252291
"CL",52,52407,55721,61183,104970,192732,252291
"CL",53,52407,55721,61183,104970,192732,252291
"CL",54,52407,55721,61183,104970,192732,252291
"CL",55,52407,55721,61183,104970,192732,252291
"CL",56,52407,55721,61183,104970,192732,252291
"CL",57,52407,55721,61183,104970,192732,252291
"CL",58,52407,55721,61183,104970,192732,252291
"CL",59,52407,55721,61183,104970,192732,252291
"CL",60,52407,55721,61183,104970,192732,252291
"CL",61,52407,55721,61183,104970,192732,252291
"CL",62,52407,55721,61183,104970,192732,252291
"CL",63,52407,55721,61183,104970,192732,252291
"CL",64,52407,55721,61183,104970,192732,252291
"CL",65,52407,55721,61183,104970,192732,252291
"CL",66,52407,55721,61183,104970,192732,252291
"CL",67,52407,55721,61183,104970,192732,252291
"CL",68,52407,55721,61183,104970,192732,252291
"CL",69,52407,55721,61183,104970,192732,252291
"CL",70,52407,55721,61183,104970,192732,252291
"CL",71,52407,55721,61183,104970,192732,252291
"CL",72,52407,55721,61183,104970,192732,252291
"CL",73,52407,55721,61183,104970,192732,252291
"CL",74,52407,55721,61183,104970,192732,252291
"CL",75,52407,55721,61183,104970,192732,252291
"CL",76,52407,55721,61183,104970,192732,252291
"CL",77,52407,55721,61183,104970,192732,252291
"CL",78,52407,55721,61183,104970,192732,252291
"CL",79,52407,55721,61183,104970,192732,252291
"CL",80,52407,55721,61183,104970,192732,252291
"CL",81,52407,55721,61183,104970,192732,252291
"CL",82,52407,55721,61183,104970,192732,252291
"CL",83,52407,55721,61183,104970,192732,252291
"CL",84,52407,55721,61183,104970,192732,252291
"CL",85,52407,55721,61183,104970,192732,252291
"CL",86,52407,55721,61183,104970,192732,252291
"CL",87,52407,55721,61183,104970,192732,252291
"CL",88,52407,55721,61183,104970,192732,252291
"CL",89,52407,55721,61183,104970,192732,252291
"CL",90,52407,55721,61183,104970,192732,252291
"CL",91,290717,341785,369214,440919,520488,585898
"CL",92,290717,341785,369214,440919,520488,585898
"CL",93,290717,341785,369214,440919,520488,585898
"CL",94,290717,341785,369214,440919,520488,585898
"CL",95,290717,341785,369214,440919,520488,585898
"CL",96,290717,341785,369214,440919,520488,585898
"CL",97,290717,341785,369214,440919,520488,585898
"CL",98,290717,341785,369214,440919,520488,585898
"CL",99,290717,341785,369214,440919,520488,585898
"CL",100,3189980,2623801,2116568,1330180,1121487,1182956
"CO",1,-7353,-5713,-3190,14709,71900,117610
"CO",2,-7353,-5713,-3190,14709,71900,117610
"CO",3,-7353,-5713,-3190,14709,71900,117610
"CO",4,-7353,-5713,-3190,14709,71900,117610
"CO",5,-7353,-5713,-3190,14709,71900,117610
"CO",6,-7353,-5713,-3190,14709,71900,117610
"CO",7,-7353,-5713,-3190,14709,71900,117610
"CO",8,-7353,-5713,-3190,14709,71900,117610
"CO",9,-7353,-5713,-3190,14709,71900,117610
"CO",10,-7353,-5713,-3190,14709,71900,117610
"CO",11,3868,5412,8603,28592,92844,145336
"CO",12,3868,5412,8603,28592,92844,145336
"CO",13,3868,5412,8603,28592,92844,145336
"CO",14,3868,5412,8603,28592,92844,145336
"CO",15,3868,5412,8603,28592,92844,145336
"CO",16,3868,5412,8603,28592,92844,145336
"CO",17,3868,5412,8603,28592,92844,145336
"CO",18,3868,5412,8603,28592,92844,145336
"CO",19,3868,5412,8603,28592,92844,145336
"CO",20,3868,5412,8603,28592,92844,145336
"CO",21,3868,5412,8603,28592,92844,145336
"CO",22,3868,5412,8603,28592,92844,145336
"CO",23,3868,5412,8603,28592,92844,145336
"CO",24,3868,5412,8603,28592,92844,145336
"CO",25,3868,5412,8603,28592,92844,145336
"CO",26,3868,5412,8603,28592,92844,145336
"CO",27,3868,5412,8603,28592,92844,145336
"CO",28,3868,5412,8603,28592,92844,145336
"CO",29,3868,5412,8603,28592,92844,145336
"CO",30,3868,5412,8603,28592,92844,145336
"CO",31,3868,5412,8603,28592,92844,145336
"CO",32,3868,5412,8603,28592,92844,145336
"CO",33,3868,5412,8603,28592,92844,145336
"CO",34,3868,5412,8603,28592,92844,145336
"CO",35,3868,5412,8603,28592,92844,145336
"CO",36,3868,5412,8603,28592,92844,145336
"CO",37,3868,5412,8603,28592,92844,145336
"CO",38,3868,5412,8603,28592,92844,145336
"CO",39,3868,5412,8603,28592,92844,145336
"CO",40,3868,5412,8603,28592,92844,145336
"CO",41,3868,5412,8603,28592,92844,145336
"CO",42,3868,5412,8603,28592,92844,145336
"CO",43,3868,5412,8603,28592,92844,145336
"CO",44,3868,5412,8603,28592,92844,145336
"CO",45,3868,5412,8603,28592,92844,145336
"CO",46,3868,5412,8603,28592,92844,145336
"CO",47,3868,5412,8603,28592,92844,145336
"CO",48,3868,5412,8603,28592,92844,145336
"CO",49,3868,5412,8603,28592,92844,145336
"CO",50,3868,5412,8603,28592,92844,145336
"CO",51,26645,32372,40604,74031,173241,256874
"CO",52,26645,32372,40604,74031,173241,256874
"CO",53,26645,32372,40604,74031,173241,256874
"CO",54,26645,32372,40604,74031,173241,256874
"CO",55,26645,32372,40604,74031,173241,256874
"CO",56,26645,32372,40604,74031,173241,256874
"CO",57,26645,32372,40604,74031,173241,256874
"CO",58,26645,32372,40604,74031,173241,256874
"CO",59,26645,32372,40604,74031,173241,256874
"CO",60,26645,32372,40604,74031,173241,256874
"CO",61,26645,32372,40604,74031,173241,256874
"CO",62,26645,32372,40604,74031,173241,256874
"CO",63,26645,32372,40604,74031,173241,256874
"CO",64,26645,32372,40604,74031,173241,256874
"CO",65,26645,32372,40604,74031,173241,256874
"CO",66,26645,32372,40604,74031,173241,256874
"CO",67,26645,32372,40604,74031,173241,256874
"CO",68,26645,32372,40604,74031,173241,256874
"CO",69,26645,32372,40604,74031,173241,256874
"CO",70,26645,32372,40604,74031,173241,256874
"CO",71,26645,32372,40604,74031,173241,256874
"CO",72,26645,32372,40604,74031,173241,256874
"CO",73,26645,32372,40604,74031,173241,256874
"CO",74,26645,32372,40604,74031,173241,256874
"CO",75,26645,32372,40604,74031,173241,256874
"CO",76,26645,32372,40604,74031,173241,256874
"CO",77,26645,32372,40604,74031,173241,256874
"CO",78,26645,32372,40604,74031,173241,256874
"CO",79,26645,32372,40604,74031,173241,256874
"CO",80,26645,32372,40604,74031,173241,256874
"CO",81,26645,32372,40604,74031,173241,256874
"CO",82,26645,32372,40604,74031,173241,256874
"CO",83,26645,32372,40604,74031,173241,256874
"CO",84,26645,32372,40604,74031,173241,256874
"CO",85,26645,32372,40604,74031,173241,256874
"CO",86,26645,32372,40604,74031,173241,256874
"CO",87,26645,32372,40604,74031,173241,256874
"CO",88,26645,32372,40604,74031,173241,256874
"CO",89,26645,32372,40604,74031,173241,256874
"CO",90,26645,32372,40604,74031,173241,256874
"CO",91,148261,199207,240110,302259,441481,559889
"CO",92,148261,199207,240110,302259,441481,559889
"CO",93,148261,199207,240110,302259,441481,559889
"CO",94,148261,199207,240110,302259,441481,559889
"CO",95,148261,199207,240110,302259,441481,559889
"CO",96,148261,199207,240110,302259,441481,559889
"CO",97,148261,199207,240110,302259,441481,559889
"CO",98,148261,199207,240110,302259,441481,559889
"CO",99,148261,199207,240110,302259,441481,559889
"CO",100,1601842,1420446,1257993,926709,964699,1096477
"MX",1,-7336,-5372,-2758,14833,69231,121764
"MX",2,-7336,-5372,-2758,14833,69231,121764
"MX",3,-7336,-5372,-2758,14833,69231,121764
"MX",4,-7336,-5372,-2758,14833,69231,121764
"MX",5,-7336,-5372,-2758,14833,69231,121764
"MX",6,-7336,-5372,-2758,14833,69231,121764
"MX",7,-7336,-5372,-2758,14833,69231,121764
"MX",8,-7336,-5372,-2758,14833,69231,121764
"MX",9,-7336,-5372,-2758,14833,69231,121764
"MX",10,-7336,-5372,-2758,14833,69231,121764
"MX",11,3970,5043,7758,26500,87423,148380
"MX",12,3970,5043,7758,26500,87423,148380
"MX",13,3970,5043,7758,26500,87423,148380
"MX",14,3970,5043,7758,26500,87423,148380
"MX",15,3970,5043,7758,26500,87423,148380
"MX",16,3970,5043,7758,26500,87423,148380
"MX",17,3970,5043,7758,26500,87423,148380
"MX",18,3970,5043,7758,26500,87423,148380
"MX",19,3970,5043,7758,26500,87423,148380
"MX",20,3970,5043,7758,26500,87423,148380
"MX",21,3970,5043,7758,26500,87423,148380
"MX",22,3970,5043,7758,26500,87423,148380
"MX",23,3970,5043,7758,26500,87423,148380
"MX",24,3970,5043,7758,26500,87423,148380
"MX",25,3970,5043,7758,26500,87423,148380
"MX",26,3970,5043,7758,26500,87423,148380
"MX",27,3970,5043,7758,26500,87423,148380
"MX",28,3970,5043,7758,26500,87423,148380
"MX",29,3970,5043,7758,26500,87423,148380
"MX",30,3970,5043,7758,26500,87423,148380
"MX",31,3970,5043,7758,26500,87423,148380
"MX",32,3970,5043,7758,26500,87423,148380
"MX",33,3970,5043,7758,26500,87423,148380
"MX",34,3970,5043,7758,26500,87423,148380
"MX",35,3970,5043,7758,26500,87423,148380
"MX",36,3970,5043,7758,26500,87423,148380
"MX",37,3970,5043,7758,26500,87423,148380
"MX",38,3970,5043,7758,26500,87423,148380
"MX",39,3970,5043,7758,26500,87423,148380
"MX",40,3970,5043,7758,26500,87423,148380
"MX",41,3970,5043,7758,26500,87423,148380
"MX",42,3970,5043,7758,26500,87423,148380
"MX",43,3970,5043,7758,26500,87423,148380
"MX",44,3970,5043,7758,26500,87423,148380
"MX",45,3970,5043,7758,26500,87423,148380
"MX",46,3970,5043,7758,26500,87423,148380
"MX",47,3970,5043,7758,26500,87423,148380
"MX",48,3970,5043,7758,26500,87423,148380
"MX",49,3970,5043,7758,26500,87423,148380
"MX",50,3970,5043,7758,26500,87423,148380
"MX",51,27277,30278,36140,64806,157936,256552
"MX",52,27277,30278,36140,64806,157936,256552
"MX",53,27277,30278,36140,64806,157936,256552
"MX",54,27277,30278,36140,64806,157936,256552
"MX",55,27277,30278,36140,64806,157936,256552
"MX",56,27277,30278,36140,64806,157936,256552
"MX",57,27277,30278,36140,64806,157936,256552
"MX",58,27277,30278,36140,64806,157936,256552
"MX",59,27277,30278,36140,64806,157936,256552
"MX",60,27277,30278,36140,64806,157936,256552
"MX",61,27277,30278,36140,64806,157936,256552
"MX",62,27277,30278,36140,64806,157936,256552
"MX",63,27277,30278,36140,64806,157936,256552
"MX",64,27277,30278,36140,64806,157936,256552
"MX",65,27277,30278,36140,64806,157936,256552
"MX",66,27277,30278,36140,64806,157936,256552
"MX",67,27277,30278,36140,64806,157936,256552
"MX",68,27277,30278,36140,64806,157936,256552
"MX",69,27277,30278,36140,64806,157936,256552
"MX",70,27277,30278,36140,64806,157936,256552
"MX",71,27277,30278,36140,64806,157936,256552
"MX",72,27277,30278,36140,64806,157936,256552
"MX",73,27277,30278,36140,64806,157936,256552
"MX",74,27277,30278,36140,64806,157936,256552
"MX",75,27277,30278,36140,64806,157936,256552
"MX",76,27277,30278,36140,64806,157936,256552
"MX",77,27277,30278,36140,64806,157936,256552
"MX",78,27277,30278,36140,64806,157936,256552
"MX",79,27277,30278,36140,64806,157936,256552
"MX",80,27277,30278,36140,64806,157936,256552
"MX",81,27277,30278,36140,64806,157936,256552
"MX",82,27277,30278,36140,64806,157936,256552
"MX",83,27277,30278,36140,64806,157936,256552
"MX",84,27277,30278,36140,64806,157936,256552
"MX",85,27277,30278,36140,64806,157936,256552
"MX",86,27277,30278,36140,64806,157936,256552
"MX",87,27277,30278,36140,64806,157936,256552
"MX",88,27277,30278,36140,64806,157936,256552
"MX",89,27277,30278,36140,64806,157936,256552
"MX",90,27277,30278,36140,64806,157936,256552
"MX",91,150790,192128,222904,263041,386759,535458
"MX",92,150790,192128,222904,263041,386759,535458
"MX",93,150790,192128,222904,263041,386759,535458
"MX",94,150790,192128,222904,263041,386759,535458
"MX",95,150790,192128,222904,263041,386759,535458
"MX",96,150790,192128,222904,263041,386759,535458
"MX",97,150790,192128,222904,263041,386759,535458
"MX",98,150790,192128,222904,263041,386759,535458
"MX",99,150790,192128,222904,263041,386759,535458
"MX",100,1675023,1549258,1393699,984382,983022,1165967
"OD",1,-3436,-2787,-1276,18927,77487,116566
"OD",2,-3436,-2787,-1276,18927,77487,116566
"OD",3,-3436,-2787,-1276,18927,77487,116566
"OD",4,-3436,-2787,-1276,18927,77487,116566
"OD",5,-3436,-2787,-1276,18927,77487,116566
"OD",6,-3436,-2787,-1276,18927,77487,116566
"OD",7,-3436,-2787,-1276,18927,77487,116566
"OD",8,-3436,-2787,-1276,18927,77487,116566
"OD",9,-3436,-2787,-1276,18927,77487,116566
"OD",10,-3436,-2787,-1276,18927,77487,116566
"OD",11,2391,3439,6004,31305,98702,143321
"OD",12,2391,3439,6004,31305,98702,143321
"OD",13,2391,3439,6004,31305,98702,143321
"OD",14,2391,3439,6004,31305,98702,143321
"OD",15,2391,3439,6004,31305,98702,143321
"OD",16,2391,3439,6004,31305,98702,143321
"OD",17,2391,3439,6004,31305,98702,143321
"OD",18,2391,3439,6004,31305,98702,143321
"OD",19,2391,3439,6004,31305,98702,143321
"OD",20,2391,3439,6004,31305,98702,143321
"OD",21,2391,3439,6004,31305,98702,143321
"OD",22,2391,3439,6004,31305,98702,143321
"OD",23,2391,3439,6004,31305,98702,143321
"OD",24,2391,3439,6004,31305,98702,143321
"OD",25,2391,3439,6004,31305,98702,143321
"OD",26,2391,3439,6004,31305,98702,143321
"OD",27,2391,3439,6004,31305,98702,143321
"OD",28,2391,3439,6004,31305,98702,143321
"OD",29,2391,3439,6004,31305,98702,143321
"OD",30,2391,3439,6004,31305,98702,143321
"OD",31,2391,3439,6004,31305,98702,143321
"OD",32,2391,3439,6004,31305,98702,143321
"OD",33,2391,3439,6004,31305,98702,143321
"OD",34,2391,3439,6004,31305,98702,143321
"OD",35,2391,3439,6004,31305,98702,143321
"OD",36,2391,3439,6004,31305,98702,143321
"OD",37,2391,3439,6004,31305,98702,143321
"OD",38,2391,3439,6004,31305,98702,143321
"OD",39,2391,3439,6004,31305,98702,143321
"OD",40,2391,3439,6004,31305,98702,143321
"OD",41,2391,3439,6004,31305,98702,143321
"OD",42,2391,3439,6004,31305,98702,143321
"OD",43,2391,3439,6004,31305,98702,143321
"OD",44,2391,3439,6004,31305,98702,143321
"OD",45,2391,3439,6004,31305,98702,143321
"OD",46,2391,3439,6004,31305,98702,143321
"OD",47,2391,3439,6004,31305,98702,143321
"OD",48,2391,3439,6004,31305,98702,143321
"OD",49,2391,3439,6004,31305,98702,143321
"OD",50,2391,3439,6004,31305,98702,143321
"OD",51,19964,25056,33216,82560,189077,257987
"OD",52,19964,25056,33216,82560,189077,257987
"OD",53,19964,25056,33216,82560,189077,257987
"OD",54,19964,25056,33216,82560,189077,257987
"OD",55,19964,25056,33216,82560,189077,257987
"OD",56,19964,25056,33216,82560,189077,257987
"OD",57,19964,25056,33216,82560,189077,257987
"OD",58,19964,25056,33216,82560,189077,257987
"OD",59,19964,25056,33216,82560,189077,257987
"OD",60,19964,25056,33216,82560,189077,257987
"OD",61,19964,25056,33216,82560,189077,257987
"OD",62,19964,25056,33216,82560,189077,257987
"OD",63,19964,25056,33216,82560,189077,257987
"OD",64,19964,25056,33216,82560,189077,257987
"OD",65,19964,25056,33216,82560,189077,257987
"OD",66,19964,25056,33216,82560,189077,257987
"OD",67,19964,25056,33216,82560,189077,257987
"OD",68,19964,25056,33216,82560,189077,257987
"OD",69,19964,25056,33216,82560,189077,257987
"OD",70,19964,25056,33216,82560,189077,257987
"OD",71,19964,25056,33216,82560,189077,257987
"OD",72,19964,25056,33216,82560,189077,257987
"OD",73,19964,25056,33216,82560,189077,257987
"OD",74,19964,25056,33216,82560,189077,257987
"OD",75,19964,25056,33216,82560,189077,257987
"OD",76,19964,25056,33216,82560,189077,257987
"OD",77,19964,25056,33216,82560,189077,257987
"OD",78,19964,25056,33216,82560,189077,257987
"OD",79,19964,25056,33216,82560,189077,257987
"OD",80,19964,25056,33216,82560,189077,257987
"OD",81,19964,25056,33216,82560,189077,257987
"OD",82,19964,25056,33216,82560,189077,257987
"OD",83,19964,25056,33216,82560,189077,257987
"OD",84,19964,25056,33216,82560,189077,257987
"OD",85,19964,25056,33216,82560,189077,257987
"OD",86,19964,25056,33216,82560,189077,257987
"OD",87,19964,25056,33216,82560,189077,257987
"OD",88,19964,25056,33216,82560,189077,257987
"OD",89,19964,25056,33216,82560,189077,257987
"OD",90,19964,25056,33216,82560,189077,257987
"OD",91,111505,149081,186132,300947,463978,552486
"OD",92,111505,149081,186132,300947,463978,552486
"OD",93,111505,149081,186132,300947,463978,552486
"OD",94,111505,149081,186132,300947,463978,552486
"OD",95,111505,149081,186132,300947,463978,552486
"OD",96,111505,149081,186132,300947,463978,552486
"OD",97,111505,149081,186132,300947,463978,552486
"OD",98,111505,149081,186132,300947,463978,552486
"OD",99,111505,149081,186132,300947,463978,552486
"OD",100,955158,1062758,1105147,1101120,1152971,1209636
"AE",1,-21466,-17827,-10327,65779,113888,103958
"AE",2,-21466,-17827,-10327,65779,113888,103958
"AE",3,-21466,-17827,-10327,65779,113888,103958
"AE",4,-21466,-17827,-10327,65779,113888,103958
"AE",5,-21466,-17827,-10327,65779,113888,103958
"AE",6,-21466,-17827,-10327,65779,113888,103958
"AE",7,-21466,-17827,-10327,65779,113888,103958
"AE",8,-21466,-17827,-10327,65779,113888,103958
"AE",9,-21466,-17827,-10327,65779,113888,103958
"AE",10,-21466,-17827,-10327,65779,113888,103958
"AE",11,24187,30860,42926,135446,164418,139316
"AE",12,24187,30860,42926,135446,164418,139316
"AE",13,24187,30860,42926,135446,164418,139316
"AE",14,24187,30860,42926,135446,164418,139316
"AE",15,24187,30860,42926,135446,164418,139316
"AE",16,24187,30860,42926,135446,164418,139316
"AE",17,24187,30860,42926,135446,164418,139316
"AE",18,24187,30860,42926,135446,164418,139316
"AE",19,24187,30860,42926,135446,164418,139316
"AE",20,24187,30860,42926,135446,164418,139316
"AE",21,24187,30860,42926,135446,164418,139316
"AE",22,24187,30860,42926,135446,164418,139316
"AE",23,24187,30860,42926,135446,164418,139316
"AE",24,24187,30860,42926,135446,164418,139316
"AE",25,24187,30860,42926,135446,164418,139316
"AE",26,24187,30860,42926,135446,164418,139316
"AE",27,24187,30860,42926,135446,164418,139316
"AE",28,24187,30860,42926,135446,164418,139316
"AE",29,24187,30860,42926,135446,164418,139316
"AE",30,24187,30860,42926,135446,164418,139316
"AE",31,24187,30860,42926,135446,164418,139316
"AE",32,24187,30860,42926,135446,164418,139316
"AE",33,24187,30860,42926,135446,164418,139316
"AE",34,24187,30860,42926,135446,164418,139316
"AE",35,24187,30860,42926,135446,164418,139316
"AE",36,24187,30860,42926,135446,164418,139316
"AE",37,24187,30860,42926,135446,164418,139316
"AE",38,24187,30860,42926,135446,164418,139316
"AE",39,24187,30860,42926,135446,164418,139316
"AE",40,24187,30860,42926,135446,164418,139316
"AE",41,24187,30860,42926,135446,164418,139316
"AE",42,24187,30860,42926,135446,164418,139316
"AE",43,24187,30860,42926,135446,164418,139316
"AE",44,24187,30860,42926,135446,164418,139316
"AE",45,24187,30860,42926,135446,164418,139316
"AE",46,24187,30860,42926,135446,164418,139316
"AE",47,24187,30860,42926,135446,164418,139316
"AE",48,24187,30860,42926,135446,164418,139316
"AE",49,24187,30860,42926,135446,164418,139316
"AE",50,24187,30860,42926,135446,164418,139316
"AE",51,155310,175428,202844,357606,339198,267652
"AE",52,155310,175428,202844,357606,339198,267652
"AE",53,155310,175428,202844,357606,339198,267652
"AE",54,155310,175428,202844,357606,339198,267652
"AE",55,155310,175428,202844,357606,339198,267652
"AE",56,155310,175428,202844,357606,339198,267652
"AE",57,155310,175428,202844,357606,339198,267652
"AE",58,155310,175428,202844,357606,339198,267652
"AE",59,155310,175428,202844,357606,339198,267652
"AE",60,155310,175428,202844,357606,339198,267652
"AE",61,155310,175428,202844,357606,339198,267652
"AE",62,155310,175428,202844,357606,339198,267652
"AE",63,155310,175428,202844,357606,339198,267652
"AE",64,155310,175428,202844,357606,339198,267652
"AE",65,155310,175428,202844,357606,339198,267652
"AE",66,155310,175428,202844,357606,339198,267652
"AE",67,155310,175428,202844,357606,339198,267652
"AE",68,155310,175428,202844,357606,339198,267652
"AE",69,155310,175428,202844,357606,339198,267652
"AE",70,155310,175428,202844,357606,339198,267652
"AE",71,155310,175428,202844,357606,339198,267652
"AE",72,155310,175428,202844,357606,339198,267652
"AE",73,155310,175428,202844,357606,339198,267652
"AE",74,155310,175428,202844,357606,339198,267652
"AE",75,155310,175428,202844,357606,339198,267652
"AE",76,155310,175428,202844,357606,339198,267652
"AE",77,155310,175428,202844,357606,339198,267652
"AE",78,155310,175428,202844,357606,339198,267652
"AE",79,155310,175428,202844,357606,339198,267652
"AE",80,155310,175428,202844,357606,339198,267652
"AE",81,155310,175428,202844,357606,339198,267652
"AE",82,155310,175428,202844,357606,339198,267652
"AE",83,155310,175428,202844,357606,339198,267652
"AE",84,155310,175428,202844,357606,339198,267652
"AE",85,155310,175428,202844,357606,339198,267652
"AE",86,155310,175428,202844,357606,339198,267652
"AE",87,155310,175428,202844,357606,339198,267652
"AE",88,155310,175428,202844,357606,339198,267652
"AE",89,155310,175428,202844,357606,339198,267652
"AE",90,155310,175428,202844,357606,339198,267652
"AE",91,701869,823313,891999,1048702,799563,582970
"AE",92,701869,823313,891999,1048702,799563,582970
"AE",93,701869,823313,891999,1048702,799563,582970
"AE",94,701869,823313,891999,1048702,799563,582970
"AE",95,701869,823313,891999,1048702,799563,582970
"AE",96,701869,823313,891999,1048702,799563,582970
"AE",97,701869,823313,891999,1048702,799563,582970
"AE",98,701869,823313,891999,1048702,799563,582970
"AE",99,701869,823313,891999,1048702,799563,582970
"AE",100,5182450,4421172,3704151,2325180,1074217,834967
"DZ",1,-3889,-2783,-57,24079,83064,124465
"DZ",2,-3889,-2783,-57,24079,83064,124465
"DZ",3,-3889,-2783,-57,24079,83064,124465
"DZ",4,-3889,-2783,-57,24079,83064,124465
"DZ",5,-3889,-2783,-57,24079,83064,124465
"DZ",6,-3889,-2783,-57,24079,83064,124465
"DZ",7,-3889,-2783,-57,24079,83064,124465
"DZ",8,-3889,-2783,-57,24079,83064,124465
"DZ",9,-3889,-2783,-57,24079,83064,124465
"DZ",10,-3889,-2783,-57,24079,83064,124465
"DZ",11,4367,6513,10605,39117,105477,152250
"DZ",12,4367,6513,10605,39117,105477,152250
"DZ",13,4367,6513,10605,39117,105477,152250
"DZ",14,4367,6513,10605,39117,105477,152250
"DZ",15,4367,6513,10605,39117,105477,152250
"DZ",16,4367,6513,10605,39117,105477,152250
"DZ",17,4367,6513,10605,39117,105477,152250
"DZ",18,4367,6513,10605,39117,105477,152250
"DZ",19,4367,6513,10605,39117,105477,152250
"DZ",20,4367,6513,10605,39117,105477,152250
"DZ",21,4367,6513,10605,39117,105477,152250
"DZ",22,4367,6513,10605,39117,105477,152250
"DZ",23,4367,6513,10605,39117,105477,152250
"DZ",24,4367,6513,10605,39117,105477,152250
"DZ",25,4367,6513,10605,39117,105477,152250
"DZ",26,4367,6513,10605,39117,105477,152250
"DZ",27,4367,6513,10605,39117,105477,152250
"DZ",28,4367,6513,10605,39117,105477,152250
"DZ",29,4367,6513,10605,39117,105477,152250
"DZ",30,4367,6513,10605,39117,105477,152250
"DZ",31,4367,6513,10605,39117,105477,152250
"DZ",32,4367,6513,10605,39117,105477,152250
"DZ",33,4367,6513,10605,39117,105477,152250
"DZ",34,4367,6513,10605,39117,105477,152250
"DZ",35,4367,6513,10605,39117,105477,152250
"DZ",36,4367,6513,10605,39117,105477,152250
"DZ",37,4367,6513,10605,39117,105477,152250
"DZ",38,4367,6513,10605,39117,105477,152250
"DZ",39,4367,6513,10605,39117,105477,152250
"DZ",40,4367,6513,10605,39117,105477,152250
"DZ",41,4367,6513,10605,39117,105477,152250
"DZ",42,4367,6513,10605,39117,105477,152250
"DZ",43,4367,6513,10605,39117,105477,152250
"DZ",44,4367,6513,10605,39117,105477,152250
"DZ",45,4367,6513,10605,39117,105477,152250
"DZ",46,4367,6513,10605,39117,105477,152250
"DZ",47,4367,6513,10605,39117,105477,152250
"DZ",48,4367,6513,10605,39117,105477,152250
"DZ",49,4367,6513,10605,39117,105477,152250
"DZ",50,4367,6513,10605,39117,105477,152250
"DZ",51,28060,32387,39727,83777,184358,258298
"DZ",52,28060,32387,39727,83777,184358,258298
"DZ",53,28060,32387,39727,83777,184358,258298
"DZ",54,28060,32387,39727,83777,184358,258298
"DZ",55,28060,32387,39727,83777,184358,258298
"DZ",56,28060,32387,39727,83777,184358,258298
"DZ",57,28060,32387,39727,83777,184358,258298
"DZ",58,28060,32387,39727,83777,184358,258298
"DZ",59,28060,32387,39727,83777,184358,258298
"DZ",60,28060,32387,39727,83777,184358,258298
"DZ",61,28060,32387,39727,83777,184358,258298
"DZ",62,28060,32387,39727,83777,184358,258298
"DZ",63,28060,32387,39727,83777,184358,258298
"DZ",64,28060,32387,39727,83777,184358,258298
"DZ",65,28060,32387,39727,83777,184358,258298
"DZ",66,28060,32387,39727,83777,184358,258298
"DZ",67,28060,32387,39727,83777,184358,258298
"DZ",68,28060,32387,39727,83777,184358,258298
"DZ",69,28060,32387,39727,83777,184358,258298
"DZ",70,28060,32387,39727,83777,184358,258298
"DZ",71,28060,32387,39727,83777,184358,258298
"DZ",72,28060,32387,39727,83777,184358,258298
"DZ",73,28060,32387,39727,83777,184358,258298
"DZ",74,28060,32387,39727,83777,184358,258298
"DZ",75,28060,32387,39727,83777,184358,258298
"DZ",76,28060,32387,39727,83777,184358,258298
"DZ",77,28060,32387,39727,83777,184358,258298
"DZ",78,28060,32387,39727,83777,184358,258298
"DZ",79,28060,32387,39727,83777,184358,258298
"DZ",80,28060,32387,39727,83777,184358,258298
"DZ",81,28060,32387,39727,83777,184358,258298
"DZ",82,28060,32387,39727,83777,184358,258298
"DZ",83,28060,32387,39727,83777,184358,258298
"DZ",84,28060,32387,39727,83777,184358,258298
"DZ",85,28060,32387,39727,83777,184358,258298
"DZ",86,28060,32387,39727,83777,184358,258298
"DZ",87,28060,32387,39727,83777,184358,258298
"DZ",88,28060,32387,39727,83777,184358,258298
"DZ",89,28060,32387,39727,83777,184358,258298
"DZ",90,28060,32387,39727,83777,184358,258298
"DZ",91,127002,152945,179481,264300,411264,510343
"DZ",92,127002,152945,179481,264300,411264,510343
"DZ",93,127002,152945,179481,264300,411264,510343
"DZ",94,127002,152945,179481,264300,411264,510343
"DZ",95,127002,152945,179481,264300,411264,510343
"DZ",96,127002,152945,179481,264300,411264,510343
"DZ",97,127002,152945,179481,264300,411264,510343
"DZ",98,127002,152945,179481,264300,411264,510343
"DZ",99,127002,152945,179481,264300,411264,510343
"DZ",100,927468,1060118,1114644,1074923,1090585,1140352
"EG",1,-3405,-2262,203,17226,73532,128359
"EG",2,-3405,-2262,203,17226,73532,128359
"EG",3,-3405,-2262,203,17226,73532,128359
"EG",4,-3405,-2262,203,17226,73532,128359
"EG",5,-3405,-2262,203,17226,73532,128359
"EG",6,-3405,-2262,203,17226,73532,128359
"EG",7,-3405,-2262,203,17226,73532,128359
"EG",8,-3405,-2262,203,17226,73532,128359
"EG",9,-3405,-2262,203,17226,73532,128359
"EG",10,-3405,-2262,203,17226,73532,128359
"EG",11,3996,5929,9232,27804,91170,154713
"EG",12,3996,5929,9232,27804,91170,154713
"EG",13,3996,5929,9232,27804,91170,154713
"EG",14,3996,5929,9232,27804,91170,154713
"EG",15,3996,5929,9232,27804,91170,154713
"EG",16,3996,5929,9232,27804,91170,154713
"EG",17,3996,5929,9232,27804,91170,154713
"EG",18,3996,5929,9232,27804,91170,154713
"EG",19,3996,5929,9232,27804,91170,154713
"EG",20,3996,5929,9232,27804,91170,154713
"EG",21,3996,5929,9232,27804,91170,154713
"EG",22,3996,5929,9232,27804,91170,154713
"EG",23,3996,5929,9232,27804,91170,154713
"EG",24,3996,5929,9232,27804,91170,154713
"EG",25,3996,5929,9232,27804,91170,154713
"EG",26,3996,5929,9232,27804,91170,154713
"EG",27,3996,5929,9232,27804,91170,154713
"EG",28,3996,5929,9232,27804,91170,154713
"EG",29,3996,5929,9232,27804,91170,154713
"EG",30,3996,5929,9232,27804,91170,154713
"EG",31,3996,5929,9232,27804,91170,154713
"EG",32,3996,5929,9232,27804,91170,154713
"EG",33,3996,5929,9232,27804,91170,154713
"EG",34,3996,5929,9232,27804,91170,154713
"EG",35,3996,5929,9232,27804,91170,154713
"EG",36,3996,5929,9232,27804,91170,154713
"EG",37,3996,5929,9232,27804,91170,154713
"EG",38,3996,5929,9232,27804,91170,154713
"EG",39,3996,5929,9232,27804,91170,154713
"EG",40,3996,5929,9232,27804,91170,154713
"EG",41,3996,5929,9232,27804,91170,154713
"EG",42,3996,5929,9232,27804,91170,154713
"EG",43,3996,5929,9232,27804,91170,154713
"EG",44,3996,5929,9232,27804,91170,154713
"EG",45,3996,5929,9232,27804,91170,154713
"EG",46,3996,5929,9232,27804,91170,154713
"EG",47,3996,5929,9232,27804,91170,154713
"EG",48,3996,5929,9232,27804,91170,154713
"EG",49,3996,5929,9232,27804,91170,154713
"EG",50,3996,5929,9232,27804,91170,154713
"EG",51,25477,29504,35141,61188,157266,260192
"EG",52,25477,29504,35141,61188,157266,260192
"EG",53,25477,29504,35141,61188,157266,260192
"EG",54,25477,29504,35141,61188,157266,260192
"EG",55,25477,29504,35141,61188,157266,260192
"EG",56,25477,29504,35141,61188,157266,260192
"EG",57,25477,29504,35141,61188,157266,260192
"EG",58,25477,29504,35141,61188,157266,260192
"EG",59,25477,29504,35141,61188,157266,260192
"EG",60,25477,29504,35141,61188,157266,260192
"EG",61,25477,29504,35141,61188,157266,260192
"EG",62,25477,29504,35141,61188,157266,260192
"EG",63,25477,29504,35141,61188,157266,260192
"EG",64,25477,29504,35141,61188,157266,260192
"EG",65,25477,29504,35141,61188,157266,260192
"EG",66,25477,29504,35141,61188,157266,260192
"EG",67,25477,29504,35141,61188,157266,260192
"EG",68,25477,29504,35141,61188,157266,260192
"EG",69,25477,29504,35141,61188,157266,260192
"EG",70,25477,29504,35141,61188,157266,260192
"EG",71,25477,29504,35141,61188,157266,260192
"EG",72,25477,29504,35141,61188,157266,260192
"EG",73,25477,29504,35141,61188,157266,260192
"EG",74,25477,29504,35141,61188,157266,260192
"EG",75,25477,29504,35141,61188,157266,260192
"EG",76,25477,29504,35141,61188,157266,260192
"EG",77,25477,29504,35141,61188,157266,260192
"EG",78,25477,29504,35141,61188,157266,260192
"EG",79,25477,29504,35141,61188,157266,260192
"EG",80,25477,29504,35141,61188,157266,260192
"EG",81,25477,29504,35141,61188,157266,260192
"EG",82,25477,29504,35141,61188,157266,260192
"EG",83,25477,29504,35141,61188,157266,260192
"EG",84,25477,29504,35141,61188,157266,260192
"EG",85,25477,29504,35141,61188,157266,260192
"EG",86,25477,29504,35141,61188,157266,260192
"EG",87,25477,29504,35141,61188,157266,260192
"EG",88,25477,29504,35141,61188,157266,260192
"EG",89,25477,29504,35141,61188,157266,260192
"EG",90,25477,29504,35141,61188,157266,260192
"EG",91,112828,143383,166291,205104,343724,500163
"EG",92,112828,143383,166291,205104,343724,500163
"EG",93,112828,143383,166291,205104,343724,500163
"EG",94,112828,143383,166291,205104,343724,500163
"EG",95,112828,143383,166291,205104,343724,500163
"EG",96,112828,143383,166291,205104,343724,500163
"EG",97,112828,143383,166291,205104,343724,500163
"EG",98,112828,143383,166291,205104,343724,500163
"EG",99,112828,143383,166291,205104,343724,500163
"EG",100,866723,939346,925396,771200,842124,1018716
"IR",1,-3658,-2187,247,20949,76337,124016
"IR",2,-3658,-2187,247,20949,76337,124016
"IR",3,-3658,-2187,247,20949,76337,124016
"IR",4,-3658,-2187,247,20949,76337,124016
"IR",5,-3658,-2187,247,20949,76337,124016
"IR",6,-3658,-2187,247,20949,76337,124016
"IR",7,-3658,-2187,247,20949,76337,124016
"IR",8,-3658,-2187,247,20949,76337,124016
"IR",9,-3658,-2187,247,20949,76337,124016
"IR",10,-3658,-2187,247,20949,76337,124016
"IR",11,4447,6132,9565,34604,97571,152524
"IR",12,4447,6132,9565,34604,97571,152524
"IR",13,4447,6132,9565,34604,97571,152524
"IR",14,4447,6132,9565,34604,97571,152524
"IR",15,4447,6132,9565,34604,97571,152524
"IR",16,4447,6132,9565,34604,97571,152524
"IR",17,4447,6132,9565,34604,97571,152524
"IR",18,4447,6132,9565,34604,97571,152524
"IR",19,4447,6132,9565,34604,97571,152524
"IR",20,4447,6132,9565,34604,97571,152524
"IR",21,4447,6132,9565,34604,97571,152524
"IR",22,4447,6132,9565,34604,97571,152524
"IR",23,4447,6132,9565,34604,97571,152524
"IR",24,4447,6132,9565,34604,97571,152524
"IR",25,4447,6132,9565,34604,97571,152524
"IR",26,4447,6132,9565,34604,97571,152524
"IR",27,4447,6132,9565,34604,97571,152524
"IR",28,4447,6132,9565,34604,97571,152524
"IR",29,4447,6132,9565,34604,97571,152524
"IR",30,4447,6132,9565,34604,97571,152524
"IR",31,4447,6132,9565,34604,97571,152524
"IR",32,4447,6132,9565,34604,97571,152524
"IR",33,4447,6132,9565,34604,97571,152524
"IR",34,4447,6132,9565,34604,97571,152524
"IR",35,4447,6132,9565,34604,97571,152524
"IR",36,4447,6132,9565,34604,97571,152524
"IR",37,4447,6132,9565,34604,97571,152524
"IR",38,4447,6132,9565,34604,97571,152524
"IR",39,4447,6132,9565,34604,97571,152524
"IR",40,4447,6132,9565,34604,97571,152524
"IR",41,4447,6132,9565,34604,97571,152524
"IR",42,4447,6132,9565,34604,97571,152524
"IR",43,4447,6132,9565,34604,97571,152524
"IR",44,4447,6132,9565,34604,97571,152524
"IR",45,4447,6132,9565,34604,97571,152524
"IR",46,4447,6132,9565,34604,97571,152524
"IR",47,4447,6132,9565,34604,97571,152524
"IR",48,4447,6132,9565,34604,97571,152524
"IR",49,4447,6132,9565,34604,97571,152524
"IR",50,4447,6132,9565,34604,97571,152524
"IR",51,28131,30002,35133,72968,170015,258973
"IR",52,28131,30002,35133,72968,170015,258973
"IR",53,28131,30002,35133,72968,170015,258973
"IR",54,28131,30002,35133,72968,170015,258973
"IR",55,28131,30002,35133,72968,170015,258973
"IR",56,28131,30002,35133,72968,170015,258973
"IR",57,28131,30002,35133,72968,170015,258973
"IR",58,28131,30002,35133,72968,170015,258973
"IR",59,28131,30002,35133,72968,170015,258973
"IR",60,28131,30002,35133,72968,170015,258973
"IR",61,28131,30002,35133,72968,170015,258973
"IR",62,28131,30002,35133,72968,170015,258973
"IR",63,28131,30002,35133,72968,170015,258973
"IR",64,28131,30002,35133,72968,170015,258973
"IR",65,28131,30002,35133,72968,170015,258973
"IR",66,28131,30002,35133,72968,170015,258973
"IR",67,28131,30002,35133,72968,170015,258973
"IR",68,28131,30002,35133,72968,170015,258973
"IR",69,28131,30002,35133,72968,170015,258973
"IR",70,28131,30002,35133,72968,170015,258973
"IR",71,28131,30002,35133,72968,170015,258973
"IR",72,28131,30002,35133,72968,170015,258973
"IR",73,28131,30002,35133,72968,170015,258973
"IR",74,28131,30002,35133,72968,170015,258973
"IR",75,28131,30002,35133,72968,170015,258973
"IR",76,28131,30002,35133,72968,170015,258973
"IR",77,28131,30002,35133,72968,170015,258973
"IR",78,28131,30002,35133,72968,170015,258973
"IR",79,28131,30002,35133,72968,170015,258973
"IR",80,28131,30002,35133,72968,170015,258973
"IR",81,28131,30002,35133,72968,170015,258973
"IR",82,28131,30002,35133,72968,170015,258973
"IR",83,28131,30002,35133,72968,170015,258973
"IR",84,28131,30002,35133,72968,170015,258973
"IR",85,28131,30002,35133,72968,170015,258973
"IR",86,28131,30002,35133,72968,170015,258973
"IR",87,28131,30002,35133,72968,170015,258973
"IR",88,28131,30002,35133,72968,170015,258973
"IR",89,28131,30002,35133,72968,170015,258973
"IR",90,28131,30002,35133,72968,170015,258973
"IR",91,121852,147042,168517,235401,376598,509810
"IR",92,121852,147042,168517,235401,376598,509810
"IR",93,121852,147042,168517,235401,376598,509810
"IR",94,121852,147042,168517,235401,376598,509810
"IR",95,121852,147042,168517,235401,376598,509810
"IR",96,121852,147042,168517,235401,376598,509810
"IR",97,121852,147042,168517,235401,376598,509810
"IR",98,121852,147042,168517,235401,376598,509810
"IR",99,121852,147042,168517,235401,376598,509810
"IR",100,813530,926926,952112,892352,975317,1111635
"MA",1,-3218,-2628,-1020,14769,71926,118055
"MA",2,-3218,-2628,-1020,14769,71926,118055
"MA",3,-3218,-2628,-1020,14769,71926,118055
"MA",4,-3218,-2628,-1020,14769,71926,118055
"MA",5,-3218,-2628,-1020,14769,71926,118055
"MA",6,-3218,-2628,-1020,14769,71926,118055
"MA",7,-3218,-2628,-1020,14769,71926,118055
"MA",8,-3218,-2628,-1020,14769,71926,118055
"MA",9,-3218,-2628,-1020,14769,71926,118055
"MA",10,-3218,-2628,-1020,14769,71926,118055
"MA",11,3801,5354,8340,28413,94815,147489
"MA",12,3801,5354,8340,28413,94815,147489
"MA",13,3801,5354,8340,28413,94815,147489
"MA",14,3801,5354,8340,28413,94815,147489
"MA",15,3801,5354,8340,28413,94815,147489
"MA",16,3801,5354,8340,28413,94815,147489
"MA",17,3801,5354,8340,28413,94815,147489
"MA",18,3801,5354,8340,28413,94815,147489
"MA",19,3801,5354,8340,28413,94815,147489
"MA",20,3801,5354,8340,28413,94815,147489
"MA",21,3801,5354,8340,28413,94815,147489
"MA",22,3801,5354,8340,28413,94815,147489
"MA",23,3801,5354,8340,28413,94815,147489
"MA",24,3801,5354,8340,28413,94815,147489
"MA",25,3801,5354,8340,28413,94815,147489
"MA",26,3801,5354,8340,28413,94815,147489
"MA",27,3801,5354,8340,28413,94815,147489
"MA",28,3801,5354,8340,28413,94815,147489
"MA",29,3801,5354,8340,28413,94815,147489
"MA",30,3801,5354,8340,28413,94815,147489
"MA",31,3801,5354,8340,28413,94815,147489
"MA",32,3801,5354,8340,28413,94815,147489
"MA",33,3801,5354,8340,28413,94815,147489
"MA",34,3801,5354,8340,28413,94815,147489
"MA",35,3801,5354,8340,28413,94815,147489
"MA",36,3801,5354,8340,28413,94815,147489
"MA",37,3801,5354,8340,28413,94815,147489
"MA",38,3801,5354,8340,28413,94815,147489
"MA",39,3801,5354,8340,28413,94815,147489
"MA",40,3801,5354,8340,28413,94815,147489
"MA",41,3801,5354,8340,28413,94815,147489
"MA",42,3801,5354,8340,28413,94815,147489
"MA",43,3801,5354,8340,28413,94815,147489
"MA",44,3801,5354,8340,28413,94815,147489
"MA",45,3801,5354,8340,28413,94815,147489
"MA",46,3801,5354,8340,28413,94815,147489
"MA",47,3801,5354,8340,28413,94815,147489
"MA",48,3801,5354,8340,28413,94815,147489
"MA",49,3801,5354,8340,28413,94815,147489
"MA",50,3801,5354,8340,28413,94815,147489
"MA",51,24203,28606,35319,69347,173732,257230
"MA",52,24203,28606,35319,69347,173732,257230
"MA",53,24203,28606,35319,69347,173732,257230
"MA",54,24203,28606,35319,69347,173732,257230
"MA",55,24203,28606,35319,69347,173732,257230
"MA",56,24203,28606,35319,69347,173732,257230
"MA",57,24203,28606,35319,69347,173732,257230
"MA",58,24203,28606,35319,69347,173732,257230
"MA",59,24203,28606,35319,69347,173732,257230
"MA",60,24203,28606,35319,69347,173732,257230
"MA",61,24203,28606,35319,69347,173732,257230
"MA",62,24203,28606,35319,69347,173732,257230
"MA",63,24203,28606,35319,69347,173732,257230
"MA",64,24203,28606,35319,69347,173732,257230
"MA",65,24203,28606,35319,69347,173732,257230
"MA",66,24203,28606,35319,69347,173732,257230
"MA",67,24203,28606,35319,69347,173732,257230
"MA",68,24203,28606,35319,69347,173732,257230
"MA",69,24203,28606,35319,69347,173732,257230
"MA",70,24203,28606,35319,69347,173732,257230
"MA",71,24203,28606,35319,69347,173732,257230
"MA",72,24203,28606,35319,69347,173732,257230
"MA",73,24203,28606,35319,69347,173732,257230
"MA",74,24203,28606,35319,69347,173732,257230
"MA",75,24203,28606,35319,69347,173732,257230
"MA",76,24203,28606,35319,69347,173732,257230
"MA",77,24203,28606,35319,69347,173732,257230
"MA",78,24203,28606,35319,69347,173732,257230
"MA",79,24203,28606,35319,69347,173732,257230
"MA",80,24203,28606,35319,69347,173732,257230
"MA",81,24203,28606,35319,69347,173732,257230
"MA",82,24203,28606,35319,69347,173732,257230
"MA",83,24203,28606,35319,69347,173732,257230
"MA",84,24203,28606,35319,69347,173732,257230
"MA",85,24203,28606,35319,69347,173732,257230
"MA",86,24203,28606,35319,69347,173732,257230
"MA",87,24203,28606,35319,69347,173732,257230
"MA",88,24203,28606,35319,69347,173732,257230
"MA",89,24203,28606,35319,69347,173732,257230
"MA",90,24203,28606,35319,69347,173732,257230
"MA",91,106782,138170,168891,249613,425053,544683
"MA",92,106782,138170,168891,249613,425053,544683
"MA",93,106782,138170,168891,249613,425053,544683
"MA",94,106782,138170,168891,249613,425053,544683
"MA",95,106782,138170,168891,249613,425053,544683
"MA",96,106782,138170,168891,249613,425053,544683
"MA",97,106782,138170,168891,249613,425053,544683
"MA",98,106782,138170,168891,249613,425053,544683
"MA",99,106782,138170,168891,249613,425053,544683
"MA",100,744254,808939,844170,850540,1014017,1128529
"SA",1,-23474,-19270,-13986,35298,93071,110423
"SA",2,-23474,-19270,-13986,35298,93071,110423
"SA",3,-23474,-19270,-13986,35298,93071,110423
"SA",4,-23474,-19270,-13986,35298,93071,110423
"SA",5,-23474,-19270,-13986,35298,93071,110423
"SA",6,-23474,-19270,-13986,35298,93071,110423
"SA",7,-23474,-19270,-13986,35298,93071,110423
"SA",8,-23474,-19270,-13986,35298,93071,110423
"SA",9,-23474,-19270,-13986,35298,93071,110423
"SA",10,-23474,-19270,-13986,35298,93071,110423
"SA",11,23718,24935,27896,79382,128650,141293
"SA",12,23718,24935,27896,79382,128650,141293
"SA",13,23718,24935,27896,79382,128650,141293
"SA",14,23718,24935,27896,79382,128650,141293
"SA",15,23718,24935,27896,79382,128650,141293
"SA",16,23718,24935,27896,79382,128650,141293
"SA",17,23718,24935,27896,79382,128650,141293
"SA",18,23718,24935,27896,79382,128650,141293
"SA",19,23718,24935,27896,79382,128650,141293
"SA",20,23718,24935,27896,79382,128650,141293
"SA",21,23718,24935,27896,79382,128650,141293
"SA",22,23718,24935,27896,79382,128650,141293
"SA",23,23718,24935,27896,79382,128650,141293
"SA",24,23718,24935,27896,79382,128650,141293
"SA",25,23718,24935,27896,79382,128650,141293
"SA",26,23718,24935,27896,79382,128650,141293
"SA",27,23718,24935,27896,79382,128650,141293
"SA",28,23718,24935,27896,79382,128650,141293
"SA",29,23718,24935,27896,79382,128650,141293
"SA",30,23718,24935,27896,79382,128650,141293
"SA",31,23718,24935,27896,79382,128650,141293
"SA",32,23718,24935,27896,79382,128650,141293
"SA",33,23718,24935,27896,79382,128650,141293
"SA",34,23718,24935,27896,79382,128650,141293
"SA",35,23718,24935,27896,79382,128650,141293
"SA",36,23718,24935,27896,79382,128650,141293
"SA",37,23718,24935,27896,79382,128650,141293
"SA",38,23718,24935,27896,79382,128650,141293
"SA",39,23718,24935,27896,79382,128650,141293
"SA",40,23718,24935,27896,79382,128650,141293
"SA",41,23718,24935,27896,79382,128650,141293
"SA",42,23718,24935,27896,79382,128650,141293
"SA",43,23718,24935,27896,79382,128650,141293
"SA",44,23718,24935,27896,79382,128650,141293
"SA",45,23718,24935,27896,79382,128650,141293
"SA",46,23718,24935,27896,79382,128650,141293
"SA",47,23718,24935,27896,79382,128650,141293
"SA",48,23718,24935,27896,79382,128650,141293
"SA",49,23718,24935,27896,79382,128650,141293
"SA",50,23718,24935,27896,79382,128650,141293
"SA",51,154461,153207,153153,229102,262891,263461
"SA",52,154461,153207,153153,229102,262891,263461
"SA",53,154461,153207,153153,229102,262891,263461
"SA",54,154461,153207,153153,229102,262891,263461
"SA",55,154461,153207,153153,229102,262891,263461
"SA",56,154461,153207,153153,229102,262891,263461
"SA",57,154461,153207,153153,229102,262891,263461
"SA",58,154461,153207,153153,229102,262891,263461
"SA",59,154461,153207,153153,229102,262891,263461
"SA",60,154461,153207,153153,229102,262891,263461
"SA",61,154461,153207,153153,229102,262891,263461
"SA",62,154461,153207,153153,229102,262891,263461
"SA",63,154461,153207,153153,229102,262891,263461
"SA",64,154461,153207,153153,229102,262891,263461
"SA",65,154461,153207,153153,229102,262891,263461
"SA",66,154461,153207,153153,229102,262891,263461
"SA",67,154461,153207,153153,229102,262891,263461
"SA",68,154461,153207,153153,229102,262891,263461
"SA",69,154461,153207,153153,229102,262891,263461
"SA",70,154461,153207,153153,229102,262891,263461
"SA",71,154461,153207,153153,229102,262891,263461
"SA",72,154461,153207,153153,229102,262891,263461
"SA",73,154461,153207,153153,229102,262891,263461
"SA",74,154461,153207,153153,229102,262891,263461
"SA",75,154461,153207,153153,229102,262891,263461
"SA",76,154461,153207,153153,229102,262891,263461
"SA",77,154461,153207,153153,229102,262891,263461
"SA",78,154461,153207,153153,229102,262891,263461
"SA",79,154461,153207,153153,229102,262891,263461
"SA",80,154461,153207,153153,229102,262891,263461
"SA",81,154461,153207,153153,229102,262891,263461
"SA",82,154461,153207,153153,229102,262891,263461
"SA",83,154461,153207,153153,229102,262891,263461
"SA",84,154461,153207,153153,229102,262891,263461
"SA",85,154461,153207,153153,229102,262891,263461
"SA",86,154461,153207,153153,229102,262891,263461
"SA",87,154461,153207,153153,229102,262891,263461
"SA",88,154461,153207,153153,229102,262891,263461
"SA",89,154461,153207,153153,229102,262891,263461
"SA",90,154461,153207,153153,229102,262891,263461
"SA",91,727505,728238,694748,744147,647009,568480
"SA",92,727505,728238,694748,744147,647009,568480
"SA",93,727505,728238,694748,744147,647009,568480
"SA",94,727505,728238,694748,744147,647009,568480
"SA",95,727505,728238,694748,744147,647009,568480
"SA",96,727505,728238,694748,744147,647009,568480
"SA",97,727505,728238,694748,744147,647009,568480
"SA",98,727505,728238,694748,744147,647009,568480
"SA",99,727505,728238,694748,744147,647009,568480
"SA",100,5777310,4427317,3341926,1961887,1114312,989295
"TR",1,-14343,-11045,-4709,29221,86392,109675
"TR",2,-14343,-11045,-4709,29221,86392,109675
"TR",3,-14343,-11045,-4709,29221,86392,109675
"TR",4,-14343,-11045,-4709,29221,86392,109675
"TR",5,-14343,-11045,-4709,29221,86392,109675
"TR",6,-14343,-11045,-4709,29221,86392,109675
"TR",7,-14343,-11045,-4709,29221,86392,109675
"TR",8,-14343,-11045,-4709,29221,86392,109675
"TR",9,-14343,-11045,-4709,29221,86392,109675
"TR",10,-14343,-11045,-4709,29221,86392,109675
"TR",11,13152,17510,26201,61547,117745,141079
"TR",12,13152,17510,26201,61547,117745,141079
"TR",13,13152,17510,26201,61547,117745,141079
"TR",14,13152,17510,26201,61547,117745,141079
"TR",15,13152,17510,26201,61547,117745,141079
"TR",16,13152,17510,26201,61547,117745,141079
"TR",17,13152,17510,26201,61547,117745,141079
"TR",18,13152,17510,26201,61547,117745,141079
"TR",19,13152,17510,26201,61547,117745,141079
"TR",20,13152,17510,26201,61547,117745,141079
"TR",21,13152,17510,26201,61547,117745,141079
"TR",22,13152,17510,26201,61547,117745,141079
"TR",23,13152,17510,26201,61547,117745,141079
"TR",24,13152,17510,26201,61547,117745,141079
"TR",25,13152,17510,26201,61547,117745,141079
"TR",26,13152,17510,26201,61547,117745,141079
"TR",27,13152,17510,26201,61547,117745,141079
"TR",28,13152,17510,26201,61547,117745,141079
"TR",29,13152,17510,26201,61547,117745,141079
"TR",30,13152,17510,26201,61547,117745,141079
"TR",31,13152,17510,26201,61547,117745,141079
"TR",32,13152,17510,26201,61547,117745,141079
"TR",33,13152,17510,26201,61547,117745,141079
"TR",34,13152,17510,26201,61547,117745,141079
"TR",35,13152,17510,26201,61547,117745,141079
"TR",36,13152,17510,26201,61547,117745,141079
"TR",37,13152,17510,26201,61547,117745,141079
"TR",38,13152,17510,26201,61547,117745,141079
"TR",39,13152,17510,26201,61547,117745,141079
"TR",40,13152,17510,26201,61547,117745,141079
"TR",41,13152,17510,26201,61547,117745,141079
"TR",42,13152,17510,26201,61547,117745,141079
"TR",43,13152,17510,26201,61547,117745,141079
"TR",44,13152,17510,26201,61547,117745,141079
"TR",45,13152,17510,26201,61547,117745,141079
"TR",46,13152,17510,26201,61547,117745,141079
"TR",47,13152,17510,26201,61547,117745,141079
"TR",48,13152,17510,26201,61547,117745,141079
"TR",49,13152,17510,26201,61547,117745,141079
"TR",50,13152,17510,26201,61547,117745,141079
"TR",51,86487,95472,111006,155530,223125,253910
"TR",52,86487,95472,111006,155530,223125,253910
"TR",53,86487,95472,111006,155530,223125,253910
"TR",54,86487,95472,111006,155530,223125,253910
"TR",55,86487,95472,111006,155530,223125,253910
"TR",56,86487,95472,111006,155530,223125,253910
"TR",57,86487,95472,111006,155530,223125,253910
"TR",58,86487,95472,111006,155530,223125,253910
"TR",59,86487,95472,111006,155530,223125,253910
"TR",60,86487,95472,111006,155530,223125,253910
"TR",61,86487,95472,111006,155530,223125,253910
"TR",62,86487,95472,111006,155530,223125,253910
"TR",63,86487,95472,111006,155530,223125,253910
"TR",64,86487,95472,111006,155530,223125,253910
"TR",65,86487,95472,111006,155530,223125,253910
"TR",66,86487,95472,111006,155530,223125,253910
"TR",67,86487,95472,111006,155530,223125,253910
"TR",68,86487,95472,111006,155530,223125,253910
"TR",69,86487,95472,111006,155530,223125,253910
"TR",70,86487,95472,111006,155530,223125,253910
"TR",71,86487,95472,111006,155530,223125,253910
"TR",72,86487,95472,111006,155530,223125,253910
"TR",73,86487,95472,111006,155530,223125,253910
"TR",74,86487,95472,111006,155530,223125,253910
"TR",75,86487,95472,111006,155530,223125,253910
"TR",76,86487,95472,111006,155530,223125,253910
"TR",77,86487,95472,111006,155530,223125,253910
"TR",78,86487,95472,111006,155530,223125,253910
"TR",79,86487,95472,111006,155530,223125,253910
"TR",80,86487,95472,111006,155530,223125,253910
"TR",81,86487,95472,111006,155530,223125,253910
"TR",82,86487,95472,111006,155530,223125,253910
"TR",83,86487,95472,111006,155530,223125,253910
"TR",84,86487,95472,111006,155530,223125,253910
"TR",85,86487,95472,111006,155530,223125,253910
"TR",86,86487,95472,111006,155530,223125,253910
"TR",87,86487,95472,111006,155530,223125,253910
"TR",88,86487,95472,111006,155530,223125,253910
"TR",89,86487,95472,111006,155530,223125,253910
"TR",90,86487,95472,111006,155530,223125,253910
"TR",91,419600,514133,583184,602255,602563,599936
"TR",92,419600,514133,583184,602255,602563,599936
"TR",93,419600,514133,583184,602255,602563,599936
"TR",94,419600,514133,583184,602255,602563,599936
"TR",95,419600,514133,583184,602255,602563,599936
"TR",96,419600,514133,583184,602255,602563,599936
"TR",97,419600,514133,583184,602255,602563,599936
"TR",98,419600,514133,583184,602255,602563,599936
"TR",99,419600,514133,583184,602255,602563,599936
"TR",100,3542844,3325237,2936884,1620639,1124868,1104288
"OE",1,-4647,-3484,-1620,18280,77147,122582
"OE",2,-4647,-3484,-1620,18280,77147,122582
"OE",3,-4647,-3484,-1620,18280,77147,122582
"OE",4,-4647,-3484,-1620,18280,77147,122582
"OE",5,-4647,-3484,-1620,18280,77147,122582
"OE",6,-4647,-3484,-1620,18280,77147,122582
"OE",7,-4647,-3484,-1620,18280,77147,122582
"OE",8,-4647,-3484,-1620,18280,77147,122582
"OE",9,-4647,-3484,-1620,18280,77147,122582
"OE",10,-4647,-3484,-1620,18280,77147,122582
"OE",11,1280,2053,4360,27518,94662,147215
"OE",12,1280,2053,4360,27518,94662,147215
"OE",13,1280,2053,4360,27518,94662,147215
"OE",14,1280,2053,4360,27518,94662,147215
"OE",15,1280,2053,4360,27518,94662,147215
"OE",16,1280,2053,4360,27518,94662,147215
"OE",17,1280,2053,4360,27518,94662,147215
"OE",18,1280,2053,4360,27518,94662,147215
"OE",19,1280,2053,4360,27518,94662,147215
"OE",20,1280,2053,4360,27518,94662,147215
"OE",21,1280,2053,4360,27518,94662,147215
"OE",22,1280,2053,4360,27518,94662,147215
"OE",23,1280,2053,4360,27518,94662,147215
"OE",24,1280,2053,4360,27518,94662,147215
"OE",25,1280,2053,4360,27518,94662,147215
"OE",26,1280,2053,4360,27518,94662,147215
"OE",27,1280,2053,4360,27518,94662,147215
"OE",28,1280,2053,4360,27518,94662,147215
"OE",29,1280,2053,4360,27518,94662,147215
"OE",30,1280,2053,4360,27518,94662,147215
"OE",31,1280,2053,4360,27518,94662,147215
"OE",32,1280,2053,4360,27518,94662,147215
"OE",33,1280,2053,4360,27518,94662,147215
"OE",34,1280,2053,4360,27518,94662,147215
"OE",35,1280,2053,4360,27518,94662,147215
"OE",36,1280,2053,4360,27518,94662,147215
"OE",37,1280,2053,4360,27518,94662,147215
"OE",38,1280,2053,4360,27518,94662,147215
"OE",39,1280,2053,4360,27518,94662,147215
"OE",40,1280,2053,4360,27518,94662,147215
"OE",41,1280,2053,4360,27518,94662,147215
"OE",42,1280,2053,4360,27518,94662,147215
"OE",43,1280,2053,4360,27518,94662,147215
"OE",44,1280,2053,4360,27518,94662,147215
"OE",45,1280,2053,4360,27518,94662,147215
"OE",46,1280,2053,4360,27518,94662,147215
"OE",47,1280,2053,4360,27518,94662,147215
"OE",48,1280,2053,4360,27518,94662,147215
"OE",49,1280,2053,4360,27518,94662,147215
"OE",50,1280,2053,4360,27518,94662,147215
"OE",51,15363,18777,25460,67331,171919,255040
"OE",52,15363,18777,25460,67331,171919,255040
"OE",53,15363,18777,25460,67331,171919,255040
"OE",54,15363,18777,25460,67331,171919,255040
"OE",55,15363,18777,25460,67331,171919,255040
"OE",56,15363,18777,25460,67331,171919,255040
"OE",57,15363,18777,25460,67331,171919,255040
"OE",58,15363,18777,25460,67331,171919,255040
"OE",59,15363,18777,25460,67331,171919,255040
"OE",60,15363,18777,25460,67331,171919,255040
"OE",61,15363,18777,25460,67331,171919,255040
"OE",62,15363,18777,25460,67331,171919,255040
"OE",63,15363,18777,25460,67331,171919,255040
"OE",64,15363,18777,25460,67331,171919,255040
"OE",65,15363,18777,25460,67331,171919,255040
"OE",66,15363,18777,25460,67331,171919,255040
"OE",67,15363,18777,25460,67331,171919,255040
"OE",68,15363,18777,25460,67331,171919,255040
"OE",69,15363,18777,25460,67331,171919,255040
"OE",70,15363,18777,25460,67331,171919,255040
"OE",71,15363,18777,25460,67331,171919,255040
"OE",72,15363,18777,25460,67331,171919,255040
"OE",73,15363,18777,25460,67331,171919,255040
"OE",74,15363,18777,25460,67331,171919,255040
"OE",75,15363,18777,25460,67331,171919,255040
"OE",76,15363,18777,25460,67331,171919,255040
"OE",77,15363,18777,25460,67331,171919,255040
"OE",78,15363,18777,25460,67331,171919,255040
"OE",79,15363,18777,25460,67331,171919,255040
"OE",80,15363,18777,25460,67331,171919,255040
"OE",81,15363,18777,25460,67331,171919,255040
"OE",82,15363,18777,25460,67331,171919,255040
"OE",83,15363,18777,25460,67331,171919,255040
"OE",84,15363,18777,25460,67331,171919,255040
"OE",85,15363,18777,25460,67331,171919,255040
"OE",86,15363,18777,25460,67331,171919,255040
"OE",87,15363,18777,25460,67331,171919,255040
"OE",88,15363,18777,25460,67331,171919,255040
"OE",89,15363,18777,25460,67331,171919,255040
"OE",90,15363,18777,25460,67331,171919,255040
"OE",91,139262,175382,211363,301400,438487,542107
"OE",92,139262,175382,211363,301400,438487,542107
"OE",93,139262,175382,211363,301400,438487,542107
"OE",94,139262,175382,211363,301400,438487,542107
"OE",95,139262,175382,211363,301400,438487,542107
"OE",96,139262,175382,211363,301400,438487,542107
"OE",97,139262,175382,211363,301400,438487,542107
"OE",98,139262,175382,211363,301400,438487,542107
"OE",99,139262,175382,211363,301400,438487,542107
"OE",100,1547423,1559723,1507279,1236331,1155624,1205046
"CD",1,-434,-286,206,21864,89203,126104
"CD",2,-434,-286,206,21864,89203,126104
"CD",3,-434,-286,206,21864,89203,126104
"CD",4,-434,-286,206,21864,89203,126104
"CD",5,-434,-286,206,21864,89203,126104
"CD",6,-434,-286,206,21864,89203,126104
"CD",7,-434,-286,206,21864,89203,126104
"CD",8,-434,-286,206,21864,89203,126104
"CD",9,-434,-286,206,21864,89203,126104
"CD",10,-434,-286,206,21864,89203,126104
"CD",11,396,750,1721,30100,110189,152556
"CD",12,396,750,1721,30100,110189,152556
"CD",13,396,750,1721,30100,110189,152556
"CD",14,396,750,1721,30100,110189,152556
"CD",15,396,750,1721,30100,110189,152556
"CD",16,396,750,1721,30100,110189,152556
"CD",17,396,750,1721,30100,110189,152556
"CD",18,396,750,1721,30100,110189,152556
"CD",19,396,750,1721,30100,110189,152556
"CD",20,396,750,1721,30100,110189,152556
"CD",21,396,750,1721,30100,110189,152556
"CD",22,396,750,1721,30100,110189,152556
"CD",23,396,750,1721,30100,110189,152556
"CD",24,396,750,1721,30100,110189,152556
"CD",25,396,750,1721,30100,110189,152556
"CD",26,396,750,1721,30100,110189,152556
"CD",27,396,750,1721,30100,110189,152556
"CD",28,396,750,1721,30100,110189,152556
"CD",29,396,750,1721,30100,110189,152556
"CD",30,396,750,1721,30100,110189,152556
"CD",31,396,750,1721,30100,110189,152556
"CD",32,396,750,1721,30100,110189,152556
"CD",33,396,750,1721,30100,110189,152556
"CD",34,396,750,1721,30100,110189,152556
"CD",35,396,750,1721,30100,110189,152556
"CD",36,396,750,1721,30100,110189,152556
"CD",37,396,750,1721,30100,110189,152556
"CD",38,396,750,1721,30100,110189,152556
"CD",39,396,750,1721,30100,110189,152556
"CD",40,396,750,1721,30100,110189,152556
"CD",41,396,750,1721,30100,110189,152556
"CD",42,396,750,1721,30100,110189,152556
"CD",43,396,750,1721,30100,110189,152556
"CD",44,396,750,1721,30100,110189,152556
"CD",45,396,750,1721,30100,110189,152556
"CD",46,396,750,1721,30100,110189,152556
"CD",47,396,750,1721,30100,110189,152556
"CD",48,396,750,1721,30100,110189,152556
"CD",49,396,750,1721,30100,110189,152556
"CD",50,396,750,1721,30100,110189,152556
"CD",51,2607,3814,6335,58679,190969,259152
"CD",52,2607,3814,6335,58679,190969,259152
"CD",53,2607,3814,6335,58679,190969,259152
"CD",54,2607,3814,6335,58679,190969,259152
"CD",55,2607,3814,6335,58679,190969,259152
"CD",56,2607,3814,6335,58679,190969,259152
"CD",57,2607,3814,6335,58679,190969,259152
"CD",58,2607,3814,6335,58679,190969,259152
"CD",59,2607,3814,6335,58679,190969,259152
"CD",60,2607,3814,6335,58679,190969,259152
"CD",61,2607,3814,6335,58679,190969,259152
"CD",62,2607,3814,6335,58679,190969,259152
"CD",63,2607,3814,6335,58679,190969,259152
"CD",64,2607,3814,6335,58679,190969,259152
"CD",65,2607,3814,6335,58679,190969,259152
"CD",66,2607,3814,6335,58679,190969,259152
"CD",67,2607,3814,6335,58679,190969,259152
"CD",68,2607,3814,6335,58679,190969,259152
"CD",69,2607,3814,6335,58679,190969,259152
"CD",70,2607,3814,6335,58679,190969,259152
"CD",71,2607,3814,6335,58679,190969,259152
"CD",72,2607,3814,6335,58679,190969,259152
"CD",73,2607,3814,6335,58679,190969,259152
"CD",74,2607,3814,6335,58679,190969,259152
"CD",75,2607,3814,6335,58679,190969,259152
"CD",76,2607,3814,6335,58679,190969,259152
"CD",77,2607,3814,6335,58679,190969,259152
"CD",78,2607,3814,6335,58679,190969,259152
"CD",79,2607,3814,6335,58679,190969,259152
"CD",80,2607,3814,6335,58679,190969,259152
"CD",81,2607,3814,6335,58679,190969,259152
"CD",82,2607,3814,6335,58679,190969,259152
"CD",83,2607,3814,6335,58679,190969,259152
"CD",84,2607,3814,6335,58679,190969,259152
"CD",85,2607,3814,6335,58679,190969,259152
"CD",86,2607,3814,6335,58679,190969,259152
"CD",87,2607,3814,6335,58679,190969,259152
"CD",88,2607,3814,6335,58679,190969,259152
"CD",89,2607,3814,6335,58679,190969,259152
"CD",90,2607,3814,6335,58679,190969,259152
"CD",91,12661,22744,35571,173231,419569,511674
"CD",92,12661,22744,35571,173231,419569,511674
"CD",93,12661,22744,35571,173231,419569,511674
"CD",94,12661,22744,35571,173231,419569,511674
"CD",95,12661,22744,35571,173231,419569,511674
"CD",96,12661,22744,35571,173231,419569,511674
"CD",97,12661,22744,35571,173231,419569,511674
"CD",98,12661,22744,35571,173231,419569,511674
"CD",99,12661,22744,35571,173231,419569,511674
"CD",100,107140,170547,233485,648525,1015093,1065568
"CI",1,-1587,-1005,1075,37624,105531,123079
"CI",2,-1587,-1005,1075,37624,105531,123079
"CI",3,-1587,-1005,1075,37624,105531,123079
"CI",4,-1587,-1005,1075,37624,105531,123079
"CI",5,-1587,-1005,1075,37624,105531,123079
"CI",6,-1587,-1005,1075,37624,105531,123079
"CI",7,-1587,-1005,1075,37624,105531,123079
"CI",8,-1587,-1005,1075,37624,105531,123079
"CI",9,-1587,-1005,1075,37624,105531,123079
"CI",10,-1587,-1005,1075,37624,105531,123079
"CI",11,1982,3789,8214,56715,134396,151830
"CI",12,1982,3789,8214,56715,134396,151830
"CI",13,1982,3789,8214,56715,134396,151830
"CI",14,1982,3789,8214,56715,134396,151830
"CI",15,1982,3789,8214,56715,134396,151830
"CI",16,1982,3789,8214,56715,134396,151830
"CI",17,1982,3789,8214,56715,134396,151830
"CI",18,1982,3789,8214,56715,134396,151830
"CI",19,1982,3789,8214,56715,134396,151830
"CI",20,1982,3789,8214,56715,134396,151830
"CI",21,1982,3789,8214,56715,134396,151830
"CI",22,1982,3789,8214,56715,134396,151830
"CI",23,1982,3789,8214,56715,134396,151830
"CI",24,1982,3789,8214,56715,134396,151830
"CI",25,1982,3789,8214,56715,134396,151830
"CI",26,1982,3789,8214,56715,134396,151830
"CI",27,1982,3789,8214,56715,134396,151830
"CI",28,1982,3789,8214,56715,134396,151830
"CI",29,1982,3789,8214,56715,134396,151830
"CI",30,1982,3789,8214,56715,134396,151830
"CI",31,1982,3789,8214,56715,134396,151830
"CI",32,1982,3789,8214,56715,134396,151830
"CI",33,1982,3789,8214,56715,134396,151830
"CI",34,1982,3789,8214,56715,134396,151830
"CI",35,1982,3789,8214,56715,134396,151830
"CI",36,1982,3789,8214,56715,134396,151830
"CI",37,1982,3789,8214,56715,134396,151830
"CI",38,1982,3789,8214,56715,134396,151830
"CI",39,1982,3789,8214,56715,134396,151830
"CI",40,1982,3789,8214,56715,134396,151830
"CI",41,1982,3789,8214,56715,134396,151830
"CI",42,1982,3789,8214,56715,134396,151830
"CI",43,1982,3789,8214,56715,134396,151830
"CI",44,1982,3789,8214,56715,134396,151830
"CI",45,1982,3789,8214,56715,134396,151830
"CI",46,1982,3789,8214,56715,134396,151830
"CI",47,1982,3789,8214,56715,134396,151830
"CI",48,1982,3789,8214,56715,134396,151830
"CI",49,1982,3789,8214,56715,134396,151830
"CI",50,1982,3789,8214,56715,134396,151830
"CI",51,12442,18143,29077,116151,237049,260907
"CI",52,12442,18143,29077,116151,237049,260907
"CI",53,12442,18143,29077,116151,237049,260907
"CI",54,12442,18143,29077,116151,237049,260907
"CI",55,12442,18143,29077,116151,237049,260907
"CI",56,12442,18143,29077,116151,237049,260907
"CI",57,12442,18143,29077,116151,237049,260907
"CI",58,12442,18143,29077,116151,237049,260907
"CI",59,12442,18143,29077,116151,237049,260907
"CI",60,12442,18143,29077,116151,237049,260907
"CI",61,12442,18143,29077,116151,237049,260907
"CI",62,12442,18143,29077,116151,237049,260907
"CI",63,12442,18143,29077,116151,237049,260907
"CI",64,12442,18143,29077,116151,237049,260907
"CI",65,12442,18143,29077,116151,237049,260907
"CI",66,12442,18143,29077,116151,237049,260907
"CI",67,12442,18143,29077,116151,237049,260907
"CI",68,12442,18143,29077,116151,237049,260907
"CI",69,12442,18143,29077,116151,237049,260907
"CI",70,12442,18143,29077,116151,237049,260907
"CI",71,12442,18143,29077,116151,237049,260907
"CI",72,12442,18143,29077,116151,237049,260907
"CI",73,12442,18143,29077,116151,237049,260907
"CI",74,12442,18143,29077,116151,237049,260907
"CI",75,12442,18143,29077,116151,237049,260907
"CI",76,12442,18143,29077,116151,237049,260907
"CI",77,12442,18143,29077,116151,237049,260907
"CI",78,12442,18143,29077,116151,237049,260907
"CI",79,12442,18143,29077,116151,237049,260907
"CI",80,12442,18143,29077,116151,237049,260907
"CI",81,12442,18143,29077,116151,237049,260907
"CI",82,12442,18143,29077,116151,237049,260907
"CI",83,12442,18143,29077,116151,237049,260907
"CI",84,12442,18143,29077,116151,237049,260907
"CI",85,12442,18143,29077,116151,237049,260907
"CI",86,12442,18143,29077,116151,237049,260907
"CI",87,12442,18143,29077,116151,237049,260907
"CI",88,12442,18143,29077,116151,237049,260907
"CI",89,12442,18143,29077,116151,237049,260907
"CI",90,12442,18143,29077,116151,237049,260907
"CI",91,52695,89463,135510,337277,519599,520011
"CI",92,52695,89463,135510,337277,519599,520011
"CI",93,52695,89463,135510,337277,519599,520011
"CI",94,52695,89463,135510,337277,519599,520011
"CI",95,52695,89463,135510,337277,519599,520011
"CI",96,52695,89463,135510,337277,519599,520011
"CI",97,52695,89463,135510,337277,519599,520011
"CI",98,52695,89463,135510,337277,519599,520011
"CI",99,52695,89463,135510,337277,519599,520011
"CI",100,337053,495690,639046,970879,1067371,979628
"ET",1,-1500,-939,730,32338,101412,124372
"ET",2,-1500,-939,730,32338,101412,124372
"ET",3,-1500,-939,730,32338,101412,124372
"ET",4,-1500,-939,730,32338,101412,124372
"ET",5,-1500,-939,730,32338,101412,124372
"ET",6,-1500,-939,730,32338,101412,124372
"ET",7,-1500,-939,730,32338,101412,124372
"ET",8,-1500,-939,730,32338,101412,124372
"ET",9,-1500,-939,730,32338,101412,124372
"ET",10,-1500,-939,730,32338,101412,124372
"ET",11,1914,3404,6775,49003,129134,153445
"ET",12,1914,3404,6775,49003,129134,153445
"ET",13,1914,3404,6775,49003,129134,153445
"ET",14,1914,3404,6775,49003,129134,153445
"ET",15,1914,3404,6775,49003,129134,153445
"ET",16,1914,3404,6775,49003,129134,153445
"ET",17,1914,3404,6775,49003,129134,153445
"ET",18,1914,3404,6775,49003,129134,153445
"ET",19,1914,3404,6775,49003,129134,153445
"ET",20,1914,3404,6775,49003,129134,153445
"ET",21,1914,3404,6775,49003,129134,153445
"ET",22,1914,3404,6775,49003,129134,153445
"ET",23,1914,3404,6775,49003,129134,153445
"ET",24,1914,3404,6775,49003,129134,153445
"ET",25,1914,3404,6775,49003,129134,153445
"ET",26,1914,3404,6775,49003,129134,153445
"ET",27,1914,3404,6775,49003,129134,153445
"ET",28,1914,3404,6775,49003,129134,153445
"ET",29,1914,3404,6775,49003,129134,153445
"ET",30,1914,3404,6775,49003,129134,153445
"ET",31,1914,3404,6775,49003,129134,153445
"ET",32,1914,3404,6775,49003,129134,153445
"ET",33,1914,3404,6775,49003,129134,153445
"ET",34,1914,3404,6775,49003,129134,153445
"ET",35,1914,3404,6775,49003,129134,153445
"ET",36,1914,3404,6775,49003,129134,153445
"ET",37,1914,3404,6775,49003,129134,153445
"ET",38,1914,3404,6775,49003,129134,153445
"ET",39,1914,3404,6775,49003,129134,153445
"ET",40,1914,3404,6775,49003,129134,153445
"ET",41,1914,3404,6775,49003,129134,153445
"ET",42,1914,3404,6775,49003,129134,153445
"ET",43,1914,3404,6775,49003,129134,153445
"ET",44,1914,3404,6775,49003,129134,153445
"ET",45,1914,3404,6775,49003,129134,153445
"ET",46,1914,3404,6775,49003,129134,153445
"ET",47,1914,3404,6775,49003,129134,153445
"ET",48,1914,3404,6775,49003,129134,153445
"ET",49,1914,3404,6775,49003,129134,153445
"ET",50,1914,3404,6775,49003,129134,153445
"ET",51,11933,16086,23797,98735,225903,262425
"ET",52,11933,16086,23797,98735,225903,262425
"ET",53,11933,16086,23797,98735,225903,262425
"ET",54,11933,16086,23797,98735,225903,262425
"ET",55,11933,16086,23797,98735,225903,262425
"ET",56,11933,16086,23797,98735,225903,262425
"ET",57,11933,16086,23797,98735,225903,262425
"ET",58,11933,16086,23797,98735,225903,262425
"ET",59,11933,16086,23797,98735,225903,262425
"ET",60,11933,16086,23797,98735,225903,262425
"ET",61,11933,16086,23797,98735,225903,262425
"ET",62,11933,16086,23797,98735,225903,262425
"ET",63,11933,16086,23797,98735,225903,262425
"ET",64,11933,16086,23797,98735,225903,262425
"ET",65,11933,16086,23797,98735,225903,262425
"ET",66,11933,16086,23797,98735,225903,262425
"ET",67,11933,16086,23797,98735,225903,262425
"ET",68,11933,16086,23797,98735,225903,262425
"ET",69,11933,16086,23797,98735,225903,262425
"ET",70,11933,16086,23797,98735,225903,262425
"ET",71,11933,16086,23797,98735,225903,262425
"ET",72,11933,16086,23797,98735,225903,262425
"ET",73,11933,16086,23797,98735,225903,262425
"ET",74,11933,16086,23797,98735,225903,262425
"ET",75,11933,16086,23797,98735,225903,262425
"ET",76,11933,16086,23797,98735,225903,262425
"ET",77,11933,16086,23797,98735,225903,262425
"ET",78,11933,16086,23797,98735,225903,262425
"ET",79,11933,16086,23797,98735,225903,262425
"ET",80,11933,16086,23797,98735,225903,262425
"ET",81,11933,16086,23797,98735,225903,262425
"ET",82,11933,16086,23797,98735,225903,262425
"ET",83,11933,16086,23797,98735,225903,262425
"ET",84,11933,16086,23797,98735,225903,262425
"ET",85,11933,16086,23797,98735,225903,262425
"ET",86,11933,16086,23797,98735,225903,262425
"ET",87,11933,16086,23797,98735,225903,262425
"ET",88,11933,16086,23797,98735,225903,262425
"ET",89,11933,16086,23797,98735,225903,262425
"ET",90,11933,16086,23797,98735,225903,262425
"ET",91,49417,74115,103498,269412,474981,508187
"ET",92,49417,74115,103498,269412,474981,508187
"ET",93,49417,74115,103498,269412,474981,508187
"ET",94,49417,74115,103498,269412,474981,508187
"ET",95,49417,74115,103498,269412,474981,508187
"ET",96,49417,74115,103498,269412,474981,508187
"ET",97,49417,74115,103498,269412,474981,508187
"ET",98,49417,74115,103498,269412,474981,508187
"ET",99,49417,74115,103498,269412,474981,508187
"ET",100,303791,403973,488191,777580,972293,947824
"KE",1,-1460,-881,816,34362,99562,122687
"KE",2,-1460,-881,816,34362,99562,122687
"KE",3,-1460,-881,816,34362,99562,122687
"KE",4,-1460,-881,816,34362,99562,122687
"KE",5,-1460,-881,816,34362,99562,122687
"KE",6,-1460,-881,816,34362,99562,122687
"KE",7,-1460,-881,816,34362,99562,122687
"KE",8,-1460,-881,816,34362,99562,122687
"KE",9,-1460,-881,816,34362,99562,122687
"KE",10,-1460,-881,816,34362,99562,122687
"KE",11,1758,3010,6213,50166,125473,150629
"KE",12,1758,3010,6213,50166,125473,150629
"KE",13,1758,3010,6213,50166,125473,150629
"KE",14,1758,3010,6213,50166,125473,150629
"KE",15,1758,3010,6213,50166,125473,150629
"KE",16,1758,3010,6213,50166,125473,150629
"KE",17,1758,3010,6213,50166,125473,150629
"KE",18,1758,3010,6213,50166,125473,150629
"KE",19,1758,3010,6213,50166,125473,150629
"KE",20,1758,3010,6213,50166,125473,150629
"KE",21,1758,3010,6213,50166,125473,150629
"KE",22,1758,3010,6213,50166,125473,150629
"KE",23,1758,3010,6213,50166,125473,150629
"KE",24,1758,3010,6213,50166,125473,150629
"KE",25,1758,3010,6213,50166,125473,150629
"KE",26,1758,3010,6213,50166,125473,150629
"KE",27,1758,3010,6213,50166,125473,150629
"KE",28,1758,3010,6213,50166,125473,150629
"KE",29,1758,3010,6213,50166,125473,150629
"KE",30,1758,3010,6213,50166,125473,150629
"KE",31,1758,3010,6213,50166,125473,150629
"KE",32,1758,3010,6213,50166,125473,150629
"KE",33,1758,3010,6213,50166,125473,150629
"KE",34,1758,3010,6213,50166,125473,150629
"KE",35,1758,3010,6213,50166,125473,150629
"KE",36,1758,3010,6213,50166,125473,150629
"KE",37,1758,3010,6213,50166,125473,150629
"KE",38,1758,3010,6213,50166,125473,150629
"KE",39,1758,3010,6213,50166,125473,150629
"KE",40,1758,3010,6213,50166,125473,150629
"KE",41,1758,3010,6213,50166,125473,150629
"KE",42,1758,3010,6213,50166,125473,150629
"KE",43,1758,3010,6213,50166,125473,150629
"KE",44,1758,3010,6213,50166,125473,150629
"KE",45,1758,3010,6213,50166,125473,150629
"KE",46,1758,3010,6213,50166,125473,150629
"KE",47,1758,3010,6213,50166,125473,150629
"KE",48,1758,3010,6213,50166,125473,150629
"KE",49,1758,3010,6213,50166,125473,150629
"KE",50,1758,3010,6213,50166,125473,150629
"KE",51,11147,14815,22422,101632,220884,258924
"KE",52,11147,14815,22422,101632,220884,258924
"KE",53,11147,14815,22422,101632,220884,258924
"KE",54,11147,14815,22422,101632,220884,258924
"KE",55,11147,14815,22422,101632,220884,258924
"KE",56,11147,14815,22422,101632,220884,258924
"KE",57,11147,14815,22422,101632,220884,258924
"KE",58,11147,14815,22422,101632,220884,258924
"KE",59,11147,14815,22422,101632,220884,258924
"KE",60,11147,14815,22422,101632,220884,258924
"KE",61,11147,14815,22422,101632,220884,258924
"KE",62,11147,14815,22422,101632,220884,258924
"KE",63,11147,14815,22422,101632,220884,258924
"KE",64,11147,14815,22422,101632,220884,258924
"KE",65,11147,14815,22422,101632,220884,258924
"KE",66,11147,14815,22422,101632,220884,258924
"KE",67,11147,14815,22422,101632,220884,258924
"KE",68,11147,14815,22422,101632,220884,258924
"KE",69,11147,14815,22422,101632,220884,258924
"KE",70,11147,14815,22422,101632,220884,258924
"KE",71,11147,14815,22422,101632,220884,258924
"KE",72,11147,14815,22422,101632,220884,258924
"KE",73,11147,14815,22422,101632,220884,258924
"KE",74,11147,14815,22422,101632,220884,258924
"KE",75,11147,14815,22422,101632,220884,258924
"KE",76,11147,14815,22422,101632,220884,258924
"KE",77,11147,14815,22422,101632,220884,258924
"KE",78,11147,14815,22422,101632,220884,258924
"KE",79,11147,14815,22422,101632,220884,258924
"KE",80,11147,14815,22422,101632,220884,258924
"KE",81,11147,14815,22422,101632,220884,258924
"KE",82,11147,14815,22422,101632,220884,258924
"KE",83,11147,14815,22422,101632,220884,258924
"KE",84,11147,14815,22422,101632,220884,258924
"KE",85,11147,14815,22422,101632,220884,258924
"KE",86,11147,14815,22422,101632,220884,258924
"KE",87,11147,14815,22422,101632,220884,258924
"KE",88,11147,14815,22422,101632,220884,258924
"KE",89,11147,14815,22422,101632,220884,258924
"KE",90,11147,14815,22422,101632,220884,258924
"KE",91,48591,77699,113089,307688,496387,527846
"KE",92,48591,77699,113089,307688,496387,527846
"KE",93,48591,77699,113089,307688,496387,527846
"KE",94,48591,77699,113089,307688,496387,527846
"KE",95,48591,77699,113089,307688,496387,527846
"KE",96,48591,77699,113089,307688,496387,527846
"KE",97,48591,77699,113089,307688,496387,527846
"KE",98,48591,77699,113089,307688,496387,527846
"KE",99,48591,77699,113089,307688,496387,527846
"KE",100,328489,459079,575183,941179,1071643,1040384
"ML",1,-706,-425,609,26272,93778,125156
"ML",2,-706,-425,609,26272,93778,125156
"ML",3,-706,-425,609,26272,93778,125156
"ML",4,-706,-425,609,26272,93778,125156
"ML",5,-706,-425,609,26272,93778,125156
"ML",6,-706,-425,609,26272,93778,125156
"ML",7,-706,-425,609,26272,93778,125156
"ML",8,-706,-425,609,26272,93778,125156
"ML",9,-706,-425,609,26272,93778,125156
"ML",10,-706,-425,609,26272,93778,125156
"ML",11,878,1692,3823,37906,117760,153117
"ML",12,878,1692,3823,37906,117760,153117
"ML",13,878,1692,3823,37906,117760,153117
"ML",14,878,1692,3823,37906,117760,153117
"ML",15,878,1692,3823,37906,117760,153117
"ML",16,878,1692,3823,37906,117760,153117
"ML",17,878,1692,3823,37906,117760,153117
"ML",18,878,1692,3823,37906,117760,153117
"ML",19,878,1692,3823,37906,117760,153117
"ML",20,878,1692,3823,37906,117760,153117
"ML",21,878,1692,3823,37906,117760,153117
"ML",22,878,1692,3823,37906,117760,153117
"ML",23,878,1692,3823,37906,117760,153117
"ML",24,878,1692,3823,37906,117760,153117
"ML",25,878,1692,3823,37906,117760,153117
"ML",26,878,1692,3823,37906,117760,153117
"ML",27,878,1692,3823,37906,117760,153117
"ML",28,878,1692,3823,37906,117760,153117
"ML",29,878,1692,3823,37906,117760,153117
"ML",30,878,1692,3823,37906,117760,153117
"ML",31,878,1692,3823,37906,117760,153117
"ML",32,878,1692,3823,37906,117760,153117
"ML",33,878,1692,3823,37906,117760,153117
"ML",34,878,1692,3823,37906,117760,153117
"ML",35,878,1692,3823,37906,117760,153117
"ML",36,878,1692,3823,37906,117760,153117
"ML",37,878,1692,3823,37906,117760,153117
"ML",38,878,1692,3823,37906,117760,153117
"ML",39,878,1692,3823,37906,117760,153117
"ML",40,878,1692,3823,37906,117760,153117
"ML",41,878,1692,3823,37906,117760,153117
"ML",42,878,1692,3823,37906,117760,153117
"ML",43,878,1692,3823,37906,117760,153117
"ML",44,878,1692,3823,37906,117760,153117
"ML",45,878,1692,3823,37906,117760,153117
"ML",46,878,1692,3823,37906,117760,153117
"ML",47,878,1692,3823,37906,117760,153117
"ML",48,878,1692,3823,37906,117760,153117
"ML",49,878,1692,3823,37906,117760,153117
"ML",50,878,1692,3823,37906,117760,153117
"ML",51,5520,8014,13213,74824,204718,260877
"ML",52,5520,8014,13213,74824,204718,260877
"ML",53,5520,8014,13213,74824,204718,260877
"ML",54,5520,8014,13213,74824,204718,260877
"ML",55,5520,8014,13213,74824,204718,260877
"ML",56,5520,8014,13213,74824,204718,260877
"ML",57,5520,8014,13213,74824,204718,260877
"ML",58,5520,8014,13213,74824,204718,260877
"ML",59,5520,8014,13213,74824,204718,260877
"ML",60,5520,8014,13213,74824,204718,260877
"ML",61,5520,8014,13213,74824,204718,260877
"ML",62,5520,8014,13213,74824,204718,260877
"ML",63,5520,8014,13213,74824,204718,260877
"ML",64,5520,8014,13213,74824,204718,260877
"ML",65,5520,8014,13213,74824,204718,260877
"ML",66,5520,8014,13213,74824,204718,260877
"ML",67,5520,8014,13213,74824,204718,260877
"ML",68,5520,8014,13213,74824,204718,260877
"ML",69,5520,8014,13213,74824,204718,260877
"ML",70,5520,8014,13213,74824,204718,260877
"ML",71,5520,8014,13213,74824,204718,260877
"ML",72,5520,8014,13213,74824,204718,260877
"ML",73,5520,8014,13213,74824,204718,260877
"ML",74,5520,8014,13213,74824,204718,260877
"ML",75,5520,8014,13213,74824,204718,260877
"ML",76,5520,8014,13213,74824,204718,260877
"ML",77,5520,8014,13213,74824,204718,260877
"ML",78,5520,8014,13213,74824,204718,260877
"ML",79,5520,8014,13213,74824,204718,260877
"ML",80,5520,8014,13213,74824,204718,260877
"ML",81,5520,8014,13213,74824,204718,260877
"ML",82,5520,8014,13213,74824,204718,260877
"ML",83,5520,8014,13213,74824,204718,260877
"ML",84,5520,8014,13213,74824,204718,260877
"ML",85,5520,8014,13213,74824,204718,260877
"ML",86,5520,8014,13213,74824,204718,260877
"ML",87,5520,8014,13213,74824,204718,260877
"ML",88,5520,8014,13213,74824,204718,260877
"ML",89,5520,8014,13213,74824,204718,260877
"ML",90,5520,8014,13213,74824,204718,260877
"ML",91,23481,40152,62542,210688,439704,512155
"ML",92,23481,40152,62542,210688,439704,512155
"ML",93,23481,40152,62542,210688,439704,512155
"ML",94,23481,40152,62542,210688,439704,512155
"ML",95,23481,40152,62542,210688,439704,512155
"ML",96,23481,40152,62542,210688,439704,512155
"ML",97,23481,40152,62542,210688,439704,512155
"ML",98,23481,40152,62542,210688,439704,512155
"ML",99,23481,40152,62542,210688,439704,512155
"ML",100,151419,222651,298428,619856,931905,979272
"NE",1,-408,-219,508,21225,85629,127341
"NE",2,-408,-219,508,21225,85629,127341
"NE",3,-408,-219,508,21225,85629,127341
"NE",4,-408,-219,508,21225,85629,127341
"NE",5,-408,-219,508,21225,85629,127341
"NE",6,-408,-219,508,21225,85629,127341
"NE",7,-408,-219,508,21225,85629,127341
"NE",8,-408,-219,508,21225,85629,127341
"NE",9,-408,-219,508,21225,85629,127341
"NE",10,-408,-219,508,21225,85629,127341
"NE",11,507,1057,2566,30156,106978,155054
"NE",12,507,1057,2566,30156,106978,155054
"NE",13,507,1057,2566,30156,106978,155054
"NE",14,507,1057,2566,30156,106978,155054
"NE",15,507,1057,2566,30156,106978,155054
"NE",16,507,1057,2566,30156,106978,155054
"NE",17,507,1057,2566,30156,106978,155054
"NE",18,507,1057,2566,30156,106978,155054
"NE",19,507,1057,2566,30156,106978,155054
"NE",20,507,1057,2566,30156,106978,155054
"NE",21,507,1057,2566,30156,106978,155054
"NE",22,507,1057,2566,30156,106978,155054
"NE",23,507,1057,2566,30156,106978,155054
"NE",24,507,1057,2566,30156,106978,155054
"NE",25,507,1057,2566,30156,106978,155054
"NE",26,507,1057,2566,30156,106978,155054
"NE",27,507,1057,2566,30156,106978,155054
"NE",28,507,1057,2566,30156,106978,155054
"NE",29,507,1057,2566,30156,106978,155054
"NE",30,507,1057,2566,30156,106978,155054
"NE",31,507,1057,2566,30156,106978,155054
"NE",32,507,1057,2566,30156,106978,155054
"NE",33,507,1057,2566,30156,106978,155054
"NE",34,507,1057,2566,30156,106978,155054
"NE",35,507,1057,2566,30156,106978,155054
"NE",36,507,1057,2566,30156,106978,155054
"NE",37,507,1057,2566,30156,106978,155054
"NE",38,507,1057,2566,30156,106978,155054
"NE",39,507,1057,2566,30156,106978,155054
"NE",40,507,1057,2566,30156,106978,155054
"NE",41,507,1057,2566,30156,106978,155054
"NE",42,507,1057,2566,30156,106978,155054
"NE",43,507,1057,2566,30156,106978,155054
"NE",44,507,1057,2566,30156,106978,155054
"NE",45,507,1057,2566,30156,106978,155054
"NE",46,507,1057,2566,30156,106978,155054
"NE",47,507,1057,2566,30156,106978,155054
"NE",48,507,1057,2566,30156,106978,155054
"NE",49,507,1057,2566,30156,106978,155054
"NE",50,507,1057,2566,30156,106978,155054
"NE",51,3188,4717,8192,57024,182664,261079
"NE",52,3188,4717,8192,57024,182664,261079
"NE",53,3188,4717,8192,57024,182664,261079
"NE",54,3188,4717,8192,57024,182664,261079
"NE",55,3188,4717,8192,57024,182664,261079
"NE",56,3188,4717,8192,57024,182664,261079
"NE",57,3188,4717,8192,57024,182664,261079
"NE",58,3188,4717,8192,57024,182664,261079
"NE",59,3188,4717,8192,57024,182664,261079
"NE",60,3188,4717,8192,57024,182664,261079
"NE",61,3188,4717,8192,57024,182664,261079
"NE",62,3188,4717,8192,57024,182664,261079
"NE",63,3188,4717,8192,57024,182664,261079
"NE",64,3188,4717,8192,57024,182664,261079
"NE",65,3188,4717,8192,57024,182664,261079
"NE",66,3188,4717,8192,57024,182664,261079
"NE",67,3188,4717,8192,57024,182664,261079
"NE",68,3188,4717,8192,57024,182664,261079
"NE",69,3188,4717,8192,57024,182664,261079
"NE",70,3188,4717,8192,57024,182664,261079
"NE",71,3188,4717,8192,57024,182664,261079
"NE",72,3188,4717,8192,57024,182664,261079
"NE",73,3188,4717,8192,57024,182664,261079
"NE",74,3188,4717,8192,57024,182664,261079
"NE",75,3188,4717,8192,57024,182664,261079
"NE",76,3188,4717,8192,57024,182664,261079
"NE",77,3188,4717,8192,57024,182664,261079
"NE",78,3188,4717,8192,57024,182664,261079
"NE",79,3188,4717,8192,57024,182664,261079
"NE",80,3188,4717,8192,57024,182664,261079
"NE",81,3188,4717,8192,57024,182664,261079
"NE",82,3188,4717,8192,57024,182664,261079
"NE",83,3188,4717,8192,57024,182664,261079
"NE",84,3188,4717,8192,57024,182664,261079
"NE",85,3188,4717,8192,57024,182664,261079
"NE",86,3188,4717,8192,57024,182664,261079
"NE",87,3188,4717,8192,57024,182664,261079
"NE",88,3188,4717,8192,57024,182664,261079
"NE",89,3188,4717,8192,57024,182664,261079
"NE",90,3188,4717,8192,57024,182664,261079
"NE",91,13579,23803,38584,155008,382613,499972
"NE",92,13579,23803,38584,155008,382613,499972
"NE",93,13579,23803,38584,155008,382613,499972
"NE",94,13579,23803,38584,155008,382613,499972
"NE",95,13579,23803,38584,155008,382613,499972
"NE",96,13579,23803,38584,155008,382613,499972
"NE",97,13579,23803,38584,155008,382613,499972
"NE",98,13579,23803,38584,155008,382613,499972
"NE",99,13579,23803,38584,155008,382613,499972
"NE",100,87777,142094,204251,501386,859494,981510
"NG",1,-1350,-881,598,34912,100205,121703
"NG",2,-1350,-881,598,34912,100205,121703
"NG",3,-1350,-881,598,34912,100205,121703
"NG",4,-1350,-881,598,34912,100205,121703
"NG",5,-1350,-881,598,34912,100205,121703
"NG",6,-1350,-881,598,34912,100205,121703
"NG",7,-1350,-881,598,34912,100205,121703
"NG",8,-1350,-881,598,34912,100205,121703
"NG",9,-1350,-881,598,34912,100205,121703
"NG",10,-1350,-881,598,34912,100205,121703
"NG",11,1708,3231,6410,52933,128708,151329
"NG",12,1708,3231,6410,52933,128708,151329
"NG",13,1708,3231,6410,52933,128708,151329
"NG",14,1708,3231,6410,52933,128708,151329
"NG",15,1708,3231,6410,52933,128708,151329
"NG",16,1708,3231,6410,52933,128708,151329
"NG",17,1708,3231,6410,52933,128708,151329
"NG",18,1708,3231,6410,52933,128708,151329
"NG",19,1708,3231,6410,52933,128708,151329
"NG",20,1708,3231,6410,52933,128708,151329
"NG",21,1708,3231,6410,52933,128708,151329
"NG",22,1708,3231,6410,52933,128708,151329
"NG",23,1708,3231,6410,52933,128708,151329
"NG",24,1708,3231,6410,52933,128708,151329
"NG",25,1708,3231,6410,52933,128708,151329
"NG",26,1708,3231,6410,52933,128708,151329
"NG",27,1708,3231,6410,52933,128708,151329
"NG",28,1708,3231,6410,52933,128708,151329
"NG",29,1708,3231,6410,52933,128708,151329
"NG",30,1708,3231,6410,52933,128708,151329
"NG",31,1708,3231,6410,52933,128708,151329
"NG",32,1708,3231,6410,52933,128708,151329
"NG",33,1708,3231,6410,52933,128708,151329
"NG",34,1708,3231,6410,52933,128708,151329
"NG",35,1708,3231,6410,52933,128708,151329
"NG",36,1708,3231,6410,52933,128708,151329
"NG",37,1708,3231,6410,52933,128708,151329
"NG",38,1708,3231,6410,52933,128708,151329
"NG",39,1708,3231,6410,52933,128708,151329
"NG",40,1708,3231,6410,52933,128708,151329
"NG",41,1708,3231,6410,52933,128708,151329
"NG",42,1708,3231,6410,52933,128708,151329
"NG",43,1708,3231,6410,52933,128708,151329
"NG",44,1708,3231,6410,52933,128708,151329
"NG",45,1708,3231,6410,52933,128708,151329
"NG",46,1708,3231,6410,52933,128708,151329
"NG",47,1708,3231,6410,52933,128708,151329
"NG",48,1708,3231,6410,52933,128708,151329
"NG",49,1708,3231,6410,52933,128708,151329
"NG",50,1708,3231,6410,52933,128708,151329
"NG",51,10680,15464,23222,108025,228143,261450
"NG",52,10680,15464,23222,108025,228143,261450
"NG",53,10680,15464,23222,108025,228143,261450
"NG",54,10680,15464,23222,108025,228143,261450
"NG",55,10680,15464,23222,108025,228143,261450
"NG",56,10680,15464,23222,108025,228143,261450
"NG",57,10680,15464,23222,108025,228143,261450
"NG",58,10680,15464,23222,108025,228143,261450
"NG",59,10680,15464,23222,108025,228143,261450
"NG",60,10680,15464,23222,108025,228143,261450
"NG",61,10680,15464,23222,108025,228143,261450
"NG",62,10680,15464,23222,108025,228143,261450
"NG",63,10680,15464,23222,108025,228143,261450
"NG",64,10680,15464,23222,108025,228143,261450
"NG",65,10680,15464,23222,108025,228143,261450
"NG",66,10680,15464,23222,108025,228143,261450
"NG",67,10680,15464,23222,108025,228143,261450
"NG",68,10680,15464,23222,108025,228143,261450
"NG",69,10680,15464,23222,108025,228143,261450
"NG",70,10680,15464,23222,108025,228143,261450
"NG",71,10680,15464,23222,108025,228143,261450
"NG",72,10680,15464,23222,108025,228143,261450
"NG",73,10680,15464,23222,108025,228143,261450
"NG",74,10680,15464,23222,108025,228143,261450
"NG",75,10680,15464,23222,108025,228143,261450
"NG",76,10680,15464,23222,108025,228143,261450
"NG",77,10680,15464,23222,108025,228143,261450
"NG",78,10680,15464,23222,108025,228143,261450
"NG",79,10680,15464,23222,108025,228143,261450
"NG",80,10680,15464,23222,108025,228143,261450
"NG",81,10680,15464,23222,108025,228143,261450
"NG",82,10680,15464,23222,108025,228143,261450
"NG",83,10680,15464,23222,108025,228143,261450
"NG",84,10680,15464,23222,108025,228143,261450
"NG",85,10680,15464,23222,108025,228143,261450
"NG",86,10680,15464,23222,108025,228143,261450
"NG",87,10680,15464,23222,108025,228143,261450
"NG",88,10680,15464,23222,108025,228143,261450
"NG",89,10680,15464,23222,108025,228143,261450
"NG",90,10680,15464,23222,108025,228143,261450
"NG",91,44628,72484,102555,296127,490245,518335
"NG",92,44628,72484,102555,296127,490245,518335
"NG",93,44628,72484,102555,296127,490245,518335
"NG",94,44628,72484,102555,296127,490245,518335
"NG",95,44628,72484,102555,296127,490245,518335
"NG",96,44628,72484,102555,296127,490245,518335
"NG",97,44628,72484,102555,296127,490245,518335
"NG",98,44628,72484,102555,296127,490245,518335
"NG",99,44628,72484,102555,296127,490245,518335
"NG",100,343870,438589,520740,889473,1040185,1006806
"RW",1,-754,-468,552,27919,94618,125565
"RW",2,-754,-468,552,27919,94618,125565
"RW",3,-754,-468,552,27919,94618,125565
"RW",4,-754,-468,552,27919,94618,125565
"RW",5,-754,-468,552,27919,94618,125565
"RW",6,-754,-468,552,27919,94618,125565
"RW",7,-754,-468,552,27919,94618,125565
"RW",8,-754,-468,552,27919,94618,125565
"RW",9,-754,-468,552,27919,94618,125565
"RW",10,-754,-468,552,27919,94618,125565
"RW",11,757,1510,3498,39289,117843,152795
"RW",12,757,1510,3498,39289,117843,152795
"RW",13,757,1510,3498,39289,117843,152795
"RW",14,757,1510,3498,39289,117843,152795
"RW",15,757,1510,3498,39289,117843,152795
"RW",16,757,1510,3498,39289,117843,152795
"RW",17,757,1510,3498,39289,117843,152795
"RW",18,757,1510,3498,39289,117843,152795
"RW",19,757,1510,3498,39289,117843,152795
"RW",20,757,1510,3498,39289,117843,152795
"RW",21,757,1510,3498,39289,117843,152795
"RW",22,757,1510,3498,39289,117843,152795
"RW",23,757,1510,3498,39289,117843,152795
"RW",24,757,1510,3498,39289,117843,152795
"RW",25,757,1510,3498,39289,117843,152795
"RW",26,757,1510,3498,39289,117843,152795
"RW",27,757,1510,3498,39289,117843,152795
"RW",28,757,1510,3498,39289,117843,152795
"RW",29,757,1510,3498,39289,117843,152795
"RW",30,757,1510,3498,39289,117843,152795
"RW",31,757,1510,3498,39289,117843,152795
"RW",32,757,1510,3498,39289,117843,152795
"RW",33,757,1510,3498,39289,117843,152795
"RW",34,757,1510,3498,39289,117843,152795
"RW",35,757,1510,3498,39289,117843,152795
"RW",36,757,1510,3498,39289,117843,152795
"RW",37,757,1510,3498,39289,117843,152795
"RW",38,757,1510,3498,39289,117843,152795
"RW",39,757,1510,3498,39289,117843,152795
"RW",40,757,1510,3498,39289,117843,152795
"RW",41,757,1510,3498,39289,117843,152795
"RW",42,757,1510,3498,39289,117843,152795
"RW",43,757,1510,3498,39289,117843,152795
"RW",44,757,1510,3498,39289,117843,152795
"RW",45,757,1510,3498,39289,117843,152795
"RW",46,757,1510,3498,39289,117843,152795
"RW",47,757,1510,3498,39289,117843,152795
"RW",48,757,1510,3498,39289,117843,152795
"RW",49,757,1510,3498,39289,117843,152795
"RW",50,757,1510,3498,39289,117843,152795
"RW",51,4932,7072,11656,74862,201939,257906
"RW",52,4932,7072,11656,74862,201939,257906
"RW",53,4932,7072,11656,74862,201939,257906
"RW",54,4932,7072,11656,74862,201939,257906
"RW",55,4932,7072,11656,74862,201939,257906
"RW",56,4932,7072,11656,74862,201939,257906
"RW",57,4932,7072,11656,74862,201939,257906
"RW",58,4932,7072,11656,74862,201939,257906
"RW",59,4932,7072,11656,74862,201939,257906
"RW",60,4932,7072,11656,74862,201939,257906
"RW",61,4932,7072,11656,74862,201939,257906
"RW",62,4932,7072,11656,74862,201939,257906
"RW",63,4932,7072,11656,74862,201939,257906
"RW",64,4932,7072,11656,74862,201939,257906
"RW",65,4932,7072,11656,74862,201939,257906
"RW",66,4932,7072,11656,74862,201939,257906
"RW",67,4932,7072,11656,74862,201939,257906
"RW",68,4932,7072,11656,74862,201939,257906
"RW",69,4932,7072,11656,74862,201939,257906
"RW",70,4932,7072,11656,74862,201939,257906
"RW",71,4932,7072,11656,74862,201939,257906
"RW",72,4932,7072,11656,74862,201939,257906
"RW",73,4932,7072,11656,74862,201939,257906
"RW",74,4932,7072,11656,74862,201939,257906
"RW",75,4932,7072,11656,74862,201939,257906
"RW",76,4932,7072,11656,74862,201939,257906
"RW",77,4932,7072,11656,74862,201939,257906
"RW",78,4932,7072,11656,74862,201939,257906
"RW",79,4932,7072,11656,74862,201939,257906
"RW",80,4932,7072,11656,74862,201939,257906
"RW",81,4932,7072,11656,74862,201939,257906
"RW",82,4932,7072,11656,74862,201939,257906
"RW",83,4932,7072,11656,74862,201939,257906
"RW",84,4932,7072,11656,74862,201939,257906
"RW",85,4932,7072,11656,74862,201939,257906
"RW",86,4932,7072,11656,74862,201939,257906
"RW",87,4932,7072,11656,74862,201939,257906
"RW",88,4932,7072,11656,74862,201939,257906
"RW",89,4932,7072,11656,74862,201939,257906
"RW",90,4932,7072,11656,74862,201939,257906
"RW",91,23284,40131,62322,222839,446342,514549
"RW",92,23284,40131,62322,222839,446342,514549
"RW",93,23284,40131,62322,222839,446342,514549
"RW",94,23284,40131,62322,222839,446342,514549
"RW",95,23284,40131,62322,222839,446342,514549
"RW",96,23284,40131,62322,222839,446342,514549
"RW",97,23284,40131,62322,222839,446342,514549
"RW",98,23284,40131,62322,222839,446342,514549
"RW",99,23284,40131,62322,222839,446342,514549
"RW",100,185853,288941,391650,820871,1073896,1085348
"SD",1,-357,-190,575,24318,98032,125325
"SD",2,-357,-190,575,24318,98032,125325
"SD",3,-357,-190,575,24318,98032,125325
"SD",4,-357,-190,575,24318,98032,125325
"SD",5,-357,-190,575,24318,98032,125325
"SD",6,-357,-190,575,24318,98032,125325
"SD",7,-357,-190,575,24318,98032,125325
"SD",8,-357,-190,575,24318,98032,125325
"SD",9,-357,-190,575,24318,98032,125325
"SD",10,-357,-190,575,24318,98032,125325
"SD",11,444,1025,2763,34849,123082,153457
"SD",12,444,1025,2763,34849,123082,153457
"SD",13,444,1025,2763,34849,123082,153457
"SD",14,444,1025,2763,34849,123082,153457
"SD",15,444,1025,2763,34849,123082,153457
"SD",16,444,1025,2763,34849,123082,153457
"SD",17,444,1025,2763,34849,123082,153457
"SD",18,444,1025,2763,34849,123082,153457
"SD",19,444,1025,2763,34849,123082,153457
"SD",20,444,1025,2763,34849,123082,153457
"SD",21,444,1025,2763,34849,123082,153457
"SD",22,444,1025,2763,34849,123082,153457
"SD",23,444,1025,2763,34849,123082,153457
"SD",24,444,1025,2763,34849,123082,153457
"SD",25,444,1025,2763,34849,123082,153457
"SD",26,444,1025,2763,34849,123082,153457
"SD",27,444,1025,2763,34849,123082,153457
"SD",28,444,1025,2763,34849,123082,153457
"SD",29,444,1025,2763,34849,123082,153457
"SD",30,444,1025,2763,34849,123082,153457
"SD",31,444,1025,2763,34849,123082,153457
"SD",32,444,1025,2763,34849,123082,153457
"SD",33,444,1025,2763,34849,123082,153457
"SD",34,444,1025,2763,34849,123082,153457
"SD",35,444,1025,2763,34849,123082,153457
"SD",36,444,1025,2763,34849,123082,153457
"SD",37,444,1025,2763,34849,123082,153457
"SD",38,444,1025,2763,34849,123082,153457
"SD",39,444,1025,2763,34849,123082,153457
"SD",40,444,1025,2763,34849,123082,153457
"SD",41,444,1025,2763,34849,123082,153457
"SD",42,444,1025,2763,34849,123082,153457
"SD",43,444,1025,2763,34849,123082,153457
"SD",44,444,1025,2763,34849,123082,153457
"SD",45,444,1025,2763,34849,123082,153457
"SD",46,444,1025,2763,34849,123082,153457
"SD",47,444,1025,2763,34849,123082,153457
"SD",48,444,1025,2763,34849,123082,153457
"SD",49,444,1025,2763,34849,123082,153457
"SD",50,444,1025,2763,34849,123082,153457
"SD",51,2791,4616,8962,67347,213082,261127
"SD",52,2791,4616,8962,67347,213082,261127
"SD",53,2791,4616,8962,67347,213082,261127
"SD",54,2791,4616,8962,67347,213082,261127
"SD",55,2791,4616,8962,67347,213082,261127
"SD",56,2791,4616,8962,67347,213082,261127
"SD",57,2791,4616,8962,67347,213082,261127
"SD",58,2791,4616,8962,67347,213082,261127
"SD",59,2791,4616,8962,67347,213082,261127
"SD",60,2791,4616,8962,67347,213082,261127
"SD",61,2791,4616,8962,67347,213082,261127
"SD",62,2791,4616,8962,67347,213082,261127
"SD",63,2791,4616,8962,67347,213082,261127
"SD",64,2791,4616,8962,67347,213082,261127
"SD",65,2791,4616,8962,67347,213082,261127
"SD",66,2791,4616,8962,67347,213082,261127
"SD",67,2791,4616,8962,67347,213082,261127
"SD",68,2791,4616,8962,67347,213082,261127
"SD",69,2791,4616,8962,67347,213082,261127
"SD",70,2791,4616,8962,67347,213082,261127
"SD",71,2791,4616,8962,67347,213082,261127
"SD",72,2791,4616,8962,67347,213082,261127
"SD",73,2791,4616,8962,67347,213082,261127
"SD",74,2791,4616,8962,67347,213082,261127
"SD",75,2791,4616,8962,67347,213082,261127
"SD",76,2791,4616,8962,67347,213082,261127
"SD",77,2791,4616,8962,67347,213082,261127
"SD",78,2791,4616,8962,67347,213082,261127
"SD",79,2791,4616,8962,67347,213082,261127
"SD",80,2791,4616,8962,67347,213082,261127
"SD",81,2791,4616,8962,67347,213082,261127
"SD",82,2791,4616,8962,67347,213082,261127
"SD",83,2791,4616,8962,67347,213082,261127
"SD",84,2791,4616,8962,67347,213082,261127
"SD",85,2791,4616,8962,67347,213082,261127
"SD",86,2791,4616,8962,67347,213082,261127
"SD",87,2791,4616,8962,67347,213082,261127
"SD",88,2791,4616,8962,67347,213082,261127
"SD",89,2791,4616,8962,67347,213082,261127
"SD",90,2791,4616,8962,67347,213082,261127
"SD",91,11881,23187,41328,180324,445866,504986
"SD",92,11881,23187,41328,180324,445866,504986
"SD",93,11881,23187,41328,180324,445866,504986
"SD",94,11881,23187,41328,180324,445866,504986
"SD",95,11881,23187,41328,180324,445866,504986
"SD",96,11881,23187,41328,180324,445866,504986
"SD",97,11881,23187,41328,180324,445866,504986
"SD",98,11881,23187,41328,180324,445866,504986
"SD",99,11881,23187,41328,180324,445866,504986
"SD",100,76710,151158,243313,630379,1011848,1018519
"ZA",1,-10598,-7538,-3560,30697,94847,123403
"ZA",2,-10598,-7538,-3560,30697,94847,123403
"ZA",3,-10598,-7538,-3560,30697,94847,123403
"ZA",4,-10598,-7538,-3560,30697,94847,123403
"ZA",5,-10598,-7538,-3560,30697,94847,123403
"ZA",6,-10598,-7538,-3560,30697,94847,123403
"ZA",7,-10598,-7538,-3560,30697,94847,123403
"ZA",8,-10598,-7538,-3560,30697,94847,123403
"ZA",9,-10598,-7538,-3560,30697,94847,123403
"ZA",10,-10598,-7538,-3560,30697,94847,123403
"ZA",11,736,2773,6957,45659,116793,148828
"ZA",12,736,2773,6957,45659,116793,148828
"ZA",13,736,2773,6957,45659,116793,148828
"ZA",14,736,2773,6957,45659,116793,148828
"ZA",15,736,2773,6957,45659,116793,148828
"ZA",16,736,2773,6957,45659,116793,148828
"ZA",17,736,2773,6957,45659,116793,148828
"ZA",18,736,2773,6957,45659,116793,148828
"ZA",19,736,2773,6957,45659,116793,148828
"ZA",20,736,2773,6957,45659,116793,148828
"ZA",21,736,2773,6957,45659,116793,148828
"ZA",22,736,2773,6957,45659,116793,148828
"ZA",23,736,2773,6957,45659,116793,148828
"ZA",24,736,2773,6957,45659,116793,148828
"ZA",25,736,2773,6957,45659,116793,148828
"ZA",26,736,2773,6957,45659,116793,148828
"ZA",27,736,2773,6957,45659,116793,148828
"ZA",28,736,2773,6957,45659,116793,148828
"ZA",29,736,2773,6957,45659,116793,148828
"ZA",30,736,2773,6957,45659,116793,148828
"ZA",31,736,2773,6957,45659,116793,148828
"ZA",32,736,2773,6957,45659,116793,148828
"ZA",33,736,2773,6957,45659,116793,148828
"ZA",34,736,2773,6957,45659,116793,148828
"ZA",35,736,2773,6957,45659,116793,148828
"ZA",36,736,2773,6957,45659,116793,148828
"ZA",37,736,2773,6957,45659,116793,148828
"ZA",38,736,2773,6957,45659,116793,148828
"ZA",39,736,2773,6957,45659,116793,148828
"ZA",40,736,2773,6957,45659,116793,148828
"ZA",41,736,2773,6957,45659,116793,148828
"ZA",42,736,2773,6957,45659,116793,148828
"ZA",43,736,2773,6957,45659,116793,148828
"ZA",44,736,2773,6957,45659,116793,148828
"ZA",45,736,2773,6957,45659,116793,148828
"ZA",46,736,2773,6957,45659,116793,148828
"ZA",47,736,2773,6957,45659,116793,148828
"ZA",48,736,2773,6957,45659,116793,148828
"ZA",49,736,2773,6957,45659,116793,148828
"ZA",50,736,2773,6957,45659,116793,148828
"ZA",51,12993,19052,28873,95807,205148,254584
"ZA",52,12993,19052,28873,95807,205148,254584
"ZA",53,12993,19052,28873,95807,205148,254584
"ZA",54,12993,19052,28873,95807,205148,254584
"ZA",55,12993,19052,28873,95807,205148,254584
"ZA",56,12993,19052,28873,95807,205148,254584
"ZA",57,12993,19052,28873,95807,205148,254584
"ZA",58,12993,19052,28873,95807,205148,254584
"ZA",59,12993,19052,28873,95807,205148,254584
"ZA",60,12993,19052,28873,95807,205148,254584
"ZA",61,12993,19052,28873,95807,205148,254584
"ZA",62,12993,19052,28873,95807,205148,254584
"ZA",63,12993,19052,28873,95807,205148,254584
"ZA",64,12993,19052,28873,95807,205148,254584
"ZA",65,12993,19052,28873,95807,205148,254584
"ZA",66,12993,19052,28873,95807,205148,254584
"ZA",67,12993,19052,28873,95807,205148,254584
"ZA",68,12993,19052,28873,95807,205148,254584
"ZA",69,12993,19052,28873,95807,205148,254584
"ZA",70,12993,19052,28873,95807,205148,254584
"ZA",71,12993,19052,28873,95807,205148,254584
"ZA",72,12993,19052,28873,95807,205148,254584
"ZA",73,12993,19052,28873,95807,205148,254584
"ZA",74,12993,19052,28873,95807,205148,254584
"ZA",75,12993,19052,28873,95807,205148,254584
"ZA",76,12993,19052,28873,95807,205148,254584
"ZA",77,12993,19052,28873,95807,205148,254584
"ZA",78,12993,19052,28873,95807,205148,254584
"ZA",79,12993,19052,28873,95807,205148,254584
"ZA",80,12993,19052,28873,95807,205148,254584
"ZA",81,12993,19052,28873,95807,205148,254584
"ZA",82,12993,19052,28873,95807,205148,254584
"ZA",83,12993,19052,28873,95807,205148,254584
"ZA",84,12993,19052,28873,95807,205148,254584
"ZA",85,12993,19052,28873,95807,205148,254584
"ZA",86,12993,19052,28873,95807,205148,254584
"ZA",87,12993,19052,28873,95807,205148,254584
"ZA",88,12993,19052,28873,95807,205148,254584
"ZA",89,12993,19052,28873,95807,205148,254584
"ZA",90,12993,19052,28873,95807,205148,254584
"ZA",91,105687,169088,226739,389795,517465,551598
"ZA",92,105687,169088,226739,389795,517465,551598
"ZA",93,105687,169088,226739,389795,517465,551598
"ZA",94,105687,169088,226739,389795,517465,551598
"ZA",95,105687,169088,226739,389795,517465,551598
"ZA",96,105687,169088,226739,389795,517465,551598
"ZA",97,105687,169088,226739,389795,517465,551598
"ZA",98,105687,169088,226739,389795,517465,551598
"ZA",99,105687,169088,226739,389795,517465,551598
"ZA",100,1697746,1643562,1517704,1222651,1090391,1065103
"OJ",1,-1026,-693,293,26458,92020,123879
"OJ",2,-1026,-693,293,26458,92020,123879
"OJ",3,-1026,-693,293,26458,92020,123879
"OJ",4,-1026,-693,293,26458,92020,123879
"OJ",5,-1026,-693,293,26458,92020,123879
"OJ",6,-1026,-693,293,26458,92020,123879
"OJ",7,-1026,-693,293,26458,92020,123879
"OJ",8,-1026,-693,293,26458,92020,123879
"OJ",9,-1026,-693,293,26458,92020,123879
"OJ",10,-1026,-693,293,26458,92020,123879
"OJ",11,768,1390,3206,36863,113663,149957
"OJ",12,768,1390,3206,36863,113663,149957
"OJ",13,768,1390,3206,36863,113663,149957
"OJ",14,768,1390,3206,36863,113663,149957
"OJ",15,768,1390,3206,36863,113663,149957
"OJ",16,768,1390,3206,36863,113663,149957
"OJ",17,768,1390,3206,36863,113663,149957
"OJ",18,768,1390,3206,36863,113663,149957
"OJ",19,768,1390,3206,36863,113663,149957
"OJ",20,768,1390,3206,36863,113663,149957
"OJ",21,768,1390,3206,36863,113663,149957
"OJ",22,768,1390,3206,36863,113663,149957
"OJ",23,768,1390,3206,36863,113663,149957
"OJ",24,768,1390,3206,36863,113663,149957
"OJ",25,768,1390,3206,36863,113663,149957
"OJ",26,768,1390,3206,36863,113663,149957
"OJ",27,768,1390,3206,36863,113663,149957
"OJ",28,768,1390,3206,36863,113663,149957
"OJ",29,768,1390,3206,36863,113663,149957
"OJ",30,768,1390,3206,36863,113663,149957
"OJ",31,768,1390,3206,36863,113663,149957
"OJ",32,768,1390,3206,36863,113663,149957
"OJ",33,768,1390,3206,36863,113663,149957
"OJ",34,768,1390,3206,36863,113663,149957
"OJ",35,768,1390,3206,36863,113663,149957
"OJ",36,768,1390,3206,36863,113663,149957
"OJ",37,768,1390,3206,36863,113663,149957
"OJ",38,768,1390,3206,36863,113663,149957
"OJ",39,768,1390,3206,36863,113663,149957
"OJ",40,768,1390,3206,36863,113663,149957
"OJ",41,768,1390,3206,36863,113663,149957
"OJ",42,768,1390,3206,36863,113663,149957
"OJ",43,768,1390,3206,36863,113663,149957
"OJ",44,768,1390,3206,36863,113663,149957
"OJ",45,768,1390,3206,36863,113663,149957
"OJ",46,768,1390,3206,36863,113663,149957
"OJ",47,768,1390,3206,36863,113663,149957
"OJ",48,768,1390,3206,36863,113663,149957
"OJ",49,768,1390,3206,36863,113663,149957
"OJ",50,768,1390,3206,36863,113663,149957
"OJ",51,5783,8212,13374,77334,202132,258777
"OJ",52,5783,8212,13374,77334,202132,258777
"OJ",53,5783,8212,13374,77334,202132,258777
"OJ",54,5783,8212,13374,77334,202132,258777
"OJ",55,5783,8212,13374,77334,202132,258777
"OJ",56,5783,8212,13374,77334,202132,258777
"OJ",57,5783,8212,13374,77334,202132,258777
"OJ",58,5783,8212,13374,77334,202132,258777
"OJ",59,5783,8212,13374,77334,202132,258777
"OJ",60,5783,8212,13374,77334,202132,258777
"OJ",61,5783,8212,13374,77334,202132,258777
"OJ",62,5783,8212,13374,77334,202132,258777
"OJ",63,5783,8212,13374,77334,202132,258777
"OJ",64,5783,8212,13374,77334,202132,258777
"OJ",65,5783,8212,13374,77334,202132,258777
"OJ",66,5783,8212,13374,77334,202132,258777
"OJ",67,5783,8212,13374,77334,202132,258777
"OJ",68,5783,8212,13374,77334,202132,258777
"OJ",69,5783,8212,13374,77334,202132,258777
"OJ",70,5783,8212,13374,77334,202132,258777
"OJ",71,5783,8212,13374,77334,202132,258777
"OJ",72,5783,8212,13374,77334,202132,258777
"OJ",73,5783,8212,13374,77334,202132,258777
"OJ",74,5783,8212,13374,77334,202132,258777
"OJ",75,5783,8212,13374,77334,202132,258777
"OJ",76,5783,8212,13374,77334,202132,258777
"OJ",77,5783,8212,13374,77334,202132,258777
"OJ",78,5783,8212,13374,77334,202132,258777
"OJ",79,5783,8212,13374,77334,202132,258777
"OJ",80,5783,8212,13374,77334,202132,258777
"OJ",81,5783,8212,13374,77334,202132,258777
"OJ",82,5783,8212,13374,77334,202132,258777
"OJ",83,5783,8212,13374,77334,202132,258777
"OJ",84,5783,8212,13374,77334,202132,258777
"OJ",85,5783,8212,13374,77334,202132,258777
"OJ",86,5783,8212,13374,77334,202132,258777
"OJ",87,5783,8212,13374,77334,202132,258777
"OJ",88,5783,8212,13374,77334,202132,258777
"OJ",89,5783,8212,13374,77334,202132,258777
"OJ",90,5783,8212,13374,77334,202132,258777
"OJ",91,30875,50875,76529,241526,455891,523040
"OJ",92,30875,50875,76529,241526,455891,523040
"OJ",93,30875,50875,76529,241526,455891,523040
"OJ",94,30875,50875,76529,241526,455891,523040
"OJ",95,30875,50875,76529,241526,455891,523040
"OJ",96,30875,50875,76529,241526,455891,523040
"OJ",97,30875,50875,76529,241526,455891,523040
"OJ",98,30875,50875,76529,241526,455891,523040
"OJ",99,30875,50875,76529,241526,455891,523040
"OJ",100,262959,388935,505077,910047,1096085,1104494
"RU",1,-3836,-2488,709,34321,92142,115419
"RU",2,-3836,-2488,709,34321,92142,115419
"RU",3,-3836,-2488,709,34321,92142,115419
"RU",4,-3836,-2488,709,34321,92142,115419
"RU",5,-3836,-2488,709,34321,92142,115419
"RU",6,-3836,-2488,709,34321,92142,115419
"RU",7,-3836,-2488,709,34321,92142,115419
"RU",8,-3836,-2488,709,34321,92142,115419
"RU",9,-3836,-2488,709,34321,92142,115419
"RU",10,-3836,-2488,709,34321,92142,115419
"RU",11,7533,12991,20112,64659,125362,147676
"RU",12,7533,12991,20112,64659,125362,147676
"RU",13,7533,12991,20112,64659,125362,147676
"RU",14,7533,12991,20112,64659,125362,147676
"RU",15,7533,12991,20112,64659,125362,147676
"RU",16,7533,12991,20112,64659,125362,147676
"RU",17,7533,12991,20112,64659,125362,147676
"RU",18,7533,12991,20112,64659,125362,147676
"RU",19,7533,12991,20112,64659,125362,147676
"RU",20,7533,12991,20112,64659,125362,147676
"RU",21,7533,12991,20112,64659,125362,147676
"RU",22,7533,12991,20112,64659,125362,147676
"RU",23,7533,12991,20112,64659,125362,147676
"RU",24,7533,12991,20112,64659,125362,147676
"RU",25,7533,12991,20112,64659,125362,147676
"RU",26,7533,12991,20112,64659,125362,147676
"RU",27,7533,12991,20112,64659,125362,147676
"RU",28,7533,12991,20112,64659,125362,147676
"RU",29,7533,12991,20112,64659,125362,147676
"RU",30,7533,12991,20112,64659,125362,147676
"RU",31,7533,12991,20112,64659,125362,147676
"RU",32,7533,12991,20112,64659,125362,147676
"RU",33,7533,12991,20112,64659,125362,147676
"RU",34,7533,12991,20112,64659,125362,147676
"RU",35,7533,12991,20112,64659,125362,147676
"RU",36,7533,12991,20112,64659,125362,147676
"RU",37,7533,12991,20112,64659,125362,147676
"RU",38,7533,12991,20112,64659,125362,147676
"RU",39,7533,12991,20112,64659,125362,147676
"RU",40,7533,12991,20112,64659,125362,147676
"RU",41,7533,12991,20112,64659,125362,147676
"RU",42,7533,12991,20112,64659,125362,147676
"RU",43,7533,12991,20112,64659,125362,147676
"RU",44,7533,12991,20112,64659,125362,147676
"RU",45,7533,12991,20112,64659,125362,147676
"RU",46,7533,12991,20112,64659,125362,147676
"RU",47,7533,12991,20112,64659,125362,147676
"RU",48,7533,12991,20112,64659,125362,147676
"RU",49,7533,12991,20112,64659,125362,147676
"RU",50,7533,12991,20112,64659,125362,147676
"RU",51,52156,64754,77559,145548,227187,256961
"RU",52,52156,64754,77559,145548,227187,256961
"RU",53,52156,64754,77559,145548,227187,256961
"RU",54,52156,64754,77559,145548,227187,256961
"RU",55,52156,64754,77559,145548,227187,256961
"RU",56,52156,64754,77559,145548,227187,256961
"RU",57,52156,64754,77559,145548,227187,256961
"RU",58,52156,64754,77559,145548,227187,256961
"RU",59,52156,64754,77559,145548,227187,256961
"RU",60,52156,64754,77559,145548,227187,256961
"RU",61,52156,64754,77559,145548,227187,256961
"RU",62,52156,64754,77559,145548,227187,256961
"RU",63,52156,64754,77559,145548,227187,256961
"RU",64,52156,64754,77559,145548,227187,256961
"RU",65,52156,64754,77559,145548,227187,256961
"RU",66,52156,64754,77559,145548,227187,256961
"RU",67,52156,64754,77559,145548,227187,256961
"RU",68,52156,64754,77559,145548,227187,256961
"RU",69,52156,64754,77559,145548,227187,256961
"RU",70,52156,64754,77559,145548,227187,256961
"RU",71,52156,64754,77559,145548,227187,256961
"RU",72,52156,64754,77559,145548,227187,256961
"RU",73,52156,64754,77559,145548,227187,256961
"RU",74,52156,64754,77559,145548,227187,256961
"RU",75,52156,64754,77559,145548,227187,256961
"RU",76,52156,64754,77559,145548,227187,256961
"RU",77,52156,64754,77559,145548,227187,256961
"RU",78,52156,64754,77559,145548,227187,256961
"RU",79,52156,64754,77559,145548,227187,256961
"RU",80,52156,64754,77559,145548,227187,256961
"RU",81,52156,64754,77559,145548,227187,256961
"RU",82,52156,64754,77559,145548,227187,256961
"RU",83,52156,64754,77559,145548,227187,256961
"RU",84,52156,64754,77559,145548,227187,256961
"RU",85,52156,64754,77559,145548,227187,256961
"RU",86,52156,64754,77559,145548,227187,256961
"RU",87,52156,64754,77559,145548,227187,256961
"RU",88,52156,64754,77559,145548,227187,256961
"RU",89,52156,64754,77559,145548,227187,256961
"RU",90,52156,64754,77559,145548,227187,256961
"RU",91,294594,375686,420268,523942,564599,555900
"RU",92,294594,375686,420268,523942,564599,555900
"RU",93,294594,375686,420268,523942,564599,555900
"RU",94,294594,375686,420268,523942,564599,555900
"RU",95,294594,375686,420268,523942,564599,555900
"RU",96,294594,375686,420268,523942,564599,555900
"RU",97,294594,375686,420268,523942,564599,555900
"RU",98,294594,375686,420268,523942,564599,555900
"RU",99,294594,375686,420268,523942,564599,555900
"RU",100,4801790,3712508,2838784,1663975,1127877,1057231
"OA",1,-4553,-3227,-562,23084,80428,121327
"OA",2,-4553,-3227,-562,23084,80428,121327
"OA",3,-4553,-3227,-562,23084,80428,121327
"OA",4,-4553,-3227,-562,23084,80428,121327
"OA",5,-4553,-3227,-562,23084,80428,121327
"OA",6,-4553,-3227,-562,23084,80428,121327
"OA",7,-4553,-3227,-562,23084,80428,121327
"OA",8,-4553,-3227,-562,23084,80428,121327
"OA",9,-4553,-3227,-562,23084,80428,121327
"OA",10,-4553,-3227,-562,23084,80428,121327
"OA",11,5115,7479,11999,41097,104778,150514
"OA",12,5115,7479,11999,41097,104778,150514
"OA",13,5115,7479,11999,41097,104778,150514
"OA",14,5115,7479,11999,41097,104778,150514
"OA",15,5115,7479,11999,41097,104778,150514
"OA",16,5115,7479,11999,41097,104778,150514
"OA",17,5115,7479,11999,41097,104778,150514
"OA",18,5115,7479,11999,41097,104778,150514
"OA",19,5115,7479,11999,41097,104778,150514
"OA",20,5115,7479,11999,41097,104778,150514
"OA",21,5115,7479,11999,41097,104778,150514
"OA",22,5115,7479,11999,41097,104778,150514
"OA",23,5115,7479,11999,41097,104778,150514
"OA",24,5115,7479,11999,41097,104778,150514
"OA",25,5115,7479,11999,41097,104778,150514
"OA",26,5115,7479,11999,41097,104778,150514
"OA",27,5115,7479,11999,41097,104778,150514
"OA",28,5115,7479,11999,41097,104778,150514
"OA",29,5115,7479,11999,41097,104778,150514
"OA",30,5115,7479,11999,41097,104778,150514
"OA",31,5115,7479,11999,41097,104778,150514
"OA",32,5115,7479,11999,41097,104778,150514
"OA",33,5115,7479,11999,41097,104778,150514
"OA",34,5115,7479,11999,41097,104778,150514
"OA",35,5115,7479,11999,41097,104778,150514
"OA",36,5115,7479,11999,41097,104778,150514
"OA",37,5115,7479,11999,41097,104778,150514
"OA",38,5115,7479,11999,41097,104778,150514
"OA",39,5115,7479,11999,41097,104778,150514
"OA",40,5115,7479,11999,41097,104778,150514
"OA",41,5115,7479,11999,41097,104778,150514
"OA",42,5115,7479,11999,41097,104778,150514
"OA",43,5115,7479,11999,41097,104778,150514
"OA",44,5115,7479,11999,41097,104778,150514
"OA",45,5115,7479,11999,41097,104778,150514
"OA",46,5115,7479,11999,41097,104778,150514
"OA",47,5115,7479,11999,41097,104778,150514
"OA",48,5115,7479,11999,41097,104778,150514
"OA",49,5115,7479,11999,41097,104778,150514
"OA",50,5115,7479,11999,41097,104778,150514
"OA",51,35781,41834,51547,98918,192473,262849
"OA",52,35781,41834,51547,98918,192473,262849
"OA",53,35781,41834,51547,98918,192473,262849
"OA",54,35781,41834,51547,98918,192473,262849
"OA",55,35781,41834,51547,98918,192473,262849
"OA",56,35781,41834,51547,98918,192473,262849
"OA",57,35781,41834,51547,98918,192473,262849
"OA",58,35781,41834,51547,98918,192473,262849
"OA",59,35781,41834,51547,98918,192473,262849
"OA",60,35781,41834,51547,98918,192473,262849
"OA",61,35781,41834,51547,98918,192473,262849
"OA",62,35781,41834,51547,98918,192473,262849
"OA",63,35781,41834,51547,98918,192473,262849
"OA",64,35781,41834,51547,98918,192473,262849
"OA",65,35781,41834,51547,98918,192473,262849
"OA",66,35781,41834,51547,98918,192473,262849
"OA",67,35781,41834,51547,98918,192473,262849
"OA",68,35781,41834,51547,98918,192473,262849
"OA",69,35781,41834,51547,98918,192473,262849
"OA",70,35781,41834,51547,98918,192473,262849
"OA",71,35781,41834,51547,98918,192473,262849
"OA",72,35781,41834,51547,98918,192473,262849
"OA",73,35781,41834,51547,98918,192473,262849
"OA",74,35781,41834,51547,98918,192473,262849
"OA",75,35781,41834,51547,98918,192473,262849
"OA",76,35781,41834,51547,98918,192473,262849
"OA",77,35781,41834,51547,98918,192473,262849
"OA",78,35781,41834,51547,98918,192473,262849
"OA",79,35781,41834,51547,98918,192473,262849
"OA",80,35781,41834,51547,98918,192473,262849
"OA",81,35781,41834,51547,98918,192473,262849
"OA",82,35781,41834,51547,98918,192473,262849
"OA",83,35781,41834,51547,98918,192473,262849
"OA",84,35781,41834,51547,98918,192473,262849
"OA",85,35781,41834,51547,98918,192473,262849
"OA",86,35781,41834,51547,98918,192473,262849
"OA",87,35781,41834,51547,98918,192473,262849
"OA",88,35781,41834,51547,98918,192473,262849
"OA",89,35781,41834,51547,98918,192473,262849
"OA",90,35781,41834,51547,98918,192473,262849
"OA",91,162049,196408,227935,304726,421916,513902
"OA",92,162049,196408,227935,304726,421916,513902
"OA",93,162049,196408,227935,304726,421916,513902
"OA",94,162049,196408,227935,304726,421916,513902
"OA",95,162049,196408,227935,304726,421916,513902
"OA",96,162049,196408,227935,304726,421916,513902
"OA",97,162049,196408,227935,304726,421916,513902
"OA",98,162049,196408,227935,304726,421916,513902
"OA",99,162049,196408,227935,304726,421916,513902
"OA",100,1079500,1148205,1140680,988191,965128,1027063
"CN",1,-2084,-1454,212,11668,55258,99800
"CN",2,-2084,-1454,212,11668,55258,99800
"CN",3,-2084,-1454,212,11668,55258,99800
"CN",4,-2084,-1454,212,11668,55258,99800
"CN",5,-2084,-1454,212,11668,55258,99800
"CN",6,-2084,-1454,212,11668,55258,99800
"CN",7,-2084,-1454,212,11668,55258,99800
"CN",8,-2084,-1454,212,11668,55258,99800
"CN",9,-2084,-1454,212,11668,55258,99800
"CN",10,-2084,-1454,212,11668,55258,99800
"CN",11,15978,17927,20883,33674,82533,133560
"CN",12,15978,17927,20883,33674,82533,133560
"CN",13,15978,17927,20883,33674,82533,133560
"CN",14,15978,17927,20883,33674,82533,133560
"CN",15,15978,17927,20883,33674,82533,133560
"CN",16,15978,17927,20883,33674,82533,133560
"CN",17,15978,17927,20883,33674,82533,133560
"CN",18,15978,17927,20883,33674,82533,133560
"CN",19,15978,17927,20883,33674,82533,133560
"CN",20,15978,17927,20883,33674,82533,133560
"CN",21,15978,17927,20883,33674,82533,133560
"CN",22,15978,17927,20883,33674,82533,133560
"CN",23,15978,17927,20883,33674,82533,133560
"CN",24,15978,17927,20883,33674,82533,133560
"CN",25,15978,17927,20883,33674,82533,133560
"CN",26,15978,17927,20883,33674,82533,133560
"CN",27,15978,17927,20883,33674,82533,133560
"CN",28,15978,17927,20883,33674,82533,133560
"CN",29,15978,17927,20883,33674,82533,133560
"CN",30,15978,17927,20883,33674,82533,133560
"CN",31,15978,17927,20883,33674,82533,133560
"CN",32,15978,17927,20883,33674,82533,133560
"CN",33,15978,17927,20883,33674,82533,133560
"CN",34,15978,17927,20883,33674,82533,133560
"CN",35,15978,17927,20883,33674,82533,133560
"CN",36,15978,17927,20883,33674,82533,133560
"CN",37,15978,17927,20883,33674,82533,133560
"CN",38,15978,17927,20883,33674,82533,133560
"CN",39,15978,17927,20883,33674,82533,133560
"CN",40,15978,17927,20883,33674,82533,133560
"CN",41,15978,17927,20883,33674,82533,133560
"CN",42,15978,17927,20883,33674,82533,133560
"CN",43,15978,17927,20883,33674,82533,133560
"CN",44,15978,17927,20883,33674,82533,133560
"CN",45,15978,17927,20883,33674,82533,133560
"CN",46,15978,17927,20883,33674,82533,133560
"CN",47,15978,17927,20883,33674,82533,133560
"CN",48,15978,17927,20883,33674,82533,133560
"CN",49,15978,17927,20883,33674,82533,133560
"CN",50,15978,17927,20883,33674,82533,133560
"CN",51,62670,70836,78678,98373,172557,253550
"CN",52,62670,70836,78678,98373,172557,253550
"CN",53,62670,70836,78678,98373,172557,253550
"CN",54,62670,70836,78678,98373,172557,253550
"CN",55,62670,70836,78678,98373,172557,253550
"CN",56,62670,70836,78678,98373,172557,253550
"CN",57,62670,70836,78678,98373,172557,253550
"CN",58,62670,70836,78678,98373,172557,253550
"CN",59,62670,70836,78678,98373,172557,253550
"CN",60,62670,70836,78678,98373,172557,253550
"CN",61,62670,70836,78678,98373,172557,253550
"CN",62,62670,70836,78678,98373,172557,253550
"CN",63,62670,70836,78678,98373,172557,253550
"CN",64,62670,70836,78678,98373,172557,253550
"CN",65,62670,70836,78678,98373,172557,253550
"CN",66,62670,70836,78678,98373,172557,253550
"CN",67,62670,70836,78678,98373,172557,253550
"CN",68,62670,70836,78678,98373,172557,253550
"CN",69,62670,70836,78678,98373,172557,253550
"CN",70,62670,70836,78678,98373,172557,253550
"CN",71,62670,70836,78678,98373,172557,253550
"CN",72,62670,70836,78678,98373,172557,253550
"CN",73,62670,70836,78678,98373,172557,253550
"CN",74,62670,70836,78678,98373,172557,253550
"CN",75,62670,70836,78678,98373,172557,253550
"CN",76,62670,70836,78678,98373,172557,253550
"CN",77,62670,70836,78678,98373,172557,253550
"CN",78,62670,70836,78678,98373,172557,253550
"CN",79,62670,70836,78678,98373,172557,253550
"CN",80,62670,70836,78678,98373,172557,253550
"CN",81,62670,70836,78678,98373,172557,253550
"CN",82,62670,70836,78678,98373,172557,253550
"CN",83,62670,70836,78678,98373,172557,253550
"CN",84,62670,70836,78678,98373,172557,253550
"CN",85,62670,70836,78678,98373,172557,253550
"CN",86,62670,70836,78678,98373,172557,253550
"CN",87,62670,70836,78678,98373,172557,253550
"CN",88,62670,70836,78678,98373,172557,253550
"CN",89,62670,70836,78678,98373,172557,253550
"CN",90,62670,70836,78678,98373,172557,253550
"CN",91,408979,440124,452201,442952,520177,632336
"CN",92,408979,440124,452201,442952,520177,632336
"CN",93,408979,440124,452201,442952,520177,632336
"CN",94,408979,440124,452201,442952,520177,632336
"CN",95,408979,440124,452201,442952,520177,632336
"CN",96,408979,440124,452201,442952,520177,632336
"CN",97,408979,440124,452201,442952,520177,632336
"CN",98,408979,440124,452201,442952,520177,632336
"CN",99,408979,440124,452201,442952,520177,632336
"CN",100,2975356,2384631,1915145,1155309,1083093,1226557
"JP",1,-22331,-16693,-7559,29935,86963,102661
"JP",2,-22331,-16693,-7559,29935,86963,102661
"JP",3,-22331,-16693,-7559,29935,86963,102661
"JP",4,-22331,-16693,-7559,29935,86963,102661
"JP",5,-22331,-16693,-7559,29935,86963,102661
"JP",6,-22331,-16693,-7559,29935,86963,102661
"JP",7,-22331,-16693,-7559,29935,86963,102661
"JP",8,-22331,-16693,-7559,29935,86963,102661
"JP",9,-22331,-16693,-7559,29935,86963,102661
"JP",10,-22331,-16693,-7559,29935,86963,102661
"JP",11,27942,36940,51578,87875,133782,142471
"JP",12,27942,36940,51578,87875,133782,142471
"JP",13,27942,36940,51578,87875,133782,142471
"JP",14,27942,36940,51578,87875,133782,142471
"JP",15,27942,36940,51578,87875,133782,142471
"JP",16,27942,36940,51578,87875,133782,142471
"JP",17,27942,36940,51578,87875,133782,142471
"JP",18,27942,36940,51578,87875,133782,142471
"JP",19,27942,36940,51578,87875,133782,142471
"JP",20,27942,36940,51578,87875,133782,142471
"JP",21,27942,36940,51578,87875,133782,142471
"JP",22,27942,36940,51578,87875,133782,142471
"JP",23,27942,36940,51578,87875,133782,142471
"JP",24,27942,36940,51578,87875,133782,142471
"JP",25,27942,36940,51578,87875,133782,142471
"JP",26,27942,36940,51578,87875,133782,142471
"JP",27,27942,36940,51578,87875,133782,142471
"JP",28,27942,36940,51578,87875,133782,142471
"JP",29,27942,36940,51578,87875,133782,142471
"JP",30,27942,36940,51578,87875,133782,142471
"JP",31,27942,36940,51578,87875,133782,142471
"JP",32,27942,36940,51578,87875,133782,142471
"JP",33,27942,36940,51578,87875,133782,142471
"JP",34,27942,36940,51578,87875,133782,142471
"JP",35,27942,36940,51578,87875,133782,142471
"JP",36,27942,36940,51578,87875,133782,142471
"JP",37,27942,36940,51578,87875,133782,142471
"JP",38,27942,36940,51578,87875,133782,142471
"JP",39,27942,36940,51578,87875,133782,142471
"JP",40,27942,36940,51578,87875,133782,142471
"JP",41,27942,36940,51578,87875,133782,142471
"JP",42,27942,36940,51578,87875,133782,142471
"JP",43,27942,36940,51578,87875,133782,142471
"JP",44,27942,36940,51578,87875,133782,142471
"JP",45,27942,36940,51578,87875,133782,142471
"JP",46,27942,36940,51578,87875,133782,142471
"JP",47,27942,36940,51578,87875,133782,142471
"JP",48,27942,36940,51578,87875,133782,142471
"JP",49,27942,36940,51578,87875,133782,142471
"JP",50,27942,36940,51578,87875,133782,142471
"JP",51,175330,185236,203937,229506,262323,262383
"JP",52,175330,185236,203937,229506,262323,262383
"JP",53,175330,185236,203937,229506,262323,262383
"JP",54,175330,185236,203937,229506,262323,262383
"JP",55,175330,185236,203937,229506,262323,262383
"JP",56,175330,185236,203937,229506,262323,262383
"JP",57,175330,185236,203937,229506,262323,262383
"JP",58,175330,185236,203937,229506,262323,262383
"JP",59,175330,185236,203937,229506,262323,262383
"JP",60,175330,185236,203937,229506,262323,262383
"JP",61,175330,185236,203937,229506,262323,262383
"JP",62,175330,185236,203937,229506,262323,262383
"JP",63,175330,185236,203937,229506,262323,262383
"JP",64,175330,185236,203937,229506,262323,262383
"JP",65,175330,185236,203937,229506,262323,262383
"JP",66,175330,185236,203937,229506,262323,262383
"JP",67,175330,185236,203937,229506,262323,262383
"JP",68,175330,185236,203937,229506,262323,262383
"JP",69,175330,185236,203937,229506,262323,262383
"JP",70,175330,185236,203937,229506,262323,262383
"JP",71,175330,185236,203937,229506,262323,262383
"JP",72,175330,185236,203937,229506,262323,262383
"JP",73,175330,185236,203937,229506,262323,262383
"JP",74,175330,185236,203937,229506,262323,262383
"JP",75,175330,185236,203937,229506,262323,262383
"JP",76,175330,185236,203937,229506,262323,262383
"JP",77,175330,185236,203937,229506,262323,262383
"JP",78,175330,185236,203937,229506,262323,262383
"JP",79,175330,185236,203937,229506,262323,262383
"JP",80,175330,185236,203937,229506,262323,262383
"JP",81,175330,185236,203937,229506,262323,262383
"JP",82,175330,185236,203937,229506,262323,262383
"JP",83,175330,185236,203937,229506,262323,262383
"JP",84,175330,185236,203937,229506,262323,262383
"JP",85,175330,185236,203937,229506,262323,262383
"JP",86,175330,185236,203937,229506,262323,262383
"JP",87,175330,185236,203937,229506,262323,262383
"JP",88,175330,185236,203937,229506,262323,262383
"JP",89,175330,185236,203937,229506,262323,262383
"JP",90,175330,185236,203937,229506,262323,262383
"JP",91,741365,825440,855571,722876,644970,581404
"JP",92,741365,825440,855571,722876,644970,581404
"JP",93,741365,825440,855571,722876,644970,581404
"JP",94,741365,825440,855571,722876,644970,581404
"JP",95,741365,825440,855571,722876,644970,581404
"JP",96,741365,825440,855571,722876,644970,581404
"JP",97,741365,825440,855571,722876,644970,581404
"JP",98,741365,825440,855571,722876,644970,581404
"JP",99,741365,825440,855571,722876,644970,581404
"JP",100,4762417,4177840,3449034,1599573,1046248,946580
"KR",1,161,2269,9233,38234,74453,79840
"KR",2,161,2269,9233,38234,74453,79840
"KR",3,161,2269,9233,38234,74453,79840
"KR",4,161,2269,9233,38234,74453,79840
"KR",5,161,2269,9233,38234,74453,79840
"KR",6,161,2269,9233,38234,74453,79840
"KR",7,161,2269,9233,38234,74453,79840
"KR",8,161,2269,9233,38234,74453,79840
"KR",9,161,2269,9233,38234,74453,79840
"KR",10,161,2269,9233,38234,74453,79840
"KR",11,9585,19929,35398,72404,109673,112212
"KR",12,9585,19929,35398,72404,109673,112212
"KR",13,9585,19929,35398,72404,109673,112212
"KR",14,9585,19929,35398,72404,109673,112212
"KR",15,9585,19929,35398,72404,109673,112212
"KR",16,9585,19929,35398,72404,109673,112212
"KR",17,9585,19929,35398,72404,109673,112212
"KR",18,9585,19929,35398,72404,109673,112212
"KR",19,9585,19929,35398,72404,109673,112212
"KR",20,9585,19929,35398,72404,109673,112212
"KR",21,9585,19929,35398,72404,109673,112212
"KR",22,9585,19929,35398,72404,109673,112212
"KR",23,9585,19929,35398,72404,109673,112212
"KR",24,9585,19929,35398,72404,109673,112212
"KR",25,9585,19929,35398,72404,109673,112212
"KR",26,9585,19929,35398,72404,109673,112212
"KR",27,9585,19929,35398,72404,109673,112212
"KR",28,9585,19929,35398,72404,109673,112212
"KR",29,9585,19929,35398,72404,109673,112212
"KR",30,9585,19929,35398,72404,109673,112212
"KR",31,9585,19929,35398,72404,109673,112212
"KR",32,9585,19929,35398,72404,109673,112212
"KR",33,9585,19929,35398,72404,109673,112212
"KR",34,9585,19929,35398,72404,109673,112212
"KR",35,9585,19929,35398,72404,109673,112212
"KR",36,9585,19929,35398,72404,109673,112212
"KR",37,9585,19929,35398,72404,109673,112212
"KR",38,9585,19929,35398,72404,109673,112212
"KR",39,9585,19929,35398,72404,109673,112212
"KR",40,9585,19929,35398,72404,109673,112212
"KR",41,9585,19929,35398,72404,109673,112212
"KR",42,9585,19929,35398,72404,109673,112212
"KR",43,9585,19929,35398,72404,109673,112212
"KR",44,9585,19929,35398,72404,109673,112212
"KR",45,9585,19929,35398,72404,109673,112212
"KR",46,9585,19929,35398,72404,109673,112212
"KR",47,9585,19929,35398,72404,109673,112212
"KR",48,9585,19929,35398,72404,109673,112212
"KR",49,9585,19929,35398,72404,109673,112212
"KR",50,9585,19929,35398,72404,109673,112212
"KR",51,178021,196442,222554,258755,281667,267156
"KR",52,178021,196442,222554,258755,281667,267156
"KR",53,178021,196442,222554,258755,281667,267156
"KR",54,178021,196442,222554,258755,281667,267156
"KR",55,178021,196442,222554,258755,281667,267156
"KR",56,178021,196442,222554,258755,281667,267156
"KR",57,178021,196442,222554,258755,281667,267156
"KR",58,178021,196442,222554,258755,281667,267156
"KR",59,178021,196442,222554,258755,281667,267156
"KR",60,178021,196442,222554,258755,281667,267156
"KR",61,178021,196442,222554,258755,281667,267156
"KR",62,178021,196442,222554,258755,281667,267156
"KR",63,178021,196442,222554,258755,281667,267156
"KR",64,178021,196442,222554,258755,281667,267156
"KR",65,178021,196442,222554,258755,281667,267156
"KR",66,178021,196442,222554,258755,281667,267156
"KR",67,178021,196442,222554,258755,281667,267156
"KR",68,178021,196442,222554,258755,281667,267156
"KR",69,178021,196442,222554,258755,281667,267156
"KR",70,178021,196442,222554,258755,281667,267156
"KR",71,178021,196442,222554,258755,281667,267156
"KR",72,178021,196442,222554,258755,281667,267156
"KR",73,178021,196442,222554,258755,281667,267156
"KR",74,178021,196442,222554,258755,281667,267156
"KR",75,178021,196442,222554,258755,281667,267156
"KR",76,178021,196442,222554,258755,281667,267156
"KR",77,178021,196442,222554,258755,281667,267156
"KR",78,178021,196442,222554,258755,281667,267156
"KR",79,178021,196442,222554,258755,281667,267156
"KR",80,178021,196442,222554,258755,281667,267156
"KR",81,178021,196442,222554,258755,281667,267156
"KR",82,178021,196442,222554,258755,281667,267156
"KR",83,178021,196442,222554,258755,281667,267156
"KR",84,178021,196442,222554,258755,281667,267156
"KR",85,178021,196442,222554,258755,281667,267156
"KR",86,178021,196442,222554,258755,281667,267156
"KR",87,178021,196442,222554,258755,281667,267156
"KR",88,178021,196442,222554,258755,281667,267156
"KR",89,178021,196442,222554,258755,281667,267156
"KR",90,178021,196442,222554,258755,281667,267156
"KR",91,999602,1025445,1018265,877254,797722,713895
"KR",92,999602,1025445,1018265,877254,797722,713895
"KR",93,999602,1025445,1018265,877254,797722,713895
"KR",94,999602,1025445,1018265,877254,797722,713895
"KR",95,999602,1025445,1018265,877254,797722,713895
"KR",96,999602,1025445,1018265,877254,797722,713895
"KR",97,999602,1025445,1018265,877254,797722,713895
"KR",98,999602,1025445,1018265,877254,797722,713895
"KR",99,999602,1025445,1018265,877254,797722,713895
"KR",100,5829768,4997985,4061757,1892956,1102499,1001825
"TW",1,-45919,-41420,-34248,9139,33842,30567
"TW",2,-45919,-41420,-34248,9139,33842,30567
"TW",3,-45919,-41420,-34248,9139,33842,30567
"TW",4,-45919,-41420,-34248,9139,33842,30567
"TW",5,-45919,-41420,-34248,9139,33842,30567
"TW",6,-45919,-41420,-34248,9139,33842,30567
"TW",7,-45919,-41420,-34248,9139,33842,30567
"TW",8,-45919,-41420,-34248,9139,33842,30567
"TW",9,-45919,-41420,-34248,9139,33842,30567
"TW",10,-45919,-41420,-34248,9139,33842,30567
"TW",11,53588,58180,66286,111959,116704,95648
"TW",12,53588,58180,66286,111959,116704,95648
"TW",13,53588,58180,66286,111959,116704,95648
"TW",14,53588,58180,66286,111959,116704,95648
"TW",15,53588,58180,66286,111959,116704,95648
"TW",16,53588,58180,66286,111959,116704,95648
"TW",17,53588,58180,66286,111959,116704,95648
"TW",18,53588,58180,66286,111959,116704,95648
"TW",19,53588,58180,66286,111959,116704,95648
"TW",20,53588,58180,66286,111959,116704,95648
"TW",21,53588,58180,66286,111959,116704,95648
"TW",22,53588,58180,66286,111959,116704,95648
"TW",23,53588,58180,66286,111959,116704,95648
"TW",24,53588,58180,66286,111959,116704,95648
"TW",25,53588,58180,66286,111959,116704,95648
"TW",26,53588,58180,66286,111959,116704,95648
"TW",27,53588,58180,66286,111959,116704,95648
"TW",28,53588,58180,66286,111959,116704,95648
"TW",29,53588,58180,66286,111959,116704,95648
"TW",30,53588,58180,66286,111959,116704,95648
"TW",31,53588,58180,66286,111959,116704,95648
"TW",32,53588,58180,66286,111959,116704,95648
"TW",33,53588,58180,66286,111959,116704,95648
"TW",34,53588,58180,66286,111959,116704,95648
"TW",35,53588,58180,66286,111959,116704,95648
"TW",36,53588,58180,66286,111959,116704,95648
"TW",37,53588,58180,66286,111959,116704,95648
"TW",38,53588,58180,66286,111959,116704,95648
"TW",39,53588,58180,66286,111959,116704,95648
"TW",40,53588,58180,66286,111959,116704,95648
"TW",41,53588,58180,66286,111959,116704,95648
"TW",42,53588,58180,66286,111959,116704,95648
"TW",43,53588,58180,66286,111959,116704,95648
"TW",44,53588,58180,66286,111959,116704,95648
"TW",45,53588,58180,66286,111959,116704,95648
"TW",46,53588,58180,66286,111959,116704,95648
"TW",47,53588,58180,66286,111959,116704,95648
"TW",48,53588,58180,66286,111959,116704,95648
"TW",49,53588,58180,66286,111959,116704,95648
"TW",50,53588,58180,66286,111959,116704,95648
"TW",51,342032,354277,369902,434906,382704,305463
"TW",52,342032,354277,369902,434906,382704,305463
"TW",53,342032,354277,369902,434906,382704,305463
"TW",54,342032,354277,369902,434906,382704,305463
"TW",55,342032,354277,369902,434906,382704,305463
"TW",56,342032,354277,369902,434906,382704,305463
"TW",57,342032,354277,369902,434906,382704,305463
"TW",58,342032,354277,369902,434906,382704,305463
"TW",59,342032,354277,369902,434906,382704,305463
"TW",60,342032,354277,369902,434906,382704,305463
"TW",61,342032,354277,369902,434906,382704,305463
"TW",62,342032,354277,369902,434906,382704,305463
"TW",63,342032,354277,369902,434906,382704,305463
"TW",64,342032,354277,369902,434906,382704,305463
"TW",65,342032,354277,369902,434906,382704,305463
"TW",66,342032,354277,369902,434906,382704,305463
"TW",67,342032,354277,369902,434906,382704,305463
"TW",68,342032,354277,369902,434906,382704,305463
"TW",69,342032,354277,369902,434906,382704,305463
"TW",70,342032,354277,369902,434906,382704,305463
"TW",71,342032,354277,369902,434906,382704,305463
"TW",72,342032,354277,369902,434906,382704,305463
"TW",73,342032,354277,369902,434906,382704,305463
"TW",74,342032,354277,369902,434906,382704,305463
"TW",75,342032,354277,369902,434906,382704,305463
"TW",76,342032,354277,369902,434906,382704,305463
"TW",77,342032,354277,369902,434906,382704,305463
"TW",78,342032,354277,369902,434906,382704,305463
"TW",79,342032,354277,369902,434906,382704,305463
"TW",80,342032,354277,369902,434906,382704,305463
"TW",81,342032,354277,369902,434906,382704,305463
"TW",82,342032,354277,369902,434906,382704,305463
"TW",83,342032,354277,369902,434906,382704,305463
"TW",84,342032,354277,369902,434906,382704,305463
"TW",85,342032,354277,369902,434906,382704,305463
"TW",86,342032,354277,369902,434906,382704,305463
"TW",87,342032,354277,369902,434906,382704,305463
"TW",88,342032,354277,369902,434906,382704,305463
"TW",89,342032,354277,369902,434906,382704,305463
"TW",90,342032,354277,369902,434906,382704,305463
"TW",91,1519348,1504167,1403237,1106041,866389,687393
"TW",92,1519348,1504167,1403237,1106041,866389,687393
"TW",93,1519348,1504167,1403237,1106041,866389,687393
"TW",94,1519348,1504167,1403237,1106041,866389,687393
"TW",95,1519348,1504167,1403237,1106041,866389,687393
"TW",96,1519348,1504167,1403237,1106041,866389,687393
"TW",97,1519348,1504167,1403237,1106041,866389,687393
"TW",98,1519348,1504167,1403237,1106041,866389,687393
"TW",99,1519348,1504167,1403237,1106041,866389,687393
"TW",100,11203683,8070326,5812200,2658006,1080146,863374
"OB",1,-8270,-5654,-2738,14362,64911,119518
"OB",2,-8270,-5654,-2738,14362,64911,119518
"OB",3,-8270,-5654,-2738,14362,64911,119518
"OB",4,-8270,-5654,-2738,14362,64911,119518
"OB",5,-8270,-5654,-2738,14362,64911,119518
"OB",6,-8270,-5654,-2738,14362,64911,119518
"OB",7,-8270,-5654,-2738,14362,64911,119518
"OB",8,-8270,-5654,-2738,14362,64911,119518
"OB",9,-8270,-5654,-2738,14362,64911,119518
"OB",10,-8270,-5654,-2738,14362,64911,119518
"OB",11,2988,3357,5551,22760,79155,142766
"OB",12,2988,3357,5551,22760,79155,142766
"OB",13,2988,3357,5551,22760,79155,142766
"OB",14,2988,3357,5551,22760,79155,142766
"OB",15,2988,3357,5551,22760,79155,142766
"OB",16,2988,3357,5551,22760,79155,142766
"OB",17,2988,3357,5551,22760,79155,142766
"OB",18,2988,3357,5551,22760,79155,142766
"OB",19,2988,3357,5551,22760,79155,142766
"OB",20,2988,3357,5551,22760,79155,142766
"OB",21,2988,3357,5551,22760,79155,142766
"OB",22,2988,3357,5551,22760,79155,142766
"OB",23,2988,3357,5551,22760,79155,142766
"OB",24,2988,3357,5551,22760,79155,142766
"OB",25,2988,3357,5551,22760,79155,142766
"OB",26,2988,3357,5551,22760,79155,142766
"OB",27,2988,3357,5551,22760,79155,142766
"OB",28,2988,3357,5551,22760,79155,142766
"OB",29,2988,3357,5551,22760,79155,142766
"OB",30,2988,3357,5551,22760,79155,142766
"OB",31,2988,3357,5551,22760,79155,142766
"OB",32,2988,3357,5551,22760,79155,142766
"OB",33,2988,3357,5551,22760,79155,142766
"OB",34,2988,3357,5551,22760,79155,142766
"OB",35,2988,3357,5551,22760,79155,142766
"OB",36,2988,3357,5551,22760,79155,142766
"OB",37,2988,3357,5551,22760,79155,142766
"OB",38,2988,3357,5551,22760,79155,142766
"OB",39,2988,3357,5551,22760,79155,142766
"OB",40,2988,3357,5551,22760,79155,142766
"OB",41,2988,3357,5551,22760,79155,142766
"OB",42,2988,3357,5551,22760,79155,142766
"OB",43,2988,3357,5551,22760,79155,142766
"OB",44,2988,3357,5551,22760,79155,142766
"OB",45,2988,3357,5551,22760,79155,142766
"OB",46,2988,3357,5551,22760,79155,142766
"OB",47,2988,3357,5551,22760,79155,142766
"OB",48,2988,3357,5551,22760,79155,142766
"OB",49,2988,3357,5551,22760,79155,142766
"OB",50,2988,3357,5551,22760,79155,142766
"OB",51,33515,35637,41104,66823,149731,251381
"OB",52,33515,35637,41104,66823,149731,251381
"OB",53,33515,35637,41104,66823,149731,251381
"OB",54,33515,35637,41104,66823,149731,251381
"OB",55,33515,35637,41104,66823,149731,251381
"OB",56,33515,35637,41104,66823,149731,251381
"OB",57,33515,35637,41104,66823,149731,251381
"OB",58,33515,35637,41104,66823,149731,251381
"OB",59,33515,35637,41104,66823,149731,251381
"OB",60,33515,35637,41104,66823,149731,251381
"OB",61,33515,35637,41104,66823,149731,251381
"OB",62,33515,35637,41104,66823,149731,251381
"OB",63,33515,35637,41104,66823,149731,251381
"OB",64,33515,35637,41104,66823,149731,251381
"OB",65,33515,35637,41104,66823,149731,251381
"OB",66,33515,35637,41104,66823,149731,251381
"OB",67,33515,35637,41104,66823,149731,251381
"OB",68,33515,35637,41104,66823,149731,251381
"OB",69,33515,35637,41104,66823,149731,251381
"OB",70,33515,35637,41104,66823,149731,251381
"OB",71,33515,35637,41104,66823,149731,251381
"OB",72,33515,35637,41104,66823,149731,251381
"OB",73,33515,35637,41104,66823,149731,251381
"OB",74,33515,35637,41104,66823,149731,251381
"OB",75,33515,35637,41104,66823,149731,251381
"OB",76,33515,35637,41104,66823,149731,251381
"OB",77,33515,35637,41104,66823,149731,251381
"OB",78,33515,35637,41104,66823,149731,251381
"OB",79,33515,35637,41104,66823,149731,251381
"OB",80,33515,35637,41104,66823,149731,251381
"OB",81,33515,35637,41104,66823,149731,251381
"OB",82,33515,35637,41104,66823,149731,251381
"OB",83,33515,35637,41104,66823,149731,251381
"OB",84,33515,35637,41104,66823,149731,251381
"OB",85,33515,35637,41104,66823,149731,251381
"OB",86,33515,35637,41104,66823,149731,251381
"OB",87,33515,35637,41104,66823,149731,251381
"OB",88,33515,35637,41104,66823,149731,251381
"OB",89,33515,35637,41104,66823,149731,251381
"OB",90,33515,35637,41104,66823,149731,251381
"OB",91,338409,384972,408836,396792,445395,578968
"OB",92,338409,384972,408836,396792,445395,578968
"OB",93,338409,384972,408836,396792,445395,578968
"OB",94,338409,384972,408836,396792,445395,578968
"OB",95,338409,384972,408836,396792,445395,578968
"OB",96,338409,384972,408836,396792,445395,578968
"OB",97,338409,384972,408836,396792,445395,578968
"OB",98,338409,384972,408836,396792,445395,578968
"OB",99,338409,384972,408836,396792,445395,578968
"OB",100,3509218,2972686,2413699,1293741,1079090,1228214
"BD",1,-3866,-2735,221,30529,90178,120246
"BD",2,-3866,-2735,221,30529,90178,120246
"BD",3,-3866,-2735,221,30529,90178,120246
"BD",4,-3866,-2735,221,30529,90178,120246
"BD",5,-3866,-2735,221,30529,90178,120246
"BD",6,-3866,-2735,221,30529,90178,120246
"BD",7,-3866,-2735,221,30529,90178,120246
"BD",8,-3866,-2735,221,30529,90178,120246
"BD",9,-3866,-2735,221,30529,90178,120246
"BD",10,-3866,-2735,221,30529,90178,120246
"BD",11,4905,7357,12407,50135,116605,149704
"BD",12,4905,7357,12407,50135,116605,149704
"BD",13,4905,7357,12407,50135,116605,149704
"BD",14,4905,7357,12407,50135,116605,149704
"BD",15,4905,7357,12407,50135,116605,149704
"BD",16,4905,7357,12407,50135,116605,149704
"BD",17,4905,7357,12407,50135,116605,149704
"BD",18,4905,7357,12407,50135,116605,149704
"BD",19,4905,7357,12407,50135,116605,149704
"BD",20,4905,7357,12407,50135,116605,149704
"BD",21,4905,7357,12407,50135,116605,149704
"BD",22,4905,7357,12407,50135,116605,149704
"BD",23,4905,7357,12407,50135,116605,149704
"BD",24,4905,7357,12407,50135,116605,149704
"BD",25,4905,7357,12407,50135,116605,149704
"BD",26,4905,7357,12407,50135,116605,149704
"BD",27,4905,7357,12407,50135,116605,149704
"BD",28,4905,7357,12407,50135,116605,149704
"BD",29,4905,7357,12407,50135,116605,149704
"BD",30,4905,7357,12407,50135,116605,149704
"BD",31,4905,7357,12407,50135,116605,149704
"BD",32,4905,7357,12407,50135,116605,149704
"BD",33,4905,7357,12407,50135,116605,149704
"BD",34,4905,7357,12407,50135,116605,149704
"BD",35,4905,7357,12407,50135,116605,149704
"BD",36,4905,7357,12407,50135,116605,149704
"BD",37,4905,7357,12407,50135,116605,149704
"BD",38,4905,7357,12407,50135,116605,149704
"BD",39,4905,7357,12407,50135,116605,149704
"BD",40,4905,7357,12407,50135,116605,149704
"BD",41,4905,7357,12407,50135,116605,149704
"BD",42,4905,7357,12407,50135,116605,149704
"BD",43,4905,7357,12407,50135,116605,149704
"BD",44,4905,7357,12407,50135,116605,149704
"BD",45,4905,7357,12407,50135,116605,149704
"BD",46,4905,7357,12407,50135,116605,149704
"BD",47,4905,7357,12407,50135,116605,149704
"BD",48,4905,7357,12407,50135,116605,149704
"BD",49,4905,7357,12407,50135,116605,149704
"BD",50,4905,7357,12407,50135,116605,149704
"BD",51,30637,37094,48002,111414,210622,260871
"BD",52,30637,37094,48002,111414,210622,260871
"BD",53,30637,37094,48002,111414,210622,260871
"BD",54,30637,37094,48002,111414,210622,260871
"BD",55,30637,37094,48002,111414,210622,260871
"BD",56,30637,37094,48002,111414,210622,260871
"BD",57,30637,37094,48002,111414,210622,260871
"BD",58,30637,37094,48002,111414,210622,260871
"BD",59,30637,37094,48002,111414,210622,260871
"BD",60,30637,37094,48002,111414,210622,260871
"BD",61,30637,37094,48002,111414,210622,260871
"BD",62,30637,37094,48002,111414,210622,260871
"BD",63,30637,37094,48002,111414,210622,260871
"BD",64,30637,37094,48002,111414,210622,260871
"BD",65,30637,37094,48002,111414,210622,260871
"BD",66,30637,37094,48002,111414,210622,260871
"BD",67,30637,37094,48002,111414,210622,260871
"BD",68,30637,37094,48002,111414,210622,260871
"BD",69,30637,37094,48002,111414,210622,260871
"BD",70,30637,37094,48002,111414,210622,260871
"BD",71,30637,37094,48002,111414,210622,260871
"BD",72,30637,37094,48002,111414,210622,260871
"BD",73,30637,37094,48002,111414,210622,260871
"BD",74,30637,37094,48002,111414,210622,260871
"BD",75,30637,37094,48002,111414,210622,260871
"BD",76,30637,37094,48002,111414,210622,260871
"BD",77,30637,37094,48002,111414,210622,260871
"BD",78,30637,37094,48002,111414,210622,260871
"BD",79,30637,37094,48002,111414,210622,260871
"BD",80,30637,37094,48002,111414,210622,260871
"BD",81,30637,37094,48002,111414,210622,260871
"BD",82,30637,37094,48002,111414,210622,260871
"BD",83,30637,37094,48002,111414,210622,260871
"BD",84,30637,37094,48002,111414,210622,260871
"BD",85,30637,37094,48002,111414,210622,260871
"BD",86,30637,37094,48002,111414,210622,260871
"BD",87,30637,37094,48002,111414,210622,260871
"BD",88,30637,37094,48002,111414,210622,260871
"BD",89,30637,37094,48002,111414,210622,260871
"BD",90,30637,37094,48002,111414,210622,260871
"BD",91,127667,163211,201457,326374,461930,521850
"BD",92,127667,163211,201457,326374,461930,521850
"BD",93,127667,163211,201457,326374,461930,521850
"BD",94,127667,163211,201457,326374,461930,521850
"BD",95,127667,163211,201457,326374,461930,521850
"BD",96,127667,163211,201457,326374,461930,521850
"BD",97,127667,163211,201457,326374,461930,521850
"BD",98,127667,163211,201457,326374,461930,521850
"BD",99,127667,163211,201457,326374,461930,521850
"BD",100,793216,983511,1086712,1103719,1058519,1077917
"IN",1,-398,169,2325,29048,89522,120965
"IN",2,-398,169,2325,29048,89522,120965
"IN",3,-398,169,2325,29048,89522,120965
"IN",4,-398,169,2325,29048,89522,120965
"IN",5,-398,169,2325,29048,89522,120965
"IN",6,-398,169,2325,29048,89522,120965
"IN",7,-398,169,2325,29048,89522,120965
"IN",8,-398,169,2325,29048,89522,120965
"IN",9,-398,169,2325,29048,89522,120965
"IN",10,-398,169,2325,29048,89522,120965
"IN",11,4866,6775,10851,44645,113770,148992
"IN",12,4866,6775,10851,44645,113770,148992
"IN",13,4866,6775,10851,44645,113770,148992
"IN",14,4866,6775,10851,44645,113770,148992
"IN",15,4866,6775,10851,44645,113770,148992
"IN",16,4866,6775,10851,44645,113770,148992
"IN",17,4866,6775,10851,44645,113770,148992
"IN",18,4866,6775,10851,44645,113770,148992
"IN",19,4866,6775,10851,44645,113770,148992
"IN",20,4866,6775,10851,44645,113770,148992
"IN",21,4866,6775,10851,44645,113770,148992
"IN",22,4866,6775,10851,44645,113770,148992
"IN",23,4866,6775,10851,44645,113770,148992
"IN",24,4866,6775,10851,44645,113770,148992
"IN",25,4866,6775,10851,44645,113770,148992
"IN",26,4866,6775,10851,44645,113770,148992
"IN",27,4866,6775,10851,44645,113770,148992
"IN",28,4866,6775,10851,44645,113770,148992
"IN",29,4866,6775,10851,44645,113770,148992
"IN",30,4866,6775,10851,44645,113770,148992
"IN",31,4866,6775,10851,44645,113770,148992
"IN",32,4866,6775,10851,44645,113770,148992
"IN",33,4866,6775,10851,44645,113770,148992
"IN",34,4866,6775,10851,44645,113770,148992
"IN",35,4866,6775,10851,44645,113770,148992
"IN",36,4866,6775,10851,44645,113770,148992
"IN",37,4866,6775,10851,44645,113770,148992
"IN",38,4866,6775,10851,44645,113770,148992
"IN",39,4866,6775,10851,44645,113770,148992
"IN",40,4866,6775,10851,44645,113770,148992
"IN",41,4866,6775,10851,44645,113770,148992
"IN",42,4866,6775,10851,44645,113770,148992
"IN",43,4866,6775,10851,44645,113770,148992
"IN",44,4866,6775,10851,44645,113770,148992
"IN",45,4866,6775,10851,44645,113770,148992
"IN",46,4866,6775,10851,44645,113770,148992
"IN",47,4866,6775,10851,44645,113770,148992
"IN",48,4866,6775,10851,44645,113770,148992
"IN",49,4866,6775,10851,44645,113770,148992
"IN",50,4866,6775,10851,44645,113770,148992
"IN",51,21215,25857,33842,88333,195080,251022
"IN",52,21215,25857,33842,88333,195080,251022
"IN",53,21215,25857,33842,88333,195080,251022
"IN",54,21215,25857,33842,88333,195080,251022
"IN",55,21215,25857,33842,88333,195080,251022
"IN",56,21215,25857,33842,88333,195080,251022
"IN",57,21215,25857,33842,88333,195080,251022
"IN",58,21215,25857,33842,88333,195080,251022
"IN",59,21215,25857,33842,88333,195080,251022
"IN",60,21215,25857,33842,88333,195080,251022
"IN",61,21215,25857,33842,88333,195080,251022
"IN",62,21215,25857,33842,88333,195080,251022
"IN",63,21215,25857,33842,88333,195080,251022
"IN",64,21215,25857,33842,88333,195080,251022
"IN",65,21215,25857,33842,88333,195080,251022
"IN",66,21215,25857,33842,88333,195080,251022
"IN",67,21215,25857,33842,88333,195080,251022
"IN",68,21215,25857,33842,88333,195080,251022
"IN",69,21215,25857,33842,88333,195080,251022
"IN",70,21215,25857,33842,88333,195080,251022
"IN",71,21215,25857,33842,88333,195080,251022
"IN",72,21215,25857,33842,88333,195080,251022
"IN",73,21215,25857,33842,88333,195080,251022
"IN",74,21215,25857,33842,88333,195080,251022
"IN",75,21215,25857,33842,88333,195080,251022
"IN",76,21215,25857,33842,88333,195080,251022
"IN",77,21215,25857,33842,88333,195080,251022
"IN",78,21215,25857,33842,88333,195080,251022
"IN",79,21215,25857,33842,88333,195080,251022
"IN",80,21215,25857,33842,88333,195080,251022
"IN",81,21215,25857,33842,88333,195080,251022
"IN",82,21215,25857,33842,88333,195080,251022
"IN",83,21215,25857,33842,88333,195080,251022
"IN",84,21215,25857,33842,88333,195080,251022
"IN",85,21215,25857,33842,88333,195080,251022
"IN",86,21215,25857,33842,88333,195080,251022
"IN",87,21215,25857,33842,88333,195080,251022
"IN",88,21215,25857,33842,88333,195080,251022
"IN",89,21215,25857,33842,88333,195080,251022
"IN",90,21215,25857,33842,88333,195080,251022
"IN",91,82103,139357,192546,342083,501396,559286
"IN",92,82103,139357,192546,342083,501396,559286
"IN",93,82103,139357,192546,342083,501396,559286
"IN",94,82103,139357,192546,342083,501396,559286
"IN",95,82103,139357,192546,342083,501396,559286
"IN",96,82103,139357,192546,342083,501396,559286
"IN",97,82103,139357,192546,342083,501396,559286
"IN",98,82103,139357,192546,342083,501396,559286
"IN",99,82103,139357,192546,342083,501396,559286
"IN",100,1192247,1203486,1214162,1194209,1148206,1156220
"ID",1,-3896,-2327,882,35561,95308,121161
"ID",2,-3896,-2327,882,35561,95308,121161
"ID",3,-3896,-2327,882,35561,95308,121161
"ID",4,-3896,-2327,882,35561,95308,121161
"ID",5,-3896,-2327,882,35561,95308,121161
"ID",6,-3896,-2327,882,35561,95308,121161
"ID",7,-3896,-2327,882,35561,95308,121161
"ID",8,-3896,-2327,882,35561,95308,121161
"ID",9,-3896,-2327,882,35561,95308,121161
"ID",10,-3896,-2327,882,35561,95308,121161
"ID",11,3318,5645,10727,53434,119665,148182
"ID",12,3318,5645,10727,53434,119665,148182
"ID",13,3318,5645,10727,53434,119665,148182
"ID",14,3318,5645,10727,53434,119665,148182
"ID",15,3318,5645,10727,53434,119665,148182
"ID",16,3318,5645,10727,53434,119665,148182
"ID",17,3318,5645,10727,53434,119665,148182
"ID",18,3318,5645,10727,53434,119665,148182
"ID",19,3318,5645,10727,53434,119665,148182
"ID",20,3318,5645,10727,53434,119665,148182
"ID",21,3318,5645,10727,53434,119665,148182
"ID",22,3318,5645,10727,53434,119665,148182
"ID",23,3318,5645,10727,53434,119665,148182
"ID",24,3318,5645,10727,53434,119665,148182
"ID",25,3318,5645,10727,53434,119665,148182
"ID",26,3318,5645,10727,53434,119665,148182
"ID",27,3318,5645,10727,53434,119665,148182
"ID",28,3318,5645,10727,53434,119665,148182
"ID",29,3318,5645,10727,53434,119665,148182
"ID",30,3318,5645,10727,53434,119665,148182
"ID",31,3318,5645,10727,53434,119665,148182
"ID",32,3318,5645,10727,53434,119665,148182
"ID",33,3318,5645,10727,53434,119665,148182
"ID",34,3318,5645,10727,53434,119665,148182
"ID",35,3318,5645,10727,53434,119665,148182
"ID",36,3318,5645,10727,53434,119665,148182
"ID",37,3318,5645,10727,53434,119665,148182
"ID",38,3318,5645,10727,53434,119665,148182
"ID",39,3318,5645,10727,53434,119665,148182
"ID",40,3318,5645,10727,53434,119665,148182
"ID",41,3318,5645,10727,53434,119665,148182
"ID",42,3318,5645,10727,53434,119665,148182
"ID",43,3318,5645,10727,53434,119665,148182
"ID",44,3318,5645,10727,53434,119665,148182
"ID",45,3318,5645,10727,53434,119665,148182
"ID",46,3318,5645,10727,53434,119665,148182
"ID",47,3318,5645,10727,53434,119665,148182
"ID",48,3318,5645,10727,53434,119665,148182
"ID",49,3318,5645,10727,53434,119665,148182
"ID",50,3318,5645,10727,53434,119665,148182
"ID",51,35661,41037,52239,126480,221374,262135
"ID",52,35661,41037,52239,126480,221374,262135
"ID",53,35661,41037,52239,126480,221374,262135
"ID",54,35661,41037,52239,126480,221374,262135
"ID",55,35661,41037,52239,126480,221374,262135
"ID",56,35661,41037,52239,126480,221374,262135
"ID",57,35661,41037,52239,126480,221374,262135
"ID",58,35661,41037,52239,126480,221374,262135
"ID",59,35661,41037,52239,126480,221374,262135
"ID",60,35661,41037,52239,126480,221374,262135
"ID",61,35661,41037,52239,126480,221374,262135
"ID",62,35661,41037,52239,126480,221374,262135
"ID",63,35661,41037,52239,126480,221374,262135
"ID",64,35661,41037,52239,126480,221374,262135
"ID",65,35661,41037,52239,126480,221374,262135
"ID",66,35661,41037,52239,126480,221374,262135
"ID",67,35661,41037,52239,126480,221374,262135
"ID",68,35661,41037,52239,126480,221374,262135
"ID",69,35661,41037,52239,126480,221374,262135
"ID",70,35661,41037,52239,126480,221374,262135
"ID",71,35661,41037,52239,126480,221374,262135
"ID",72,35661,41037,52239,126480,221374,262135
"ID",73,35661,41037,52239,126480,221374,262135
"ID",74,35661,41037,52239,126480,221374,262135
"ID",75,35661,41037,52239,126480,221374,262135
"ID",76,35661,41037,52239,126480,221374,262135
"ID",77,35661,41037,52239,126480,221374,262135
"ID",78,35661,41037,52239,126480,221374,262135
"ID",79,35661,41037,52239,126480,221374,262135
"ID",80,35661,41037,52239,126480,221374,262135
"ID",81,35661,41037,52239,126480,221374,262135
"ID",82,35661,41037,52239,126480,221374,262135
"ID",83,35661,41037,52239,126480,221374,262135
"ID",84,35661,41037,52239,126480,221374,262135
"ID",85,35661,41037,52239,126480,221374,262135
"ID",86,35661,41037,52239,126480,221374,262135
"ID",87,35661,41037,52239,126480,221374,262135
"ID",88,35661,41037,52239,126480,221374,262135
"ID",89,35661,41037,52239,126480,221374,262135
"ID",90,35661,41037,52239,126480,221374,262135
"ID",91,166492,207768,249966,388919,489926,525484
"ID",92,166492,207768,249966,388919,489926,525484
"ID",93,166492,207768,249966,388919,489926,525484
"ID",94,166492,207768,249966,388919,489926,525484
"ID",95,166492,207768,249966,388919,489926,525484
"ID",96,166492,207768,249966,388919,489926,525484
"ID",97,166492,207768,249966,388919,489926,525484
"ID",98,166492,207768,249966,388919,489926,525484
"ID",99,166492,207768,249966,388919,489926,525484
"ID",100,817876,1067606,1192340,1194084,1067094,1046346
"MM",1,-2105,-1610,81,23450,88092,118456
"MM",2,-2105,-1610,81,23450,88092,118456
"MM",3,-2105,-1610,81,23450,88092,118456
"MM",4,-2105,-1610,81,23450,88092,118456
"MM",5,-2105,-1610,81,23450,88092,118456
"MM",6,-2105,-1610,81,23450,88092,118456
"MM",7,-2105,-1610,81,23450,88092,118456
"MM",8,-2105,-1610,81,23450,88092,118456
"MM",9,-2105,-1610,81,23450,88092,118456
"MM",10,-2105,-1610,81,23450,88092,118456
"MM",11,2658,4290,7721,38555,114480,148209
"MM",12,2658,4290,7721,38555,114480,148209
"MM",13,2658,4290,7721,38555,114480,148209
"MM",14,2658,4290,7721,38555,114480,148209
"MM",15,2658,4290,7721,38555,114480,148209
"MM",16,2658,4290,7721,38555,114480,148209
"MM",17,2658,4290,7721,38555,114480,148209
"MM",18,2658,4290,7721,38555,114480,148209
"MM",19,2658,4290,7721,38555,114480,148209
"MM",20,2658,4290,7721,38555,114480,148209
"MM",21,2658,4290,7721,38555,114480,148209
"MM",22,2658,4290,7721,38555,114480,148209
"MM",23,2658,4290,7721,38555,114480,148209
"MM",24,2658,4290,7721,38555,114480,148209
"MM",25,2658,4290,7721,38555,114480,148209
"MM",26,2658,4290,7721,38555,114480,148209
"MM",27,2658,4290,7721,38555,114480,148209
"MM",28,2658,4290,7721,38555,114480,148209
"MM",29,2658,4290,7721,38555,114480,148209
"MM",30,2658,4290,7721,38555,114480,148209
"MM",31,2658,4290,7721,38555,114480,148209
"MM",32,2658,4290,7721,38555,114480,148209
"MM",33,2658,4290,7721,38555,114480,148209
"MM",34,2658,4290,7721,38555,114480,148209
"MM",35,2658,4290,7721,38555,114480,148209
"MM",36,2658,4290,7721,38555,114480,148209
"MM",37,2658,4290,7721,38555,114480,148209
"MM",38,2658,4290,7721,38555,114480,148209
"MM",39,2658,4290,7721,38555,114480,148209
"MM",40,2658,4290,7721,38555,114480,148209
"MM",41,2658,4290,7721,38555,114480,148209
"MM",42,2658,4290,7721,38555,114480,148209
"MM",43,2658,4290,7721,38555,114480,148209
"MM",44,2658,4290,7721,38555,114480,148209
"MM",45,2658,4290,7721,38555,114480,148209
"MM",46,2658,4290,7721,38555,114480,148209
"MM",47,2658,4290,7721,38555,114480,148209
"MM",48,2658,4290,7721,38555,114480,148209
"MM",49,2658,4290,7721,38555,114480,148209
"MM",50,2658,4290,7721,38555,114480,148209
"MM",51,16630,21981,30654,87182,209435,260982
"MM",52,16630,21981,30654,87182,209435,260982
"MM",53,16630,21981,30654,87182,209435,260982
"MM",54,16630,21981,30654,87182,209435,260982
"MM",55,16630,21981,30654,87182,209435,260982
"MM",56,16630,21981,30654,87182,209435,260982
"MM",57,16630,21981,30654,87182,209435,260982
"MM",58,16630,21981,30654,87182,209435,260982
"MM",59,16630,21981,30654,87182,209435,260982
"MM",60,16630,21981,30654,87182,209435,260982
"MM",61,16630,21981,30654,87182,209435,260982
"MM",62,16630,21981,30654,87182,209435,260982
"MM",63,16630,21981,30654,87182,209435,260982
"MM",64,16630,21981,30654,87182,209435,260982
"MM",65,16630,21981,30654,87182,209435,260982
"MM",66,16630,21981,30654,87182,209435,260982
"MM",67,16630,21981,30654,87182,209435,260982
"MM",68,16630,21981,30654,87182,209435,260982
"MM",69,16630,21981,30654,87182,209435,260982
"MM",70,16630,21981,30654,87182,209435,260982
"MM",71,16630,21981,30654,87182,209435,260982
"MM",72,16630,21981,30654,87182,209435,260982
"MM",73,16630,21981,30654,87182,209435,260982
"MM",74,16630,21981,30654,87182,209435,260982
"MM",75,16630,21981,30654,87182,209435,260982
"MM",76,16630,21981,30654,87182,209435,260982
"MM",77,16630,21981,30654,87182,209435,260982
"MM",78,16630,21981,30654,87182,209435,260982
"MM",79,16630,21981,30654,87182,209435,260982
"MM",80,16630,21981,30654,87182,209435,260982
"MM",81,16630,21981,30654,87182,209435,260982
"MM",82,16630,21981,30654,87182,209435,260982
"MM",83,16630,21981,30654,87182,209435,260982
"MM",84,16630,21981,30654,87182,209435,260982
"MM",85,16630,21981,30654,87182,209435,260982
"MM",86,16630,21981,30654,87182,209435,260982
"MM",87,16630,21981,30654,87182,209435,260982
"MM",88,16630,21981,30654,87182,209435,260982
"MM",89,16630,21981,30654,87182,209435,260982
"MM",90,16630,21981,30654,87182,209435,260982
"MM",91,69664,96393,127023,250027,457281,523438
"MM",92,69664,96393,127023,250027,457281,523438
"MM",93,69664,96393,127023,250027,457281,523438
"MM",94,69664,96393,127023,250027,457281,523438
"MM",95,69664,96393,127023,250027,457281,523438
"MM",96,69664,96393,127023,250027,457281,523438
"MM",97,69664,96393,127023,250027,457281,523438
"MM",98,69664,96393,127023,250027,457281,523438
"MM",99,69664,96393,127023,250027,457281,523438
"MM",100,436868,609248,737552,949479,1112009,1136873
"PK",1,-2057,-1345,804,25798,88159,125879
"PK",2,-2057,-1345,804,25798,88159,125879
"PK",3,-2057,-1345,804,25798,88159,125879
"PK",4,-2057,-1345,804,25798,88159,125879
"PK",5,-2057,-1345,804,25798,88159,125879
"PK",6,-2057,-1345,804,25798,88159,125879
"PK",7,-2057,-1345,804,25798,88159,125879
"PK",8,-2057,-1345,804,25798,88159,125879
"PK",9,-2057,-1345,804,25798,88159,125879
"PK",10,-2057,-1345,804,25798,88159,125879
"PK",11,2604,4398,8300,40002,111597,154195
"PK",12,2604,4398,8300,40002,111597,154195
"PK",13,2604,4398,8300,40002,111597,154195
"PK",14,2604,4398,8300,40002,111597,154195
"PK",15,2604,4398,8300,40002,111597,154195
"PK",16,2604,4398,8300,40002,111597,154195
"PK",17,2604,4398,8300,40002,111597,154195
"PK",18,2604,4398,8300,40002,111597,154195
"PK",19,2604,4398,8300,40002,111597,154195
"PK",20,2604,4398,8300,40002,111597,154195
"PK",21,2604,4398,8300,40002,111597,154195
"PK",22,2604,4398,8300,40002,111597,154195
"PK",23,2604,4398,8300,40002,111597,154195
"PK",24,2604,4398,8300,40002,111597,154195
"PK",25,2604,4398,8300,40002,111597,154195
"PK",26,2604,4398,8300,40002,111597,154195
"PK",27,2604,4398,8300,40002,111597,154195
"PK",28,2604,4398,8300,40002,111597,154195
"PK",29,2604,4398,8300,40002,111597,154195
"PK",30,2604,4398,8300,40002,111597,154195
"PK",31,2604,4398,8300,40002,111597,154195
"PK",32,2604,4398,8300,40002,111597,154195
"PK",33,2604,4398,8300,40002,111597,154195
"PK",34,2604,4398,8300,40002,111597,154195
"PK",35,2604,4398,8300,40002,111597,154195
"PK",36,2604,4398,8300,40002,111597,154195
"PK",37,2604,4398,8300,40002,111597,154195
"PK",38,2604,4398,8300,40002,111597,154195
"PK",39,2604,4398,8300,40002,111597,154195
"PK",40,2604,4398,8300,40002,111597,154195
"PK",41,2604,4398,8300,40002,111597,154195
"PK",42,2604,4398,8300,40002,111597,154195
"PK",43,2604,4398,8300,40002,111597,154195
"PK",44,2604,4398,8300,40002,111597,154195
"PK",45,2604,4398,8300,40002,111597,154195
"PK",46,2604,4398,8300,40002,111597,154195
"PK",47,2604,4398,8300,40002,111597,154195
"PK",48,2604,4398,8300,40002,111597,154195
"PK",49,2604,4398,8300,40002,111597,154195
"PK",50,2604,4398,8300,40002,111597,154195
"PK",51,16276,20979,29356,82731,194364,261989
"PK",52,16276,20979,29356,82731,194364,261989
"PK",53,16276,20979,29356,82731,194364,261989
"PK",54,16276,20979,29356,82731,194364,261989
"PK",55,16276,20979,29356,82731,194364,261989
"PK",56,16276,20979,29356,82731,194364,261989
"PK",57,16276,20979,29356,82731,194364,261989
"PK",58,16276,20979,29356,82731,194364,261989
"PK",59,16276,20979,29356,82731,194364,261989
"PK",60,16276,20979,29356,82731,194364,261989
"PK",61,16276,20979,29356,82731,194364,261989
"PK",62,16276,20979,29356,82731,194364,261989
"PK",63,16276,20979,29356,82731,194364,261989
"PK",64,16276,20979,29356,82731,194364,261989
"PK",65,16276,20979,29356,82731,194364,261989
"PK",66,16276,20979,29356,82731,194364,261989
"PK",67,16276,20979,29356,82731,194364,261989
"PK",68,16276,20979,29356,82731,194364,261989
"PK",69,16276,20979,29356,82731,194364,261989
"PK",70,16276,20979,29356,82731,194364,261989
"PK",71,16276,20979,29356,82731,194364,261989
"PK",72,16276,20979,29356,82731,194364,261989
"PK",73,16276,20979,29356,82731,194364,261989
"PK",74,16276,20979,29356,82731,194364,261989
"PK",75,16276,20979,29356,82731,194364,261989
"PK",76,16276,20979,29356,82731,194364,261989
"PK",77,16276,20979,29356,82731,194364,261989
"PK",78,16276,20979,29356,82731,194364,261989
"PK",79,16276,20979,29356,82731,194364,261989
"PK",80,16276,20979,29356,82731,194364,261989
"PK",81,16276,20979,29356,82731,194364,261989
"PK",82,16276,20979,29356,82731,194364,261989
"PK",83,16276,20979,29356,82731,194364,261989
"PK",84,16276,20979,29356,82731,194364,261989
"PK",85,16276,20979,29356,82731,194364,261989
"PK",86,16276,20979,29356,82731,194364,261989
"PK",87,16276,20979,29356,82731,194364,261989
"PK",88,16276,20979,29356,82731,194364,261989
"PK",89,16276,20979,29356,82731,194364,261989
"PK",90,16276,20979,29356,82731,194364,261989
"PK",91,67987,92942,121929,228393,402569,497026
"PK",92,67987,92942,121929,228393,402569,497026
"PK",93,67987,92942,121929,228393,402569,497026
"PK",94,67987,92942,121929,228393,402569,497026
"PK",95,67987,92942,121929,228393,402569,497026
"PK",96,67987,92942,121929,228393,402569,497026
"PK",97,67987,92942,121929,228393,402569,497026
"PK",98,67987,92942,121929,228393,402569,497026
"PK",99,67987,92942,121929,228393,402569,497026
"PK",100,424193,587133,704165,846195,960207,1020602
"PH",1,-3315,-2352,-49,22116,88833,122124
"PH",2,-3315,-2352,-49,22116,88833,122124
"PH",3,-3315,-2352,-49,22116,88833,122124
"PH",4,-3315,-2352,-49,22116,88833,122124
"PH",5,-3315,-2352,-49,22116,88833,122124
"PH",6,-3315,-2352,-49,22116,88833,122124
"PH",7,-3315,-2352,-49,22116,88833,122124
"PH",8,-3315,-2352,-49,22116,88833,122124
"PH",9,-3315,-2352,-49,22116,88833,122124
"PH",10,-3315,-2352,-49,22116,88833,122124
"PH",11,4110,5906,9537,36057,112598,150350
"PH",12,4110,5906,9537,36057,112598,150350
"PH",13,4110,5906,9537,36057,112598,150350
"PH",14,4110,5906,9537,36057,112598,150350
"PH",15,4110,5906,9537,36057,112598,150350
"PH",16,4110,5906,9537,36057,112598,150350
"PH",17,4110,5906,9537,36057,112598,150350
"PH",18,4110,5906,9537,36057,112598,150350
"PH",19,4110,5906,9537,36057,112598,150350
"PH",20,4110,5906,9537,36057,112598,150350
"PH",21,4110,5906,9537,36057,112598,150350
"PH",22,4110,5906,9537,36057,112598,150350
"PH",23,4110,5906,9537,36057,112598,150350
"PH",24,4110,5906,9537,36057,112598,150350
"PH",25,4110,5906,9537,36057,112598,150350
"PH",26,4110,5906,9537,36057,112598,150350
"PH",27,4110,5906,9537,36057,112598,150350
"PH",28,4110,5906,9537,36057,112598,150350
"PH",29,4110,5906,9537,36057,112598,150350
"PH",30,4110,5906,9537,36057,112598,150350
"PH",31,4110,5906,9537,36057,112598,150350
"PH",32,4110,5906,9537,36057,112598,150350
"PH",33,4110,5906,9537,36057,112598,150350
"PH",34,4110,5906,9537,36057,112598,150350
"PH",35,4110,5906,9537,36057,112598,150350
"PH",36,4110,5906,9537,36057,112598,150350
"PH",37,4110,5906,9537,36057,112598,150350
"PH",38,4110,5906,9537,36057,112598,150350
"PH",39,4110,5906,9537,36057,112598,150350
"PH",40,4110,5906,9537,36057,112598,150350
"PH",41,4110,5906,9537,36057,112598,150350
"PH",42,4110,5906,9537,36057,112598,150350
"PH",43,4110,5906,9537,36057,112598,150350
"PH",44,4110,5906,9537,36057,112598,150350
"PH",45,4110,5906,9537,36057,112598,150350
"PH",46,4110,5906,9537,36057,112598,150350
"PH",47,4110,5906,9537,36057,112598,150350
"PH",48,4110,5906,9537,36057,112598,150350
"PH",49,4110,5906,9537,36057,112598,150350
"PH",50,4110,5906,9537,36057,112598,150350
"PH",51,25860,30966,38932,82395,202081,261292
"PH",52,25860,30966,38932,82395,202081,261292
"PH",53,25860,30966,38932,82395,202081,261292
"PH",54,25860,30966,38932,82395,202081,261292
"PH",55,25860,30966,38932,82395,202081,261292
"PH",56,25860,30966,38932,82395,202081,261292
"PH",57,25860,30966,38932,82395,202081,261292
"PH",58,25860,30966,38932,82395,202081,261292
"PH",59,25860,30966,38932,82395,202081,261292
"PH",60,25860,30966,38932,82395,202081,261292
"PH",61,25860,30966,38932,82395,202081,261292
"PH",62,25860,30966,38932,82395,202081,261292
"PH",63,25860,30966,38932,82395,202081,261292
"PH",64,25860,30966,38932,82395,202081,261292
"PH",65,25860,30966,38932,82395,202081,261292
"PH",66,25860,30966,38932,82395,202081,261292
"PH",67,25860,30966,38932,82395,202081,261292
"PH",68,25860,30966,38932,82395,202081,261292
"PH",69,25860,30966,38932,82395,202081,261292
"PH",70,25860,30966,38932,82395,202081,261292
"PH",71,25860,30966,38932,82395,202081,261292
"PH",72,25860,30966,38932,82395,202081,261292
"PH",73,25860,30966,38932,82395,202081,261292
"PH",74,25860,30966,38932,82395,202081,261292
"PH",75,25860,30966,38932,82395,202081,261292
"PH",76,25860,30966,38932,82395,202081,261292
"PH",77,25860,30966,38932,82395,202081,261292
"PH",78,25860,30966,38932,82395,202081,261292
"PH",79,25860,30966,38932,82395,202081,261292
"PH",80,25860,30966,38932,82395,202081,261292
"PH",81,25860,30966,38932,82395,202081,261292
"PH",82,25860,30966,38932,82395,202081,261292
"PH",83,25860,30966,38932,82395,202081,261292
"PH",84,25860,30966,38932,82395,202081,261292
"PH",85,25860,30966,38932,82395,202081,261292
"PH",86,25860,30966,38932,82395,202081,261292
"PH",87,25860,30966,38932,82395,202081,261292
"PH",88,25860,30966,38932,82395,202081,261292
"PH",89,25860,30966,38932,82395,202081,261292
"PH",90,25860,30966,38932,82395,202081,261292
"PH",91,110271,141307,170270,248139,434297,515750
"PH",92,110271,141307,170270,248139,434297,515750
"PH",93,110271,141307,170270,248139,434297,515750
"PH",94,110271,141307,170270,248139,434297,515750
"PH",95,110271,141307,170270,248139,434297,515750
"PH",96,110271,141307,170270,248139,434297,515750
"PH",97,110271,141307,170270,248139,434297,515750
"PH",98,110271,141307,170270,248139,434297,515750
"PH",99,110271,141307,170270,248139,434297,515750
"PH",100,807000,900521,934338,879844,1013955,1071327
"TH",1,-7643,-5685,-1980,30730,86863,117274
"TH",2,-7643,-5685,-1980,30730,86863,117274
"TH",3,-7643,-5685,-1980,30730,86863,117274
"TH",4,-7643,-5685,-1980,30730,86863,117274
"TH",5,-7643,-5685,-1980,30730,86863,117274
"TH",6,-7643,-5685,-1980,30730,86863,117274
"TH",7,-7643,-5685,-1980,30730,86863,117274
"TH",8,-7643,-5685,-1980,30730,86863,117274
"TH",9,-7643,-5685,-1980,30730,86863,117274
"TH",10,-7643,-5685,-1980,30730,86863,117274
"TH",11,7497,9833,15004,52847,111920,145369
"TH",12,7497,9833,15004,52847,111920,145369
"TH",13,7497,9833,15004,52847,111920,145369
"TH",14,7497,9833,15004,52847,111920,145369
"TH",15,7497,9833,15004,52847,111920,145369
"TH",16,7497,9833,15004,52847,111920,145369
"TH",17,7497,9833,15004,52847,111920,145369
"TH",18,7497,9833,15004,52847,111920,145369
"TH",19,7497,9833,15004,52847,111920,145369
"TH",20,7497,9833,15004,52847,111920,145369
"TH",21,7497,9833,15004,52847,111920,145369
"TH",22,7497,9833,15004,52847,111920,145369
"TH",23,7497,9833,15004,52847,111920,145369
"TH",24,7497,9833,15004,52847,111920,145369
"TH",25,7497,9833,15004,52847,111920,145369
"TH",26,7497,9833,15004,52847,111920,145369
"TH",27,7497,9833,15004,52847,111920,145369
"TH",28,7497,9833,15004,52847,111920,145369
"TH",29,7497,9833,15004,52847,111920,145369
"TH",30,7497,9833,15004,52847,111920,145369
"TH",31,7497,9833,15004,52847,111920,145369
"TH",32,7497,9833,15004,52847,111920,145369
"TH",33,7497,9833,15004,52847,111920,145369
"TH",34,7497,9833,15004,52847,111920,145369
"TH",35,7497,9833,15004,52847,111920,145369
"TH",36,7497,9833,15004,52847,111920,145369
"TH",37,7497,9833,15004,52847,111920,145369
"TH",38,7497,9833,15004,52847,111920,145369
"TH",39,7497,9833,15004,52847,111920,145369
"TH",40,7497,9833,15004,52847,111920,145369
"TH",41,7497,9833,15004,52847,111920,145369
"TH",42,7497,9833,15004,52847,111920,145369
"TH",43,7497,9833,15004,52847,111920,145369
"TH",44,7497,9833,15004,52847,111920,145369
"TH",45,7497,9833,15004,52847,111920,145369
"TH",46,7497,9833,15004,52847,111920,145369
"TH",47,7497,9833,15004,52847,111920,145369
"TH",48,7497,9833,15004,52847,111920,145369
"TH",49,7497,9833,15004,52847,111920,145369
"TH",50,7497,9833,15004,52847,111920,145369
"TH",51,48979,56598,68782,131040,210298,259288
"TH",52,48979,56598,68782,131040,210298,259288
"TH",53,48979,56598,68782,131040,210298,259288
"TH",54,48979,56598,68782,131040,210298,259288
"TH",55,48979,56598,68782,131040,210298,259288
"TH",56,48979,56598,68782,131040,210298,259288
"TH",57,48979,56598,68782,131040,210298,259288
"TH",58,48979,56598,68782,131040,210298,259288
"TH",59,48979,56598,68782,131040,210298,259288
"TH",60,48979,56598,68782,131040,210298,259288
"TH",61,48979,56598,68782,131040,210298,259288
"TH",62,48979,56598,68782,131040,210298,259288
"TH",63,48979,56598,68782,131040,210298,259288
"TH",64,48979,56598,68782,131040,210298,259288
"TH",65,48979,56598,68782,131040,210298,259288
"TH",66,48979,56598,68782,131040,210298,259288
"TH",67,48979,56598,68782,131040,210298,259288
"TH",68,48979,56598,68782,131040,210298,259288
"TH",69,48979,56598,68782,131040,210298,259288
"TH",70,48979,56598,68782,131040,210298,259288
"TH",71,48979,56598,68782,131040,210298,259288
"TH",72,48979,56598,68782,131040,210298,259288
"TH",73,48979,56598,68782,131040,210298,259288
"TH",74,48979,56598,68782,131040,210298,259288
"TH",75,48979,56598,68782,131040,210298,259288
"TH",76,48979,56598,68782,131040,210298,259288
"TH",77,48979,56598,68782,131040,210298,259288
"TH",78,48979,56598,68782,131040,210298,259288
"TH",79,48979,56598,68782,131040,210298,259288
"TH",80,48979,56598,68782,131040,210298,259288
"TH",81,48979,56598,68782,131040,210298,259288
"TH",82,48979,56598,68782,131040,210298,259288
"TH",83,48979,56598,68782,131040,210298,259288
"TH",84,48979,56598,68782,131040,210298,259288
"TH",85,48979,56598,68782,131040,210298,259288
"TH",86,48979,56598,68782,131040,210298,259288
"TH",87,48979,56598,68782,131040,210298,259288
"TH",88,48979,56598,68782,131040,210298,259288
"TH",89,48979,56598,68782,131040,210298,259288
"TH",90,48979,56598,68782,131040,210298,259288
"TH",91,232889,298057,353900,463313,509219,553091
"TH",92,232889,298057,353900,463313,509219,553091
"TH",93,232889,298057,353900,463313,509219,553091
"TH",94,232889,298057,353900,463313,509219,553091
"TH",95,232889,298057,353900,463313,509219,553091
"TH",96,232889,298057,353900,463313,509219,553091
"TH",97,232889,298057,353900,463313,509219,553091
"TH",98,232889,298057,353900,463313,509219,553091
"TH",99,232889,298057,353900,463313,509219,553091
"TH",100,2138945,2024789,1843027,1306574,1046076,1063190
"VN",1,-4903,-3821,-1525,24650,84459,116253
"VN",2,-4903,-3821,-1525,24650,84459,116253
"VN",3,-4903,-3821,-1525,24650,84459,116253
"VN",4,-4903,-3821,-1525,24650,84459,116253
"VN",5,-4903,-3821,-1525,24650,84459,116253
"VN",6,-4903,-3821,-1525,24650,84459,116253
"VN",7,-4903,-3821,-1525,24650,84459,116253
"VN",8,-4903,-3821,-1525,24650,84459,116253
"VN",9,-4903,-3821,-1525,24650,84459,116253
"VN",10,-4903,-3821,-1525,24650,84459,116253
"VN",11,6141,8270,12048,44914,111870,146682
"VN",12,6141,8270,12048,44914,111870,146682
"VN",13,6141,8270,12048,44914,111870,146682
"VN",14,6141,8270,12048,44914,111870,146682
"VN",15,6141,8270,12048,44914,111870,146682
"VN",16,6141,8270,12048,44914,111870,146682
"VN",17,6141,8270,12048,44914,111870,146682
"VN",18,6141,8270,12048,44914,111870,146682
"VN",19,6141,8270,12048,44914,111870,146682
"VN",20,6141,8270,12048,44914,111870,146682
"VN",21,6141,8270,12048,44914,111870,146682
"VN",22,6141,8270,12048,44914,111870,146682
"VN",23,6141,8270,12048,44914,111870,146682
"VN",24,6141,8270,12048,44914,111870,146682
"VN",25,6141,8270,12048,44914,111870,146682
"VN",26,6141,8270,12048,44914,111870,146682
"VN",27,6141,8270,12048,44914,111870,146682
"VN",28,6141,8270,12048,44914,111870,146682
"VN",29,6141,8270,12048,44914,111870,146682
"VN",30,6141,8270,12048,44914,111870,146682
"VN",31,6141,8270,12048,44914,111870,146682
"VN",32,6141,8270,12048,44914,111870,146682
"VN",33,6141,8270,12048,44914,111870,146682
"VN",34,6141,8270,12048,44914,111870,146682
"VN",35,6141,8270,12048,44914,111870,146682
"VN",36,6141,8270,12048,44914,111870,146682
"VN",37,6141,8270,12048,44914,111870,146682
"VN",38,6141,8270,12048,44914,111870,146682
"VN",39,6141,8270,12048,44914,111870,146682
"VN",40,6141,8270,12048,44914,111870,146682
"VN",41,6141,8270,12048,44914,111870,146682
"VN",42,6141,8270,12048,44914,111870,146682
"VN",43,6141,8270,12048,44914,111870,146682
"VN",44,6141,8270,12048,44914,111870,146682
"VN",45,6141,8270,12048,44914,111870,146682
"VN",46,6141,8270,12048,44914,111870,146682
"VN",47,6141,8270,12048,44914,111870,146682
"VN",48,6141,8270,12048,44914,111870,146682
"VN",49,6141,8270,12048,44914,111870,146682
"VN",50,6141,8270,12048,44914,111870,146682
"VN",51,38520,44909,53335,109723,209895,261692
"VN",52,38520,44909,53335,109723,209895,261692
"VN",53,38520,44909,53335,109723,209895,261692
"VN",54,38520,44909,53335,109723,209895,261692
"VN",55,38520,44909,53335,109723,209895,261692
"VN",56,38520,44909,53335,109723,209895,261692
"VN",57,38520,44909,53335,109723,209895,261692
"VN",58,38520,44909,53335,109723,209895,261692
"VN",59,38520,44909,53335,109723,209895,261692
"VN",60,38520,44909,53335,109723,209895,261692
"VN",61,38520,44909,53335,109723,209895,261692
"VN",62,38520,44909,53335,109723,209895,261692
"VN",63,38520,44909,53335,109723,209895,261692
"VN",64,38520,44909,53335,109723,209895,261692
"VN",65,38520,44909,53335,109723,209895,261692
"VN",66,38520,44909,53335,109723,209895,261692
"VN",67,38520,44909,53335,109723,209895,261692
"VN",68,38520,44909,53335,109723,209895,261692
"VN",69,38520,44909,53335,109723,209895,261692
"VN",70,38520,44909,53335,109723,209895,261692
"VN",71,38520,44909,53335,109723,209895,261692
"VN",72,38520,44909,53335,109723,209895,261692
"VN",73,38520,44909,53335,109723,209895,261692
"VN",74,38520,44909,53335,109723,209895,261692
"VN",75,38520,44909,53335,109723,209895,261692
"VN",76,38520,44909,53335,109723,209895,261692
"VN",77,38520,44909,53335,109723,209895,261692
"VN",78,38520,44909,53335,109723,209895,261692
"VN",79,38520,44909,53335,109723,209895,261692
"VN",80,38520,44909,53335,109723,209895,261692
"VN",81,38520,44909,53335,109723,209895,261692
"VN",82,38520,44909,53335,109723,209895,261692
"VN",83,38520,44909,53335,109723,209895,261692
"VN",84,38520,44909,53335,109723,209895,261692
"VN",85,38520,44909,53335,109723,209895,261692
"VN",86,38520,44909,53335,109723,209895,261692
"VN",87,38520,44909,53335,109723,209895,261692
"VN",88,38520,44909,53335,109723,209895,261692
"VN",89,38520,44909,53335,109723,209895,261692
"VN",90,38520,44909,53335,109723,209895,261692
"VN",91,162715,199712,228985,336107,473530,533834
"VN",92,162715,199712,228985,336107,473530,533834
"VN",93,162715,199712,228985,336107,473530,533834
"VN",94,162715,199712,228985,336107,473530,533834
"VN",95,162715,199712,228985,336107,473530,533834
"VN",96,162715,199712,228985,336107,473530,533834
"VN",97,162715,199712,228985,336107,473530,533834
"VN",98,162715,199712,228985,336107,473530,533834
"VN",99,162715,199712,228985,336107,473530,533834
"VN",100,1064507,1167904,1163684,1086110,1077301,1097978
"OI",1,-5065,-3701,-1148,31155,90870,120227
"OI",2,-5065,-3701,-1148,31155,90870,120227
"OI",3,-5065,-3701,-1148,31155,90870,120227
"OI",4,-5065,-3701,-1148,31155,90870,120227
"OI",5,-5065,-3701,-1148,31155,90870,120227
"OI",6,-5065,-3701,-1148,31155,90870,120227
"OI",7,-5065,-3701,-1148,31155,90870,120227
"OI",8,-5065,-3701,-1148,31155,90870,120227
"OI",9,-5065,-3701,-1148,31155,90870,120227
"OI",10,-5065,-3701,-1148,31155,90870,120227
"OI",11,2782,3845,7008,44844,111493,144753
"OI",12,2782,3845,7008,44844,111493,144753
"OI",13,2782,3845,7008,44844,111493,144753
"OI",14,2782,3845,7008,44844,111493,144753
"OI",15,2782,3845,7008,44844,111493,144753
"OI",16,2782,3845,7008,44844,111493,144753
"OI",17,2782,3845,7008,44844,111493,144753
"OI",18,2782,3845,7008,44844,111493,144753
"OI",19,2782,3845,7008,44844,111493,144753
"OI",20,2782,3845,7008,44844,111493,144753
"OI",21,2782,3845,7008,44844,111493,144753
"OI",22,2782,3845,7008,44844,111493,144753
"OI",23,2782,3845,7008,44844,111493,144753
"OI",24,2782,3845,7008,44844,111493,144753
"OI",25,2782,3845,7008,44844,111493,144753
"OI",26,2782,3845,7008,44844,111493,144753
"OI",27,2782,3845,7008,44844,111493,144753
"OI",28,2782,3845,7008,44844,111493,144753
"OI",29,2782,3845,7008,44844,111493,144753
"OI",30,2782,3845,7008,44844,111493,144753
"OI",31,2782,3845,7008,44844,111493,144753
"OI",32,2782,3845,7008,44844,111493,144753
"OI",33,2782,3845,7008,44844,111493,144753
"OI",34,2782,3845,7008,44844,111493,144753
"OI",35,2782,3845,7008,44844,111493,144753
"OI",36,2782,3845,7008,44844,111493,144753
"OI",37,2782,3845,7008,44844,111493,144753
"OI",38,2782,3845,7008,44844,111493,144753
"OI",39,2782,3845,7008,44844,111493,144753
"OI",40,2782,3845,7008,44844,111493,144753
"OI",41,2782,3845,7008,44844,111493,144753
"OI",42,2782,3845,7008,44844,111493,144753
"OI",43,2782,3845,7008,44844,111493,144753
"OI",44,2782,3845,7008,44844,111493,144753
"OI",45,2782,3845,7008,44844,111493,144753
"OI",46,2782,3845,7008,44844,111493,144753
"OI",47,2782,3845,7008,44844,111493,144753
"OI",48,2782,3845,7008,44844,111493,144753
"OI",49,2782,3845,7008,44844,111493,144753
"OI",50,2782,3845,7008,44844,111493,144753
"OI",51,27313,32778,42354,113384,209501,257479
"OI",52,27313,32778,42354,113384,209501,257479
"OI",53,27313,32778,42354,113384,209501,257479
"OI",54,27313,32778,42354,113384,209501,257479
"OI",55,27313,32778,42354,113384,209501,257479
"OI",56,27313,32778,42354,113384,209501,257479
"OI",57,27313,32778,42354,113384,209501,257479
"OI",58,27313,32778,42354,113384,209501,257479
"OI",59,27313,32778,42354,113384,209501,257479
"OI",60,27313,32778,42354,113384,209501,257479
"OI",61,27313,32778,42354,113384,209501,257479
"OI",62,27313,32778,42354,113384,209501,257479
"OI",63,27313,32778,42354,113384,209501,257479
"OI",64,27313,32778,42354,113384,209501,257479
"OI",65,27313,32778,42354,113384,209501,257479
"OI",66,27313,32778,42354,113384,209501,257479
"OI",67,27313,32778,42354,113384,209501,257479
"OI",68,27313,32778,42354,113384,209501,257479
"OI",69,27313,32778,42354,113384,209501,257479
"OI",70,27313,32778,42354,113384,209501,257479
"OI",71,27313,32778,42354,113384,209501,257479
"OI",72,27313,32778,42354,113384,209501,257479
"OI",73,27313,32778,42354,113384,209501,257479
"OI",74,27313,32778,42354,113384,209501,257479
"OI",75,27313,32778,42354,113384,209501,257479
"OI",76,27313,32778,42354,113384,209501,257479
"OI",77,27313,32778,42354,113384,209501,257479
"OI",78,27313,32778,42354,113384,209501,257479
"OI",79,27313,32778,42354,113384,209501,257479
"OI",80,27313,32778,42354,113384,209501,257479
"OI",81,27313,32778,42354,113384,209501,257479
"OI",82,27313,32778,42354,113384,209501,257479
"OI",83,27313,32778,42354,113384,209501,257479
"OI",84,27313,32778,42354,113384,209501,257479
"OI",85,27313,32778,42354,113384,209501,257479
"OI",86,27313,32778,42354,113384,209501,257479
"OI",87,27313,32778,42354,113384,209501,257479
"OI",88,27313,32778,42354,113384,209501,257479
"OI",89,27313,32778,42354,113384,209501,257479
"OI",90,27313,32778,42354,113384,209501,257479
"OI",91,190998,241721,287819,443339,524630,556598
"OI",92,190998,241721,287819,443339,524630,556598
"OI",93,190998,241721,287819,443339,524630,556598
"OI",94,190998,241721,287819,443339,524630,556598
"OI",95,190998,241721,287819,443339,524630,556598
"OI",96,190998,241721,287819,443339,524630,556598
"OI",97,190998,241721,287819,443339,524630,556598
"OI",98,190998,241721,287819,443339,524630,556598
"OI",99,190998,241721,287819,443339,524630,556598
"OI",100,1995517,1928396,1781367,1426964,1120546,1099071
