"country","gpercentile","cash_income_2025"
"AE",0,551.410864991147
"AE",1,551.410864991147
"AE",2,551.410864991147
"AE",3,551.410864991147
"AE",4,551.410864991147
"AE",5,824.99536062181
"AE",6,1398.02271256975
"AE",7,1992.99391353324
"AE",8,2603.14653706069
"AE",9,3223.34547587659
"AE",10,3776.35581706001
"AE",11,4411.1257098807
"AE",12,5050.51910101652
"AE",13,5694.34770396618
"AE",14,6341.99528008835
"AE",15,6992.32553566291
"AE",16,7645.62927030379
"AE",17,8301.63064205355
"AE",18,8959.36815746655
"AE",19,9619.36660177535
"AE",20,9782.53581164777
"AE",21,10082.648399899
"AE",22,10356.1721294972
"AE",23,10607.4605629987
"AE",24,10835.5217181339
"AE",25,11079.1087984081
"AE",26,11309.9550246483
"AE",27,11552.3430707189
"AE",28,11793.0899033193
"AE",29,12024.9761561191
"AE",30,12243.6915045389
"AE",31,12491.8277188699
"AE",32,12824.9787245412
"AE",33,13191.5739301552
"AE",34,13597.7697588145
"AE",35,14108.6645330681
"AE",36,14631.2816987681
"AE",37,15179.6559249991
"AE",38,15748.8041455308
"AE",39,16596.1344268826
"AE",40,17485.0384623768
"AE",41,18444.6183388941
"AE",42,19449.3132573496
"AE",43,20482.401763071
"AE",44,21507.5988178611
"AE",45,22211.7255050119
"AE",46,22819.4740723734
"AE",47,23430.3824861674
"AE",48,24046.4338578364
"AE",49,24598.8976701631
"AE",50,24942.2910438118
"AE",51,25314.4261036363
"AE",52,25670.9032591539
"AE",53,26035.984129938
"AE",54,26445.0911373962
"AE",55,26904.9020268698
"AE",56,27377.4905837441
"AE",57,27898.5441468969
"AE",58,28495.4051657397
"AE",59,29105.5091789098
"AE",60,29687.5672679904
"AE",61,30277.6787736794
"AE",62,30867.0592329685
"AE",63,31452.354435044
"AE",64,32060.3650489886
"AE",65,32684.4041873906
"AE",66,33315.5230027841
"AE",67,33970.8392228597
"AE",68,34757.8709965506
"AE",69,35574.4607951077
"AE",70,36421.040737699
"AE",71,37325.3321130974
"AE",72,38240.2284217818
"AE",73,39035.3398711599
"AE",74,39858.8044500516
"AE",75,40743.5135200406
"AE",76,41607.5668469182
"AE",77,42474.7126722924
"AE",78,43396.0816522764
"AE",79,44341.9113686256
"AE",80,45817.2976334044
"AE",81,47605.1605522433
"AE",82,49950.5583362415
"AE",83,52833.5197126662
"AE",84,56201.6460518752
"AE",85,60216.3792448998
"AE",86,65494.9671827988
"AE",87,71789.6808311255
"AE",88,79094.0602116708
"AE",89,87705.9486745155
"AE",90,96988.6986914608
"AE",91,106854.485872341
"AE",92,118509.184491805
"AE",93,131533.095602707
"AE",94,145146.881772247
"AE",95,160460.640844153
"AE",96,180015.077277964
"AE",97,208808.194385443
"AE",98,260488.396463328
"AE",99,410373.30611682
"AE",99.1,427971.281039457
"AE",99.2,448453.308006906
"AE",99.3,474164.344720804
"AE",99.4,504101.699200788
"AE",99.5,545180.415581991
"AE",99.6,593360.067353694
"AE",99.7,673225.697596738
"AE",99.8,837050.728011871
"AE",99.9,1019664.25731188
"AE",99.91,1074557.51680568
"AE",99.92,1137671.47442768
"AE",99.93,1211822.07294321
"AE",99.94,1304694.92717707
"AE",99.95,1426728.16176441
"AE",99.96,1583801.33846555
"AE",99.97,1858363.94480164
"AE",99.98,2446036.84343138
"AE",99.99,3046331.91765998
"AE",99.991,3240047.64418492
"AE",99.992,3448848.60849925
"AE",99.993,3722576.13902278
"AE",99.994,4060038.55925371
"AE",99.995,4546426.18864712
"AE",99.996,5264624.12854238
"AE",99.997,6346807.35565515
"AE",99.998,8145590.92780356
"AE",99.999,18077519.6765346
"AR",0,3382.45472219219
"AR",1,3382.45472219219
"AR",2,3382.45472219219
"AR",3,3382.45472219219
"AR",4,3382.45472219219
"AR",5,3382.45472219219
"AR",6,3382.45472219219
"AR",7,3382.45472219219
"AR",8,3382.45472219219
"AR",9,3382.45472219219
"AR",10,3382.45472219219
"AR",11,3850.43680919848
"AR",12,4400.61774011395
"AR",13,4775.17788648827
"AR",14,5071.8437713258
"AR",15,5386.17749317792
"AR",16,5593.37782035561
"AR",17,5940.93866192299
"AR",18,6078.23366605414
"AR",19,6314.62404451375
"AR",20,4756.64136403977
"AR",21,4867.05118888729
"AR",22,4949.24070456155
"AR",23,5202.61673387951
"AR",24,5424.00338814845
"AR",25,5590.21545644983
"AR",26,5681.55989000638
"AR",27,5836.77136192745
"AR",28,6043.51255988209
"AR",29,6113.11019594188
"AR",30,6263.49216888935
"AR",31,6400.84185620812
"AR",32,6548.28663177327
"AR",33,6693.6384939415
"AR",34,6830.11319865033
"AR",35,6970.84692831732
"AR",36,7155.0753051424
"AR",37,7168.52350188391
"AR",38,7290.83940450985
"AR",39,7365.02385629065
"AR",40,6816.92167645203
"AR",41,6940.63562629745
"AR",42,7159.99988347204
"AR",43,7347.40519656359
"AR",44,7458.52133772137
"AR",45,7680.86605050792
"AR",46,7790.71043648006
"AR",47,7951.73927906487
"AR",48,8040.79816978089
"AR",49,8116.42300041468
"AR",50,8169.13147161642
"AR",51,8334.13626228772
"AR",52,8575.7224370267
"AR",53,8796.56369968603
"AR",54,9031.92873225481
"AR",55,9317.40184883832
"AR",56,9599.84678920273
"AR",57,9742.88297846224
"AR",58,9814.17547915607
"AR",59,10120.0252126574
"AR",60,10039.9239814647
"AR",61,10263.2711712877
"AR",62,10396.4133883933
"AR",63,10603.0665138116
"AR",64,10912.3066794938
"AR",65,11054.8430724363
"AR",66,11312.1454878334
"AR",67,11658.6096350318
"AR",68,11899.9106574102
"AR",69,12155.9790809555
"AR",70,12516.131927532
"AR",71,12758.8682064263
"AR",72,12906.2847647263
"AR",73,13266.8631391853
"AR",74,13675.6848669962
"AR",75,14091.2492288465
"AR",76,14483.8594928512
"AR",77,14841.4668994501
"AR",78,15338.306625695
"AR",79,15797.5605730369
"AR",80,16086.4808609583
"AR",81,16358.3886083721
"AR",82,17010.8810455792
"AR",83,17843.7619803594
"AR",84,18772.7237997153
"AR",85,19657.5066326123
"AR",86,20489.0322893163
"AR",87,21644.7756760968
"AR",88,23067.6552456645
"AR",89,24546.7682052665
"AR",90,26039.5344538189
"AR",91,27931.4613822164
"AR",92,30678.8500797403
"AR",93,33474.654340369
"AR",94,38253.148465314
"AR",95,44242.6192875777
"AR",96,51823.8757269547
"AR",97,63791.5085196619
"AR",98,89422.6601563275
"AR",99,114901.391711547
"AR",99.1,123428.813528702
"AR",99.2,131256.646960561
"AR",99.3,142800.580072626
"AR",99.4,151890.823743995
"AR",99.5,160704.746455859
"AR",99.6,166521.448913393
"AR",99.7,189996.123773561
"AR",99.8,229046.820947372
"AR",99.9,232778.759442661
"AR",99.91,235101.89745132
"AR",99.92,247337.154828426
"AR",99.93,256361.764853283
"AR",99.94,259712.372105659
"AR",99.95,257792.166958274
"AR",99.96,261180.864523725
"AR",99.97,269440.009407815
"AR",99.98,313203.863898156
"AR",99.99,355428.725832554
"AR",99.991,358393.66674805
"AR",99.992,359248.233352123
"AR",99.993,360242.745503703
"AR",99.994,362239.202157963
"AR",99.995,464426.225960231
"AR",99.996,501674.161721391
"AR",99.997,538919.582913647
"AR",99.998,622415.553105612
"AR",99.999,619083.668323728
"AU",0,6791.36991231641
"AU",1,6791.36991231641
"AU",2,6791.36991231641
"AU",3,6791.36991231641
"AU",4,6791.36991231641
"AU",5,7039.70112347073
"AU",6,7565.43815144082
"AU",7,8115.04809646745
"AU",8,8677.88521336738
"AU",9,9248.56653470051
"AU",10,8895.92436247326
"AU",11,9473.5791739589
"AU",12,10052.2731025897
"AU",13,10631.0016930131
"AU",14,11209.6788773625
"AU",15,11787.9844428315
"AU",16,12376.7291332577
"AU",17,12938.8760449802
"AU",18,13486.3877299885
"AU",19,14077.1645385383
"AU",20,12109.9488685672
"AU",21,12481.9139347253
"AU",22,12877.119325231
"AU",23,13284.2760117751
"AU",24,13604.8438195129
"AU",25,14005.5871003203
"AU",26,14402.2915777858
"AU",27,14815.6599846794
"AU",28,15210.5047253064
"AU",29,15648.6858750258
"AU",30,15914.645403678
"AU",31,16369.4913798048
"AU",32,16917.922103074
"AU",33,17473.8069108988
"AU",34,17956.7839433706
"AU",35,18497.288955495
"AU",36,18995.2592148418
"AU",37,19465.3469686948
"AU",38,20050.2726116994
"AU",39,20490.1550514209
"AU",40,20494.7458999757
"AU",41,20938.1454277314
"AU",42,21491.1852026729
"AU",43,22098.7451711002
"AU",44,22599.0173202416
"AU",45,23248.8848197794
"AU",46,23900.1579506749
"AU",47,24595.5264947972
"AU",48,25292.2631546563
"AU",49,25957.3742558056
"AU",50,26386.590923944
"AU",51,27168.0295999727
"AU",52,27908.9092210637
"AU",53,28617.9364421705
"AU",54,29273.6946708036
"AU",55,29923.1546276569
"AU",56,30574.1620234295
"AU",57,31052.9553249786
"AU",58,31459.9344802675
"AU",59,31913.6757741916
"AU",60,31917.9661822622
"AU",61,32290.3960426504
"AU",62,32540.8638788613
"AU",63,32856.3711652131
"AU",64,33244.8747170074
"AU",65,33574.0250794401
"AU",66,34065.4472106915
"AU",67,34594.6541694298
"AU",68,35122.8152022303
"AU",69,35813.9801742044
"AU",70,36557.2779093394
"AU",71,37416.7378980152
"AU",72,38447.4590449009
"AU",73,39510.6420351655
"AU",74,40709.2228569029
"AU",75,41888.0757016854
"AU",76,43185.8163155635
"AU",77,44507.9128962226
"AU",78,45822.2834399341
"AU",79,47189.2028893826
"AU",80,48859.2283402808
"AU",81,50132.3885500661
"AU",82,51386.7682286585
"AU",83,52725.3067461341
"AU",84,54045.6792189888
"AU",85,55297.7032109777
"AU",86,56509.0944968527
"AU",87,58151.6111748641
"AU",88,59594.4769161806
"AU",89,61185.4939170237
"AU",90,62923.4653378947
"AU",91,64495.7930633042
"AU",92,66468.204797309
"AU",93,68777.5074617607
"AU",94,71913.9594789603
"AU",95,76199.3956356892
"AU",96,82600.8800961101
"AU",97,94274.7867701097
"AU",98,121472.034568741
"AU",99,150295.657235798
"AU",99.1,159562.446457167
"AU",99.2,171082.198517976
"AU",99.3,184733.314196405
"AU",99.4,199543.343126375
"AU",99.5,222281.150484275
"AU",99.6,246845.241400055
"AU",99.7,286738.782979154
"AU",99.8,360172.654339992
"AU",99.9,432531.418833434
"AU",99.91,454371.883002628
"AU",99.92,461946.219839423
"AU",99.93,493393.650826839
"AU",99.94,536036.418508559
"AU",99.95,569069.558349487
"AU",99.96,630788.608316931
"AU",99.97,749848.986136978
"AU",99.98,989343.951827882
"AU",99.99,1230552.31589041
"AU",99.991,1313564.23401244
"AU",99.992,1398955.39657617
"AU",99.993,1505182.32231032
"AU",99.994,1653335.41841396
"AU",99.995,1854459.95709015
"AU",99.996,2172468.34807925
"AU",99.997,2681934.87283277
"AU",99.998,3937521.3647808
"AU",99.999,25711139.1045816
"BD",0,155.710069358836
"BD",1,155.710069358836
"BD",2,155.710069358836
"BD",3,155.710069358836
"BD",4,155.710069358836
"BD",5,229.594598525755
"BD",6,379.398244965964
"BD",7,531.100304296935
"BD",8,683.907856449227
"BD",9,837.481167409349
"BD",10,991.592245534899
"BD",11,1146.13230262016
"BD",12,1300.92152392413
"BD",13,1455.92720118093
"BD",14,1611.13399790731
"BD",15,1766.42656116322
"BD",16,1921.81105661638
"BD",17,2077.26850070223
"BD",18,2232.81454116554
"BD",19,2388.35534616443
"BD",20,2360.96285723613
"BD",21,2415.05955340045
"BD",22,2471.8990021181
"BD",23,2524.0522019378
"BD",24,2577.36090856099
"BD",25,2625.73465781836
"BD",26,2677.09870615463
"BD",27,2734.61567564519
"BD",28,2786.46304606829
"BD",29,2838.89670544355
"BD",30,2892.17906871182
"BD",31,2946.50291190987
"BD",32,3006.0505456494
"BD",33,3065.32569805544
"BD",34,3123.99252458831
"BD",35,3186.85366921984
"BD",36,3245.18039375148
"BD",37,3300.0243072464
"BD",38,3360.76674226963
"BD",39,3418.29141973664
"BD",40,3461.34966214809
"BD",41,3520.91365715781
"BD",42,3578.02968148987
"BD",43,3637.95022460912
"BD",44,3710.07820633547
"BD",45,3777.54712853979
"BD",46,3852.87635946281
"BD",47,3914.22743726997
"BD",48,3987.35437952859
"BD",49,4060.4536576267
"BD",50,4137.60726802594
"BD",51,4214.32843682897
"BD",52,4292.56158347591
"BD",53,4370.64528252248
"BD",54,4457.41745951534
"BD",55,4537.73477537415
"BD",56,4628.2090525061
"BD",57,4719.21958966825
"BD",58,4812.4996268318
"BD",59,4908.80690707445
"BD",60,5000.79770141605
"BD",61,5107.2584448713
"BD",62,5227.20524788287
"BD",63,5334.10139137615
"BD",64,5452.89525391823
"BD",65,5578.50320390284
"BD",66,5696.15924121529
"BD",67,5831.86336125236
"BD",68,5960.50085310351
"BD",69,6091.97184277611
"BD",70,6229.85988990314
"BD",71,6369.91673182776
"BD",72,6514.30020450588
"BD",73,6657.63786160867
"BD",74,6830.11148760991
"BD",75,7009.33623893978
"BD",76,7179.35183954634
"BD",77,7361.95395813111
"BD",78,7560.17787545557
"BD",79,7783.70656145196
"BD",80,8012.88942243436
"BD",81,8260.93038789514
"BD",82,8520.00622412454
"BD",83,8794.16173152351
"BD",84,9104.19134037533
"BD",85,9458.26324566937
"BD",86,9824.52830519354
"BD",87,10257.018759895
"BD",88,10729.7320460189
"BD",89,11279.0530904361
"BD",90,11672.9674250603
"BD",91,12533.9283389816
"BD",92,13522.2143146823
"BD",93,14831.6019635239
"BD",94,16532.9820527564
"BD",95,18455.5064541976
"BD",96,21182.2372305803
"BD",97,25640.9212927748
"BD",98,33863.4159503422
"BD",99,41950.6449317826
"BD",99.1,45247.9125792764
"BD",99.2,49079.5708466133
"BD",99.3,53702.3161766013
"BD",99.4,59679.7795900204
"BD",99.5,68261.2127027615
"BD",99.6,79990.1792974005
"BD",99.7,98949.4541462401
"BD",99.8,140319.222686295
"BD",99.9,190816.164941667
"BD",99.91,202366.765258139
"BD",99.92,215548.551150225
"BD",99.93,231621.874021658
"BD",99.94,252336.146996437
"BD",99.95,278650.627933949
"BD",99.96,315063.20229947
"BD",99.97,374451.189085004
"BD",99.98,489959.275772433
"BD",99.99,616294.828672092
"BD",99.991,653408.429117285
"BD",99.992,696622.746997541
"BD",99.993,748768.904795807
"BD",99.994,816125.085623168
"BD",99.995,905238.226145199
"BD",99.996,1030579.00712399
"BD",99.997,1224541.35619888
"BD",99.998,1586920.69874914
"BD",99.999,3819769.17303047
"BR",0,2420.02163162313
"BR",1,2420.02163162313
"BR",2,2420.02163162313
"BR",3,2420.02163162313
"BR",4,2420.02163162313
"BR",5,2420.02163162313
"BR",6,2420.02163162313
"BR",7,2420.02163162313
"BR",8,2420.02163162313
"BR",9,2420.02163162313
"BR",10,2420.02163162313
"BR",11,2420.02163162313
"BR",12,2420.02163162313
"BR",13,2420.02163162313
"BR",14,2576.09538334485
"BR",15,2785.427885915
"BR",16,2954.64185489113
"BR",17,3125.06227752328
"BR",18,3276.19822664512
"BR",19,3405.84572019381
"BR",20,2314.13457614488
"BR",21,2490.8137243499
"BR",22,2660.9582250919
"BR",23,2772.17931237338
"BR",24,2803.57597955843
"BR",25,2811.14005260751
"BR",26,2934.63532429077
"BR",27,2990.18128580951
"BR",28,3098.22504289162
"BR",29,3167.85355823349
"BR",30,3201.59646476218
"BR",31,3304.96016030685
"BR",32,3371.45549507566
"BR",33,3512.69313676434
"BR",34,3614.64858808511
"BR",35,3778.52404286462
"BR",36,3823.57607994757
"BR",37,3984.47618406623
"BR",38,4070.63055396334
"BR",39,4244.83554511774
"BR",40,3815.85030313072
"BR",41,3819.51557012374
"BR",42,3807.92780094594
"BR",43,3817.66503421536
"BR",44,3851.62743639173
"BR",45,3965.91257982181
"BR",46,4051.8590321016
"BR",47,4174.25845339455
"BR",48,4204.05128297419
"BR",49,4289.73804637517
"BR",50,4442.68432173065
"BR",51,4530.96375788919
"BR",52,4531.08123692947
"BR",53,4527.73320448418
"BR",54,4527.98124619974
"BR",55,4540.45717400573
"BR",56,4560.303238411
"BR",57,4557.56863048547
"BR",58,4579.60874994212
"BR",59,4732.5421305043
"BR",60,4543.05068356835
"BR",61,4668.60385585433
"BR",62,4793.5377363095
"BR",63,4965.78232024633
"BR",64,5086.28591424669
"BR",65,5213.36782958669
"BR",66,5417.91576548479
"BR",67,5611.64942549837
"BR",68,5625.29629101239
"BR",69,5854.79199322384
"BR",70,6138.74607806433
"BR",71,6329.23224276302
"BR",72,6613.54624589128
"BR",73,6910.16990287998
"BR",74,7003.85360428955
"BR",75,7328.43014958231
"BR",76,7651.54228343196
"BR",77,8014.71111633076
"BR",78,8356.73687889007
"BR",79,8453.28110765466
"BR",80,8728.55641166056
"BR",81,9342.372966654
"BR",82,9856.57087315812
"BR",83,10458.5211336844
"BR",84,11088.7909217861
"BR",85,11938.3925935703
"BR",86,12909.8337417135
"BR",87,13856.9952857505
"BR",88,15203.4626208217
"BR",89,16645.8799368431
"BR",90,18283.9212513873
"BR",91,20395.3871793388
"BR",92,22858.0510023476
"BR",93,25836.7741118292
"BR",94,29995.6637995735
"BR",95,36145.7644919156
"BR",96,44267.8140450324
"BR",97,56700.1611444924
"BR",98,83946.8130860214
"BR",99,111994.673431826
"BR",99.1,119340.869477842
"BR",99.2,126509.111159237
"BR",99.3,141488.061442885
"BR",99.4,156303.974205765
"BR",99.5,176645.590602441
"BR",99.6,198145.902958159
"BR",99.7,223138.436090855
"BR",99.8,299146.190954622
"BR",99.9,363561.104022023
"BR",99.91,374419.506538832
"BR",99.92,412641.640819835
"BR",99.93,451790.62320791
"BR",99.94,496058.734728158
"BR",99.95,533706.630837544
"BR",99.96,560379.411282456
"BR",99.97,582432.367053743
"BR",99.98,613100.999083297
"BR",99.99,629778.051306658
"BR",99.991,634338.788830888
"BR",99.992,636265.138018905
"BR",99.993,636653.794841051
"BR",99.994,683866.714894744
"BR",99.995,781017.064257273
"BR",99.996,896797.805926025
"BR",99.997,891682.857939773
"BR",99.998,902327.2465228
"BR",99.999,936915.330144079
"CA",0,7577.92860359257
"CA",1,7577.92860359257
"CA",2,7577.92860359257
"CA",3,7577.92860359257
"CA",4,7577.92860359257
"CA",5,7748.23433344071
"CA",6,8143.71185077559
"CA",7,8578.26731742759
"CA",8,9035.69060334507
"CA",9,9509.16161151462
"CA",10,8959.38934758095
"CA",11,9453.99978556505
"CA",12,9956.81601566171
"CA",13,10466.2174184805
"CA",14,10981.6038182001
"CA",15,11502.5246991637
"CA",16,12036.3680722968
"CA",17,12556.1541530067
"CA",18,13066.520081669
"CA",19,13614.5357899879
"CA",20,11360.5065332653
"CA",21,11923.2751715574
"CA",22,12400.753037834
"CA",23,13105.9207780852
"CA",24,13381.1487124769
"CA",25,13733.7170448116
"CA",26,14192.7452132031
"CA",27,14591.4976491338
"CA",28,15104.184920409
"CA",29,15527.4324801993
"CA",30,15649.5531417831
"CA",31,16081.7756849007
"CA",32,16571.8861285619
"CA",33,17022.0711574699
"CA",34,17393.035870445
"CA",35,17739.7408092708
"CA",36,18090.9449527843
"CA",37,18320.361845718
"CA",38,18922.7810005426
"CA",39,19414.8551746087
"CA",40,19030.8284413905
"CA",41,19327.8664421643
"CA",42,19743.9900095263
"CA",43,20173.0684762085
"CA",44,20621.8607746127
"CA",45,20980.2094220192
"CA",46,21305.8944192644
"CA",47,21538.3647989587
"CA",48,22081.760022937
"CA",49,22437.7687853265
"CA",50,22610.6167720931
"CA",51,22889.9114883971
"CA",52,23258.4706393601
"CA",53,23651.8639558187
"CA",54,24027.8452707114
"CA",55,24434.3588015162
"CA",56,24963.0482523495
"CA",57,25378.5541856568
"CA",58,25706.8624857423
"CA",59,26161.0134102352
"CA",60,26323.5983758884
"CA",61,26810.4328056403
"CA",62,27244.4981397608
"CA",63,27729.7788483604
"CA",64,28254.5284814711
"CA",65,28730.8120772296
"CA",66,29417.4751977529
"CA",67,29893.7351612338
"CA",68,30352.2146925762
"CA",69,31049.1302353245
"CA",70,31514.4925268819
"CA",71,32032.9075273844
"CA",72,32722.3336499218
"CA",73,33309.4585382421
"CA",74,33971.2763462007
"CA",75,34564.892118691
"CA",76,35292.5748817028
"CA",77,36124.6397475089
"CA",78,36925.0604539806
"CA",79,37731.1249339031
"CA",80,39025.9806073176
"CA",81,39942.0304774178
"CA",82,40815.3740753134
"CA",83,41644.8778172811
"CA",84,42876.4951970716
"CA",85,43909.4364137122
"CA",86,44921.9935947379
"CA",87,46555.3012735819
"CA",88,48172.4954480845
"CA",89,49838.4919375162
"CA",90,51949.8659627422
"CA",91,54078.2546172295
"CA",92,56738.2613561507
"CA",93,60301.4592857535
"CA",94,64838.4757013234
"CA",95,70993.4796369827
"CA",96,80458.9191712783
"CA",97,96176.401678443
"CA",98,127164.704500109
"CA",99,157981.198217723
"CA",99.1,168369.817461867
"CA",99.2,181648.638638386
"CA",99.3,197413.622059237
"CA",99.4,216822.157331332
"CA",99.5,244680.349074953
"CA",99.6,279252.271698892
"CA",99.7,340221.263567061
"CA",99.8,468901.272671887
"CA",99.9,609694.591659495
"CA",99.91,655173.697826356
"CA",99.92,689101.689845624
"CA",99.93,759106.758902587
"CA",99.94,851609.933493856
"CA",99.95,941175.124739698
"CA",99.96,1086897.41483681
"CA",99.97,1329428.65344381
"CA",99.98,1788367.6407007
"CA",99.99,2256799.09164121
"CA",99.991,2420231.89787832
"CA",99.992,2586286.43932839
"CA",99.993,2785253.69853428
"CA",99.994,3045297.20824763
"CA",99.995,3391103.08024975
"CA",99.996,3867494.80393535
"CA",99.997,4604061.19114646
"CA",99.998,6099408.34428027
"CA",99.999,14613838.1127574
"CD",0,20.0291035409454
"CD",1,20.0291035409454
"CD",2,20.0291035409454
"CD",3,20.0291035409454
"CD",4,20.0291035409454
"CD",5,26.4030453397522
"CD",6,39.2657048784464
"CD",7,52.2215945204963
"CD",8,65.2261663296431
"CD",9,78.2744144413661
"CD",10,91.3319256183717
"CD",11,104.406619232517
"CD",12,117.487601817461
"CD",13,130.57110756495
"CD",14,143.649119977947
"CD",15,156.736073666773
"CD",16,170.62509869039
"CD",17,183.728366247701
"CD",18,197.850913585251
"CD",19,210.880592182969
"CD",20,203.257519070119
"CD",21,211.24427983236
"CD",22,218.463415638513
"CD",23,224.653869463813
"CD",24,233.818802323182
"CD",25,241.472026189685
"CD",26,249.151389253042
"CD",27,257.464218749451
"CD",28,264.573927146646
"CD",29,271.234245567064
"CD",30,276.653927861517
"CD",31,285.393685170667
"CD",32,291.225088947476
"CD",33,299.188919999615
"CD",34,306.115013048698
"CD",35,314.825206483397
"CD",36,323.479378637188
"CD",37,335.100951871917
"CD",38,339.449757155153
"CD",39,348.907203269599
"CD",40,354.348825705575
"CD",41,364.023645890503
"CD",42,372.019592975824
"CD",43,380.064076318089
"CD",44,388.051387277143
"CD",45,396.80315003248
"CD",46,404.090637782871
"CD",47,414.560957829761
"CD",48,423.207463414498
"CD",49,433.542595393163
"CD",50,445.195487751606
"CD",51,456.632754348205
"CD",52,466.20107842038
"CD",53,476.892425507083
"CD",54,490.191460604746
"CD",55,501.878999332534
"CD",56,513.494517719229
"CD",57,528.413493398999
"CD",58,542.172104964224
"CD",59,553.965929471292
"CD",60,572.216736394271
"CD",61,586.741665822238
"CD",62,604.25789865063
"CD",63,618.207543162574
"CD",64,635.183222854337
"CD",65,652.033398168097
"CD",66,668.767787413808
"CD",67,685.933734841341
"CD",68,702.758329797311
"CD",69,721.451608439463
"CD",70,747.53674872555
"CD",71,767.878397948172
"CD",72,790.633143808915
"CD",73,814.697334275773
"CD",74,838.390091346731
"CD",75,867.520041675825
"CD",76,899.119490208612
"CD",77,931.22623608717
"CD",78,963.595671917621
"CD",79,1001.18794034172
"CD",80,1052.23838410426
"CD",81,1105.99545204283
"CD",82,1163.50395713282
"CD",83,1230.59538565318
"CD",84,1298.22119157548
"CD",85,1377.19252386959
"CD",86,1459.90360722897
"CD",87,1544.51621604817
"CD",88,1641.62366474304
"CD",89,1793.25058181522
"CD",90,1961.04945785438
"CD",91,2132.66514102864
"CD",92,2351.65420736419
"CD",93,2669.67915827101
"CD",94,3128.91208214047
"CD",95,3705.45859420028
"CD",96,4505.22352263441
"CD",97,5874.56415505308
"CD",98,8492.17593654846
"CD",99,10318.4663786798
"CD",99.1,10905.2661795821
"CD",99.2,11571.4605223568
"CD",99.3,12388.426385436
"CD",99.4,13366.6268820364
"CD",99.5,14731.6149748757
"CD",99.6,16553.9180595499
"CD",99.7,19319.4030569316
"CD",99.8,24517.782180675
"CD",99.9,29983.8289161204
"CD",99.91,31757.1012564186
"CD",99.92,33872.7067773143
"CD",99.93,35918.2460511341
"CD",99.94,38527.6736787821
"CD",99.95,42350.1044228715
"CD",99.96,47021.6962386895
"CD",99.97,54728.6685002476
"CD",99.98,69531.1708440529
"CD",99.99,84465.1313608575
"CD",99.991,88516.4589759103
"CD",99.992,93743.0219621772
"CD",99.993,100344.178769998
"CD",99.994,108544.764494061
"CD",99.995,119222.383815468
"CD",99.996,133930.771771826
"CD",99.997,157994.877512082
"CD",99.998,201071.984070817
"CD",99.999,439084.164081173
"CI",0,9.99781013008015
"CI",1,9.99781013008015
"CI",2,9.99781013008015
"CI",3,9.99781013008015
"CI",4,9.99781013008015
"CI",5,38.2228469007406
"CI",6,96.1892340528887
"CI",7,155.418076875429
"CI",8,215.469079081128
"CI",9,276.052528483053
"CI",10,336.983983578645
"CI",11,398.204879405638
"CI",12,459.621653030162
"CI",13,521.158136406404
"CI",14,582.846871115403
"CI",15,644.543161703261
"CI",16,705.965601054603
"CI",17,771.311315577111
"CI",18,832.129205946061
"CI",19,897.749919484109
"CI",20,920.203655861303
"CI",21,943.053268146229
"CI",22,960.649016878608
"CI",23,990.71853540611
"CI",24,1020.45877491827
"CI",25,1050.03182576501
"CI",26,1082.08826302203
"CI",27,1119.22907891729
"CI",28,1146.70261961324
"CI",29,1167.72338029001
"CI",30,1192.25745969314
"CI",31,1229.33200135143
"CI",32,1252.02347211763
"CI",33,1273.94100429801
"CI",34,1303.54568508189
"CI",35,1338.40474271738
"CI",36,1366.69372866452
"CI",37,1393.45189022207
"CI",38,1412.89272265789
"CI",39,1450.42602418328
"CI",40,1482.16318669425
"CI",41,1516.66342298159
"CI",42,1545.55580807574
"CI",43,1579.83970262647
"CI",44,1614.10473796505
"CI",45,1647.0458458131
"CI",46,1668.85850874895
"CI",47,1700.32575078366
"CI",48,1732.34126435995
"CI",49,1777.12198540192
"CI",50,1824.20771476451
"CI",51,1873.90884991546
"CI",52,1930.15155202993
"CI",53,1985.51218265394
"CI",54,2042.36686143068
"CI",55,2089.95888618552
"CI",56,2128.8238618722
"CI",57,2178.33790164835
"CI",58,2243.83012713359
"CI",59,2313.67390467842
"CI",60,2382.43816408318
"CI",61,2433.96244856008
"CI",62,2517.91648198765
"CI",63,2628.13357011833
"CI",64,2708.60411975217
"CI",65,2748.02671571899
"CI",66,2790.54971497096
"CI",67,2871.17899246599
"CI",68,2953.79742511541
"CI",69,3010.85061910179
"CI",70,3075.14469200077
"CI",71,3163.47137365941
"CI",72,3255.95711727457
"CI",73,3342.04921900727
"CI",74,3434.43449503874
"CI",75,3543.68200219432
"CI",76,3660.40762164476
"CI",77,3767.64163798372
"CI",78,3879.55471878216
"CI",79,4010.04742823629
"CI",80,4196.04670556005
"CI",81,4414.15984954008
"CI",82,4649.87112738015
"CI",83,4894.3157003819
"CI",84,5181.42186752081
"CI",85,5527.05530972346
"CI",86,5910.89119228821
"CI",87,6327.61753874472
"CI",88,6790.72305223062
"CI",89,7254.38274719893
"CI",90,7884.71843134787
"CI",91,8620.85319069406
"CI",92,9409.32604148994
"CI",93,10589.2492547176
"CI",94,11797.4261285358
"CI",95,14099.2080879
"CI",96,17089.36146362
"CI",97,21815.5908434882
"CI",98,36000.7307424978
"CI",99,44679.4096465952
"CI",99.1,47784.6153669697
"CI",99.2,51313.1432458516
"CI",99.3,55530.4345154265
"CI",99.4,60549.3087758299
"CI",99.5,67225.9974371238
"CI",99.6,75974.9893898059
"CI",99.7,89009.6235954011
"CI",99.8,112535.159542929
"CI",99.9,135456.684662823
"CI",99.91,141929.920823337
"CI",99.92,149145.056980977
"CI",99.93,157872.984189083
"CI",99.94,169187.898927466
"CI",99.95,182853.672788456
"CI",99.96,201613.938300988
"CI",99.97,230751.31934782
"CI",99.98,282636.547002556
"CI",99.99,332543.517507752
"CI",99.991,347432.528293547
"CI",99.992,364011.444704541
"CI",99.993,383810.196527011
"CI",99.994,408542.417674959
"CI",99.995,439813.930191511
"CI",99.996,482136.410734992
"CI",99.997,544231.484112078
"CI",99.998,658295.651337301
"CI",99.999,1145070.03869486
"CL",0,3201.08880386585
"CL",1,3201.08880386585
"CL",2,3201.08880386585
"CL",3,3201.08880386585
"CL",4,3201.08880386585
"CL",5,3201.08880386585
"CL",6,3201.08880386585
"CL",7,3201.08880386585
"CL",8,3201.08880386585
"CL",9,3201.08880386585
"CL",10,3201.08880386585
"CL",11,3201.08880386585
"CL",12,3201.08880386585
"CL",13,3201.08880386585
"CL",14,3201.08880386585
"CL",15,3201.08880386585
"CL",16,3335.12930260792
"CL",17,3840.71240181133
"CL",18,4231.5175309389
"CL",19,4570.02743775068
"CL",20,3494.31268055657
"CL",21,3681.73786881216
"CL",22,3915.70669001829
"CL",23,4166.88234311832
"CL",24,4464.87614183927
"CL",25,4606.26028482243
"CL",26,4768.8722917809
"CL",27,5026.93549353903
"CL",28,5257.9465492493
"CL",29,5398.91849922195
"CL",30,5510.83143878888
"CL",31,5551.36668509279
"CL",32,5680.21433190058
"CL",33,5936.12228258103
"CL",34,6080.33963275428
"CL",35,6277.06973759061
"CL",36,6485.35400009269
"CL",37,6641.60217610857
"CL",38,6909.64080878911
"CL",39,7111.90327759303
"CL",40,6907.0932886622
"CL",41,7018.58304183366
"CL",42,7117.93367102242
"CL",43,7318.66425106161
"CL",44,7539.26183425044
"CL",45,7791.81808466649
"CL",46,8024.96445467549
"CL",47,8204.79680612326
"CL",48,8498.59227786247
"CL",49,8708.62461536292
"CL",50,8946.63250852303
"CL",51,9021.27373733448
"CL",52,9029.78737167575
"CL",53,9191.75113523157
"CL",54,9360.90933492643
"CL",55,9593.15885538768
"CL",56,9923.70377796754
"CL",57,10082.0784106543
"CL",58,10239.9092680317
"CL",59,10491.4748840388
"CL",60,10365.4467971588
"CL",61,10653.4257301007
"CL",62,10764.8798587918
"CL",63,11038.0221662452
"CL",64,11346.9065825885
"CL",65,11646.7645777848
"CL",66,11929.8562927602
"CL",67,12274.1371492796
"CL",68,12686.4868882733
"CL",69,12933.1765388747
"CL",70,13338.1882357861
"CL",71,13740.2399538812
"CL",72,14165.4596499012
"CL",73,14710.0851541608
"CL",74,15154.9649250514
"CL",75,15725.3295738882
"CL",76,16239.9567554349
"CL",77,16907.4194128889
"CL",78,17464.9079813445
"CL",79,18118.7924368089
"CL",80,18463.8471155166
"CL",81,19181.7399741709
"CL",82,20077.5845275577
"CL",83,21238.0362507365
"CL",84,22329.9750108629
"CL",85,23706.7178424924
"CL",86,25464.4610381494
"CL",87,27576.2684248753
"CL",88,29852.8983902787
"CL",89,32393.3909732743
"CL",90,35439.9705415437
"CL",91,39318.5867570355
"CL",92,44174.1447044791
"CL",93,49793.1764093013
"CL",94,57017.8202091391
"CL",95,67428.5569133525
"CL",96,81564.7198350876
"CL",97,103961.763985329
"CL",98,149274.801106342
"CL",99,194154.586924892
"CL",99.1,207838.65127891
"CL",99.2,226316.884031231
"CL",99.3,242025.068197579
"CL",99.4,257430.871897118
"CL",99.5,294932.334867388
"CL",99.6,339060.233110246
"CL",99.7,398104.046392499
"CL",99.8,567863.377384544
"CL",99.9,744699.262288691
"CL",99.91,798911.83440166
"CL",99.92,856980.981230152
"CL",99.93,931025.150094297
"CL",99.94,1005668.03350474
"CL",99.95,1029182.18205773
"CL",99.96,1121573.91092444
"CL",99.97,1283441.4497795
"CL",99.98,1634546.21641987
"CL",99.99,1952136.23196208
"CL",99.991,1969672.28439773
"CL",99.992,1972918.72515396
"CL",99.993,2180356.71558863
"CL",99.994,2474390.40638227
"CL",99.995,2812953.24669771
"CL",99.996,2909081.12109269
"CL",99.997,2960319.4678668
"CL",99.998,3060008.14460481
"CL",99.999,4212921.42415055
"CN",0,392.412496138948
"CN",1,392.412496138948
"CN",2,392.412496138948
"CN",3,392.412496138948
"CN",4,392.412496138948
"CN",5,475.125073670515
"CN",6,646.001137646643
"CN",7,821.330109392789
"CN",8,999.77356240775
"CN",9,1180.32868733265
"CN",10,1362.46770460527
"CN",11,1545.74914358554
"CN",12,1730.19487480861
"CN",13,1915.27720680042
"CN",14,2101.13310364304
"CN",15,2287.66594381962
"CN",16,2469.51095081839
"CN",17,2651.02295493288
"CN",18,2829.04052016087
"CN",19,3010.99888781952
"CN",20,2997.73059217752
"CN",21,3166.6992165867
"CN",22,3343.20168342086
"CN",23,3529.74985434636
"CN",24,3700.32553087713
"CN",25,3884.22019932669
"CN",26,4066.34882986013
"CN",27,4252.59555070604
"CN",28,4447.1371058556
"CN",29,4635.76568719975
"CN",30,4845.24863636511
"CN",31,5038.42628523449
"CN",32,5255.94682873904
"CN",33,5461.77206170421
"CN",34,5658.02175634474
"CN",35,5877.43031689029
"CN",36,6089.97366262232
"CN",37,6290.26659888668
"CN",38,6526.59009834608
"CN",39,6741.76348782372
"CN",40,6905.09120815591
"CN",41,7112.02785043629
"CN",42,7329.79288405962
"CN",43,7578.16805613777
"CN",44,7791.41168952936
"CN",45,8030.00894231982
"CN",46,8275.11997126952
"CN",47,8502.95894640887
"CN",48,8746.84112747344
"CN",49,8969.31509358603
"CN",50,9210.51651357059
"CN",51,9468.98910953228
"CN",52,9695.70439532578
"CN",53,9958.02992575601
"CN",54,10205.565676602
"CN",55,10451.85067149
"CN",56,10729.4386427461
"CN",57,10971.0429470509
"CN",58,11224.1038674616
"CN",59,11484.5831175417
"CN",60,11701.9174519735
"CN",61,11966.0882402164
"CN",62,12233.4999494501
"CN",63,12498.0641719889
"CN",64,12774.140172668
"CN",65,13043.88156493
"CN",66,13333.9678604651
"CN",67,13615.0027835252
"CN",68,13894.1469745109
"CN",69,14190.1450128574
"CN",70,14492.3228942955
"CN",71,14778.9647947067
"CN",72,15111.5564099014
"CN",73,15435.0026889713
"CN",74,15786.3191430477
"CN",75,16131.9616996364
"CN",76,16492.2179415166
"CN",77,16889.4890224863
"CN",78,17301.0210921251
"CN",79,17744.4464208866
"CN",80,18174.2954815407
"CN",81,18660.3655799096
"CN",82,19196.9056072145
"CN",83,19805.8055750653
"CN",84,20476.3619431034
"CN",85,21224.5549187152
"CN",86,22042.8950532023
"CN",87,23058.3384553214
"CN",88,24206.2184165855
"CN",89,25543.2912793717
"CN",90,27185.9304941556
"CN",91,29207.512173509
"CN",92,31667.790408968
"CN",93,34692.9208705017
"CN",94,38530.9788688628
"CN",95,43486.692415355
"CN",96,50138.0806364889
"CN",97,59714.177516137
"CN",98,75395.1053581897
"CN",99,88621.7080338918
"CN",99.1,92261.4985300824
"CN",99.2,96572.6899188703
"CN",99.3,101599.895550122
"CN",99.4,107620.216193536
"CN",99.5,116270.568876176
"CN",99.6,128066.45180548
"CN",99.7,149516.908729269
"CN",99.8,202630.898212239
"CN",99.9,269681.947005108
"CN",99.91,293299.826915731
"CN",99.92,318523.807757885
"CN",99.93,358324.660685851
"CN",99.94,414217.990877435
"CN",99.95,483163.956994966
"CN",99.96,596870.168676644
"CN",99.97,802399.728323239
"CN",99.98,1252777.8051663
"CN",99.99,1766493.5984193
"CN",99.991,1939504.03149853
"CN",99.992,2145286.00159343
"CN",99.993,2392948.49702433
"CN",99.994,2729809.01856174
"CN",99.995,3194990.70409674
"CN",99.996,3887656.2171592
"CN",99.997,5040975.00320226
"CN",99.998,7611869.86974924
"CN",99.999,36100397.7689572
"CO",0,873.596381380741
"CO",1,873.596381380741
"CO",2,873.596381380741
"CO",3,873.596381380741
"CO",4,873.596381380741
"CO",5,873.596381380741
"CO",6,873.596381380741
"CO",7,873.596381380741
"CO",8,873.596381380741
"CO",9,873.596381380741
"CO",10,873.596381380741
"CO",11,873.596381380741
"CO",12,873.596381380741
"CO",13,873.596381380741
"CO",14,873.596381380741
"CO",15,873.596381380741
"CO",16,873.596381380741
"CO",17,873.596381380741
"CO",18,945.293487769609
"CO",19,1222.36233428554
"CO",20,1026.08299021297
"CO",21,1237.13253375627
"CO",22,1373.37023761849
"CO",23,1549.57567975739
"CO",24,1727.98902352705
"CO",25,1824.03724815726
"CO",26,1968.23342923465
"CO",27,2149.91076145344
"CO",28,2207.95869819868
"CO",29,2369.98048632996
"CO",30,2515.94741796731
"CO",31,2613.83652838604
"CO",32,2721.4684265829
"CO",33,2885.85948779082
"CO",34,2981.1254050168
"CO",35,3051.49193832959
"CO",36,3063.813195749
"CO",37,3174.15275835314
"CO",38,3239.98550014718
"CO",39,3314.63842134841
"CO",40,3313.91311648216
"CO",41,3346.65507447314
"CO",42,3470.73327112517
"CO",43,3616.89352066428
"CO",44,3761.76851426316
"CO",45,3779.37550132571
"CO",46,3905.23935118609
"CO",47,4091.02816159197
"CO",48,4205.23798281739
"CO",49,4323.7884134777
"CO",50,4527.05298356292
"CO",51,4598.71118722206
"CO",52,4710.8387606898
"CO",53,4839.29914433644
"CO",54,5043.54941999971
"CO",55,5220.0210106509
"CO",56,5342.45033051517
"CO",57,5434.81778184548
"CO",58,5473.55541725648
"CO",59,5633.21776716682
"CO",60,5597.74613532844
"CO",61,5693.10893244468
"CO",62,5739.25421027657
"CO",63,5873.25329347096
"CO",64,6088.8819091421
"CO",65,6220.31780972965
"CO",66,6417.53893349929
"CO",67,6660.52096399749
"CO",68,6880.99456389999
"CO",69,7112.13992658735
"CO",70,7333.5891079146
"CO",71,7659.21275790534
"CO",72,7975.37719135057
"CO",73,8251.95101962528
"CO",74,8712.41210396693
"CO",75,8949.20395721597
"CO",76,9456.64706879391
"CO",77,10071.292930088
"CO",78,10691.4332489804
"CO",79,11343.4486932184
"CO",80,12177.3812053097
"CO",81,13037.0248268799
"CO",82,13909.8021065231
"CO",83,15180.7747474322
"CO",84,16444.0425757741
"CO",85,17750.5545845976
"CO",86,19318.3923730121
"CO",87,21533.2405965051
"CO",88,23941.1720895757
"CO",89,26318.6460543715
"CO",90,29055.0326374004
"CO",91,32374.1896030278
"CO",92,36422.3322463416
"CO",93,41633.3479839196
"CO",94,47722.8298303428
"CO",95,55379.2891486782
"CO",96,65555.2932731557
"CO",97,81567.0054865752
"CO",98,103554.366931865
"CO",99,126279.218762425
"CO",99.1,134905.207945928
"CO",99.2,145658.884274324
"CO",99.3,155743.047899167
"CO",99.4,166804.541962597
"CO",99.5,184886.598915097
"CO",99.6,214150.639689977
"CO",99.7,234078.706398459
"CO",99.8,277281.866578525
"CO",99.9,310425.320849645
"CO",99.91,315286.345386467
"CO",99.92,322876.455572974
"CO",99.93,330728.384307169
"CO",99.94,339917.684620313
"CO",99.95,363244.766155691
"CO",99.96,383705.228295472
"CO",99.97,410882.501658183
"CO",99.98,450792.059652331
"CO",99.99,542295.001658749
"CO",99.991,563131.259419838
"CO",99.992,574780.029884139
"CO",99.993,572529.61080161
"CO",99.994,577834.244718232
"CO",99.995,591774.363203704
"CO",99.996,647763.102825059
"CO",99.997,642072.771145962
"CO",99.998,660047.175220592
"CO",99.999,769587.030850277
"DE",0,10249.6352735993
"DE",1,10249.6352735993
"DE",2,10249.6352735993
"DE",3,10249.6352735993
"DE",4,10249.6352735993
"DE",5,10549.7498853258
"DE",6,11190.2864878762
"DE",7,11862.917104919
"DE",8,12554.2111736945
"DE",9,13256.9540268774
"DE",10,11008.5325122806
"DE",11,11722.6914906296
"DE",12,12439.2986150557
"DE",13,13156.6807834912
"DE",14,13874.0132688123
"DE",15,14591.2703222664
"DE",16,15246.3846605641
"DE",17,15889.0575985995
"DE",18,16548.6638065625
"DE",19,17120.4262875455
"DE",20,13870.2676786236
"DE",21,14237.5710707737
"DE",22,14514.9170891462
"DE",23,14946.7464815239
"DE",24,15162.8804307322
"DE",25,15488.6623937686
"DE",26,15633.1765662683
"DE",27,15872.8665786822
"DE",28,16002.3186895583
"DE",29,16275.5796471865
"DE",30,16118.5776986193
"DE",31,16110.5974500192
"DE",32,16449.2107098543
"DE",33,16745.057045397
"DE",34,16817.1521198567
"DE",35,17042.2957530105
"DE",36,17243.06445045
"DE",37,17351.4209379061
"DE",38,17842.0364959912
"DE",39,17994.5988980964
"DE",40,18589.8910824231
"DE",41,18702.412602191
"DE",42,18949.879963511
"DE",43,19300.3301328428
"DE",44,19569.1619950866
"DE",45,19730.0420754457
"DE",46,20208.7408906176
"DE",47,20397.2331764489
"DE",48,20680.3172807053
"DE",49,20890.9347770805
"DE",50,21531.1709665794
"DE",51,21994.9688922131
"DE",52,22204.1882177488
"DE",53,22509.2786373456
"DE",54,22762.2394339297
"DE",55,23176.2720221819
"DE",56,23623.8977943232
"DE",57,23952.4839315042
"DE",58,24174.5457058949
"DE",59,24632.715592883
"DE",60,24997.852290315
"DE",61,25348.1956636449
"DE",62,25696.9543399326
"DE",63,26161.2342032384
"DE",64,26627.7817167193
"DE",65,27145.0790156984
"DE",66,27750.4407255187
"DE",67,28255.6697158013
"DE",68,28468.5880323162
"DE",69,28956.3782089042
"DE",70,29739.21831559
"DE",71,30206.7590905542
"DE",72,30966.0997455072
"DE",73,31582.4264975451
"DE",74,32294.7070980401
"DE",75,32873.0769327869
"DE",76,33546.5335336371
"DE",77,34414.5891529282
"DE",78,35028.7133217759
"DE",79,35792.917743805
"DE",80,36515.4252688262
"DE",81,37366.2856950226
"DE",82,38210.6944694246
"DE",83,39387.8928137941
"DE",84,40579.6810443832
"DE",85,41784.6006407958
"DE",86,43446.7268264608
"DE",87,45408.2390587522
"DE",88,47569.2842559324
"DE",89,49386.97060175
"DE",90,51790.5404373409
"DE",91,54393.1428462905
"DE",92,57723.7066127341
"DE",93,61907.6169427788
"DE",94,67139.5887279467
"DE",95,73766.3090855878
"DE",96,83870.7188885875
"DE",97,99246.1628591324
"DE",98,139111.324766426
"DE",99,181271.7274208
"DE",99.1,195221.829867698
"DE",99.2,214558.432148217
"DE",99.3,236333.619342273
"DE",99.4,263999.810386192
"DE",99.5,298985.636944961
"DE",99.6,344827.82241227
"DE",99.7,428230.507313454
"DE",99.8,608500.158072494
"DE",99.9,800715.95137047
"DE",99.91,841998.718491751
"DE",99.92,884167.773141387
"DE",99.93,994894.162661998
"DE",99.94,1146522.26176046
"DE",99.95,1285438.76541144
"DE",99.96,1551219.02164705
"DE",99.97,1961511.05702476
"DE",99.98,2747316.12196331
"DE",99.99,3572414.92675919
"DE",99.991,3842667.97262002
"DE",99.992,4145112.26170833
"DE",99.993,4488408.25004045
"DE",99.994,4969302.03633313
"DE",99.995,5582631.99963705
"DE",99.996,6483303.31956624
"DE",99.997,7844372.89723464
"DE",99.998,10783857.1778984
"DE",99.999,31937352.4912342
"DK",0,17365.623267729
"DK",1,17365.623267729
"DK",2,17365.623267729
"DK",3,17365.623267729
"DK",4,17365.623267729
"DK",5,17665.9513598182
"DK",6,18344.3906254985
"DK",7,19082.2547550569
"DK",8,19850.8677020699
"DK",9,20636.0559264073
"DK",10,10458.9715580421
"DK",11,11261.4175161684
"DK",12,12070.4405878142
"DK",13,12886.1419453318
"DK",14,13707.0605928173
"DK",15,14533.0869828513
"DK",16,15373.0757335668
"DK",17,16170.8069095493
"DK",18,16997.5206996933
"DK",19,17819.1175971054
"DK",20,17441.1868157961
"DK",21,17658.0699093505
"DK",22,17966.6601007241
"DK",23,18195.755026322
"DK",24,18393.2985062691
"DK",25,18612.2586015518
"DK",26,18830.4254927271
"DK",27,19167.0828327315
"DK",28,19391.8758596692
"DK",29,19600.0553660469
"DK",30,19594.0072489797
"DK",31,19813.1408216974
"DK",32,20165.9475839809
"DK",33,20497.9935982562
"DK",34,20775.2632392865
"DK",35,21043.5768680291
"DK",36,21419.9956081429
"DK",37,21795.8434615682
"DK",38,22186.6160703243
"DK",39,22575.3562962573
"DK",40,22412.5409177257
"DK",41,22743.1400038072
"DK",42,23170.8124720716
"DK",43,23691.5507880671
"DK",44,24086.9883911741
"DK",45,24511.5099919942
"DK",46,25129.575326193
"DK",47,25555.0844003889
"DK",48,25986.8921455422
"DK",49,26433.7489467101
"DK",50,26756.2808148263
"DK",51,27234.6459741117
"DK",52,27683.3331880693
"DK",53,28254.171065776
"DK",54,28810.1871861883
"DK",55,29321.275584178
"DK",56,29766.3960152981
"DK",57,30100.8149112953
"DK",58,30487.193057485
"DK",59,30968.1048965931
"DK",60,31029.1987138623
"DK",61,31456.3395191271
"DK",62,31905.0856058528
"DK",63,32363.5411991358
"DK",64,32998.1637802477
"DK",65,33450.3432342787
"DK",66,33912.9161592977
"DK",67,34344.714758985
"DK",68,34763.7045468338
"DK",69,35243.4860859656
"DK",70,35906.698501204
"DK",71,36276.6692602897
"DK",72,36697.3414348129
"DK",73,37117.6593834619
"DK",74,37761.9475901153
"DK",75,38359.3626804638
"DK",76,38897.4960516502
"DK",77,39487.4738103077
"DK",78,40190.4139731349
"DK",79,40867.2294935085
"DK",80,41611.1671334205
"DK",81,42190.6641500525
"DK",82,42846.7116258993
"DK",83,43796.4286917808
"DK",84,44622.8103210979
"DK",85,45278.8182682833
"DK",86,46268.1650421197
"DK",87,47876.9632415012
"DK",88,48786.814066446
"DK",89,50385.7814874484
"DK",90,51242.0331364858
"DK",91,52240.8315027464
"DK",92,53648.9405162328
"DK",93,55430.2383437722
"DK",94,58017.1128412186
"DK",95,61713.8211992361
"DK",96,67311.2193981206
"DK",97,76957.5764845686
"DK",98,97883.3092259089
"DK",99,115661.213344343
"DK",99.1,121778.045031233
"DK",99.2,129428.870000805
"DK",99.3,138801.227015381
"DK",99.4,150235.001865226
"DK",99.5,168064.729585515
"DK",99.6,191006.457742367
"DK",99.7,234114.385276336
"DK",99.8,332806.781784313
"DK",99.9,439508.019845589
"DK",99.91,471938.160054011
"DK",99.92,489077.459444269
"DK",99.93,553785.377011145
"DK",99.94,639456.699081563
"DK",99.95,715384.842088889
"DK",99.96,865301.887754819
"DK",99.97,1130354.16534323
"DK",99.98,1676828.39589242
"DK",99.99,2309531.2696557
"DK",99.991,2510381.60150377
"DK",99.992,2765702.11944697
"DK",99.993,3038019.22371592
"DK",99.994,3436758.41208418
"DK",99.995,3952814.86596395
"DK",99.996,4727799.60736748
"DK",99.997,5889624.38010397
"DK",99.998,8740569.57631774
"DK",99.999,37265295.1412829
"DZ",0,385.62711547665
"DZ",1,385.62711547665
"DZ",2,385.62711547665
"DZ",3,385.62711547665
"DZ",4,385.62711547665
"DZ",5,478.028402869634
"DZ",6,664.348544877461
"DZ",7,851.791369458467
"DZ",8,1039.98139833085
"DZ",9,1228.68140020024
"DZ",10,1365.00730436465
"DZ",11,1554.39902827626
"DZ",12,1743.95018645258
"DZ",13,1933.61084687554
"DZ",14,2123.48959166861
"DZ",15,2313.38892241601
"DZ",16,2504.0500971893
"DZ",17,2693.27320420767
"DZ",18,2883.1255091593
"DZ",19,3073.64408732072
"DZ",20,3041.05012342001
"DZ",21,3078.04034669359
"DZ",22,3128.48544212829
"DZ",23,3196.41248962115
"DZ",24,3270.555883409
"DZ",25,3353.16287334012
"DZ",26,3437.87644107033
"DZ",27,3524.46918966654
"DZ",28,3611.1456073508
"DZ",29,3692.79012449665
"DZ",30,3772.3604190316
"DZ",31,3885.95976160614
"DZ",32,3958.58136219463
"DZ",33,3985.2538682876
"DZ",34,4002.50051249647
"DZ",35,4015.83612267047
"DZ",36,4024.56850655691
"DZ",37,4041.23093245619
"DZ",38,4050.33476006382
"DZ",39,4071.74322832714
"DZ",40,4128.79009677636
"DZ",41,4270.56896894603
"DZ",42,4411.08760438133
"DZ",43,4551.2407444479
"DZ",44,4672.99188909083
"DZ",45,4758.93505928951
"DZ",46,4837.18930397026
"DZ",47,4920.7685097662
"DZ",48,5002.04067255414
"DZ",49,5082.30563620468
"DZ",50,5116.69960446066
"DZ",51,5143.86222565638
"DZ",52,5167.56661583956
"DZ",53,5193.74063113202
"DZ",54,5222.28967128787
"DZ",55,5247.66352318672
"DZ",56,5273.27371488827
"DZ",57,5303.14108701798
"DZ",58,5333.55222165214
"DZ",59,5571.33462755202
"DZ",60,5983.26206115575
"DZ",61,6194.4033643772
"DZ",62,6225.72065717409
"DZ",63,6250.83208817804
"DZ",64,6281.66768491043
"DZ",65,6318.53664895277
"DZ",66,6352.31951854099
"DZ",67,6385.33791343968
"DZ",68,6421.93728624436
"DZ",69,6453.55179844571
"DZ",70,6497.1150910645
"DZ",71,6594.56784847353
"DZ",72,6740.63209630251
"DZ",73,6912.002709674
"DZ",74,7094.20654877557
"DZ",75,7273.40760305365
"DZ",76,7438.91739616348
"DZ",77,7575.53635619319
"DZ",78,7686.16990640002
"DZ",79,7777.01834509585
"DZ",80,7966.80820532028
"DZ",81,8216.30680132787
"DZ",82,8549.79889498747
"DZ",83,8972.89241149075
"DZ",84,9482.89133075106
"DZ",85,10076.0123860145
"DZ",86,10732.9439124974
"DZ",87,11502.5210056104
"DZ",88,12323.3125637163
"DZ",89,13279.6973414682
"DZ",90,14361.9750544002
"DZ",91,15486.1499691039
"DZ",92,16765.8834216756
"DZ",93,18275.4605711492
"DZ",94,20167.1727109632
"DZ",95,22690.1054119593
"DZ",96,26163.3465938829
"DZ",97,31805.8631216248
"DZ",98,43158.2689502756
"DZ",99,72552.7868614327
"DZ",99.1,77072.7234681152
"DZ",99.2,82445.7965822707
"DZ",99.3,89284.3410876041
"DZ",99.4,97353.7161451761
"DZ",99.5,109443.343681331
"DZ",99.6,124622.312716101
"DZ",99.7,150285.897305346
"DZ",99.8,204877.342097194
"DZ",99.9,265658.71310286
"DZ",99.91,286010.350369827
"DZ",99.92,307634.512655247
"DZ",99.93,334260.825590815
"DZ",99.94,370519.755232929
"DZ",99.95,414598.952707116
"DZ",99.96,476129.069054946
"DZ",99.97,587630.141697505
"DZ",99.98,820422.972153714
"DZ",99.99,1065861.73490663
"DZ",99.991,1146223.83689558
"DZ",99.992,1236562.75574887
"DZ",99.993,1351282.50351343
"DZ",99.994,1497530.38723862
"DZ",99.995,1699575.19168043
"DZ",99.996,1994570.07390534
"DZ",99.997,2463222.94744217
"DZ",99.998,3396492.49044047
"DZ",99.999,10375490.447204
"EG",0,639.739219881533
"EG",1,639.739219881533
"EG",2,639.739219881533
"EG",3,639.739219881533
"EG",4,639.739219881533
"EG",5,772.248905531359
"EG",6,1043.19907612019
"EG",7,1319.13965624658
"EG",8,1598.16146248264
"EG",9,1879.29445575032
"EG",10,2162.07640188096
"EG",11,2445.801777409
"EG",12,2730.35702293695
"EG",13,3015.60271067454
"EG",14,3301.33912086898
"EG",15,3587.36492477143
"EG",16,3870.5250951691
"EG",17,4162.6989219887
"EG",18,4447.45161137572
"EG",19,4730.35162626446
"EG",20,4629.17175759446
"EG",21,4695.10649641818
"EG",22,4747.59095576903
"EG",23,4811.63039667558
"EG",24,4869.69196809264
"EG",25,4936.39376874256
"EG",26,5001.06015692838
"EG",27,5169.42424250711
"EG",28,5346.0348051117
"EG",29,5528.52270975668
"EG",30,5622.45384306677
"EG",31,5660.43910540268
"EG",32,5680.92838890994
"EG",33,5705.44865601517
"EG",34,5730.79365198739
"EG",35,5757.43244640437
"EG",36,5778.13304601879
"EG",37,5816.33904097213
"EG",38,5833.35544603127
"EG",39,5917.88465266696
"EG",40,6131.05193969614
"EG",41,6260.29479444299
"EG",42,6391.39247188078
"EG",43,6515.8880734665
"EG",44,6650.39000420721
"EG",45,6786.35017403878
"EG",46,6904.05630580699
"EG",47,7026.83168959222
"EG",48,7131.65540281229
"EG",49,7231.34099360532
"EG",50,7324.19891204607
"EG",51,7409.52128775922
"EG",52,7493.77816312971
"EG",53,7571.40873704989
"EG",54,7657.26648407197
"EG",55,7750.67503516996
"EG",56,7848.49664868436
"EG",57,7960.86339483751
"EG",58,8090.35625080667
"EG",59,8227.30557082778
"EG",60,8346.62289944679
"EG",61,8509.82942301626
"EG",62,8681.70830922932
"EG",63,8851.13968457891
"EG",64,9036.17109402426
"EG",65,9231.41915467257
"EG",66,9422.39174053289
"EG",67,9611.89929632847
"EG",68,9807.05006144658
"EG",69,9993.74715330983
"EG",70,10176.4783615063
"EG",71,10362.6980983458
"EG",72,10561.6962487549
"EG",73,10765.4333772793
"EG",74,10984.8228594144
"EG",75,11225.4716488848
"EG",76,11496.5474264536
"EG",77,11782.1330236619
"EG",78,12095.8282141562
"EG",79,12420.7647839301
"EG",80,12742.6888015932
"EG",81,13261.4348251998
"EG",82,13873.7817205982
"EG",83,14607.8139620331
"EG",84,15475.6259061592
"EG",85,16495.3945049589
"EG",86,17653.8722348949
"EG",87,19046.6361666038
"EG",88,20607.5090269102
"EG",89,22429.3338731501
"EG",90,24433.3024413229
"EG",91,26476.5006821821
"EG",92,28802.3971457036
"EG",93,31546.7674437464
"EG",94,34959.7994459093
"EG",95,39475.9270321203
"EG",96,45552.2506792149
"EG",97,55090.5143424919
"EG",98,73337.8036396952
"EG",99,116183.055678338
"EG",99.1,122442.943739093
"EG",99.2,129856.988727314
"EG",99.3,139205.825354947
"EG",99.4,150145.025868766
"EG",99.5,165598.959727644
"EG",99.6,183891.54093904
"EG",99.7,214430.979995075
"EG",99.8,277423.671436421
"EG",99.9,343083.837770286
"EG",99.91,364114.348901398
"EG",99.92,387112.442813321
"EG",99.93,414887.561585924
"EG",99.94,450688.535779982
"EG",99.95,495422.759645317
"EG",99.96,553864.511396039
"EG",99.97,657608.361399963
"EG",99.98,874960.559861925
"EG",99.99,1089617.72244082
"EG",99.991,1160936.60374243
"EG",99.992,1237035.52444323
"EG",99.993,1335323.71979253
"EG",99.994,1457103.78134705
"EG",99.995,1630861.42525806
"EG",99.996,1885154.62798114
"EG",99.997,2266816.58293838
"EG",99.998,2917924.71323945
"EG",99.999,6403905.15092051
"ES",0,7602.45701254699
"ES",1,7602.45701254699
"ES",2,7602.45701254699
"ES",3,7602.45701254699
"ES",4,7602.45701254699
"ES",5,7814.00580508255
"ES",6,8280.92941995126
"ES",7,8786.18093805152
"ES",8,9316.36047886241
"ES",9,9864.03658890456
"ES",10,7627.53128962254
"ES",11,8198.22430910953
"ES",12,8776.88347058463
"ES",13,9361.55067693282
"ES",14,9951.28688775139
"ES",15,10544.9101184004
"ES",16,11127.1070593243
"ES",17,11706.0489779204
"ES",18,12257.0990344357
"ES",19,12840.9593503082
"ES",20,11217.9174587528
"ES",21,11513.0270515649
"ES",22,12004.2506966971
"ES",23,12260.4700614727
"ES",24,12558.1258813865
"ES",25,12840.734654176
"ES",26,13099.19627903
"ES",27,13263.7891118271
"ES",28,13413.1877415958
"ES",29,13604.9361238729
"ES",30,13577.0353124946
"ES",31,13701.8033809934
"ES",32,13962.6364555811
"ES",33,14159.029856654
"ES",34,14338.0769033121
"ES",35,14579.5784148521
"ES",36,14738.1334674385
"ES",37,14893.4888973198
"ES",38,15346.1039019718
"ES",39,15524.9106295253
"ES",40,15699.9571546852
"ES",41,15957.5711539297
"ES",42,16333.6820042508
"ES",43,16716.7306448657
"ES",44,16885.7318214948
"ES",45,17166.4729472515
"ES",46,17527.1580050442
"ES",47,17678.2057963568
"ES",48,17992.120774447
"ES",49,18126.4732651775
"ES",50,18142.2787070428
"ES",51,18507.1268420939
"ES",52,18731.850498581
"ES",53,18970.746856943
"ES",54,19217.7378743357
"ES",55,19525.6398612487
"ES",56,19831.4740805025
"ES",57,20038.0621163322
"ES",58,20301.7774142785
"ES",59,20636.2470676156
"ES",60,20875.1164490382
"ES",61,21138.0843737408
"ES",62,21493.5545882942
"ES",63,21811.8594723408
"ES",64,22191.7373258472
"ES",65,22488.6251008635
"ES",66,22921.491232357
"ES",67,23226.0947560761
"ES",68,23587.8916933003
"ES",69,23987.4665279191
"ES",70,24414.52550649
"ES",71,24755.7339433206
"ES",72,25215.3506535331
"ES",73,25641.6733488513
"ES",74,26119.3800719864
"ES",75,26647.2889112352
"ES",76,27192.5637634538
"ES",77,27765.9935923978
"ES",78,28431.7811365382
"ES",79,29011.8712605842
"ES",80,29640.0576241537
"ES",81,30264.5241281185
"ES",82,31080.2445326475
"ES",83,31923.6506000934
"ES",84,32630.8815746161
"ES",85,33177.8599066354
"ES",86,33820.9948616197
"ES",87,34802.2902522542
"ES",88,35833.1416646688
"ES",89,37265.0209133167
"ES",90,39112.6023025275
"ES",91,40893.4120236844
"ES",92,43176.1150527667
"ES",93,45918.7580569942
"ES",94,49693.2262363758
"ES",95,54906.072726083
"ES",96,62361.7398025312
"ES",97,75018.5126574421
"ES",98,101510.78322068
"ES",99,127352.978330114
"ES",99.1,135694.40039821
"ES",99.2,146741.809756681
"ES",99.3,159992.814375167
"ES",99.4,176755.494194544
"ES",99.5,198709.04207329
"ES",99.6,228936.446936121
"ES",99.7,283376.983924606
"ES",99.8,397678.560844952
"ES",99.9,522781.240466679
"ES",99.91,554426.748516173
"ES",99.92,583249.158168297
"ES",99.93,649603.805006709
"ES",99.94,743498.816252169
"ES",99.95,831561.205938992
"ES",99.96,989184.244060188
"ES",99.97,1240737.46707993
"ES",99.98,1747627.59938668
"ES",99.99,2272944.08133638
"ES",99.991,2481695.64937428
"ES",99.992,2667562.95188622
"ES",99.993,2912285.69275584
"ES",99.994,3236612.820803
"ES",99.995,3662385.87986876
"ES",99.996,4295743.24087959
"ES",99.997,5256273.95839037
"ES",99.998,7392324.69084505
"ES",99.999,24250804.0700059
"ET",0,17.1909228180925
"ET",1,17.1909228180925
"ET",2,17.1909228180925
"ET",3,17.1909228180925
"ET",4,17.1909228180925
"ET",5,41.9384691733511
"ET",6,92.086784660568
"ET",7,142.78101217983
"ET",8,193.770447097189
"ET",9,244.986758689524
"ET",10,296.345467671658
"ET",11,347.796913130777
"ET",12,399.295386693218
"ET",13,450.850561375947
"ET",14,502.396437809453
"ET",15,553.913831318161
"ET",16,605.618799553995
"ET",17,656.771017675891
"ET",18,708.19108807712
"ET",19,759.718411759883
"ET",20,780.612660583375
"ET",21,803.514943241534
"ET",22,827.395029377695
"ET",23,847.236469519211
"ET",24,869.774606265826
"ET",25,889.854120334466
"ET",26,911.953873489161
"ET",27,931.468206525081
"ET",28,953.287904863131
"ET",29,974.935743455164
"ET",30,997.296819230146
"ET",31,1022.25696662326
"ET",32,1042.75475540831
"ET",33,1066.6540909585
"ET",34,1092.8676245585
"ET",35,1117.151011607
"ET",36,1140.2894730007
"ET",37,1167.31636913774
"ET",38,1192.67598328426
"ET",39,1218.94112074771
"ET",40,1247.02642730464
"ET",41,1274.7512486893
"ET",42,1303.26485013574
"ET",43,1329.45148949786
"ET",44,1356.71873500506
"ET",45,1385.45153246303
"ET",46,1413.95236790289
"ET",47,1443.99128661566
"ET",48,1473.41948883819
"ET",49,1498.90429628165
"ET",50,1523.39161025638
"ET",51,1552.91113354569
"ET",52,1583.81164975191
"ET",53,1610.53085694823
"ET",54,1638.56202233636
"ET",55,1663.64401864932
"ET",56,1689.48130667743
"ET",57,1718.62661059405
"ET",58,1744.74737190814
"ET",59,1773.06115946826
"ET",60,1793.80511244011
"ET",61,1823.87888146623
"ET",62,1854.14531643544
"ET",63,1887.22558514129
"ET",64,1918.69136265341
"ET",65,1953.34656359549
"ET",66,1988.03686316207
"ET",67,2025.43072000194
"ET",68,2067.85258749951
"ET",69,2110.26799906667
"ET",70,2154.6487281598
"ET",71,2200.2455063492
"ET",72,2255.15647538312
"ET",73,2311.2960915794
"ET",74,2363.17167935073
"ET",75,2417.84066996603
"ET",76,2476.48991921041
"ET",77,2538.22626141408
"ET",78,2617.24165459777
"ET",79,2697.96721522398
"ET",80,2782.11183748745
"ET",81,2875.84995565818
"ET",82,2978.31110743204
"ET",83,3093.28508337166
"ET",84,3234.16449325792
"ET",85,3387.40929107873
"ET",86,3561.87253932869
"ET",87,3773.10853126505
"ET",88,4034.61699282788
"ET",89,4331.4636832852
"ET",90,4687.55282830908
"ET",91,5077.04582185991
"ET",92,5585.78765875081
"ET",93,6213.74532322202
"ET",94,7032.90569586211
"ET",95,8195.70774944251
"ET",96,9732.06027196599
"ET",97,12195.5414777674
"ET",98,16486.2895908881
"ET",99,19347.1504861972
"ET",99.1,20327.8984811007
"ET",99.2,21442.586257832
"ET",99.3,22797.6131588528
"ET",99.4,24381.2809595602
"ET",99.5,26592.6422400795
"ET",99.6,29450.1637068178
"ET",99.7,33784.0411188088
"ET",99.8,41869.2552130848
"ET",99.9,50194.7006283632
"ET",99.91,52831.6760298041
"ET",99.92,55725.3403055337
"ET",99.93,58984.6292526708
"ET",99.94,63204.6260703777
"ET",99.95,68548.1425750547
"ET",99.96,75628.0535738506
"ET",99.97,87208.7067041015
"ET",99.98,108740.641577151
"ET",99.99,130071.374372535
"ET",99.991,136408.565003065
"ET",99.992,143778.170696486
"ET",99.993,152746.829913066
"ET",99.994,163954.905949538
"ET",99.995,178462.347684918
"ET",99.996,198452.213802742
"ET",99.997,229258.416273688
"ET",99.998,286616.532036583
"ET",99.999,571184.760067167
"FR",0,8522.40665554383
"FR",1,8522.40665554383
"FR",2,8522.40665554383
"FR",3,8522.40665554383
"FR",4,8522.40665554383
"FR",5,8707.80200356285
"FR",6,9134.16909957022
"FR",7,9609.07664191628
"FR",8,10115.502515264
"FR",9,10644.3685070454
"FR",10,8225.49492098461
"FR",11,8783.26154294707
"FR",12,9350.93370824187
"FR",13,9926.64751864482
"FR",14,10508.8023028653
"FR",15,11096.2198196218
"FR",16,11683.4462884326
"FR",17,12305.8210896573
"FR",18,12868.1246279604
"FR",19,13465.5959898916
"FR",20,12239.159243317
"FR",21,12493.7827457827
"FR",22,12751.4176450838
"FR",23,13079.3294802517
"FR",24,13243.2533632152
"FR",25,13527.2441905799
"FR",26,13733.8638473697
"FR",27,13907.7182237083
"FR",28,14214.7114741263
"FR",29,14447.3621251104
"FR",30,14139.4177081736
"FR",31,14363.1241771005
"FR",32,14752.3109458183
"FR",33,15096.0675983442
"FR",34,15391.6483450069
"FR",35,15716.3018412712
"FR",36,16011.0561054968
"FR",37,16130.0479737366
"FR",38,16604.4221136073
"FR",39,16921.844492556
"FR",40,17279.0777252828
"FR",41,17703.4924227281
"FR",42,18140.47027461
"FR",43,18701.5013441079
"FR",44,18858.9073761641
"FR",45,19056.2288001206
"FR",46,19452.9134919105
"FR",47,19659.871092632
"FR",48,19824.5365681649
"FR",49,19924.4840949438
"FR",50,20074.1415335541
"FR",51,20328.5245664557
"FR",52,20471.8614657791
"FR",53,20674.7636043993
"FR",54,20941.5058127582
"FR",55,21304.0734543901
"FR",56,21846.946085933
"FR",57,22101.8679777958
"FR",58,22369.9087904701
"FR",59,22910.6846048921
"FR",60,23160.5034091349
"FR",61,23485.3790074241
"FR",62,23667.1995603409
"FR",63,23928.8443901761
"FR",64,24300.1830577598
"FR",65,24535.63942987
"FR",66,24822.9755866444
"FR",67,25099.9778704554
"FR",68,25400.8694511234
"FR",69,25939.8614940375
"FR",70,26308.9967419304
"FR",71,26750.5768311349
"FR",72,27171.7779062714
"FR",73,27500.6700948879
"FR",74,27684.8154263424
"FR",75,28000.0399333527
"FR",76,28296.6298245722
"FR",77,28828.1043895494
"FR",78,29311.2318093181
"FR",79,29863.390956918
"FR",80,29937.5738484145
"FR",81,30097.3243282651
"FR",82,30354.6948229807
"FR",83,30950.0949065471
"FR",84,32006.9291712149
"FR",85,33046.3411825199
"FR",86,34250.8651045612
"FR",87,35088.1612841935
"FR",88,35638.3869669711
"FR",89,36502.649007947
"FR",90,37416.2459936097
"FR",91,38494.3513335825
"FR",92,39408.6716635296
"FR",93,40531.6579803079
"FR",94,42835.8231352021
"FR",95,48965.7820713304
"FR",96,58544.0464350654
"FR",97,62296.6655248244
"FR",98,81967.9096751313
"FR",99,102902.155187805
"FR",99.1,115626.970914397
"FR",99.2,131140.274172045
"FR",99.3,142353.975917737
"FR",99.4,146099.802912174
"FR",99.5,155293.745970689
"FR",99.6,176972.609674745
"FR",99.7,228899.236071205
"FR",99.8,341875.892211341
"FR",99.9,467336.332056713
"FR",99.91,490660.578368512
"FR",99.92,497274.483700223
"FR",99.93,577310.35514872
"FR",99.94,691276.119764091
"FR",99.95,770330.833922809
"FR",99.96,959033.335867322
"FR",99.97,1264230.72445456
"FR",99.98,1850864.07251921
"FR",99.99,2512079.62135919
"FR",99.991,2829680.05656627
"FR",99.992,3109231.24794315
"FR",99.993,3270824.98445297
"FR",99.994,3575444.37913629
"FR",99.995,4139283.61089742
"FR",99.996,4931255.28769785
"FR",99.997,5939491.07850338
"FR",99.998,8635458.25823639
"FR",99.999,30492812.7459713
"GB",0,10551.9054650388
"GB",1,10551.9054650388
"GB",2,10551.9054650388
"GB",3,10551.9054650388
"GB",4,10551.9054650388
"GB",5,10812.1260785484
"GB",6,11377.0771080541
"GB",7,11977.1140363155
"GB",8,12596.5231939421
"GB",9,13226.9005561891
"GB",10,10084.2107464122
"GB",11,10721.7747008166
"GB",12,11358.5176373303
"GB",13,11993.4674438298
"GB",14,12625.6794807397
"GB",15,13254.8252176942
"GB",16,13904.1799518158
"GB",17,14512.4474844068
"GB",18,15097.2871733305
"GB",19,15700.8195758934
"GB",20,13881.4735352254
"GB",21,14136.0837912173
"GB",22,14361.211987353
"GB",23,14664.2827269183
"GB",24,14864.6279212023
"GB",25,15113.7954834416
"GB",26,15389.8196839912
"GB",27,15618.7274642881
"GB",28,15903.9267491906
"GB",29,16185.889173956
"GB",30,15151.6215081629
"GB",31,15350.6810120998
"GB",32,15687.4277319093
"GB",33,15871.9736003574
"GB",34,16211.4256371943
"GB",35,16465.7413799228
"GB",36,16676.9916718734
"GB",37,16888.1175316552
"GB",38,17245.7007044442
"GB",39,17506.5188413174
"GB",40,17179.5805626705
"GB",41,17504.5153949349
"GB",42,17792.4020267657
"GB",43,17974.084692551
"GB",44,18121.2014780985
"GB",45,18417.6094763008
"GB",46,18766.6751313976
"GB",47,18922.5557651251
"GB",48,19198.7999972493
"GB",49,19420.1211997426
"GB",50,19273.4110762461
"GB",51,19720.3271851591
"GB",52,20054.9046682937
"GB",53,20461.9498011429
"GB",54,20690.3342178666
"GB",55,20942.2182761863
"GB",56,21442.0260396373
"GB",57,21702.1566081498
"GB",58,22047.0325310641
"GB",59,22531.2410623108
"GB",60,22654.4996681777
"GB",61,23043.1005312891
"GB",62,23464.7093482664
"GB",63,23863.0076604404
"GB",64,24313.1114210466
"GB",65,24733.7414676375
"GB",66,25249.9291196915
"GB",67,25768.6062371804
"GB",68,26212.3290590675
"GB",69,26811.2631818756
"GB",70,27115.3188906862
"GB",71,27563.1838053299
"GB",72,28129.7375856319
"GB",73,28628.3171619233
"GB",74,29139.0909620756
"GB",75,29895.6459893456
"GB",76,30647.3232744786
"GB",77,31175.4548855615
"GB",78,31909.3156723738
"GB",79,32587.3760055666
"GB",80,33238.1475513088
"GB",81,34087.8782760557
"GB",82,34973.1522717377
"GB",83,36244.3883331461
"GB",84,37216.8305846314
"GB",85,38052.9991028536
"GB",86,39295.7305945836
"GB",87,40737.1762292563
"GB",88,42081.3278117947
"GB",89,43832.7087664348
"GB",90,45589.3109308808
"GB",91,47644.6664534853
"GB",92,50187.1560769466
"GB",93,53585.18668357
"GB",94,57080.305399825
"GB",95,62500.6551432886
"GB",96,70236.6332695805
"GB",97,83659.2695560574
"GB",98,111726.13099067
"GB",99,143388.364570386
"GB",99.1,151619.543715112
"GB",99.2,161825.735100894
"GB",99.3,173920.627247426
"GB",99.4,188746.04229373
"GB",99.5,209746.717778822
"GB",99.6,236683.986446291
"GB",99.7,283398.36747831
"GB",99.8,383611.234084759
"GB",99.9,491325.950017568
"GB",99.91,520386.651144818
"GB",99.92,545543.156214351
"GB",99.93,602083.863902576
"GB",99.94,680652.169437332
"GB",99.95,749975.101311121
"GB",99.96,877584.078196555
"GB",99.97,1104073.44600272
"GB",99.98,1538855.62984916
"GB",99.99,2036842.44653271
"GB",99.991,2195692.602786
"GB",99.992,2349021.14459602
"GB",99.993,2595349.88784958
"GB",99.994,2833802.59113118
"GB",99.995,3239870.50659719
"GB",99.996,3789967.76459832
"GB",99.997,4571886.87724307
"GB",99.998,6549258.13845788
"GB",99.999,24146182.2425536
"ID",0,138.910827988612
"ID",1,138.910827988612
"ID",2,138.910827988612
"ID",3,138.910827988612
"ID",4,138.910827988612
"ID",5,210.62216592175
"ID",6,356.950958313862
"ID",7,505.579601602837
"ID",8,655.760867841177
"ID",9,806.849476034644
"ID",10,958.725731572184
"ID",11,1111.20143782525
"ID",12,1263.97455501729
"ID",13,1417.1236201416
"ID",14,1570.57988759022
"ID",15,1724.11739678057
"ID",16,1867.57842169387
"ID",17,2022.02315613317
"ID",18,2158.04147909229
"ID",19,2300.57265285899
"ID",20,2328.48865386291
"ID",21,2395.13772534708
"ID",22,2444.54290227273
"ID",23,2511.78417425045
"ID",24,2571.35224572239
"ID",25,2631.84723373542
"ID",26,2702.77214011668
"ID",27,2772.85804718461
"ID",28,2846.39049422786
"ID",29,2902.13171692862
"ID",30,3012.13402808403
"ID",31,3080.18520682522
"ID",32,3160.7519627113
"ID",33,3261.24708678518
"ID",34,3339.72557243126
"ID",35,3420.70592869344
"ID",36,3500.65452879512
"ID",37,3587.01709675961
"ID",38,3686.50274816762
"ID",39,3783.72609484927
"ID",40,3874.97662077148
"ID",41,3964.80149959548
"ID",42,4057.34860938609
"ID",43,4174.27092869235
"ID",44,4282.49083622135
"ID",45,4394.59904450881
"ID",46,4527.31691225933
"ID",47,4631.55805025921
"ID",48,4759.09520936437
"ID",49,4872.83626187142
"ID",50,4978.12021016824
"ID",51,5136.19836865422
"ID",52,5269.20261443685
"ID",53,5405.79898070588
"ID",54,5538.63992828194
"ID",55,5708.50936663381
"ID",56,5863.12131671568
"ID",57,6028.43931232071
"ID",58,6192.77428664802
"ID",59,6389.94956748812
"ID",60,6520.41752129098
"ID",61,6733.1149693961
"ID",62,6927.98877875063
"ID",63,7153.89924445747
"ID",64,7358.84752110196
"ID",65,7586.67599499258
"ID",66,7854.1138430976
"ID",67,8086.00170812423
"ID",68,8307.32718013686
"ID",69,8597.2078487282
"ID",70,8886.41279741252
"ID",71,9136.89612430035
"ID",72,9432.0330883235
"ID",73,9727.42404125615
"ID",74,10070.9824263515
"ID",75,10366.4098707487
"ID",76,10696.3358478003
"ID",77,11067.2343993897
"ID",78,11467.6211850137
"ID",79,11829.2187517788
"ID",80,12214.613056271
"ID",81,12618.2128790676
"ID",82,13080.9480263075
"ID",83,13568.8761697885
"ID",84,14104.9933509258
"ID",85,14657.6721586275
"ID",86,15296.6402141054
"ID",87,16010.0873334607
"ID",88,16837.538264013
"ID",89,17766.9492404192
"ID",90,17846.1019801258
"ID",91,19110.5753180078
"ID",92,20733.8691829487
"ID",93,22828.7453873498
"ID",94,25542.7063165648
"ID",95,29151.1364402475
"ID",96,34453.5094582793
"ID",97,42961.2991291756
"ID",98,60321.7152423141
"ID",99,76912.7423382846
"ID",99.1,82572.1960707732
"ID",99.2,89646.9504273756
"ID",99.3,97902.8679464133
"ID",99.4,108664.463081038
"ID",99.5,123542.289945507
"ID",99.6,143011.055827334
"ID",99.7,176024.98403013
"ID",99.8,247938.667516239
"ID",99.9,331531.853367336
"ID",99.91,351300.402617255
"ID",99.92,369495.600185308
"ID",99.93,401346.1706155
"ID",99.94,441531.255740713
"ID",99.95,484441.301984588
"ID",99.96,551817.789027255
"ID",99.97,658441.615932052
"ID",99.98,871304.962049945
"ID",99.99,1096736.78797331
"ID",99.991,1164164.97144603
"ID",99.992,1244781.51718297
"ID",99.993,1335956.51485663
"ID",99.994,1457910.71070376
"ID",99.995,1622783.42330924
"ID",99.996,1854712.70386503
"ID",99.997,2206138.03059988
"ID",99.998,2851125.31655215
"ID",99.999,7721380.95410995
"IN",0,229.984942926226
"IN",1,229.984942926226
"IN",2,229.984942926226
"IN",3,229.984942926226
"IN",4,229.984942926226
"IN",5,283.118197042065
"IN",6,393.168200154727
"IN",7,506.31809894056
"IN",8,621.428627872499
"IN",9,737.816856992555
"IN",10,855.200478187793
"IN",11,973.185711876733
"IN",12,1091.74054603746
"IN",13,1210.60228406023
"IN",14,1329.82007440393
"IN",15,1449.18692219623
"IN",16,1569.27433691543
"IN",17,1689.49107375695
"IN",18,1807.07451004068
"IN",19,1927.54619178061
"IN",20,1904.27641745
"IN",21,1942.76059910073
"IN",22,1982.75700601404
"IN",23,2018.25487164003
"IN",24,2049.23630315539
"IN",25,2077.59772342209
"IN",26,2115.48637367696
"IN",27,2132.10641971254
"IN",28,2154.11215469775
"IN",29,2180.72455712511
"IN",30,2217.38451071653
"IN",31,2255.43547572942
"IN",32,2292.37790771773
"IN",33,2331.30049066891
"IN",34,2362.81149010877
"IN",35,2401.35811819243
"IN",36,2440.20665570698
"IN",37,2468.79576141139
"IN",38,2511.98730854329
"IN",39,2526.68186626795
"IN",40,2542.92372662447
"IN",41,2570.39079513428
"IN",42,2596.32912746469
"IN",43,2637.50779106639
"IN",44,2674.83426133211
"IN",45,2727.11655808969
"IN",46,2774.79376821587
"IN",47,2801.16491800471
"IN",48,2846.62900577442
"IN",49,2886.09262585872
"IN",50,2923.97963972382
"IN",51,2964.10159845253
"IN",52,3007.90842526684
"IN",53,3067.79330269026
"IN",54,3122.39087359932
"IN",55,3162.9202095511
"IN",56,3211.82992626447
"IN",57,3251.72812408939
"IN",58,3305.61968085319
"IN",59,3342.39036233626
"IN",60,3367.0909913583
"IN",61,3422.4199053429
"IN",62,3493.89566266351
"IN",63,3569.1695139725
"IN",64,3627.77528023234
"IN",65,3684.45415968069
"IN",66,3742.35722258032
"IN",67,3811.94546965274
"IN",68,3871.22286354557
"IN",69,3940.90089672162
"IN",70,4005.0727671056
"IN",71,4077.79408968539
"IN",72,4177.30799015852
"IN",73,4279.93712607641
"IN",74,4365.29081657664
"IN",75,4479.80945345279
"IN",76,4580.74168366341
"IN",77,4676.67171825853
"IN",78,4758.43865272924
"IN",79,4912.49879682527
"IN",80,5054.06212365849
"IN",81,5212.74650189254
"IN",82,5425.33358950591
"IN",83,5586.61578264072
"IN",84,5791.26527342801
"IN",85,5983.46430597894
"IN",86,6123.79319906055
"IN",87,6316.18517218111
"IN",88,6503.94145573287
"IN",89,6851.33556662641
"IN",90,8175.84696339968
"IN",91,10303.06935456
"IN",92,13404.226207142
"IN",93,17868.2533255467
"IN",94,24946.6112738238
"IN",95,29242.0731371244
"IN",96,31049.4404079397
"IN",97,34154.8772322196
"IN",98,41802.7724607649
"IN",99,54480.2290578428
"IN",99.1,57753.8919241204
"IN",99.2,62280.6626272644
"IN",99.3,67406.5987599711
"IN",99.4,74343.4839209739
"IN",99.5,84279.7794831027
"IN",99.6,97200.9514088438
"IN",99.7,120055.940799535
"IN",99.8,167451.216536441
"IN",99.9,219299.323712979
"IN",99.91,233350.121470823
"IN",99.92,250408.998905862
"IN",99.93,272187.427914012
"IN",99.94,302259.575630318
"IN",99.95,341236.839623082
"IN",99.96,399823.668029327
"IN",99.97,493716.761358341
"IN",99.98,712700.915044982
"IN",99.99,953338.420887
"IN",99.991,1025239.33460644
"IN",99.992,1107083.68306976
"IN",99.993,1212950.53392398
"IN",99.994,1346454.94572706
"IN",99.995,1538714.60972535
"IN",99.996,1795669.2927115
"IN",99.997,2234698.86649968
"IN",99.998,3165858.54887797
"IN",99.999,13104727.0578857
"IR",0,819.263488826168
"IR",1,819.263488826168
"IR",2,819.263488826168
"IR",3,819.263488826168
"IR",4,819.263488826168
"IR",5,892.522689352437
"IR",6,1041.99034994099
"IR",7,1194.12478595214
"IR",8,1347.97948861217
"IR",9,1502.883146886
"IR",10,1397.0996526343
"IR",11,1553.54743809274
"IR",12,1710.3688235266
"IR",13,1867.60638282344
"IR",14,2025.13029910441
"IR",15,2182.87966225271
"IR",16,2331.2319220857
"IR",17,2499.46931654477
"IR",18,2659.99076849235
"IR",19,2786.03808251076
"IR",20,2845.62719117689
"IR",21,2907.31095050795
"IR",22,2942.68924369272
"IR",23,3016.91107505317
"IR",24,3063.81326523384
"IR",25,3114.47508533943
"IR",26,3154.52492351744
"IR",27,3229.07553335994
"IR",28,3271.6237979037
"IR",29,3332.0033499819
"IR",30,3361.15799061191
"IR",31,3405.5138768971
"IR",32,3462.79025634657
"IR",33,3546.0822372585
"IR",34,3596.21465604575
"IR",35,3640.57617356112
"IR",36,3705.22484042441
"IR",37,3744.10565551175
"IR",38,3838.67927964484
"IR",39,3887.79020457865
"IR",40,3877.59314920066
"IR",41,3957.14557710854
"IR",42,4006.523518582
"IR",43,4076.66213572321
"IR",44,4146.36064674131
"IR",45,4203.77536049346
"IR",46,4304.09051182645
"IR",47,4368.30587875895
"IR",48,4431.73677153966
"IR",49,4501.80357413384
"IR",50,4572.15738721174
"IR",51,4687.29640825627
"IR",52,4759.73474824084
"IR",53,4843.69631903002
"IR",54,4940.05866859802
"IR",55,5044.18249091669
"IR",56,5127.99664977132
"IR",57,5230.70677083891
"IR",58,5296.55991958997
"IR",59,5427.45699972897
"IR",60,5486.70160336476
"IR",61,5610.65612210675
"IR",62,5711.42577058507
"IR",63,5842.43957396071
"IR",64,5975.06848412684
"IR",65,6090.19205977533
"IR",66,6249.44090584561
"IR",67,6389.5564759964
"IR",68,6528.87417500001
"IR",69,6678.95226374612
"IR",70,6837.6684384575
"IR",71,7009.80910333689
"IR",72,7181.01769019671
"IR",73,7358.55546880896
"IR",74,7549.62608513058
"IR",75,7757.77827565158
"IR",76,7979.88889291409
"IR",77,8227.74640816332
"IR",78,8507.58930715383
"IR",79,8750.36769933021
"IR",80,9073.50450517061
"IR",81,9478.08488925541
"IR",82,10025.104183751
"IR",83,10707.3771895629
"IR",84,11545.0889157927
"IR",85,12478.1753231596
"IR",86,13524.9041071479
"IR",87,14821.5197973813
"IR",88,16320.8116099477
"IR",89,18034.5036025327
"IR",90,20011.7707175124
"IR",91,22109.5654185473
"IR",92,24657.5512149899
"IR",93,27756.3263375621
"IR",94,31525.6129207156
"IR",95,35956.8950074557
"IR",96,41754.477044432
"IR",97,51959.2549656175
"IR",98,67788.0346558624
"IR",99,110989.658131013
"IR",99.1,116288.449976985
"IR",99.2,122980.470712179
"IR",99.3,130814.902200381
"IR",99.4,140653.725708724
"IR",99.5,153081.901167765
"IR",99.6,169187.557575552
"IR",99.7,195531.689515248
"IR",99.8,246841.874231729
"IR",99.9,297463.369589378
"IR",99.91,311420.638666142
"IR",99.92,324869.421508721
"IR",99.93,347943.176527182
"IR",99.94,377596.343066749
"IR",99.95,408499.173604077
"IR",99.96,455196.502716463
"IR",99.97,528402.809308999
"IR",99.98,664694.714253677
"IR",99.99,798054.605998898
"IR",99.991,840758.708241132
"IR",99.992,886365.968353505
"IR",99.993,940559.847189726
"IR",99.994,1010655.31571671
"IR",99.995,1103004.9756268
"IR",99.996,1233728.7216595
"IR",99.997,1425158.07799032
"IR",99.998,1777114.9054194
"IR",99.999,3496923.9941883
"IT",0,7189.71500137766
"IT",1,7189.71500137766
"IT",2,7189.71500137766
"IT",3,7189.71500137766
"IT",4,7189.71500137766
"IT",5,7189.91094467477
"IT",6,7192.90543780948
"IT",7,7204.67789075175
"IT",8,7232.00726934737
"IT",9,7282.37433389202
"IT",10,5748.56213392507
"IT",11,5867.63236043561
"IT",12,6032.60192328647
"IT",13,6251.32550379288
"IT",14,6531.80367651879
"IT",15,6881.70287481111
"IT",16,7298.80557473281
"IT",17,7795.14858460177
"IT",18,8393.3882137574
"IT",19,9078.05071449997
"IT",20,7149.58814318185
"IT",21,7617.28914247309
"IT",22,8138.45279227005
"IT",23,8596.36834665402
"IT",24,8889.45693139087
"IT",25,9211.9282082535
"IT",26,9443.30464643611
"IT",27,9704.28314288351
"IT",28,9860.40264546305
"IT",29,10269.1401815102
"IT",30,10329.2241448972
"IT",31,10750.4943471503
"IT",32,11100.7141248574
"IT",33,11457.1360455249
"IT",34,11660.9367787341
"IT",35,11878.138956626
"IT",36,12089.593174609
"IT",37,12198.9493509168
"IT",38,12572.5692827877
"IT",39,12773.6152689517
"IT",40,12705.9253401152
"IT",41,12821.4168289051
"IT",42,13142.8211305735
"IT",43,13422.3981235646
"IT",44,13667.9576639569
"IT",45,13920.8784221672
"IT",46,14377.1001036779
"IT",47,14660.9417084506
"IT",48,15075.0413687402
"IT",49,15342.6893388369
"IT",50,15593.5210721082
"IT",51,16056.9430177118
"IT",52,16365.9258508492
"IT",53,16746.4412185236
"IT",54,17181.8626029911
"IT",55,17549.5131374737
"IT",56,18082.6369040525
"IT",57,18456.6032920602
"IT",58,18748.9273652554
"IT",59,19310.7035258078
"IT",60,19753.193015487
"IT",61,20539.2360617511
"IT",62,20825.4110059003
"IT",63,21235.7075768853
"IT",64,21634.7786725321
"IT",65,21948.8943372388
"IT",66,22362.0426139828
"IT",67,22641.6754760733
"IT",68,22977.3749661726
"IT",69,23340.5475479586
"IT",70,23933.6479195694
"IT",71,24502.6662996168
"IT",72,25360.685848888
"IT",73,26211.7015376191
"IT",74,27059.6172476148
"IT",75,27756.6004888917
"IT",76,28409.4020361265
"IT",77,29227.1725233329
"IT",78,30056.8102840663
"IT",79,31083.1668019184
"IT",80,31915.7024268657
"IT",81,32601.7046413274
"IT",82,33454.7770462438
"IT",83,34336.2303400022
"IT",84,35199.3528068684
"IT",85,35959.3312180819
"IT",86,37112.5366445218
"IT",87,38543.7892316939
"IT",88,39895.436004067
"IT",89,41353.8040544399
"IT",90,42463.9119160418
"IT",91,44115.6268982585
"IT",92,46178.013213716
"IT",93,49184.2155976651
"IT",94,52781.2056509557
"IT",95,57744.0170476164
"IT",96,65338.3046534263
"IT",97,76192.4551533064
"IT",98,101539.493402969
"IT",99,124735.139168638
"IT",99.1,130141.700181594
"IT",99.2,137428.260183721
"IT",99.3,144768.138699686
"IT",99.4,154865.783216101
"IT",99.5,167978.208024919
"IT",99.6,181161.924793933
"IT",99.7,217274.494197366
"IT",99.8,285027.344164154
"IT",99.9,350086.838299869
"IT",99.91,366143.577987832
"IT",99.92,399990.669124847
"IT",99.93,427233.809203985
"IT",99.94,478673.814911065
"IT",99.95,542612.761082361
"IT",99.96,686643.102971008
"IT",99.97,774250.850348235
"IT",99.98,2007279.6587291
"IT",99.99,4032316.27148845
"IT",99.991,4416304.9851259
"IT",99.992,4718206.59294665
"IT",99.993,4817660.62883103
"IT",99.994,4876435.31211014
"IT",99.995,4990432.56995506
"IT",99.996,5499727.73004896
"IT",99.997,6951938.30660622
"IT",99.998,8235024.96372854
"IT",99.999,14186693.730953
"JP",0,4965.14713262013
"JP",1,4965.14713262013
"JP",2,4965.14713262013
"JP",3,4965.14713262013
"JP",4,4965.14713262013
"JP",5,5140.2490102895
"JP",6,5508.08125316601
"JP",7,5891.53535533942
"JP",8,6284.94574511837
"JP",9,6685.23845799439
"JP",10,6412.10352422572
"JP",11,6821.37768198489
"JP",12,7233.85189331567
"JP",13,7648.57465983267
"JP",14,8065.37213193412
"JP",15,8484.18025486936
"JP",16,8826.39558052855
"JP",17,9261.39584853657
"JP",18,9665.59487620463
"JP",19,10000.1280770991
"JP",20,8640.85854704018
"JP",21,8920.95255880235
"JP",22,9242.65424124596
"JP",23,9743.15766873328
"JP",24,10011.1715612687
"JP",25,10428.7475514131
"JP",26,10739.1856993909
"JP",27,11126.2253380998
"JP",28,11430.6982969631
"JP",29,11849.7520522205
"JP",30,12070.5407499164
"JP",31,12331.1168604122
"JP",32,12840.6312787951
"JP",33,13163.7314322434
"JP",34,13513.8843078972
"JP",35,13888.6572410766
"JP",36,14186.514721032
"JP",37,14362.8933457136
"JP",38,14947.8654828624
"JP",39,15137.3884073652
"JP",40,15166.2646743248
"JP",41,15384.2783531782
"JP",42,15672.4332952176
"JP",43,16097.4193669019
"JP",44,16312.3111319022
"JP",45,16621.8053461748
"JP",46,16983.4962212413
"JP",47,17308.2088031211
"JP",48,17548.8813894561
"JP",49,17876.1755622137
"JP",50,17837.8168107753
"JP",51,18241.3291009003
"JP",52,18478.7117778946
"JP",53,18736.9378058166
"JP",54,18991.5752828066
"JP",55,19243.3020271934
"JP",56,19598.0302493592
"JP",57,19748.3452398119
"JP",58,19839.4114646279
"JP",59,20185.516679114
"JP",60,20009.3096737509
"JP",61,20253.4389970014
"JP",62,20371.9047843633
"JP",63,20521.7082397376
"JP",64,20697.3571662666
"JP",65,20781.9475236756
"JP",66,20962.3106767446
"JP",67,21055.6140303159
"JP",68,21094.32622817
"JP",69,21205.8663829551
"JP",70,21264.6103111922
"JP",71,21279.9116278168
"JP",72,21375.4221168756
"JP",73,21449.0443783591
"JP",74,21519.4528896467
"JP",75,21575.7398750755
"JP",76,21613.145368539
"JP",77,21684.0774104428
"JP",78,21836.4040497384
"JP",79,21935.398545677
"JP",80,22364.1506189166
"JP",81,22480.9564824252
"JP",82,22701.4001580833
"JP",83,23099.8918132539
"JP",84,23611.3523000747
"JP",85,24256.1420283887
"JP",86,25148.3106692848
"JP",87,26546.7666450336
"JP",88,28320.5229419988
"JP",89,30739.5293265947
"JP",90,33978.6278433446
"JP",91,38396.7476974009
"JP",92,44337.5234726468
"JP",93,52390.6581128718
"JP",94,63407.4504501848
"JP",95,78416.5057683653
"JP",96,99253.9637598117
"JP",97,129052.745815775
"JP",98,181390.422971739
"JP",99,235786.734271199
"JP",99.1,250869.297285378
"JP",99.2,270053.529343241
"JP",99.3,290838.276025296
"JP",99.4,314457.576133082
"JP",99.5,342162.684270234
"JP",99.6,372447.950187234
"JP",99.7,419620.248189622
"JP",99.8,496575.566697788
"JP",99.9,556184.658065288
"JP",99.91,573305.971354568
"JP",99.92,572987.249713581
"JP",99.93,600177.080390569
"JP",99.94,633531.441611447
"JP",99.95,647688.764499238
"JP",99.96,680809.298467275
"JP",99.97,721583.299865828
"JP",99.98,774282.738878516
"JP",99.99,810068.152757962
"JP",99.991,825404.109747503
"JP",99.992,835385.370672316
"JP",99.993,841717.906755362
"JP",99.994,854081.783416574
"JP",99.995,866407.33816629
"JP",99.996,881981.435847908
"JP",99.997,897234.44636845
"JP",99.998,927884.89103841
"JP",99.999,966748.977988377
"KE",0,42.2054573985696
"KE",1,42.2054573985696
"KE",2,42.2054573985696
"KE",3,42.2054573985696
"KE",4,42.2054573985696
"KE",5,75.2419562207398
"KE",6,142.572706464707
"KE",7,210.832962589105
"KE",8,279.340132313578
"KE",9,348.004295568833
"KE",10,416.797937366167
"KE",11,485.617378575682
"KE",12,554.543448505811
"KE",13,623.584681870335
"KE",14,692.780675456278
"KE",15,762.140145526536
"KE",16,831.596487344394
"KE",17,901.345976761736
"KE",18,971.194499273035
"KE",19,1040.88083009368
"KE",20,1050.67123493812
"KE",21,1080.78659438983
"KE",22,1108.7046480911
"KE",23,1136.6891102553
"KE",24,1164.61252326412
"KE",25,1193.40703584886
"KE",26,1221.66947815964
"KE",27,1248.53417955878
"KE",28,1274.85762478881
"KE",29,1306.33397889968
"KE",30,1336.65779033173
"KE",31,1365.01424290822
"KE",32,1394.87739038534
"KE",33,1425.02551557288
"KE",34,1454.88710040698
"KE",35,1486.08894320905
"KE",36,1516.49998929772
"KE",37,1547.33412451242
"KE",38,1577.55978454956
"KE",39,1610.46469794443
"KE",40,1638.31422256847
"KE",41,1672.66528190441
"KE",42,1707.45844548329
"KE",43,1743.26206702049
"KE",44,1776.89658835795
"KE",45,1810.2383091467
"KE",46,1845.07300554042
"KE",47,1882.13516809881
"KE",48,1921.59510432072
"KE",49,1958.77439775352
"KE",50,1997.02739124777
"KE",51,2036.03079160451
"KE",52,2075.79494212111
"KE",53,2119.95694999244
"KE",54,2160.19249925353
"KE",55,2200.7982398575
"KE",56,2245.68762537654
"KE",57,2293.15048041402
"KE",58,2337.92232595277
"KE",59,2390.54359895652
"KE",60,2454.61553126798
"KE",61,2507.13485152333
"KE",62,2561.97460248967
"KE",63,2616.62260218657
"KE",64,2671.53258736153
"KE",65,2732.8377902141
"KE",66,2803.3888988534
"KE",67,2871.88590696225
"KE",68,2954.35792715587
"KE",69,3030.20644512303
"KE",70,3117.98119153756
"KE",71,3197.42063528859
"KE",72,3291.77163362171
"KE",73,3381.1105164278
"KE",74,3477.76709489491
"KE",75,3584.07679419355
"KE",76,3693.90758258083
"KE",77,3800.96458634126
"KE",78,3930.86377181124
"KE",79,4069.93569223763
"KE",80,4230.15680138831
"KE",81,4388.23540242287
"KE",82,4544.18500475368
"KE",83,4729.99126962588
"KE",84,4943.48929955048
"KE",85,5166.33907998314
"KE",86,5450.46559545652
"KE",87,5786.7971742657
"KE",88,6149.47923171756
"KE",89,6609.36754370181
"KE",90,7199.69770378073
"KE",91,7839.67643318544
"KE",92,8755.96704610076
"KE",93,9860.36733656468
"KE",94,11301.1021556868
"KE",95,13538.3638499343
"KE",96,16430.5460637718
"KE",97,20765.4271333125
"KE",98,29312.6747376661
"KE",99,35277.8347955392
"KE",99.1,37146.1246548577
"KE",99.2,39358.3229736022
"KE",99.3,41969.5464368516
"KE",99.4,45112.6864983256
"KE",99.5,49313.6778527076
"KE",99.6,54836.6087967526
"KE",99.7,63314.6569365636
"KE",99.8,79209.2909382071
"KE",99.9,95313.3314484104
"KE",99.91,100237.04767354
"KE",99.92,105455.018031702
"KE",99.93,112388.268898003
"KE",99.94,121257.168973053
"KE",99.95,131601.226876987
"KE",99.96,146499.75366061
"KE",99.97,169838.399082636
"KE",99.98,213021.379661903
"KE",99.99,255725.846840288
"KE",99.991,269409.989528039
"KE",99.992,284396.053364757
"KE",99.993,301935.867997948
"KE",99.994,324619.248306375
"KE",99.995,353683.506818007
"KE",99.996,393857.162966755
"KE",99.997,453968.793961493
"KE",99.998,570403.970582289
"KE",99.999,1161417.17533996
"KR",0,3231.84249345755
"KR",1,3231.84249345755
"KR",2,3231.84249345755
"KR",3,3231.84249345755
"KR",4,3231.84249345755
"KR",5,3455.60845372545
"KR",6,3927.35933408406
"KR",7,4419.1843629934
"KR",8,4924.477727989
"KR",9,5439.82593213228
"KR",10,5520.84589272123
"KR",11,6050.08093984581
"KR",12,6584.19950276384
"KR",13,7122.66205729692
"KR",14,7664.24343656618
"KR",15,8208.25753565363
"KR",16,8672.96398349674
"KR",17,9236.51434019631
"KR",18,9719.79042802727
"KR",19,10290.2473073135
"KR",20,9526.4445483139
"KR",21,9871.46489023286
"KR",22,10429.280290329
"KR",23,10923.4468149376
"KR",24,11382.2508763424
"KR",25,11922.3029909976
"KR",26,12366.7492544754
"KR",27,12837.4692231134
"KR",28,13346.0865325517
"KR",29,13914.7017025668
"KR",30,14325.6586468032
"KR",31,14764.9871195992
"KR",32,15362.1597151929
"KR",33,15915.4679176671
"KR",34,16384.5303868134
"KR",35,16938.5169569225
"KR",36,17499.3004006297
"KR",37,17885.7154631341
"KR",38,18497.6888001026
"KR",39,19026.7678273583
"KR",40,19328.818028794
"KR",41,19823.0517434729
"KR",42,20231.2495814261
"KR",43,20846.966151115
"KR",44,21254.3304303582
"KR",45,21755.7068884891
"KR",46,22344.3835429113
"KR",47,22720.0946307223
"KR",48,23257.5263225711
"KR",49,23621.9728676909
"KR",50,23947.309198542
"KR",51,24433.6143735015
"KR",52,24754.9521665485
"KR",53,25220.9546692868
"KR",54,25622.3586214265
"KR",55,25998.0958358731
"KR",56,26484.4788615577
"KR",57,26700.1943893871
"KR",58,26972.7059369154
"KR",59,27381.0797136518
"KR",60,27440.8149989555
"KR",61,27804.9961370652
"KR",62,27968.4855130655
"KR",63,28207.7784844334
"KR",64,28527.4872594985
"KR",65,28644.3792632589
"KR",66,28890.1778392624
"KR",67,29093.1872747228
"KR",68,29120.5397715025
"KR",69,29248.7868037289
"KR",70,29281.4788635568
"KR",71,29325.453225323
"KR",72,29455.5731105516
"KR",73,29482.4424196256
"KR",74,29514.5950422927
"KR",75,29580.5215389676
"KR",76,29671.0949434432
"KR",77,29742.3039155035
"KR",78,29853.9708702091
"KR",79,29957.2666321354
"KR",80,30188.0200168715
"KR",81,30204.3386141342
"KR",82,30247.5520123369
"KR",83,30376.0673231551
"KR",84,30562.9411109671
"KR",85,30706.5975443677
"KR",86,31091.5736570223
"KR",87,31728.3380725355
"KR",88,32583.7036052686
"KR",89,33822.7974472576
"KR",90,35415.9924814733
"KR",91,37552.7280714362
"KR",92,40581.7103228175
"KR",93,44797.0779606083
"KR",94,50846.3651709333
"KR",95,59669.3548343583
"KR",96,73055.922807908
"KR",97,95045.3740350037
"KR",98,137425.026036297
"KR",99,178021.695751528
"KR",99.1,189238.667878894
"KR",99.2,203341.496527191
"KR",99.3,220081.898331692
"KR",99.4,240909.48258548
"KR",99.5,269642.657716094
"KR",99.6,309096.461926307
"KR",99.7,381708.948745849
"KR",99.8,546099.146526466
"KR",99.9,726091.378693047
"KR",99.91,780648.996222163
"KR",99.92,829060.923782154
"KR",99.93,921993.142608008
"KR",99.94,1043898.50628012
"KR",99.95,1181509.33716084
"KR",99.96,1407701.09887789
"KR",99.97,1800455.71604119
"KR",99.98,2634137.68665063
"KR",99.99,3578084.28007829
"KR",99.991,3897458.4925877
"KR",99.992,4272084.39371904
"KR",99.993,4729267.80805876
"KR",99.994,5340772.72350526
"KR",99.995,6190797.19012115
"KR",99.996,7451950.51026762
"KR",99.997,9538364.19748282
"KR",99.998,14191947.2820409
"KR",99.999,70131910.0513904
"MA",0,389.686939270638
"MA",1,389.686939270638
"MA",2,389.686939270638
"MA",3,389.686939270638
"MA",4,389.686939270638
"MA",5,432.770951678955
"MA",6,522.662970568926
"MA",7,615.745952233885
"MA",8,710.77718971225
"MA",9,807.151127923091
"MA",10,851.249888646119
"MA",11,949.250111072535
"MA",12,1047.7533285173
"MA",13,1146.68419789471
"MA",14,1245.88630207338
"MA",15,1345.31072694586
"MA",16,1455.72853269945
"MA",17,1552.85437543763
"MA",18,1660.44622389794
"MA",19,1757.08809548902
"MA",20,1688.99144767327
"MA",21,1899.29340073798
"MA",22,1954.66932521059
"MA",23,1970.58756827482
"MA",24,1985.881780318
"MA",25,1997.13176121141
"MA",26,2018.91699741699
"MA",27,2036.15553250884
"MA",28,2057.16818988465
"MA",29,2063.24667876163
"MA",30,2080.26250966877
"MA",31,2175.35069988018
"MA",32,2296.9030066088
"MA",33,2401.26392165119
"MA",34,2492.3200223292
"MA",35,2510.07005630817
"MA",36,2529.47509811417
"MA",37,2542.83816508523
"MA",38,2546.17041045037
"MA",39,2561.51250961298
"MA",40,2620.1179212161
"MA",41,2778.30891956645
"MA",42,2910.63200274369
"MA",43,2929.59994674882
"MA",44,2962.23893185195
"MA",45,2994.84895694592
"MA",46,3011.38805026498
"MA",47,3037.92093826149
"MA",48,3063.02207512454
"MA",49,3093.40684613672
"MA",50,3117.96075577496
"MA",51,3172.00562255964
"MA",52,3226.21809566242
"MA",53,3283.08466610822
"MA",54,3346.09177516047
"MA",55,3394.95573081349
"MA",56,3450.17657074253
"MA",57,3519.5975549366
"MA",58,3575.63319734522
"MA",59,3639.75306609946
"MA",60,3877.62582224524
"MA",61,4075.21311871802
"MA",62,4099.53076621576
"MA",63,4110.19163814744
"MA",64,4134.51256263202
"MA",65,4167.05333582095
"MA",66,4182.29787633635
"MA",67,4210.57987719121
"MA",68,4238.52677638361
"MA",69,4257.7835098883
"MA",70,4400.97881285409
"MA",71,4669.21323670045
"MA",72,4921.55925405585
"MA",73,5001.52237183461
"MA",74,5060.85413687225
"MA",75,5121.6228645747
"MA",76,5193.47722995708
"MA",77,5263.05680341234
"MA",78,5333.18538639715
"MA",79,5402.41305175827
"MA",80,5611.31905379932
"MA",81,5899.31584476073
"MA",82,6217.35592888336
"MA",83,6587.54760862034
"MA",84,7007.24141976132
"MA",85,7492.00330208838
"MA",86,8138.97807841771
"MA",87,9087.56814375428
"MA",88,10114.4041315347
"MA",89,11286.9935658685
"MA",90,12495.421370775
"MA",91,13683.6589954891
"MA",92,14963.0220878512
"MA",93,16357.7104943797
"MA",94,17914.7550289592
"MA",95,19745.9615586172
"MA",96,21852.3479172828
"MA",97,24681.606276505
"MA",98,28869.264315868
"MA",99,41719.6547158146
"MA",99.1,42818.509773039
"MA",99.2,43736.6282641338
"MA",99.3,45144.3756443518
"MA",99.4,46333.206500185
"MA",99.5,48829.8291226046
"MA",99.6,51009.3482315581
"MA",99.7,54881.9755203329
"MA",99.8,63746.8153064245
"MA",99.9,74276.022418672
"MA",99.91,78600.2449957376
"MA",99.92,83174.5913018159
"MA",99.93,86897.8416040355
"MA",99.94,91914.6164274372
"MA",99.95,99496.9580228242
"MA",99.96,107190.644365855
"MA",99.97,124538.632645839
"MA",99.98,163563.62240131
"MA",99.99,202166.563507039
"MA",99.991,215147.9501169
"MA",99.992,229375.539447366
"MA",99.993,248922.970136687
"MA",99.994,272043.006019082
"MA",99.995,306256.474373617
"MA",99.996,356739.736948606
"MA",99.997,435433.173787276
"MA",99.998,562338.67771098
"MA",99.999,1223085.79793064
"ML",0,26.4364949157854
"ML",1,26.4364949157854
"ML",2,26.4364949157854
"ML",3,26.4364949157854
"ML",4,26.4364949157854
"ML",5,39.9216615045298
"ML",6,67.6675945787645
"ML",7,96.0447378337822
"ML",8,124.80760212663
"ML",9,153.836394598785
"ML",10,179.390690616085
"ML",11,208.694939502642
"ML",12,238.017751215791
"ML",13,267.432658255145
"ML",14,296.857175055669
"ML",15,326.279216433257
"ML",16,357.346618598005
"ML",17,386.502047921921
"ML",18,416.309857654873
"ML",19,447.531790232958
"ML",20,451.915400642142
"ML",21,470.275147258355
"ML",22,485.496173691724
"ML",23,498.224165686071
"ML",24,509.57126072594
"ML",25,520.882537330772
"ML",26,534.201371740102
"ML",27,546.522998951525
"ML",28,558.900643513815
"ML",29,569.371995414358
"ML",30,579.29895120854
"ML",31,592.541873269077
"ML",32,605.066274190456
"ML",33,616.658267724804
"ML",34,630.723075775497
"ML",35,644.170443879451
"ML",36,658.695366540489
"ML",37,672.617917840291
"ML",38,682.561494992313
"ML",39,696.853298932817
"ML",40,708.372673501294
"ML",41,722.742727339156
"ML",42,735.588899212374
"ML",43,748.497566611818
"ML",44,764.369779960862
"ML",45,782.202933372646
"ML",46,797.562935402425
"ML",47,817.143374289557
"ML",48,833.427753401313
"ML",49,850.026176211388
"ML",50,864.796284784916
"ML",51,879.931485605228
"ML",52,898.852738134599
"ML",53,916.934308342655
"ML",54,937.769445255592
"ML",55,954.586435385224
"ML",56,969.539193013111
"ML",57,992.654575742157
"ML",58,1011.33832423968
"ML",59,1028.06750004208
"ML",60,1048.82114203614
"ML",61,1073.59367236767
"ML",62,1100.43333919834
"ML",63,1126.82168950417
"ML",64,1151.3169118771
"ML",65,1180.58743182864
"ML",66,1208.86580195282
"ML",67,1245.21112019916
"ML",68,1278.58786604295
"ML",69,1307.61485467925
"ML",70,1341.52762319014
"ML",71,1371.80518586612
"ML",72,1406.77873711936
"ML",73,1444.27183691084
"ML",74,1484.89857600314
"ML",75,1522.5664153055
"ML",76,1566.74509521228
"ML",77,1611.24164056637
"ML",78,1664.16651359041
"ML",79,1721.84087463769
"ML",80,1785.78080729565
"ML",81,1863.43454224755
"ML",82,1940.1491548181
"ML",83,2025.6014789549
"ML",84,2111.23033988052
"ML",85,2192.57531447962
"ML",86,2307.66253768382
"ML",87,2443.13714726365
"ML",88,2582.07474537083
"ML",89,2777.5571027779
"ML",90,3012.93285785364
"ML",91,3260.88220116753
"ML",92,3567.0098085644
"ML",93,3951.65579472169
"ML",94,4472.60607548075
"ML",95,5090.4398507025
"ML",96,6068.56871242331
"ML",97,7474.73968586047
"ML",98,10043.0371545017
"ML",99,11580.1783430131
"ML",99.1,12077.0705416295
"ML",99.2,12613.9261987203
"ML",99.3,13262.4890985422
"ML",99.4,13966.1075948194
"ML",99.5,15004.4331963966
"ML",99.6,16242.6067700929
"ML",99.7,18052.8982095747
"ML",99.8,21299.2236780593
"ML",99.9,24664.7160773324
"ML",99.91,25818.6618418795
"ML",99.92,27001.474914846
"ML",99.93,28180.7472923559
"ML",99.94,29727.73101351
"ML",99.95,31677.2833403988
"ML",99.96,34017.9121399738
"ML",99.97,38063.9735191964
"ML",99.98,45295.0484782621
"ML",99.99,52254.1273686142
"ML",99.991,54219.1850130185
"ML",99.992,56531.1470331623
"ML",99.993,59435.6108012562
"ML",99.994,62951.6257952443
"ML",99.995,67319.3629459634
"ML",99.996,73266.645509748
"ML",99.997,82404.4581854466
"ML",99.998,98384.8684540172
"ML",99.999,162785.45308889
"MM",0,3.09459534346776
"MM",1,3.09459534346776
"MM",2,3.09459534346776
"MM",3,3.09459534346776
"MM",4,3.09459534346776
"MM",5,43.9605737174874
"MM",6,126.322166294563
"MM",7,209.161308616785
"MM",8,292.29583005014
"MM",9,375.614691431147
"MM",10,459.045802403592
"MM",11,542.564949358842
"MM",12,626.115079132557
"MM",13,709.626638889739
"MM",14,793.159711392958
"MM",15,876.646613457755
"MM",16,960.20176714308
"MM",17,1042.63974916101
"MM",18,1127.87018741878
"MM",19,1208.70467085067
"MM",20,1248.7572543657
"MM",21,1281.61548798265
"MM",22,1311.38601099608
"MM",23,1342.32425756385
"MM",24,1372.87089823413
"MM",25,1406.90121859455
"MM",26,1437.30894217437
"MM",27,1472.52726440555
"MM",28,1502.29748196941
"MM",29,1540.58431753905
"MM",30,1568.44224668234
"MM",31,1601.83350133781
"MM",32,1635.12077234791
"MM",33,1664.27299158894
"MM",34,1698.67264251886
"MM",35,1733.4334854973
"MM",36,1770.82847001237
"MM",37,1805.00135454207
"MM",38,1844.35839501863
"MM",39,1886.18013164328
"MM",40,1921.60060158057
"MM",41,1964.27297317088
"MM",42,2001.89229918131
"MM",43,2041.89346196148
"MM",44,2083.63238797105
"MM",45,2129.16220937852
"MM",46,2170.54227519863
"MM",47,2217.53962597801
"MM",48,2264.08166564223
"MM",49,2308.48155594159
"MM",50,2353.15652485707
"MM",51,2397.04707191506
"MM",52,2445.53225464953
"MM",53,2499.48847969454
"MM",54,2548.3955146506
"MM",55,2599.38700589425
"MM",56,2655.36686948895
"MM",57,2709.29190933949
"MM",58,2769.04555591086
"MM",59,2824.7693795791
"MM",60,2898.43741042259
"MM",61,2960.92535135074
"MM",62,3025.55336193019
"MM",63,3097.51640507962
"MM",64,3167.49664635495
"MM",65,3249.10182455645
"MM",66,3327.73367117424
"MM",67,3405.06137419046
"MM",68,3483.7551288831
"MM",69,3564.0988034072
"MM",70,3652.71793321728
"MM",71,3742.61090419005
"MM",72,3834.54692937639
"MM",73,3937.76785656779
"MM",74,4040.47965010595
"MM",75,4148.61656053329
"MM",76,4274.14194223788
"MM",77,4392.70380503853
"MM",78,4511.8948569503
"MM",79,4647.2983721249
"MM",80,4788.69908963555
"MM",81,4939.43447209929
"MM",82,5091.12450736658
"MM",83,5258.65742594556
"MM",84,5426.40079869301
"MM",85,5629.89365197283
"MM",86,5848.06290104852
"MM",87,6117.04315715731
"MM",88,6390.74926027928
"MM",89,6627.55837985286
"MM",90,6657.05313226766
"MM",91,7033.56119247168
"MM",92,7571.23471751081
"MM",93,8269.53326659553
"MM",94,9252.85787503693
"MM",95,10366.9478964934
"MM",96,12021.4801433428
"MM",97,14652.9207932025
"MM",98,19610.3758965482
"MM",99,24449.7307077788
"MM",99.1,26236.6815754342
"MM",99.2,28291.3167436572
"MM",99.3,30845.110140576
"MM",99.4,34094.7057779927
"MM",99.5,38727.2990004148
"MM",99.6,44959.6004237491
"MM",99.7,55061.62798532
"MM",99.8,76804.6475230282
"MM",99.9,102253.98798484
"MM",99.91,108556.01061296
"MM",99.92,116031.888978949
"MM",99.93,124531.811306911
"MM",99.94,135367.630509722
"MM",99.95,149769.124106801
"MM",99.96,168943.917472802
"MM",99.97,200953.058696936
"MM",99.98,265616.305329802
"MM",99.99,333956.547427349
"MM",99.991,354245.640645879
"MM",99.992,378332.801061252
"MM",99.993,407205.710211346
"MM",99.994,445156.069809313
"MM",99.995,496264.876563914
"MM",99.996,568377.880243557
"MM",99.997,680898.684177332
"MM",99.998,880399.710318135
"MM",99.999,2366357.05142464
"MX",0,619.634096491528
"MX",1,619.634096491528
"MX",2,619.634096491528
"MX",3,619.634096491528
"MX",4,619.634096491528
"MX",5,619.634096491528
"MX",6,619.634096491528
"MX",7,619.634096491528
"MX",8,619.634096491528
"MX",9,619.634096491528
"MX",10,619.634096491528
"MX",11,619.634096491528
"MX",12,619.634096491528
"MX",13,644.712076232142
"MX",14,869.038782636329
"MX",15,1131.65753091812
"MX",16,1364.00066167879
"MX",17,1549.78536118099
"MX",18,1719.35700797737
"MX",19,1883.55798983051
"MX",20,1731.93467868081
"MX",21,1872.71769670498
"MX",22,2007.95520889387
"MX",23,2121.14389244788
"MX",24,2240.85078374444
"MX",25,2359.04205991477
"MX",26,2440.44206177281
"MX",27,2566.71611972428
"MX",28,2679.63089645703
"MX",29,2792.24057164321
"MX",30,2897.89972708017
"MX",31,3011.33876244385
"MX",32,3132.07518111596
"MX",33,3228.69985229609
"MX",34,3318.85920083498
"MX",35,3386.56190987112
"MX",36,3501.03554269721
"MX",37,3580.18810438065
"MX",38,3676.47882572359
"MX",39,3767.75738767404
"MX",40,3817.46291695255
"MX",41,3923.02821731986
"MX",42,4048.25378965614
"MX",43,4165.71848424423
"MX",44,4211.65411065375
"MX",45,4291.40872132172
"MX",46,4415.24596516409
"MX",47,4523.89836070294
"MX",48,4720.48490665544
"MX",49,4826.59930599075
"MX",50,4953.99208318942
"MX",51,5092.5334271636
"MX",52,5218.50802823241
"MX",53,5329.58800047334
"MX",54,5461.18373560771
"MX",55,5602.02076194708
"MX",56,5818.05179009342
"MX",57,5946.23533937409
"MX",58,6071.9571361866
"MX",59,6284.70224854226
"MX",60,6375.45515651436
"MX",61,6552.25031883522
"MX",62,6753.70655837528
"MX",63,6942.90781659458
"MX",64,7162.49382697588
"MX",65,7388.5210069675
"MX",66,7649.16027768115
"MX",67,7931.10635553652
"MX",68,8200.29675700921
"MX",69,8499.16232655281
"MX",70,8920.64991572328
"MX",71,9367.72750224592
"MX",72,9781.61273087158
"MX",73,10199.9905075435
"MX",74,10693.6234402532
"MX",75,11189.1011302608
"MX",76,11730.4809462472
"MX",77,12283.8743054008
"MX",78,12870.2481063138
"MX",79,13556.0697140194
"MX",80,14160.8050390921
"MX",81,14859.3923279123
"MX",82,15682.9727145778
"MX",83,16682.7021620328
"MX",84,17925.1612174569
"MX",85,19379.538336959
"MX",86,20788.5112143933
"MX",87,22350.997095129
"MX",88,24280.1748480044
"MX",89,26531.5140502301
"MX",90,29068.9554090416
"MX",91,32119.0155835867
"MX",92,36306.9647429635
"MX",93,41272.6341152774
"MX",94,47402.5857750355
"MX",95,55983.4702538897
"MX",96,68429.8993316808
"MX",97,89450.6008794298
"MX",98,136709.468614052
"MX",99,185129.252057695
"MX",99.1,193293.201409738
"MX",99.2,210007.148791829
"MX",99.3,225976.618547406
"MX",99.4,243186.851716833
"MX",99.5,278978.162143828
"MX",99.6,320568.64722721
"MX",99.7,377355.888561954
"MX",99.8,445643.94079527
"MX",99.9,534642.592076817
"MX",99.91,564368.80578975
"MX",99.92,571059.674309219
"MX",99.93,650069.867135083
"MX",99.94,806403.876825432
"MX",99.95,923213.686234018
"MX",99.96,936523.326406477
"MX",99.97,972065.507804959
"MX",99.98,1065837.6790177
"MX",99.99,1137589.72030338
"MX",99.991,1253978.61965555
"MX",99.992,1285495.63642175
"MX",99.993,1286605.18002062
"MX",99.994,1753478.05837127
"MX",99.995,1894875.99772739
"MX",99.996,1903102.18924801
"MX",99.997,1901982.70931013
"MX",99.998,1911844.17788549
"MX",99.999,1901263.0255722
"NE",0,4.34043870659452
"NE",1,4.34043870659452
"NE",2,4.34043870659452
"NE",3,4.34043870659452
"NE",4,4.34043870659452
"NE",5,16.0382066376415
"NE",6,39.8308196517459
"NE",7,63.9391499523287
"NE",8,88.2449000805896
"NE",9,112.67898827071
"NE",10,137.200182817078
"NE",11,161.781397449913
"NE",12,186.405326061806
"NE",13,211.065042299032
"NE",14,235.731833932637
"NE",15,260.425224810683
"NE",16,286.475074261058
"NE",17,311.89671084287
"NE",18,337.965993583143
"NE",19,364.030133922203
"NE",20,380.223181075485
"NE",21,390.046305219169
"NE",22,399.990796642689
"NE",23,410.301181485427
"NE",24,420.095301083704
"NE",25,430.297542653591
"NE",26,442.502417386343
"NE",27,451.234748476526
"NE",28,462.660003257532
"NE",29,471.761812913333
"NE",30,481.778605297692
"NE",31,493.515491793584
"NE",32,500.386860802229
"NE",33,508.117393210886
"NE",34,516.68868918441
"NE",35,525.465062542607
"NE",36,536.491093579215
"NE",37,546.373110196316
"NE",38,550.937408928114
"NE",39,562.388187698905
"NE",40,570.741401186905
"NE",41,583.675730765064
"NE",42,594.132065328745
"NE",43,601.615257167748
"NE",44,613.858474266471
"NE",45,625.887831101545
"NE",46,636.756349328174
"NE",47,648.181633864276
"NE",48,657.048316948254
"NE",49,667.619927417024
"NE",50,680.760012589905
"NE",51,690.822748550074
"NE",52,700.051259044953
"NE",53,710.622084697136
"NE",54,723.242468473103
"NE",55,734.505520271192
"NE",56,745.947863373728
"NE",57,757.405107790875
"NE",58,771.371738951988
"NE",59,784.593041154476
"NE",60,799.667099431408
"NE",61,812.886644068242
"NE",62,828.722307156844
"NE",63,843.058855471187
"NE",64,862.725730463389
"NE",65,885.392619229805
"NE",66,902.534038469958
"NE",67,921.322016681944
"NE",68,940.099896293758
"NE",69,956.287881547068
"NE",70,977.071263786574
"NE",71,999.961708411762
"NE",72,1023.97151741944
"NE",73,1052.18162220163
"NE",74,1077.77250204765
"NE",75,1106.8163818591
"NE",76,1140.52264254583
"NE",77,1174.77540220456
"NE",78,1212.52608850976
"NE",79,1256.70012329566
"NE",80,1297.39882351719
"NE",81,1340.6329887252
"NE",82,1395.57233255797
"NE",83,1452.02654171348
"NE",84,1514.91713061217
"NE",85,1583.85235164942
"NE",86,1672.45640645877
"NE",87,1763.07949847001
"NE",88,1860.77276817937
"NE",89,1988.23395605162
"NE",90,2155.30774404513
"NE",91,2357.51135209884
"NE",92,2599.10088808593
"NE",93,2902.7527817845
"NE",94,3287.44776001165
"NE",95,3804.50784460845
"NE",96,4547.7825310607
"NE",97,5668.27380496643
"NE",98,8059.43881652632
"NE",99,9712.47521548329
"NE",99.1,10197.6291647844
"NE",99.2,10748.5168115488
"NE",99.3,11425.6959786122
"NE",99.4,12226.3525144822
"NE",99.5,13327.7241682288
"NE",99.6,14786.4943675652
"NE",99.7,16990.0020312377
"NE",99.8,21080.0612191527
"NE",99.9,25260.7200237181
"NE",99.91,26578.308110883
"NE",99.92,28104.3032667386
"NE",99.93,29736.8893598198
"NE",99.94,31810.71935916
"NE",99.95,34607.3235201757
"NE",99.96,38226.8449944788
"NE",99.97,44031.270823022
"NE",99.98,54865.6635482058
"NE",99.99,65573.0409755747
"NE",99.991,68694.2514616109
"NE",99.992,72455.7912001574
"NE",99.993,76968.9589036598
"NE",99.994,82656.4054541015
"NE",99.995,89930.6434498378
"NE",99.996,100060.702130656
"NE",99.997,115634.398787321
"NE",99.998,144168.992290598
"NE",99.999,286903.838771778
"NG",0,9.71549682995028
"NG",1,9.71549682995028
"NG",2,9.71549682995028
"NG",3,9.71549682995028
"NG",4,9.71549682995028
"NG",5,50.6263282219679
"NG",6,132.868482307103
"NG",7,215.442255973923
"NG",8,298.21713838161
"NG",9,381.11912445239
"NG",10,464.108243658871
"NG",11,547.134151069495
"NG",12,630.223382065679
"NG",13,713.337047253874
"NG",14,796.462370839541
"NG",15,879.596696235192
"NG",16,961.341834027833
"NG",17,1045.36814560667
"NG",18,1130.54448163116
"NG",19,1212.02285699418
"NG",20,1264.96497325912
"NG",21,1308.65375121275
"NG",22,1353.43733302732
"NG",23,1391.09265033043
"NG",24,1427.1616061412
"NG",25,1466.72361751976
"NG",26,1509.32927499328
"NG",27,1546.690977978
"NG",28,1584.1391721407
"NG",29,1624.83143807234
"NG",30,1666.8290429757
"NG",31,1721.03010711014
"NG",32,1761.11256999632
"NG",33,1801.14480925739
"NG",34,1846.6429782421
"NG",35,1889.47680859231
"NG",36,1936.09081607703
"NG",37,1984.52046616907
"NG",38,2025.25278873257
"NG",39,2074.15599969072
"NG",40,2106.83911025045
"NG",41,2156.97887757346
"NG",42,2204.69748238823
"NG",43,2250.20129294132
"NG",44,2296.60941311477
"NG",45,2346.53145524741
"NG",46,2400.09924370965
"NG",47,2459.27001427425
"NG",48,2510.06690564008
"NG",49,2562.46524554385
"NG",50,2613.33017597986
"NG",51,2671.57502809898
"NG",52,2726.59065121656
"NG",53,2787.53591903612
"NG",54,2848.46823514831
"NG",55,2908.49227521481
"NG",56,2968.5272104323
"NG",57,3034.29791042064
"NG",58,3098.19104075627
"NG",59,3162.70222360574
"NG",60,3254.70003040139
"NG",61,3319.54378101596
"NG",62,3388.51449188458
"NG",63,3461.57187451796
"NG",64,3535.18789900226
"NG",65,3620.02995154953
"NG",66,3704.95016361157
"NG",67,3789.82810115596
"NG",68,3887.18680929489
"NG",69,3981.53222400438
"NG",70,4082.89498044555
"NG",71,4180.64696359535
"NG",72,4290.76816713912
"NG",73,4405.28978945435
"NG",74,4518.1469651448
"NG",75,4633.95526220354
"NG",76,4768.56971256756
"NG",77,4911.84049728339
"NG",78,5064.33106235517
"NG",79,5219.18274466176
"NG",80,5370.61058913416
"NG",81,5544.93779960181
"NG",82,5740.90027051031
"NG",83,5951.75508635727
"NG",84,6202.68297786088
"NG",85,6473.73767256879
"NG",86,6763.57901006929
"NG",87,7114.4157387623
"NG",88,7507.96494241047
"NG",89,7981.2317261986
"NG",90,8550.12938303072
"NG",91,9227.26016441069
"NG",92,10028.1245731591
"NG",93,11042.425178039
"NG",94,12355.1295738557
"NG",95,14074.903530981
"NG",96,16640.5047858004
"NG",97,20392.4977756827
"NG",98,26586.821991905
"NG",99,30431.2711360894
"NG",99.1,31733.4051645355
"NG",99.2,33195.5336590251
"NG",99.3,34996.6398406428
"NG",99.4,37078.7887085719
"NG",99.5,39993.1178662664
"NG",99.6,43743.6628981831
"NG",99.7,49301.6488061527
"NG",99.8,59387.0881155758
"NG",99.9,69579.9677691994
"NG",99.91,72763.9015788644
"NG",99.92,76402.3595424959
"NG",99.93,80117.6627347045
"NG",99.94,84905.7735048591
"NG",99.95,91212.5373784659
"NG",99.96,99208.5464684199
"NG",99.97,112119.769892792
"NG",99.98,135738.782658586
"NG",99.99,158622.63751624
"NG",99.991,165106.114511272
"NG",99.992,172709.457787223
"NG",99.993,182139.650611923
"NG",99.994,193790.700885354
"NG",99.995,208502.968058396
"NG",99.996,228845.60762075
"NG",99.997,259887.674503587
"NG",99.998,315240.047815883
"NG",99.999,559579.197734647
"NL",0,16020.0474282488
"NL",1,16020.0474282488
"NL",2,16020.0474282488
"NL",3,16020.0474282488
"NL",4,16020.0474282488
"NL",5,16291.4580738074
"NL",6,16904.7280369522
"NL",7,17578.0814340186
"NL",8,18289.2102686123
"NL",9,19026.2370265941
"NL",10,10515.9049597104
"NL",11,11285.5782805747
"NL",12,12065.7306878368
"NL",13,12854.3298651365
"NL",14,13649.5523626694
"NL",15,14449.7300144334
"NL",16,15280.1095539515
"NL",17,16112.5973765779
"NL",18,16807.6662868465
"NL",19,17707.9178188695
"NL",20,15357.1400471962
"NL",21,15573.3495629921
"NL",22,15941.0724285907
"NL",23,16419.1571883491
"NL",24,16711.8092147787
"NL",25,17277.3581682127
"NL",26,17661.3375463537
"NL",27,17987.088419268
"NL",28,18305.9328314419
"NL",29,18636.805771952
"NL",30,18188.8656400876
"NL",31,18540.1407653043
"NL",32,18969.8573844949
"NL",33,19282.2271964571
"NL",34,19603.0151220964
"NL",35,19823.168002366
"NL",36,20139.6587508711
"NL",37,20352.910131534
"NL",38,20871.6712367296
"NL",39,21117.3670052795
"NL",40,20878.1951931279
"NL",41,21317.6317694701
"NL",42,21705.1308008938
"NL",43,22141.3341692906
"NL",44,22307.5575210793
"NL",45,22538.402741932
"NL",46,23016.0728504757
"NL",47,23462.5176586764
"NL",48,23806.1078436768
"NL",49,24065.2134477287
"NL",50,23928.1495036694
"NL",51,24448.7290139135
"NL",52,24819.4445665852
"NL",53,25197.444952249
"NL",54,25672.678801812
"NL",55,26173.0225646738
"NL",56,26687.2937547698
"NL",57,26927.8526557753
"NL",58,27393.9682617812
"NL",59,27877.5422779705
"NL",60,28198.8447433463
"NL",61,28841.0673077194
"NL",62,29208.5935691138
"NL",63,29706.2896625353
"NL",64,30279.0455942084
"NL",65,30752.6772175102
"NL",66,31418.4850273688
"NL",67,31915.9187682116
"NL",68,32431.3618470065
"NL",69,33073.7665039525
"NL",70,33707.8839483493
"NL",71,34309.2712440223
"NL",72,35100.4434846399
"NL",73,35708.5032822798
"NL",74,36556.6867348102
"NL",75,37242.8235052783
"NL",76,37834.1245049916
"NL",77,38600.5913299216
"NL",78,39437.8895813242
"NL",79,40215.1115281897
"NL",80,41027.6018453935
"NL",81,41718.5310432061
"NL",82,42662.9450237365
"NL",83,43706.7640234135
"NL",84,44866.0149931447
"NL",85,46018.892781777
"NL",86,47221.2168257732
"NL",87,48771.2569117319
"NL",88,50533.1458717551
"NL",89,52183.7851973244
"NL",90,54244.7780658913
"NL",91,56384.8238331117
"NL",92,59023.41295881
"NL",93,62220.2741792789
"NL",94,66345.2245850381
"NL",95,71607.8593539023
"NL",96,78899.7848332268
"NL",97,90095.4196002058
"NL",98,111446.735947815
"NL",99,130786.45918803
"NL",99.1,136822.863715332
"NL",99.2,145476.694794088
"NL",99.3,154290.335155815
"NL",99.4,165727.159532797
"NL",99.5,180019.404140831
"NL",99.6,197000.124201053
"NL",99.7,226740.284892669
"NL",99.8,285996.483485741
"NL",99.9,345548.596585969
"NL",99.91,357186.636224356
"NL",99.92,362017.065662443
"NL",99.93,392165.739963539
"NL",99.94,435093.717605594
"NL",99.95,462183.357533629
"NL",99.96,519461.054886308
"NL",99.97,605881.673436588
"NL",99.98,758682.700805247
"NL",99.99,903820.880660435
"NL",99.991,967046.493434851
"NL",99.992,1007334.47305561
"NL",99.993,1059618.6811329
"NL",99.994,1131550.90649445
"NL",99.995,1219662.95461141
"NL",99.996,1349143.54662005
"NL",99.997,1511198.63667192
"NL",99.998,1887972.75804107
"NL",99.999,3780813.46193534
"NO",0,9054.17057055407
"NO",1,9054.17057055407
"NO",2,9054.17057055407
"NO",3,9054.17057055407
"NO",4,9054.17057055407
"NO",5,9568.57089031595
"NO",6,10692.5648357248
"NO",7,11894.7609737029
"NO",8,13144.5568589746
"NO",9,14425.251752309
"NO",10,11215.5139956186
"NO",11,12531.7287454541
"NO",12,13858.2341210181
"NO",13,15192.5697823051
"NO",14,16532.0005668674
"NO",15,17875.2197007262
"NO",16,19215.9629710662
"NO",17,20555.5761894075
"NO",18,21886.1786654952
"NO",19,23239.0009824768
"NO",20,23955.5996939534
"NO",21,24440.9456732485
"NO",22,24841.662742942
"NO",23,25181.736379649
"NO",24,25954.9290094844
"NO",25,26431.2449146911
"NO",26,26759.5828492473
"NO",27,26934.2845838644
"NO",28,27277.4173669312
"NO",29,27487.8006417776
"NO",30,27737.0213069647
"NO",31,28071.8864657213
"NO",32,28461.4372550004
"NO",33,28846.2350399843
"NO",34,29354.4045720656
"NO",35,29932.3490694758
"NO",36,30295.853320079
"NO",37,30610.7453635823
"NO",38,31244.2806171571
"NO",39,31605.0308291952
"NO",40,31791.9520104078
"NO",41,32076.9412260777
"NO",42,32339.8671072181
"NO",43,32571.9302835748
"NO",44,32814.2557924165
"NO",45,33226.4410629032
"NO",46,33582.0292702213
"NO",47,34205.9675640814
"NO",48,34641.5828980138
"NO",49,34737.4105613939
"NO",50,34627.101270604
"NO",51,35101.1322918516
"NO",52,35441.3718591773
"NO",53,35877.9385779982
"NO",54,36221.5292345699
"NO",55,36385.39962895
"NO",56,36739.7149276196
"NO",57,37290.5573965789
"NO",58,38004.1133301214
"NO",59,38258.0565903602
"NO",60,38066.3960199264
"NO",61,38443.7334882204
"NO",62,38801.2056261538
"NO",63,39177.0018266144
"NO",64,39555.2834025868
"NO",65,39877.3553815913
"NO",66,40262.6461343857
"NO",67,40630.0342756065
"NO",68,40867.384358885
"NO",69,41484.596914383
"NO",70,41795.8870813737
"NO",71,42187.892541564
"NO",72,43100.2516517826
"NO",73,43573.6811789008
"NO",74,43940.4444102112
"NO",75,44229.7806240385
"NO",76,44669.9148686884
"NO",77,45566.9179268417
"NO",78,46698.9113079407
"NO",79,47240.9535240481
"NO",80,47618.4818813166
"NO",81,48769.2685055056
"NO",82,49556.7146067492
"NO",83,50170.0439318457
"NO",84,51065.0838354969
"NO",85,51913.2062111359
"NO",86,52801.1196908904
"NO",87,54270.7938347757
"NO",88,56904.5422517758
"NO",89,59206.069546204
"NO",90,61282.8448023779
"NO",91,63376.5386501184
"NO",92,65943.5039121992
"NO",93,69132.4660500004
"NO",94,73145.6810737483
"NO",95,78776.9070467477
"NO",96,86676.8780687991
"NO",97,99197.6569657098
"NO",98,123313.77434443
"NO",99,144886.054282495
"NO",99.1,151948.789070884
"NO",99.2,161770.054178406
"NO",99.3,172639.770000606
"NO",99.4,185733.749681253
"NO",99.5,204387.912807438
"NO",99.6,226645.657447459
"NO",99.7,266147.463832736
"NO",99.8,351423.230066542
"NO",99.9,441080.435340465
"NO",99.91,460277.023039911
"NO",99.92,483164.703054085
"NO",99.93,537370.508239071
"NO",99.94,610313.408603621
"NO",99.95,661699.379915022
"NO",99.96,776615.976027715
"NO",99.97,981370.502608506
"NO",99.98,1364309.54323944
"NO",99.99,1760838.28943031
"NO",99.991,1935579.67251243
"NO",99.992,2063856.75156011
"NO",99.993,2246793.78252305
"NO",99.994,2483361.11807641
"NO",99.995,2784236.13766943
"NO",99.996,3229481.5353855
"NO",99.997,3925470.31600235
"NO",99.998,5374464.90930202
"NO",99.999,14834240.0223249
"NZ",0,5395.8443894593
"NZ",1,5395.8443894593
"NZ",2,5395.8443894593
"NZ",3,5395.8443894593
"NZ",4,5395.8443894593
"NZ",5,5601.74699526569
"NZ",6,6057.30754808202
"NZ",7,6547.86637993202
"NZ",8,7057.71348123586
"NZ",9,7578.26673738967
"NZ",10,7366.40120515716
"NZ",11,7893.70542448266
"NZ",12,8420.92055964639
"NZ",13,8947.00404376399
"NZ",14,9472.0899179658
"NZ",15,9996.01264702803
"NZ",16,10531.2827780579
"NZ",17,11045.108980046
"NZ",18,11550.840887621
"NZ",19,12092.2278300993
"NZ",20,10574.9896247172
"NZ",21,10638.7989047137
"NZ",22,10824.431916489
"NZ",23,10862.7879304684
"NZ",24,11480.3683363197
"NZ",25,11528.3246726948
"NZ",26,11976.5085044758
"NZ",27,12133.2797177792
"NZ",28,12344.5577937842
"NZ",29,12750.2000019053
"NZ",30,13058.4400565257
"NZ",31,13212.7840258867
"NZ",32,13854.735771321
"NZ",33,13899.7009010915
"NZ",34,14381.4275462532
"NZ",35,14670.5714516345
"NZ",36,15365.9198366891
"NZ",37,15914.4149171591
"NZ",38,16841.0826742674
"NZ",39,17553.9270406439
"NZ",40,17544.932565654
"NZ",41,17875.1955364534
"NZ",42,18087.9784674701
"NZ",43,18215.6013995609
"NZ",44,18476.0987117576
"NZ",45,18498.9500371447
"NZ",46,18657.2575198178
"NZ",47,19087.8549950637
"NZ",48,19227.9238121903
"NZ",49,19427.4973058316
"NZ",50,19174.0191331133
"NZ",51,19311.7742118728
"NZ",52,19310.5548813586
"NZ",53,19347.2232157276
"NZ",54,19379.4494656639
"NZ",55,19461.7097259666
"NZ",56,19507.9996378848
"NZ",57,19664.4648565951
"NZ",58,19863.8863773617
"NZ",59,19921.2666305274
"NZ",60,19754.3635078327
"NZ",61,19953.3569347951
"NZ",62,19995.6238257661
"NZ",63,20299.1655649475
"NZ",64,21343.6733814808
"NZ",65,22462.3887327254
"NZ",66,23096.1994918621
"NZ",67,23811.899609521
"NZ",68,24177.1951004257
"NZ",69,24248.6817613643
"NZ",70,24365.0396908521
"NZ",71,25080.9642184
"NZ",72,25815.8691272881
"NZ",73,26113.2591132342
"NZ",74,26877.9128220816
"NZ",75,27259.6135441385
"NZ",76,27725.6997659643
"NZ",77,28660.5438775141
"NZ",78,29517.340471463
"NZ",79,30117.4462939987
"NZ",80,30763.3259868285
"NZ",81,31318.6665455058
"NZ",82,31644.4695523825
"NZ",83,32689.0101134643
"NZ",84,33744.5329047928
"NZ",85,34468.6544636115
"NZ",86,34780.1203500216
"NZ",87,35474.2823874964
"NZ",88,36172.1653092433
"NZ",89,37492.1913145234
"NZ",90,38980.2070365342
"NZ",91,40611.4454171648
"NZ",92,42439.4116606368
"NZ",93,44975.8382225076
"NZ",94,48417.4075629715
"NZ",95,53996.4183644629
"NZ",96,61924.0988272618
"NZ",97,75917.5817025492
"NZ",98,100696.470892121
"NZ",99,122075.470467573
"NZ",99.1,129624.135312502
"NZ",99.2,139611.22188426
"NZ",99.3,150988.92954726
"NZ",99.4,164152.767240991
"NZ",99.5,185005.462356147
"NZ",99.6,209249.764887273
"NZ",99.7,252504.579165421
"NZ",99.8,345989.750465763
"NZ",99.9,456102.275315065
"NZ",99.91,495412.694947296
"NZ",99.92,523810.99228135
"NZ",99.93,574089.958987055
"NZ",99.94,647186.594549902
"NZ",99.95,719267.14477474
"NZ",99.96,830308.028938713
"NZ",99.97,1034699.96197072
"NZ",99.98,1446008.70004583
"NZ",99.99,1890365.83532005
"NZ",99.991,2037072.09552395
"NZ",99.992,2206174.73184469
"NZ",99.993,2405099.00983468
"NZ",99.994,2674452.51090343
"NZ",99.995,3037047.19355612
"NZ",99.996,3555126.08297317
"NZ",99.997,4387080.93243396
"NZ",99.998,6172565.8806882
"NZ",99.999,19942315.583929
"OA",0,808.514481860801
"OA",1,808.514481860801
"OA",2,808.514481860801
"OA",3,808.514481860801
"OA",4,808.514481860801
"OA",5,909.941658000741
"OA",6,1125.57682638926
"OA",7,1352.19666323252
"OA",8,1585.74053688996
"OA",9,1824.00970721093
"OA",10,2061.08223911278
"OA",11,2304.95964824358
"OA",12,2550.54880636731
"OA",13,2797.2370890051
"OA",14,3044.73954573472
"OA",15,3292.66297717488
"OA",16,3541.5547256639
"OA",17,3791.6945126562
"OA",18,4035.57590636469
"OA",19,4288.65729834603
"OA",20,4028.1527634279
"OA",21,4112.14783912328
"OA",22,4205.46987483571
"OA",23,4295.84738431339
"OA",24,4382.55998261787
"OA",25,4468.04798931467
"OA",26,4557.94899156625
"OA",27,4637.46051693228
"OA",28,4729.58900462433
"OA",29,4812.18281325399
"OA",30,4907.59555350044
"OA",31,4986.64390716043
"OA",32,5086.47008582325
"OA",33,5179.24296896372
"OA",34,5270.3533795112
"OA",35,5366.130321581
"OA",36,5446.37195826196
"OA",37,5533.33679552336
"OA",38,5645.81639513994
"OA",39,5736.57273159729
"OA",40,5743.92177410875
"OA",41,5833.29298188499
"OA",42,5942.66766086554
"OA",43,6052.06743789338
"OA",44,6157.79522093511
"OA",45,6263.67331457037
"OA",46,6387.77487040033
"OA",47,6499.81028725695
"OA",48,6631.30217318021
"OA",49,6745.73494486429
"OA",50,6865.10212758795
"OA",51,6998.53374209154
"OA",52,7117.89672979905
"OA",53,7251.77398942967
"OA",54,7374.71370895371
"OA",55,7515.18886064918
"OA",56,7665.49820117992
"OA",57,7807.55816986983
"OA",58,7954.94132314542
"OA",59,8124.60054905307
"OA",60,8234.58974730835
"OA",61,8407.93953516486
"OA",62,8593.7637634109
"OA",63,8765.37731237212
"OA",64,8966.58509696221
"OA",65,9167.80938752756
"OA",66,9378.92651446277
"OA",67,9585.46944722201
"OA",68,9791.50969409869
"OA",69,10007.0001399089
"OA",70,10247.5430590349
"OA",71,10481.2069424495
"OA",72,10725.2696847559
"OA",73,10977.2409092546
"OA",74,11237.8723897999
"OA",75,11523.2166819535
"OA",76,11818.2443902476
"OA",77,12120.8685520233
"OA",78,12458.2149670001
"OA",79,12815.9594400864
"OA",80,13155.6411078688
"OA",81,13521.2400751576
"OA",82,13939.2115794769
"OA",83,14382.8135449423
"OA",84,14871.9239742637
"OA",85,15395.0993306232
"OA",86,15983.6340910342
"OA",87,16678.5162504624
"OA",88,17460.6531516428
"OA",89,18310.6030892582
"OA",90,18687.3539649047
"OA",91,19778.0736733326
"OA",92,21307.6336112066
"OA",93,23310.332973562
"OA",94,25803.6568369978
"OA",95,29135.0491420048
"OA",96,33652.7324247345
"OA",97,41199.5650576508
"OA",98,55443.9844108331
"OA",99,68156.8366219229
"OA",99.1,73245.7689444186
"OA",99.2,78977.7462764573
"OA",99.3,85737.3129686547
"OA",99.4,94118.8454457495
"OA",99.5,106190.411707564
"OA",99.6,121682.276858613
"OA",99.7,147196.126510366
"OA",99.8,200474.763157535
"OA",99.9,262525.194510542
"OA",99.91,278094.419551239
"OA",99.92,293828.694151136
"OA",99.93,315004.200688062
"OA",99.94,342767.972514446
"OA",99.95,374388.975208131
"OA",99.96,418705.406172746
"OA",99.97,494584.643326066
"OA",99.98,644940.317525037
"OA",99.99,802751.78996085
"OA",99.991,854037.261757943
"OA",99.992,911737.100809602
"OA",99.993,974985.618402246
"OA",99.994,1066435.33137795
"OA",99.995,1187551.77575384
"OA",99.996,1348215.8217694
"OA",99.997,1619013.45568193
"OA",99.998,2420556.37283633
"OA",99.999,5802446.60991976
"OB",0,582.545800985678
"OB",1,582.545800985678
"OB",2,582.545800985678
"OB",3,582.545800985678
"OB",4,582.545800985678
"OB",5,651.948600714003
"OB",6,800.437114178832
"OB",7,957.21464855147
"OB",8,1119.45045098706
"OB",9,1285.50892383345
"OB",10,1392.39530900436
"OB",11,1563.41098127879
"OB",12,1736.14708231211
"OB",13,1910.33026807767
"OB",14,2085.58408877707
"OB",15,2261.91863984613
"OB",16,2441.87044728595
"OB",17,2618.70095253042
"OB",18,2794.26754881532
"OB",19,2976.54108533891
"OB",20,2905.82829614063
"OB",21,3010.36067871716
"OB",22,3082.30711683423
"OB",23,3188.17198022927
"OB",24,3292.58905474931
"OB",25,3390.4979812048
"OB",26,3483.60782419789
"OB",27,3566.78438890473
"OB",28,3626.93545831094
"OB",29,3701.74138866646
"OB",30,3767.99462014149
"OB",31,3864.72682305376
"OB",32,3953.11620977599
"OB",33,4035.36583103687
"OB",34,4146.98708052492
"OB",35,4262.3187662062
"OB",36,4374.59744919074
"OB",37,4453.05947948075
"OB",38,4562.08928839253
"OB",39,4673.81580066841
"OB",40,4734.12615988976
"OB",41,4848.03206968878
"OB",42,4959.27696787821
"OB",43,5076.76430908848
"OB",44,5202.03685672042
"OB",45,5305.68763899967
"OB",46,5435.75270874665
"OB",47,5564.54472952088
"OB",48,5694.79064772576
"OB",49,5809.78565462819
"OB",50,5836.52956327278
"OB",51,5967.05310412443
"OB",52,6091.96962439037
"OB",53,6229.09577859474
"OB",54,6371.93114354992
"OB",55,6503.50586835663
"OB",56,6663.61441179547
"OB",57,6815.36265211025
"OB",58,6977.40590731662
"OB",59,7111.16340324305
"OB",60,7281.11319680485
"OB",61,7448.45895700971
"OB",62,7630.02959323151
"OB",63,7800.77717482295
"OB",64,7994.29374628011
"OB",65,8218.23574573903
"OB",66,8434.84226570401
"OB",67,8667.3693062752
"OB",68,8877.83700822543
"OB",69,9013.37932561472
"OB",70,9336.25310042766
"OB",71,9594.12065011943
"OB",72,9882.27489763763
"OB",73,10177.7738937324
"OB",74,10506.6732742666
"OB",75,10826.6059146156
"OB",76,11187.1655487471
"OB",77,11598.7082717139
"OB",78,11892.7782399673
"OB",79,12243.0475053299
"OB",80,12942.308147952
"OB",81,13449.3791218507
"OB",82,13995.0983719673
"OB",83,14609.9509334207
"OB",84,15140.1679841782
"OB",85,15823.7047386592
"OB",86,16588.2786463974
"OB",87,17434.990219394
"OB",88,18109.6245649932
"OB",89,19083.0194177443
"OB",90,20183.6845540236
"OB",91,22042.3258873103
"OB",92,23683.0246620601
"OB",93,25957.1019161863
"OB",94,28984.8892187285
"OB",95,32277.834716115
"OB",96,37824.2528881427
"OB",97,47240.0110613164
"OB",98,65154.4982225437
"OB",99,79632.4986985558
"OB",99.1,90218.0465359075
"OB",99.2,103321.878216749
"OB",99.3,113114.289904313
"OB",99.4,118908.233671918
"OB",99.5,134313.943346474
"OB",99.6,154349.374224845
"OB",99.7,216234.551803641
"OB",99.8,250698.306236263
"OB",99.9,289898.326630718
"OB",99.91,297475.018863632
"OB",99.92,312945.189138859
"OB",99.93,327632.771786232
"OB",99.94,345404.979022981
"OB",99.95,372221.493924874
"OB",99.96,410273.033234359
"OB",99.97,503101.27990932
"OB",99.98,758782.064731043
"OB",99.99,1152902.435683
"OB",99.991,1174399.3254117
"OB",99.992,1201047.65328579
"OB",99.993,1242657.69220062
"OB",99.994,1285427.84719849
"OB",99.995,1331822.23635843
"OB",99.996,1397759.43097415
"OB",99.997,1497041.84156854
"OB",99.998,1705751.57156305
"OB",99.999,3233550.58873114
"OC",0,7923.4864567001
"OC",1,7923.4864567001
"OC",2,7923.4864567001
"OC",3,7923.4864567001
"OC",4,7923.4864567001
"OC",5,8194.50246598608
"OC",6,8799.80776009803
"OC",7,9459.85463341699
"OC",8,10155.2481984899
"OC",9,10874.6257407362
"OC",10,8532.91098577394
"OC",11,9282.19313878516
"OC",12,10039.7364008902
"OC",13,10806.7783093857
"OC",14,11579.8030132297
"OC",15,12354.9320841645
"OC",16,13145.3034651664
"OC",17,13929.2635329778
"OC",18,14651.6434459093
"OC",19,15463.7835963593
"OC",20,14322.259250971
"OC",21,14639.2773484142
"OC",22,14967.263493553
"OC",23,15359.4597758301
"OC",24,15605.1745041275
"OC",25,15953.9922750948
"OC",26,16261.710327661
"OC",27,16496.9974947865
"OC",28,16811.4595955887
"OC",29,17062.8199540363
"OC",30,17116.6896107128
"OC",31,17306.1916111437
"OC",32,17678.9907866897
"OC",33,18101.9433753527
"OC",34,18293.7958692145
"OC",35,18624.2447386954
"OC",36,18899.1938648431
"OC",37,18994.9887903997
"OC",38,19488.6212672669
"OC",39,19688.1687832976
"OC",40,19968.7692588291
"OC",41,20184.0307983067
"OC",42,20452.7189738429
"OC",43,20818.3385834811
"OC",44,21036.5846744794
"OC",45,21260.5098942031
"OC",46,21732.8773092043
"OC",47,21926.9042624743
"OC",48,22232.7706071299
"OC",49,22482.0990153133
"OC",50,22838.7672536427
"OC",51,23257.7636561847
"OC",52,23484.9052359875
"OC",53,23868.4889352165
"OC",54,24223.4468370323
"OC",55,24653.2889636681
"OC",56,25170.1653289303
"OC",57,25448.2389147708
"OC",58,25799.7432974606
"OC",59,26351.0238228248
"OC",60,26526.6697502604
"OC",61,26999.1453576419
"OC",62,27409.6307666567
"OC",63,27991.4928450702
"OC",64,28554.6174414098
"OC",65,29023.8114439821
"OC",66,29706.8650803465
"OC",67,30192.2770754361
"OC",68,30668.0098600297
"OC",69,31320.0834160694
"OC",70,32145.0442765734
"OC",71,32678.9179256784
"OC",72,33418.6118557572
"OC",73,34138.8282043589
"OC",74,34922.7914612416
"OC",75,35632.9000350798
"OC",76,36420.6822199496
"OC",77,37195.6401489218
"OC",78,37969.7466470618
"OC",79,38925.0522600013
"OC",80,39833.9050989945
"OC",81,40703.3356152671
"OC",82,41736.7836418292
"OC",83,43068.2264045812
"OC",84,44556.3445104642
"OC",85,45971.6224272776
"OC",86,47482.2103635279
"OC",87,49076.5398428061
"OC",88,50962.3290781225
"OC",89,53076.831258989
"OC",90,55559.4365711603
"OC",91,57932.7865468963
"OC",92,60901.819750324
"OC",93,64683.1561036597
"OC",94,69876.0675454219
"OC",95,76725.7722537705
"OC",96,86139.2038317592
"OC",97,101889.450978656
"OC",98,135310.261071969
"OC",99,167025.585005938
"OC",99.1,175808.314716264
"OC",99.2,188354.073845835
"OC",99.3,201863.817308324
"OC",99.4,220773.059989098
"OC",99.5,248321.004061105
"OC",99.6,280153.225807552
"OC",99.7,339416.906573042
"OC",99.8,464236.260314106
"OC",99.9,595859.704405047
"OC",99.91,631555.397185665
"OC",99.92,650704.761407172
"OC",99.93,722859.13864181
"OC",99.94,825462.336711023
"OC",99.95,908089.217716746
"OC",99.96,1074494.01953332
"OC",99.97,1343980.22138522
"OC",99.98,1871805.09193731
"OC",99.99,2412193.54767254
"OC",99.991,2679184.67952637
"OC",99.992,2906002.04022202
"OC",99.993,3111471.01545189
"OC",99.994,3443615.67405502
"OC",99.995,3960302.11081827
"OC",99.996,4607615.15074298
"OC",99.997,5505302.73705604
"OC",99.998,7959539.77828855
"OC",99.999,36468096.3139286
"OD",0,562.681034395267
"OD",1,562.681034395267
"OD",2,562.681034395267
"OD",3,562.681034395267
"OD",4,562.681034395267
"OD",5,562.681034395267
"OD",6,562.681034395267
"OD",7,567.647734766046
"OD",8,602.25240848619
"OD",9,629.938401472084
"OD",10,572.103149065682
"OD",11,615.728062038711
"OD",12,659.119255443698
"OD",13,691.555163467005
"OD",14,737.379800990507
"OD",15,830.295213335954
"OD",16,918.988230406855
"OD",17,1011.25264828678
"OD",18,1101.19687082669
"OD",19,1251.000418177
"OD",20,1168.78269832453
"OD",21,1355.220163562
"OD",22,1518.83897174741
"OD",23,1689.70196125288
"OD",24,1836.13005430972
"OD",25,1970.64097171393
"OD",26,2107.11997243083
"OD",27,2241.15076962478
"OD",28,2372.30588037493
"OD",29,2499.5590888157
"OD",30,2613.38579530028
"OD",31,2734.08295530748
"OD",32,2874.89553299386
"OD",33,3003.36953313201
"OD",34,3123.77077173883
"OD",35,3237.4404092746
"OD",36,3349.77446003435
"OD",37,3462.85756601194
"OD",38,3589.03988617591
"OD",39,3707.18876316033
"OD",40,3729.03485997978
"OD",41,3812.95675338142
"OD",42,3915.76835310231
"OD",43,4020.54906531997
"OD",44,4131.34451704727
"OD",45,4247.34765823783
"OD",46,4351.44303167751
"OD",47,4457.80845125834
"OD",48,4578.27957849647
"OD",49,4675.64347676416
"OD",50,4786.33709841996
"OD",51,4906.4890327904
"OD",52,5020.23834635697
"OD",53,5137.38604564
"OD",54,5269.61967378437
"OD",55,5385.80199825296
"OD",56,5506.49601682136
"OD",57,5631.55035635861
"OD",58,5752.01554726538
"OD",59,5907.66759037136
"OD",60,6010.75908670564
"OD",61,6152.61772069555
"OD",62,6284.9024142412
"OD",63,6437.55174230725
"OD",64,6594.29787545721
"OD",65,6733.69818464913
"OD",66,6897.34527088912
"OD",67,7076.35495877568
"OD",68,7228.37375580107
"OD",69,7410.0845778858
"OD",70,7592.09761943294
"OD",71,7793.93218080491
"OD",72,8000.5558103665
"OD",73,8205.52644519289
"OD",74,8447.33156416121
"OD",75,8693.16398158285
"OD",76,8962.54416366773
"OD",77,9242.17936537637
"OD",78,9548.66704628966
"OD",79,9852.86098058753
"OD",80,10201.0497209366
"OD",81,10591.1510506058
"OD",82,10992.2176495672
"OD",83,11476.8555500539
"OD",84,12021.5436734105
"OD",85,12642.302945634
"OD",86,13334.7001076324
"OD",87,14134.6276250645
"OD",88,15051.6525273485
"OD",89,16066.5457736435
"OD",90,17246.1052349755
"OD",91,18689.7470541569
"OD",92,20520.2004759391
"OD",93,22745.4578280278
"OD",94,25664.4733467868
"OD",95,29761.6831589555
"OD",96,35308.9371732235
"OD",97,44135.6077325775
"OD",98,61435.9952108622
"OD",99,81362.5029707191
"OD",99.1,87498.6850660331
"OD",99.2,94077.0336395393
"OD",99.3,102523.784765994
"OD",99.4,112067.232189973
"OD",99.5,124320.673952206
"OD",99.6,141607.526614867
"OD",99.7,165917.01934001
"OD",99.8,216158.087643246
"OD",99.9,254922.049611198
"OD",99.91,281988.31371003
"OD",99.92,325502.129249638
"OD",99.93,344273.621616683
"OD",99.94,365159.457975887
"OD",99.95,388068.416812747
"OD",99.96,401330.166580849
"OD",99.97,445863.088264627
"OD",99.98,634140.585818147
"OD",99.99,834129.958412221
"OD",99.991,859990.282905471
"OD",99.992,864071.105740666
"OD",99.993,873545.9540583
"OD",99.994,901416.619286379
"OD",99.995,935378.621820525
"OD",99.996,956342.867345859
"OD",99.997,968952.563826905
"OD",99.998,988627.482253813
"OD",99.999,1025913.42582417
"OE",0,340.639601777193
"OE",1,340.639601777193
"OE",2,340.639601777193
"OE",3,340.639601777193
"OE",4,340.639601777193
"OE",5,405.195127524851
"OE",6,537.283713949236
"OE",7,671.897475562516
"OE",8,808.13382481013
"OE",9,945.466876850301
"OE",10,1057.44370338653
"OE",11,1196.11770629623
"OE",12,1335.22492853024
"OE",13,1474.67269681503
"OE",14,1614.3757072984
"OE",15,1754.28915157609
"OE",16,1894.04530838961
"OE",17,2034.23922913489
"OE",18,2174.27145531803
"OE",19,2314.32159730953
"OE",20,2249.41419225319
"OE",21,2316.34908625046
"OE",22,2359.80087659485
"OE",23,2405.89433263872
"OE",24,2446.18262211991
"OE",25,2490.10874104349
"OE",26,2532.94259079551
"OE",27,2576.61871021825
"OE",28,2623.56995134807
"OE",29,2668.70216317931
"OE",30,2723.1990323231
"OE",31,2804.89338295765
"OE",32,2897.46600098273
"OE",33,2982.65606843294
"OE",34,3063.42823436079
"OE",35,3144.76615533043
"OE",36,3217.87040951359
"OE",37,3289.14656616064
"OE",38,3356.09015227218
"OE",39,3421.1328561526
"OE",40,3478.81522328763
"OE",41,3553.56251014486
"OE",42,3629.93237921478
"OE",43,3706.92384812751
"OE",44,3783.73843327266
"OE",45,3859.63581386749
"OE",46,3932.20041872398
"OE",47,4005.32032164823
"OE",48,4068.88890802668
"OE",49,4132.5608878062
"OE",50,4196.47191641355
"OE",51,4284.05443414095
"OE",52,4375.21805343149
"OE",53,4474.82626770822
"OE",54,4576.40657406502
"OE",55,4668.96877228822
"OE",56,4763.36011771758
"OE",57,4850.78395105784
"OE",58,4940.5292190741
"OE",59,5042.53278952421
"OE",60,5139.6250434543
"OE",61,5256.79326537824
"OE",62,5378.41064891151
"OE",63,5509.10796736976
"OE",64,5651.2690564928
"OE",65,5779.53482260932
"OE",66,5907.94609737375
"OE",67,6028.54807954633
"OE",68,6152.50233096815
"OE",69,6271.10749936439
"OE",70,6388.7614147535
"OE",71,6529.95925609138
"OE",72,6684.41677084584
"OE",73,6839.87361105736
"OE",74,7013.06999492585
"OE",75,7204.65954423795
"OE",76,7446.59173136621
"OE",77,7728.42584929788
"OE",78,8024.35453107824
"OE",79,8322.93284457285
"OE",80,8697.43031353084
"OE",81,9112.53885529128
"OE",82,9598.08858519088
"OE",83,10154.2552836793
"OE",84,10789.3881476898
"OE",85,11511.9484914702
"OE",86,12333.2895953629
"OE",87,13297.0942053771
"OE",88,14417.9061834692
"OE",89,15759.1565591999
"OE",90,17271.0053616927
"OE",91,18854.3279117458
"OE",92,20646.7158016747
"OE",93,22763.2609475272
"OE",94,25372.1416697932
"OE",95,28763.134255945
"OE",96,33305.0017163257
"OE",97,40202.7270125552
"OE",98,53364.9427650363
"OE",99,86140.2894374551
"OE",99.1,90680.6344159695
"OE",99.2,96100.6109726319
"OE",99.3,102717.773366491
"OE",99.4,110920.068310284
"OE",99.5,122014.538109863
"OE",99.6,135637.697408678
"OE",99.7,158261.986190676
"OE",99.8,204092.417769766
"OE",99.9,254255.043037067
"OE",99.91,269103.611804015
"OE",99.92,285333.767151495
"OE",99.93,307085.214568465
"OE",99.94,334945.364628135
"OE",99.95,368616.867501057
"OE",99.96,415994.98006321
"OE",99.97,495405.230313771
"OE",99.98,657798.951498446
"OE",99.99,824717.624391421
"OE",99.991,878958.9666016
"OE",99.992,938050.412234963
"OE",99.993,1011076.71849661
"OE",99.994,1104158.84827937
"OE",99.995,1233337.82625492
"OE",99.996,1421240.46841446
"OE",99.997,1703784.03369424
"OE",99.998,2209280.00475674
"OE",99.999,5078203.33813209
"OH",0,0.122583034816316
"OH",1,0.122583034816316
"OH",2,0.122583034816316
"OH",3,0.122583034816316
"OH",4,0.122583034816316
"OH",5,36.6441794100399
"OH",6,110.565107295089
"OH",7,185.140020849118
"OH",8,260.132852127397
"OH",9,335.40131873498
"OH",10,410.890142795308
"OH",11,486.489574086238
"OH",12,562.19307649862
"OH",13,637.975642722836
"OH",14,713.846558948803
"OH",15,789.73122284656
"OH",16,865.536171814197
"OH",17,941.566987379765
"OH",18,1017.71157357296
"OH",19,1093.5946586847
"OH",20,1132.05910554942
"OH",21,1174.79169971674
"OH",22,1215.59120692143
"OH",23,1256.98030547834
"OH",24,1302.54383985009
"OH",25,1355.15444339702
"OH",26,1394.53164063598
"OH",27,1443.82283277063
"OH",28,1485.00882236713
"OH",29,1522.12767462188
"OH",30,1575.56982065445
"OH",31,1628.55788339302
"OH",32,1675.57712312085
"OH",33,1719.72511433855
"OH",34,1768.77120966632
"OH",35,1825.24972021921
"OH",36,1881.34788494908
"OH",37,1938.8957948383
"OH",38,2001.29123899182
"OH",39,2060.13319259218
"OH",40,2114.96287664849
"OH",41,2174.58817047403
"OH",42,2223.51598102104
"OH",43,2286.40261867155
"OH",44,2328.5523222358
"OH",45,2382.15895928207
"OH",46,2456.10726817563
"OH",47,2539.86379728667
"OH",48,2603.21408923142
"OH",49,2671.3054804819
"OH",50,2742.47266820758
"OH",51,2801.07548727596
"OH",52,2867.28748236675
"OH",53,2947.2007245304
"OH",54,3040.20400192427
"OH",55,3128.11668580042
"OH",56,3199.39136374936
"OH",57,3275.92045185189
"OH",58,3354.32663008231
"OH",59,3444.19574227921
"OH",60,3543.295536673
"OH",61,3624.65550642639
"OH",62,3719.6556078158
"OH",63,3816.58677409269
"OH",64,3910.22626711801
"OH",65,4017.31744390608
"OH",66,4133.0028978557
"OH",67,4249.52430938069
"OH",68,4384.19496075366
"OH",69,4524.21223346196
"OH",70,4653.10574018393
"OH",71,4789.71147384476
"OH",72,4926.64403556129
"OH",73,5072.68587928672
"OH",74,5228.11615006301
"OH",75,5385.00586915
"OH",76,5550.6755383931
"OH",77,5719.29736969607
"OH",78,5885.15532861147
"OH",79,6088.88435074391
"OH",80,6272.472220714
"OH",81,6495.92582938028
"OH",82,6705.08260030213
"OH",83,6936.5366674785
"OH",84,7199.4679619851
"OH",85,7447.97260552783
"OH",86,7770.91673623435
"OH",87,8075.87955681163
"OH",88,8447.48939099968
"OH",89,8888.52983381096
"OH",90,9183.40239201028
"OH",91,9789.34852469648
"OH",92,10643.7965568502
"OH",93,11552.0231616613
"OH",94,12879.9502473436
"OH",95,14722.6884468798
"OH",96,17314.9332481816
"OH",97,20622.0668667384
"OH",98,27453.811467854
"OH",99,33783.3926941849
"OH",99.1,35922.214657533
"OH",99.2,38433.2261648598
"OH",99.3,41446.5029564346
"OH",99.4,45333.1815119953
"OH",99.5,50934.0374922943
"OH",99.6,58248.991415449
"OH",99.7,70070.625062536
"OH",99.8,95479.3009005463
"OH",99.9,125570.972584635
"OH",99.91,131796.32826234
"OH",99.92,138141.133477313
"OH",99.93,147694.861063716
"OH",99.94,160226.819524983
"OH",99.95,173507.048098086
"OH",99.96,193842.438070016
"OH",99.97,226749.542163872
"OH",99.98,290136.523500482
"OH",99.99,358186.071317716
"OH",99.991,379012.749666543
"OH",99.992,401475.480347561
"OH",99.993,427704.980211103
"OH",99.994,463516.113966206
"OH",99.995,509136.787792436
"OH",99.996,574906.459334495
"OH",99.997,671641.40320438
"OH",99.998,852710.887010943
"OH",99.999,2096713.49786138
"OI",0,302.109531174773
"OI",1,302.109531174773
"OI",2,302.109531174773
"OI",3,302.109531174773
"OI",4,302.109531174773
"OI",5,418.340612680492
"OI",6,655.59352145124
"OI",7,896.912675358401
"OI",8,1140.75131527727
"OI",9,1386.30617805099
"OI",10,1625.53307512168
"OI",11,1873.08255011531
"OI",12,2121.28133680242
"OI",13,2369.93699995453
"OI",14,2618.94240062299
"OI",15,2868.15947067075
"OI",16,3116.4107192439
"OI",17,3365.40828139012
"OI",18,3609.45005497383
"OI",19,3858.74515160544
"OI",20,3878.35140021621
"OI",21,3982.38631040818
"OI",22,4086.63067056496
"OI",23,4201.70842912531
"OI",24,4305.03228983375
"OI",25,4415.7259083312
"OI",26,4514.1783492158
"OI",27,4623.25490746216
"OI",28,4729.34845832486
"OI",29,4831.59606476447
"OI",30,4927.96139338793
"OI",31,5017.4704540245
"OI",32,5127.0584903654
"OI",33,5226.98200996957
"OI",34,5320.45468698683
"OI",35,5426.82451837114
"OI",36,5524.76742795582
"OI",37,5624.63531056236
"OI",38,5744.27919645759
"OI",39,5840.93839636711
"OI",40,5972.86903876275
"OI",41,6072.99575748942
"OI",42,6171.60988013342
"OI",43,6273.7853354009
"OI",44,6382.09204051955
"OI",45,6485.83632791305
"OI",46,6598.11610908365
"OI",47,6703.46658361594
"OI",48,6817.45005025915
"OI",49,6923.47903280778
"OI",50,7039.94461815543
"OI",51,7161.52610506103
"OI",52,7278.39130630647
"OI",53,7408.97751615388
"OI",54,7537.93775606223
"OI",55,7741.9668555185
"OI",56,7964.97458004327
"OI",57,8185.0136651144
"OI",58,8411.78630708889
"OI",59,8646.50521415659
"OI",60,8815.10716251999
"OI",61,8996.55654082179
"OI",62,9173.9427660297
"OI",63,9354.40496937307
"OI",64,9544.74796836461
"OI",65,9733.37636421854
"OI",66,9935.41289579402
"OI",67,10143.0234309807
"OI",68,10345.3538721561
"OI",69,10562.257508687
"OI",70,10789.8787258164
"OI",71,11014.5664875148
"OI",72,11260.6722659303
"OI",73,11545.1920469848
"OI",74,11858.5591970131
"OI",75,12175.0124872645
"OI",76,12505.2736485004
"OI",77,12858.5325707466
"OI",78,13221.2468091486
"OI",79,13607.9318113176
"OI",80,14035.2746119706
"OI",81,14457.7919004558
"OI",82,14901.357219764
"OI",83,15392.1657615823
"OI",84,15942.7743143139
"OI",85,16525.8889691739
"OI",86,17185.2306959091
"OI",87,17931.6115473884
"OI",88,18752.7099755181
"OI",89,19685.4783125943
"OI",90,20655.8307395341
"OI",91,22059.1891867024
"OI",92,23748.6838635949
"OI",93,25893.3083545815
"OI",94,28732.6862377909
"OI",95,32309.9247796526
"OI",96,37284.0475772783
"OI",97,45341.0038194773
"OI",98,61538.646654506
"OI",99,77778.4440066515
"OI",99.1,83857.83118939
"OI",99.2,90458.1433261178
"OI",99.3,98045.2315305595
"OI",99.4,107786.896483413
"OI",99.5,123011.676169176
"OI",99.6,141410.732215357
"OI",99.7,171218.778607423
"OI",99.8,234380.108322871
"OI",99.9,309038.219607595
"OI",99.91,336280.416942529
"OI",99.92,354237.649679083
"OI",99.93,379108.197771643
"OI",99.94,412007.073807021
"OI",99.95,450048.374942439
"OI",99.96,505550.676744845
"OI",99.97,598126.056914765
"OI",99.98,779391.099774165
"OI",99.99,974526.4750947
"OI",99.991,1035016.20287484
"OI",99.992,1104062.72314529
"OI",99.993,1186472.81275416
"OI",99.994,1293969.97962759
"OI",99.995,1438603.95798082
"OI",99.996,1643547.17071232
"OI",99.997,1960872.88684967
"OI",99.998,2579500.38938941
"OI",99.999,7402083.37615769
"OJ",0,42.3305747728782
"OJ",1,42.3305747728782
"OJ",2,42.3305747728782
"OJ",3,42.3305747728782
"OJ",4,42.3305747728782
"OJ",5,59.4842457046377
"OJ",6,94.6383190335646
"OJ",7,130.519890774102
"OJ",8,166.847481619443
"OJ",9,203.485687730811
"OJ",10,238.03732219622
"OJ",11,275.066099641348
"OJ",12,312.222320853761
"OJ",13,349.490382932789
"OJ",14,386.837613239338
"OJ",15,424.269895107344
"OJ",16,461.799533585403
"OJ",17,499.132217238047
"OJ",18,536.521305062661
"OJ",19,574.254662203859
"OJ",20,572.33652016923
"OJ",21,590.628564314038
"OJ",22,608.94602645426
"OJ",23,628.082500802746
"OJ",24,646.709217583793
"OJ",25,665.829031846366
"OJ",26,685.086732580815
"OJ",27,704.16706932975
"OJ",28,722.786444614487
"OJ",29,741.735833477969
"OJ",30,760.720983104024
"OJ",31,780.112205854341
"OJ",32,800.418259953885
"OJ",33,821.488762007099
"OJ",34,841.479092784051
"OJ",35,862.083193335375
"OJ",36,883.00519470932
"OJ",37,904.487142723071
"OJ",38,926.796774192931
"OJ",39,949.530335863914
"OJ",40,976.327195262725
"OJ",41,1000.06143052054
"OJ",42,1022.98789308681
"OJ",43,1047.08115493241
"OJ",44,1071.17436083708
"OJ",45,1095.36712854666
"OJ",46,1119.21382332445
"OJ",47,1143.95888159779
"OJ",48,1169.16899670509
"OJ",49,1196.0421409694
"OJ",50,1221.8962326991
"OJ",51,1248.67602961599
"OJ",52,1275.94214978431
"OJ",53,1304.36707428534
"OJ",54,1333.63547644178
"OJ",55,1363.23538116036
"OJ",56,1393.57946523897
"OJ",57,1424.73969693609
"OJ",58,1457.1851931032
"OJ",59,1489.87866900017
"OJ",60,1522.22351016001
"OJ",61,1558.39954557505
"OJ",62,1595.32071136026
"OJ",63,1634.62435424336
"OJ",64,1676.17789807567
"OJ",65,1716.92181663564
"OJ",66,1759.79694201362
"OJ",67,1805.74972560466
"OJ",68,1853.37662834383
"OJ",69,1901.79134344539
"OJ",70,1953.34269061126
"OJ",71,2007.32100294375
"OJ",72,2063.86909908787
"OJ",73,2123.10395471694
"OJ",74,2186.41029597791
"OJ",75,2253.2329285699
"OJ",76,2327.01697234011
"OJ",77,2403.01509199287
"OJ",78,2482.51183973945
"OJ",79,2570.49145253311
"OJ",80,2686.67096665706
"OJ",81,2784.52705050932
"OJ",82,2896.56663004774
"OJ",83,3022.05118295347
"OJ",84,3157.2047500177
"OJ",85,3316.61610464775
"OJ",86,3494.77057545344
"OJ",87,3704.46141210804
"OJ",88,3939.22587894466
"OJ",89,4235.87175687307
"OJ",90,4577.20896250091
"OJ",91,4987.4559783938
"OJ",92,5512.2703967402
"OJ",93,6167.82014180338
"OJ",94,6992.88435190477
"OJ",95,8115.57581274344
"OJ",96,9743.79076053317
"OJ",97,12268.5312541138
"OJ",98,17018.4397631384
"OJ",99,20416.4706900177
"OJ",99.1,21531.9360798256
"OJ",99.2,22825.9047243262
"OJ",99.3,24402.9309461133
"OJ",99.4,26289.0341199231
"OJ",99.5,28935.1230917263
"OJ",99.6,32417.456175667
"OJ",99.7,37882.3128016178
"OJ",99.8,48493.2192298239
"OJ",99.9,59649.1468668326
"OJ",99.91,63140.9053626988
"OJ",99.92,66967.1662902834
"OJ",99.93,71721.7827901291
"OJ",99.94,78009.6484094187
"OJ",99.95,85634.4012890465
"OJ",99.96,96454.6606544555
"OJ",99.97,114334.860763132
"OJ",99.98,148767.713024761
"OJ",99.99,184438.381766547
"OJ",99.991,195702.53288962
"OJ",99.992,208579.859347743
"OJ",99.993,224113.682354735
"OJ",99.994,244074.710167395
"OJ",99.995,270461.344816098
"OJ",99.996,307624.954669438
"OJ",99.997,365476.853002016
"OJ",99.998,481947.32054989
"OJ",99.999,1259633.01815421
"PH",0,225.256437867421
"PH",1,225.256437867421
"PH",2,225.256437867421
"PH",3,225.256437867421
"PH",4,225.256437867421
"PH",5,282.985072340176
"PH",6,401.606597628424
"PH",7,522.931974676777
"PH",8,645.857905093686
"PH",9,769.950589482993
"PH",10,894.840334903373
"PH",11,1020.30882174187
"PH",12,1146.21117563136
"PH",13,1272.43808282497
"PH",14,1398.9095094263
"PH",15,1525.56391806458
"PH",16,1652.19236605239
"PH",17,1781.83178781842
"PH",18,1909.74244496346
"PH",19,2036.68086664917
"PH",20,2007.88521839855
"PH",21,2064.68220290589
"PH",22,2114.37857420687
"PH",23,2165.76511020037
"PH",24,2220.26447538011
"PH",25,2274.16103423146
"PH",26,2329.27527203957
"PH",27,2384.95514788909
"PH",28,2439.68167199294
"PH",29,2497.2420414265
"PH",30,2549.44070280117
"PH",31,2610.72864184246
"PH",32,2675.20197504262
"PH",33,2731.88773177083
"PH",34,2797.01951924208
"PH",35,2860.54735914317
"PH",36,2923.20097604918
"PH",37,2994.16957930669
"PH",38,3057.80668664182
"PH",39,3121.32730041879
"PH",40,3135.63631390267
"PH",41,3210.67154743188
"PH",42,3281.52631839765
"PH",43,3351.68882020894
"PH",44,3431.28066455523
"PH",45,3511.47998375423
"PH",46,3582.12641014914
"PH",47,3663.30691291428
"PH",48,3740.86908068702
"PH",49,3826.23508715342
"PH",50,3910.10237268747
"PH",51,3996.16397006228
"PH",52,4079.34235742471
"PH",53,4179.57097297377
"PH",54,4272.1006066879
"PH",55,4367.88790952745
"PH",56,4471.55211491876
"PH",57,4574.70313533365
"PH",58,4679.02663113664
"PH",59,4790.20858847439
"PH",60,4871.24179001558
"PH",61,4991.34955946105
"PH",62,5118.38964372761
"PH",63,5228.52776369389
"PH",64,5368.14723660815
"PH",65,5505.66481838566
"PH",66,5645.9479612763
"PH",67,5794.00059852743
"PH",68,5954.053354835
"PH",69,6101.96390738086
"PH",70,6262.51576448902
"PH",71,6439.99521559948
"PH",72,6622.84613746882
"PH",73,6796.2628400703
"PH",74,6987.05404803713
"PH",75,7187.72601212535
"PH",76,7398.17999164333
"PH",77,7617.45500380288
"PH",78,7844.78161180669
"PH",79,8102.35121015218
"PH",80,8360.57942886975
"PH",81,8641.50484458981
"PH",82,8948.79126090085
"PH",83,9278.96636548352
"PH",84,9612.51260173312
"PH",85,10002.1841800541
"PH",86,10418.4000466402
"PH",87,10895.4325197526
"PH",88,11425.9198833261
"PH",89,12032.7771741728
"PH",90,12364.3255484241
"PH",91,13215.4009768524
"PH",92,14287.0695718901
"PH",93,15643.5694823676
"PH",94,17495.8841553778
"PH",95,19874.4118171845
"PH",96,23146.08492906
"PH",97,28180.280546431
"PH",98,38171.9656830421
"PH",99,47004.1767074439
"PH",99.1,50350.9644356807
"PH",99.2,54085.5330336187
"PH",99.3,58619.8743712882
"PH",99.4,64132.3572830006
"PH",99.5,72478.3257140564
"PH",99.6,83078.18445723
"PH",99.7,99731.9790149589
"PH",99.8,135124.127478226
"PH",99.9,178127.847161147
"PH",99.91,188929.247203244
"PH",99.92,200633.950445898
"PH",99.93,212544.728499007
"PH",99.94,228305.70196855
"PH",99.95,248759.005370745
"PH",99.96,274130.700917431
"PH",99.97,319090.405830822
"PH",99.98,406720.990645534
"PH",99.99,500024.607595368
"PH",99.991,526761.404267265
"PH",99.992,558448.311654156
"PH",99.993,597097.433962069
"PH",99.994,646825.237790605
"PH",99.995,712879.606126595
"PH",99.996,804493.977806433
"PH",99.997,947970.367198443
"PH",99.998,1200758.91208745
"PH",99.999,2798373.42185702
"PK",0,45.4760414628774
"PK",1,45.4760414628774
"PK",2,45.4760414628774
"PK",3,45.4760414628774
"PK",4,45.4760414628774
"PK",5,88.0167963449594
"PK",6,175.96222252711
"PK",7,266.390345074184
"PK",8,358.289613183065
"PK",9,451.21567485854
"PK",10,544.816429987899
"PK",11,638.936123653851
"PK",12,733.440367774771
"PK",13,828.142686692201
"PK",14,923.105963523084
"PK",15,1018.16423650469
"PK",16,1113.09242969518
"PK",17,1211.00971696563
"PK",18,1310.78200054144
"PK",19,1405.89629828497
"PK",20,1432.56575145238
"PK",21,1472.31263405412
"PK",22,1505.25835068282
"PK",23,1531.17541939624
"PK",24,1570.31622244782
"PK",25,1595.48060060107
"PK",26,1633.24209065786
"PK",27,1664.90009368874
"PK",28,1695.38390290839
"PK",29,1734.07055383381
"PK",30,1759.88463079261
"PK",31,1800.10963641428
"PK",32,1830.07929301936
"PK",33,1858.66173509391
"PK",34,1892.42991386552
"PK",35,1928.95957977998
"PK",36,1958.8352435457
"PK",37,2002.77681154903
"PK",38,2029.24815732718
"PK",39,2065.83726040092
"PK",40,2097.10503956453
"PK",41,2136.43488432292
"PK",42,2170.1163915339
"PK",43,2209.52776115959
"PK",44,2252.08719349856
"PK",45,2291.33482514391
"PK",46,2327.47871283406
"PK",47,2368.14862690508
"PK",48,2409.68530677622
"PK",49,2452.28461549041
"PK",50,2502.13753175797
"PK",51,2540.72872353857
"PK",52,2586.78912081718
"PK",53,2635.75469564625
"PK",54,2681.16453491748
"PK",55,2727.89916957945
"PK",56,2774.13547264148
"PK",57,2834.00405481509
"PK",58,2883.34999812021
"PK",59,2945.36465995913
"PK",60,2999.11706144373
"PK",61,3064.34228235087
"PK",62,3123.98220502985
"PK",63,3184.53301299648
"PK",64,3243.43678525986
"PK",65,3323.4236782695
"PK",66,3397.22721461739
"PK",67,3470.05037152994
"PK",68,3539.88039641775
"PK",69,3615.88992796227
"PK",70,3690.9517220093
"PK",71,3774.65525327524
"PK",72,3865.5898129766
"PK",73,3951.50487766863
"PK",74,4045.33342257761
"PK",75,4139.63092254553
"PK",76,4241.64961656293
"PK",77,4343.79697849813
"PK",78,4455.96815676279
"PK",79,4581.06312448172
"PK",80,4711.83922585858
"PK",81,4853.11044432339
"PK",82,4990.10769005762
"PK",83,5139.74420235428
"PK",84,5313.6923807854
"PK",85,5505.04397584643
"PK",86,5709.81163023675
"PK",87,5944.36100757429
"PK",88,6202.79888881258
"PK",89,6508.26236485317
"PK",90,6725.06716007474
"PK",91,7187.73304236055
"PK",92,7753.21341000329
"PK",93,8504.80332611789
"PK",94,9466.18716715738
"PK",95,10715.5196101375
"PK",96,12426.5420170288
"PK",97,15300.4354332198
"PK",98,20570.9586487152
"PK",99,25414.2962098359
"PK",99.1,27486.5211761058
"PK",99.2,29776.9694442361
"PK",99.3,32575.4416830805
"PK",99.4,35982.113012253
"PK",99.5,41200.0154977852
"PK",99.6,47958.7098020813
"PK",99.7,58598.0880361743
"PK",99.8,81473.4859279173
"PK",99.9,110187.631373113
"PK",99.91,117555.890164016
"PK",99.92,125919.987076435
"PK",99.93,133845.986208632
"PK",99.94,144384.382226453
"PK",99.95,158948.049787355
"PK",99.96,176451.372483063
"PK",99.97,207801.703747972
"PK",99.98,268671.024541931
"PK",99.99,334980.297829832
"PK",99.991,354200.283258469
"PK",99.992,376297.736470857
"PK",99.993,405194.050765037
"PK",99.994,440870.443814832
"PK",99.995,487237.813584076
"PK",99.996,553738.026022808
"PK",99.997,658243.96410589
"PK",99.998,846030.257673766
"PK",99.999,1939721.6580155
"QM",0,2925.72348542575
"QM",1,2925.72348542575
"QM",2,2925.72348542575
"QM",3,2925.72348542575
"QM",4,2925.72348542575
"QM",5,3054.75633479591
"QM",6,3350.78639951276
"QM",7,3678.89886359562
"QM",8,4027.01785033674
"QM",9,4388.43878214591
"QM",10,4374.61454284299
"QM",11,4752.09652592362
"QM",12,5134.72156639297
"QM",13,5521.11353208445
"QM",14,5910.37936185922
"QM",15,6302.31880103741
"QM",16,6703.75570899573
"QM",17,7110.72577325477
"QM",18,7514.66257181943
"QM",19,7930.5574766703
"QM",20,7137.42968350411
"QM",21,7346.9138795665
"QM",22,7569.59952766538
"QM",23,7782.79449213098
"QM",24,7934.92019982139
"QM",25,8143.13095449482
"QM",26,8348.2600438364
"QM",27,8561.41925411875
"QM",28,8787.76030764352
"QM",29,8995.99277059504
"QM",30,9016.61475089713
"QM",31,9174.89939220024
"QM",32,9415.73048761317
"QM",33,9630.61127514501
"QM",34,9814.06241479969
"QM",35,10027.404469496
"QM",36,10243.7053274956
"QM",37,10391.9892813119
"QM",38,10701.7309192098
"QM",39,10904.2376320334
"QM",40,11009.8864274935
"QM",41,11186.3403102818
"QM",42,11397.6842177006
"QM",43,11660.1899876136
"QM",44,11830.3437255283
"QM",45,12027.7203214098
"QM",46,12308.9302703167
"QM",47,12506.0778486985
"QM",48,12751.5281863104
"QM",49,12972.8965003559
"QM",50,13196.3583288139
"QM",51,13461.1064148638
"QM",52,13673.1071309684
"QM",53,13934.8160168719
"QM",54,14180.8485039734
"QM",55,14465.8086803964
"QM",56,14814.8383860699
"QM",57,15102.1054331438
"QM",58,15326.1947320905
"QM",59,15690.8034555841
"QM",60,15847.2449719014
"QM",61,16168.4462532608
"QM",62,16495.3611069657
"QM",63,16831.2265862298
"QM",64,17197.3686958419
"QM",65,17482.3802798348
"QM",66,17858.3614571294
"QM",67,18201.3370194774
"QM",68,18516.1532293028
"QM",69,18932.8194024692
"QM",70,19341.5145601634
"QM",71,19720.430119525
"QM",72,20161.6971779589
"QM",73,20616.8991258615
"QM",74,21095.7144690661
"QM",75,21607.4758767553
"QM",76,22115.8819046426
"QM",77,22689.1932244555
"QM",78,23250.0823970617
"QM",79,23799.3252481485
"QM",80,24361.6371891341
"QM",81,24961.9644583961
"QM",82,25666.3131725927
"QM",83,26442.9956334224
"QM",84,27225.2196769935
"QM",85,28031.9317206325
"QM",86,28934.8574344954
"QM",87,29945.3196641559
"QM",88,30969.6031188371
"QM",89,32307.9676057743
"QM",90,34101.394410557
"QM",91,35888.8749113712
"QM",92,38128.7828903436
"QM",93,40844.6698471863
"QM",94,44437.7977004094
"QM",95,49274.8873479203
"QM",96,56447.3748936506
"QM",97,67986.1060255143
"QM",98,91734.3610106942
"QM",99,115968.441296514
"QM",99.1,123907.328696009
"QM",99.2,134173.289126805
"QM",99.3,145944.356316007
"QM",99.4,161083.276705485
"QM",99.5,181280.51997443
"QM",99.6,208589.880613632
"QM",99.7,255134.415582697
"QM",99.8,352136.339540725
"QM",99.9,456440.936593102
"QM",99.91,487491.518623365
"QM",99.92,516746.916902616
"QM",99.93,569762.80244983
"QM",99.94,640657.395354038
"QM",99.95,714638.905041046
"QM",99.96,837964.441488845
"QM",99.97,1037475.23970865
"QM",99.98,1433820.40243536
"QM",99.99,1856780.51478343
"QM",99.991,2000850.2270618
"QM",99.992,2160783.70111129
"QM",99.993,2346801.00522829
"QM",99.994,2599929.93463893
"QM",99.995,2939034.29494755
"QM",99.996,3422469.42309446
"QM",99.997,4182050.62636216
"QM",99.998,5810901.22569242
"QM",99.999,19119513.4760091
"RU",0,596.389646289551
"RU",1,596.389646289551
"RU",2,596.389646289551
"RU",3,596.389646289551
"RU",4,596.389646289551
"RU",5,681.367274328295
"RU",6,899.501752459793
"RU",7,1159.55949339466
"RU",8,1446.75369148505
"RU",9,1752.86676322555
"RU",10,2072.86194342923
"RU",11,2403.2689976246
"RU",12,2742.09749627855
"RU",13,3087.56427926764
"RU",14,3438.38920736251
"RU",15,3793.76465215154
"RU",16,4149.27811138337
"RU",17,4506.82280171897
"RU",18,4877.95930331272
"RU",19,5223.90269672424
"RU",20,5361.34791146331
"RU",21,5538.46194231478
"RU",22,5699.88156640317
"RU",23,5875.42894025162
"RU",24,5976.47775675314
"RU",25,6133.7263636288
"RU",26,6264.33697610601
"RU",27,6405.94021679863
"RU",28,6524.22682837232
"RU",29,6683.7559829671
"RU",30,6847.46005885226
"RU",31,7001.82042153493
"RU",32,7176.24045700234
"RU",33,7357.27681015963
"RU",34,7515.32937937995
"RU",35,7672.3426202227
"RU",36,7848.21615441299
"RU",37,7958.31248373008
"RU",38,8154.10636367951
"RU",39,8300.60262956659
"RU",40,8388.35834307529
"RU",41,8529.15968828701
"RU",42,8682.08715682522
"RU",43,8848.65053315824
"RU",44,8986.5815510711
"RU",45,9131.21530829404
"RU",46,9311.80572021013
"RU",47,9452.93504076193
"RU",48,9619.40027703399
"RU",49,9772.10598100164
"RU",50,9943.63099505696
"RU",51,10147.7053844203
"RU",52,10327.9878323287
"RU",53,10522.2510706512
"RU",54,10755.4338095949
"RU",55,10972.0172503044
"RU",56,11248.1808427275
"RU",57,11468.9247052843
"RU",58,11688.7160739416
"RU",59,11959.9634567325
"RU",60,12087.5181456665
"RU",61,12323.8904896733
"RU",62,12550.3953433702
"RU",63,12789.1187246136
"RU",64,13049.2801943496
"RU",65,13307.2807340451
"RU",66,13612.2735970461
"RU",67,13869.2153414661
"RU",68,14151.3516293811
"RU",69,14418.1813855706
"RU",70,14735.8366857508
"RU",71,14993.6105820353
"RU",72,15313.4376042376
"RU",73,15622.8486884027
"RU",74,15995.9941069573
"RU",75,16401.9511498979
"RU",76,16832.6151849452
"RU",77,17328.3638047811
"RU",78,17869.6638721968
"RU",79,18398.5842283272
"RU",80,18826.5228259761
"RU",81,19303.3718049114
"RU",82,19812.5074729201
"RU",83,20345.6630631695
"RU",84,20931.6816301346
"RU",85,21580.5217545654
"RU",86,22323.0364422595
"RU",87,23295.6798033725
"RU",88,24485.7016477213
"RU",89,26248.4811033858
"RU",90,29384.0435487457
"RU",91,34000.8496979105
"RU",92,39515.2901116145
"RU",93,45887.8765597686
"RU",94,53604.13604465
"RU",95,63173.3608118193
"RU",96,75424.570791793
"RU",97,92315.6115998257
"RU",98,119639.124836553
"RU",99,149259.781443844
"RU",99.1,167886.018811575
"RU",99.2,197227.432094382
"RU",99.3,239869.058308048
"RU",99.4,298879.748419991
"RU",99.5,380196.462473765
"RU",99.6,479574.661871182
"RU",99.7,592636.527121826
"RU",99.8,706543.404648526
"RU",99.9,831232.953343221
"RU",99.91,904186.311039199
"RU",99.92,999331.807247492
"RU",99.93,1142427.76028562
"RU",99.94,1346358.94707321
"RU",99.95,1609275.57007852
"RU",99.96,1970315.79470932
"RU",99.97,2493346.75788346
"RU",99.98,3439242.19808153
"RU",99.99,4691245.38585161
"RU",99.991,5224627.56342996
"RU",99.992,5896346.98370247
"RU",99.993,6721322.43573768
"RU",99.994,7716011.25013856
"RU",99.995,8841072.90890203
"RU",99.996,10012217.694873
"RU",99.997,11124282.2019984
"RU",99.998,13721668.5826165
"RU",99.999,21174880.289599
"RW",0,23.1347422777522
"RW",1,23.1347422777522
"RW",2,23.1347422777522
"RW",3,23.1347422777522
"RW",4,23.1347422777522
"RW",5,39.1279294991721
"RW",6,71.9079970968828
"RW",7,105.326089361178
"RW",8,139.136800161659
"RW",9,173.20782593749
"RW",10,207.422125095105
"RW",11,241.730854545549
"RW",12,276.102891446171
"RW",13,310.478743543151
"RW",14,344.859935802685
"RW",15,379.188184074246
"RW",16,412.800659793314
"RW",17,447.545279093002
"RW",18,482.983690980178
"RW",19,517.663522631127
"RW",20,520.554077507344
"RW",21,538.338867003433
"RW",22,556.185978104071
"RW",23,572.399866644797
"RW",24,588.801323536811
"RW",25,605.079920759931
"RW",26,620.225593145634
"RW",27,638.809941395591
"RW",28,656.969494711564
"RW",29,672.923288880197
"RW",30,689.238613917132
"RW",31,709.005554757692
"RW",32,723.623803559926
"RW",33,741.090883236325
"RW",34,760.348941589222
"RW",35,776.409894623851
"RW",36,793.862229791735
"RW",37,813.069291783174
"RW",38,827.660486925073
"RW",39,848.169487788981
"RW",40,869.984990924499
"RW",41,891.717011485817
"RW",42,907.593921349391
"RW",43,927.492898318254
"RW",44,946.640093207057
"RW",45,968.584264050086
"RW",46,984.636006390709
"RW",47,1005.9685482469
"RW",48,1027.14515444511
"RW",49,1046.83026819164
"RW",50,1070.84525556704
"RW",51,1092.10216782604
"RW",52,1119.67770984593
"RW",53,1143.58544258687
"RW",54,1166.28085386162
"RW",55,1189.22363864994
"RW",56,1213.94351798298
"RW",57,1245.07886824847
"RW",58,1273.38977292278
"RW",59,1298.45970781019
"RW",60,1328.32957695751
"RW",61,1359.21934876266
"RW",62,1394.00832998789
"RW",63,1426.5990749419
"RW",64,1458.76219279626
"RW",65,1495.34493566776
"RW",66,1533.40110743712
"RW",67,1576.51614483481
"RW",68,1616.22817510141
"RW",69,1651.97487705893
"RW",70,1693.61025971825
"RW",71,1739.36270154064
"RW",72,1783.56966984939
"RW",73,1839.40004311079
"RW",74,1889.45000730693
"RW",75,1948.9542566057
"RW",76,2004.13346624209
"RW",77,2065.59945034968
"RW",78,2127.79823548636
"RW",79,2201.96295600489
"RW",80,2322.26391005691
"RW",81,2414.74345648021
"RW",82,2522.49450338526
"RW",83,2627.50695062782
"RW",84,2752.7001703774
"RW",85,2896.7831953277
"RW",86,3072.69504883664
"RW",87,3283.07261836234
"RW",88,3546.89322080626
"RW",89,3839.61286475065
"RW",90,4211.1573525755
"RW",91,4639.97395012183
"RW",92,5178.96116214514
"RW",93,5820.60864207688
"RW",94,6691.66468883995
"RW",95,7756.43859082532
"RW",96,9146.91749104583
"RW",97,11307.9933587762
"RW",98,16246.0044295451
"RW",99,20159.1015462538
"RW",99.1,21483.5533419576
"RW",99.2,22997.5366133895
"RW",99.3,24853.853937617
"RW",99.4,27044.5833287923
"RW",99.5,30161.8135829777
"RW",99.6,34269.3359051418
"RW",99.7,40657.9385366557
"RW",99.8,53084.5615819701
"RW",99.9,66469.7161205652
"RW",99.91,70921.4649190302
"RW",99.92,75912.6031792678
"RW",99.93,81450.484472332
"RW",99.94,88728.1504569861
"RW",99.95,98229.3761782219
"RW",99.96,110955.420848831
"RW",99.97,132481.560654199
"RW",99.98,174451.183252611
"RW",99.99,217728.80201746
"RW",99.991,230964.835607542
"RW",99.992,246728.375042022
"RW",99.993,266196.038320702
"RW",99.994,290935.986093122
"RW",99.995,323366.068337155
"RW",99.996,369280.44379649
"RW",99.997,442342.59815885
"RW",99.998,584369.810433567
"RW",99.999,1457802.12860124
"SA",0,179.110759992574
"SA",1,179.110759992574
"SA",2,179.110759992574
"SA",3,179.110759992574
"SA",4,179.110759992574
"SA",5,387.705250662338
"SA",6,823.59010518443
"SA",7,1276.12700944053
"SA",8,1739.29734186304
"SA",9,2210.37126070055
"SA",10,2662.40962193201
"SA",11,3143.89334422642
"SA",12,3629.0746634813
"SA",13,4117.1643682994
"SA",14,4607.89898779423
"SA",15,5100.95119759137
"SA",16,5594.76346508504
"SA",17,6092.25874634839
"SA",18,6592.07010202851
"SA",19,7092.90518934047
"SA",20,7292.33243072599
"SA",21,7417.18027176542
"SA",22,7506.70447089279
"SA",23,7658.74947620793
"SA",24,7827.23212293442
"SA",25,8059.71289752966
"SA",26,8306.61769296025
"SA",27,8618.29173626688
"SA",28,8939.25665956263
"SA",29,9224.56827025203
"SA",30,9422.09173048711
"SA",31,9577.38046484133
"SA",32,9723.62140673035
"SA",33,9875.09523119911
"SA",34,10023.0552263199
"SA",35,10148.7568199243
"SA",36,10285.1221459992
"SA",37,10469.4913898945
"SA",38,10623.0189614852
"SA",39,10924.755846613
"SA",40,11470.2010470136
"SA",41,11779.5335461529
"SA",42,12066.1791072875
"SA",43,12368.1776907724
"SA",44,12716.9879109771
"SA",45,13132.4102556761
"SA",46,13573.0060408942
"SA",47,14036.54083037
"SA",48,14517.5205956125
"SA",49,14976.7434965406
"SA",50,15344.7552260622
"SA",51,15676.2369709816
"SA",52,15989.2214803051
"SA",53,16303.4793219424
"SA",54,16632.3744696249
"SA",55,16988.3605414172
"SA",56,17345.975823069
"SA",57,17701.4700988318
"SA",58,18162.3694481344
"SA",59,18969.5623236749
"SA",60,19727.772504095
"SA",61,20408.3931639683
"SA",62,21052.8463723143
"SA",63,21666.1270801851
"SA",64,22265.1010778106
"SA",65,22856.171887142
"SA",66,23416.834864001
"SA",67,23984.4093638151
"SA",68,24585.3600725371
"SA",69,25266.6924619183
"SA",70,26260.527447816
"SA",71,27589.8048537019
"SA",72,28514.0091375213
"SA",73,29205.6045386222
"SA",74,29970.5544398846
"SA",75,30848.2742225046
"SA",76,31825.9809065725
"SA",77,32894.894893284
"SA",78,34051.3601795184
"SA",79,35222.1131406063
"SA",80,36669.5176764532
"SA",81,38440.4539029247
"SA",82,40592.3292730651
"SA",83,43169.1149911824
"SA",84,46120.4105250441
"SA",85,49409.8484415056
"SA",86,52835.1291076936
"SA",87,56410.0559838863
"SA",88,60114.0817169854
"SA",89,64360.9593027004
"SA",90,69662.4470573055
"SA",91,75047.3488296676
"SA",92,81313.6230733635
"SA",93,89058.4987735383
"SA",94,99337.6982672592
"SA",95,114048.055575901
"SA",96,135150.164708703
"SA",97,170959.68812478
"SA",98,247669.615200531
"SA",99,383426.269947641
"SA",99.1,411013.718740693
"SA",99.2,445034.029165741
"SA",99.3,488766.526744339
"SA",99.4,544259.875464801
"SA",99.5,616333.582437023
"SA",99.6,709690.608933408
"SA",99.7,870661.776660597
"SA",99.8,1214326.18251592
"SA",99.9,1566513.76980708
"SA",99.91,1673404.10959035
"SA",99.92,1806797.79158202
"SA",99.93,1971673.57564039
"SA",99.94,2172906.24885098
"SA",99.95,2450291.69965767
"SA",99.96,2822564.29636642
"SA",99.97,3439554.37629946
"SA",99.98,4773176.82766503
"SA",99.99,6113560.97014662
"SA",99.991,6549052.16483014
"SA",99.992,7030321.60791641
"SA",99.993,7659480.3688991
"SA",99.994,8434151.40190085
"SA",99.995,9549494.98759885
"SA",99.996,11194623.0261525
"SA",99.997,13687849.6298497
"SA",99.998,17875310.9255871
"SA",99.999,41935642.6571902
"SD",0,8.38403173032552
"SD",1,8.38403173032552
"SD",2,8.38403173032552
"SD",3,8.38403173032552
"SD",4,8.38403173032552
"SD",5,14.1235397014552
"SD",6,25.672701632957
"SD",7,37.2841092151891
"SD",8,48.92521410413
"SD",9,60.5933295195206
"SD",10,72.2776522950858
"SD",11,83.973313791008
"SD",12,95.6770285023583
"SD",13,107.386466074321
"SD",14,119.099933929163
"SD",15,130.819466931457
"SD",16,142.451669195366
"SD",17,154.301179798092
"SD",18,166.263666904769
"SD",19,177.890827515118
"SD",20,182.128219951954
"SD",21,187.412146421117
"SD",22,192.644878685999
"SD",23,197.811218759568
"SD",24,203.045941436642
"SD",25,207.821371886124
"SD",26,212.651495686776
"SD",27,217.421667545963
"SD",28,221.929894597953
"SD",29,226.589449165127
"SD",30,231.738376525486
"SD",31,237.02677837944
"SD",32,241.262321251628
"SD",33,246.000924132526
"SD",34,251.129412361912
"SD",35,255.798266979879
"SD",36,261.575640653119
"SD",37,268.115376986189
"SD",38,272.979142719753
"SD",39,278.338743597837
"SD",40,291.795061486998
"SD",41,297.962925437446
"SD",42,303.780512025605
"SD",43,309.633999402607
"SD",44,315.482876292351
"SD",45,321.792613799921
"SD",46,328.332301997171
"SD",47,335.37972817847
"SD",48,341.730701335202
"SD",49,348.426887351447
"SD",50,355.139004881303
"SD",51,361.222838407248
"SD",52,369.070854235348
"SD",53,375.752301241889
"SD",54,383.201123781118
"SD",55,390.465985276937
"SD",56,397.869909956363
"SD",57,406.097302913855
"SD",58,413.948883600031
"SD",59,421.652723533523
"SD",60,420.488815287699
"SD",61,427.867853594581
"SD",62,436.304742374174
"SD",63,445.306976922834
"SD",64,453.673746988397
"SD",65,462.790936234273
"SD",66,471.495511706549
"SD",67,480.987481558845
"SD",68,491.892936510883
"SD",69,502.736773635032
"SD",70,511.773139020058
"SD",71,523.257723934708
"SD",72,534.58023230202
"SD",73,546.859057858098
"SD",74,560.093886591447
"SD",75,573.98517470676
"SD",76,590.429861164717
"SD",77,607.621124522659
"SD",78,624.419652684581
"SD",79,641.155651229565
"SD",80,667.569618657484
"SD",81,687.066697860712
"SD",82,707.892596945541
"SD",83,734.903587931079
"SD",84,765.590027951354
"SD",85,802.362854642526
"SD",86,841.045471975589
"SD",87,885.247328893407
"SD",88,936.834556060545
"SD",89,998.868414575739
"SD",90,1072.75250004806
"SD",91,1159.54469105935
"SD",92,1265.76589843822
"SD",93,1401.28971331464
"SD",94,1587.00440381902
"SD",95,1809.8737742956
"SD",96,2116.25903357846
"SD",97,2618.99566547679
"SD",98,3598.13915291852
"SD",99,4351.05221775721
"SD",99.1,4607.84130984166
"SD",99.2,4907.05799083332
"SD",99.3,5277.33840790731
"SD",99.4,5738.76494942229
"SD",99.5,6354.62718498562
"SD",99.6,7218.16836243557
"SD",99.7,8553.93921638529
"SD",99.8,11121.9960623759
"SD",99.9,13777.3215065454
"SD",99.91,14593.4188185505
"SD",99.92,15592.1045744638
"SD",99.93,16705.1768073986
"SD",99.94,18117.707761333
"SD",99.95,20072.9432147133
"SD",99.96,22708.5087503336
"SD",99.97,26888.3518805599
"SD",99.98,34998.8920152933
"SD",99.99,43294.0615907384
"SD",99.991,45746.0419007529
"SD",99.992,48735.8960894971
"SD",99.993,52381.2692600148
"SD",99.994,57005.5053465755
"SD",99.995,63058.6771902056
"SD",99.996,71604.1447652906
"SD",99.997,85134.3928603406
"SD",99.998,110849.103874325
"SD",99.999,267186.862727577
"SE",0,13136.4918396035
"SE",1,13136.4918396035
"SE",2,13136.4918396035
"SE",3,13136.4918396035
"SE",4,13136.4918396035
"SE",5,13466.34715469
"SE",6,14185.2940195474
"SE",7,14951.0400033486
"SE",8,15742.8348521857
"SE",9,16549.4984894501
"SE",10,10999.0399224384
"SE",11,11819.3660178456
"SE",12,12642.7284662235
"SE",13,13467.5346973016
"SE",14,14292.6791436116
"SE",15,15117.1772027312
"SE",16,15930.500098492
"SE",17,16778.971311983
"SE",18,17550.8413110022
"SE",19,18403.1398249505
"SE",20,16663.5500701337
"SE",21,16986.5711495617
"SE",22,17274.6525067576
"SE",23,17685.8103054562
"SE",24,17838.0048791177
"SE",25,18107.1064530757
"SE",26,18291.9404306872
"SE",27,18584.6238795229
"SE",28,18788.5786338407
"SE",29,19048.2780634825
"SE",30,18939.8122854105
"SE",31,19060.261010175
"SE",32,19448.4508558781
"SE",33,19689.7329591101
"SE",34,19936.7697426913
"SE",35,20265.5741224208
"SE",36,20559.0064622863
"SE",37,20740.2784057596
"SE",38,21148.5712178366
"SE",39,21428.2412875133
"SE",40,21095.89905075
"SE",41,21233.6214786307
"SE",42,21447.5365473407
"SE",43,21787.0565120855
"SE",44,21979.5174613273
"SE",45,22229.5690626476
"SE",46,22629.8010489677
"SE",47,22804.2318233014
"SE",48,23181.9181387028
"SE",49,23424.043643393
"SE",50,23412.0029459593
"SE",51,23777.3023910954
"SE",52,24048.7206956923
"SE",53,24364.7889139414
"SE",54,24654.0284769527
"SE",55,25034.5210293494
"SE",56,25601.2163565623
"SE",57,25786.2566780678
"SE",58,26064.6060280137
"SE",59,26538.430397916
"SE",60,26124.0555524204
"SE",61,26516.9266097849
"SE",62,26849.5739610176
"SE",63,27273.2450053788
"SE",64,27704.5221129325
"SE",65,27980.8859914061
"SE",66,28458.1275662641
"SE",67,28783.1551144086
"SE",68,29076.3571310854
"SE",69,29521.5245426021
"SE",70,29943.257893282
"SE",71,30303.0385926956
"SE",72,30803.5009761212
"SE",73,31294.1458584265
"SE",74,31752.301083687
"SE",75,32180.4563894798
"SE",76,32599.0860493639
"SE",77,33181.6381330545
"SE",78,33663.1543443977
"SE",79,34184.8012539078
"SE",80,34775.4859783623
"SE",81,35248.7498393864
"SE",82,35816.0776129097
"SE",83,36649.6195011169
"SE",84,37369.8742151036
"SE",85,38066.4563452581
"SE",86,38900.0191021246
"SE",87,39974.8754524799
"SE",88,40935.7063850021
"SE",89,42092.9436084807
"SE",90,43506.4660631884
"SE",91,44790.7528207166
"SE",92,46592.4035046431
"SE",93,48862.2005312666
"SE",94,51960.7866439496
"SE",95,56170.1707027814
"SE",96,62526.6283448022
"SE",97,72999.3126780192
"SE",98,96652.0349235016
"SE",99,122027.832670494
"SE",99.1,129995.108339177
"SE",99.2,140914.23118638
"SE",99.3,153046.474048368
"SE",99.4,169706.215404441
"SE",99.5,191704.153809029
"SE",99.6,221147.970388481
"SE",99.7,277558.245631096
"SE",99.8,403857.64437726
"SE",99.9,547102.05004516
"SE",99.91,576225.566412187
"SE",99.92,601213.388902149
"SE",99.93,681160.81473259
"SE",99.94,807624.65364019
"SE",99.95,899437.807533133
"SE",99.96,1097182.09302546
"SE",99.97,1432727.25496923
"SE",99.98,2106941.31765071
"SE",99.99,2886232.4386404
"SE",99.991,3134207.54447099
"SE",99.992,3461983.63529713
"SE",99.993,3769921.63955419
"SE",99.994,4199405.30464071
"SE",99.995,4854605.08745807
"SE",99.996,5801181.02727756
"SE",99.997,7113994.69972733
"SE",99.998,10459133.915287
"SE",99.999,43768683.2950628
"TH",0,863.72763718369
"TH",1,863.72763718369
"TH",2,863.72763718369
"TH",3,863.72763718369
"TH",4,863.72763718369
"TH",5,924.827246838448
"TH",6,1054.61077946978
"TH",7,1191.09630777065
"TH",8,1331.80100992382
"TH",9,1475.54644857935
"TH",10,1621.47241502706
"TH",11,1768.91127044759
"TH",12,1917.85239418037
"TH",13,2067.6908679331
"TH",14,2218.35839331838
"TH",15,2369.78561182447
"TH",16,2528.22273879744
"TH",17,2678.44251995271
"TH",18,2825.31666853037
"TH",19,2976.36718797497
"TH",20,2732.7638079781
"TH",21,2843.45646844836
"TH",22,2945.85986418613
"TH",23,3056.74829608876
"TH",24,3156.08982723976
"TH",25,3269.93578394088
"TH",26,3373.01195266822
"TH",27,3451.63537448689
"TH",28,3550.23493761311
"TH",29,3655.39510915628
"TH",30,3765.49427050097
"TH",31,3855.52972027911
"TH",32,3977.29167090534
"TH",33,4081.53529942663
"TH",34,4186.37730066129
"TH",35,4308.86430249688
"TH",36,4416.83142607868
"TH",37,4501.22536154144
"TH",38,4617.66150094506
"TH",39,4749.94814303779
"TH",40,4786.14934217065
"TH",41,4914.57776641647
"TH",42,5038.63415367472
"TH",43,5183.16720566658
"TH",44,5287.32527855093
"TH",45,5403.5903096842
"TH",46,5551.76947737357
"TH",47,5666.62844354194
"TH",48,5823.92192406356
"TH",49,5943.52001617919
"TH",50,6081.41069662153
"TH",51,6242.40129240206
"TH",52,6385.04488523867
"TH",53,6546.25709581112
"TH",54,6701.13436012402
"TH",55,6888.4049273424
"TH",56,7069.01035950502
"TH",57,7271.12640197958
"TH",58,7471.58793961313
"TH",59,7689.1601354001
"TH",60,7760.6588903356
"TH",61,8009.7701582467
"TH",62,8240.72041796773
"TH",63,8513.96212674853
"TH",64,8810.76697236364
"TH",65,9095.80955898266
"TH",66,9418.07235226497
"TH",67,9679.69330564861
"TH",68,9980.74971428012
"TH",69,10337.514727786
"TH",70,10701.2492361015
"TH",71,11076.0917780724
"TH",72,11476.5264158998
"TH",73,11849.8624878337
"TH",74,12265.4782727676
"TH",75,12697.6580709461
"TH",76,13163.5707694356
"TH",77,13704.5392160462
"TH",78,14339.0276282624
"TH",79,14966.0327699161
"TH",80,15644.1352381358
"TH",81,16295.4533602378
"TH",82,17095.0503602427
"TH",83,18162.2392505966
"TH",84,19142.4470731127
"TH",85,20171.5801323835
"TH",86,21231.693696756
"TH",87,22458.0665537866
"TH",88,23781.2099929939
"TH",89,25491.7898510415
"TH",90,27494.35077462
"TH",91,30142.5253744289
"TH",92,33307.1996273106
"TH",93,36388.3048488283
"TH",94,40357.7943312659
"TH",95,45957.5693759507
"TH",96,53309.9869693657
"TH",97,65184.8654254574
"TH",98,95426.9158408124
"TH",99,121168.747717109
"TH",99.1,124542.915805362
"TH",99.2,131695.781876549
"TH",99.3,145126.305158102
"TH",99.4,167139.875100735
"TH",99.5,185669.613976466
"TH",99.6,226186.797206465
"TH",99.7,275631.841879122
"TH",99.8,317577.400518062
"TH",99.9,395797.773585958
"TH",99.91,445362.470746141
"TH",99.92,463321.071356663
"TH",99.93,509788.35395549
"TH",99.94,597825.926876097
"TH",99.95,645932.319709658
"TH",99.96,815595.385371719
"TH",99.97,1034840.16354291
"TH",99.98,1124528.76592272
"TH",99.99,1139640.60339751
"TH",99.991,1147219.01801831
"TH",99.992,1149007.25101848
"TH",99.993,1150568.35685293
"TH",99.994,1154743.66404139
"TH",99.995,1160234.05717242
"TH",99.996,1168763.69750471
"TH",99.997,1179144.90020456
"TH",99.998,1220086.22110329
"TH",99.999,19150115.607917
"TR",0,1332.93995005835
"TR",1,1332.93995005835
"TR",2,1332.93995005835
"TR",3,1332.93995005835
"TR",4,1332.93995005835
"TR",5,1427.35680230926
"TR",6,1637.40794196481
"TR",7,1865.22477361519
"TR",8,2104.16479372465
"TR",9,2350.0936375707
"TR",10,2601.24048846544
"TR",11,2855.91450091476
"TR",12,3113.27494471518
"TR",13,3372.67864611419
"TR",14,3633.57837568257
"TR",15,3895.92369876865
"TR",16,4148.84934592973
"TR",17,4401.41103569806
"TR",18,4665.41936305795
"TR",19,4918.45208295123
"TR",20,4363.23225652961
"TR",21,4438.50800518673
"TR",22,4644.05277175742
"TR",23,4842.84525419347
"TR",24,5064.51653489899
"TR",25,5288.31625965739
"TR",26,5450.33444022448
"TR",27,5585.09244983921
"TR",28,5666.7732558544
"TR",29,5734.12853413263
"TR",30,5808.8016207441
"TR",31,5836.29069791696
"TR",32,5919.09641799246
"TR",33,5996.49367244629
"TR",34,6044.17439386495
"TR",35,6146.25135623324
"TR",36,6208.2884956169
"TR",37,6279.07924192394
"TR",38,6411.20017186555
"TR",39,6517.67981411434
"TR",40,6447.98850702105
"TR",41,6581.67678322002
"TR",42,6722.58776749783
"TR",43,6917.81720017583
"TR",44,7079.01889098614
"TR",45,7247.41223139422
"TR",46,7427.58097486987
"TR",47,7599.96565854861
"TR",48,7768.63155512856
"TR",49,7915.69945222545
"TR",50,8069.86960148196
"TR",51,8240.95149973884
"TR",52,8400.3232826317
"TR",53,8541.46085392019
"TR",54,8711.43024816585
"TR",55,8882.09212347783
"TR",56,9069.95824024826
"TR",57,9224.01324260334
"TR",58,9406.57055017285
"TR",59,9612.40558962902
"TR",60,9686.25492544967
"TR",61,9912.19211463377
"TR",62,10115.0594735895
"TR",63,10352.3044748832
"TR",64,10589.2847135789
"TR",65,10838.666289172
"TR",66,11112.1126319738
"TR",67,11363.2809862312
"TR",68,11611.0628623398
"TR",69,11902.1551523951
"TR",70,12205.3867202031
"TR",71,12475.3355179864
"TR",72,12790.7746592421
"TR",73,13102.3634120484
"TR",74,13428.5681150866
"TR",75,13782.8148338961
"TR",76,14132.1807987982
"TR",77,14522.6286755058
"TR",78,14946.8226451369
"TR",79,15373.7809825022
"TR",80,15849.6041719163
"TR",81,16548.5660780133
"TR",82,17476.9103820634
"TR",83,18610.3780012235
"TR",84,19982.0987048989
"TR",85,21595.1689180654
"TR",86,23513.0284709495
"TR",87,25837.3080104272
"TR",88,28551.9633851593
"TR",89,31745.3339859172
"TR",90,35326.133487844
"TR",91,39388.6516734613
"TR",92,44113.8548592204
"TR",93,49806.0918647042
"TR",94,56939.5984160987
"TR",95,66194.3237972177
"TR",96,79013.2641805423
"TR",97,98841.9659305157
"TR",98,137612.731196248
"TR",99,250569.446190862
"TR",99.1,266598.047694537
"TR",99.2,286711.705767552
"TR",99.3,310576.873590591
"TR",99.4,340673.352905768
"TR",99.5,380195.495902909
"TR",99.6,433190.075703982
"TR",99.7,519296.593062087
"TR",99.8,689036.463575199
"TR",99.9,864645.131900601
"TR",99.91,918583.502241809
"TR",99.92,976359.160918472
"TR",99.93,1054887.98790862
"TR",99.94,1157244.19828927
"TR",99.95,1278923.57863119
"TR",99.96,1453756.53847938
"TR",99.97,1733227.99331219
"TR",99.98,2274302.91810018
"TR",99.99,2824043.13438135
"TR",99.991,2997510.59121469
"TR",99.992,3194493.63186944
"TR",99.993,3435625.73806354
"TR",99.994,3740643.88193561
"TR",99.995,4147509.35880522
"TR",99.996,4721419.29262025
"TR",99.997,5607035.10939993
"TR",99.998,7291025.47086988
"TR",99.999,16996657.4760775
"TW",0,2789.92568534138
"TW",1,2789.92568534138
"TW",2,2789.92568534138
"TW",3,2789.92568534138
"TW",4,2789.92568534138
"TW",5,3030.22169024044
"TW",6,3517.98019112121
"TW",7,4010.49587527115
"TW",8,4506.35017441495
"TW",9,5004.70885075867
"TW",10,5123.13414514677
"TW",11,5624.0397096071
"TW",12,6125.20127729348
"TW",13,6627.73552814398
"TW",14,7129.86696463127
"TW",15,7632.81243529187
"TW",16,8117.6614158331
"TW",17,8626.14386882361
"TW",18,9117.55981068111
"TW",19,9627.38315481461
"TW",20,8953.9548164773
"TW",21,9409.66242959754
"TW",22,9895.08606562211
"TW",23,10384.1401312223
"TW",24,10876.2067581832
"TW",25,11396.1346155989
"TW",26,11920.8879562527
"TW",27,12443.024963201
"TW",28,12983.2598911942
"TW",29,13529.261070564
"TW",30,13990.0896562138
"TW",31,14566.4925934874
"TW",32,15170.3922710815
"TW",33,15786.6539260706
"TW",34,16362.1385869907
"TW",35,16988.2252522889
"TW",36,17623.2919884276
"TW",37,18228.1464784184
"TW",38,18917.7844608882
"TW",39,19536.5745096425
"TW",40,19976.9226477558
"TW",41,20610.5594159133
"TW",42,21316.2937401046
"TW",43,21987.604695168
"TW",44,22681.1831943698
"TW",45,23387.5192615324
"TW",46,24110.3565568845
"TW",47,24810.2043550392
"TW",48,25549.8245056019
"TW",49,26278.0166298547
"TW",50,26875.7498877152
"TW",51,27641.6350278774
"TW",52,28393.7334739184
"TW",53,29181.5919032394
"TW",54,29956.3700491419
"TW",55,30751.6078326769
"TW",56,31580.3511935384
"TW",57,32378.5382983247
"TW",58,33162.3467251422
"TW",59,34032.826986274
"TW",60,34719.7795463321
"TW",61,35605.0912721017
"TW",62,36475.3000782832
"TW",63,37345.1281284967
"TW",64,38275.8773062273
"TW",65,39187.0291618949
"TW",66,40172.6940167373
"TW",67,41112.1761536281
"TW",68,42085.0223367848
"TW",69,43099.7733874856
"TW",70,44093.9733436682
"TW",71,45119.112581978
"TW",72,46251.6496463104
"TW",73,47400.3219181938
"TW",74,48574.2760210043
"TW",75,49808.7952459431
"TW",76,51124.5576241048
"TW",77,52479.1096422886
"TW",78,53931.3870731405
"TW",79,55460.5287033463
"TW",80,57257.1150879269
"TW",81,58988.8589424838
"TW",82,60886.1413137507
"TW",83,62967.9036381528
"TW",84,65289.0686437481
"TW",85,67814.2579055234
"TW",86,70637.2223265787
"TW",87,74115.794063797
"TW",88,77965.1168321669
"TW",89,82514.1491091209
"TW",90,87899.7445308755
"TW",91,94190.0415469127
"TW",92,101931.634064338
"TW",93,111656.650569696
"TW",94,124270.906664459
"TW",95,141225.048962909
"TW",96,165101.484077249
"TW",97,202385.329609365
"TW",98,271513.402142596
"TW",99,337436.63010301
"TW",99.1,356331.136960283
"TW",99.2,378796.168398496
"TW",99.3,406354.913440301
"TW",99.4,439251.15151262
"TW",99.5,488016.7271419
"TW",99.6,553406.550439453
"TW",99.7,664878.568407623
"TW",99.8,903929.795820052
"TW",99.9,1168326.35972994
"TW",99.91,1253219.62882806
"TW",99.92,1339923.14592779
"TW",99.93,1458594.33146859
"TW",99.94,1622773.37188738
"TW",99.95,1828602.72532682
"TW",99.96,2135623.38998706
"TW",99.97,2694976.77613175
"TW",99.98,3905121.32229684
"TW",99.99,5277198.87159813
"TW",99.991,5730486.84342528
"TW",99.992,6268884.13383833
"TW",99.993,6948406.41943444
"TW",99.994,7850115.32109908
"TW",99.995,9099657.30209837
"TW",99.996,10962040.9492517
"TW",99.997,14103965.64514
"TW",99.998,21054731.3244863
"TW",99.999,110254192.517759
"US",0,6270.2330862865
"US",1,6522.03764879357
"US",2,6997.69449834367
"US",3,7339.29585872012
"US",4,7704.50845705406
"US",5,8111.44537393576
"US",6,8565.45741180501
"US",7,9067.92188294866
"US",8,9617.29928419879
"US",9,10207.2492145009
"US",10,9113.35367468304
"US",11,9749.44867505284
"US",12,10387.2280238391
"US",13,11012.5509254107
"US",14,11613.7449105438
"US",15,12180.1156720128
"US",16,12691.032030554
"US",17,13149.8734454287
"US",18,13535.3655833868
"US",19,13901.7483095978
"US",20,12987.6211526138
"US",21,13236.1832781182
"US",22,13496.5645252068
"US",23,13790.5698778677
"US",24,14004.7967750094
"US",25,14291.6524599833
"US",26,14565.437716692
"US",27,14877.6518301542
"US",28,15153.7982393029
"US",29,15498.703872667
"US",30,15318.5855417213
"US",31,15649.4992752833
"US",32,16167.7774081111
"US",33,16614.6173888139
"US",34,17047.4042564286
"US",35,17546.4066569451
"US",36,17992.9935848692
"US",37,18293.7059762712
"US",38,18892.2670518273
"US",39,19302.347690914
"US",40,19410.9745700597
"US",41,19730.785758852
"US",42,20159.5965827838
"US",43,20657.0550938185
"US",44,21046.3328273825
"US",45,21476.279010509
"US",46,22015.4193032267
"US",47,22439.7780885713
"US",48,22918.9863668844
"US",49,23452.7796968892
"US",50,23453.6173800497
"US",51,24097.2157491868
"US",52,24622.9387232761
"US",53,25302.6628477758
"US",54,25829.3512668138
"US",55,26558.8993900282
"US",56,27351.9800802114
"US",57,27862.8623004044
"US",58,28576.2479581194
"US",59,29333.8205143526
"US",60,29915.6693917215
"US",61,30623.2536313554
"US",62,31402.304256274
"US",63,32195.562094641
"US",64,33038.146501206
"US",65,33751.0384929469
"US",66,34720.2141100475
"US",67,35578.6078761314
"US",68,36403.0903516895
"US",69,37419.6063020088
"US",70,38062.5631611961
"US",71,39046.4538741901
"US",72,40166.2000547636
"US",73,41257.6035498468
"US",74,42398.4289331573
"US",75,43631.4386094291
"US",76,44833.7769107168
"US",77,46253.8515851998
"US",78,47689.8912443116
"US",79,49311.9731357138
"US",80,51035.3183682948
"US",81,52592.5572900371
"US",82,54366.9649145213
"US",83,56397.0247309502
"US",84,58534.9562606266
"US",85,60712.2263668702
"US",86,63186.9720770402
"US",87,66102.613715746
"US",88,69286.8083309631
"US",89,72672.7296406656
"US",90,76747.9431973883
"US",91,81152.8827928981
"US",92,86484.5269297809
"US",93,93110.6252807125
"US",94,101660.318771576
"US",95,113103.497652738
"US",96,129499.55230232
"US",97,156441.826288383
"US",98,216823.088014714
"US",99,282683.863742441
"US",99.1,301796.543550653
"US",99.2,328717.994342089
"US",99.3,361557.349317739
"US",99.4,405405.820791415
"US",99.5,464115.857716469
"US",99.6,550244.911577161
"US",99.7,702385.441068911
"US",99.8,1048503.82448605
"US",99.9,1426176.1617673
"US",99.91,1530347.75380038
"US",99.92,1626871.64739029
"US",99.93,1842730.49677657
"US",99.94,2144644.22795843
"US",99.95,2430243.37694291
"US",99.96,2972132.59273413
"US",99.97,3867363.56207881
"US",99.98,5732364.71621208
"US",99.99,7738755.30890397
"US",99.991,8524485.26205519
"US",99.992,9292557.85030137
"US",99.993,10259748.9934218
"US",99.994,11542681.0188367
"US",99.995,13329143.156265
"US",99.996,15955459.4596155
"US",99.997,20001088.5053102
"US",99.998,29108351.4928053
"US",99.999,119936648.316696
"VN",0,391.648864508036
"VN",1,391.648864508036
"VN",2,391.648864508036
"VN",3,391.648864508036
"VN",4,391.648864508036
"VN",5,472.169572468921
"VN",6,637.894672879624
"VN",7,807.540675195969
"VN",8,979.762409692034
"VN",9,1153.66862331755
"VN",10,1328.88591174887
"VN",11,1504.98747990282
"VN",12,1681.86325449313
"VN",13,1859.24902536506
"VN",14,2037.14319043805
"VN",15,2215.34769114328
"VN",16,2394.68811102867
"VN",17,2571.69665595603
"VN",18,2752.24875932605
"VN",19,2930.96589429961
"VN",20,2761.89726962196
"VN",21,2854.46091469185
"VN",22,2941.06114994777
"VN",23,3028.94368969271
"VN",24,3109.22226227784
"VN",25,3200.97025395768
"VN",26,3284.55625289752
"VN",27,3383.29930874448
"VN",28,3466.47906397351
"VN",29,3560.51531075518
"VN",30,3649.87583706593
"VN",31,3743.12012148739
"VN",32,3854.40812086524
"VN",33,3957.38826248649
"VN",34,4049.76519716112
"VN",35,4147.57094269156
"VN",36,4250.00974230534
"VN",37,4353.8513188708
"VN",38,4470.30943409487
"VN",39,4564.94681813432
"VN",40,4629.65593116594
"VN",41,4739.45065501959
"VN",42,4838.17869134675
"VN",43,4948.4167139047
"VN",44,5072.73781297819
"VN",45,5187.35523010566
"VN",46,5292.54973084564
"VN",47,5416.84528378077
"VN",48,5536.00213365513
"VN",49,5656.01634896215
"VN",50,5793.07871218411
"VN",51,5925.14105139404
"VN",52,6045.88979065585
"VN",53,6187.07658359057
"VN",54,6324.28258573831
"VN",55,6458.00271665443
"VN",56,6615.18459310658
"VN",57,6772.8943520719
"VN",58,6931.19302257538
"VN",59,7104.0567963697
"VN",60,7249.34170579004
"VN",61,7440.51361207934
"VN",62,7634.91866577398
"VN",63,7829.37011206471
"VN",64,8020.19850648657
"VN",65,8222.61935941215
"VN",66,8430.38556678375
"VN",67,8665.1848173876
"VN",68,8894.9426910322
"VN",69,9151.69150258603
"VN",70,9408.35944894116
"VN",71,9669.27624044837
"VN",72,9947.80858431805
"VN",73,10196.8896484027
"VN",74,10491.9822822948
"VN",75,10813.3514657559
"VN",76,11156.0086896784
"VN",77,11468.4675126862
"VN",78,11840.2655020437
"VN",79,12186.7556221364
"VN",80,12605.9758085767
"VN",81,12993.8393273361
"VN",82,13370.5495635856
"VN",83,13815.0345824013
"VN",84,14367.8931931938
"VN",85,15012.4102080691
"VN",86,15587.8857278157
"VN",87,16311.2882662374
"VN",88,17106.4309068641
"VN",89,17985.4902570047
"VN",90,18003.7685903534
"VN",91,19304.9104280032
"VN",92,20857.7555053901
"VN",93,22769.6997975563
"VN",94,25425.0521985439
"VN",95,28827.2901715049
"VN",96,33341.8543844722
"VN",97,41062.1390525069
"VN",98,55822.6447841399
"VN",99,68789.9337728193
"VN",99.1,73536.8924528324
"VN",99.2,78959.257523273
"VN",99.3,85522.3357212874
"VN",99.4,93652.5032845142
"VN",99.5,105403.424147684
"VN",99.6,120319.833798878
"VN",99.7,144491.547418795
"VN",99.8,196251.111603192
"VN",99.9,256227.946807682
"VN",99.91,271122.746228931
"VN",99.92,286803.040139707
"VN",99.93,306692.349366638
"VN",99.94,332285.486431677
"VN",99.95,363187.266197282
"VN",99.96,405284.208252069
"VN",99.97,477658.917382016
"VN",99.98,623318.141895217
"VN",99.99,774385.401350249
"VN",99.991,821589.725541483
"VN",99.992,875199.786746447
"VN",99.993,938405.768866567
"VN",99.994,1023371.94357084
"VN",99.995,1137543.58680166
"VN",99.996,1298926.04352489
"VN",99.997,1547950.02569449
"VN",99.998,1986943.28048812
"VN",99.999,5443792.91245209
"ZA",0,1267.66796745237
"ZA",1,1267.66796745237
"ZA",2,1267.66796745237
"ZA",3,1267.66796745237
"ZA",4,1267.66796745237
"ZA",5,1289.38608472615
"ZA",6,1334.94039924023
"ZA",7,1382.27927472843
"ZA",8,1430.75109327285
"ZA",9,1479.95061190751
"ZA",10,1529.74648918536
"ZA",11,1579.91075381572
"ZA",12,1630.46769053475
"ZA",13,1681.17784992281
"ZA",14,1732.12256668226
"ZA",15,1783.17614162122
"ZA",16,1833.81976704009
"ZA",17,1884.33519825927
"ZA",18,1934.1773357375
"ZA",19,1984.96996316688
"ZA",20,1426.7923615792
"ZA",21,1455.56117032817
"ZA",22,1487.03621329353
"ZA",23,1518.48497614428
"ZA",24,1545.09131245493
"ZA",25,1575.74205402115
"ZA",26,1604.21017074964
"ZA",27,1634.58531800943
"ZA",28,1664.48731001776
"ZA",29,1694.01821889168
"ZA",30,1726.32391776742
"ZA",31,1758.22221828957
"ZA",32,1792.72470813716
"ZA",33,1830.89346297421
"ZA",34,1864.12266016502
"ZA",35,1896.60143490856
"ZA",36,1928.36752354309
"ZA",37,1959.65638196031
"ZA",38,1999.87989996492
"ZA",39,2036.46053602556
"ZA",40,1897.74498868977
"ZA",41,1938.52691513154
"ZA",42,1979.04537437101
"ZA",43,2022.88902614595
"ZA",44,2064.09839565963
"ZA",45,2112.82627969762
"ZA",46,2166.36801223519
"ZA",47,2219.32488506923
"ZA",48,2273.64575652806
"ZA",49,2320.56321167557
"ZA",50,2374.60088413744
"ZA",51,2440.63899308721
"ZA",52,2507.66067194079
"ZA",53,2575.16382097243
"ZA",54,2640.39447988185
"ZA",55,2716.64704113895
"ZA",56,2797.57021758958
"ZA",57,2876.7984824556
"ZA",58,2957.19709177733
"ZA",59,3048.16630082398
"ZA",60,2997.37660861447
"ZA",61,3102.12763937115
"ZA",62,3207.04688082204
"ZA",63,3327.25310207734
"ZA",64,3456.28658411901
"ZA",65,3589.62377425691
"ZA",66,3722.54086512601
"ZA",67,3858.42611944
"ZA",68,3998.0612749825
"ZA",69,4164.48650231799
"ZA",70,4339.04571336888
"ZA",71,4521.14953453196
"ZA",72,4713.69470349932
"ZA",73,4932.47910001383
"ZA",74,5157.04794975534
"ZA",75,5421.93579671418
"ZA",76,5709.66295220449
"ZA",77,5994.20762934283
"ZA",78,6314.29885655953
"ZA",79,6647.44430283099
"ZA",80,6845.40211325726
"ZA",81,7287.53645469118
"ZA",82,7771.50780994974
"ZA",83,8349.900356852
"ZA",84,8956.8559705596
"ZA",85,9602.8599259425
"ZA",86,10326.0913153478
"ZA",87,11248.5737783764
"ZA",88,12313.8142373463
"ZA",89,13596.2539862248
"ZA",90,19252.3601536581
"ZA",91,21013.8871564787
"ZA",92,22773.5606037111
"ZA",93,25573.123798209
"ZA",94,29146.7405701955
"ZA",95,33455.0727836415
"ZA",96,38547.5768126063
"ZA",97,44985.9135324742
"ZA",98,56597.7730999095
"ZA",99,66079.9036287109
"ZA",99.1,69309.7713515759
"ZA",99.2,73854.6265887017
"ZA",99.3,79118.4448434736
"ZA",99.4,85851.8931528783
"ZA",99.5,95450.5922061734
"ZA",99.6,108973.756377373
"ZA",99.7,130243.238574432
"ZA",99.8,173025.38124332
"ZA",99.9,217192.816747399
"ZA",99.91,229051.348494389
"ZA",99.92,240104.122005189
"ZA",99.93,260735.82492933
"ZA",99.94,287782.070073105
"ZA",99.95,316078.890048697
"ZA",99.96,359339.706231262
"ZA",99.97,428444.244932628
"ZA",99.98,558305.614314391
"ZA",99.99,689062.491137476
"ZA",99.991,731900.539312726
"ZA",99.992,778573.355340268
"ZA",99.993,833734.693724371
"ZA",99.994,905754.514358147
"ZA",99.995,999790.754081401
"ZA",99.996,1130698.08848799
"ZA",99.997,1330785.55573681
"ZA",99.998,1727780.96478256
"ZA",99.999,3932950.22923916
