"country","gpercentile","imputed_income_2025"
"AE",0,551.410864991147
"AE",1,551.410864991147
"AE",2,551.410864991147
"AE",3,551.410864991147
"AE",4,551.410864991147
"AE",5,824.99536062181
"AE",6,1398.02271256975
"AE",7,1992.99391353324
"AE",8,2603.14653706069
"AE",9,3223.34547587659
"AE",10,3776.35581706001
"AE",11,4411.1257098807
"AE",12,5050.51910101652
"AE",13,5694.34770396618
"AE",14,6341.99528008835
"AE",15,6992.32553566291
"AE",16,7645.62927030379
"AE",17,8301.63064205355
"AE",18,8959.36815746655
"AE",19,9619.36660177535
"AE",20,9782.53581164777
"AE",21,10082.648399899
"AE",22,10356.1721294972
"AE",23,10607.4605629987
"AE",24,10835.5217181339
"AE",25,11079.1087984081
"AE",26,11309.9550246483
"AE",27,11552.3430707189
"AE",28,11793.0899033193
"AE",29,12024.9761561191
"AE",30,12243.6915045389
"AE",31,12491.8277188699
"AE",32,12824.9787245412
"AE",33,13191.5739301552
"AE",34,13597.7697588145
"AE",35,14108.6645330681
"AE",36,14631.2816987681
"AE",37,15179.6559249991
"AE",38,15748.8041455308
"AE",39,16596.1344268826
"AE",40,17485.0384623768
"AE",41,18444.6183388941
"AE",42,19449.3132573496
"AE",43,20482.401763071
"AE",44,21507.5988178611
"AE",45,22211.7255050119
"AE",46,22819.4740723734
"AE",47,23430.3824861674
"AE",48,24046.4338578364
"AE",49,24598.8976701631
"AE",50,24942.2910438118
"AE",51,25314.4261036363
"AE",52,25670.9032591539
"AE",53,26035.984129938
"AE",54,26445.0911373962
"AE",55,26904.9020268698
"AE",56,27377.4905837441
"AE",57,27898.5441468969
"AE",58,28495.4051657397
"AE",59,29105.5091789098
"AE",60,29687.5672679904
"AE",61,30277.6787736794
"AE",62,30867.0592329685
"AE",63,31452.354435044
"AE",64,32060.3650489886
"AE",65,32684.4041873906
"AE",66,33315.5230027841
"AE",67,33970.8392228597
"AE",68,34757.8709965506
"AE",69,35574.4607951077
"AE",70,36421.040737699
"AE",71,37325.3321130974
"AE",72,38240.2284217818
"AE",73,39035.3398711599
"AE",74,39858.8044500516
"AE",75,40743.5135200406
"AE",76,41607.5668469182
"AE",77,42474.7126722924
"AE",78,43396.0816522764
"AE",79,44341.9113686256
"AE",80,45817.2976334044
"AE",81,47605.1605522433
"AE",82,49950.5583362415
"AE",83,52833.5197126662
"AE",84,56201.6460518752
"AE",85,60216.3792448998
"AE",86,65494.9671827988
"AE",87,71789.6808311255
"AE",88,79094.0602116708
"AE",89,87705.9486745155
"AE",90,96988.6986914608
"AE",91,106854.485872341
"AE",92,118509.184491805
"AE",93,131533.095602707
"AE",94,145146.881772247
"AE",95,160460.640844153
"AE",96,180015.077277964
"AE",97,208808.194385443
"AE",98,260488.396463328
"AE",99,410373.30611682
"AE",99.1,427971.281039457
"AE",99.2,448453.308006906
"AE",99.3,474164.344720804
"AE",99.4,504101.699200788
"AE",99.5,545180.415581991
"AE",99.6,593360.067353694
"AE",99.7,673225.697596738
"AE",99.8,837050.728011871
"AE",99.9,1019664.25731188
"AE",99.91,1074557.51680568
"AE",99.92,1137671.47442768
"AE",99.93,1211822.07294321
"AE",99.94,1304694.92717707
"AE",99.95,1426728.16176441
"AE",99.96,1583801.33846555
"AE",99.97,1858363.94480164
"AE",99.98,2446036.84343138
"AE",99.99,3046331.91765998
"AE",99.991,3240047.64418492
"AE",99.992,3448848.60849925
"AE",99.993,3722576.13902278
"AE",99.994,4060038.55925371
"AE",99.995,4546426.18864712
"AE",99.996,5264624.12854238
"AE",99.997,6346807.35565515
"AE",99.998,8145590.92780356
"AE",99.999,18077519.6765346
"AR",0,3382.45472219219
"AR",1,3382.45472219219
"AR",2,3382.45472219219
"AR",3,3382.45472219219
"AR",4,3382.45472219219
"AR",5,3382.45472219219
"AR",6,3382.45472219219
"AR",7,3382.45472219219
"AR",8,3382.45472219219
"AR",9,3382.45472219219
"AR",10,3382.45472219219
"AR",11,3901.36932682818
"AR",12,4509.14331818847
"AR",13,4921.08541016164
"AR",14,5246.28014873173
"AR",15,5590.53856356049
"AR",16,5823.96398970441
"AR",17,6184.7594506947
"AR",18,6350.13906552999
"AR",19,6602.83188444951
"AR",20,5067.62745474168
"AR",21,5186.29860690486
"AR",22,5266.07195157073
"AR",23,5572.98580163975
"AR",24,5797.52487141396
"AR",25,5974.07471739693
"AR",26,6091.19722980016
"AR",27,6242.74810905658
"AR",28,6487.60312293413
"AR",29,6550.27874236774
"AR",30,6731.66900280245
"AR",31,6883.46155780824
"AR",32,7042.64262566525
"AR",33,7222.96451452685
"AR",34,7349.81974176985
"AR",35,7522.52163555068
"AR",36,7719.05209883858
"AR",37,7712.33503325526
"AR",38,7874.84710221713
"AR",39,7960.7708573483
"AR",40,7419.13773327925
"AR",41,7554.72953585671
"AR",42,7793.85773008406
"AR",43,8021.96185283364
"AR",44,8132.18309926277
"AR",45,8368.971371466
"AR",46,8524.41237929066
"AR",47,8689.20252224046
"AR",48,8791.28033479577
"AR",49,8879.59392877168
"AR",50,8950.24228660577
"AR",51,9131.01973419826
"AR",52,9415.83722225629
"AR",53,9663.34091978615
"AR",54,9917.77775284904
"AR",55,10256.8087299987
"AR",56,10600.1402032149
"AR",57,10756.6317550385
"AR",58,10824.4347644333
"AR",59,11191.0545760638
"AR",60,11135.3893054197
"AR",61,11410.5898525495
"AR",62,11549.0898820727
"AR",63,11805.3707856554
"AR",64,12168.6498488466
"AR",65,12320.3590653452
"AR",66,12639.3852506211
"AR",67,13039.0813316465
"AR",68,13300.7247398324
"AR",69,13609.7272465515
"AR",70,14037.9365259637
"AR",71,14330.1386369023
"AR",72,14501.1916790251
"AR",73,14935.9516303791
"AR",74,15406.1327086085
"AR",75,15882.3912210856
"AR",76,16346.2506165113
"AR",77,16781.0467522821
"AR",78,17363.4174673846
"AR",79,17925.5480537494
"AR",80,18247.7029407201
"AR",81,18568.0073502655
"AR",82,19340.8584694737
"AR",83,20322.2887553918
"AR",84,21430.2532834267
"AR",85,22456.8144920409
"AR",86,23466.1996317477
"AR",87,24818.9577164838
"AR",88,26505.8342013727
"AR",89,28255.4157362242
"AR",90,30029.2771551852
"AR",91,32284.930512119
"AR",92,35578.463049974
"AR",93,38939.8967685237
"AR",94,44693.7590092337
"AR",95,51894.3921492126
"AR",96,61113.3030937262
"AR",97,75630.1676864753
"AR",98,107256.610914204
"AR",99,139451.071965019
"AR",99.1,149650.592843604
"AR",99.2,159672.846658812
"AR",99.3,173844.805601179
"AR",99.4,185741.483412301
"AR",99.5,196595.092604947
"AR",99.6,204337.270954469
"AR",99.7,235002.007195339
"AR",99.8,286785.300910769
"AR",99.9,292689.555690229
"AR",99.91,295000.209362005
"AR",99.92,308961.253136622
"AR",99.93,322398.255939601
"AR",99.94,328645.817888688
"AR",99.95,326456.254188707
"AR",99.96,333672.882775086
"AR",99.97,345897.640551403
"AR",99.98,403952.597241614
"AR",99.99,459669.772148072
"AR",99.991,464446.790864282
"AR",99.992,465623.825233798
"AR",99.993,467153.564917894
"AR",99.994,469495.322601217
"AR",99.995,602587.44996097
"AR",99.996,651302.715293517
"AR",99.997,699405.749168742
"AR",99.998,809074.524866801
"AR",99.999,815704.422169695
"AU",0,6791.36991231641
"AU",1,6791.36991231641
"AU",2,6791.36991231641
"AU",3,6791.36991231641
"AU",4,6791.36991231641
"AU",5,7064.21613751511
"AU",6,7638.98319514635
"AU",7,8237.62316511693
"AU",8,8849.4750357684
"AU",9,9469.18638204548
"AU",10,9165.57678834706
"AU",11,9792.26161219741
"AU",12,10419.9855783514
"AU",13,11047.7289351056
"AU",14,11675.4361066612
"AU",15,12302.7717096534
"AU",16,12952.5477834233
"AU",17,13546.2009010124
"AU",18,14108.9848350817
"AU",19,14762.6008141276
"AU",20,12839.3947583076
"AU",21,13202.3302979725
"AU",22,13636.2544760019
"AU",23,14108.6076818532
"AU",24,14412.979471761
"AU",25,14865.67273265
"AU",26,15294.3657038872
"AU",27,15756.3921048225
"AU",28,16155.8164923949
"AU",29,16629.1955518214
"AU",30,16974.3048404803
"AU",31,17424.3255223426
"AU",32,18046.873606814
"AU",33,18693.1585400818
"AU",34,19190.2619538564
"AU",35,19781.712267648
"AU",36,20301.1741012448
"AU",37,20777.0783931527
"AU",38,21493.3798653156
"AU",39,21905.9559035083
"AU",40,22072.8092345604
"AU",41,22473.2755282241
"AU",42,23101.0102022473
"AU",43,23824.8836227438
"AU",44,24292.4376824303
"AU",45,25047.3174484881
"AU",46,25794.2078674484
"AU",47,26581.8667433198
"AU",48,27358.7419917627
"AU",49,28054.9940480845
"AU",50,28591.2728950283
"AU",51,29491.0618530061
"AU",52,30347.7145221914
"AU",53,31136.8682558156
"AU",54,31831.6619668159
"AU",55,32620.8226911584
"AU",56,33439.1395601469
"AU",57,33949.4604522636
"AU",58,34395.7135922326
"AU",59,34988.7931703838
"AU",60,34986.2809289373
"AU",61,35477.9848903607
"AU",62,35719.8680521774
"AU",63,36153.1602592993
"AU",64,36678.5770199033
"AU",65,37009.6764594662
"AU",66,37622.2545454462
"AU",67,38276.8678317791
"AU",68,38830.6534725831
"AU",69,39672.5712280907
"AU",70,40593.2043893702
"AU",71,41612.3067566524
"AU",72,42825.8728337472
"AU",73,44042.0720649396
"AU",74,45486.8343703705
"AU",75,46840.0225438479
"AU",76,48366.3530328397
"AU",77,49965.7040238569
"AU",78,51525.7480513986
"AU",79,53223.1769618547
"AU",80,55063.8352194645
"AU",81,56582.9096293384
"AU",82,58089.8546029021
"AU",83,59774.4183141369
"AU",84,61424.7362956946
"AU",85,62978.5283079287
"AU",86,64516.5119813802
"AU",87,66524.5567005191
"AU",88,68369.6488439305
"AU",89,70332.4339919878
"AU",90,72544.8974119947
"AU",91,74581.0918081782
"AU",92,77227.5766920654
"AU",93,80287.4656585576
"AU",94,84472.3553271473
"AU",95,90040.5547394235
"AU",96,98427.0530937318
"AU",97,113388.908778617
"AU",98,148957.039510748
"AU",99,188403.485158424
"AU",99.1,200486.860702904
"AU",99.2,216337.618330765
"AU",99.3,234717.051824353
"AU",99.4,255942.122350272
"AU",99.5,285924.635714841
"AU",99.6,320457.9800121
"AU",99.7,378157.839412703
"AU",99.8,485470.145982921
"AU",99.9,587267.913143106
"AU",99.91,615603.214335277
"AU",99.92,623480.000282466
"AU",99.93,673907.027507923
"AU",99.94,738041.290542747
"AU",99.95,788482.42478777
"AU",99.96,888132.947023223
"AU",99.97,1062054.06403719
"AU",99.98,1411098.95712563
"AU",99.99,1764325.06844796
"AU",99.991,1885553.20926535
"AU",99.992,2010148.88692418
"AU",99.993,2164621.34059859
"AU",99.994,2379177.67989718
"AU",99.995,2671037.62151097
"AU",99.996,3135087.30098408
"AU",99.997,3869510.63074152
"AU",99.998,5685430.72941395
"AU",99.999,37924112.0874433
"BD",0,155.710069358836
"BD",1,155.710069358836
"BD",2,155.710069358836
"BD",3,155.710069358836
"BD",4,155.710069358836
"BD",5,233.802419759146
"BD",6,392.01538625532
"BD",7,552.130916873801
"BD",8,713.349866893012
"BD",9,875.334573378527
"BD",10,1037.85705171252
"BD",11,1200.81067257554
"BD",12,1364.01128472185
"BD",13,1527.42836218709
"BD",14,1691.04863371327
"BD",15,1854.75259249457
"BD",16,2017.30410330425
"BD",17,2185.00359389885
"BD",18,2350.53884324936
"BD",19,2513.5691197274
"BD",20,2490.12777667087
"BD",21,2546.88870707377
"BD",22,2609.89411291499
"BD",23,2666.84720530615
"BD",24,2722.05147963112
"BD",25,2778.29340929245
"BD",26,2834.00852664387
"BD",27,2887.78923671618
"BD",28,2949.89751724821
"BD",29,3000.64083892516
"BD",30,3070.42353712157
"BD",31,3116.12788876389
"BD",32,3190.96581338866
"BD",33,3251.04008152561
"BD",34,3315.24322904737
"BD",35,3383.65041668055
"BD",36,3442.84140754114
"BD",37,3496.55451420699
"BD",38,3568.3634283136
"BD",39,3630.62156459822
"BD",40,3683.40867575556
"BD",41,3739.88609093769
"BD",42,3804.96198980176
"BD",43,3867.06470331109
"BD",44,3943.62646608985
"BD",45,4017.51307811229
"BD",46,4108.0214055704
"BD",47,4173.06169687085
"BD",48,4253.51418511025
"BD",49,4327.81148117765
"BD",50,4416.00729372667
"BD",51,4504.58682671406
"BD",52,4590.00620795662
"BD",53,4675.8423036675
"BD",54,4771.93682316171
"BD",55,4868.423663264
"BD",56,4974.18926155231
"BD",57,5070.63505947437
"BD",58,5171.13302611907
"BD",59,5287.26242264386
"BD",60,5377.56450898871
"BD",61,5503.83833980483
"BD",62,5634.08380767815
"BD",63,5761.08039050867
"BD",64,5898.13339187498
"BD",65,6030.28626079267
"BD",66,6168.10208105782
"BD",67,6325.94477892219
"BD",68,6461.70028268981
"BD",69,6615.67141914982
"BD",70,6778.55470488623
"BD",71,6940.6250684586
"BD",72,7108.40258859639
"BD",73,7269.88923917653
"BD",74,7469.44992876771
"BD",75,7675.53913020074
"BD",76,7867.73051078747
"BD",77,8088.71790811464
"BD",78,8311.95860608061
"BD",79,8578.09630769248
"BD",80,8835.03939267049
"BD",81,9116.62471141405
"BD",82,9405.51449532106
"BD",83,9726.95629927977
"BD",84,10090.3275013325
"BD",85,10490.0414654367
"BD",86,10915.0760358985
"BD",87,11412.6282979966
"BD",88,11964.1585222641
"BD",89,12590.3088683512
"BD",90,13048.5432901075
"BD",91,14040.9417703885
"BD",92,15182.1811194936
"BD",93,16698.6595538038
"BD",94,18680.956283859
"BD",95,20925.1798771291
"BD",96,24121.0094955407
"BD",97,29336.5860065298
"BD",98,39186.5250696299
"BD",99,49161.5056292353
"BD",99.1,53006.8109660712
"BD",99.2,57779.5241027497
"BD",99.3,63307.6833658366
"BD",99.4,70698.3760184546
"BD",99.5,80996.328603249
"BD",99.6,95169.0568905024
"BD",99.7,118698.455497568
"BD",99.8,170882.400293142
"BD",99.9,234158.823496147
"BD",99.91,247423.61749449
"BD",99.92,261834.130328158
"BD",99.93,283888.349730994
"BD",99.94,312947.850399643
"BD",99.95,345455.646841521
"BD",99.96,395181.490183142
"BD",99.97,474194.815816273
"BD",99.98,626316.479404835
"BD",99.99,792619.935737275
"BD",99.991,845568.896827006
"BD",99.992,901821.891783171
"BD",99.993,968715.515874198
"BD",99.994,1057991.13264358
"BD",99.995,1174755.30011334
"BD",99.996,1340259.57149058
"BD",99.997,1587645.86771884
"BD",99.998,2073087.84236029
"BD",99.999,5105765.29786598
"BR",0,2420.02163162313
"BR",1,2420.02163162313
"BR",2,2420.02163162313
"BR",3,2420.02163162313
"BR",4,2420.02163162313
"BR",5,2420.02163162313
"BR",6,2420.02163162313
"BR",7,2420.02163162313
"BR",8,2420.02163162313
"BR",9,2420.02163162313
"BR",10,2420.02163162313
"BR",11,2420.02163162313
"BR",12,2420.02163162313
"BR",13,2420.02163162313
"BR",14,2590.33141713921
"BR",15,2818.59038123228
"BR",16,3003.9062200441
"BR",17,3187.582646413
"BR",18,3347.71934346454
"BR",19,3486.03881595713
"BR",20,2405.10695418635
"BR",21,2589.25110510508
"BR",22,2774.23585557695
"BR",23,2895.12914997961
"BR",24,2915.65552645563
"BR",25,2929.041421885
"BR",26,3063.16609482969
"BR",27,3109.49997289158
"BR",28,3227.26152953096
"BR",29,3297.2481619309
"BR",30,3343.38280087524
"BR",31,3441.26181810657
"BR",32,3514.12601391235
"BR",33,3670.38977449475
"BR",34,3768.81654064505
"BR",35,3948.14801946651
"BR",36,3986.67072801681
"BR",37,4135.91030782231
"BR",38,4250.11013079043
"BR",39,4431.86008198166
"BR",40,4011.64981949754
"BR",41,4008.35958160283
"BR",42,3987.72420756311
"BR",43,4008.14707982281
"BR",44,4028.62311942071
"BR",45,4157.27777303049
"BR",46,4248.94618190562
"BR",47,4381.80783219429
"BR",48,4400.81248685346
"BR",49,4497.99041442957
"BR",50,4653.1359014009
"BR",51,4760.63127899809
"BR",52,4757.18781939531
"BR",53,4750.23029165673
"BR",54,4749.82841766553
"BR",55,4773.55948997939
"BR",56,4810.14717690729
"BR",57,4800.69693018199
"BR",58,4820.16354717742
"BR",59,4987.91853938511
"BR",60,4802.3145651547
"BR",61,4940.95674241236
"BR",62,5071.31983979382
"BR",63,5270.09886865819
"BR",64,5407.61399334392
"BR",65,5533.50006001941
"BR",66,5772.38034715274
"BR",67,5985.30032998937
"BR",68,5989.34198903135
"BR",69,6256.82783564093
"BR",70,6576.83866798792
"BR",71,6783.75340126332
"BR",72,7101.00076419362
"BR",73,7432.97323907728
"BR",74,7538.00677516774
"BR",75,7908.91563381295
"BR",76,8264.54811363173
"BR",77,8671.81758306497
"BR",78,9073.56492001753
"BR",79,9199.92829582814
"BR",80,9515.60428549377
"BR",81,10200.2306459032
"BR",82,10784.1658769271
"BR",83,11474.8121049218
"BR",84,12218.4865142052
"BR",85,13176.6954854118
"BR",86,14307.8153659803
"BR",87,15392.1499173756
"BR",88,16948.8406346815
"BR",89,18593.8206744484
"BR",90,20489.3806777578
"BR",91,22918.3131842627
"BR",92,25772.7062772221
"BR",93,29248.7832979658
"BR",94,34071.7804086152
"BR",95,41207.415480673
"BR",96,50710.6453983692
"BR",97,65264.6335475267
"BR",98,98051.6196042527
"BR",99,132608.568922852
"BR",99.1,141287.942379612
"BR",99.2,150369.201651273
"BR",99.3,168695.013529208
"BR",99.4,187581.467167334
"BR",99.5,212755.495595853
"BR",99.6,239945.307343402
"BR",99.7,273558.580626524
"BR",99.8,373670.269198712
"BR",99.9,457158.716271698
"BR",99.91,469417.019811988
"BR",99.92,514118.25237073
"BR",99.93,568020.735539376
"BR",99.94,629825.082036404
"BR",99.95,677157.098396424
"BR",99.96,717942.473996825
"BR",99.97,750027.122285044
"BR",99.98,792652.52453864
"BR",99.99,818746.694156141
"BR",99.991,825896.288582487
"BR",99.992,828417.711940317
"BR",99.993,828111.92284338
"BR",99.994,888710.506605262
"BR",99.995,1015544.19721491
"BR",99.996,1165337.44351167
"BR",99.997,1154230.87289189
"BR",99.998,1171479.13453456
"BR",99.999,1250599.7100091
"CA",0,7577.92860359257
"CA",1,7577.92860359257
"CA",2,7577.92860359257
"CA",3,7577.92860359257
"CA",4,7577.92860359257
"CA",5,7761.30380409696
"CA",6,8185.70459801135
"CA",7,8650.93510579614
"CA",8,9139.99385545179
"CA",9,9645.80600280982
"CA",10,9128.9407602282
"CA",11,9656.88431542246
"CA",12,10193.4507527274
"CA",13,10736.9315304268
"CA",14,11286.6993992691
"CA",15,11842.2880938145
"CA",16,12418.2872132674
"CA",17,12964.4029378652
"CA",18,13489.5985997084
"CA",19,14081.918726871
"CA",20,11858.9432111833
"CA",21,12431.5964021191
"CA",22,12925.8981084109
"CA",23,13717.6423499889
"CA",24,13978.5854545965
"CA",25,14367.342041001
"CA",26,14834.6930202554
"CA",27,15261.923968074
"CA",28,15804.6958940018
"CA",29,16231.2281771533
"CA",30,16426.7089822608
"CA",31,16825.9129430633
"CA",32,17389.448763392
"CA",33,17875.5795443918
"CA",34,18242.7697269244
"CA",35,18612.7619486291
"CA",36,18986.2102032239
"CA",37,19144.9897103334
"CA",38,19872.5685370263
"CA",39,20366.0262345839
"CA",40,20030.9977464968
"CA",41,20303.373821097
"CA",42,20756.1430005893
"CA",43,21232.2505427247
"CA",44,21693.0312185102
"CA",45,22025.400878102
"CA",46,22478.2642561045
"CA",47,22684.6077564045
"CA",48,23272.740294858
"CA",49,23646.3723942262
"CA",50,23849.3231311408
"CA",51,24181.5205866535
"CA",52,24592.7717026123
"CA",53,25019.7148493858
"CA",54,25400.6167986112
"CA",55,25884.3665950677
"CA",56,26520.5483149083
"CA",57,26922.0337020243
"CA",58,27288.9448319549
"CA",59,27819.0715926568
"CA",60,28003.5878518926
"CA",61,28531.2845909976
"CA",62,29017.9205784767
"CA",63,29574.9457932852
"CA",64,30185.4371333731
"CA",65,30689.9575209456
"CA",66,31485.4096426102
"CA",67,32019.8216027646
"CA",68,32506.696764158
"CA",69,33313.471176286
"CA",70,33889.703450952
"CA",71,34465.6169996841
"CA",72,35262.9378484499
"CA",73,35943.7730520435
"CA",74,36712.8578289221
"CA",75,37383.1468960971
"CA",76,38225.3017628014
"CA",77,39217.7738121876
"CA",78,40156.4849856797
"CA",79,41156.7981297343
"CA",80,42540.5067066226
"CA",81,43599.7082533627
"CA",82,44628.1659907431
"CA",83,45653.0380835438
"CA",84,47177.8351048538
"CA",85,48375.6177950442
"CA",86,49647.3163206004
"CA",87,51582.6360299123
"CA",88,53549.7005755068
"CA",89,55555.0720487173
"CA",90,58084.3854433732
"CA",91,60686.1209804999
"CA",92,64018.9678322325
"CA",93,68394.1302982623
"CA",94,74064.9246674847
"CA",95,81656.2730689869
"CA",96,93440.6865255715
"CA",97,112941.344654082
"CA",98,152735.181815599
"CA",99,194214.992617577
"CA",99.1,207497.539990141
"CA",99.2,225128.462736768
"CA",99.3,245601.992348665
"CA",99.4,272043.393277468
"CA",99.5,307765.438718082
"CA",99.6,353748.042937955
"CA",99.7,436872.197814977
"CA",99.8,614100.599823426
"CA",99.9,804373.497863809
"CA",99.91,862755.598342613
"CA",99.92,904116.580037728
"CA",99.93,1004924.08904934
"CA",99.94,1135203.12309228
"CA",99.95,1259592.39011806
"CA",99.96,1471791.55019131
"CA",99.97,1809615.16508313
"CA",99.98,2447737.88139343
"CA",99.99,3099720.31491892
"CA",99.991,3328982.59239224
"CA",99.992,3559466.40513596
"CA",99.993,3834982.73188703
"CA",99.994,4194810.74731328
"CA",99.995,4676350.97117009
"CA",99.996,5337434.00283602
"CA",99.997,6356598.06110617
"CA",99.998,8426002.7130667
"CA",99.999,20433298.9806292
"CD",0,20.0291035409454
"CD",1,20.0291035409454
"CD",2,20.0291035409454
"CD",3,20.0291035409454
"CD",4,20.0291035409454
"CD",5,28.3359980707137
"CD",6,45.0645550802089
"CD",7,61.8863415380499
"CD",8,78.7552009344099
"CD",9,95.6709561385177
"CD",10,112.592755950753
"CD",11,129.533345856681
"CD",12,146.480224733408
"CD",13,163.429628868712
"CD",14,180.371927820907
"CD",15,197.326387554101
"CD",16,213.611873050827
"CD",17,230.528560642451
"CD",18,246.633719508402
"CD",19,263.567635015479
"CD",20,257.463958740356
"CD",21,266.101109852
"CD",22,273.854926656329
"CD",23,283.518132432924
"CD",24,292.596201533624
"CD",25,303.184951770383
"CD",26,312.324867668744
"CD",27,320.340756501982
"CD",28,329.693843770273
"CD",29,337.665452394009
"CD",30,347.258707519384
"CD",31,354.997991020311
"CD",32,364.44883545279
"CD",33,373.987658495761
"CD",34,381.895289799864
"CD",35,391.924088589605
"CD",36,402.491979891604
"CD",37,411.129650337225
"CD",38,424.202803203306
"CD",39,432.911395768521
"CD",40,442.404706773884
"CD",41,450.533703349468
"CD",42,459.882932543449
"CD",43,470.653070762605
"CD",44,479.054767250564
"CD",45,487.197121274409
"CD",46,499.464479258292
"CD",47,509.169378718924
"CD",48,520.953082490047
"CD",49,531.117932828003
"CD",50,544.151665924008
"CD",51,559.2683825728
"CD",52,569.365376223338
"CD",53,581.542919000688
"CD",54,596.204408443098
"CD",55,610.467450698517
"CD",56,627.29094629058
"CD",57,640.014445814871
"CD",58,653.308777905163
"CD",59,667.592160243214
"CD",60,685.21051046669
"CD",61,700.610751247276
"CD",62,719.017579693723
"CD",63,736.132509221023
"CD",64,755.665129980914
"CD",65,773.658590148048
"CD",66,795.10459945027
"CD",67,815.03208582275
"CD",68,832.465402011712
"CD",69,857.725054286002
"CD",70,889.904089052058
"CD",71,913.526212825325
"CD",72,941.162348951477
"CD",73,968.878313463832
"CD",74,995.437687756597
"CD",75,1025.46690289215
"CD",76,1056.4785402073
"CD",77,1088.76588020407
"CD",78,1118.28389085275
"CD",79,1154.1290914419
"CD",80,1199.70936116255
"CD",81,1246.58974212157
"CD",82,1300.067041067
"CD",83,1364.42853042103
"CD",84,1430.30492095253
"CD",85,1506.97500293168
"CD",86,1588.35578507738
"CD",87,1672.84116475341
"CD",88,1770.50541177626
"CD",89,1925.36688352975
"CD",90,2095.91784121742
"CD",91,2271.84124746348
"CD",92,2498.271227444
"CD",93,2829.83468387624
"CD",94,3312.62600147273
"CD",95,3918.6462281962
"CD",96,4762.11089208782
"CD",97,6209.01272420166
"CD",98,9018.7973730387
"CD",99,11043.1509013689
"CD",99.1,11668.2681125806
"CD",99.2,12414.535908716
"CD",99.3,13322.3822320673
"CD",99.4,14429.7676541554
"CD",99.5,15933.1414146052
"CD",99.6,17951.6871565228
"CD",99.7,21139.3087085826
"CD",99.8,27340.8758510913
"CD",99.9,33739.3135524357
"CD",99.91,35665.9024850882
"CD",99.92,37736.8497131664
"CD",99.93,40610.6641068531
"CD",99.94,44354.8143809451
"CD",99.95,48657.9413934222
"CD",99.96,55129.169527062
"CD",99.97,65516.4039901493
"CD",99.98,85260.3702853803
"CD",99.99,105429.799965868
"CD",99.991,111917.095339792
"CD",99.992,119089.889982606
"CD",99.993,127605.371004387
"CD",99.994,138521.559974831
"CD",99.995,152870.149238881
"CD",99.996,173201.445903929
"CD",99.997,203681.41589126
"CD",99.998,265514.307873898
"CD",99.999,622783.256787246
"CI",0,9.99781013008015
"CI",1,9.99781013008015
"CI",2,9.99781013008015
"CI",3,9.99781013008015
"CI",4,9.99781013008015
"CI",5,44.700886326716
"CI",6,115.623325811467
"CI",7,187.803164863544
"CI",8,260.810244405803
"CI",9,334.349746898027
"CI",10,408.232196707764
"CI",11,482.409148655839
"CI",12,556.78199658614
"CI",13,631.269474676526
"CI",14,705.919351159804
"CI",15,780.561556870176
"CI",16,855.631234436879
"CI",17,927.832312483985
"CI",18,1003.38484949456
"CI",19,1075.46117845585
"CI",20,1110.71660107335
"CI",21,1126.3687835867
"CI",22,1152.10631757836
"CI",23,1185.48865120775
"CI",24,1223.00795191803
"CI",25,1257.82131073617
"CI",26,1296.19256538012
"CI",27,1334.63766038113
"CI",28,1370.59833795167
"CI",29,1400.69592881129
"CI",30,1434.49760797703
"CI",31,1468.85688363017
"CI",32,1507.31703132117
"CI",33,1537.12022338515
"CI",34,1570.21037689389
"CI",35,1610.93933303113
"CI",36,1647.46264009179
"CI",37,1672.45123679937
"CI",38,1711.26878373305
"CI",39,1751.0083980037
"CI",40,1796.07833685094
"CI",41,1830.46119698988
"CI",42,1869.29539761995
"CI",43,1908.97025428339
"CI",44,1949.20542216575
"CI",45,1983.56561516431
"CI",46,2019.35447745855
"CI",47,2047.95178659065
"CI",48,2089.18279471515
"CI",49,2138.3232601529
"CI",50,2195.68503975616
"CI",51,2256.98175515154
"CI",52,2319.09806544566
"CI",53,2387.31719129897
"CI",54,2450.06749386014
"CI",55,2507.76182015095
"CI",56,2561.2958320976
"CI",57,2613.59833734018
"CI",58,2683.15069617684
"CI",59,2770.28569459168
"CI",60,2842.72966351634
"CI",61,2903.07410725955
"CI",62,2997.52129194674
"CI",63,3124.57891145219
"CI",64,3218.415309322
"CI",65,3254.42330438421
"CI",66,3305.37920162542
"CI",67,3389.76277013849
"CI",68,3477.07198138203
"CI",69,3539.00332906578
"CI",70,3609.25737532529
"CI",71,3701.79286840641
"CI",72,3801.00467023747
"CI",73,3888.39438335419
"CI",74,3986.5830019016
"CI",75,4102.70645765718
"CI",76,4223.87859887071
"CI",77,4339.2474781615
"CI",78,4456.05214508578
"CI",79,4596.17590575149
"CI",80,4794.07243529623
"CI",81,5023.31432201577
"CI",82,5275.68937598958
"CI",83,5544.83957942058
"CI",84,5852.74491643808
"CI",85,6228.40749808522
"CI",86,6641.04502889659
"CI",87,7088.69840232652
"CI",88,7588.79478712752
"CI",89,8080.8765793763
"CI",90,8754.15093657796
"CI",91,9547.18662673531
"CI",92,10397.655323611
"CI",93,11680.9648837284
"CI",94,12997.569096021
"CI",95,15509.3573274863
"CI",96,18777.5199779712
"CI",97,23939.4288659024
"CI",98,39611.1397938276
"CI",99,49432.468543926
"CI",99.1,52863.7034524957
"CI",99.2,56894.9738630668
"CI",99.3,61656.1235034987
"CI",99.4,67445.1470684605
"CI",99.5,74942.2143640099
"CI",99.6,84791.4193872382
"CI",99.7,99908.2875533729
"CI",99.8,127800.622394756
"CI",99.9,154558.750126698
"CI",99.91,161392.809441526
"CI",99.92,168569.690042889
"CI",99.93,179858.543780178
"CI",99.94,195259.315794874
"CI",99.95,210378.028017566
"CI",99.96,234670.661775337
"CI",99.97,271136.679585172
"CI",99.98,335049.008467726
"CI",99.99,397296.858626232
"CI",99.991,417749.837711947
"CI",99.992,437311.486449773
"CI",99.993,460777.806040629
"CI",99.994,491619.73730889
"CI",99.995,529612.583317979
"CI",99.996,581253.281281877
"CI",99.997,652641.830806948
"CI",99.998,796804.618725351
"CI",99.999,1435657.18964379
"CL",0,3201.08880386585
"CL",1,3201.08880386585
"CL",2,3201.08880386585
"CL",3,3201.08880386585
"CL",4,3201.08880386585
"CL",5,3201.08880386585
"CL",6,3201.08880386585
"CL",7,3201.08880386585
"CL",8,3201.08880386585
"CL",9,3201.08880386585
"CL",10,3201.08880386585
"CL",11,3201.08880386585
"CL",12,3201.08880386585
"CL",13,3201.08880386585
"CL",14,3201.08880386585
"CL",15,3201.08880386585
"CL",16,3344.53961992915
"CL",17,3887.2491712072
"CL",18,4302.87275607961
"CL",19,4663.18767250035
"CL",20,3606.06160754486
"CL",21,3799.15621662
"CL",22,4044.65498590168
"CL",23,4322.50633389789
"CL",24,4621.67774009075
"CL",25,4781.28329986198
"CL",26,4948.73503166997
"CL",27,5212.7136378285
"CL",28,5463.47883292517
"CL",29,5606.87751232914
"CL",30,5731.58085754115
"CL",31,5768.01820084476
"CL",32,5907.93448604791
"CL",33,6176.76106015784
"CL",34,6327.63652861833
"CL",35,6530.86645714197
"CL",36,6736.14938333962
"CL",37,6883.98463476489
"CL",38,7202.80584136174
"CL",39,7396.22491851626
"CL",40,7228.58889739028
"CL",41,7318.71815339631
"CL",42,7408.96784452759
"CL",43,7637.590488494
"CL",44,7861.21770072755
"CL",45,8106.25626204159
"CL",46,8386.84738634064
"CL",47,8566.65351524863
"CL",48,8870.71822503038
"CL",49,9087.7049214617
"CL",50,9326.4549225963
"CL",51,9431.06652833746
"CL",52,9416.93152953128
"CL",53,9619.64744257898
"CL",54,9779.42201244598
"CL",55,10044.9299268347
"CL",56,10424.5925950106
"CL",57,10561.8296052893
"CL",58,10741.5954657198
"CL",59,11016.4596568489
"CL",60,10908.0193875848
"CL",61,11203.8055347439
"CL",62,11336.6772510079
"CL",63,11638.0905532363
"CL",64,12001.209914217
"CL",65,12301.4621563786
"CL",66,12623.0647847464
"CL",67,13001.3330823906
"CL",68,13439.1716013217
"CL",69,13727.6694729691
"CL",70,14189.0786829981
"CL",71,14624.692222458
"CL",72,15101.2277120881
"CL",73,15709.6681737362
"CL",74,16195.9689203613
"CL",75,16849.6160189413
"CL",76,17399.2831786783
"CL",77,18162.1572372116
"CL",78,18822.3531992541
"CL",79,19555.6447564317
"CL",80,19995.3920895312
"CL",81,20789.1579651657
"CL",82,21789.447938037
"CL",83,23142.6955832615
"CL",84,24413.992880052
"CL",85,25963.8108026889
"CL",86,27982.2638074651
"CL",87,30384.6058939537
"CL",88,32988.1180288254
"CL",89,35880.324684922
"CL",90,39343.3599256259
"CL",91,43766.1971833998
"CL",92,49344.4582912455
"CL",93,55813.3566533888
"CL",94,64095.5259277501
"CL",95,76058.6035948095
"CL",96,92386.3390780744
"CL",97,118259.284218706
"CL",98,172042.694768693
"CL",99,226679.041653441
"CL",99.1,242643.542481277
"CL",99.2,265438.630853256
"CL",99.3,284579.98222418
"CL",99.4,304957.244464997
"CL",99.5,350551.675569156
"CL",99.6,405319.532455369
"CL",99.7,481392.229413045
"CL",99.8,698508.169798835
"CL",99.9,920867.058085102
"CL",99.91,985595.002491679
"CL",99.92,1052695.86041121
"CL",99.93,1153209.19315918
"CL",99.94,1256349.64324432
"CL",99.95,1285905.10303243
"CL",99.96,1414032.73838726
"CL",99.97,1625170.27272212
"CL",99.98,2076572.98400347
"CL",99.99,2490583.03624423
"CL",99.991,2517835.19526786
"CL",99.992,2523656.83134924
"CL",99.993,2784133.21503267
"CL",99.994,3158684.83821985
"CL",99.995,3591362.17621556
"CL",99.996,3713383.88106502
"CL",99.997,3764045.82584971
"CL",99.998,3900296.56113191
"CL",99.999,5520974.635762
"CN",0,392.412496138948
"CN",1,392.412496138948
"CN",2,392.412496138948
"CN",3,392.412496138948
"CN",4,392.412496138948
"CN",5,495.439043409217
"CN",6,706.983490810719
"CN",7,922.940398488265
"CN",8,1142.03538254486
"CN",9,1363.23867689966
"CN",10,1586.02584941816
"CN",11,1809.93523142184
"CN",12,2035.04934429728
"CN",13,2260.75963349651
"CN",14,2487.26365721699
"CN",15,2714.46490741397
"CN",16,2923.63774697537
"CN",17,3130.44603544154
"CN",18,3323.02814521628
"CN",19,3529.23187513006
"CN",20,3556.00783607844
"CN",21,3745.12179114382
"CN",22,3952.97484762161
"CN",23,4188.86699671014
"CN",24,4361.45759778536
"CN",25,4569.49607093713
"CN",26,4761.33439783507
"CN",27,4964.4175454019
"CN",28,5188.20710843319
"CN",29,5383.19410036744
"CN",30,5647.17362673715
"CN",31,5835.8247022853
"CN",32,6101.65276955241
"CN",33,6321.1363586647
"CN",34,6500.22555019197
"CN",35,6748.46346320972
"CN",36,6969.15751176476
"CN",37,7142.01090215829
"CN",38,7437.41014647375
"CN",39,7650.31000843139
"CN",40,7863.39281643972
"CN",41,8032.09831649777
"CN",42,8238.1886002116
"CN",43,8550.43150177016
"CN",44,8728.67783506323
"CN",45,8993.92106641013
"CN",46,9284.4225344388
"CN",47,9500.97613926961
"CN",48,9775.48285857851
"CN",49,9970.5788374487
"CN",50,10230.9660110545
"CN",51,10540.6033021797
"CN",52,10739.1306366942
"CN",53,11055.8604914902
"CN",54,11309.0429557509
"CN",55,11571.058364546
"CN",56,11934.2734234614
"CN",57,12160.273154447
"CN",58,12431.0013444865
"CN",59,12719.7736210345
"CN",60,12933.6312829924
"CN",61,13220.6782788161
"CN",62,13510.4262952542
"CN",63,13800.5293488143
"CN",64,14112.3618915882
"CN",65,14383.6201792329
"CN",66,14718.6172671696
"CN",67,15022.8750551559
"CN",68,15305.0124138858
"CN",69,15649.6047767937
"CN",70,15986.4250175197
"CN",71,16270.1484148457
"CN",72,16675.4520607151
"CN",73,17027.6589848848
"CN",74,17457.1568261174
"CN",75,17834.914717744
"CN",76,18215.7325627753
"CN",77,18700.9085708651
"CN",78,19180.8313121975
"CN",79,19720.5206057258
"CN",80,20162.8983507748
"CN",81,20688.7306707645
"CN",82,21292.0365623884
"CN",83,22021.0354285807
"CN",84,22808.8663737399
"CN",85,23691.78230837
"CN",86,24605.0727408192
"CN",87,25789.8560434883
"CN",88,27161.6605368767
"CN",89,28685.5727445671
"CN",90,30711.6937330837
"CN",91,33438.6776081225
"CN",92,36738.3658969463
"CN",93,40756.8744704065
"CN",94,45845.5886556971
"CN",95,52291.9614676333
"CN",96,60911.9648968645
"CN",97,73068.7547109571
"CN",98,93127.9500747746
"CN",99,109958.30038895
"CN",99.1,114391.408106965
"CN",99.2,120260.945792236
"CN",99.3,126557.123827135
"CN",99.4,134649.953849594
"CN",99.5,145110.19420691
"CN",99.6,159762.357554053
"CN",99.7,187915.356977764
"CN",99.8,259349.372211406
"CN",99.9,346498.676614198
"CN",99.91,376192.322573061
"CN",99.92,402761.287618966
"CN",99.93,462850.862297856
"CN",99.94,547807.065604537
"CN",99.95,640516.222772006
"CN",99.96,814141.759236804
"CN",99.97,1127370.1575699
"CN",99.98,1817391.92400945
"CN",99.99,2613544.77035176
"CN",99.991,2890399.25782485
"CN",99.992,3214765.25703686
"CN",99.993,3586174.40384606
"CN",99.994,4106971.17217832
"CN",99.995,4828713.35677713
"CN",99.996,5900825.01194381
"CN",99.997,7654935.43052734
"CN",99.998,11637958.8010401
"CN",99.999,56623651.8584619
"CO",0,873.596381380741
"CO",1,873.596381380741
"CO",2,873.596381380741
"CO",3,873.596381380741
"CO",4,873.596381380741
"CO",5,873.596381380741
"CO",6,873.596381380741
"CO",7,873.596381380741
"CO",8,873.596381380741
"CO",9,873.596381380741
"CO",10,873.596381380741
"CO",11,873.596381380741
"CO",12,873.596381380741
"CO",13,873.596381380741
"CO",14,873.596381380741
"CO",15,873.596381380741
"CO",16,873.596381380741
"CO",17,873.596381380741
"CO",18,948.07018494446
"CO",19,1236.24772523059
"CO",20,1047.9096499035
"CO",21,1265.66900343243
"CO",22,1407.52565708202
"CO",23,1590.52214124231
"CO",24,1775.24899689881
"CO",25,1874.29353147472
"CO",26,2024.18865248369
"CO",27,2212.08227748259
"CO",28,2272.81695530698
"CO",29,2438.60682050316
"CO",30,2593.04989947261
"CO",31,2691.94686881491
"CO",32,2806.07285541069
"CO",33,2974.94127356771
"CO",34,3075.09238127918
"CO",35,3148.8431969406
"CO",36,3157.45206608697
"CO",37,3270.31150885471
"CO",38,3341.59823660126
"CO",39,3416.88203871605
"CO",40,3426.74134823933
"CO",41,3454.24343699361
"CO",42,3585.12268841774
"CO",43,3738.06321843995
"CO",44,3884.87035788909
"CO",45,3900.69612545241
"CO",46,4035.12634241426
"CO",47,4223.68397745261
"CO",48,4345.14563269253
"CO",49,4464.83736169846
"CO",50,4674.19414042047
"CO",51,4750.38555875434
"CO",52,4866.81111802444
"CO",53,4996.89399647081
"CO",54,5213.09073933172
"CO",55,5395.22186725206
"CO",56,5530.15584804494
"CO",57,5623.39790150789
"CO",58,5665.80538127437
"CO",59,5840.4307347237
"CO",60,5806.16855916196
"CO",61,5912.02320319435
"CO",62,5964.18495254084
"CO",63,6107.5895745336
"CO",64,6344.02327080941
"CO",65,6482.9580231221
"CO",66,6697.77623896026
"CO",67,6958.08488485
"CO",68,7188.72645365448
"CO",69,7435.43348466622
"CO",70,7678.80504721562
"CO",71,8019.73059103693
"CO",72,8356.58559537955
"CO",73,8648.5280874194
"CO",74,9137.3796895011
"CO",75,9387.44535460726
"CO",76,9922.91021518373
"CO",77,10574.8943498707
"CO",78,11237.0643336369
"CO",79,11930.9525991496
"CO",80,12816.1518559753
"CO",81,13724.5544779537
"CO",82,14655.3358371083
"CO",83,16016.4936205264
"CO",84,17365.4816990016
"CO",85,18759.9964085446
"CO",86,20437.6873222428
"CO",87,22801.9012043278
"CO",88,25373.7952572021
"CO",89,27918.3530205596
"CO",90,30840.2057349481
"CO",91,34407.6182848978
"CO",92,38765.1181618112
"CO",93,44371.7030991282
"CO",94,50946.1319121791
"CO",95,59207.9394379875
"CO",96,70206.4275971814
"CO",97,87471.8673298607
"CO",98,111449.436270246
"CO",99,136466.895314653
"CO",99.1,145770.632353816
"CO",99.2,157541.926901047
"CO",99.3,168525.3579399
"CO",99.4,180841.849758501
"CO",99.5,200386.172369167
"CO",99.6,232274.912681166
"CO",99.7,254620.635440882
"CO",99.8,303248.464458506
"CO",99.9,339694.707423425
"CO",99.91,344470.897617112
"CO",99.92,351171.030322913
"CO",99.93,361379.58651151
"CO",99.94,373374.521488294
"CO",99.95,398421.542771768
"CO",99.96,423267.080186027
"CO",99.97,454643.445480546
"CO",99.98,500139.540166253
"CO",99.99,602642.684250337
"CO",99.991,626649.675261752
"CO",99.992,640679.436463015
"CO",99.993,637223.177492073
"CO",99.994,643059.380737824
"CO",99.995,658602.954802638
"CO",99.996,721017.836305658
"CO",99.997,712088.899226372
"CO",99.998,733893.780778061
"CO",99.999,880988.844003119
"DE",0,10249.6352735993
"DE",1,10249.6352735993
"DE",2,10249.6352735993
"DE",3,10249.6352735993
"DE",4,10249.6352735993
"DE",5,10577.0675124901
"DE",6,11272.2779045626
"DE",7,11999.5737517932
"DE",8,12745.5287684909
"DE",9,13502.9325384144
"DE",10,11309.1591353369
"DE",11,12077.9961802767
"DE",12,12849.2642630188
"DE",13,13621.2945429736
"DE",14,14393.2879450354
"DE",15,15165.2188036023
"DE",16,15847.1946714007
"DE",17,16512.7302512343
"DE",18,17204.91759881
"DE",19,17771.2676286923
"DE",20,14559.6075436447
"DE",21,14904.0477950918
"DE",22,15174.4138452813
"DE",23,15663.7049223961
"DE",24,15845.8812538451
"DE",25,16208.2850690431
"DE",26,16332.1909839123
"DE",27,16566.2198412183
"DE",28,16675.1148321985
"DE",29,16959.6144919252
"DE",30,16858.4100066461
"DE",31,16780.5818903343
"DE",32,17164.1751116765
"DE",33,17510.0537753388
"DE",34,17533.3148908373
"DE",35,17774.2023773656
"DE",36,17964.9960568092
"DE",37,18040.5659390551
"DE",38,18625.1718220054
"DE",39,18759.2966178041
"DE",40,19431.3391414909
"DE",41,19510.7885162423
"DE",42,19762.0981923307
"DE",43,20178.0564650157
"DE",44,20475.310347601
"DE",45,20602.8075484483
"DE",46,21213.0840875988
"DE",47,21402.0722847304
"DE",48,21737.8699142696
"DE",49,21961.9989979611
"DE",50,22647.6801697497
"DE",51,23197.5915460894
"DE",52,23421.1918835822
"DE",53,23779.0766510279
"DE",54,24058.2140640709
"DE",55,24568.3404426755
"DE",56,25111.8590297143
"DE",57,25453.0584762476
"DE",58,25708.7424381183
"DE",59,26259.8872125471
"DE",60,26644.5081352557
"DE",61,27049.036885969
"DE",62,27426.3398974075
"DE",63,27977.8971561516
"DE",64,28541.2343489307
"DE",65,29118.4334756752
"DE",66,29822.3895694992
"DE",67,30390.6177544048
"DE",68,30619.7538006357
"DE",69,31177.0458960813
"DE",70,32090.9391284234
"DE",71,32614.7377310142
"DE",72,33504.1468399904
"DE",73,34196.9279145827
"DE",74,35035.5712710774
"DE",75,35706.9502513896
"DE",76,36450.2767964857
"DE",77,37468.0670290011
"DE",78,38189.8282300611
"DE",79,39082.5784488814
"DE",80,39903.4174351143
"DE",81,40858.7894216989
"DE",82,41816.0191810481
"DE",83,43206.2558314512
"DE",84,44605.2784430627
"DE",85,45984.5842005535
"DE",86,47909.4083385394
"DE",87,50175.7929354919
"DE",88,52709.6300566928
"DE",89,54788.2266128866
"DE",90,57537.9022911604
"DE",91,60551.4791334347
"DE",92,64449.1578831444
"DE",93,69357.7120319554
"DE",94,75449.3711678679
"DE",95,83048.9138385768
"DE",96,94801.9576437667
"DE",97,112409.978323666
"DE",98,160526.083842791
"DE",99,212807.247868424
"DE",99.1,229800.230124544
"DE",99.2,253899.185366307
"DE",99.3,280697.93607263
"DE",99.4,315087.085193728
"DE",99.5,357623.923959792
"DE",99.6,413495.196056644
"DE",99.7,516761.835262454
"DE",99.8,741708.327317241
"DE",99.9,980578.583004182
"DE",99.91,1028618.07939633
"DE",99.92,1077316.0328182
"DE",99.93,1218868.87011686
"DE",99.94,1412690.46233324
"DE",99.95,1585648.81881792
"DE",99.96,1926327.60112802
"DE",99.97,2446436.40609499
"DE",99.98,3439800.18536366
"DE",99.99,4482716.27132949
"DE",99.991,4824827.09477659
"DE",99.992,5206472.61332635
"DE",99.993,5636579.2803707
"DE",99.994,6243560.50574715
"DE",99.995,7015306.29595989
"DE",99.996,8151490.36395575
"DE",99.997,9860025.22918108
"DE",99.998,13571466.0791595
"DE",99.999,40424390.0924364
"DK",0,17365.623267729
"DK",1,17365.623267729
"DK",2,17365.623267729
"DK",3,17365.623267729
"DK",4,17365.623267729
"DK",5,17709.3586697267
"DK",6,18474.5952834397
"DK",7,19299.2740412526
"DK",8,20154.7016249578
"DK",9,21026.7044353618
"DK",10,10936.417440342
"DK",11,11825.6779845349
"DK",12,12721.4983957758
"DK",13,13624.0317208331
"DK",14,14531.7304276918
"DK",15,15444.5887177646
"DK",16,16393.8392990496
"DK",17,17209.466169837
"DK",18,18112.2511418377
"DK",19,18999.8975699149
"DK",20,18705.5772772773
"DK",21,18825.9902920255
"DK",22,19224.2341896738
"DK",23,19450.8712737098
"DK",24,19638.3710296818
"DK",25,19873.5993738708
"DK",26,20069.350307195
"DK",27,20454.6386466871
"DK",28,20612.6348408632
"DK",29,20840.6952425385
"DK",30,20935.7233284263
"DK",31,21052.9304572707
"DK",32,21495.5905933929
"DK",33,21837.2461660679
"DK",34,22092.4939193075
"DK",35,22399.6244615116
"DK",36,22775.1654203535
"DK",37,23060.0701659465
"DK",38,23582.4597448423
"DK",39,24006.7179818745
"DK",40,23954.673280788
"DK",41,24184.4610373159
"DK",42,24684.8471943222
"DK",43,25358.1925499983
"DK",44,25716.9500470831
"DK",45,26141.18949428
"DK",46,27007.2381629197
"DK",47,27397.4457687971
"DK",48,27960.8050082493
"DK",49,28456.1895325787
"DK",50,28944.2278560213
"DK",51,29562.1487623909
"DK",52,30063.4151015355
"DK",53,30835.290540836
"DK",54,31532.4806741133
"DK",55,32226.4753608668
"DK",56,32948.9228332407
"DK",57,33350.6884240604
"DK",58,33833.9448942986
"DK",59,34588.6218889211
"DK",60,34744.6356950911
"DK",61,35359.0981558189
"DK",62,36031.529154961
"DK",63,36697.7575463274
"DK",64,37692.7394449396
"DK",65,38268.2942832771
"DK",66,39041.9430629302
"DK",67,39751.903554592
"DK",68,40298.7842647329
"DK",69,41139.1570543434
"DK",70,42170.7902806025
"DK",71,42756.3620482963
"DK",72,43516.4134609073
"DK",73,44215.3901079104
"DK",74,45244.2836734161
"DK",75,46168.9586262232
"DK",76,47019.7014717374
"DK",77,47965.0172934155
"DK",78,49133.1766702857
"DK",79,50247.1575044524
"DK",80,51332.7640118541
"DK",81,52158.618672051
"DK",82,53150.0590547957
"DK",83,54600.725433543
"DK",84,55918.7239758852
"DK",85,56859.5110600193
"DK",86,58370.7712959294
"DK",87,60485.1077871054
"DK",88,61862.9739819996
"DK",89,63949.5115040606
"DK",90,65057.9312712771
"DK",91,66334.0318384726
"DK",92,68300.6084634374
"DK",93,70681.6142320366
"DK",94,74322.9116696976
"DK",95,79482.9761791845
"DK",96,87532.148422159
"DK",97,101149.431380658
"DK",98,131802.339272065
"DK",99,160361.890081404
"DK",99.1,169501.844749276
"DK",99.2,182163.182380597
"DK",99.3,197096.604246757
"DK",99.4,217017.745845854
"DK",99.5,244893.857615282
"DK",99.6,282871.564774412
"DK",99.7,357117.579523474
"DK",99.8,528844.69565589
"DK",99.9,706433.706731911
"DK",99.91,757042.726781701
"DK",99.92,775853.006349602
"DK",99.93,900036.717425992
"DK",99.94,1057025.65803095
"DK",99.95,1189361.24922609
"DK",99.96,1473722.05013142
"DK",99.97,1949643.0093185
"DK",99.98,2928549.74712511
"DK",99.99,4074803.53557572
"DK",99.991,4429701.93072897
"DK",99.992,4892504.69062438
"DK",99.993,5372219.15639556
"DK",99.994,6086405.89249637
"DK",99.995,7006881.47118389
"DK",99.996,8396420.57725546
"DK",99.997,10440708.1277658
"DK",99.998,15564814.5361996
"DK",99.999,68514089.7568894
"DZ",0,385.62711547665
"DZ",1,385.62711547665
"DZ",2,385.62711547665
"DZ",3,385.62711547665
"DZ",4,385.62711547665
"DZ",5,485.648718986561
"DZ",6,687.22193723893
"DZ",7,889.91361462694
"DZ",8,1093.35256897209
"DZ",9,1297.30150046656
"DZ",10,1448.87210718523
"DZ",11,1653.51690474619
"DZ",12,1858.31699254759
"DZ",13,2063.2224385714
"DZ",14,2268.35424870914
"DZ",15,2473.50244264437
"DZ",16,2674.52535557715
"DZ",17,2883.36904713864
"DZ",18,3088.93187120579
"DZ",19,3289.80534448866
"DZ",20,3261.20907676478
"DZ",21,3299.49942743723
"DZ",22,3357.06839121632
"DZ",23,3430.65876688442
"DZ",24,3508.45519694065
"DZ",25,3604.09958612191
"DZ",26,3696.82193331417
"DZ",27,3788.18501023126
"DZ",28,3874.68558509104
"DZ",29,3973.56279869181
"DZ",30,4071.52727912306
"DZ",31,4185.7237598128
"DZ",32,4263.47581190347
"DZ",33,4305.60687379398
"DZ",34,4328.18484256815
"DZ",35,4336.16521076236
"DZ",36,4350.70789865798
"DZ",37,4347.94323854112
"DZ",38,4383.05100930861
"DZ",39,4408.08559013968
"DZ",40,4472.52084689387
"DZ",41,4625.44845642511
"DZ",42,4776.51324325124
"DZ",43,4932.8458830692
"DZ",44,5065.52127356376
"DZ",45,5153.38982884786
"DZ",46,5257.81135269829
"DZ",47,5340.52973088422
"DZ",48,5430.48381547769
"DZ",49,5519.75787123287
"DZ",50,5565.13993154972
"DZ",51,5600.47330625343
"DZ",52,5627.71474985399
"DZ",53,5656.98128684057
"DZ",54,5690.61344194907
"DZ",55,5722.43104393625
"DZ",56,5771.28952724298
"DZ",57,5794.9548812639
"DZ",58,5827.69454229224
"DZ",59,6100.46782662957
"DZ",60,6548.87609393785
"DZ",61,6786.78676402024
"DZ",62,6821.44252925696
"DZ",63,6861.26217361596
"DZ",64,6903.32945463213
"DZ",65,6939.07988092328
"DZ",66,6991.26221817017
"DZ",67,7032.10506234614
"DZ",68,7067.29337413292
"DZ",69,7117.28622694346
"DZ",70,7170.94107398454
"DZ",71,7286.66706825351
"DZ",72,7455.19455177552
"DZ",73,7651.8082687769
"DZ",74,7856.3662535865
"DZ",75,8061.45086670482
"DZ",76,8251.93808083187
"DZ",77,8409.80374384126
"DZ",78,8542.74945140623
"DZ",79,8653.24298999504
"DZ",80,8865.43768755877
"DZ",81,9137.88245172039
"DZ",82,9511.62389992443
"DZ",83,9994.53387351898
"DZ",84,10576.5217522284
"DZ",85,11240.2145936949
"DZ",86,11981.1184350983
"DZ",87,12847.8877953701
"DZ",88,13782.6063698073
"DZ",89,14855.9268417595
"DZ",90,16075.3358479415
"DZ",91,17347.1964122881
"DZ",92,18807.6628704821
"DZ",93,20540.7421461765
"DZ",94,22715.9099293752
"DZ",95,25612.5641905517
"DZ",96,29637.2503302874
"DZ",97,36149.3320310489
"DZ",98,49533.4260198329
"DZ",99,84289.4831002721
"DZ",99.1,89532.1242482568
"DZ",99.2,96182.898597579
"DZ",99.3,104338.330629987
"DZ",99.4,114364.626415488
"DZ",99.5,128741.620867215
"DZ",99.6,147133.153630941
"DZ",99.7,179106.696417832
"DZ",99.8,248136.040477609
"DZ",99.9,323607.109039017
"DZ",99.91,347650.089901282
"DZ",99.92,371488.201143745
"DZ",99.93,407565.885418281
"DZ",99.94,457093.941502734
"DZ",99.95,511476.225390973
"DZ",99.96,595939.498287848
"DZ",99.97,741890.415394829
"DZ",99.98,1046438.97596142
"DZ",99.99,1370445.96485377
"DZ",99.991,1479132.54452557
"DZ",99.992,1597338.12135444
"DZ",99.993,1749114.49491207
"DZ",99.994,1937141.15670046
"DZ",99.995,2202968.59046081
"DZ",99.996,2590636.22972888
"DZ",99.997,3198560.24613379
"DZ",99.998,4432691.38937977
"DZ",99.999,13966622.6524741
"EG",0,639.739219881533
"EG",1,639.739219881533
"EG",2,639.739219881533
"EG",3,639.739219881533
"EG",4,639.739219881533
"EG",5,779.990709157602
"EG",6,1066.42896931427
"EG",7,1357.85718931285
"EG",8,1652.36305458865
"EG",9,1948.97965092561
"EG",10,2247.25372133539
"EG",11,2546.4626999327
"EG",12,2846.50200868362
"EG",13,3147.23534047661
"EG",14,3448.45982978085
"EG",15,3749.96925348543
"EG",16,4058.36328225508
"EG",17,4348.84653784862
"EG",18,4655.34746316643
"EG",19,4965.3430011651
"EG",20,4870.24269990512
"EG",21,4929.02609805491
"EG",22,4993.58457215785
"EG",23,5063.2226110949
"EG",24,5128.01091008489
"EG",25,5197.25028269224
"EG",26,5286.16295574672
"EG",27,5441.17893627746
"EG",28,5650.57928179337
"EG",29,5837.88113038055
"EG",30,5969.43750900443
"EG",31,5979.40513368243
"EG",32,6030.29109967236
"EG",33,6066.72971571636
"EG",34,6094.53755468523
"EG",35,6118.53767719379
"EG",36,6155.13064695835
"EG",37,6175.57681745341
"EG",38,6229.59439901272
"EG",39,6306.60526311666
"EG",40,6555.42629621684
"EG",41,6689.05195598879
"EG",42,6821.23683438906
"EG",43,6976.07825055758
"EG",44,7117.46802959748
"EG",45,7262.74599391859
"EG",46,7418.57815208849
"EG",47,7536.10708091977
"EG",48,7667.65923172764
"EG",49,7774.75470264225
"EG",50,7879.70405474421
"EG",51,7995.20571959955
"EG",52,8075.34470461293
"EG",53,8176.9971087936
"EG",54,8281.27378770019
"EG",55,8383.12641017606
"EG",56,8514.80650101912
"EG",57,8641.58499331333
"EG",58,8779.52975163969
"EG",59,8950.72046379885
"EG",60,9076.139865527
"EG",61,9268.63920468631
"EG",62,9464.0095563723
"EG",63,9672.00589455428
"EG",64,9882.40472407449
"EG",65,10098.7346511653
"EG",66,10327.1651537215
"EG",67,10550.9727336028
"EG",68,10768.3951385688
"EG",69,10997.1599166904
"EG",70,11223.2984440608
"EG",71,11444.4822988051
"EG",72,11677.3155674677
"EG",73,11925.3656645781
"EG",74,12184.7701124175
"EG",75,12474.1886347481
"EG",76,12784.2041912535
"EG",77,13131.2885439492
"EG",78,13501.4606234478
"EG",79,13890.7966237675
"EG",80,14277.5116209424
"EG",81,14865.8024970292
"EG",82,15570.3593747337
"EG",83,16418.8137362659
"EG",84,17423.2694425462
"EG",85,18593.7663217957
"EG",86,19938.0272760602
"EG",87,21538.0621039045
"EG",88,23340.5775680121
"EG",89,25448.1116119819
"EG",90,27759.7892091254
"EG",91,30143.8586015074
"EG",92,32867.0877113231
"EG",93,36079.9208463986
"EG",94,40101.6900771698
"EG",95,45405.9118942098
"EG",96,52573.8762005403
"EG",97,63797.2488144762
"EG",98,85578.1260374674
"EG",99,136715.115621983
"EG",99.1,144025.1591601
"EG",99.2,153137.806478734
"EG",99.3,164316.855150928
"EG",99.4,177836.638841047
"EG",99.5,196291.690978004
"EG",99.6,218544.332839509
"EG",99.7,256204.234817214
"EG",99.8,334271.297474991
"EG",99.9,414703.960276707
"EG",99.91,439431.336189502
"EG",99.92,466081.603952639
"EG",99.93,501672.448102291
"EG",99.94,547360.822677754
"EG",99.95,602488.033154851
"EG",99.96,677596.721905613
"EG",99.97,807074.691713663
"EG",99.98,1077285.11067583
"EG",99.99,1344055.07662119
"EG",99.991,1434057.84249236
"EG",99.992,1528860.50659082
"EG",99.993,1650475.54282554
"EG",99.994,1800682.27456896
"EG",99.995,2017026.97831134
"EG",99.996,2332910.88855023
"EG",99.997,2802765.0595469
"EG",99.998,3612611.67382964
"EG",99.999,8029739.0122395
"ES",0,7602.45701254699
"ES",1,7602.45701254699
"ES",2,7602.45701254699
"ES",3,7602.45701254699
"ES",4,7602.45701254699
"ES",5,7836.78949825771
"ES",6,8349.28049774979
"ES",7,8900.09940565427
"ES",8,9475.84634317718
"ES",9,10069.0898430235
"ES",10,7878.15191973015
"ES",11,8494.41232902137
"ES",12,9118.64868937164
"ES",13,9748.8734764531
"ES",14,10384.1770494447
"ES",15,11023.3676975291
"ES",16,11642.1237919569
"ES",17,12254.4055545995
"ES",18,12820.541409625
"ES",19,13439.4032537955
"ES",20,11872.7495388707
"ES",21,12183.9446817576
"ES",22,12818.0445466131
"ES",23,13102.1169756089
"ES",24,13441.0807551426
"ES",25,13768.5652262622
"ES",26,14077.1784480627
"ES",27,14241.3274134911
"ES",28,14376.8426986931
"ES",29,14583.7720965467
"ES",30,14675.49696729
"ES",31,14771.966170017
"ES",32,15080.8090930776
"ES",33,15303.9919235045
"ES",34,15501.2629529687
"ES",35,15794.2689948365
"ES",36,15924.6397958098
"ES",37,16039.8503179438
"ES",38,16625.5116927091
"ES",39,16797.2454998467
"ES",40,17028.305412233
"ES",41,17326.5371440761
"ES",42,17783.4923125283
"ES",43,18273.6322451888
"ES",44,18405.1572445198
"ES",45,18720.0590263283
"ES",46,19192.5479301668
"ES",47,19302.508369247
"ES",48,19682.6331947468
"ES",49,19759.1481978893
"ES",50,19800.0529247357
"ES",51,20255.8085452609
"ES",52,20480.4600290907
"ES",53,20750.2388796214
"ES",54,21006.0655765592
"ES",55,21367.4507077527
"ES",56,21719.9234949906
"ES",57,21911.741446239
"ES",58,22200.5124824175
"ES",59,22604.850794263
"ES",60,22846.7485536491
"ES",61,23141.6148034351
"ES",62,23561.0209293317
"ES",63,23944.4352764448
"ES",64,24405.3920921121
"ES",65,24736.8164178317
"ES",66,25286.0555987794
"ES",67,25623.7579673424
"ES",68,26026.6331937701
"ES",69,26496.0267297134
"ES",70,27056.8887307894
"ES",71,27474.0161716203
"ES",72,28006.5040555146
"ES",73,28500.7959311047
"ES",74,29078.9212359646
"ES",75,29710.6720503338
"ES",76,30366.7815571251
"ES",77,31060.1285219385
"ES",78,31878.5069686299
"ES",79,32587.1050957842
"ES",80,33289.2055445124
"ES",81,34007.1470237356
"ES",82,35003.8768948844
"ES",83,36024.735742714
"ES",84,36883.85512452
"ES",85,37549.4017484428
"ES",86,38357.4334308852
"ES",87,39570.87587632
"ES",88,40852.9456090221
"ES",89,42589.6246892596
"ES",90,44816.3541364099
"ES",91,47023.4334766181
"ES",92,49889.8671895868
"ES",93,53296.4451470439
"ES",94,58047.8393210123
"ES",95,64619.385931144
"ES",96,74012.596849858
"ES",97,90039.964104304
"ES",98,123950.931300405
"ES",99,157664.07614468
"ES",99.1,168141.914972755
"ES",99.2,182533.491822565
"ES",99.3,199611.163677689
"ES",99.4,221788.374625061
"ES",99.5,249569.526154416
"ES",99.6,288837.073379438
"ES",99.7,360863.310129486
"ES",99.8,512510.012949448
"ES",99.9,676870.006168574
"ES",99.91,715568.358035399
"ES",99.92,750137.233797857
"ES",99.93,840812.318088693
"ES",99.94,968621.257907046
"ES",99.95,1085167.48315493
"ES",99.96,1301507.82914571
"ES",99.97,1638382.92835623
"ES",99.98,2317405.54773581
"ES",99.99,3019104.1559978
"ES",99.991,3303511.09557644
"ES",99.992,3549564.69120395
"ES",99.993,3876255.21299847
"ES",99.994,4309778.55206776
"ES",99.995,4878466.51982216
"ES",99.996,5727817.50921891
"ES",99.997,7005792.66190078
"ES",99.998,9870244.92624092
"ES",99.999,32743708.401287
"ET",0,17.1909228180925
"ET",1,17.1909228180925
"ET",2,17.1909228180925
"ET",3,17.1909228180925
"ET",4,17.1909228180925
"ET",5,45.5193097876791
"ET",6,102.831106893377
"ET",7,160.691064038048
"ET",8,218.841955452589
"ET",9,277.22174658683
"ET",10,335.744163995492
"ET",11,394.359088996518
"ET",12,453.019019056142
"ET",13,511.739925210123
"ET",14,570.449284877222
"ET",15,629.128360076048
"ET",16,686.840213249979
"ET",17,746.958388387531
"ET",18,805.367686991221
"ET",19,863.048315319823
"ET",20,887.120782171429
"ET",21,911.749504616878
"ET",22,936.479793756726
"ET",23,967.556345673581
"ET",24,984.477159108836
"ET",25,1013.89580811096
"ET",26,1035.75332750177
"ET",27,1059.62490017088
"ET",28,1081.86155245657
"ET",29,1106.54206799059
"ET",30,1137.66425642786
"ET",31,1160.54261696625
"ET",32,1188.28554911135
"ET",33,1217.37734643074
"ET",34,1243.89380513634
"ET",35,1272.5876659511
"ET",36,1300.01037493369
"ET",37,1318.78970166658
"ET",38,1362.19271880548
"ET",39,1387.63525970401
"ET",40,1424.0763759412
"ET",41,1449.27722014808
"ET",42,1480.41476966851
"ET",43,1516.05927601596
"ET",44,1541.6748014899
"ET",45,1573.73555181906
"ET",46,1612.8445692877
"ET",47,1640.91131472959
"ET",48,1674.37467900521
"ET",49,1701.98053809113
"ET",50,1731.20771295338
"ET",51,1767.17231709803
"ET",52,1796.9147804839
"ET",53,1829.4267473627
"ET",54,1856.53699916568
"ET",55,1888.9172696045
"ET",56,1924.48376364569
"ET",57,1949.26237720924
"ET",58,1974.94663339894
"ET",59,2011.4821042508
"ET",60,2029.2798396008
"ET",61,2063.50414329627
"ET",62,2094.40585860906
"ET",63,2131.754249613
"ET",64,2168.83712155186
"ET",65,2204.69649187394
"ET",66,2246.27852217736
"ET",67,2287.52372456868
"ET",68,2332.18021478152
"ET",69,2382.42785138092
"ET",70,2435.79707154991
"ET",71,2485.90984669971
"ET",72,2549.70493542183
"ET",73,2614.37234963342
"ET",74,2672.47418979464
"ET",75,2735.50423228638
"ET",76,2803.16119891488
"ET",77,2874.63296393331
"ET",78,2967.64602506342
"ET",79,3064.78854932443
"ET",80,3154.94731438353
"ET",81,3258.19967899036
"ET",82,3373.28527957881
"ET",83,3509.41046867583
"ET",84,3670.90455663189
"ET",85,3841.46874370189
"ET",86,4040.54388152772
"ET",87,4278.90916901407
"ET",88,4576.81589684865
"ET",89,4907.23650594205
"ET",90,5306.8891577145
"ET",91,5742.40715707322
"ET",92,6314.53272764271
"ET",93,7018.42420925506
"ET",94,7940.02601441927
"ET",95,9231.78946090962
"ET",96,10937.5173125581
"ET",97,13640.8740913656
"ET",98,18370.8229104481
"ET",99,21553.7076348945
"ET",99.1,22591.6310674544
"ET",99.2,23836.5648852621
"ET",99.3,25279.0258300422
"ET",99.4,27032.7702032896
"ET",99.5,29364.4171749374
"ET",99.6,32353.2882905659
"ET",99.7,37057.5231121004
"ET",99.8,45913.4091536019
"ET",99.9,54777.3754889924
"ET",99.91,57227.2937369517
"ET",99.92,59836.2588566319
"ET",99.93,63659.2851346607
"ET",99.94,68751.401470788
"ET",99.95,73946.7160391556
"ET",99.96,82047.1923212543
"ET",99.97,94859.987781014
"ET",99.98,117998.600792642
"ET",99.99,141106.998876005
"ET",99.991,148347.51577453
"ET",99.992,156387.123638227
"ET",99.993,165249.544477438
"ET",99.994,177069.852323714
"ET",99.995,191982.829174437
"ET",99.996,213072.989683673
"ET",99.997,243243.939336264
"ET",99.998,304020.83033345
"ET",99.999,601984.232758685
"FR",0,8522.40665554383
"FR",1,8522.40665554383
"FR",2,8522.40665554383
"FR",3,8522.40665554383
"FR",4,8522.40665554383
"FR",5,8721.78286573946
"FR",6,9176.11858785917
"FR",7,9678.99475511996
"FR",8,10213.3823504257
"FR",9,10770.2238652882
"FR",10,8379.31200597578
"FR",11,8965.04725285299
"FR",12,9560.68113531541
"FR",13,10164.3635802139
"FR",14,10774.4869989299
"FR",15,11389.8731118587
"FR",16,12003.4436586742
"FR",17,12664.1616682738
"FR",18,13241.1308997834
"FR",19,13865.7797340182
"FR",20,12671.4104548803
"FR",21,12917.587344306
"FR",22,13179.5038971172
"FR",23,13546.3683744926
"FR",24,13694.5241223025
"FR",25,14006.0381350728
"FR",26,14208.7425842766
"FR",27,14366.0523985195
"FR",28,14700.9334790793
"FR",29,14928.7756099393
"FR",30,14663.5672111729
"FR",31,14867.0136889793
"FR",32,15293.6735198757
"FR",33,15660.9368238227
"FR",34,15965.3898770333
"FR",35,16308.3903496058
"FR",36,16617.2986930361
"FR",37,16693.0998389756
"FR",38,17259.7723639288
"FR",39,17572.163067073
"FR",40,18002.5392434817
"FR",41,18432.8641365352
"FR",42,18884.1429602412
"FR",43,19510.6045935393
"FR",44,19646.7142999552
"FR",45,19855.3194377886
"FR",46,20341.7443680053
"FR",47,20564.0884819904
"FR",48,20749.8678649876
"FR",49,20852.8272078269
"FR",50,21030.4488162863
"FR",51,21330.2866263198
"FR",52,21479.6644031799
"FR",53,21704.5399607877
"FR",54,21992.3372889046
"FR",55,22400.6452151077
"FR",56,23050.0827127256
"FR",57,23309.2544882103
"FR",58,23590.5786398843
"FR",59,24236.6472218661
"FR",60,24477.9716241055
"FR",61,24849.9843856452
"FR",62,25029.5716188936
"FR",63,25324.0146235942
"FR",64,25760.0025993195
"FR",65,26008.7949664323
"FR",66,26347.9538276052
"FR",67,26679.2086565767
"FR",68,26999.8522933854
"FR",69,27637.0035567779
"FR",70,28078.454581565
"FR",71,28583.3472675714
"FR",72,29049.0384496035
"FR",73,29424.4405282133
"FR",74,29633.800497069
"FR",75,29997.4686800303
"FR",76,30328.0314271927
"FR",77,30979.9564071641
"FR",78,31566.2348671437
"FR",79,32260.9147296388
"FR",80,32396.7404018106
"FR",81,32579.8339698942
"FR",82,32894.1825519287
"FR",83,33594.3404885801
"FR",84,34795.8915377135
"FR",85,35977.5888065034
"FR",86,37392.704242075
"FR",87,38430.3458588676
"FR",88,39189.4936989268
"FR",89,40293.3229244029
"FR",90,41459.2830397922
"FR",91,42764.5103524732
"FR",92,43915.7992510226
"FR",93,45373.5860772129
"FR",94,48312.2724692332
"FR",95,55644.4064277695
"FR",96,66952.3899812029
"FR",97,71562.5878812019
"FR",98,95524.760049548
"FR",99,121897.291787504
"FR",99.1,137386.674285474
"FR",99.2,156628.28621095
"FR",99.3,170627.321581072
"FR",99.4,176281.552960131
"FR",99.5,187840.638725625
"FR",99.6,215240.884495267
"FR",99.7,280682.491542693
"FR",99.8,423531.688192071
"FR",99.9,580510.604141218
"FR",99.91,608710.496480297
"FR",99.92,616191.552211245
"FR",99.93,718259.673888605
"FR",99.94,862392.909041071
"FR",99.95,962603.314543729
"FR",99.96,1203962.76611283
"FR",99.97,1588945.03553072
"FR",99.98,2329226.01858004
"FR",99.99,3163998.16638254
"FR",99.991,3564233.55702181
"FR",99.992,3916545.64035831
"FR",99.993,4119237.91843555
"FR",99.994,4502707.9185669
"FR",99.995,5213839.49548692
"FR",99.996,6211935.53387047
"FR",99.997,7479224.94237872
"FR",99.998,10874651.7943632
"FR",99.999,38640278.3307696
"GB",0,10551.9054650388
"GB",1,10551.9054650388
"GB",2,10551.9054650388
"GB",3,10551.9054650388
"GB",4,10551.9054650388
"GB",5,10830.8155468757
"GB",6,11433.1668068302
"GB",7,12070.5887469031
"GB",8,12727.3829286392
"GB",9,13395.1635650624
"GB",10,10289.8496625601
"GB",11,10964.8168747435
"GB",12,11638.9448189696
"GB",13,12311.2857493313
"GB",14,12980.8858274326
"GB",15,13647.4226882493
"GB",16,14351.6273504918
"GB",17,14986.3146505162
"GB",18,15582.7832885727
"GB",19,16213.5147511794
"GB",20,14437.8216897334
"GB",21,14675.3958280995
"GB",22,14925.4258058776
"GB",23,15279.4248900243
"GB",24,15483.5315985286
"GB",25,15741.9375971058
"GB",26,16037.6375669038
"GB",27,16271.0752990949
"GB",28,16576.834620634
"GB",29,16902.0629198798
"GB",30,15916.2182399901
"GB",31,16096.5856090075
"GB",32,16477.2277896096
"GB",33,16633.8921471775
"GB",34,17049.4239737759
"GB",35,17300.8406942107
"GB",36,17512.3257938494
"GB",37,17716.1152907439
"GB",38,18152.8587596305
"GB",39,18411.6082276543
"GB",40,18108.6738535981
"GB",41,18473.9311344726
"GB",42,18776.2396807377
"GB",43,18964.4174026465
"GB",44,19096.6402316004
"GB",45,19444.8605794174
"GB",46,19883.7891043855
"GB",47,20000.7714178075
"GB",48,20303.9726219373
"GB",49,20498.5222062032
"GB",50,20397.2425167738
"GB",51,20942.3470678173
"GB",52,21301.7047638653
"GB",53,21783.8925545634
"GB",54,21991.3401273411
"GB",55,22297.4473149911
"GB",56,22903.6815974529
"GB",57,23150.9567729894
"GB",58,23517.1275231909
"GB",59,24101.4445413332
"GB",60,24226.3079724825
"GB",61,24643.9674019962
"GB",62,25116.2672634948
"GB",63,25546.8091312696
"GB",64,26079.4836056703
"GB",65,26551.5234181918
"GB",66,27159.3769745707
"GB",67,27715.4219647136
"GB",68,28192.4891836082
"GB",69,28926.9005211808
"GB",70,29313.7205617453
"GB",71,29806.6072926079
"GB",72,30447.388636663
"GB",73,30979.6753156923
"GB",74,31529.7813712517
"GB",75,32476.7326391443
"GB",76,33322.7999913158
"GB",77,33943.9841838578
"GB",78,34835.4951147684
"GB",79,35549.5188033439
"GB",80,36331.6853206932
"GB",81,37334.4301150634
"GB",82,38363.7081240223
"GB",83,39907.9213716911
"GB",84,41019.7265772339
"GB",85,41863.187251533
"GB",86,43302.8615271698
"GB",87,45076.0592047889
"GB",88,46592.9846453744
"GB",89,48689.1110346451
"GB",90,50646.5947179928
"GB",91,53059.747309713
"GB",92,56054.0866808515
"GB",93,60159.7578727784
"GB",94,63972.6708234676
"GB",95,70222.1273004301
"GB",96,79121.4098760924
"GB",97,94821.1707184211
"GB",98,128111.5666045
"GB",99,168027.489283531
"GB",99.1,177396.304593179
"GB",99.2,189486.81114704
"GB",99.3,203510.914741022
"GB",99.4,221320.048656905
"GB",99.5,245401.73052678
"GB",99.6,276818.284049476
"GB",99.7,332524.88338953
"GB",99.8,453331.875461801
"GB",99.9,580563.432830207
"GB",99.91,611932.026453444
"GB",99.92,637392.477088561
"GB",99.93,709129.329682587
"GB",99.94,807808.851256637
"GB",99.95,888770.554308168
"GB",99.96,1049646.3330491
"GB",99.97,1329323.82413211
"GB",99.98,1860324.82760256
"GB",99.99,2478136.08009201
"GB",99.991,2673760.86252194
"GB",99.992,2855115.7309516
"GB",99.993,3164029.38812475
"GB",99.994,3443025.56200079
"GB",99.995,3947052.13443255
"GB",99.996,4621039.23030734
"GB",99.997,5549983.16999088
"GB",99.998,8003934.83189525
"GB",99.999,30632278.9275415
"ID",0,138.910827988612
"ID",1,138.910827988612
"ID",2,138.910827988612
"ID",3,138.910827988612
"ID",4,138.910827988612
"ID",5,219.495530740068
"ID",6,383.591466010401
"ID",7,549.980446760319
"ID",8,717.928856629442
"ID",9,886.770996114013
"ID",10,1056.40759212274
"ID",11,1226.65044200659
"ID",12,1397.17709651023
"ID",13,1568.08649006474
"ID",14,1739.30990114414
"ID",15,1910.6009476461
"ID",16,2064.1001730084
"ID",17,2236.73161938994
"ID",18,2377.1396539834
"ID",19,2528.79546621436
"ID",20,2568.66513638355
"ID",21,2637.54634259126
"ID",22,2683.83181930696
"ID",23,2764.29246119976
"ID",24,2824.86667783186
"ID",25,2886.78464601168
"ID",26,2962.94261499685
"ID",27,3035.03450290609
"ID",28,3114.99093875252
"ID",29,3166.66835126585
"ID",30,3301.24680552414
"ID",31,3365.08684051903
"ID",32,3450.42007062994
"ID",33,3568.1961592641
"ID",34,3646.726445251
"ID",35,3734.45897955145
"ID",36,3808.53925847622
"ID",37,3902.9078809762
"ID",38,4017.6664691348
"ID",39,4115.18792665747
"ID",40,4221.36706516798
"ID",41,4315.18745768169
"ID",42,4411.93783641087
"ID",43,4540.52072309341
"ID",44,4648.3485518921
"ID",45,4769.45318617773
"ID",46,4921.72287703728
"ID",47,5024.17089482463
"ID",48,5167.93967025625
"ID",49,5282.54873368127
"ID",50,5392.24093673769
"ID",51,5572.76258626593
"ID",52,5707.60370922031
"ID",53,5859.49237415253
"ID",54,5995.29400861896
"ID",55,6186.23017116756
"ID",56,6357.92438538567
"ID",57,6530.43836585417
"ID",58,6703.75384799031
"ID",59,6926.26086816461
"ID",60,7053.54417265516
"ID",61,7292.5367838206
"ID",62,7493.23019650476
"ID",63,7746.36669015992
"ID",64,7966.44052183216
"ID",65,8210.51152118658
"ID",66,8512.60329157902
"ID",67,8758.74687048489
"ID",68,8988.78452887566
"ID",69,9316.39612261232
"ID",70,9632.32990266821
"ID",71,9903.55749602912
"ID",72,10229.3368541327
"ID",73,10549.655209941
"ID",74,10935.9536203636
"ID",75,11250.5309596094
"ID",76,11616.786820324
"ID",77,12027.3490686783
"ID",78,12475.9738921868
"ID",79,12877.2243669894
"ID",80,13300.6615546069
"ID",81,13736.4278718883
"ID",82,14253.4209742592
"ID",83,14798.6060501111
"ID",84,15398.9289710312
"ID",85,16002.9666486805
"ID",86,16713.6019085616
"ID",87,17507.8196063953
"ID",88,18431.5855524288
"ID",89,19453.6540693917
"ID",90,19552.5203186268
"ID",91,20955.1427331974
"ID",92,22773.6245207792
"ID",93,25118.6491224977
"ID",94,28164.7127050314
"ID",95,32218.4034349245
"ID",96,38207.2830224572
"ID",97,47817.3238373928
"ID",98,67751.8447745499
"ID",99,87207.357605009
"ID",99.1,93647.2647968102
"ID",99.2,102027.556123303
"ID",99.3,111603.411251472
"ID",99.4,124350.717905769
"ID",99.5,141572.045939946
"ID",99.6,164257.455490582
"ID",99.7,203646.558321351
"ID",99.8,290183.782321042
"ID",99.9,390183.043808064
"ID",99.91,413168.07027214
"ID",99.92,432354.264856419
"ID",99.93,473028.090842948
"ID",99.94,523925.642501109
"ID",99.95,574903.523772124
"ID",99.96,660623.486048987
"ID",99.97,792213.833828506
"ID",99.98,1054866.77477602
"ID",99.99,1333999.49761417
"ID",99.991,1417138.83012952
"ID",99.992,1517619.03827949
"ID",99.993,1629101.84869676
"ID",99.994,1778869.6797607
"ID",99.995,1982040.45124315
"ID",99.996,2267727.2109653
"ID",99.997,2696778.72615855
"ID",99.998,3495135.15808848
"ID",99.999,9580510.8379097
"IN",0,229.984942926226
"IN",1,229.984942926226
"IN",2,229.984942926226
"IN",3,229.984942926226
"IN",4,229.984942926226
"IN",5,290.485607883962
"IN",6,415.284294567595
"IN",7,543.178351573539
"IN",8,673.033036543647
"IN",9,804.160617062243
"IN",10,936.292924010394
"IN",11,1069.01778838664
"IN",12,1202.3213039364
"IN",13,1335.92267264648
"IN",14,1469.88886509044
"IN",15,1603.99534357005
"IN",16,1740.40928158683
"IN",17,1876.98879689945
"IN",18,2002.72376470362
"IN",19,2139.94078070795
"IN",20,2121.43813403321
"IN",21,2161.75827278303
"IN",22,2201.50108549279
"IN",23,2246.62928176756
"IN",24,2273.39662975915
"IN",25,2308.22665723785
"IN",26,2345.10349664408
"IN",27,2361.45554764888
"IN",28,2387.3543411718
"IN",29,2411.975606677
"IN",30,2459.59668445277
"IN",31,2495.8785820271
"IN",32,2537.1993193362
"IN",33,2582.91249454059
"IN",34,2609.48533686378
"IN",35,2653.94059817472
"IN",36,2689.55142825138
"IN",37,2712.79924095454
"IN",38,2778.92364287096
"IN",39,2785.37514963622
"IN",40,2816.05795006785
"IN",41,2829.87298200128
"IN",42,2863.20305820771
"IN",43,2906.38125485023
"IN",44,2942.70516570784
"IN",45,2991.18438727843
"IN",46,3061.50690694441
"IN",47,3074.97994273711
"IN",48,3130.7517411572
"IN",49,3170.03810015
"IN",50,3210.40614089615
"IN",51,3257.85504850614
"IN",52,3301.62141335984
"IN",53,3367.41216603393
"IN",54,3423.78384903497
"IN",55,3475.08325819658
"IN",56,3529.16774198182
"IN",57,3570.21528291926
"IN",58,3627.99872869904
"IN",59,3671.29446863684
"IN",60,3691.17108237157
"IN",61,3754.56449451352
"IN",62,3831.61125984906
"IN",63,3911.45542750851
"IN",64,3982.4179413941
"IN",65,4034.76344610261
"IN",66,4100.46369289518
"IN",67,4171.82036155089
"IN",68,4228.96618863668
"IN",69,4306.2579129835
"IN",70,4370.43645138688
"IN",71,4449.31260024508
"IN",72,4556.31636223039
"IN",73,4659.90296987553
"IN",74,4751.57260136362
"IN",75,4867.65640742037
"IN",76,4982.14328970422
"IN",77,5078.15107131082
"IN",78,5164.47180918343
"IN",79,5329.33962574001
"IN",80,5479.19063736925
"IN",81,5649.19898826708
"IN",82,5873.6866751219
"IN",83,6044.62496329456
"IN",84,6257.87298727936
"IN",85,6483.53793639181
"IN",86,6624.49362329647
"IN",87,6829.15269234746
"IN",88,7035.63228560248
"IN",89,7403.95514488609
"IN",90,8839.31468364489
"IN",91,11141.4852363371
"IN",92,14501.2780133562
"IN",93,19334.3382515524
"IN",94,27014.895295172
"IN",95,31694.6642320082
"IN",96,33722.6847130592
"IN",97,37128.6019018063
"IN",98,45700.025496874
"IN",99,59924.4151142894
"IN",99.1,63382.431470732
"IN",99.2,68721.5236170761
"IN",99.3,74262.8353250746
"IN",99.4,82245.4089229209
"IN",99.5,93359.4847801797
"IN",99.6,107959.077762223
"IN",99.7,134205.5075584
"IN",99.8,189439.520888675
"IN",99.9,250823.056110514
"IN",99.91,265459.399532897
"IN",99.92,283786.815500483
"IN",99.93,311420.019689424
"IN",99.94,349942.256946026
"IN",99.95,395484.612366578
"IN",99.96,469109.197210799
"IN",99.97,585193.342899211
"IN",99.98,853444.053564718
"IN",99.99,1149303.6880008
"IN",99.991,1238813.52185917
"IN",99.992,1338612.69742368
"IN",99.993,1468126.89719012
"IN",99.994,1631647.3892188
"IN",99.995,1866785.87830895
"IN",99.996,2182738.28976406
"IN",99.997,2718028.30870963
"IN",99.998,3865555.83464766
"IN",99.999,16162013.8037279
"IR",0,819.263488826168
"IR",1,819.263488826168
"IR",2,819.263488826168
"IR",3,819.263488826168
"IR",4,819.263488826168
"IR",5,899.381037514867
"IR",6,1062.55651708772
"IR",7,1228.40320994244
"IR",8,1395.97460892733
"IR",9,1564.58608456344
"IR",10,1472.51484877733
"IR",11,1642.67933056063
"IR",12,1813.20853660082
"IR",13,1984.15836085134
"IR",14,2155.39452262171
"IR",15,2326.8561442356
"IR",16,2484.74137993931
"IR",17,2671.12636177184
"IR",18,2846.37553743278
"IR",19,2972.06085449227
"IR",20,3045.08019696525
"IR",21,3111.10275527703
"IR",22,3144.26754287891
"IR",23,3231.96951449865
"IR",24,3281.30263941387
"IR",25,3333.51466085641
"IR",26,3370.63261822685
"IR",27,3456.88317688166
"IR",28,3497.47527977517
"IR",29,3563.44349809878
"IR",30,3605.96486702906
"IR",31,3647.94242408106
"IR",32,3708.47736008964
"IR",33,3807.57162356241
"IR",34,3858.34132932124
"IR",35,3901.1751851533
"IR",36,3975.09137383173
"IR",37,4008.56755109504
"IR",38,4122.44235946306
"IR",39,4171.36925597549
"IR",40,4164.85925712353
"IR",41,4257.06415156136
"IR",42,4303.66303289561
"IR",43,4382.49653229225
"IR",44,4459.02174252906
"IR",45,4517.78229549658
"IR",46,4634.01718992279
"IR",47,4703.98474913132
"IR",48,4773.68262586295
"IR",49,4845.89613257949
"IR",50,4921.0377469958
"IR",51,5054.81338933824
"IR",52,5129.28416505718
"IR",53,5220.4273340444
"IR",54,5326.68652501435
"IR",55,5446.76079210761
"IR",56,5537.18154793279
"IR",57,5651.53720861997
"IR",58,5717.15009011321
"IR",59,5866.9856957422
"IR",60,5923.43034756212
"IR",61,6065.9875418715
"IR",62,6170.10089671157
"IR",63,6319.96418291555
"IR",64,6468.6216545603
"IR",65,6589.99114081628
"IR",66,6768.62948711614
"IR",67,6924.23764991768
"IR",68,7076.44958794787
"IR",69,7246.78066495575
"IR",70,7424.51667400554
"IR",71,7619.05461769648
"IR",72,7811.83192725712
"IR",73,8008.2493453788
"IR",74,8224.39890131885
"IR",75,8454.73447102524
"IR",76,8705.54827964026
"IR",77,8984.09600528796
"IR",78,9301.41826078245
"IR",79,9578.28875498498
"IR",80,9933.62947051953
"IR",81,10382.3200476143
"IR",82,10990.524497099
"IR",83,11755.5999634814
"IR",84,12691.1021765005
"IR",85,13731.8593544316
"IR",86,14903.6181534805
"IR",87,16350.3151850463
"IR",88,18027.2637949962
"IR",89,19946.5306126082
"IR",90,22160.4773265449
"IR",91,24518.0355537722
"IR",92,27397.9020099604
"IR",93,30906.2250008678
"IR",94,35191.7866977073
"IR",95,40234.0221739099
"IR",96,46879.0544944564
"IR",97,58541.4537797288
"IR",98,76957.0135724185
"IR",99,126938.839750705
"IR",99.1,133077.786558661
"IR",99.2,141009.556031792
"IR",99.3,150221.364499021
"IR",99.4,162013.038755067
"IR",99.5,176527.050838773
"IR",99.6,195582.071766299
"IR",99.7,227039.981223233
"IR",99.8,288526.69981454
"IR",99.9,348698.699185576
"IR",99.91,364858.076592162
"IR",99.92,380201.880775728
"IR",99.93,408390.145791777
"IR",99.94,444431.085780049
"IR",99.95,481230.047626087
"IR",99.96,538009.927238807
"IR",99.97,625733.356571559
"IR",99.98,788585.450803396
"IR",99.99,947982.178777751
"IR",99.991,999234.330031829
"IR",99.992,1053679.26952701
"IR",99.993,1118041.55685512
"IR",99.994,1201689.69905133
"IR",99.995,1311795.34703799
"IR",99.996,1467824.44552126
"IR",99.997,1695367.60113507
"IR",99.998,2115276.78680648
"IR",99.999,4176321.98197622
"IT",0,7189.71500137766
"IT",1,7189.71500137766
"IT",2,7189.71500137766
"IT",3,7189.71500137766
"IT",4,7189.71500137766
"IT",5,7189.95434513595
"IT",6,7193.50761922533
"IT",7,7207.2276679253
"IT",8,7238.7126408034
"IT",9,7296.28960653687
"IT",10,5773.5391006699
"IT",11,5908.30944259676
"IT",12,6094.39875165908
"IT",13,6340.44292154948
"IT",14,6655.2291682808
"IT",15,7047.1562904266
"IT",16,7509.99113520961
"IT",17,8058.37026228258
"IT",18,8722.67964548127
"IT",19,9477.13033599267
"IT",20,7603.29657223203
"IT",21,8084.83932126411
"IT",22,8662.14786061007
"IT",23,9167.81791073767
"IT",24,9462.33821670916
"IT",25,9827.50512655506
"IT",26,10042.318751595
"IT",27,10317.4854380547
"IT",28,10447.6785936303
"IT",29,10933.6748146189
"IT",30,11054.6211915738
"IT",31,11529.8679939495
"IT",32,11933.8396261894
"IT",33,12334.0853600337
"IT",34,12519.6564710829
"IT",35,12740.9122320396
"IT",36,12960.5341852278
"IT",37,13013.753402547
"IT",38,13455.1358457154
"IT",39,13657.6566378547
"IT",40,13621.5064087272
"IT",41,13695.4110589129
"IT",42,14068.4741964454
"IT",43,14371.1342218265
"IT",44,14641.1342653914
"IT",45,14930.8466094192
"IT",46,15507.2611749534
"IT",47,15818.3834438398
"IT",48,16335.6690636258
"IT",49,16638.5763981624
"IT",50,16988.9589260889
"IT",51,17554.4743617063
"IT",52,17925.591234356
"IT",53,18379.4918342974
"IT",54,18896.4046896105
"IT",55,19349.3227547658
"IT",56,20023.7464760164
"IT",57,20454.0979428859
"IT",58,20779.6357597046
"IT",59,21500.6416198739
"IT",60,22141.9779933788
"IT",61,23177.6806473764
"IT",62,23463.7502217402
"IT",63,23930.8207009359
"IT",64,24357.6745440137
"IT",65,24673.4341999848
"IT",66,25138.7021198939
"IT",67,25412.8516719194
"IT",68,25751.5848100833
"IT",69,26123.3813893758
"IT",70,26829.0306050588
"IT",71,27504.4134761222
"IT",72,28585.9625959391
"IT",73,29636.7393626903
"IT",74,30704.4486536046
"IT",75,31576.5138108753
"IT",76,32364.6264874612
"IT",77,33378.9056881145
"IT",78,34374.7646563383
"IT",79,35631.9548372724
"IT",80,36616.4047531789
"IT",81,37410.2139858595
"IT",82,38444.9490950924
"IT",83,39507.0273491891
"IT",84,40555.3639273642
"IT",85,41444.8859562598
"IT",86,42833.6355204134
"IT",87,44513.1511946421
"IT",88,46126.4760376307
"IT",89,47824.3251228754
"IT",90,49160.5305725219
"IT",91,51096.683870021
"IT",92,53578.8567321493
"IT",93,57274.458746062
"IT",94,61705.9685952394
"IT",95,67614.706074626
"IT",96,76856.9979012477
"IT",97,89864.6240972007
"IT",98,120781.047653817
"IT",99,149578.98081295
"IT",99.1,155826.707338681
"IT",99.2,164798.047100806
"IT",99.3,173427.844720672
"IT",99.4,185656.190960739
"IT",99.5,200575.78476142
"IT",99.6,215487.278099203
"IT",99.7,260885.199209295
"IT",99.8,345431.413635376
"IT",99.9,422831.644883799
"IT",99.91,440927.162288264
"IT",99.92,478715.356470267
"IT",99.93,514832.757684852
"IT",99.94,580453.203530809
"IT",99.95,654839.608447055
"IT",99.96,832977.894607978
"IT",99.97,949188.866833052
"IT",99.98,2474706.34301857
"IT",99.99,4973811.29650813
"IT",99.991,5448835.51552098
"IT",99.992,5824324.57951992
"IT",99.993,5933394.41863063
"IT",99.994,5997074.02683403
"IT",99.995,6124541.90051643
"IT",99.996,6725804.04676133
"IT",99.997,8440378.47908359
"IT",99.998,9931359.82965589
"IT",99.999,18116366.736528
"JP",0,4965.14713262013
"JP",1,4965.14713262013
"JP",2,4965.14713262013
"JP",3,4965.14713262013
"JP",4,4965.14713262013
"JP",5,5161.85384067564
"JP",6,5572.86842313116
"JP",7,5999.51854512869
"JP",8,6436.1249694681
"JP",9,6879.61368743188
"JP",10,6649.66109324223
"JP",11,7102.13124626493
"JP",12,7557.81514784069
"JP",13,8015.7202539367
"JP",14,8475.70006561717
"JP",15,8937.71787879738
"JP",16,9292.55050678603
"JP",17,9776.00263671628
"JP",18,10216.1734095731
"JP",19,10558.8786829381
"JP",20,9255.90747287805
"JP",21,9535.98969556007
"JP",22,9872.60841549529
"JP",23,10457.2441026262
"JP",24,10719.0291953664
"JP",25,11185.1831905906
"JP",26,11500.4838625679
"JP",27,11924.3158057411
"JP",28,12231.852667942
"JP",29,12698.9333280791
"JP",30,12955.0287489524
"JP",31,13196.0960538313
"JP",32,13780.7732460059
"JP",33,14108.4647746101
"JP",34,14475.3358234211
"JP",35,14871.4940694021
"JP",36,15163.9269220164
"JP",37,15290.0631592823
"JP",38,15984.9220984652
"JP",39,16130.5714896197
"JP",40,16228.3194842325
"JP",41,16414.9275251246
"JP",42,16702.8709710661
"JP",43,17183.453480214
"JP",44,17372.7635700358
"JP",45,17695.9940275319
"JP",46,18097.8102943971
"JP",47,18446.9022224678
"JP",48,18684.1615557233
"JP",49,19046.5555140047
"JP",50,18992.9650352286
"JP",51,19462.8769614929
"JP",52,19709.7922886979
"JP",53,19985.1525657126
"JP",54,20256.0645534768
"JP",55,20536.4254802689
"JP",56,20959.2672350466
"JP",57,21100.5876289066
"JP",58,21167.5041588131
"JP",59,21591.6889227081
"JP",60,21369.20207555
"JP",61,21657.8084544587
"JP",62,21774.5965771211
"JP",63,21948.2779498104
"JP",64,22156.2259693886
"JP",65,22237.7194140355
"JP",66,22456.9313587105
"JP",67,22565.5015710784
"JP",68,22601.3130264643
"JP",69,22749.460004186
"JP",70,22851.4902909859
"JP",71,22876.5108396632
"JP",72,23005.7137338573
"JP",73,23109.3876181498
"JP",74,23212.3055396764
"JP",75,23297.5980635353
"JP",76,23352.2577403336
"JP",77,23457.9556224175
"JP",78,23672.2488107459
"JP",79,23808.973393178
"JP",80,24269.0484236301
"JP",81,24406.7805331592
"JP",82,24670.5165405141
"JP",83,25153.4645371416
"JP",84,25755.4925101946
"JP",85,26496.6859481669
"JP",86,27521.212320993
"JP",87,29112.1077395698
"JP",88,31130.264714665
"JP",89,33860.1133040615
"JP",90,37503.479813624
"JP",91,42528.6508422462
"JP",92,49284.8911241164
"JP",93,58484.8435889778
"JP",94,71134.2191832663
"JP",95,88438.9403875094
"JP",96,112720.40806819
"JP",97,147685.893140285
"JP",98,210657.629938682
"JP",99,277899.541776928
"JP",99.1,296059.146508378
"JP",99.2,319849.859463549
"JP",99.3,345475.827434389
"JP",99.4,375498.347249751
"JP",99.5,409375.541218398
"JP",99.6,447758.073019477
"JP",99.7,508497.523626034
"JP",99.8,608242.03569658
"JP",99.9,683829.448988506
"JP",99.91,704609.589756168
"JP",99.92,703115.455955229
"JP",99.93,739617.691675731
"JP",99.94,783394.640962405
"JP",99.95,802455.979753005
"JP",99.96,848106.805722713
"JP",99.97,900871.681115265
"JP",99.98,969079.176588248
"JP",99.99,1015382.356336
"JP",99.991,1035123.21164102
"JP",99.992,1048041.93660411
"JP",99.993,1056030.75356712
"JP",99.994,1071828.69685017
"JP",99.995,1087657.22932492
"JP",99.996,1107715.88052128
"JP",99.997,1127043.53918282
"JP",99.998,1165674.81512252
"JP",99.999,1220688.22413295
"KE",0,42.2054573985696
"KE",1,42.2054573985696
"KE",2,42.2054573985696
"KE",3,42.2054573985696
"KE",4,42.2054573985696
"KE",5,81.4716325703171
"KE",6,161.257746193527
"KE",7,241.981344336992
"KE",8,322.943878922074
"KE",9,404.063404075203
"KE",10,485.320386410239
"KE",11,566.595192480362
"KE",12,647.980615109646
"KE",13,729.481207098791
"KE",14,811.136547458422
"KE",15,892.951382389289
"KE",16,970.462980306538
"KE",17,1053.1683586885
"KE",18,1132.68123311532
"KE",19,1204.30859250052
"KE",20,1228.21137133891
"KE",21,1247.94450868212
"KE",22,1280.16153529273
"KE",23,1317.90715963423
"KE",24,1346.06901339059
"KE",25,1376.42016956738
"KE",26,1402.14783978017
"KE",27,1434.56643295742
"KE",28,1459.16192937642
"KE",29,1493.82621969071
"KE",30,1534.43152031108
"KE",31,1558.25420931766
"KE",32,1596.49105928221
"KE",33,1626.51456007108
"KE",34,1660.15377162337
"KE",35,1695.52768755722
"KE",36,1725.71020027731
"KE",37,1744.00458014615
"KE",38,1795.31714825421
"KE",39,1826.10553263571
"KE",40,1862.22364198223
"KE",41,1892.58354451104
"KE",42,1934.30123123476
"KE",43,1971.22697009911
"KE",44,2006.91632449907
"KE",45,2038.78295980833
"KE",46,2084.65030485073
"KE",47,2123.37259333752
"KE",48,2166.89526599455
"KE",49,2202.46496587208
"KE",50,2242.4624402272
"KE",51,2292.91760928619
"KE",52,2331.07695402396
"KE",53,2383.37154532459
"KE",54,2423.04832315194
"KE",55,2469.12938385627
"KE",56,2527.15853739753
"KE",57,2575.59153341294
"KE",58,2618.23224959035
"KE",59,2683.34556608859
"KE",60,2747.68992761996
"KE",61,2803.85383603326
"KE",62,2866.56663502278
"KE",63,2928.74099558435
"KE",64,2989.01246080893
"KE",65,3058.93196376606
"KE",66,3137.45732738599
"KE",67,3213.8244681888
"KE",68,3302.73464928672
"KE",69,3390.59621978741
"KE",70,3492.60028519077
"KE",71,3575.76893275271
"KE",72,3686.3063840555
"KE",73,3787.32125519324
"KE",74,3890.18127500969
"KE",75,4013.15888323277
"KE",76,4133.88233706247
"KE",77,4254.56184470052
"KE",78,4403.63896644736
"KE",79,4562.9539848996
"KE",80,4739.84020615481
"KE",81,4906.38999544168
"KE",82,5085.40155843312
"KE",83,5294.70466575879
"KE",84,5538.4965215538
"KE",85,5783.60993647822
"KE",86,6099.94780598882
"KE",87,6480.83045045253
"KE",88,6882.78867641694
"KE",89,7395.6969195254
"KE",90,8049.96679110287
"KE",91,8764.46398996739
"KE",92,9790.16041418091
"KE",93,11029.8775828164
"KE",94,12650.4044049937
"KE",95,15164.5128724864
"KE",96,18420.5769039523
"KE",97,23295.7565539962
"KE",98,33082.0185078037
"KE",99,40159.0572566125
"KE",99.1,42199.2246875092
"KE",99.2,44875.9912884165
"KE",99.3,47878.5078693243
"KE",99.4,51643.2150818921
"KE",99.5,56479.8608373865
"KE",99.6,62894.4528552237
"KE",99.7,73102.1643988677
"KE",99.8,92711.4864317083
"KE",99.9,112153.71105986
"KE",99.91,117602.240395139
"KE",99.92,122392.56238999
"KE",99.93,132026.237489182
"KE",99.94,144389.661449689
"KE",99.95,156135.405850073
"KE",99.96,176334.712969162
"KE",99.97,206496.631156743
"KE",99.98,261900.495861629
"KE",99.99,315913.168416913
"KE",99.991,336284.81959567
"KE",99.992,355565.761228557
"KE",99.993,376266.162105557
"KE",99.994,405606.26957919
"KE",99.995,442289.540298674
"KE",99.996,493213.378800621
"KE",99.997,565229.591982747
"KE",99.998,718195.327650481
"KE",99.999,1518537.49370616
"KR",0,3231.84249345755
"KR",1,3231.84249345755
"KR",2,3231.84249345755
"KR",3,3231.84249345755
"KR",4,3231.84249345755
"KR",5,3481.21410440901
"KR",6,4004.21833087451
"KR",7,4547.26867376783
"KR",8,5103.78734356182
"KR",9,5670.38889610838
"KR",10,5802.62015347166
"KR",11,6383.10853062834
"KR",12,6968.45240753035
"KR",13,7558.15431162824
"KR",14,8150.96100488148
"KR",15,8746.21441679139
"KR",16,9218.40719360219
"KR",17,9842.23147832404
"KR",18,10341.9550990908
"KR",19,10975.870219615
"KR",20,10256.1917259997
"KR",21,10569.6954283572
"KR",22,11208.6062834432
"KR",23,11747.5033223465
"KR",24,12233.3987736913
"KR",25,12837.2265835593
"KR",26,13290.5050485856
"KR",27,13786.8825733773
"KR",28,14338.9238388527
"KR",29,14982.8242477863
"KR",30,15441.5619099255
"KR",31,15875.9519893255
"KR",32,16547.7757977046
"KR",33,17155.8464275018
"KR",34,17635.9508571035
"KR",35,18237.8412320153
"KR",36,18855.2815390344
"KR",37,19208.4230158929
"KR",38,19908.0262892875
"KR",39,20482.0692917818
"KR",40,20864.3505474884
"KR",41,21386.47950142
"KR",42,21781.8829154013
"KR",43,22500.7443966587
"KR",44,22900.6454211351
"KR",45,23449.272698879
"KR",46,24142.465636647
"KR",47,24505.4499064252
"KR",48,25126.8126080154
"KR",49,25489.5300577585
"KR",50,25879.2362077543
"KR",51,26433.4455227785
"KR",52,26748.4163060581
"KR",53,27286.1891267601
"KR",54,27726.4525317779
"KR",55,28151.2787125334
"KR",56,28746.177647708
"KR",57,28930.7037634179
"KR",58,29217.5708442333
"KR",59,29719.0544596669
"KR",60,29763.0559323428
"KR",61,30209.9614611508
"KR",62,30354.705179937
"KR",63,30640.3542210109
"KR",64,31049.2290570137
"KR",65,31148.4723834064
"KR",66,31456.6985775003
"KR",67,31720.7905668022
"KR",68,31724.465700081
"KR",69,31907.8680089243
"KR",70,31973.8057302059
"KR",71,32057.1555545287
"KR",72,32255.5759563822
"KR",73,32298.1089736646
"KR",74,32350.9340228097
"KR",75,32456.6089904616
"KR",76,32592.1926655472
"KR",77,32707.4401463278
"KR",78,32882.5114779743
"KR",79,33049.3979740821
"KR",80,33297.030210297
"KR",81,33330.3878557201
"KR",82,33408.8039603435
"KR",83,33613.7933458221
"KR",84,33887.3702808169
"KR",85,34064.0786699588
"KR",86,34567.8104933944
"KR",87,35312.4422422906
"KR",88,36332.9220539913
"KR",89,37787.3854906752
"KR",90,39626.3548619037
"KR",91,42122.3016758875
"KR",92,45668.9132089602
"KR",93,50599.068446781
"KR",94,57683.2462090291
"KR",95,68015.7530379107
"KR",96,83783.7625551023
"KR",97,109768.182758885
"KR",98,160902.98141083
"KR",99,211376.109882387
"KR",99.1,224919.229537633
"KR",99.2,242527.114552317
"KR",99.3,263243.721452083
"KR",99.4,289786.68122652
"KR",99.5,324934.768753711
"KR",99.6,374266.452032847
"KR",99.7,466133.684072617
"KR",99.8,675077.188048215
"KR",99.9,901971.528393905
"KR",99.91,968849.313644397
"KR",99.92,1026677.01075243
"KR",99.93,1148394.26292859
"KR",99.94,1305588.29955779
"KR",99.95,1481136.78985834
"KR",99.96,1776638.67765828
"KR",99.97,2279614.33073752
"KR",99.98,3345958.55465568
"KR",99.99,4555446.2647656
"KR",99.991,4964638.26181696
"KR",99.992,5444920.89734727
"KR",99.993,6028636.74422287
"KR",99.994,6809457.82058707
"KR",99.995,7898072.078754
"KR",99.996,9512908.29363423
"KR",99.997,12177647.9875244
"KR",99.998,18127618.6686357
"KR",99.999,90212386.0377565
"MA",0,389.686939270638
"MA",1,389.686939270638
"MA",2,389.686939270638
"MA",3,389.686939270638
"MA",4,389.686939270638
"MA",5,442.678453563679
"MA",6,552.387460466322
"MA",7,665.293379058992
"MA",8,780.139624121435
"MA",9,896.330548437634
"MA",10,960.252251174545
"MA",11,1078.06945462015
"MA",12,1196.38767964899
"MA",13,1315.14149104028
"MA",14,1434.16057623813
"MA",15,1553.40001886704
"MA",16,1665.97619297451
"MA",17,1787.26798960378
"MA",18,1902.04145323811
"MA",19,2023.94970275547
"MA",20,1947.92780059074
"MA",21,2208.8998972118
"MA",22,2263.7044003256
"MA",23,2282.89801670272
"MA",24,2298.43579539621
"MA",25,2321.47530140054
"MA",26,2335.64177603923
"MA",27,2353.88977404919
"MA",28,2369.35445431375
"MA",29,2392.39262414134
"MA",30,2417.117018085
"MA",31,2518.31622475344
"MA",32,2660.09929301558
"MA",33,2803.68363456035
"MA",34,2890.79998566981
"MA",35,2930.38260014707
"MA",36,2935.45737000576
"MA",37,2947.42129183183
"MA",38,2964.82014193845
"MA",39,2987.82352307383
"MA",40,3062.74590646866
"MA",41,3249.80976591734
"MA",42,3390.82296213206
"MA",43,3434.61785906512
"MA",44,3462.55038454424
"MA",45,3493.79247325045
"MA",46,3531.90121227088
"MA",47,3564.63809196598
"MA",48,3597.47391444984
"MA",49,3626.01919980754
"MA",50,3657.69460605551
"MA",51,3731.25145641214
"MA",52,3799.6323797836
"MA",53,3869.10256818299
"MA",54,3938.02273984098
"MA",55,4014.6937795673
"MA",56,4093.54046250932
"MA",57,4162.78994095146
"MA",58,4241.43830141042
"MA",59,4317.06874920621
"MA",60,4609.26512831845
"MA",61,4845.430680427
"MA",62,4876.67390515237
"MA",63,4911.1881958196
"MA",64,4943.84849085489
"MA",65,4976.80592333204
"MA",66,5020.91119950945
"MA",67,5054.08642425912
"MA",68,5090.57614092032
"MA",69,5130.56029057493
"MA",70,5313.95882040055
"MA",71,5655.20969211438
"MA",72,5965.55158999691
"MA",73,6076.65144479958
"MA",74,6154.27919117983
"MA",75,6240.42556192806
"MA",76,6332.29861577655
"MA",77,6428.28372748647
"MA",78,6531.58628355405
"MA",79,6632.49445886171
"MA",80,6882.69359359212
"MA",81,7228.10831307578
"MA",82,7631.6271081008
"MA",83,8098.78956411216
"MA",84,8639.19071035333
"MA",85,9249.25473573595
"MA",86,10061.4375239652
"MA",87,11248.0075872524
"MA",88,12552.5092308838
"MA",89,14012.510242232
"MA",90,15536.5660841148
"MA",91,17056.0784413805
"MA",92,18705.3555560056
"MA",93,20514.3201549349
"MA",94,22574.5660649885
"MA",95,24984.4589615134
"MA",96,27818.2461759185
"MA",97,31585.2802461684
"MA",98,37647.6908936079
"MA",99,55724.7009771007
"MA",99.1,57160.281842221
"MA",99.2,58949.3093899157
"MA",99.3,61136.6848911065
"MA",99.4,63536.6648721195
"MA",99.5,67199.1040891606
"MA",99.6,70902.2368420729
"MA",99.7,77916.7733358326
"MA",99.8,93997.6441903938
"MA",99.9,111245.237537863
"MA",99.91,116646.912388941
"MA",99.92,122188.970724875
"MA",99.93,130353.889767261
"MA",99.94,141340.543247562
"MA",99.95,153134.310264565
"MA",99.96,170295.558117149
"MA",99.97,201583.398500414
"MA",99.98,269878.562630859
"MA",99.99,338660.542225196
"MA",99.991,363288.128847338
"MA",99.992,388140.280031851
"MA",99.993,419695.081420965
"MA",99.994,461082.700060325
"MA",99.995,519757.922731813
"MA",99.996,607774.353980841
"MA",99.997,737138.039354458
"MA",99.998,964644.095118108
"MA",99.999,2246018.26657776
"ML",0,26.4364949157854
"ML",1,26.4364949157854
"ML",2,26.4364949157854
"ML",3,26.4364949157854
"ML",4,26.4364949157854
"ML",5,42.9027472395018
"ML",6,76.612625276286
"ML",7,110.951914290693
"ML",8,145.676923271658
"ML",9,180.671459909523
"ML",10,212.186128729243
"ML",11,247.456093928409
"ML",12,282.739280586525
"ML",13,318.118132052791
"ML",14,353.506593280229
"ML",15,388.890805056488
"ML",16,422.304286724556
"ML",17,457.936731725417
"ML",18,492.75978785965
"ML",19,525.778202563645
"ML",20,536.882251892135
"ML",21,554.565228159531
"ML",22,572.729273174151
"ML",23,588.132602599474
"ML",24,599.906004339035
"ML",25,614.734998973641
"ML",26,629.959191135861
"ML",27,642.868313081629
"ML",28,655.260955467219
"ML",29,669.520423296376
"ML",30,684.378946208004
"ML",31,695.979555195979
"ML",32,710.429248119963
"ML",33,726.869206619585
"ML",34,740.854946145835
"ML",35,758.879272833108
"ML",36,771.661105619186
"ML",37,785.194433408683
"ML",38,802.526383968356
"ML",39,816.02310615966
"ML",40,832.009912350435
"ML",41,846.915748427901
"ML",42,860.869462415877
"ML",43,876.486419606636
"ML",44,893.948685041676
"ML",45,911.966311680062
"ML",46,934.858760493212
"ML",47,954.188975696391
"ML",48,972.650910198674
"ML",49,991.188928649689
"ML",50,1009.10419218183
"ML",51,1027.43862582648
"ML",52,1046.38099529106
"ML",53,1068.33640898571
"ML",54,1091.63033190153
"ML",55,1111.15147242325
"ML",56,1133.46399618211
"ML",57,1153.68958117716
"ML",58,1174.92001149229
"ML",59,1196.34045500212
"ML",60,1216.91679701421
"ML",61,1245.49894586787
"ML",62,1274.58989738841
"ML",63,1304.72703504508
"ML",64,1335.29354769392
"ML",65,1365.69334374873
"ML",66,1400.99576872712
"ML",67,1442.3086060159
"ML",68,1477.35902323823
"ML",69,1513.6239956803
"ML",70,1552.74985330728
"ML",71,1588.17540597602
"ML",72,1628.8417367258
"ML",73,1670.54529972024
"ML",74,1719.08019392487
"ML",75,1760.47945738377
"ML",76,1810.63596113165
"ML",77,1860.75089677871
"ML",78,1922.77374080338
"ML",79,1986.82802161956
"ML",80,2055.33365163809
"ML",81,2140.5040213825
"ML",82,2223.6158826355
"ML",83,2319.00967249575
"ML",84,2413.07293215769
"ML",85,2500.67506719942
"ML",86,2626.45774384042
"ML",87,2776.06520511541
"ML",88,2927.21363672572
"ML",89,3142.50025128374
"ML",90,3398.26358456481
"ML",91,3670.92046196725
"ML",92,4007.73748956135
"ML",93,4433.09113335425
"ML",94,5012.47235092123
"ML",95,5693.51847186144
"ML",96,6781.92579696263
"ML",97,8334.48526154685
"ML",98,11222.4766744783
"ML",99,13015.9863694037
"ML",99.1,13553.6265740854
"ML",99.2,14177.7171132572
"ML",99.3,14904.1055179264
"ML",99.4,15734.8694924582
"ML",99.5,16884.562793616
"ML",99.6,18255.8896136334
"ML",99.7,20377.1350544427
"ML",99.8,24292.3397198779
"ML",99.9,28186.1336844565
"ML",99.91,29306.3773689039
"ML",99.92,30392.5939013448
"ML",99.93,31996.3775591224
"ML",99.94,34195.4006812597
"ML",99.95,36209.7164544632
"ML",99.96,39452.0932365906
"ML",99.97,44609.3568165104
"ML",99.98,53629.8413736676
"ML",99.99,62122.8467586234
"ML",99.991,65249.1032789195
"ML",99.992,68320.4730714953
"ML",99.993,71313.257186989
"ML",99.994,75482.2067206163
"ML",99.995,81073.9702916507
"ML",99.996,88458.4155195071
"ML",99.997,98213.7751393715
"ML",99.998,118855.22614234
"ML",99.999,209508.040174594
"MM",0,3.09459534346776
"MM",1,3.09459534346776
"MM",2,3.09459534346776
"MM",3,3.09459534346776
"MM",4,3.09459534346776
"MM",5,45.7640256963494
"MM",6,131.733528006238
"MM",7,218.179578916824
"MM",8,304.921004307903
"MM",9,391.846773351147
"MM",10,478.884793838084
"MM",11,566.011850526148
"MM",12,653.169884475908
"MM",13,740.287351677005
"MM",14,827.428335765293
"MM",15,914.522139935558
"MM",16,1001.39672186735
"MM",17,1089.58355129813
"MM",18,1174.17676898615
"MM",19,1264.05622669499
"MM",20,1303.22722889541
"MM",21,1337.97335236621
"MM",22,1368.06438978384
"MM",23,1404.5192552974
"MM",24,1433.51247912038
"MM",25,1472.03438357767
"MM",26,1502.06752910078
"MM",27,1535.7570509689
"MM",28,1571.12620174185
"MM",29,1606.02334928474
"MM",30,1642.47164977357
"MM",31,1671.87474503118
"MM",32,1710.20873241986
"MM",33,1742.74094127444
"MM",34,1774.40398746903
"MM",35,1812.31198405394
"MM",36,1850.82093023569
"MM",37,1882.20282038047
"MM",38,1930.71777830499
"MM",39,1973.1643253832
"MM",40,2014.31630561577
"MM",41,2053.18664732423
"MM",42,2096.16572100258
"MM",43,2137.85555607865
"MM",44,2182.78732714939
"MM",45,2229.64077080167
"MM",46,2279.47078472408
"MM",47,2323.13775671862
"MM",48,2377.5014740171
"MM",49,2422.82255057207
"MM",50,2470.67394615021
"MM",51,2521.12064275953
"MM",52,2574.09551658509
"MM",53,2629.42207036599
"MM",54,2683.75914981538
"MM",55,2740.92926376186
"MM",56,2805.46911429221
"MM",57,2859.57746822941
"MM",58,2924.15238937882
"MM",59,2991.42547468398
"MM",60,3065.08414052037
"MM",61,3132.80606833289
"MM",62,3206.69279613999
"MM",63,3284.81518371024
"MM",64,3365.53966646358
"MM",65,3451.58772553874
"MM",66,3546.03609114799
"MM",67,3626.65664623944
"MM",68,3713.00956902075
"MM",69,3806.79033946794
"MM",70,3910.51612962254
"MM",71,4007.45653515884
"MM",72,4116.93345572208
"MM",73,4229.00612241984
"MM",74,4347.97900606156
"MM",75,4469.2024766401
"MM",76,4610.65177855675
"MM",77,4748.02073903847
"MM",78,4889.65790515389
"MM",79,5049.73936983048
"MM",80,5210.23444772398
"MM",81,5378.48757977176
"MM",82,5557.67846218589
"MM",83,5758.53904049042
"MM",84,5958.65534605347
"MM",85,6197.08198741166
"MM",86,6456.35644569663
"MM",87,6772.04497105052
"MM",88,7102.63335672627
"MM",89,7386.3921612025
"MM",90,7441.01749525017
"MM",91,7894.68793868783
"MM",92,8540.27841171473
"MM",93,9371.28604617634
"MM",94,10550.7088057688
"MM",95,11894.5320533506
"MM",96,13902.3378548513
"MM",97,17098.582438217
"MM",98,23308.8756249668
"MM",99,29550.945856054
"MM",99.1,31778.6338730375
"MM",99.2,34465.9935778025
"MM",99.3,37742.2500913978
"MM",99.4,42042.4055861959
"MM",99.5,47988.7694215999
"MM",99.6,56044.5036369273
"MM",99.7,69464.0330393005
"MM",99.8,98650.7329193362
"MM",99.9,132532.680453913
"MM",99.91,140685.509197041
"MM",99.92,149677.052555288
"MM",99.93,162033.950447167
"MM",99.94,177515.370801706
"MM",99.95,196603.058944303
"MM",99.96,223623.560315672
"MM",99.97,267336.20448794
"MM",99.98,355074.813428113
"MM",99.99,447882.944599281
"MM",99.991,476135.315307689
"MM",99.992,508899.758424221
"MM",99.993,547559.222325941
"MM",99.994,598842.332463763
"MM",99.995,667934.001287036
"MM",99.996,765827.804495162
"MM",99.997,916647.650400743
"MM",99.998,1188086.20946286
"MM",99.999,3220495.65021064
"MX",0,619.634096491528
"MX",1,619.634096491528
"MX",2,619.634096491528
"MX",3,619.634096491528
"MX",4,619.634096491528
"MX",5,619.634096491528
"MX",6,619.634096491528
"MX",7,619.634096491528
"MX",8,619.634096491528
"MX",9,619.634096491528
"MX",10,619.634096491528
"MX",11,619.634096491528
"MX",12,619.634096491528
"MX",13,645.47263820284
"MX",14,876.570369717607
"MX",15,1147.06317115025
"MX",16,1387.4183831533
"MX",17,1578.24574696282
"MX",18,1751.41024620758
"MX",19,1919.6617568583
"MX",20,1772.15115085803
"MX",21,1917.22957826237
"MX",22,2051.87261214007
"MX",23,2171.49176161515
"MX",24,2291.51555822359
"MX",25,2415.46907501054
"MX",26,2493.6679520475
"MX",27,2623.39267513206
"MX",28,2737.06791008713
"MX",29,2853.78147802641
"MX",30,2958.89546260781
"MX",31,3077.14861479088
"MX",32,3196.79763795975
"MX",33,3298.2739310984
"MX",34,3390.09609489618
"MX",35,3453.32102253475
"MX",36,3574.77731670141
"MX",37,3648.08760494863
"MX",38,3750.32399676284
"MX",39,3843.29138278077
"MX",40,3901.14072026757
"MX",41,4003.17478502112
"MX",42,4132.53677204931
"MX",43,4252.28529356348
"MX",44,4298.26813798148
"MX",45,4380.10012246123
"MX",46,4509.75902065577
"MX",47,4619.73161457655
"MX",48,4824.15238960415
"MX",49,4927.9162133567
"MX",50,5060.43540104075
"MX",51,5203.10718860894
"MX",52,5336.67986751324
"MX",53,5448.92067189345
"MX",54,5584.44894763017
"MX",55,5728.83477317875
"MX",56,5962.04965942978
"MX",57,6092.08662700967
"MX",58,6215.78861908759
"MX",59,6445.56201753147
"MX",60,6536.87988053858
"MX",61,6721.65019159363
"MX",62,6928.7837475262
"MX",63,7126.83793209931
"MX",64,7362.25401368483
"MX",65,7597.07516090247
"MX",66,7871.11967755307
"MX",67,8166.21386820978
"MX",68,8445.59036822391
"MX",69,8756.71814246452
"MX",70,9210.02070295108
"MX",71,9670.59379253335
"MX",72,10110.4450616581
"MX",73,10547.1093650097
"MX",74,11067.5247787622
"MX",75,11589.7044492715
"MX",76,12157.4251473293
"MX",77,12751.3878416962
"MX",78,13370.3244961237
"MX",79,14098.6946263236
"MX",80,14747.6257275766
"MX",81,15480.1252156437
"MX",82,16361.1403953554
"MX",83,17431.182344473
"MX",84,18754.6280215174
"MX",85,20306.7932256898
"MX",86,21813.3326889121
"MX",87,23489.9499426986
"MX",88,25554.5189747582
"MX",89,27960.7952113369
"MX",90,30679.250324502
"MX",91,33948.4538137459
"MX",92,38448.6661803879
"MX",93,43782.0417416246
"MX",94,50381.3774387377
"MX",95,59616.0661900576
"MX",96,73050.4955431179
"MX",97,95737.6033313127
"MX",98,147153.780858756
"MX",99,200216.152897959
"MX",99.1,209121.877737512
"MX",99.2,227494.897767755
"MX",99.3,245031.331326546
"MX",99.4,264227.322467433
"MX",99.5,303409.30505176
"MX",99.6,349259.323165812
"MX",99.7,412308.625353013
"MX",99.8,488749.183769666
"MX",99.9,587086.267091995
"MX",99.91,619498.369396694
"MX",99.92,626516.367496149
"MX",99.93,714186.709771167
"MX",99.94,886878.836727236
"MX",99.95,1015881.00993425
"MX",99.96,1032219.90323032
"MX",99.97,1072043.94015876
"MX",99.98,1176194.09956315
"MX",99.99,1256070.83231179
"MX",99.991,1384726.47096832
"MX",99.992,1419594.6020239
"MX",99.993,1420817.32029132
"MX",99.994,1936337.20460958
"MX",99.995,2092687.98671645
"MX",99.996,2101895.99221012
"MX",99.997,2100440.01413581
"MX",99.998,2111552.77808527
"MX",99.999,2104984.71608293
"NE",0,4.34043870659452
"NE",1,4.34043870659452
"NE",2,4.34043870659452
"NE",3,4.34043870659452
"NE",4,4.34043870659452
"NE",5,18.8752539300379
"NE",6,48.3450646178426
"NE",7,78.1290259415908
"NE",8,108.110436613298
"NE",9,138.220154904075
"NE",10,168.417012761416
"NE",11,198.67385564989
"NE",12,228.973445727737
"NE",13,259.310328965247
"NE",14,289.651247010198
"NE",15,320.021804888527
"NE",16,349.132401938406
"NE",17,378.822464503343
"NE",18,407.93801883535
"NE",19,437.037914166058
"NE",20,454.044769044446
"NE",21,463.25514809656
"NE",22,474.03034760603
"NE",23,486.021144921456
"NE",24,495.737124336064
"NE",25,508.441999383816
"NE",26,520.569560500764
"NE",27,531.191440494012
"NE",28,543.536997413645
"NE",29,555.613868363464
"NE",30,567.411995681002
"NE",31,577.600130157234
"NE",32,590.526854175423
"NE",33,600.315651272834
"NE",34,611.797447685941
"NE",35,624.074040756152
"NE",36,637.545509726288
"NE",37,647.42974036446
"NE",38,661.035141741522
"NE",39,672.451433444096
"NE",40,687.922104749801
"NE",41,701.92879543375
"NE",42,715.836095120682
"NE",43,728.040804974943
"NE",44,742.259740676818
"NE",45,755.964904820752
"NE",46,773.961803369037
"NE",47,786.903648058424
"NE",48,799.869664956257
"NE",49,812.471916510883
"NE",50,829.060177140466
"NE",51,844.64022408955
"NE",52,856.606283078009
"NE",53,870.721992627279
"NE",54,886.027910161795
"NE",55,903.979047291199
"NE",56,920.789284480631
"NE",57,934.77337638609
"NE",58,951.553201760712
"NE",59,967.651447223416
"NE",60,982.913387328442
"NE",61,1000.60649438071
"NE",62,1019.33182397062
"NE",63,1036.66175829338
"NE",64,1061.8511250838
"NE",65,1087.97708229059
"NE",66,1111.56170137145
"NE",67,1132.07725070494
"NE",68,1154.42836844369
"NE",69,1174.57224846573
"NE",70,1200.4984326499
"NE",71,1227.33017426489
"NE",72,1256.10179647132
"NE",73,1289.24494684189
"NE",74,1318.84829707508
"NE",75,1353.47075721855
"NE",76,1390.79224863187
"NE",77,1431.56282064141
"NE",78,1474.62098777854
"NE",79,1526.14394890506
"NE",80,1569.85359970217
"NE",81,1616.70169674441
"NE",82,1676.01331890867
"NE",83,1739.73973119462
"NE",84,1809.92835346957
"NE",85,1883.4097568134
"NE",86,1981.79048586853
"NE",87,2081.59993506744
"NE",88,2188.0129644038
"NE",89,2326.06201432202
"NE",90,2509.00307140624
"NE",91,2730.26612413099
"NE",92,2995.61122060261
"NE",93,3328.6437348001
"NE",94,3750.07357351734
"NE",95,4313.54818920684
"NE",96,5122.62718336662
"NE",97,6325.80936937175
"NE",98,8908.44965378491
"NE",99,10690.5072155319
"NE",99.1,11194.1710304336
"NE",99.2,11790.0475853628
"NE",99.3,12489.2675388311
"NE",99.4,13348.2635889653
"NE",99.5,14481.2063566179
"NE",99.6,15977.4158293884
"NE",99.7,18286.9779363139
"NE",99.8,22608.7832558648
"NE",99.9,26922.3049335422
"NE",99.91,28199.2512691146
"NE",99.92,29585.0044262702
"NE",99.93,31402.3282013622
"NE",99.94,33734.1282606346
"NE",99.95,36463.9249557556
"NE",99.96,40377.9951881948
"NE",99.97,46505.095399669
"NE",99.98,57744.7290804599
"NE",99.99,68915.4214132526
"NE",99.991,72292.1259161363
"NE",99.992,76079.3617603557
"NE",99.993,80682.9304829355
"NE",99.994,86385.8201550713
"NE",99.995,93855.5742777981
"NE",99.996,104026.826030976
"NE",99.997,119354.510112709
"NE",99.998,148610.270382138
"NE",99.999,292185.254140285
"NG",0,9.71549682995028
"NG",1,9.71549682995028
"NG",2,9.71549682995028
"NG",3,9.71549682995028
"NG",4,9.71549682995028
"NG",5,55.5041557434045
"NG",6,147.504919179152
"NG",7,239.83732480859
"NG",8,332.370839178894
"NG",9,425.031435583417
"NG",10,517.779188718777
"NG",11,610.560725610876
"NG",12,703.408590535939
"NG",13,796.280889653013
"NG",14,889.164823572422
"NG",15,982.057782896952
"NG",16,1076.55380333668
"NG",17,1168.44486160367
"NG",18,1258.82644994565
"NG",19,1353.65554352043
"NG",20,1410.23689501638
"NG",21,1458.58513045087
"NG",22,1510.65894883562
"NG",23,1553.52899583612
"NG",24,1593.00104675001
"NG",25,1641.26140526553
"NG",26,1684.51761211748
"NG",27,1730.69170539977
"NG",28,1769.5261138424
"NG",29,1815.91215366639
"NG",30,1874.47675345745
"NG",31,1925.48503380704
"NG",32,1975.51946917205
"NG",33,2027.62832858941
"NG",34,2076.08112777942
"NG",35,2120.78248173764
"NG",36,2176.03784623919
"NG",37,2223.4206587672
"NG",38,2284.54580179028
"NG",39,2330.45873815665
"NG",40,2377.49083783583
"NG",41,2427.87939227999
"NG",42,2480.65154054845
"NG",43,2533.28098799824
"NG",44,2585.2290260428
"NG",45,2637.09486699528
"NG",46,2706.73119521782
"NG",47,2767.91642417158
"NG",48,2824.44429109527
"NG",49,2883.2094797603
"NG",50,2942.2705112539
"NG",51,3005.15891773176
"NG",52,3070.31884515229
"NG",53,3137.45418696912
"NG",54,3201.526606791
"NG",55,3273.36658794376
"NG",56,3347.414108552
"NG",57,3413.52882563314
"NG",58,3486.24738651187
"NG",59,3559.6145477414
"NG",60,3655.57847679162
"NG",61,3729.36321119866
"NG",62,3808.05672284859
"NG",63,3886.45588712534
"NG",64,3974.37871262471
"NG",65,4067.94332091915
"NG",66,4162.00583047982
"NG",67,4260.1760725426
"NG",68,4363.73976680518
"NG",69,4475.37123032763
"NG",70,4588.86349149144
"NG",71,4697.04461943419
"NG",72,4824.56843176612
"NG",73,4950.58333953855
"NG",74,5078.39265896235
"NG",75,5208.43951990088
"NG",76,5356.74619661991
"NG",77,5519.9090658047
"NG",78,5692.64419522725
"NG",79,5864.42818805771
"NG",80,6032.23181243016
"NG",81,6219.24269873059
"NG",82,6437.08239160736
"NG",83,6673.4028407292
"NG",84,6952.17211262969
"NG",85,7248.68092618578
"NG",86,7570.27087287658
"NG",87,7957.3053097322
"NG",88,8392.18809629359
"NG",89,8912.89941463388
"NG",90,9537.96450782733
"NG",91,10282.5631601087
"NG",92,11171.036877632
"NG",93,12297.0441583156
"NG",94,13757.4407706296
"NG",95,15666.7116119343
"NG",96,18524.1915028802
"NG",97,22690.8923633625
"NG",98,29674.5870323343
"NG",99,34145.2030328381
"NG",99.1,35584.6579882637
"NG",99.2,37300.5730043835
"NG",99.3,39317.450733502
"NG",99.4,41768.6471702544
"NG",99.5,45017.3839709934
"NG",99.6,49230.1787458662
"NG",99.7,55696.1795076172
"NG",99.8,67627.3167348623
"NG",99.9,79412.9690386265
"NG",99.91,82831.2887564198
"NG",99.92,86330.2930443973
"NG",99.93,91226.520872553
"NG",99.94,97455.2885230466
"NG",99.95,104499.350207442
"NG",99.96,114667.573637831
"NG",99.97,130570.988585803
"NG",99.98,159099.297856259
"NG",99.99,186906.197066533
"NG",99.991,195325.013867615
"NG",99.992,204843.636930695
"NG",99.993,215715.773231348
"NG",99.994,229441.572690546
"NG",99.995,247442.414492209
"NG",99.996,271564.854512388
"NG",99.997,307079.937153122
"NG",99.998,375188.259649017
"NG",99.999,694175.324605068
"NL",0,16020.0474282488
"NL",1,16020.0474282488
"NL",2,16020.0474282488
"NL",3,16020.0474282488
"NL",4,16020.0474282488
"NL",5,16351.4581122741
"NL",6,17084.7728823849
"NL",7,17878.1710864172
"NL",8,18709.31914448
"NL",9,19566.3907094278
"NL",10,11176.0523099076
"NL",11,12065.7959938435
"NL",12,12965.967651966
"NL",13,13874.592489696
"NL",14,14789.8534120164
"NL",15,15710.056669428
"NL",16,16687.3801454964
"NL",17,17665.6710012339
"NL",18,18363.6888614756
"NL",19,19474.6318303745
"NL",20,17227.1277878046
"NL",21,17446.978815817
"NL",22,17876.4901542278
"NL",23,18482.2371112808
"NL",24,18787.0887952882
"NL",25,19470.2455769575
"NL",26,19905.4806967639
"NL",27,20247.7369243039
"NL",28,20611.6584719057
"NL",29,20984.5939682577
"NL",30,20665.4517875582
"NL",31,21037.1398041585
"NL",32,21576.5279988497
"NL",33,21901.2127310823
"NL",34,22267.6155386281
"NL",35,22473.3965197383
"NL",36,22797.2099553139
"NL",37,22873.0993229245
"NL",38,23599.3253861252
"NL",39,23877.7651819932
"NL",40,23681.2346495829
"NL",41,24158.8685372137
"NL",42,24585.6892390053
"NL",43,25177.2055796109
"NL",44,25300.1583085913
"NL",45,25522.6485181436
"NL",46,26230.0948044148
"NL",47,26725.3790012174
"NL",48,27141.0817778511
"NL",49,27492.133264498
"NL",50,27334.0422059991
"NL",51,28093.6811424685
"NL",52,28524.0344011692
"NL",53,28974.9710903704
"NL",54,29539.7925390723
"NL",55,30214.6935420671
"NL",56,30941.8641289074
"NL",57,31145.1839767134
"NL",58,31772.772096804
"NL",59,32406.3708065693
"NL",60,32801.6193292611
"NL",61,33696.4464392866
"NL",62,34122.9280340392
"NL",63,34807.459693055
"NL",64,35642.0898327815
"NL",65,36192.3742145004
"NL",66,37106.4885425343
"NL",67,37727.3028879891
"NL",68,38369.5090712502
"NL",69,39258.7639044415
"NL",70,40103.8265389425
"NL",71,40843.7140119748
"NL",72,41938.6726928999
"NL",73,42688.5424163958
"NL",74,43779.369614283
"NL",75,44705.8900171579
"NL",76,45406.4416425001
"NL",77,46447.565877834
"NL",78,47574.0981067752
"NL",79,48601.5917349858
"NL",80,49636.1086764488
"NL",81,50427.9904625443
"NL",82,51682.3050652252
"NL",83,53079.7631536797
"NL",84,54635.328457172
"NL",85,56085.8574677321
"NL",86,57765.7871603271
"NL",87,59723.499557012
"NL",88,62073.2194841465
"NL",89,64222.5395623544
"NL",90,66877.7734061777
"NL",91,69686.6557090521
"NL",92,73193.8092653851
"NL",93,77445.3013336968
"NL",94,82961.7765925806
"NL",95,89880.1708973848
"NL",96,99637.6416291848
"NL",97,114511.243178321
"NL",98,143934.813472644
"NL",99,171543.855679571
"NL",99.1,179420.536468458
"NL",99.2,191783.102017859
"NL",99.3,203845.502449252
"NL",99.4,220782.799255299
"NL",99.5,240107.060660895
"NL",99.6,264364.893887176
"NL",99.7,307995.690361682
"NL",99.8,395534.145650504
"NL",99.9,481163.802216953
"NL",99.91,494807.31103024
"NL",99.92,498348.59342887
"NL",99.93,545192.761095854
"NL",99.94,610767.005632884
"NL",99.95,650242.187239303
"NL",99.96,739865.285310323
"NL",99.97,867775.7610176
"NL",99.98,1093467.29538245
"NL",99.99,1307636.00207394
"NL",99.991,1403585.46286832
"NL",99.992,1461126.60042794
"NL",99.993,1536806.21453345
"NL",99.994,1641745.83238576
"NL",99.995,1770112.89293457
"NL",99.996,1960621.93747345
"NL",99.997,2192790.40309437
"NL",99.998,2746737.43709567
"NL",99.999,5624796.64183672
"NO",0,9054.17057055407
"NO",1,9054.17057055407
"NO",2,9054.17057055407
"NO",3,9054.17057055407
"NO",4,9054.17057055407
"NO",5,9641.5695588356
"NO",6,10911.6107401442
"NO",7,12259.8295577707
"NO",8,13655.6477245349
"NO",9,15082.3648993619
"NO",10,12018.6494241641
"NO",11,13480.8864953078
"NO",12,14953.4145107045
"NO",13,16433.7974178452
"NO",14,17919.2255991702
"NO",15,19408.4923770383
"NO",16,20863.0678783214
"NO",17,22306.1529983041
"NO",18,23682.1281807761
"NO",19,25286.6113246522
"NO",20,26064.760604077
"NO",21,26468.5318107351
"NO",22,27123.6467887253
"NO",23,27537.0887317307
"NO",24,28517.3503449947
"NO",25,29162.767745095
"NO",26,29568.1408404943
"NO",27,29870.0886708921
"NO",28,30414.6194264152
"NO",29,30681.0904140267
"NO",30,31243.4981069287
"NO",31,31634.2261001227
"NO",32,32205.6015286606
"NO",33,32938.9543510951
"NO",34,33477.2391046652
"NO",35,34309.3811584342
"NO",36,34704.2126164142
"NO",37,35126.2168193043
"NO",38,36140.5854319933
"NO",39,36617.0237582272
"NO",40,37223.0993493322
"NO",41,37462.5363700375
"NO",42,37888.1563063547
"NO",43,38368.1284090081
"NO",44,38581.9880164471
"NO",45,39340.7171604168
"NO",46,39883.0556705343
"NO",47,40755.3086909595
"NO",48,41545.5902742339
"NO",49,41615.0269050876
"NO",50,41673.3789082721
"NO",51,42573.9907391437
"NO",52,43039.4849868043
"NO",53,43726.1380657012
"NO",54,44218.0878988944
"NO",55,44620.4369819366
"NO",56,45410.0198915802
"NO",57,46183.3027013878
"NO",58,47110.7803553875
"NO",59,47667.7672292539
"NO",60,47586.4448347833
"NO",61,48199.8191825891
"NO",62,48783.1838303731
"NO",63,49481.891294337
"NO",64,50140.9579888379
"NO",65,50685.7174837364
"NO",66,51377.2874224712
"NO",67,52043.0234884994
"NO",68,52322.9157098065
"NO",69,53408.6256307537
"NO",70,54064.8052547484
"NO",71,54755.9307432397
"NO",72,56144.3553620607
"NO",73,56875.0609852505
"NO",74,57629.353917153
"NO",75,58128.7086516816
"NO",76,58841.5980111186
"NO",77,60326.8050545573
"NO",78,62069.8597421826
"NO",79,63099.190997707
"NO",80,63797.2467807952
"NO",81,65451.8920911535
"NO",82,66752.7857414236
"NO",83,67912.2763602612
"NO",84,69437.817760377
"NO",85,70807.8145703651
"NO",86,72466.7855089393
"NO",87,74643.5726724896
"NO",88,78753.3816613982
"NO",89,82214.526860661
"NO",90,85345.6718679112
"NO",91,88725.5168583386
"NO",92,92848.492352744
"NO",93,97954.811705987
"NO",94,104022.181317919
"NO",95,112857.249462768
"NO",96,125059.648710775
"NO",97,143378.9070059
"NO",98,177654.42330776
"NO",99,210949.80795426
"NO",99.1,219230.116825221
"NO",99.2,234403.63392749
"NO",99.3,249342.345352802
"NO",99.4,269425.359988357
"NO",99.5,294515.059244325
"NO",99.6,324714.838791414
"NO",99.7,384699.852651338
"NO",99.8,522394.555765474
"NO",99.9,658776.070263673
"NO",99.91,671657.697388126
"NO",99.92,695319.866007503
"NO",99.93,801935.281674184
"NO",99.94,941430.853047383
"NO",99.95,1011851.11719722
"NO",99.96,1234106.30542414
"NO",99.97,1616733.90674107
"NO",99.98,2318150.56327838
"NO",99.99,3043860.85856914
"NO",99.991,3402933.22058472
"NO",99.992,3620999.76928205
"NO",99.993,3958174.84421487
"NO",99.994,4393839.4061275
"NO",99.995,4940739.8883614
"NO",99.996,5766522.57280625
"NO",99.997,7048567.4843925
"NO",99.998,9754743.16342543
"NO",99.999,27923232.4842628
"NZ",0,5395.8443894593
"NZ",1,5395.8443894593
"NZ",2,5395.8443894593
"NZ",3,5395.8443894593
"NZ",4,5395.8443894593
"NZ",5,5629.03420907849
"NZ",6,6139.18206908874
"NZ",7,6684.32822672983
"NZ",8,7248.74975152657
"NZ",9,7823.90321923882
"NZ",10,7666.60953169267
"NZ",11,8248.50106854385
"NZ",12,8830.30352123326
"NZ",13,9410.96142884376
"NZ",14,9990.64748154239
"NZ",15,10569.1446010359
"NZ",16,11178.4723035646
"NZ",17,11729.0451103541
"NZ",18,12254.621860085
"NZ",19,12872.5929432523
"NZ",20,11409.3936292021
"NZ",21,11437.0857976891
"NZ",22,11652.2242577097
"NZ",23,11727.1883482924
"NZ",24,12366.2963006375
"NZ",25,12439.7908228065
"NZ",26,12969.8540108564
"NZ",27,13099.323862039
"NZ",28,13337.3376158041
"NZ",29,13786.8796413671
"NZ",30,14182.6776504109
"NZ",31,14317.7941703544
"NZ",32,15087.0211279169
"NZ",33,15113.3578848691
"NZ",34,15659.2154816257
"NZ",35,15983.3190111133
"NZ",36,16737.154199819
"NZ",37,17325.5327057084
"NZ",38,18422.2679941569
"NZ",39,19185.263667924
"NZ",40,19261.7406283627
"NZ",41,19586.1683550403
"NZ",42,19852.0560543073
"NZ",43,20048.6014928161
"NZ",44,20304.2971994564
"NZ",45,20306.435153865
"NZ",46,20567.980065424
"NZ",47,21011.7890972605
"NZ",48,21208.2995260714
"NZ",49,21406.4184405699
"NZ",50,21180.3800920475
"NZ",51,21388.2620460087
"NZ",52,21361.7064039676
"NZ",53,21433.3825001652
"NZ",54,21447.4759048811
"NZ",55,21584.1973856813
"NZ",56,21719.6919191923
"NZ",57,21827.8751346472
"NZ",58,22073.8708274983
"NZ",59,22184.4753997411
"NZ",60,22000.0816207811
"NZ",61,22266.4244821638
"NZ",62,22285.2157697211
"NZ",63,22670.2668394927
"NZ",64,23875.0973402626
"NZ",65,25137.1104916161
"NZ",66,25908.788745492
"NZ",67,26710.5427121211
"NZ",68,27123.3810806491
"NZ",69,27270.203541535
"NZ",70,27433.8953991919
"NZ",71,28263.1673352879
"NZ",72,29153.8086201419
"NZ",73,29526.5444567684
"NZ",74,30437.9724614519
"NZ",75,30887.6669228281
"NZ",76,31458.8338251164
"NZ",77,32590.801116149
"NZ",78,33612.1239812635
"NZ",79,34385.8186624267
"NZ",80,35095.5689135127
"NZ",81,35757.756965758
"NZ",82,36174.3783981442
"NZ",83,37462.2376890926
"NZ",84,38774.7862944761
"NZ",85,39663.5854144449
"NZ",86,40105.5156370879
"NZ",87,40984.4239050528
"NZ",88,41893.9165512825
"NZ",89,43516.6182719841
"NZ",90,45337.5079308991
"NZ",91,47412.827379789
"NZ",92,49763.552889254
"NZ",93,53005.1420687924
"NZ",94,57413.3322143354
"NZ",95,64438.2986294652
"NZ",96,74550.3060041496
"NZ",97,92310.1826663138
"NZ",98,124807.143109865
"NZ",99,153846.538600107
"NZ",99.1,163373.227948573
"NZ",99.2,176539.456659962
"NZ",99.3,191283.571724224
"NZ",99.4,209306.670212102
"NZ",99.5,236039.61134255
"NZ",99.6,268766.161418989
"NZ",99.7,327464.124095146
"NZ",99.8,454063.147836019
"NZ",99.9,599816.436040919
"NZ",99.91,649517.900387422
"NZ",99.92,686274.429798392
"NZ",99.93,755681.664228157
"NZ",99.94,854014.687986144
"NZ",99.95,953567.078753043
"NZ",99.96,1110719.1696635
"NZ",99.97,1386079.5543563
"NZ",99.98,1941042.19107673
"NZ",99.99,2542227.32832297
"NZ",99.991,2737721.29495405
"NZ",99.992,2965998.92449999
"NZ",99.993,3234447.22624858
"NZ",99.994,3596418.53453981
"NZ",99.995,4085736.17961647
"NZ",99.996,4784836.80671463
"NZ",99.997,5906441.68480287
"NZ",99.998,8299480.53291428
"NZ",99.999,27176590.6590977
"OA",0,808.514481860801
"OA",1,808.514481860801
"OA",2,808.514481860801
"OA",3,808.514481860801
"OA",4,808.514481860801
"OA",5,917.850458748121
"OA",6,1149.30397549966
"OA",7,1391.74333268581
"OA",8,1641.10528419609
"OA",9,1895.19351991736
"OA",10,2148.08515578887
"OA",11,2407.77956573505
"OA",12,2669.18884306212
"OA",13,2931.69410891727
"OA",14,3195.01637577642
"OA",15,3458.75716204221
"OA",16,3724.19953389287
"OA",17,3993.47881754565
"OA",18,4245.78598404611
"OA",19,4522.44011532373
"OA",20,4274.44176397232
"OA",21,4353.99862260036
"OA",22,4462.74199528976
"OA",23,4563.36063300928
"OA",24,4651.41026243528
"OA",25,4747.7543164888
"OA",26,4847.61934712794
"OA",27,4924.12031888141
"OA",28,5029.74609876869
"OA",29,5115.59725848941
"OA",30,5228.99331255109
"OA",31,5305.01108625558
"OA",32,5424.27487984383
"OA",33,5526.15022424346
"OA",34,5623.28436723051
"OA",35,5731.00496618316
"OA",36,5810.85359854094
"OA",37,5889.97486228731
"OA",38,6036.12020932874
"OA",39,6127.43254018361
"OA",40,6156.74743284391
"OA",41,6239.456610241
"OA",42,6365.01405092885
"OA",43,6488.72152525468
"OA",44,6599.72926531712
"OA",45,6708.19751199259
"OA",46,6864.57140412709
"OA",47,6977.89364613268
"OA",48,7132.912121724
"OA",49,7246.31216585413
"OA",50,7383.07096953587
"OA",51,7538.51393332839
"OA",52,7668.30485289767
"OA",53,7818.80180922609
"OA",54,7948.38100850359
"OA",55,8116.51376598859
"OA",56,8289.94275537966
"OA",57,8445.22801481599
"OA",58,8603.56505615431
"OA",59,8799.02553440857
"OA",60,8921.83325687442
"OA",61,9112.16039855801
"OA",62,9321.27052779138
"OA",63,9515.70602656032
"OA",64,9746.84410318129
"OA",65,9967.69407036423
"OA",66,10209.5855538198
"OA",67,10439.3326843006
"OA",68,10665.0666977297
"OA",69,10915.2721745191
"OA",70,11191.606012602
"OA",71,11453.0341303491
"OA",72,11734.7228035456
"OA",73,12019.7684272894
"OA",74,12318.0769460028
"OA",75,12638.661790144
"OA",76,12974.1053591575
"OA",77,13320.0558075079
"OA",78,13712.621919477
"OA",79,14123.4403744423
"OA",80,14506.9914550604
"OA",81,14911.4758438533
"OA",82,15388.7957854303
"OA",83,15898.6359967789
"OA",84,16463.9054730077
"OA",85,17050.2862973623
"OA",86,17727.5996088076
"OA",87,18516.4470398044
"OA",88,19412.5141700087
"OA",89,20378.6055453094
"OA",90,20825.6796036146
"OA",91,22073.5009181591
"OA",92,23822.303604657
"OA",93,26119.499755583
"OA",94,28990.2151463562
"OA",95,32817.4866744175
"OA",96,38056.9732296231
"OA",97,46780.3868907105
"OA",98,63552.2902301456
"OA",99,78878.8541023786
"OA",99.1,84768.2350983843
"OA",99.2,91614.309475591
"OA",99.3,99540.7221594266
"OA",99.4,109686.57787335
"OA",99.5,123815.634101944
"OA",99.6,142153.593183235
"OA",99.7,173129.526069457
"OA",99.8,238444.079461701
"OA",99.9,313481.744290346
"OA",99.91,331378.144051851
"OA",99.92,348322.252668478
"OA",99.93,375816.12126795
"OA",99.94,411819.392024172
"OA",99.95,449850.874897109
"OA",99.96,507273.167130361
"OA",99.97,602100.29302198
"OA",99.98,788788.189560215
"OA",99.99,985113.410811357
"OA",99.991,1049367.17546381
"OA",99.992,1121622.87444944
"OA",99.993,1198502.67643587
"OA",99.994,1311121.77564914
"OA",99.995,1460689.5398134
"OA",99.996,1659235.43809463
"OA",99.997,1988666.43713807
"OA",99.998,2980146.26069685
"OA",99.999,7265266.42908819
"OB",0,582.545800985678
"OB",1,582.545800985678
"OB",2,582.545800985678
"OB",3,582.545800985678
"OB",4,582.545800985678
"OB",5,655.487623338252
"OB",6,811.056349646533
"OB",7,974.914096629923
"OB",8,1144.23011167627
"OB",9,1317.36663023655
"OB",10,1431.33322801821
"OB",11,1609.4291129034
"OB",12,1789.24542654747
"OB",13,1970.50882492378
"OB",14,2152.84069506027
"OB",15,2336.25545874008
"OB",16,2526.29723150581
"OB",17,2709.0564484577
"OB",18,2888.45056645979
"OB",19,3081.12896086679
"OB",20,3017.53438316124
"OB",21,3120.29235272903
"OB",22,3192.00484789588
"OB",23,3308.99596711414
"OB",24,3410.71004258216
"OB",25,3513.40648563296
"OB",26,3608.97448322614
"OB",27,3688.37921025252
"OB",28,3754.76910334709
"OB",29,3830.89042200421
"OB",30,3898.27365668078
"OB",31,3996.06792201483
"OB",32,4088.01121318633
"OB",33,4168.04331709382
"OB",34,4281.52176845397
"OB",35,4401.53889574055
"OB",36,4509.19641428014
"OB",37,4586.19018206769
"OB",38,4698.46029854152
"OB",39,4811.4548699217
"OB",40,4877.99038872237
"OB",41,4986.28534622814
"OB",42,5100.50934782875
"OB",43,5220.38174996373
"OB",44,5345.0262549338
"OB",45,5451.59829713702
"OB",46,5590.72936547306
"OB",47,5719.3433581716
"OB",48,5852.983232563
"OB",49,5971.69529412126
"OB",50,6001.45628271986
"OB",51,6140.6281248677
"OB",52,6267.36772768825
"OB",53,6412.06689599447
"OB",54,6558.17816221264
"OB",55,6701.47191199789
"OB",56,6866.75588380112
"OB",57,7025.48497221929
"OB",58,7192.95933472626
"OB",59,7334.65760661678
"OB",60,7508.21375693524
"OB",61,7687.4224657696
"OB",62,7874.92097225778
"OB",63,8054.93517283376
"OB",64,8258.61551814479
"OB",65,8491.18504349706
"OB",66,8721.04329192376
"OB",67,8961.73144687127
"OB",68,9181.247544166
"OB",69,9329.60672136968
"OB",70,9666.54328445715
"OB",71,9935.46793543229
"OB",72,10240.1223206367
"OB",73,10547.6215170546
"OB",74,10892.4465618778
"OB",75,11229.459025777
"OB",76,11605.116852561
"OB",77,12037.8762509062
"OB",78,12353.9086942681
"OB",79,12727.4703881619
"OB",80,13447.9588757339
"OB",81,13976.2514396224
"OB",82,14548.4980346525
"OB",83,15196.4323646714
"OB",84,15758.4676820754
"OB",85,16469.6368839736
"OB",86,17274.782964229
"OB",87,18161.6529292463
"OB",88,18886.4226854859
"OB",89,19903.6959038949
"OB",90,21026.4269306213
"OB",91,22945.937900754
"OB",92,24678.6662593492
"OB",93,27070.2325716356
"OB",94,30258.4061032711
"OB",95,33750.4908216171
"OB",96,39586.5735699274
"OB",97,49465.1686398453
"OB",98,68353.539966799
"OB",99,83863.9992519012
"OB",99.1,94753.6448864508
"OB",99.2,108297.613663717
"OB",99.3,118555.356710893
"OB",99.4,125051.86042173
"OB",99.5,141278.703584731
"OB",99.6,162442.314277221
"OB",99.7,226370.543296584
"OB",99.8,265445.89729634
"OB",99.9,309672.181222201
"OB",99.91,318248.597598535
"OB",99.92,334160.258899204
"OB",99.93,351447.268433741
"OB",99.94,372208.607758471
"OB",99.95,401667.055632983
"OB",99.96,444605.136311895
"OB",99.97,544982.92355683
"OB",99.98,815296.103276834
"OB",99.99,1224973.05026927
"OB",99.991,1251796.68542891
"OB",99.992,1284277.45493378
"OB",99.993,1331108.66223517
"OB",99.994,1382650.68665122
"OB",99.995,1440370.1620318
"OB",99.996,1522736.82532294
"OB",99.997,1644158.59572104
"OB",99.998,1899448.78654235
"OB",99.999,3817058.79354607
"OC",0,7923.4864567001
"OC",1,7923.4864567001
"OC",2,7923.4864567001
"OC",3,7923.4864567001
"OC",4,7923.4864567001
"OC",5,8220.79503579992
"OC",6,8879.89751224828
"OC",7,9594.68946346685
"OC",8,10345.4704886704
"OC",9,11120.7238113672
"OC",10,8835.29340747088
"OC",11,9641.21347613182
"OC",12,10455.7151075984
"OC",13,11279.9984185191
"OC",14,12110.5241316108
"OC",15,12943.3971921854
"OC",16,13797.8171480124
"OC",17,14639.3978940978
"OC",18,15387.5206654921
"OC",19,16271.1442529413
"OC",20,15182.9768441322
"OC",21,15498.7321452104
"OC",22,15860.8264976613
"OC",23,16317.7501538394
"OC",24,16560.9722377762
"OC",25,16965.8245803835
"OC",26,17310.5457864668
"OC",27,17541.3905918341
"OC",28,17894.3951424837
"OC",29,18165.5878904364
"OC",30,18289.8138060017
"OC",31,18450.6204764407
"OC",32,18890.4819244576
"OC",33,19388.830220286
"OC",34,19558.8189335872
"OC",35,19939.9741660227
"OC",36,20238.2754472564
"OC",37,20272.5247841452
"OC",38,20910.2060734165
"OC",39,21101.8202108908
"OC",40,21476.2651293588
"OC",41,21680.4123995675
"OC",42,21977.5990515091
"OC",43,22416.1842938022
"OC",44,22638.1883729588
"OC",45,22861.9419616328
"OC",46,23473.1990708602
"OC",47,23657.3255419183
"OC",48,24019.0379209292
"OC",49,24289.0108730947
"OC",50,24706.9405552231
"OC",51,25228.0768446832
"OC",52,25472.07294546
"OC",53,25929.8861693455
"OC",54,26323.772174483
"OC",55,26850.2660359135
"OC",56,27502.1880783378
"OC",57,27787.5482766974
"OC",58,28176.4836966092
"OC",59,28870.3513725829
"OC",60,29058.1778947049
"OC",61,29627.9774485124
"OC",62,30093.9157405701
"OC",63,30804.0194726545
"OC",64,31490.4420777499
"OC",65,32027.4297088386
"OC",66,32863.5837385854
"OC",67,33416.8775774852
"OC",68,33947.0938699512
"OC",69,34745.2449623356
"OC",70,35730.0087863519
"OC",71,36354.5703848373
"OC",72,37249.1734859662
"OC",73,38100.8696372784
"OC",74,39048.4411849118
"OC",75,39884.2633576508
"OC",76,40821.1741430903
"OC",77,41755.4429122778
"OC",78,42706.5731984961
"OC",79,43876.7437091023
"OC",80,44942.9917949926
"OC",81,45972.4301919338
"OC",82,47216.7583700096
"OC",83,48863.679344497
"OC",84,50688.8661280615
"OC",85,52385.408517105
"OC",86,54272.2809493475
"OC",87,56212.3248339296
"OC",88,58545.8474724556
"OC",89,61135.274001184
"OC",90,64098.4035939637
"OC",91,67050.5747983199
"OC",92,70739.6162050346
"OC",93,75483.8418074339
"OC",94,82012.1731714845
"OC",95,90542.8464984601
"OC",96,102221.324536956
"OC",97,121694.763968822
"OC",98,163821.865321584
"OC",99,204946.482854859
"OC",99.1,215952.020809576
"OC",99.2,232266.279708542
"OC",99.3,249453.563855102
"OC",99.4,274407.264617223
"OC",99.5,309269.498285443
"OC",99.6,349876.485936257
"OC",99.7,426849.091484347
"OC",99.8,589402.460178425
"OC",99.9,759367.617354205
"OC",99.91,803701.167224698
"OC",99.92,824803.449466951
"OC",99.93,921069.568457888
"OC",99.94,1057224.37484265
"OC",99.95,1163821.6155357
"OC",99.96,1385698.31420544
"OC",99.97,1737590.95079127
"OC",99.98,2424135.57091908
"OC",99.99,3120597.65821247
"OC",99.991,3481270.23101783
"OC",99.992,3775917.52429571
"OC",99.993,4036925.03617315
"OC",99.994,4464569.59627482
"OC",99.995,5140489.36116021
"OC",99.996,5975166.00866853
"OC",99.997,7114405.64510096
"OC",99.998,10298385.7844363
"OC",99.999,47831843.9783328
"OD",0,562.681034395267
"OD",1,562.681034395267
"OD",2,562.681034395267
"OD",3,562.681034395267
"OD",4,562.681034395267
"OD",5,562.681034395267
"OD",6,562.681034395267
"OD",7,568.317783982108
"OD",8,607.470182164909
"OD",9,638.653225236375
"OD",10,582.962899542538
"OD",11,632.141255664054
"OD",12,681.001359229247
"OD",13,717.421100914328
"OD",14,768.820122545082
"OD",15,873.967411507322
"OD",16,974.962577466088
"OD",17,1077.8068795081
"OD",18,1174.68811082776
"OD",19,1343.74984405989
"OD",20,1275.16084296845
"OD",21,1477.75124320132
"OD",22,1656.15371376494
"OD",23,1848.15701078683
"OD",24,2002.232192243
"OD",25,2151.65417098149
"OD",26,2301.66002556012
"OD",27,2442.2350002118
"OD",28,2583.55126698866
"OD",29,2721.40430898335
"OD",30,2854.35502350211
"OD",31,2974.07647882375
"OD",32,3133.76846805466
"OD",33,3275.6998660109
"OD",34,3401.67310552515
"OD",35,3525.4524541168
"OD",36,3645.1181210752
"OD",37,3755.22499357629
"OD",38,3907.63792627734
"OD",39,4030.34906342044
"OD",40,4067.45529908735
"OD",41,4153.52031231018
"OD",42,4259.71352624509
"OD",43,4380.0606036763
"OD",44,4492.10233490191
"OD",45,4617.68159503228
"OD",46,4740.96425311859
"OD",47,4847.3622028126
"OD",48,4982.31297899236
"OD",49,5082.45494364092
"OD",50,5200.41770230236
"OD",51,5339.12720045854
"OD",52,5457.45705899605
"OD",53,5586.81996170788
"OD",54,5724.9984817251
"OD",55,5858.62793832577
"OD",56,5999.59399453479
"OD",57,6128.69125251103
"OD",58,6255.55515609729
"OD",59,6433.6551922106
"OD",60,6539.67175504339
"OD",61,6700.03326366174
"OD",62,6843.91760928506
"OD",63,7014.53251497036
"OD",64,7194.43285933804
"OD",65,7343.11390555589
"OD",66,7533.44568942157
"OD",67,7730.78624849384
"OD",68,7896.45139435401
"OD",69,8106.37909026036
"OD",70,8319.33158677975
"OD",71,8545.18461372687
"OD",72,8784.34224868816
"OD",73,9015.40099449899
"OD",74,9293.20940285837
"OD",75,9571.55506285939
"OD",76,9875.44211888617
"OD",77,10201.5794745987
"OD",78,10556.2344572788
"OD",79,10912.072068396
"OD",80,11302.9558137676
"OD",81,11738.749386998
"OD",82,12197.5034870565
"OD",83,12758.8313094803
"OD",84,13387.1904523044
"OD",85,14091.8791693619
"OD",86,14886.779161992
"OD",87,15804.7018732172
"OD",88,16858.6524103358
"OD",89,18017.8879836661
"OD",90,19372.0975929436
"OD",91,21032.4014641165
"OD",92,23154.413850257
"OD",93,25737.8546796475
"OD",94,29141.4637125098
"OD",95,33914.0364885051
"OD",96,40433.450486296
"OD",97,50818.4773357289
"OD",98,71662.1441457747
"OD",99,96141.9637411298
"OD",99.1,103475.907316678
"OD",99.2,111737.09562399
"OD",99.3,122106.008386125
"OD",99.4,134288.996632395
"OD",99.5,149372.885989807
"OD",99.6,170924.727532047
"OD",99.7,202242.793356983
"OD",99.8,267509.342312752
"OD",99.9,317599.695110107
"OD",99.91,350918.716292998
"OD",99.92,403750.821246387
"OD",99.93,430027.427747965
"OD",99.94,459212.802538278
"OD",99.95,488503.028384682
"OD",99.96,509344.638340039
"OD",99.97,568556.889583463
"OD",99.98,812299.633238899
"OD",99.99,1071327.12682592
"OD",99.991,1106734.52068722
"OD",99.992,1112523.86345724
"OD",99.993,1124138.14420047
"OD",99.994,1160215.83252678
"OD",99.995,1204956.26872107
"OD",99.996,1233078.46400775
"OD",99.997,1248103.72144124
"OD",99.998,1276846.84220742
"OD",99.999,1341120.95705604
"OE",0,340.639601777193
"OE",1,340.639601777193
"OE",2,340.639601777193
"OE",3,340.639601777193
"OE",4,340.639601777193
"OE",5,408.729094875734
"OE",6,547.8878432445
"OE",7,689.569955685423
"OE",8,832.875930943064
"OE",9,977.27951080988
"OE",10,1096.32381390689
"OE",11,1242.0676894899
"OE",12,1388.24462094966
"OE",13,1534.7604390813
"OE",14,1681.5333139122
"OE",15,1828.51683327902
"OE",16,1974.31526244349
"OE",17,2120.93329162549
"OE",18,2266.12590552397
"OE",19,2412.24195844773
"OE",20,2351.78937009701
"OE",21,2417.36122464254
"OE",22,2462.39369442028
"OE",23,2513.53125778107
"OE",24,2555.38940461176
"OE",25,2600.46342796203
"OE",26,2646.37568431994
"OE",27,2689.30011072145
"OE",28,2738.51485179189
"OE",29,2784.57951531526
"OE",30,2848.2634960802
"OE",31,2925.88751922401
"OE",32,3025.26429690578
"OE",33,3113.93247705793
"OE",34,3193.4874945741
"OE",35,3278.74120423806
"OE",36,3349.5298053407
"OE",37,3417.2775609753
"OE",38,3494.54983676399
"OE",39,3559.03524595944
"OE",40,3622.68930355069
"OE",41,3696.52718961822
"OE",42,3776.27352593537
"OE",43,3860.68137305334
"OE",44,3938.04753501853
"OE",45,4015.83669677585
"OE",46,4098.60937634089
"OE",47,4171.98935156528
"OE",48,4241.65314829896
"OE",49,4305.89562185153
"OE",50,4373.28932363473
"OE",51,4470.02770223442
"OE",52,4565.68032783168
"OE",53,4672.20891228458
"OE",54,4778.05488520757
"OE",55,4878.1578321758
"OE",56,4984.29176892719
"OE",57,5074.1189036496
"OE",58,5166.88532412265
"OE",59,5278.75974348913
"OE",60,5379.17556564742
"OE",61,5505.24151796461
"OE",62,5633.19495814297
"OE",63,5774.09074677677
"OE",64,5930.20737629084
"OE",65,6062.90284279026
"OE",66,6205.99378495224
"OE",67,6332.97417612104
"OE",68,6462.93585628915
"OE",69,6596.38374651624
"OE",70,6728.29705959886
"OE",71,6880.62537681196
"OE",72,7053.40908303213
"OE",73,7221.76585991625
"OE",74,7413.77534758196
"OE",75,7622.35265897918
"OE",76,7881.94729172976
"OE",77,8186.46538347683
"OE",78,8504.74535615197
"OE",79,8825.02410600718
"OE",80,9223.07156714803
"OE",81,9666.53032128916
"OE",82,10187.5248853458
"OE",83,10795.6162138228
"OE",84,11487.7453897784
"OE",85,12269.7906437549
"OE",86,13163.0800824324
"OE",87,14211.5784109831
"OE",88,15433.0863921418
"OE",89,16887.49942914
"OE",90,18532.5098647855
"OE",91,20261.9108480102
"OE",92,22231.8682844204
"OE",93,24561.7818405375
"OE",94,27447.00409687
"OE",95,31190.9170814717
"OE",96,36232.6662219963
"OE",97,43886.3377488156
"OE",98,58721.9761216305
"OE",99,95735.6562806168
"OE",99.1,100847.293891445
"OE",99.2,107165.197942991
"OE",99.3,114712.353968794
"OE",99.4,124354.783799337
"OE",99.5,137017.383132003
"OE",99.6,152678.547399093
"OE",99.7,179269.037430001
"OE",99.8,233585.475567098
"OE",99.9,292402.901055459
"OE",99.91,309065.263052097
"OE",99.92,326353.102647124
"OE",99.93,353562.955714188
"OE",99.94,388425.607639316
"OE",99.95,427278.764944865
"OE",99.96,485883.514047958
"OE",99.97,581972.116170908
"OE",99.98,776905.996016611
"OE",99.99,977572.616514633
"OE",99.991,1044878.49253795
"OE",99.992,1116783.66862729
"OE",99.993,1202389.88872208
"OE",99.994,1314351.55804437
"OE",99.995,1468763.65989344
"OE",99.996,1694107.26392824
"OE",99.997,2027463.06698695
"OE",99.998,2639757.44504846
"OE",99.999,6167141.60910825
"OH",0,0.122583034816316
"OH",1,0.122583034816316
"OH",2,0.122583034816316
"OH",3,0.122583034816316
"OH",4,0.122583034816316
"OH",5,41.282325946818
"OH",6,124.486649265391
"OH",7,208.34140810498
"OH",8,292.614082604779
"OH",9,377.162394497922
"OH",10,461.934611927734
"OH",11,546.813890568264
"OH",12,631.797236202165
"OH",13,716.859641519822
"OH",14,802.013955243353
"OH",15,887.17846649071
"OH",16,974.254672899543
"OH",17,1056.93715302072
"OH",18,1137.07127165361
"OH",19,1224.53356064588
"OH",20,1270.54887500857
"OH",21,1311.80973469698
"OH",22,1353.19940859183
"OH",23,1409.17934282802
"OH",24,1453.24047109367
"OH",25,1514.58767504627
"OH",26,1558.12493566957
"OH",27,1610.88232715322
"OH",28,1652.4242232112
"OH",29,1697.93770580493
"OH",30,1762.15815059349
"OH",31,1810.37119827107
"OH",32,1870.75776884737
"OH",33,1920.68467440874
"OH",34,1975.81228878524
"OH",35,2034.13314449602
"OH",36,2093.33965366011
"OH",37,2153.71965693499
"OH",38,2232.12640050517
"OH",39,2292.41392481957
"OH",40,2361.27965550226
"OH",41,2416.39219938361
"OH",42,2473.49755284968
"OH",43,2548.81819570506
"OH",44,2585.76906259067
"OH",45,2649.5721704224
"OH",46,2732.36209805209
"OH",47,2828.09136081741
"OH",48,2893.31669230596
"OH",49,2968.33083906182
"OH",50,3049.05571862416
"OH",51,3115.43276729055
"OH",52,3183.43707522142
"OH",53,3278.61004222158
"OH",54,3376.66242261159
"OH",55,3473.99710011058
"OH",56,3559.30169861663
"OH",57,3639.24880312975
"OH",58,3722.35012634812
"OH",59,3826.14473521503
"OH",60,3929.35282688215
"OH",61,4019.51993765564
"OH",62,4121.22876190899
"OH",63,4231.93780474985
"OH",64,4336.95910517273
"OH",65,4449.25925720154
"OH",66,4583.45934373968
"OH",67,4712.22004723795
"OH",68,4858.94716622019
"OH",69,5013.93080595695
"OH",70,5165.06227440295
"OH",71,5316.16793518669
"OH",72,5470.91137457905
"OH",73,5636.01959342358
"OH",74,5808.87260337317
"OH",75,5989.69943453675
"OH",76,6173.85550030783
"OH",77,6364.34558257707
"OH",78,6558.19733334223
"OH",79,6787.14621031612
"OH",80,6993.19155674063
"OH",81,7240.25341819581
"OH",82,7473.44313867697
"OH",83,7737.99653979571
"OH",84,8038.83529049947
"OH",85,8312.22637219672
"OH",86,8681.64230302439
"OH",87,9022.56458884246
"OH",88,9446.42863810633
"OH",89,9942.76796893673
"OH",90,10275.1547920619
"OH",91,10959.7017290677
"OH",92,11926.3782935989
"OH",93,12959.2981158756
"OH",94,14472.4760834288
"OH",95,16558.0383271777
"OH",96,19511.1072218959
"OH",97,23259.6446402006
"OH",98,31121.0732321369
"OH",99,38578.9888380777
"OH",99.1,41026.0949506482
"OH",99.2,44001.0417754028
"OH",99.3,47501.1735075632
"OH",99.4,52121.6768281531
"OH",99.5,58546.3404493955
"OH",99.6,66996.2854612282
"OH",99.7,80965.1204586086
"OH",99.8,111345.918346647
"OH",99.9,146913.647889531
"OH",99.91,153579.24040858
"OH",99.92,159820.545897767
"OH",99.93,172328.281923132
"OH",99.94,188744.964332135
"OH",99.95,203710.643319377
"OH",99.96,229990.26841549
"OH",99.97,270765.469472621
"OH",99.98,348893.839247939
"OH",99.99,433472.079167742
"OH",99.991,460324.361107398
"OH",99.992,487620.384625304
"OH",99.993,518936.383785923
"OH",99.994,563430.93507896
"OH",99.995,618205.542380867
"OH",99.996,699413.072304663
"OH",99.997,814287.760799781
"OH",99.998,1039281.99645366
"OH",99.999,2629578.11511408
"OI",0,302.109531174773
"OI",1,302.109531174773
"OI",2,302.109531174773
"OI",3,302.109531174773
"OI",4,302.109531174773
"OI",5,435.4150506449
"OI",6,706.814959532968
"OI",7,982.282885522683
"OI",8,1260.26660244156
"OI",9,1539.96921001516
"OI",10,1813.34736454693
"OI",11,2095.0400512504
"OI",12,2377.38772680291
"OI",13,2660.18945421937
"OI",14,2943.3462449653
"OI",15,3226.70979076882
"OI",16,3505.63239449517
"OI",17,3787.06876910214
"OI",18,4048.35089648231
"OI",19,4330.30232266792
"OI",20,4373.35676073881
"OI",21,4467.51435819617
"OI",22,4578.87414369444
"OI",23,4725.40512374708
"OI",24,4825.57565571773
"OI",25,4956.4033334421
"OI",26,5052.48641004845
"OI",27,5171.98575643122
"OI",28,5282.9874162276
"OI",29,5396.66652140041
"OI",30,5519.82259453312
"OI",31,5586.09076480343
"OI",32,5731.5693353516
"OI",33,5837.79879399993
"OI",34,5924.08210348592
"OI",35,6043.01030094458
"OI",36,6133.97880590411
"OI",37,6214.44427703067
"OI",38,6372.28227346536
"OI",39,6457.21168047634
"OI",40,6608.17174465155
"OI",41,6691.09986327962
"OI",42,6787.0527242608
"OI",43,6897.3338400099
"OI",44,6996.18994737962
"OI",45,7093.6437813804
"OI",46,7230.95706762085
"OI",47,7317.33492390627
"OI",48,7442.04516733411
"OI",49,7535.8467670895
"OI",50,7657.94792964195
"OI",51,7791.26493364036
"OI",52,7907.80762330717
"OI",53,8041.95884016417
"OI",54,8171.93209796354
"OI",55,8393.20708357775
"OI",56,8647.11898360098
"OI",57,8869.65740536204
"OI",58,9105.10104418309
"OI",59,9363.43129647687
"OI",60,9534.90661173167
"OI",61,9732.00137081069
"OI",62,9915.87953530908
"OI",63,10118.2655170791
"OI",64,10327.8828402947
"OI",65,10520.7776628334
"OI",66,10752.3941780023
"OI",67,10975.3002061486
"OI",68,11185.5590790687
"OI",69,11430.3347581099
"OI",70,11688.0319217647
"OI",71,11929.1306237952
"OI",72,12209.3254629657
"OI",73,12521.7581781859
"OI",74,12868.9266482694
"OI",75,13221.7752525479
"OI",76,13583.8119061567
"OI",77,13985.2256076739
"OI",78,14394.9630009687
"OI",79,14837.8597224418
"OI",80,15303.2928060588
"OI",81,15769.7998700392
"OI",82,16268.1028489915
"OI",83,16830.5009530064
"OI",84,17461.8696243908
"OI",85,18107.3451232707
"OI",86,18858.8425363052
"OI",87,19697.9502303645
"OI",88,20635.1768810513
"OI",89,21676.9026561664
"OI",90,22779.7815194249
"OI",91,24368.3214086266
"OI",92,26294.3603705884
"OI",93,28739.2862533104
"OI",94,31987.7590488693
"OI",95,36083.9929037081
"OI",96,41816.5832173141
"OI",97,51082.0528674796
"OI",98,70080.9842485543
"OI",99,89638.3687908092
"OI",99.1,96725.197836896
"OI",99.2,104769.118052413
"OI",99.3,113754.266139369
"OI",99.4,125742.253981614
"OI",99.5,143799.806951923
"OI",99.6,165813.547092972
"OI",99.7,202448.803741222
"OI",99.8,281157.559559671
"OI",99.9,373034.865778501
"OI",99.91,405396.336256439
"OI",99.92,424595.313587687
"OI",99.93,458371.083948675
"OI",99.94,503220.533911522
"OI",99.95,549337.54056172
"OI",99.96,623471.45324822
"OI",99.97,743921.691225157
"OI",99.98,976831.357998706
"OI",99.99,1227911.56932537
"OI",99.991,1308716.23666744
"OI",99.992,1397547.10499818
"OI",99.993,1501886.46440813
"OI",99.994,1637755.72793121
"OI",99.995,1823853.97168386
"OI",99.996,2086073.50028184
"OI",99.997,2483038.95443123
"OI",99.998,3280573.57432388
"OI",99.999,9573196.41718531
"OJ",0,42.3305747728782
"OJ",1,42.3305747728782
"OJ",2,42.3305747728782
"OJ",3,42.3305747728782
"OJ",4,42.3305747728782
"OJ",5,62.7292073523749
"OJ",6,104.37324369771
"OJ",7,146.745431864775
"OJ",8,189.562788686874
"OJ",9,232.691460573379
"OJ",10,273.733091132323
"OJ",11,317.252219881494
"OJ",12,360.898028604993
"OJ",13,404.657372726376
"OJ",14,448.494003314279
"OJ",15,492.416309258535
"OJ",16,534.965308642353
"OJ",17,577.2886289238
"OJ",18,617.821155013025
"OJ",19,660.490882309027
"OJ",20,661.666304409781
"OJ",21,679.410538714556
"OJ",22,698.319249185073
"OJ",23,721.919993727868
"OJ",24,740.410739648109
"OJ",25,762.539017990091
"OJ",26,782.875734715965
"OJ",27,801.878846097862
"OJ",28,822.827029530096
"OJ",29,842.969328067278
"OJ",30,867.911021730526
"OJ",31,883.986743225212
"OJ",32,909.716690717668
"OJ",33,934.159855443076
"OJ",34,953.45716777598
"OJ",35,976.880757805955
"OJ",36,997.708999676873
"OJ",37,1015.43192698314
"OJ",38,1047.76078054734
"OJ",39,1069.20426637601
"OJ",40,1102.06557701826
"OJ",41,1123.73268594448
"OJ",42,1148.11090112513
"OJ",43,1176.14706985356
"OJ",44,1198.59816415838
"OJ",45,1222.38078448155
"OJ",46,1254.59669037966
"OJ",47,1276.94180259067
"OJ",48,1305.86046905429
"OJ",49,1331.39232141502
"OJ",50,1359.53463950374
"OJ",51,1391.63059646274
"OJ",52,1418.41692709987
"OJ",53,1450.21120359714
"OJ",54,1480.04874437108
"OJ",55,1515.50866060353
"OJ",56,1552.31167765401
"OJ",57,1582.99827175577
"OJ",58,1615.60839819814
"OJ",59,1655.46636318929
"OJ",60,1685.71696546145
"OJ",61,1727.94399044039
"OJ",62,1765.83842915958
"OJ",63,1811.12234755155
"OJ",64,1858.92730548384
"OJ",65,1900.76562483937
"OJ",66,1950.71557361175
"OJ",67,2000.21659428596
"OJ",68,2049.73054640837
"OJ",69,2104.78651642964
"OJ",70,2164.03992444664
"OJ",71,2221.13653156774
"OJ",72,2284.9644966732
"OJ",73,2348.34149498595
"OJ",74,2417.24943857337
"OJ",75,2489.1605015929
"OJ",76,2568.78304902382
"OJ",77,2652.71062137466
"OJ",78,2740.2428763086
"OJ",79,2836.47607821024
"OJ",80,2957.78603066835
"OJ",81,3059.83363738972
"OJ",82,3179.31258053335
"OJ",83,3317.17984560974
"OJ",84,3464.4285550265
"OJ",85,3635.09637723702
"OJ",86,3829.31615493914
"OJ",87,4056.6275341883
"OJ",88,4311.82089286395
"OJ",89,4631.50729976462
"OJ",90,4999.23843936153
"OJ",91,5444.13530448949
"OJ",92,6015.25021569115
"OJ",93,6729.61168635786
"OJ",94,7630.4329760361
"OJ",95,8854.03136467779
"OJ",96,10637.0538096887
"OJ",97,13390.2129371064
"OJ",98,18659.1224104442
"OJ",99,22528.0720426142
"OJ",99.1,23742.527600995
"OJ",99.2,25227.5559067037
"OJ",99.3,26999.3567135808
"OJ",99.4,29195.2471123699
"OJ",99.5,32159.6617519885
"OJ",99.6,36085.3551816762
"OJ",99.7,42448.9593780293
"OJ",99.8,55004.338483764
"OJ",99.9,67894.0884915752
"OJ",99.91,71635.2633658643
"OJ",99.92,75425.8880024279
"OJ",99.93,81531.9331652794
"OJ",99.94,89704.3064924608
"OJ",99.95,98153.6514841373
"OJ",99.96,111694.136069954
"OJ",99.97,133403.483118552
"OJ",99.98,174498.550605593
"OJ",99.99,217556.960943591
"OJ",99.991,232000.190960649
"OJ",99.992,247423.279355831
"OJ",99.993,265043.233096552
"OJ",99.994,288443.555911787
"OJ",99.995,319545.420440549
"OJ",99.996,363161.209140481
"OJ",99.997,427712.720244084
"OJ",99.998,566888.564590605
"OJ",99.999,1513873.17763706
"PH",0,225.256437867421
"PH",1,225.256437867421
"PH",2,225.256437867421
"PH",3,225.256437867421
"PH",4,225.256437867421
"PH",5,293.870822179973
"PH",6,434.271108845201
"PH",7,577.382146311386
"PH",8,722.079941919987
"PH",9,867.951384830712
"PH",10,1014.61989448363
"PH",11,1161.86678004258
"PH",12,1309.54789816461
"PH",13,1457.55356959076
"PH",14,1605.80374900238
"PH",15,1754.2369218732
"PH",16,1903.48414942856
"PH",17,2035.94351987611
"PH",18,2178.6443270931
"PH",19,2327.99599632468
"PH",20,2303.26509389474
"PH",21,2348.57263964322
"PH",22,2404.11613082238
"PH",23,2472.59460648123
"PH",24,2514.20989864722
"PH",25,2569.46714481735
"PH",26,2636.82500990978
"PH",27,2679.48806332042
"PH",28,2736.97781319706
"PH",29,2796.19203349659
"PH",30,2854.52597534979
"PH",31,2911.49938674034
"PH",32,2979.60744077775
"PH",33,3041.5039836658
"PH",34,3098.97189621967
"PH",35,3174.99184309829
"PH",36,3223.03007040428
"PH",37,3274.14650085394
"PH",38,3364.2119375993
"PH",39,3428.21333685233
"PH",40,3446.73665913854
"PH",41,3518.85857848967
"PH",42,3579.72093402797
"PH",43,3667.4685198585
"PH",44,3737.8199899192
"PH",45,3813.66254197562
"PH",46,3905.03051170375
"PH",47,3985.21275523991
"PH",48,4068.94510989655
"PH",49,4149.45129035082
"PH",50,4236.17400208441
"PH",51,4344.60210714554
"PH",52,4423.38651366491
"PH",53,4531.78466727459
"PH",54,4632.09726431657
"PH",55,4741.3695877482
"PH",56,4873.8259121328
"PH",57,4972.37860759726
"PH",58,5075.55654279572
"PH",59,5224.20664273285
"PH",60,5298.97990132555
"PH",61,5439.53670199059
"PH",62,5570.72498305874
"PH",63,5710.4832439876
"PH",64,5878.26332236761
"PH",65,6021.0908811506
"PH",66,6193.04966797662
"PH",67,6363.68131251011
"PH",68,6530.71411628849
"PH",69,6710.70498035137
"PH",70,6907.72836563436
"PH",71,7099.64371706016
"PH",72,7325.20705773472
"PH",73,7522.98422789581
"PH",74,7741.88034642244
"PH",75,7970.72410978442
"PH",76,8220.78050273173
"PH",77,8483.49205885189
"PH",78,8756.05654581389
"PH",79,9073.84389681292
"PH",80,9373.34035034702
"PH",81,9689.72583088838
"PH",82,10055.6294223753
"PH",83,10461.8862356942
"PH",84,10876.8640898823
"PH",85,11339.6748217936
"PH",86,11848.7434628481
"PH",87,12422.9495203189
"PH",88,13086.1328528849
"PH",89,13799.5327169451
"PH",90,14236.3235378769
"PH",91,15264.8256662197
"PH",92,16588.6709265786
"PH",93,18259.346395485
"PH",94,20562.4849696116
"PH",95,23504.5876942469
"PH",96,27598.396568578
"PH",97,33871.0217388554
"PH",98,46821.3109266045
"PH",99,58883.8184549204
"PH",99.1,63191.7626445732
"PH",99.2,68340.734401986
"PH",99.3,74330.7934626052
"PH",99.4,82087.1931579486
"PH",99.5,93064.2112423858
"PH",99.6,107178.258274037
"PH",99.7,130867.083190955
"PH",99.8,182892.774921571
"PH",99.9,244665.763074427
"PH",99.91,256583.279162963
"PH",99.92,267392.670755606
"PH",99.93,290527.202488885
"PH",99.94,320899.478219415
"PH",99.95,348212.005047747
"PH",99.96,394567.440193376
"PH",99.97,470085.734360636
"PH",99.98,612741.270691843
"PH",99.99,762034.299848956
"PH",99.991,816008.215933052
"PH",99.992,869841.764513884
"PH",99.993,926345.375005326
"PH",99.994,1007033.30505824
"PH",99.995,1110720.65866026
"PH",99.996,1261869.82802445
"PH",99.997,1474001.99814917
"PH",99.998,1898997.24625345
"PH",99.999,5034034.33401808
"PK",0,45.4760414628774
"PK",1,45.4760414628774
"PK",2,45.4760414628774
"PK",3,45.4760414628774
"PK",4,45.4760414628774
"PK",5,94.984989241338
"PK",6,196.863413292677
"PK",7,301.231307833696
"PK",8,407.063490563346
"PK",9,513.925939179833
"PK",10,621.459691604252
"PK",11,729.515684943909
"PK",12,837.959696465757
"PK",13,946.59163221833
"PK",14,1055.49467645014
"PK",15,1164.48587323855
"PK",16,1273.95565674171
"PK",17,1379.39968499583
"PK",18,1482.34493439
"PK",19,1591.80899053189
"PK",20,1627.1873719348
"PK",21,1659.12355491976
"PK",22,1687.8386443333
"PK",23,1722.26315484787
"PK",24,1760.10839663593
"PK",25,1789.70516401966
"PK",26,1822.17878802197
"PK",27,1851.40838990347
"PK",28,1882.94813354584
"PK",29,1922.55136678269
"PK",30,1955.40644570469
"PK",31,1988.97495830675
"PK",32,2018.57542827026
"PK",33,2055.18414776962
"PK",34,2085.17379909595
"PK",35,2123.89293745743
"PK",36,2156.75422709704
"PK",37,2187.32633333406
"PK",38,2232.34655663465
"PK",39,2260.70999026463
"PK",40,2304.77653974656
"PK",41,2339.83993176349
"PK",42,2374.25887528231
"PK",43,2424.58830369984
"PK",44,2459.49428292441
"PK",45,2507.83107105776
"PK",46,2549.85181482688
"PK",47,2592.38599742642
"PK",48,2637.99526801156
"PK",49,2684.13590244277
"PK",50,2736.73762866931
"PK",51,2786.68339950071
"PK",52,2831.52956864653
"PK",53,2884.33069780992
"PK",54,2933.98703776027
"PK",55,2986.57041924212
"PK",56,3050.21212251524
"PK",57,3103.32825437495
"PK",58,3159.37467342273
"PK",59,3230.30259760153
"PK",60,3288.26218354665
"PK",61,3357.95525176928
"PK",62,3425.82216668067
"PK",63,3490.65925084666
"PK",64,3563.56832366601
"PK",65,3650.34391507335
"PK",66,3732.76288421911
"PK",67,3818.74271764379
"PK",68,3890.51492698681
"PK",69,3980.23101094205
"PK",70,4073.86879967913
"PK",71,4163.59531842722
"PK",72,4269.21419182643
"PK",73,4373.0471638484
"PK",74,4475.34655340551
"PK",75,4588.58499075808
"PK",76,4703.93526334423
"PK",77,4823.19047152949
"PK",78,4960.47538047711
"PK",79,5105.48022827672
"PK",80,5255.82974374005
"PK",81,5411.11517321223
"PK",82,5571.67793573117
"PK",83,5750.4289530236
"PK",84,5954.35038350202
"PK",85,6172.16238159373
"PK",86,6415.98632662178
"PK",87,6684.14629413414
"PK",88,6988.75383553649
"PK",89,7340.82562315961
"PK",90,7593.38796804513
"PK",91,8128.93098105273
"PK",92,8792.39258313828
"PK",93,9669.19061926861
"PK",94,10797.9469833913
"PK",95,12259.0493667626
"PK",96,14276.3342403643
"PK",97,17647.3192902779
"PK",98,23989.7488667206
"PK",99,30012.2055448493
"PK",99.1,32462.2048436742
"PK",99.2,35313.5866417709
"PK",99.3,38708.0739417504
"PK",99.4,43006.4606252432
"PK",99.5,49250.7624551908
"PK",99.6,57511.6367303965
"PK",99.7,70988.353142686
"PK",99.8,100644.007100918
"PK",99.9,137104.969701128
"PK",99.91,145527.870844178
"PK",99.92,153941.746939582
"PK",99.93,166229.211930391
"PK",99.94,182442.721706723
"PK",99.95,200006.582131201
"PK",99.96,226619.688146448
"PK",99.97,270396.204403098
"PK",99.98,354711.445131253
"PK",99.99,446779.009331389
"PK",99.991,475160.029379356
"PK",99.992,508245.484716021
"PK",99.993,544038.097153127
"PK",99.994,593247.523606062
"PK",99.995,659100.386402554
"PK",99.996,748717.065618853
"PK",99.997,885222.289132248
"PK",99.998,1152646.58387356
"PK",99.999,2777066.66388587
"QM",0,2925.72348542575
"QM",1,2925.72348542575
"QM",2,2925.72348542575
"QM",3,2925.72348542575
"QM",4,2925.72348542575
"QM",5,3070.85901809999
"QM",6,3399.30536812644
"QM",7,3760.02016393504
"QM",8,4140.88274865687
"QM",9,4535.16000910611
"QM",10,4554.29454704969
"QM",11,4964.82573077019
"QM",12,5380.58251992768
"QM",13,5800.18303981102
"QM",14,6222.7273420345
"QM",15,6648.01579100154
"QM",16,7089.65904547479
"QM",17,7539.17633402281
"QM",18,7981.51300697489
"QM",19,8445.17420915749
"QM",20,7672.66181219862
"QM",21,7902.68861132383
"QM",22,8151.2325062298
"QM",23,8406.73346918692
"QM",24,8562.03926023903
"QM",25,8802.69850815213
"QM",26,9031.11961669256
"QM",27,9255.49588137167
"QM",28,9502.90929566518
"QM",29,9740.67657599821
"QM",30,9807.17455518735
"QM",31,9957.96392517919
"QM",32,10250.2200022108
"QM",33,10490.2144611633
"QM",34,10682.7356631995
"QM",35,10921.3923577606
"QM",36,11160.1160452203
"QM",37,11285.6506622916
"QM",38,11678.1161966537
"QM",39,11887.786684918
"QM",40,12045.3953629294
"QM",41,12219.4047760748
"QM",42,12451.6464512996
"QM",43,12767.6277998651
"QM",44,12935.3962346067
"QM",45,13148.7947479304
"QM",46,13503.6740202355
"QM",47,13701.9768695705
"QM",48,13991.0358403666
"QM",49,14223.3823246773
"QM",50,14484.3483279878
"QM",51,14805.5945243653
"QM",52,15032.7001568918
"QM",53,15341.1717925283
"QM",54,15611.4061830353
"QM",55,15953.7827511512
"QM",56,16385.1904806108
"QM",57,16698.9351729681
"QM",58,16925.8912251024
"QM",59,17383.0180154056
"QM",60,17541.2780904418
"QM",61,17916.9760506466
"QM",62,18287.4320389834
"QM",63,18686.5852695262
"QM",64,19129.6709647033
"QM",65,19437.7124153772
"QM",66,19897.7162177261
"QM",67,20294.5359512893
"QM",68,20637.1761752945
"QM",69,21141.4738459138
"QM",70,21642.1700217142
"QM",71,22086.8857309739
"QM",72,22618.5413256883
"QM",73,23153.0931180346
"QM",74,23718.7195308013
"QM",75,24327.7280841645
"QM",76,24923.7381538708
"QM",77,25610.8296042183
"QM",78,26290.2683206918
"QM",79,26962.5498080428
"QM",80,27607.2069118669
"QM",81,28291.6465413346
"QM",82,29124.3471120144
"QM",83,30071.8500569197
"QM",84,31017.3744154946
"QM",85,31964.5505114664
"QM",86,33050.2826733199
"QM",87,34254.4907137247
"QM",88,35491.0762154681
"QM",89,37097.4694549064
"QM",90,39179.5621057215
"QM",91,41326.5096667976
"QM",92,44053.4267176962
"QM",93,47337.3835361948
"QM",94,51731.6186111809
"QM",95,57644.0780039938
"QM",96,66573.0518497933
"QM",97,80898.8680961385
"QM",98,110846.818837897
"QM",99,141758.675861773
"QM",99.1,151456.951741272
"QM",99.2,164606.216839252
"QM",99.3,179333.070788555
"QM",99.4,198937.436690809
"QM",99.5,224230.904188263
"QM",99.6,258994.929082753
"QM",99.7,319528.548802607
"QM",99.8,446997.217124973
"QM",99.9,582647.438942003
"QM",99.91,621243.994235813
"QM",99.92,655898.971097155
"QM",99.93,727917.036903706
"QM",99.94,823709.448392524
"QM",99.95,919398.269364315
"QM",99.96,1086498.89666074
"QM",99.97,1350881.12782153
"QM",99.98,1874842.0349861
"QM",99.99,2434226.90381902
"QM",99.991,2626737.81376102
"QM",99.992,2837989.15531
"QM",99.993,3080478.02478075
"QM",99.994,3414056.89937649
"QM",99.995,3860951.1050413
"QM",99.996,4498280.66361623
"QM",99.997,5492925.87312493
"QM",99.998,7644268.76606591
"QM",99.999,25413108.5785013
"RU",0,596.389646289551
"RU",1,596.389646289551
"RU",2,596.389646289551
"RU",3,596.389646289551
"RU",4,596.389646289551
"RU",5,694.833987654005
"RU",6,939.909329673146
"RU",7,1226.90049927413
"RU",8,1541.02811797186
"RU",9,1874.08195991682
"RU",10,2221.01800703018
"RU",11,2578.35114835331
"RU",12,2944.12041721172
"RU",13,3316.52805099295
"RU",14,3694.28641581271
"RU",15,4076.59529732662
"RU",16,4454.34973340861
"RU",17,4832.54392270419
"RU",18,5237.2171839113
"RU",19,5582.3558931444
"RU",20,5777.67663856096
"RU",21,5945.89269270667
"RU",22,6107.79178130132
"RU",23,6321.28206270127
"RU",24,6384.34519570671
"RU",25,6570.37514721944
"RU",26,6694.83102011254
"RU",27,6843.78866094225
"RU",28,6933.66482465237
"RU",29,7109.55911438252
"RU",30,7289.63051738815
"RU",31,7437.07004169312
"RU",32,7623.25046406039
"RU",33,7829.04831905598
"RU",34,7989.15806629571
"RU",35,8143.611133008
"RU",36,8348.98907680377
"RU",37,8414.98231125757
"RU",38,8671.14223601776
"RU",39,8818.82052987177
"RU",40,8944.22713338711
"RU",41,9078.31172048126
"RU",42,9243.17209804099
"RU",43,9440.39696199831
"RU",44,9574.36184074744
"RU",45,9723.5534441717
"RU",46,9956.13535734141
"RU",47,10092.7861944467
"RU",48,10283.8099160544
"RU",49,10439.3407019992
"RU",50,10628.4507876051
"RU",51,10872.1737390459
"RU",52,11057.1754664115
"RU",53,11255.2893778589
"RU",54,11522.9079448941
"RU",55,11754.432213948
"RU",56,12103.5661523465
"RU",57,12324.7143716847
"RU",58,12550.3221083433
"RU",59,12891.5685368319
"RU",60,13010.7201864025
"RU",61,13274.4165917736
"RU",62,13510.9749206765
"RU",63,13779.7872946113
"RU",64,14078.1308239206
"RU",65,14355.1826797903
"RU",66,14727.510617417
"RU",67,14997.5592722917
"RU",68,15320.5851082034
"RU",69,15618.3952213795
"RU",70,16015.2549376389
"RU",71,16283.2374243106
"RU",72,16655.9596258603
"RU",73,16983.2148871092
"RU",74,17420.928579328
"RU",75,17892.0917635977
"RU",76,18361.3213266712
"RU",77,18936.7164988756
"RU",78,19580.4085744345
"RU",79,20195.6393755279
"RU",80,20694.2251372934
"RU",81,21207.5081321524
"RU",82,21790.0956736874
"RU",83,22401.3406042999
"RU",84,23082.3246049381
"RU",85,23832.5589974692
"RU",86,24691.5410743561
"RU",87,25819.7996470834
"RU",88,27243.4486792297
"RU",89,29276.6798987844
"RU",90,32865.8416840683
"RU",91,38242.7764330409
"RU",92,44675.1518696285
"RU",93,52211.4972493394
"RU",94,61478.3556495162
"RU",95,72977.8832437458
"RU",96,87770.6468275387
"RU",97,108206.091444249
"RU",98,142497.71901974
"RU",99,180237.610169127
"RU",99.1,203355.671662625
"RU",99.2,240476.645349838
"RU",99.3,293663.347652505
"RU",99.4,368468.155880688
"RU",99.5,470238.902877888
"RU",99.6,596232.080183729
"RU",99.7,743254.674938194
"RU",99.8,898776.021396673
"RU",99.9,1064273.07492234
"RU",99.91,1157412.36876349
"RU",99.92,1275987.9308176
"RU",99.93,1467337.67658144
"RU",99.94,1738480.91553852
"RU",99.95,2082639.45067922
"RU",99.96,2567853.51678844
"RU",99.97,3259734.89350434
"RU",99.98,4512017.63959943
"RU",99.99,6166394.77514865
"RU",99.991,6870030.10469997
"RU",99.992,7755691.16607866
"RU",99.993,8840300.50950083
"RU",99.994,10149819.4673595
"RU",99.995,11632368.4343647
"RU",99.996,13178094.8187895
"RU",99.997,14641574.0865354
"RU",99.998,18061428.63023
"RU",99.999,28025309.2195815
"RW",0,23.1347422777522
"RW",1,23.1347422777522
"RW",2,23.1347422777522
"RW",3,23.1347422777522
"RW",4,23.1347422777522
"RW",5,41.5920634738286
"RW",6,79.302349147819
"RW",7,117.648724372261
"RW",8,156.387718865124
"RW",9,195.388962900295
"RW",10,234.53154428582
"RW",11,273.768542783931
"RW",12,313.07079647942
"RW",13,352.374932268783
"RW",14,391.686344252127
"RW",15,430.940922610984
"RW",16,471.049583371359
"RW",17,509.628329854595
"RW",18,547.346062881256
"RW",19,585.827809198898
"RW",20,593.597040257224
"RW",21,610.156096330976
"RW",22,628.476928840159
"RW",23,647.739946792793
"RW",24,665.742041831411
"RW",25,683.700798007886
"RW",26,701.626037450861
"RW",27,718.798342204178
"RW",28,737.263114828797
"RW",29,756.107131527223
"RW",30,775.927183084346
"RW",31,795.032522528526
"RW",32,815.50499061062
"RW",33,833.869908522779
"RW",34,850.359459507771
"RW",35,870.095744143675
"RW",36,888.826926189129
"RW",37,905.290195235032
"RW",38,930.423582349862
"RW",39,947.53600499076
"RW",40,975.697742993651
"RW",41,992.776727295892
"RW",42,1014.3973298403
"RW",43,1035.67991612562
"RW",44,1057.94834514901
"RW",45,1076.92297768151
"RW",46,1100.84714515891
"RW",47,1121.41478765141
"RW",48,1142.61626643493
"RW",49,1165.78727945502
"RW",50,1188.69143584819
"RW",51,1218.7481586583
"RW",52,1243.23923063815
"RW",53,1270.09533128845
"RW",54,1296.38810569761
"RW",55,1319.99526852042
"RW",56,1353.89518208962
"RW",57,1383.50353369739
"RW",58,1410.79550591001
"RW",59,1440.56464891644
"RW",60,1467.77017563034
"RW",61,1504.00501095247
"RW",62,1541.9604257631
"RW",63,1576.997834095
"RW",64,1615.65919896666
"RW",65,1653.70664773279
"RW",66,1699.68896145645
"RW",67,1744.18819395923
"RW",68,1788.85204783438
"RW",69,1833.41107278819
"RW",70,1882.62199118999
"RW",71,1933.05384147565
"RW",72,1989.48048951452
"RW",73,2051.53416404106
"RW",74,2110.23353169924
"RW",75,2179.06594946335
"RW",76,2246.32100428925
"RW",77,2317.60257986682
"RW",78,2394.20595431934
"RW",79,2481.67937078158
"RW",80,2616.49023894542
"RW",81,2719.63739468769
"RW",82,2843.65051979652
"RW",83,2968.74155190436
"RW",84,3117.20358483885
"RW",85,3283.53931401355
"RW",86,3490.04695461768
"RW",87,3731.88657546708
"RW",88,4039.88524767244
"RW",89,4376.41967870044
"RW",90,4803.50180256897
"RW",91,5295.03382142055
"RW",92,5917.36807094579
"RW",93,6656.16048812525
"RW",94,7659.78200185401
"RW",95,8879.0442994614
"RW",96,10474.8228074888
"RW",97,12933.2274578587
"RW",98,18670.3398879543
"RW",99,23315.2403416503
"RW",99.1,24812.6308128978
"RW",99.2,26617.0553985535
"RW",99.3,28785.2424663298
"RW",99.4,31467.4295867873
"RW",99.5,35099.4257718673
"RW",99.6,39924.8580242945
"RW",99.7,47730.8160837595
"RW",99.8,63173.3729302121
"RW",99.9,79260.2506212983
"RW",99.91,84119.3828901046
"RW",99.92,89059.1472061663
"RW",99.93,96719.2321768513
"RW",99.94,106842.14309035
"RW",99.95,117560.937886879
"RW",99.96,134371.770477326
"RW",99.97,161459.215470495
"RW",99.98,212913.225771255
"RW",99.99,266848.935961387
"RW",99.991,284850.107571769
"RW",99.992,304097.147733115
"RW",99.993,326329.8623205
"RW",99.994,355294.098561038
"RW",99.995,394312.288548269
"RW",99.996,448736.221446672
"RW",99.997,528976.367643107
"RW",99.998,699780.000874322
"RW",99.999,1775040.19588089
"SA",0,179.110759992574
"SA",1,179.110759992574
"SA",2,179.110759992574
"SA",3,179.110759992574
"SA",4,179.110759992574
"SA",5,403.619364934902
"SA",6,871.332444981519
"SA",7,1355.71234854441
"SA",8,1850.71090749831
"SA",9,2353.62635964201
"SA",10,2837.47965673997
"SA",11,3350.80637834117
"SA",12,3867.82921479234
"SA",13,4387.74713003193
"SA",14,4910.31000827796
"SA",15,5435.191926717
"SA",16,5980.30764281458
"SA",17,6501.04087031625
"SA",18,7014.79617942778
"SA",19,7538.53722022394
"SA",20,7779.40858890647
"SA",21,7888.11621427802
"SA",22,7969.54164606497
"SA",23,8162.07919929047
"SA",24,8287.73365304266
"SA",25,8559.81004093166
"SA",26,8836.0701615086
"SA",27,9144.95841701373
"SA",28,9472.70354481317
"SA",29,9790.80517509522
"SA",30,10006.5900411154
"SA",31,10166.3805250431
"SA",32,10352.9826869634
"SA",33,10506.487647226
"SA",34,10637.1970359292
"SA",35,10790.2996308742
"SA",36,10941.7954365028
"SA",37,11124.1655710792
"SA",38,11311.2075921037
"SA",39,11660.1694799113
"SA",40,12217.4379913626
"SA",41,12569.1456409572
"SA",42,12885.5407041941
"SA",43,13202.4180662044
"SA",44,13571.1809736042
"SA",45,14015.3594197266
"SA",46,14526.3943112155
"SA",47,15016.339987772
"SA",48,15547.6250968497
"SA",49,16009.4746197985
"SA",50,16443.0018200389
"SA",51,16797.8608295844
"SA",52,17132.0545980568
"SA",53,17484.8421577732
"SA",54,17867.7460568165
"SA",55,18247.2329883636
"SA",56,18694.0075274938
"SA",57,19039.4362108305
"SA",58,19557.0012845602
"SA",59,20457.9475735208
"SA",60,21287.032536262
"SA",61,22036.7654268625
"SA",62,22732.2301724817
"SA",63,23434.0939190406
"SA",64,24129.6644046809
"SA",65,24781.473391482
"SA",66,25438.8353152998
"SA",67,26048.1013259867
"SA",68,26732.6158739367
"SA",69,27505.409302857
"SA",70,28646.47637349
"SA",71,30130.0458653032
"SA",72,31162.7207910225
"SA",73,31947.2633374265
"SA",74,32815.7140418526
"SA",75,33803.3538415718
"SA",76,34908.5496095971
"SA",77,36146.7182966644
"SA",78,37438.9992925776
"SA",79,38804.4100703952
"SA",80,40405.3491403803
"SA",81,42387.933325187
"SA",82,44799.0764776942
"SA",83,47713.171473648
"SA",84,51053.1310278616
"SA",85,54751.4216296391
"SA",86,58614.6151729794
"SA",87,62680.3072448502
"SA",88,66880.2827250687
"SA",89,71669.0400181956
"SA",90,77685.1648587794
"SA",91,83787.0529267173
"SA",92,90929.3096417942
"SA",93,99750.5769921313
"SA",94,111474.039821348
"SA",95,128225.806140608
"SA",96,152329.806128567
"SA",97,193217.004063904
"SA",98,281714.486467639
"SA",99,438463.286381656
"SA",99.1,470033.823397434
"SA",99.2,509648.772611576
"SA",99.3,560322.47983825
"SA",99.4,625321.544073889
"SA",99.5,708972.007471763
"SA",99.6,817631.293480664
"SA",99.7,1006347.08329728
"SA",99.8,1409958.63305459
"SA",99.9,1822651.66470857
"SA",99.91,1946835.70088823
"SA",99.92,2099825.46758473
"SA",99.93,2295276.81925032
"SA",99.94,2533455.361779
"SA",99.95,2857052.32335431
"SA",99.96,3295982.63144202
"SA",99.97,4019961.84282699
"SA",99.98,5583071.4109571
"SA",99.99,7155083.92036397
"SA",99.991,7666953.14535719
"SA",99.992,8230465.20270648
"SA",99.993,8965860.45725719
"SA",99.994,9872282.4476837
"SA",99.995,11178536.3344615
"SA",99.996,13105247.413336
"SA",99.997,16020153.1496117
"SA",99.998,20929015.8115206
"SA",99.999,49166149.6859372
"SD",0,8.38403173032552
"SD",1,8.38403173032552
"SD",2,8.38403173032552
"SD",3,8.38403173032552
"SD",4,8.38403173032552
"SD",5,14.7406089951082
"SD",6,27.523909684839
"SD",7,40.3698054490491
"SD",8,53.24469967247
"SD",9,66.1469535612177
"SD",10,79.0654148101402
"SD",11,91.9952152352145
"SD",12,104.933068419922
"SD",13,117.876644465242
"SD",14,130.824251705031
"SD",15,143.77827231956
"SD",16,156.91375264009
"SD",17,169.571272702774
"SD",18,181.974059485635
"SD",19,195.148328299749
"SD",20,199.689776030752
"SD",21,205.285792546208
"SD",22,211.199227115015
"SD",23,216.879877014023
"SD",24,222.36917753957
"SD",25,228.056168575954
"SD",26,232.681908483375
"SD",27,237.674469956689
"SD",28,242.75096383188
"SD",29,248.561362181474
"SD",30,254.307517571639
"SD",31,259.366297258327
"SD",32,264.609775809789
"SD",33,270.049502428366
"SD",34,275.220724162417
"SD",35,281.109967745424
"SD",36,287.103862217931
"SD",37,292.520303011061
"SD",38,299.842092129744
"SD",39,305.112931513113
"SD",40,319.613614031448
"SD",41,326.172812525831
"SD",42,332.345605532645
"SD",43,338.993470456368
"SD",44,344.720850663195
"SD",45,351.723613345036
"SD",46,359.699183033346
"SD",47,366.708132834149
"SD",48,374.292424945046
"SD",49,381.677776464527
"SD",50,388.278986338093
"SD",51,396.476253204821
"SD",52,403.977150238597
"SD",53,411.852192764019
"SD",54,420.143316946713
"SD",55,428.888366842179
"SD",56,437.038391274753
"SD",57,446.274257749476
"SD",58,454.703053423915
"SD",59,463.533166149496
"SD",60,462.651792386837
"SD",61,471.616413454802
"SD",62,480.255237597537
"SD",63,490.930151839095
"SD",64,500.628707138099
"SD",65,510.134547207663
"SD",66,520.795456288227
"SD",67,531.455880013884
"SD",68,542.892098986488
"SD",69,555.933691504013
"SD",70,566.166383530834
"SD",71,579.32275478042
"SD",72,591.822282318457
"SD",73,606.2358323057
"SD",74,620.896595262673
"SD",75,636.57796124625
"SD",76,654.722281283064
"SD",77,674.419184005532
"SD",78,693.572574586045
"SD",79,712.569075070613
"SD",80,740.82846480417
"SD",81,761.513243363725
"SD",82,785.031621249834
"SD",83,814.973059719739
"SD",84,849.437258965156
"SD",85,889.241420602367
"SD",86,932.56734798922
"SD",87,981.480096579109
"SD",88,1038.64075435441
"SD",89,1107.05440660661
"SD",90,1188.73980429879
"SD",91,1284.24347520768
"SD",92,1402.72433965198
"SD",93,1553.59957400173
"SD",94,1761.34120472659
"SD",95,2010.04670626365
"SD",96,2354.7194500594
"SD",97,2918.51074674528
"SD",98,4036.68471162747
"SD",99,4922.69314823889
"SD",99.1,5212.31726583528
"SD",99.2,5570.40199220161
"SD",99.3,5996.6648719674
"SD",99.4,6541.0443311875
"SD",99.5,7251.34312339238
"SD",99.6,8244.78283672531
"SD",99.7,9834.42639165425
"SD",99.8,12942.3262838065
"SD",99.9,16127.1832208482
"SD",99.91,17046.5498545866
"SD",99.92,18069.6642323889
"SD",99.93,19560.2308889207
"SD",99.94,21440.1244894742
"SD",99.95,23688.9846082315
"SD",99.96,27112.1940322758
"SD",99.97,32409.6050162617
"SD",99.98,42585.3346239305
"SD",99.99,53158.0664902272
"SD",99.991,56388.1847181844
"SD",99.992,60088.0028628569
"SD",99.993,64643.6622032098
"SD",99.994,70360.9304061981
"SD",99.995,78018.296727506
"SD",99.996,88754.5565504203
"SD",99.997,105221.143712564
"SD",99.998,138196.958097499
"SD",99.999,341390.497243301
"SE",0,13136.4918396035
"SE",1,13136.4918396035
"SE",2,13136.4918396035
"SE",3,13136.4918396035
"SE",4,13136.4918396035
"SE",5,13504.0578362615
"SE",6,14298.4119355185
"SE",7,15139.5654962495
"SE",8,16006.7817032292
"SE",9,16888.8667186381
"SE",10,11413.8153485227
"SE",11,12309.5628020725
"SE",12,13208.3328473818
"SE",13,14108.5463153597
"SE",14,15009.1121198124
"SE",15,15909.0177758635
"SE",16,16789.8523736058
"SE",17,17736.9001032197
"SE",18,18546.8610547797
"SE",19,19506.2010698889
"SE",20,17806.4901049677
"SE",21,18142.9565277755
"SE",22,18437.5813408878
"SE",23,18979.2366252045
"SE",24,19088.0947446472
"SE",25,19416.3729669845
"SE",26,19584.4364285542
"SE",27,19913.8012658691
"SE",28,20101.6790051829
"SE",29,20381.8762389204
"SE",30,20404.2176537253
"SE",31,20430.5812976765
"SE",32,20932.1809650425
"SE",33,21175.639099796
"SE",34,21434.8191921595
"SE",35,21798.9201184827
"SE",36,22084.3482338635
"SE",37,22211.8031206772
"SE",38,22735.6656245162
"SE",39,23031.807863976
"SE",40,22788.5278659451
"SE",41,22871.4419499191
"SE",42,23089.22231883
"SE",43,23535.6379318986
"SE",44,23687.3152916096
"SE",45,23964.2262169291
"SE",46,24503.8946356207
"SE",47,24634.9451118767
"SE",48,25108.4443401651
"SE",49,25333.7374833702
"SE",50,25391.1211362579
"SE",51,25854.0262920723
"SE",52,26148.2810065953
"SE",53,26550.3292723005
"SE",54,26844.0332282414
"SE",55,27309.8640116053
"SE",56,28087.5647902723
"SE",57,28231.6143040088
"SE",58,28531.0487097369
"SE",59,29165.5036973978
"SE",60,28768.0119378518
"SE",61,29220.2679019252
"SE",62,29591.9100452492
"SE",63,30158.8058554088
"SE",64,30717.5303401281
"SE",65,31021.3737571885
"SE",66,31649.776476358
"SE",67,32021.3486010813
"SE",68,32349.5338567763
"SE",69,32941.5567536457
"SE",70,33531.298491432
"SE",71,33972.0248752068
"SE",72,34627.5098628068
"SE",73,35262.3456759466
"SE",74,35870.23888026
"SE",75,36409.6135749267
"SE",76,36942.4251244266
"SE",77,37741.7892506332
"SE",78,38397.2721334957
"SE",79,39111.5241549706
"SE",80,39871.7309997613
"SE",81,40469.0454589867
"SE",82,41196.9083218608
"SE",83,42349.2347476009
"SE",84,43331.703260098
"SE",85,44255.2826492111
"SE",86,45410.3335415653
"SE",87,46855.4855231559
"SE",88,48169.763884034
"SE",89,49748.2036192708
"SE",90,51561.2927614794
"SE",91,53312.5742211242
"SE",92,55808.1823030838
"SE",93,58917.5885871572
"SE",94,63136.2406414316
"SE",95,68771.5063579486
"SE",96,77327.1822021716
"SE",97,91187.2366717093
"SE",98,123204.285495835
"SE",99,158934.333442799
"SE",99.1,169651.091424683
"SE",99.2,184915.313501868
"SE",99.3,201440.631656406
"SE",99.4,225040.596009933
"SE",99.5,254731.243481356
"SE",99.6,295310.611666317
"SE",99.7,374757.446290883
"SE",99.8,553861.799817411
"SE",99.9,755414.129084501
"SE",99.91,791986.89757072
"SE",99.92,822472.240719993
"SE",99.93,939255.000739078
"SE",99.94,1124386.64900089
"SE",99.95,1252599.63251193
"SE",99.96,1542622.95954069
"SE",99.97,2026043.66461672
"SE",99.98,2995515.73464483
"SE",99.99,4122687.89839005
"SE",99.991,4478768.74432963
"SE",99.992,4955616.96616464
"SE",99.993,5392283.59187496
"SE",99.994,6004490.98978565
"SE",99.995,6950495.83122739
"SE",99.996,8316357.70323921
"SE",99.997,10180237.2263717
"SE",99.998,15008354.9751865
"SE",99.999,63852595.0135987
"TH",0,863.72763718369
"TH",1,863.72763718369
"TH",2,863.72763718369
"TH",3,863.72763718369
"TH",4,863.72763718369
"TH",5,930.933865645767
"TH",6,1072.92422249838
"TH",7,1221.62258778722
"TH",8,1374.53411303947
"TH",9,1530.49238980517
"TH",10,1688.63159386752
"TH",11,1848.27126186486
"TH",12,2009.43123423008
"TH",13,2171.47652659307
"TH",14,2334.35128355954
"TH",15,2497.99133568698
"TH",16,2675.4645273497
"TH",17,2835.56671136844
"TH",18,2988.36938055949
"TH",19,3149.27408618122
"TH",20,2910.50415363017
"TH",21,3030.9930586633
"TH",22,3136.718230807
"TH",23,3257.8027349348
"TH",24,3354.70854570102
"TH",25,3485.76018126309
"TH",26,3600.01899176529
"TH",27,3663.29645046407
"TH",28,3773.32458851991
"TH",29,3889.23554199719
"TH",30,4009.15804238752
"TH",31,4087.35731494748
"TH",32,4228.3503871976
"TH",33,4334.70618237301
"TH",34,4443.53606413682
"TH",35,4579.10738492387
"TH",36,4692.7847650153
"TH",37,4758.61066649421
"TH",38,4893.10331256575
"TH",39,5041.81210201561
"TH",40,5086.74815660585
"TH",41,5215.75869028276
"TH",42,5336.48622676383
"TH",43,5510.57628911267
"TH",44,5602.79978997062
"TH",45,5722.88113915266
"TH",46,5897.4370820838
"TH",47,6000.06733320602
"TH",48,6183.59911802762
"TH",49,6294.07159442836
"TH",50,6441.67782850872
"TH",51,6622.88019022803
"TH",52,6769.58113248302
"TH",53,6944.87608202623
"TH",54,7107.11668949255
"TH",55,7315.08934480715
"TH",56,7510.38569640474
"TH",57,7729.71447415625
"TH",58,7938.89192445107
"TH",59,8196.37194122478
"TH",60,8258.3653626709
"TH",61,8541.63384959671
"TH",62,8786.47935949518
"TH",63,9096.63000224295
"TH",64,9435.47474787891
"TH",65,9731.49575317995
"TH",66,10099.8452382104
"TH",67,10387.4382553436
"TH",68,10710.2683577181
"TH",69,11107.3154874976
"TH",70,11524.8336752997
"TH",71,11930.0672852245
"TH",72,12370.9682602621
"TH",73,12785.3150009766
"TH",74,13246.8520738314
"TH",75,13724.8467211674
"TH",76,14244.3055870043
"TH",77,14843.0654701002
"TH",78,15565.168426067
"TH",79,16260.2133621394
"TH",80,17028.7616308504
"TH",81,17738.6013938283
"TH",82,18639.2331993932
"TH",83,19853.5365485946
"TH",84,20969.6005965513
"TH",85,22129.6302083606
"TH",86,23344.310525077
"TH",87,24746.7105448708
"TH",88,26246.5940423641
"TH",89,28193.6431983366
"TH",90,30454.2085241284
"TH",91,33474.5128631809
"TH",92,37093.8142226404
"TH",93,40646.2291390953
"TH",94,45231.4543706014
"TH",95,51669.9737652316
"TH",96,60215.8356335018
"TH",97,73961.7943591874
"TH",98,109494.350037805
"TH",99,140549.712998908
"TH",99.1,144579.339323054
"TH",99.2,153452.749938502
"TH",99.3,169662.737806514
"TH",99.4,196595.632172587
"TH",99.5,219110.629104453
"TH",99.6,268413.461490105
"TH",99.7,330094.750063622
"TH",99.8,385252.086708529
"TH",99.9,482717.342021977
"TH",99.91,543039.00433221
"TH",99.92,564481.492469063
"TH",99.93,624808.537326302
"TH",99.94,736841.053713903
"TH",99.95,797344.578743901
"TH",99.96,1013362.13550809
"TH",99.97,1289512.00341187
"TH",99.98,1405436.78821123
"TH",99.99,1427262.34046003
"TH",99.991,1438662.87483223
"TH",99.992,1441152.20976794
"TH",99.993,1443053.40483195
"TH",99.994,1448366.74321212
"TH",99.995,1455764.92347825
"TH",99.996,1467177.25992052
"TH",99.997,1478999.31424842
"TH",99.998,1531936.92097183
"TH",99.999,24295246.2623688
"TR",0,1332.93995005835
"TR",1,1332.93995005835
"TR",2,1332.93995005835
"TR",3,1332.93995005835
"TR",4,1332.93995005835
"TR",5,1439.46578452069
"TR",6,1673.7344858271
"TR",7,1925.76040735495
"TR",8,2188.92686230452
"TR",9,2459.05552277907
"TR",10,2734.42920992979
"TR",11,3013.32118408971
"TR",12,3294.89032448854
"TR",13,3578.5115753332
"TR",14,3863.62926661217
"TR",15,4150.192573107
"TR",16,4417.86665148697
"TR",17,4683.58820715228
"TR",18,4970.57182118927
"TR",19,5236.73272767326
"TR",20,4702.41258582029
"TR",21,4747.87413652313
"TR",22,4988.57030471771
"TR",23,5184.8879823901
"TR",24,5417.49146621408
"TR",25,5665.56524241369
"TR",26,5822.44269610444
"TR",27,5959.55703855668
"TR",28,6030.08807405349
"TR",29,6099.73584919729
"TR",30,6190.76548238721
"TR",31,6188.92507668975
"TR",32,6285.63371597928
"TR",33,6370.65578888343
"TR",34,6398.45765883048
"TR",35,6522.50408990208
"TR",36,6569.67059405804
"TR",37,6627.12324582315
"TR",38,6792.18089010681
"TR",39,6899.58626243938
"TR",40,6853.15342464376
"TR",41,6987.07608431276
"TR",42,7126.07294415142
"TR",43,7359.50336734221
"TR",44,7526.4266880338
"TR",45,7705.65647760245
"TR",46,7910.27491908381
"TR",47,8103.71019799904
"TR",48,8295.78302265298
"TR",49,8453.22580575783
"TR",50,8626.28558760071
"TR",51,8829.58560070323
"TR",52,9014.18070761923
"TR",53,9163.41208127963
"TR",54,9361.80679627786
"TR",55,9561.38814612379
"TR",56,9786.20053589751
"TR",57,9944.2051666098
"TR",58,10148.8759752353
"TR",59,10388.524551476
"TR",60,10475.2953989613
"TR",61,10736.4026935788
"TR",62,10948.6910442536
"TR",63,11221.038973493
"TR",64,11484.1804172624
"TR",65,11762.3631690485
"TR",66,12079.8180569381
"TR",67,12354.2477880459
"TR",68,12617.1216856574
"TR",69,12957.0246696666
"TR",70,13312.750583802
"TR",71,13605.5043160478
"TR",72,13969.755366354
"TR",73,14320.3982811267
"TR",74,14689.088665944
"TR",75,15097.9390521222
"TR",76,15483.82318543
"TR",77,15934.8764391719
"TR",78,16433.2429478015
"TR",79,16925.2884595072
"TR",80,17472.641786607
"TR",81,18238.9584110319
"TR",82,19298.0226421715
"TR",83,20586.1672081201
"TR",84,22146.6510977803
"TR",85,23965.3252161401
"TR",86,26138.7147401295
"TR",87,28777.1570050821
"TR",88,31868.9231887196
"TR",89,35490.1081525841
"TR",90,39561.3047041183
"TR",91,44237.1134287263
"TR",92,49678.9132844016
"TR",93,56279.8943636214
"TR",94,64615.9959845633
"TR",95,75444.7159425757
"TR",96,90573.3502811781
"TR",97,114055.0568891
"TR",98,160968.57243983
"TR",99,296584.357525515
"TR",99.1,315740.395690586
"TR",99.2,340713.307313224
"TR",99.3,369977.731536638
"TR",99.4,407802.858966137
"TR",99.5,456251.677077979
"TR",99.6,521984.147299629
"TR",99.7,630270.853344006
"TR",99.8,844715.061076643
"TR",99.9,1064820.45312006
"TR",99.91,1130972.42535568
"TR",99.92,1200621.71437424
"TR",99.93,1301173.08132457
"TR",99.94,1432291.73825389
"TR",99.95,1584445.70996464
"TR",99.96,1807857.07408187
"TR",99.97,2159351.41677149
"TR",99.98,2838829.58046483
"TR",99.99,3528569.06444424
"TR",99.991,3746889.92516895
"TR",99.992,3993261.6937657
"TR",99.993,4294329.57818077
"TR",99.994,4675468.02144945
"TR",99.995,5185022.01573885
"TR",99.996,5903351.66953447
"TR",99.997,7009893.31485662
"TR",99.998,9116959.02074137
"TR",99.999,21321271.9533028
"TW",0,2789.92568534138
"TW",1,2789.92568534138
"TW",2,2789.92568534138
"TW",3,2789.92568534138
"TW",4,2789.92568534138
"TW",5,3046.13663607944
"TW",6,3565.79411026637
"TW",7,4090.17436430223
"TW",8,4617.89295854426
"TW",9,5148.13326764393
"TW",10,5298.42314059546
"TW",11,5831.21033781174
"TW",12,6364.21914061882
"TW",13,6898.65236766798
"TW",14,7432.63101613597
"TW",15,7967.45813112252
"TW",16,8453.55375693819
"TW",17,9003.57777004044
"TW",18,9506.53562840421
"TW",19,10060.0240920071
"TW",20,9417.6446119249
"TW",21,9877.51802974085
"TW",22,10400.3279267491
"TW",23,10918.8787571059
"TW",24,11437.4388985805
"TW",25,12004.6815652227
"TW",26,12565.6565760859
"TW",27,13115.807257823
"TW",28,13695.3841484745
"TW",29,14278.6819906823
"TW",30,14775.8702998828
"TW",31,15392.759381094
"TW",32,16056.4678572792
"TW",33,16749.1510844054
"TW",34,17323.0929541138
"TW",35,17996.4859593924
"TW",36,18691.1177834635
"TW",37,19299.0562823565
"TW",38,20114.6934158896
"TW",39,20729.366392824
"TW",40,21270.1796914309
"TW",41,21890.6533072129
"TW",42,22698.5254448847
"TW",43,23402.4274477744
"TW",44,24149.2265976148
"TW",45,24916.6441643022
"TW",46,25730.2982512306
"TW",47,26452.2560579235
"TW",48,27279.3643549009
"TW",49,28068.6579716531
"TW",50,28714.2316410857
"TW",51,29555.9401376662
"TW",52,30369.5103164782
"TW",53,31245.3870762827
"TW",54,32057.8803028102
"TW",55,32955.1931440996
"TW",56,33904.1201995188
"TW",57,34751.232704993
"TW",58,35562.1223564752
"TW",59,36577.4135843094
"TW",60,37275.3326612116
"TW",61,38280.0768640278
"TW",62,39216.6499430492
"TW",63,40176.1637008093
"TW",64,41240.1388420243
"TW",65,42201.8062803463
"TW",66,43330.9942211063
"TW",67,44340.458803891
"TW",68,45396.7364108066
"TW",69,46567.811789935
"TW",70,47673.0686477405
"TW",71,48802.5230825681
"TW",72,50096.2405467301
"TW",73,51385.3719811637
"TW",74,52683.6453623654
"TW",75,54070.1241531702
"TW",76,55552.2713986592
"TW",77,57076.7914695186
"TW",78,58732.918380779
"TW",79,60476.7393895773
"TW",80,62451.2558438739
"TW",81,64377.6331579991
"TW",82,66529.039565912
"TW",83,68886.9133859685
"TW",84,71545.3391407127
"TW",85,74378.976313222
"TW",86,77573.1836165129
"TW",87,81493.6719204476
"TW",88,85882.199291697
"TW",89,90998.1094103895
"TW",90,97085.1079956002
"TW",91,104248.846241128
"TW",92,113073.345643131
"TW",93,124236.600469391
"TW",94,138744.326032419
"TW",95,158262.629532064
"TW",96,185979.886871099
"TW",97,229292.674632949
"TW",98,311121.753786994
"TW",99,391171.25939385
"TW",99.1,413507.513891889
"TW",99.2,441087.322862393
"TW",99.3,474444.083871743
"TW",99.4,515496.543335486
"TW",99.5,573724.109669843
"TW",99.6,653658.824998344
"TW",99.7,791280.551993713
"TW",99.8,1087538.69967919
"TW",99.9,1412656.55191072
"TW",99.91,1515217.16547035
"TW",99.92,1617041.17678452
"TW",99.93,1769479.74420682
"TW",99.94,1976686.60433219
"TW",99.95,2233603.64161751
"TW",99.96,2625733.74188133
"TW",99.97,3323284.44536635
"TW",99.98,4830445.33402086
"TW",99.99,6543593.67143857
"TW",99.991,7110213.50548984
"TW",99.992,7781899.47364645
"TW",99.993,8628718.8008556
"TW",99.994,9750037.21834061
"TW",99.995,11310911.8149354
"TW",99.996,13635025.6709307
"TW",99.997,17547094.299889
"TW",99.998,26201053.3753079
"TW",99.999,138219975.832833
"US",0,6276.01292978843
"US",1,6539.87851448144
"US",2,7028.65912983569
"US",3,7384.91519164079
"US",4,7766.60344996783
"US",5,8192.15187996461
"US",6,8667.02314718846
"US",7,9192.61527646985
"US",8,9767.27897218603
"US",9,10384.3589505574
"US",10,9318.95659384073
"US",11,9984.21596784935
"US",12,10651.1825030617
"US",13,11305.0648607747
"US",14,11933.6582102895
"US",15,12525.7834726515
"US",16,13054.2466509388
"US",17,13526.5957679871
"US",18,13911.6652540986
"US",19,14289.5679172445
"US",20,13388.8095268804
"US",21,13623.9256204637
"US",22,13884.936183373
"US",23,14199.7852768313
"US",24,14396.1591327881
"US",25,14693.3950145939
"US",26,14962.0291013462
"US",27,15278.4797907799
"US",28,15527.6279998305
"US",29,15866.2718307372
"US",30,15734.2149309376
"US",31,16026.1882542554
"US",32,16587.4793058156
"US",33,17039.071398351
"US",34,17468.1344334187
"US",35,17991.243181944
"US",36,18439.5699871957
"US",37,18674.89288435
"US",38,19355.8315972596
"US",39,19760.2397090084
"US",40,19918.0022081368
"US",41,20191.6850418608
"US",42,20629.001012433
"US",43,21166.8948575533
"US",44,21540.3354051904
"US",45,21969.9907962736
"US",46,22558.5414090099
"US",47,22967.049850845
"US",48,23451.2825272252
"US",49,24009.4590824283
"US",50,24003.1329351113
"US",51,24705.524163957
"US",52,25229.0146086389
"US",53,25972.0243867103
"US",54,26479.3406790461
"US",55,27289.7051362412
"US",56,28186.1006802075
"US",57,28657.9745487536
"US",58,29429.4972222086
"US",59,30261.2694575329
"US",60,30848.0440037693
"US",61,31594.7750809743
"US",62,32441.4588992943
"US",63,33310.6939209801
"US",64,34241.5004874001
"US",65,34968.5718096495
"US",66,36068.4585448369
"US",67,36999.7866849202
"US",68,37869.7349507985
"US",69,39020.4248299224
"US",70,39809.8946853656
"US",71,40890.0042447441
"US",72,42146.5699748307
"US",73,43347.0363888117
"US",74,44604.5742634799
"US",75,45980.0207358236
"US",76,47283.0641458971
"US",77,48891.9724714002
"US",78,50495.7826688075
"US",79,52349.5199900424
"US",80,54220.903551882
"US",81,55906.8792916963
"US",82,57875.8869961358
"US",83,60175.9048175227
"US",84,62581.683838031
"US",85,64989.7769440199
"US",86,67778.010486295
"US",87,71071.6094618131
"US",88,74700.7227185973
"US",89,78476.162620643
"US",90,83037.4108449399
"US",91,87991.2226938427
"US",92,94019.6765070235
"US",93,101554.90664752
"US",94,111303.686429503
"US",95,124322.165322244
"US",96,142935.739511756
"US",97,173352.461955528
"US",98,242549.647881696
"US",99,318697.828245971
"US",99.1,340391.869021859
"US",99.2,372210.133628705
"US",99.3,410551.725395587
"US",99.4,462576.31193417
"US",99.5,530415.619660135
"US",99.6,631231.773887647
"US",99.7,811210.28003954
"US",99.8,1225290.65330107
"US",99.9,1673665.36829303
"US",99.91,1793492.23462633
"US",99.92,1899695.48063225
"US",99.93,2166621.89585218
"US",99.94,2540254.4925645
"US",99.95,2877704.43151839
"US",99.96,3545723.58135401
"US",99.97,4637094.5592969
"US",99.98,6909109.6788032
"US",99.99,9346553.91815056
"US",99.991,10324066.9427164
"US",99.992,11256858.6838453
"US",99.993,12432569.6282893
"US",99.994,13994571.0942178
"US",99.995,16177781.3655172
"US",99.996,19388922.9234241
"US",99.997,24289792.3052597
"US",99.998,35411571.4533517
"US",99.999,147300657.258216
"VN",0,391.648864508036
"VN",1,391.648864508036
"VN",2,391.648864508036
"VN",3,391.648864508036
"VN",4,391.648864508036
"VN",5,480.278394611643
"VN",6,662.226381685629
"VN",7,848.090029436432
"VN",8,1036.53464657423
"VN",9,1226.65850333618
"VN",10,1418.09868360134
"VN",11,1610.41789029567
"VN",12,1803.51655212376
"VN",13,1997.11997072818
"VN",14,2191.23701384685
"VN",15,2385.65917147668
"VN",16,2587.27173566021
"VN",17,2767.52480288243
"VN",18,2975.4995210327
"VN",19,3167.60482380085
"VN",20,3005.00801769024
"VN",21,3104.15989026607
"VN",22,3192.19284526703
"VN",23,3310.06776572509
"VN",24,3374.58346125388
"VN",25,3492.17322623477
"VN",26,3574.39866352893
"VN",27,3688.39502236903
"VN",28,3770.94443753367
"VN",29,3873.74025474032
"VN",30,3983.39204304401
"VN",31,4072.88156927515
"VN",32,4203.50963063044
"VN",33,4329.4313047169
"VN",34,4412.74525564889
"VN",35,4531.11295256208
"VN",36,4627.11719844127
"VN",37,4731.77499801192
"VN",38,4880.99432431509
"VN",39,4974.34183406989
"VN",40,5057.55206316654
"VN",41,5172.59732286149
"VN",42,5265.57113223748
"VN",43,5398.41833716632
"VN",44,5529.19605104936
"VN",45,5642.05795813661
"VN",46,5766.97785429672
"VN",47,5884.64817227266
"VN",48,6018.47162923575
"VN",49,6142.03109605785
"VN",50,6271.51548002987
"VN",51,6422.43867790058
"VN",52,6544.28116849061
"VN",53,6696.57122691751
"VN",54,6820.41439473841
"VN",55,6976.42029266645
"VN",56,7146.03226119599
"VN",57,7294.18325052733
"VN",58,7461.5875929535
"VN",59,7646.25271818875
"VN",60,7794.58790213891
"VN",61,7991.16322751901
"VN",62,8199.57618137241
"VN",63,8401.10930626332
"VN",64,8617.00371466937
"VN",65,8829.65068474659
"VN",66,9059.82142125033
"VN",67,9307.13687566084
"VN",68,9551.48579721242
"VN",69,9845.58393514241
"VN",70,10128.5955994067
"VN",71,10413.5471967174
"VN",72,10732.9976135231
"VN",73,11007.7364431594
"VN",74,11341.4191182836
"VN",75,11696.1175855042
"VN",76,12083.5727636165
"VN",77,12445.9496957025
"VN",78,12866.0667338878
"VN",79,13267.0942580084
"VN",80,13732.1836109019
"VN",81,14164.2890712252
"VN",82,14598.0549096727
"VN",83,15108.1572868058
"VN",84,15747.9521227805
"VN",85,16465.1392010284
"VN",86,17131.3163302319
"VN",87,17964.858344187
"VN",88,18873.5584562281
"VN",89,19881.1010657342
"VN",90,19940.6697894274
"VN",91,21437.1177354331
"VN",92,23234.2967188054
"VN",93,25462.2275235521
"VN",94,28564.3364004427
"VN",95,32541.3133222704
"VN",96,37897.5169578177
"VN",97,47042.5946795854
"VN",98,65005.1260161656
"VN",99,81459.6938388412
"VN",99.1,87196.1393828858
"VN",99.2,94128.9115384821
"VN",99.3,102241.0337059
"VN",99.4,112792.242465146
"VN",99.5,127330.179520823
"VN",99.6,146208.118170127
"VN",99.7,177609.047211735
"VN",99.8,245939.519003941
"VN",99.9,323986.226557181
"VN",99.91,342647.551546132
"VN",99.92,360712.719432484
"VN",99.93,389727.524664071
"VN",99.94,425746.290418279
"VN",99.95,466262.858476007
"VN",99.96,526175.425755986
"VN",99.97,624476.987899172
"VN",99.98,820820.989732541
"VN",99.99,1024066.97661927
"VN",99.991,1089359.71622813
"VN",99.992,1160991.0048174
"VN",99.993,1244999.84408227
"VN",99.994,1359148.1404855
"VN",99.995,1512064.14246193
"VN",99.996,1728904.53186304
"VN",99.997,2060315.57612832
"VN",99.998,2650302.08518285
"VN",99.999,7342956.3308005
"ZA",0,1267.66796745237
"ZA",1,1267.66796745237
"ZA",2,1267.66796745237
"ZA",3,1267.66796745237
"ZA",4,1267.66796745237
"ZA",5,1291.74016475086
"ZA",6,1342.00708317906
"ZA",7,1394.05856258138
"ZA",8,1447.24298503992
"ZA",9,1501.150663724
"ZA",10,1555.65914379802
"ZA",11,1610.53201342325
"ZA",12,1665.80555521155
"ZA",13,1721.22387464904
"ZA",14,1776.88119420466
"ZA",15,1832.64337413849
"ZA",16,1886.51028274625
"ZA",17,1939.91112481161
"ZA",18,1990.80171921712
"ZA",19,2044.60394869789
"ZA",20,1487.87715545942
"ZA",21,1514.63181467856
"ZA",22,1546.41681245478
"ZA",23,1581.18471628914
"ZA",24,1605.10088113211
"ZA",25,1640.58281798918
"ZA",26,1664.91945750453
"ZA",27,1695.90908560443
"ZA",28,1724.83651293217
"ZA",29,1753.0615315178
"ZA",30,1792.06225520258
"ZA",31,1817.90996396279
"ZA",32,1854.70326102757
"ZA",33,1896.82028734945
"ZA",34,1925.51298623253
"ZA",35,1957.17467568058
"ZA",36,1988.6817792348
"ZA",37,2010.35139112721
"ZA",38,2058.0524834205
"ZA",39,2089.7747489795
"ZA",40,1958.12450155626
"ZA",41,1992.34347372963
"ZA",42,2034.08950838713
"ZA",43,2079.64281049354
"ZA",44,2114.53268915439
"ZA",45,2163.51591821647
"ZA",46,2224.11054585587
"ZA",47,2270.85444643525
"ZA",48,2330.20126513577
"ZA",49,2372.19545482375
"ZA",50,2429.44842381555
"ZA",51,2499.90939781957
"ZA",52,2567.01527645002
"ZA",53,2635.29250981829
"ZA",54,2697.47092793434
"ZA",55,2786.40975138151
"ZA",56,2874.0994748267
"ZA",57,2947.60813368065
"ZA",58,3033.28223532602
"ZA",59,3131.30056079207
"ZA",60,3082.38520239072
"ZA",61,3189.09326867489
"ZA",62,3296.27183130394
"ZA",63,3425.4470973975
"ZA",64,3570.84013682859
"ZA",65,3697.94419130465
"ZA",66,3849.95570233522
"ZA",67,3990.25125590744
"ZA",68,4134.95936192358
"ZA",69,4318.16225226946
"ZA",70,4506.55965125904
"ZA",71,4699.66688833098
"ZA",72,4911.27935143897
"ZA",73,5151.41300853595
"ZA",74,5398.8492637772
"ZA",75,5688.50455402809
"ZA",76,5999.28412288729
"ZA",77,6320.06245615187
"ZA",78,6672.78454243568
"ZA",79,7054.98342195986
"ZA",80,7287.68836826036
"ZA",81,7774.45756189011
"ZA",82,8314.74450401712
"ZA",83,8981.79801627951
"ZA",84,9672.49567201864
"ZA",85,10404.44452055
"ZA",86,11234.8893206213
"ZA",87,12299.9566669072
"ZA",88,13520.6677007923
"ZA",89,14998.8093210183
"ZA",90,21330.9187520007
"ZA",91,23398.842969718
"ZA",92,25497.8128712747
"ZA",93,28799.1590484624
"ZA",94,33040.8581785881
"ZA",95,38146.300811999
"ZA",96,44374.5241292054
"ZA",97,52450.224601109
"ZA",98,68260.8626403035
"ZA",99,82087.416246259
"ZA",99.1,86493.2349830921
"ZA",99.2,93471.0773174616
"ZA",99.3,101026.197300454
"ZA",99.4,111137.832991646
"ZA",99.5,124762.319304845
"ZA",99.6,144891.016886067
"ZA",99.7,176345.683588574
"ZA",99.8,240253.903993079
"ZA",99.9,304722.014042158
"ZA",99.91,319991.096222035
"ZA",99.92,333383.973614162
"ZA",99.93,365358.363859329
"ZA",99.94,406663.281639103
"ZA",99.95,447799.351664577
"ZA",99.96,514122.286410822
"ZA",99.97,616192.692128674
"ZA",99.98,807437.283762302
"ZA",99.99,999523.660401385
"ZA",99.991,1063123.18626208
"ZA",99.992,1131289.40924109
"ZA",99.993,1211089.61876575
"ZA",99.994,1316262.35500621
"ZA",99.995,1453999.75401216
"ZA",99.996,1645556.95271383
"ZA",99.997,1936626.30490943
"ZA",99.998,2518504.95846614
"ZA",99.999,5789392.61399577
