"country","gpercentile","income_2025","income_2026","income_2027","income_2028","income_2029","income_2030","income_2031","income_2032","income_2033","income_2034","income_2035","income_2036","income_2037","income_2038","income_2039","income_2040","income_2041","income_2042","income_2043","income_2044","income_2045","income_2046","income_2047","income_2048","income_2049","income_2050","income_2051","income_2052","income_2053","income_2054","income_2055","income_2056","income_2057","income_2058","income_2059","income_2060","income_2061","income_2062","income_2063","income_2064","income_2065","income_2066","income_2067","income_2068","income_2069","income_2070","income_2071","income_2072","income_2073","income_2074","income_2075","income_2076","income_2077","income_2078","income_2079","income_2080","income_2081","income_2082","income_2083","income_2084","income_2085","income_2086","income_2087","income_2088","income_2089","income_2090","income_2091","income_2092","income_2093","income_2094","income_2095","income_2096","income_2097","income_2098","income_2099","income_2100"
"IT",0,7971.01080676694,11053.6709817649,12332.5634163503,12772.0263938159,13256.8781880805,13781.0387510187,14401.8354093515,15040.4797430465,15692.4183865933,16356.502420899,17041.2864485101,17588.1261286892,18143.4492765394,18711.4208489574,19298.1918321063,19896.9828958109,20508.2332693036,21137.6607391347,21784.7562006104,22451.6662523705,23137.706684832,23841.0165657386,24561.8373919178,25300.4494423314,26058.1789068085,26837.7006022554,27039.070996266,27240.7678315801,27441.1929669651,27642.9213876904,27844.9286332721,28046.2688784922,28247.1298076688,28448.5739069503,28650.9731817246,28853.8499248436,29057.5710633705,29262.1750905388,29468.6167667716,29676.2911540212,29886.2307124689,30098.5189731205,30313.059765647,30529.1698907628,30746.7924064434,30966.2360054891,31191.0596057491,31420.3495078965,31652.862958532,31887.3840131248,32124.8453877562,32372.4667921119,32622.4448522385,32874.9405642805,33129.1871703567,33385.1815508177,33483.3336819048,33581.7598239039,33679.9179451345,33778.1094396788,33875.2829627178,33972.4751246907,34069.3871604434,34165.5264298962,34261.268879557,34356.8408637551,34452.2857435795,34547.8480271806,34642.8856920135,34738.4940813689,34833.4707512517,34928.4446354865,35024.5513618699,35121.6058344454,35220.5356780451,35321.0310559814
"IT",1,8006.13417022796,11092.08055905,12374.3443884353,12817.268175821,13305.673957455,13833.4836534963,14458.0529682847,15100.5761541915,15756.5040348679,16424.6905871633,17113.6923615193,17664.1551129521,18223.1627885037,18794.884194862,19385.4729484877,19988.1519775536,20603.3658207087,21236.831972282,21888.0414773769,22559.1452736522,23249.4638596967,23957.1345005112,24682.3993329359,25425.5417191439,26187.889393811,26972.1149576379,27174.5592421147,27377.3333425005,27578.8337709345,27781.63939174,27984.7236261182,28187.1402381257,28389.0797965317,28591.6028515177,28795.0839974422,28999.0472080821,29203.8595161624,29409.5603018876,29617.1092578991,29825.9001180601,30036.9663218317,30250.3927148702,30466.0861617039,30683.3592308923,30902.1550934065,31122.7830996346,31348.8067249309,31579.3134793499,31813.0589747902,32048.8262531178,32287.5512471755,32536.456453298,32787.7329648874,33041.5429027267,33297.1153488678,33554.4481204041,33653.1522759542,33752.1381031127,33850.860790322,33949.6235999711,34047.3721750012,34145.1454447669,34242.6408662572,34339.3662984075,34435.6973477943,34531.8607105592,34627.9010004161,34724.0638330935,34819.7036628695,34915.9223771168,35011.5082226567,35107.0935532584,35203.8166090052,35301.4915443567,35401.047520348,35502.1700259359
"IT",2,8041.37469151665,11130.6449804987,12416.3189256486,12862.7433126893,13354.7439765818,13886.2448340757,14514.630163762,15161.0768139431,15821.039843741,16493.3761642486,17186.6443047903,17740.7746171564,18303.5119831511,18879.0291046708,19473.4822643541,20080.0966811587,20699.3222615521,21336.8762180924,21992.2497582304,22667.5982078173,23362.2468270082,24074.3310718474,24804.0937339566,25551.8212959504,26318.8430601156,27107.8293970342,27311.3591639243,27515.2221664656,27717.8095183004,27921.7040003084,28125.8768947438,28329.3815508388,28532.411449775,28736.0251868681,28940.599970603,29145.6614720644,29351.5768306927,29558.3863223583,29767.054620224,29976.9741172271,30189.1792418388,30403.7561674177,30620.6148233293,30839.063504655,31059.0454966257,31280.8708138436,31508.1075342244,31739.8443894008,31974.835340744,32211.862406769,32451.8647690978,32702.0677385755,32954.6568215745,33209.7952748907,33466.7079795349,33725.3936987966,33824.6572848994,33924.2102773263,34023.5050572561,34122.8467741852,34221.1780290109,34319.5400933018,34417.6266086368,34514.9459380497,34611.8733448841,34708.6358706133,34805.2793942536,34902.0506503817,34998.3005348249,35095.1375450028,35191.3405249658,35287.5452829114,35384.8926976745,35483.196166705,35583.3864029186,35685.1441737324
"IT",3,8076.95823545796,11169.5871337682,12458.7068091909,12908.6683590447,13404.3014560803,13939.5320349877,14571.7732357311,15222.1843314909,15886.2246609369,16562.7541004904,17260.333179779,17818.1696078843,18384.6758651302,18964.0285894073,19562.3867578726,20172.9779047617,20796.2573601953,21437.9420532251,22097.5233562911,22777.1610292089,23476.185143369,24192.7293282333,24927.0370376925,25679.3979075505,26451.1428245159,27244.9399067699,27449.5664277674,27654.5296404309,27858.2152043587,28063.2098572748,28268.4827204705,28473.0867240756,28677.2182916489,28881.9340435157,29087.6138291882,29293.7850345302,29500.8149067977,29708.7446267506,29918.5438993595,30129.6037628424,30342.9596448773,30558.6990602122,30776.735034632,30996.3715457455,31217.5519942341,31440.5870657695,31669.0494882602,31902.0292275269,32138.2785774335,32376.5785226221,32617.8715269923,32869.3857449319,33123.3010382343,33379.7818114376,33638.0487012319,33898.1014268704,33997.9303792824,34098.0565522932,34197.9294908963,34297.8562511722,34396.7763606221,34495.733457199,34594.4173277348,34692.3368445694,34789.8669242816,34887.2349572477,34984.4881008511,35081.8742200753,35178.7406155866,35276.2024630818,35373.0291068048,35469.8598450402,35567.8382226231,35666.7768721913,35767.6080745772,35870.0078269153
"IT",4,8558.58799409608,11646.4088868757,12930.4881223449,13375.1975039999,13865.3738193548,14394.929423685,15021.4762914189,15665.97093918,16323.8698084122,16994.0190398595,17684.9601727076,18232.0090252588,18787.6969850842,19356.1926912882,19943.6406060887,20543.252759241,21155.4813523863,21786.0179879239,22434.3336047787,23102.5827091311,23790.0896013694,24494.9635650385,25217.4332539494,25957.7803000703,26717.3239099614,27498.7139800755,27703.1192973914,27907.8443579436,28111.2650160022,28315.9753634638,28520.9407899938,28725.2136860996,28928.995804662,29133.3404357141,29338.6321024615,29544.4011317171,29751.0149113696,29958.516080704,30167.8825410244,30378.502807557,30591.413673234,30806.7045083858,31024.2929002443,31243.4755615522,31464.1957863053,31686.7650061051,31914.7627332492,32147.2802853343,32383.0668960458,32620.9015315993,32861.7310420386,33112.7871470646,33366.2408908874,33622.2578748144,33880.0522565914,34139.624790824,34236.6391922457,34333.9654201011,34431.0487029144,34528.1982612405,34624.3491843397,34720.5478659193,34816.4788501273,34911.651472308,35006.4400329883,35101.0721692548,35195.5963556932,35290.2615078235,35384.4105083265,35479.1659070304,35573.2860917562,35667.4141942186,35762.6964562822,35858.944422775,35957.0917458971,36056.8092795519
"IT",5,8668.47969779457,11758.3759625252,13044.5666249551,13491.4305892715,13983.8090956048,14515.6139816153,15144.5146942445,15791.4192710804,16451.7873310001,17124.4652806095,17817.9932332911,18366.427338245,18923.549103193,19493.5292091626,20082.5120242832,20683.7089969399,21297.5764453455,21929.8015494107,22579.8520163238,23249.8852726635,23939.2287760913,24645.9862314273,25370.3844153593,26112.7063322646,26874.2706142568,27657.7222261586,27863.0278921437,28068.6534560931,28272.9684949439,28478.5716944232,28684.4259823508,28889.583302164,29094.2487997914,29299.4735285229,29505.6450389799,29712.2956081797,29919.7927393208,30128.1800853931,30338.4411987804,30549.9630210579,30763.7834240349,30979.9932301463,31198.5134245141,31418.6358327384,31640.3038298248,31863.8295437303,32092.7975786318,32326.3005295021,32563.0857005223,32801.9308416091,33043.7863305237,33295.886904429,33550.3973304781,33807.4843879267,34066.357539586,34327.0185275475,34424.051312908,34521.4050105226,34618.5217137556,34715.7126290465,34811.9094877684,34908.1611598744,35004.1480314081,35099.3799491907,35194.2308158554,35288.928607247,35383.5231073585,35478.2643707133,35572.4914797509,35667.3339061025,35761.5401143258,35855.7568501371,35951.133077889,36047.4795095491,36145.7313630017,36245.5545684007
"IT",6,8921.01597279714,12010.4065267719,13296.0261991971,13742.2662608077,14233.9734795943,14765.0542124816,15393.2898526298,16039.4807166167,16699.0873426403,17370.9510949997,18063.6039765066,18608.8253659427,19162.7536034702,19729.5576326026,20315.3762548541,20913.4146670198,21524.1306154966,22153.1988620393,22800.0773085346,23466.9232435956,24153.0639411113,24856.5903253156,25577.7223654063,26316.7409010137,27074.9597679785,27855.0138850766,28060.8075858205,28266.914852732,28471.6975549375,28677.7600865614,28884.0623957592,29089.655937233,29294.7500342861,29500.3930558054,29706.9762487748,29914.0342448738,30121.9346739075,30330.7223861866,30541.3876336317,30753.3154009351,30967.5447632419,31184.1681694463,31403.1104937957,31623.6577010449,31845.7531771861,32069.7097755443,32299.1179089145,32533.0714965905,32770.3154560068,33009.6259986372,33251.9574073344,33504.5476887906,33759.5542772655,34017.1451543649,34276.524342329,34537.6946033658,34633.6712507193,34729.9801235351,34826.059685897,34922.2232269851,35017.3986612029,35112.6374770785,35207.6154301391,35301.8428677878,35395.6932061664,35489.3947299193,35582.9985545923,35676.7558568391,35770.0016288032,35863.8725369588,35957.1065852153,36050.3542694986,36144.7673068852,36240.1554675522,36337.455484289,36436.3282080796
"IT",7,9281.37358257571,12368.3184647831,13651.3508995105,14094.8785126147,14583.754422516,15111.8757628686,15737.1770903352,16380.3062133147,17036.7228958017,17705.2594592838,18394.4347532512,18932.98129534,19480.2318705377,20040.3508414878,20619.4673177186,21210.7759687253,21814.7339537742,22436.9975774546,23077.0099725295,23736.9259922078,24416.0702167271,25112.5153459511,25826.4708200586,26558.212651391,27309.0466956042,28081.5939568853,28287.5673356222,28493.8430596949,28698.7741951336,28904.9716970548,29111.3921369525,29317.0864481765,29522.2687318142,29727.9843288482,29934.6286950717,30141.7391269863,30349.6833898318,30558.5076723936,30769.2097317553,30981.1723025874,31195.4357601094,31412.0943150365,31631.0771102361,31851.6635024095,32073.7968359729,32297.7907133754,32527.2419100967,32761.2457085997,32998.5442896799,33237.9120802451,33480.3075622587,33732.9722101237,33988.0553123212,34245.7260743931,34505.1825032351,34766.4284084441,34860.5390075706,34954.9948489641,35049.23038647,35143.5610704,35236.9106430376,35330.3333254828,35423.4998753804,35515.921133889,35607.9699627965,35699.8749338833,35791.6885144886,35883.6629937647,35975.1290446217,36067.2307529475,36158.695230039,36250.1768344971,36342.8300662909,36436.4636694402,36532.0158576061,36629.1422721054
"IT",8,9817.8828489058,12899.1860422666,14176.3098419883,14613.6847253804,15096.1714814042,15617.6518844614,16236.2808912796,16872.4806502535,17521.7073521788,18182.7777114185,18864.1891612105,19390.3723527944,19925.2203488292,20472.8882533323,21039.4887170638,21618.1988720181,22209.4719572879,22818.9359427603,23446.0110704888,24092.8459702887,24758.7583907064,25441.7939137277,26142.1453579221,26860.0795315995,27596.8890910075,28355.1748120636,28560.8161130651,28766.7405174133,28971.2905325497,29177.0850430194,29383.076608587,29588.3155906799,29793.0218308048,29998.2370932479,30204.3618633519,30410.9365984217,30618.3292128555,30826.5874588055,31036.7178829595,31248.1004994318,31461.7771351202,31677.8439750693,31896.2350309731,32116.2218578507,32337.7476717837,32561.1268587397,32789.9634323309,33023.354093523,33260.0377251775,33498.7865738795,33740.5637798394,33992.6145904462,34247.0788561672,34504.12703415,34762.9502039208,35023.5532607144,35114.4690862826,35205.7459058516,35296.8135586968,35387.9897718049,35478.1935548061,35568.4820321031,35658.520388144,35747.8199432837,35836.752896247,35925.548068186,36014.2593028327,36103.1399785519,36191.5160984369,36280.5394906968,36368.9257306177,36457.3332002177,36546.9192139582,36637.4913567761,36729.9892570854,36824.0631648207
"IT",9,10471.5822405845,13545.1332030471,14814.1548537754,15243.1048551707,15716.8525589835,16229.2603109938,16838.7482590355,17465.4642141001,18104.8589506698,18755.7292257082,19426.5455734305,19936.6000093715,20455.2560708585,20986.6565104074,21536.8930341357,22099.1205874251,22673.7862956992,23266.4832295312,23876.60334422,24506.2865465039,25154.8410224307,25820.2793193197,26502.7735882787,27202.5785376604,27920.9701624093,28660.5248059779,28865.4982750756,29070.7302891252,29274.5516090881,29479.589973764,29684.7935007188,29889.211944211,30093.0715373645,30297.4100953584,30502.6336888141,30708.2862721372,30914.735918427,31122.0320961892,31331.1910149437,31541.5896502716,31754.2713854067,31969.334526193,32186.7183641235,32405.6858424523,32626.1799917289,32848.5160069261,33076.3057397484,33308.647351273,33544.2760469142,33781.9616259044,34022.6722046641,34273.6570175706,34527.0455962676,34783.0096723951,35040.7327754359,35300.2209154275,35387.0612632244,35474.280204728,35561.3025519491,35648.448392804,35734.6316197494,35820.9123832195,35906.9498970594,35992.2559531427,36077.202013536,36162.0171250373,36246.7565291301,36331.6746823524,36416.0926709231,36501.1703061301,36585.6111624637,36670.0777658576,36755.7302767176,36842.3750295718,36930.9530298003,37021.1089965009
"IT",10,11268.1935740482,14331.410103179,15589.6459826988,16007.3913386133,16469.5251660371,16969.8854127301,17567.2120076308,18181.3190687122,18807.6496962971,19444.9753758161,20101.733048572,20591.0566510247,21088.8893455779,21599.3577512562,22128.5271505215,22669.5246247603,23222.7884979618,23793.8689323204,24382.1230121706,24989.6788619055,25615.8317630098,26258.5540127474,26917.9921569148,27594.3852638699,28288.9884399649,29004.3484712768,29208.2421361352,29412.3632935817,29615.0295202028,29818.8785291272,30022.8534750446,30226.0034629221,30428.5619058492,30631.5622196683,30835.416732778,31039.6733034005,31244.7001747513,31450.5487164478,31658.2458556956,31867.1651444229,32078.3516477909,32291.9059683301,32507.7731722517,32725.2066117312,32944.1490617556,33164.9165559859,33391.1295064553,33621.8875825207,33855.9218526066,34091.9993449598,34331.0935332536,34580.4578939764,34832.2105771338,35086.5246143667,35342.5752343101,35600.3695953766,35682.0587036126,35764.1462435668,35846.0515024187,35928.0970278007,36009.1911323036,36090.3971371553,36171.3678088284,36251.615400276,36331.5105478402,36411.2824942821,36490.9879022057,36570.8822904714,36650.2815345532,36730.3537085097,36809.789838943,36889.2567353762,36969.9174369219,37051.5769178793,37135.1775111894,37220.3582450055
"IT",11,11943.0013324577,14998.1733671339,16248.0023572735,16657.0064603841,17110.0734734644,17601.0212541723,18188.8633257108,18793.1306394278,19409.2606536914,20036.0042071495,20681.7704350627,21154.3936218786,21635.4599472675,22129.0832287935,22641.3070854215,23165.2356564242,23701.3008908499,24255.016906729,24825.7115693329,25415.5039438495,26023.6793813393,26648.176078004,27289.1192249862,27946.7353576857,28622.2623555102,29318.2217933648,29521.4134917569,29724.8072781681,29926.7086568133,30129.7644424381,30332.9132253814,30535.2034881183,30736.875212964,30938.9577586587,31141.8691933072,31345.1609682453,31549.2014894137,31754.0438892039,31960.7250196883,32168.6153093392,32378.7614197642,32591.2661291751,32806.0799229097,33022.447305993,33240.3108604967,33459.9874482541,33685.1055256375,33914.7662564535,34147.6969292097,34382.6620557653,34620.6402132818,34868.888964842,35119.5158648122,35372.6952485172,35627.5945932774,35884.2221983741,35961.6954963459,36039.5853179892,36117.3057893123,36195.1818753886,36272.1166374023,36349.1764959019,36426.0080931186,36502.1241633849,36577.8945859993,36653.5488329208,36729.1449963022,36804.9396961028,36880.2437690666,36956.2334608462,37031.5875078716,37106.9769611772,37183.5677698613,37261.1636251668,37340.7082649022,37421.8350573681
"IT",12,12677.2992422068,15723.3820373233,16963.7180215639,17362.8556038165,17805.6918596669,18286.0225125814,18863.1575193345,19456.3199355352,20060.9406742033,20675.747747396,21309.1197254882,21763.1633432937,22225.5724547794,22700.4465384683,23193.8052996546,23698.7276002629,24215.6379414705,24750.0110760897,25301.1429231066,25871.1422541681,26459.2831412274,27063.4666756382,27683.794652658,28320.4796315131,28974.7405248368,29649.0715556521,29851.3988322987,30053.9001273668,30254.8682357466,30456.9595677691,30659.1079173729,30860.3611239281,31060.966087834,31261.9479092743,31463.7306946403,31665.8696698435,31868.7334090925,32072.3768909343,32277.8473673491,32484.511973554,32693.4190271761,32904.6735651033,33118.2317202232,33333.3287120555,33549.9069016061,33768.2839962377,33992.0968309907,34220.448093382,34452.0610890054,34685.6976714296,34922.3417039395,35169.2549633599,35418.5339254603,35670.3542484685,35923.8753152789,36179.1065871574,36251.9225443674,36325.1741036261,36398.2700022108,36471.5376779386,36543.8747256917,36616.3507431584,36688.606021712,36760.153776576,36831.3630904839,36902.4636549211,36973.5150109057,37044.7748814453,37115.5489156853,37187.0216970966,37257.8593736433,37328.737322049,37400.8244350628,37473.9230695995,37548.9783596761,37625.6179114482
"IT",13,13533.6539000837,16568.451742596,17797.0126598291,18183.9198275096,18614.0805313188,19081.2641241838,19645.1236569991,20224.5235890517,20814.8863713525,21414.912661089,22032.9447555621,22464.4900317028,22904.2982551313,23356.4513470309,23826.9404293729,24308.8142468622,24802.4875719869,25313.3889561749,25840.7767531131,26386.7468406314,26950.5591708546,27530.0715677713,28125.3582180567,28736.6146910728,29365.0373286501,30013.0886225401,30214.2025219278,30415.4568360937,30615.1304102296,30815.8902157586,31016.6648006172,31216.5013241072,31415.6542846513,31615.1441348486,31815.4015997134,32015.9860309944,32217.2661811718,32419.2990348189,32623.1431562646,32828.16205551,33035.4058158045,33244.9818860667,33456.8524766123,33670.2426752127,33885.0945623171,34101.7267177735,34323.7849829295,34550.3736131047,34780.2115347451,35012.057664421,35246.901484678,35492.0092106923,35739.4653189212,35989.446815039,36241.1043364726,36494.4485374347,36561.690391448,36629.3888550892,36696.9468453943,36764.6943618417,36831.5231306932,36898.5060560441,36965.2766621892,37031.3486375636,37097.0901914833,37162.7312104696,37228.3327074388,37294.15349765,37359.4937831549,37425.5467400855,37490.9654380628,37556.4297071385,37623.1114181151,37690.8114980041,37760.4764386529,37831.7279359003
"IT",14,14382.3423268603,17406.0484621002,18623.034535024,18997.9182460351,19415.6170817533,19869.8743356619,20420.6834332325,20986.5533832028,21562.8983619115,22148.3920153954,22751.3407771143,23160.7009403383,23578.2240376513,24007.9747024852,24455.9158229094,24915.0663819598,25385.8316509463,25873.5944329393,26377.5758942013,26899.859253914,27439.6906008353,27994.8848782332,28565.488954955,29151.6816555769,29754.6370139564,30376.7860521361,30576.7250766438,30776.7713300238,30975.1897152058,31174.6577549231,31374.0987512592,31572.5591801186,31770.3011332155,31968.3404142376,32167.1143645782,32366.1864620732,32565.9256382978,32766.3908856871,32968.6520895599,33172.0691381437,33377.6938868113,33585.6362048235,33795.864394039,34007.5934072998,34220.7650500732,34435.6987821764,34656.049473659,34880.9229617749,35109.0337972323,35339.1379639259,35572.230586815,35815.5823437633,36061.2656953483,36309.4590089329,36559.3041612603,36810.8130106491,36872.5498643216,36934.7643143829,36996.8534472238,37059.149844424,37120.539347987,37182.0981925206,37243.45310972,37304.1182687933,37364.461005977,37424.7114092937,37484.9319797087,37545.3826410972,37605.3581160117,37666.0602486267,37726.1289315042,37786.248487789,37847.5938009301,37909.9643638406,37974.3080504608,38040.2405902047
"IT",15,15225.3006715789,18238.0737619901,19443.6492676392,19806.6792432568,20212.091382241,20653.6031627273,21191.5464063265,21744.0770125791,22306.601040384,22877.7653967798,23465.8409702981,23853.2673865979,24248.7588663034,24656.3629739332,25082.0146392533,25518.7033626389,25966.825105928,26431.7172685261,26912.5641181252,27411.4364095009,27927.5665797921,28458.7269804352,29004.9373864955,29566.3600752864,30144.1469785154,30740.6978405493,30939.4950312226,31138.3665951282,31335.5634803793,31533.7737667807,31731.9155034539,31929.0344789661,32125.4003845461,32322.0243673575,32519.3503922869,32716.9460691791,32915.1805096924,33114.1147185491,33314.8299254666,33516.6823949979,33720.7257629383,33927.0723297156,34135.6965098487,34345.8031043941,34557.3336484758,34770.6084898336,34989.2915598455,35212.490292606,35438.9148601148,35667.3183134335,35898.7014485696,36140.3394341446,36384.2926833515,36630.7409399437,36878.817294187,37128.5348202144,37184.821285518,37241.6063442037,37298.2812346004,37355.1811423558,37411.1860030125,37467.3754079915,37523.3692640337,37578.682228591,37633.6807639199,37688.5951656431,37743.4894393695,37798.6246338535,37853.28995541,37908.6959960869,37963.4693643231,38018.2989183594,38074.362589594,38131.4584310851,38190.535722617,38251.2041684288
"IT",16,15795.0639259572,18801.986226674,20001.4313984962,20358.0758692901,20756.8556038091,21191.4718833016,21722.4911267434,22267.829488546,22822.889403035,23386.3013534257,23966.3136134022,24340.7808329963,24723.2739180808,25117.8307720413,25530.3689883187,25953.8595737791,26388.6945411621,26840.1812590251,27307.4797489278,27792.6543390484,28294.9304096561,28812.0515124301,29344.019837045,29890.9880280417,30454.0940922347,31035.7162576284,31234.2029227488,31432.7437046764,31629.5781594576,31827.402917023,32025.1316947448,32221.8096594632,32417.7126951056,32613.8480850008,32810.6652222295,33007.7351300388,33205.4270821788,33403.803773814,33603.955936615,33805.2369017275,34008.701880609,34214.4653159772,34422.5068974121,34632.0229976078,34842.9550200678,35055.6241679311,35273.7022163895,35496.2981489005,35722.1185805534,35949.9142134548,36180.6909025679,36421.7279210256,36665.0754700102,36910.9146625571,37158.371089645,37407.4590116266,37460.381957287,37513.8204793421,37567.1608202409,37620.7406495375,37673.4347728539,37726.3259467363,37779.0280280355,37831.0562010854,37882.7762125782,37934.418635482,37986.0489818176,38037.929496916,38089.344304095,38141.5124497848,38193.0479624241,38244.6440944435,38297.4818595572,38351.3580539894,38407.223515483,38464.682056536
"IT",17,16239.6709418636,19243.101561995,20438.867072626,20791.6637252606,21186.4348968404,21616.8701032157,22143.7229260129,22684.7216873647,23235.267292594,23793.9785597191,24369.0870993574,24734.7439220576,25108.4148313932,25494.1315008457,25897.7990849401,26312.3751601121,26738.2502926336,27180.7088759917,27638.8924958533,28114.8618598656,28607.8383560882,29115.5430546427,29637.9649303728,30175.2501937952,30728.5266933125,31300.1556049023,31498.7218223357,31697.3277111857,31894.2025702246,32092.0506884181,32289.7818577672,32486.4406502957,32682.3085192915,32878.3892330458,33075.1370842966,33272.1261929145,33469.7259873075,33668.0007122547,33868.0497940559,34069.2239369776,34272.5798417909,34478.2339711584,34686.1709289031,34895.579417512,35106.4007734437,35318.9570454488,35536.9273291993,35759.4221451795,35985.1449160876,36212.8442552182,36443.5308206311,36684.4878344382,36927.7560851904,37173.5180607411,37420.8924112159,37669.8945769281,37720.4164584353,37771.4691163649,37822.4341667945,37873.6517226336,37923.9917925446,37974.5402283346,38024.9051632572,38074.6023301726,38123.9968302816,38173.3195485946,38222.6375141563,38272.2142104589,38321.3288491693,38371.2088475522,38420.4559044907,38469.7676286697,38520.3281523372,38571.9330930485,38625.5349283643,38680.7316037313
"IT",18,16752.2108231982,19750.9568528597,20941.8025525573,21289.4665324288,21678.900126052,22103.7787497803,22625.0692288966,23160.2838145668,23704.8208516342,24257.2850038692,24825.8880685447,25180.5887807062,25543.2784518767,25917.9807699686,26310.5858811827,26714.0352649741,27128.7168161066,27559.88816067,28006.6693342211,28471.1160144999,28952.4440574171,29448.3486214591,29958.8031357688,30483.9457289099,31024.892104198,31583.9839410435,31782.4442311369,31980.9267041432,32177.6496740812,32375.325653118,32572.86024285,32769.2973969348,32964.9245364604,33160.741684587,33357.2083747287,33553.9020306353,33751.1922417053,33949.1448975691,34148.8686617363,34349.7114176649,34552.7314234925,34758.0472566328,34965.6486960696,35174.7162734121,35385.1912259317,35597.3964678287,35815.0187971465,36037.1703048412,36262.5509893733,36489.9072131605,36720.2546459949,36960.8806042313,37203.815912153,37449.2444544072,37696.2775483572,37944.9318384135,37992.5484857005,38040.7122360402,38088.7998192137,38137.1538546857,38184.6393086899,38232.3452172175,38279.8737310511,38326.7411310326,38373.3118277331,38419.81700717,38466.325237503,38513.1012426406,38559.4191525123,38606.5149452025,38652.9776491696,38699.5093255667,38747.2972636866,38796.1358438486,38846.9791735842,38899.4192143574
"IT",19,17268.4900434623,20262.5411197031,21448.455598186,21790.974628642,22175.057580573,22594.3656873431,23110.0806645245,23639.4970992859,24178.0107861249,24724.2121568211,25286.2930725736,25629.9866172837,25981.6442271467,26345.2815752738,26726.7737142003,27119.0459311534,27522.4834661589,27942.316992803,28377.6448500477,28830.5176799502,29300.1457994968,29784.1982663161,30282.6328616922,30795.5795972831,31324.1419584042,31870.6419798468,32069.0027073651,32267.3680318925,32463.9451722246,32661.4549456124,32858.7987205869,33055.0198254966,33250.4117091111,33445.9706110502,33642.1613583591,33838.5647123739,34035.5504252823,34233.1860486783,34432.5895790557,34633.1060509927,34835.7952971158,35040.7780327409,35248.0492674633,35456.7812781588,35666.9152029789,35878.774831837,36096.0547479457,36317.8686314642,36542.9130223904,36769.9320101698,36999.9463318599,37240.2474444741,37482.8561033137,37727.9576068029,37974.6558618987,38222.9687315326,38267.663907613,38312.9226756788,38358.1168274243,38403.5915183564,38448.2066178874,38493.0543832916,38537.7309170001,38581.7530548812,38625.4845099055,38669.1567734144,38712.8399714844,38756.800084241,38800.306101841,38844.6026649757,38888.2659835139,38932.0026241239,38977.0030719942,39023.0604567925,39071.1305373171,39120.7992192401
"IT",20,17764.4789080501,20754.2685953859,21935.701696629,22273.541201818,22652.7544226685,23066.9891695627,23577.6345532437,24101.7758772931,24634.8067874327,25175.3043096908,25731.4413809294,26064.8623289353,26406.2277884959,26759.5460364878,27130.6778775847,27512.5332752368,27905.4952982732,28314.768833508,28739.4314883103,29181.5293903304,29640.2678865473,30113.2909576562,30600.5414697985,31102.1418878357,31619.1841233837,32153.9712779041,32352.3109994427,32550.6387389611,32747.1507389213,32944.5760241672,33141.8117701036,33337.900678914,33533.1421610654,33728.5287053923,33924.530378476,34120.7312484888,34317.5012305438,34514.9095263359,34714.083395369,34914.3650569586,35116.8159165832,35321.5588241982,35528.5939994865,35737.0855354766,35946.9744833663,36158.5855156717,36375.6209730216,36597.1961383872,36822.004132565,37048.7868020277,37278.569950326,37518.6491854213,37761.0352545193,38005.914885296,38252.3846130169,38500.4635302224,38542.4039099312,38584.9241741817,38627.3912018462,38670.1527019354,38712.0634632394,38754.2189827513,38796.2093197349,38837.5518751312,38878.6096715259,38919.6145157589,38960.638109797,39001.947711211,39042.8071531834,39084.4698098688,39125.4989935627,39166.6058144276,39208.9839933636,39252.4254126404,39297.887515776,39344.9500962389
"IT",21,18147.2298384873,21134.9037430732,22314.0842304895,22649.5520231717,23026.2816076416,23437.9113898593,23945.9950006503,24467.4554215432,24997.6860589882,25535.2548506852,26088.3212043846,26415.2367943662,26750.1023455843,27096.9218567518,27461.5463270317,27836.8749874206,28223.2910168381,28625.9799039671,29044.003786556,29479.4068311765,29931.3922033442,30397.5845232707,30877.9157015881,31372.5035617426,31882.4318568058,32409.9887913984,32608.6637802268,32807.3154798044,33004.1301687909,33201.8442836354,33399.3511686375,33595.6929230243,33791.1743626327,33986.7845359035,34182.9982776403,34379.4026807343,34576.3678167902,34773.9644125805,34973.3282734613,35173.7990773168,35376.4397270485,35581.3751001723,35788.6103082836,35997.3019351725,36207.3910038792,36419.2030625164,36636.4477480854,36858.2419386138,37083.2756611758,37310.2887519859,37540.3118584744,37780.6446065746,38023.288443664,38268.431534859,38515.1635376848,38763.5047712683,38803.5634794223,38844.2167716972,38884.8269409079,38925.7442181226,38965.818604522,39006.1487800983,39046.3190457603,39085.8473885314,39125.0962031076,39164.297644213,39203.5250028516,39243.0468548247,39282.1220215567,39322.0125534868,39361.2690658441,39400.6071875894,39441.2239155083,39482.9099531396,39526.6245071872,39571.9412680757
"IT",22,18483.670296298,21470.1437853629,22648.0220986416,22982.1020393492,23357.3649887596,23767.4416226859,24274.0327021495,24793.9180658247,25322.4917076544,25858.3142832938,26409.5339125653,26731.5307564286,27061.493900271,27403.4243860092,27763.1652624946,28133.6069412712,28515.1337020062,28912.9142641855,29325.9974649892,29756.4266033281,30203.4038571062,30664.5368236014,31139.7480952034,31629.1520803456,32133.8257952053,32656.0441891044,32855.211504297,33054.3464270261,33251.6256379902,33449.7926945352,33647.7372386769,33844.5007723092,34040.3933151194,34236.4005844566,34433.0020140154,34629.7876213064,34827.1276327886,35025.0942573138,35224.831597952,35425.6768912254,35628.6945157747,35834.0113451704,36041.6372809486,36250.721634983,36461.2054274603,36673.4150855082,36891.0673962734,37113.2808412394,37338.7424721641,37566.1902011499,37796.6594586438,38037.45386049,38280.5657929571,38526.1848727578,38773.3940432704,39022.2148579443,39060.7568619802,39099.9075669522,39139.0247875733,39178.4612819276,39217.0623554099,39255.9298698794,39294.6424489952,39332.7186793019,39370.5203500911,39408.2799805891,39446.0724682626,39484.1677345631,39521.8196151989,39560.298876081,39598.143428717,39636.0734434817,39675.2892346406,39715.5803481014,39757.9078008062,39801.839139093
"IT",23,18857.9434485998,21842.5850882031,23018.5044091934,23350.515731991,23723.6076651846,24131.4018813257,24635.7609220713,25153.3057337502,25679.4303631791,26212.6868330567,26761.2102510081,27077.133280915,27401.0320918895,27736.9038314192,28090.5822004898,28454.9473368273,28830.3839887199,29222.0420085304,29628.9552133641,30053.1652923057,30493.8726244529,30948.6658736477,31417.4570315061,31900.3562068801,32398.4325943374,32913.9465184742,33113.5127285928,33313.0357900116,33510.6823384098,33709.2033964732,33907.4847396251,34104.5672559506,34300.7664134701,34497.0644549766,34693.9456233191,34891.0029893219,35088.606938689,35286.8312224537,35486.8285827974,35687.9336965243,35891.2124638755,36096.7938179474,36304.69261998,36514.0505975948,36724.8087513175,36937.2944037976,37155.231741775,37377.7408788677,37603.5057496245,37831.2622439389,38062.050717683,38303.1788803773,38546.6297057175,38792.5942836393,39040.1485917427,39289.3154390352,39326.0668133932,39363.4416926112,39400.7932462357,39438.476810043,39475.3328326058,39512.4664263401,39549.4503627557,39585.8038318255,39621.8879896292,39657.9357166801,39694.0235396769,39730.4227363075,39766.3820328721,39803.1810709153,39839.3447913726,39875.5979880356,39913.1443359579,39951.7721847339,39992.4443690571,40034.7221871505
"IT",24,19114.7990292185,22099.8363901148,23276.1105939649,23608.4492209341,23981.847313664,24389.9217105829,24894.6522869352,25412.5497896633,25939.0103017933,26472.5816928164,27021.3916550624,27335.1505177658,27656.9206172931,27990.6984432388,28342.3129578511,28704.6387884092,29078.0635215297,29467.7247680836,29872.6467825432,30294.8722953355,30733.6027821278,31186.4139007509,31653.2111491406,32134.1033519797,32630.155425261,33143.6172536554,33343.9526122494,33544.2395358006,33742.6356613454,33941.898654088,34140.9107968361,34338.7123876487,34535.623767918,34732.62402644,34930.20172822,35127.9527059827,35326.2474980783,35525.1612686782,35725.8546587481,35927.6600684414,36131.6448420563,36337.939862082,36546.5646216018,36756.6539606736,36968.1489212209,37181.3777146093,37400.0714522051,37623.3518725648,37849.9001294464,38078.4503311781,38310.0475304332,38552.0033944486,38796.292215033,39043.1065646258,39291.5159644235,39541.5444765135,39577.4111499813,39613.9144854821,39650.4033443437,39687.2356087306,39723.2471721734,39759.5463404449,39795.7003256445,39831.2289433126,39866.4927808945,39901.7251140179,39937.0041131269,39972.6024552211,40007.7639053314,40043.7769259207,40079.153688779,40114.6235878989,40151.3937026189,40189.2512569106,40229.1609856758,40270.6779452452
"IT",25,19269.9025441316,22257.2763430351,23435.9212268004,23770.6743536424,24146.5365220515,24557.1233576495,25064.4935916773,25585.0899609517,26114.3123159468,26650.7082661033,27202.4029481131,27517.3982166277,27840.4628680575,28175.5955514377,28528.6244949596,28892.42295295,29267.3834196487,29658.6370105147,30065.2031513771,30489.1279248903,30929.6164269597,31384.2364459325,31852.8905500912,32335.6889034807,32833.6952206686,33349.152570353,33550.5810324673,33751.9605264232,33951.4405842154,34151.7848100292,34351.8723128888,34550.7428203807,34748.7210561146,34946.7832278655,35145.4218071643,35344.2351402714,35543.5939127373,35743.5745922634,35945.3450893712,36148.2357696111,36353.315356642,36560.7165902603,36770.4633189581,36981.6840884402,37194.3200352834,37408.7002553873,37628.5623846999,37853.0297836383,38080.7811126902,38310.5489046928,38543.3827192367,38786.5980706392,39032.1611881176,39280.2661376079,39529.9764148321,39781.3173352591,39817.0865237075,39853.5041230708,39889.914971442,39926.6794751096,39962.6292264345,39998.8756810008,40034.9807355237,40070.4648516197,40105.6881032231,40140.8841913104,40176.1329459375,40211.7084836756,40246.8497275579,40282.853930631,40318.2206458918,40353.6838563457,40390.4540901785,40428.3175050926,40468.240811738,40509.7728177197
"IT",26,19564.6484470086,22551.8588665225,23730.2761678951,24064.7522626006,24440.2947816191,24850.5133010207,25357.5988380675,25877.8681054919,26406.7225432279,26942.7043330902,27493.9295367472,27805.6926829802,28125.5550834994,28457.5138797279,28807.3912357797,29168.0535072543,29539.895505232,29928.0340338917,30331.4772673545,30752.2716814889,31189.6227597073,31641.0833703837,32106.5483382855,32586.1257312736,33080.8739472735,33593.0242256615,33795.1502302433,33997.2204177014,34197.3747803067,34398.3839770984,34599.1234227194,34798.6322307448,34997.2402933103,35195.9204863894,35395.1698595602,35594.5896794286,35794.5507905109,35995.1311495726,36197.5069951923,36401.0062746755,36606.6992193985,36814.7206058864,37025.0991389553,37236.9560893195,37450.2326205542,37665.2587459639,37885.779357829,38110.9194926137,38339.354859459,38569.8160939292,38803.3576534242,39047.2991648218,39293.5977249101,39542.448924695,39792.9094771624,40045.0059894866,40079.6313960411,40114.9191917619,40150.2096895246,40185.8659272308,40220.7147267334,40255.870848452,40290.8903860938,40325.2944401322,40359.4424820715,40393.5686113088,40427.7543477586,40462.2752386832,40496.3650574552,40531.3301594935,40565.6568898826,40600.0839772464,40635.8254461127,40672.6662763119,40711.5751151713,40752.0943375713
"IT",27,19840.7660414312,22828.2281821377,24006.8484264831,24341.4928099672,24717.1757252321,25127.5014104199,25634.7863527059,26155.2289227679,26684.2325393065,27220.3347333433,27771.6434360106,28080.8695341231,28398.2299593452,28727.7209341694,29075.1593524484,29433.4054842564,29802.856927409,30188.6172523372,30589.6842750978,31008.1053654893,31443.0869407927,31892.1678893324,32355.2359731185,32832.3977044293,33324.7067673085,33834.3832206755,34037.2839998802,34240.1230590104,34441.0309380493,34642.7852770568,34844.257824307,35044.4870768364,35243.8080464286,35443.1902993901,35643.1354242219,35843.2475865198,36043.8977903376,36245.1654742745,36448.2351610446,36652.4324052085,36858.8289484812,37067.5616066505,37278.6639346821,37491.2499760219,37705.2609329797,37921.0277454171,38142.3025555156,38368.2120934884,38597.4291465568,38828.6824764926,39063.0314513774,39307.7998319421,39554.9356155203,39804.6359372585,40055.9507456616,40308.9079538263,40342.5461508286,40376.8605658801,40411.186998277,40445.8911415844,40479.7950494151,40514.0168138788,40548.106714515,40581.5865020591,40614.8150508263,40648.0268694941,40681.3051897584,40714.9270138964,40748.1209348196,40782.2025035314,40815.6447447916,40849.1911824337,40884.0593852069,40920.0331549146,40958.083113007,40997.7451296931
"IT",28,20537.101758927,23517.1561736033,24688.0198248031,25014.5883429924,25381.8860002731,25783.4970305518,26282.0236526171,26793.371412542,27312.9389880704,27839.2435622303,28380.3651917494,28673.44137059,28974.5994663629,29287.8235807168,29618.9091590646,29960.6936299897,30313.5693733181,30682.6031473554,31066.7630197948,31468.0881722362,31885.7760347011,32317.3302998432,32762.6171161149,33221.7309637956,33695.7083391482,34186.743067639,34389.187254791,34591.5446394455,34791.9321663125,34993.1376885914,35194.0277910692,35393.640237202,35592.3174306785,35791.0243353538,35990.2690148102,36189.6597026266,36389.5675942102,36590.0741389306,36792.3751657825,36995.7927251728,37201.4004222994,37409.3376077488,37619.6440923057,37831.4238805202,38044.6180053013,38259.5584092801,38480.0065336422,38705.0909236005,38933.4801191214,39163.9000724731,39397.4161296749,39641.3568891057,39887.6582132782,40136.5188374468,40386.9798056446,40639.0704198011,40668.5443411393,40698.7147698825,40728.9115739408,40759.5033616247,40789.3061071471,40819.4416210978,40849.4530292702,40878.8626934271,40908.0286342192,40937.1856763819,40966.4188108815,40996.0064294837,41025.1711392844,41055.2383990528,41084.6664607286,41114.2039964207,41145.0721711037,41177.0532979407,41211.119800876,41246.8006535654
"IT",29,21245.0796697026,24217.5884471929,25380.551366472,25698.8941372458,26057.651063714,26450.3860296545,26939.9917090316,27442.075937338,27952.0325550836,28468.3580420328,28999.1041015855,29275.7432992484,29560.4108811622,29857.0786083425,30171.5201049008,30496.5495629357,30832.5540356354,31184.5628476989,31551.5138147467,31935.4377750244,32335.5230012055,32749.2374019343,33176.4251440966,33617.1684606315,34072.4863633895,34544.5460092111,34746.5217565144,34948.3851817144,35148.2394248506,35348.8827100951,35549.1763795554,35748.1574522781,35946.175837795,36144.1918271063,36342.7200584422,36541.3728957096,36740.5217284994,36940.2500475523,37141.7651604192,37344.3855591892,37549.1867402985,37756.310626953,37965.8033799021,38176.7588112708,38389.117781268,38603.2132497278,38822.816096606,39047.0567081665,39274.5993115663,39504.1670059474,39736.8312040138,39979.9254129061,40225.3731763348,40473.3748524036,40722.9624460544,40974.1666679399,40999.4037625801,41025.3579677055,41051.3531302019,41077.7608152447,41103.3908263983,41129.3687467146,41155.2304417627,41180.4988927501,41205.5312535308,41230.5626689306,41255.6799141287,41281.1627896244,41306.2278289952,41332.2105412058,41357.5541912856,41383.0126735538,41409.8107999974,41437.7293728418,41467.7426431096,41499.3725892189
"IT",30,21474.5788863572,24448.4256858114,25612.7177838066,25932.3934749523,26292.4936902112,26686.5787949446,27177.6500565447,27681.2161599731,28192.6739562274,28710.5172692399,29242.7920790249,29518.69127133,29802.6677693626,30098.6939463009,30412.5401907321,30737.0166885646,31072.5145279669,31424.0525167761,31790.5603703552,32174.0711356089,32573.7754533525,32987.1296040352,33413.9724178703,33854.3859729806,34309.3861070692,34781.1304087547,34984.088441529,35186.9306769054,35387.7509609744,35589.354357804,35790.5985891285,35990.5200462832,36189.4736687166,36388.4164710466,36587.8675618712,36787.4421697918,36987.5118466133,37188.1615570085,37390.6068393458,37594.163841845,37799.9095893286,38007.9880660051,38218.4503026072,38430.382955074,38643.7269532959,38858.8162144462,39079.4289053348,39304.6971647797,39533.2823532303,39763.9057434832,39997.6437289648,40241.8340369465,40488.3911303588,40737.5169727166,40988.2368020147,41240.582681653,41265.2342859829,41290.6165419995,41316.0487799468,41341.9053031855,41366.9911176082,41392.4352328179,41417.767627951,41442.5119690938,41467.0248221741,41491.5417727045,41516.1513776108,41541.1349667398,41565.7037743315,41591.2028166317,41616.0616459043,41641.0391167885,41667.3637368564,41694.8151211656,41724.3696073251,41755.5424328925
"IT",31,22145.1785675986,25112.3265202024,26269.5960166414,26581.9541785856,26934.4518393552,27320.6304533679,27803.7681194364,28299.0912164548,28801.992556135,29310.9468327572,29833.9735808679,30094.8473069623,30363.7554860505,30644.6593488012,30943.3090693926,31252.4932418944,31572.5985918276,31908.6086614549,32259.4247134468,32627.0724740751,33010.7345426712,33407.8333015541,33818.1869718916,34241.8664831926,34679.871407349,35134.3339629339,35336.9826842085,35539.4920042793,35739.9421223348,35941.1483380236,36141.9631795626,36341.4222873898,36539.8880182462,36738.3127518468,36937.2221015132,37136.2353889204,37335.7243615684,37535.7760139718,37737.6172914672,37940.5608307569,38145.6855565185,38353.1380351652,38562.9756453178,38774.2749321169,38986.9766767617,39201.4158342966,39421.3800128998,39646.0032321993,39873.9425934951,40103.9165602646,40337.0076295032,40580.5584896108,40826.47133222,41074.9497859199,41325.0100721704,41576.6856949087,41597.4175293804,41618.9003440769,41640.4474621633,41662.4361986503,41683.6653830719,41705.2678594606,41726.7663113781,41747.6850490154,41768.3797808936,41789.0864356422,41809.8954028028,41831.0894736959,41851.8737350256,41873.6034631881,41894.6929655007,41915.9064303037,41938.476117472,41962.1801282563,41987.9967079604,42015.4339381337
"IT",32,22157.7758340483,25130.4171966221,26293.3318236099,26611.4915872167,26969.9525182431,27362.260287131,27851.7196348261,28353.5477104549,28863.144048933,29378.9890073786,29909.1067730227,30176.5117297418,30452.0487518455,30739.685710244,31045.1780989362,31361.3193427412,31688.5046412606,32031.7192765221,32389.8665105534,32764.9792282471,33156.2478026833,33561.0939372353,33979.3381224386,34411.0567440633,34857.252771461,35320.0565755661,35524.3836681488,35728.5780399003,35930.7124774687,36133.6076376165,36336.1130984831,36537.2639125966,36737.4264322742,36937.55033417,37138.1648273697,37338.8915762387,37540.1024793641,37741.8857754983,37945.4753214375,38150.1819201873,38357.0858913556,38566.335672034,38777.992935244,38991.1283157203,39205.6827784786,39421.9922300425,39643.8507332545,39870.3940593622,40100.2770487083,40332.2167733198,40567.3003208146,40812.8743766804,41060.8333471419,41311.3824948854,41563.5321743482,41817.3172472188,41839.1455118778,41861.7353293514,41884.3961011706,41907.507841734,41929.8651104607,41952.6040958349,41975.242097974,41997.3041580213,42019.1455125821,42041.0025970635,42062.9676224319,42085.3250003977,42107.274756365,42130.1816397644,42152.4465225523,42174.8385454432,42198.5937711229,42223.4892368021,42250.5054426703,42279.1436930775
"IT",33,22233.2487872789,25210.3118962682,26377.7571781464,26700.5636262349,27063.7930016643,27460.9930569528,27955.5194384064,28462.553906221,28977.5018030791,29498.8468799486,30034.6150907144,30306.6046357386,30586.8120716929,30879.2103243069,31189.5578621738,31510.6505030507,31842.8908361728,32191.2623871895,32554.6675497316,32935.1451049779,33331.8918202094,33742.3255448801,34166.2668968796,34603.7962256976,35055.9180807451,35524.7587148418,35730.602230175,35936.316929605,36139.9674726018,36344.3804250273,36548.4021531716,36751.0670965439,36952.7459940785,37154.3855913018,37356.5190287495,37558.7705183855,37761.512116596,37964.8334014813,38169.9756821513,38376.2477382163,38584.731355049,38795.5769386873,39008.8507221523,39223.616933348,39439.8166924344,39657.7868811559,39881.328406722,40109.5788328638,40341.1905117885,40574.8789663438,40811.7360937153,41059.1127334668,41308.894952228,41561.2896763761,41815.300997697,42070.9651656533,42093.4299778831,42116.6680170855,42139.9845005926,42163.762215944,42186.7912012652,42210.2110906885,42233.5335309957,42256.2842979281,42278.8181117662,42301.3719073694,42324.0397478919,42347.1076767179,42369.7704719736,42393.4025855434,42416.3910626164,42439.5101133458,42463.9996604203,42489.6356168247,42517.400741331,42546.7894145129
"IT",34,22517.8303677311,25495.5549587395,26663.6227395961,26987.0275617452,27350.8385138074,27748.5981738107,28243.7930381882,28751.4826165353,29267.0747774165,29789.0489093175,30325.4229547899,30595.2851718055,30873.4084692255,31163.7653157507,31472.1091559507,31791.229910164,32121.5336519492,32467.9904394209,32829.4921719249,33208.0790739946,33602.9494424084,34011.5067150155,34433.564420517,34869.2017105031,35319.4185409482,35786.3295433984,35993.0920823969,36199.7202312849,36404.2683954899,36609.5707054199,36814.4695445176,37017.9986758005,37220.5343906916,37423.0198364284,37625.9930801303,37829.0814837283,38032.6572785836,38236.8116563479,38442.7949433729,38649.9133267006,38859.2502455904,39070.9583382258,39285.1091351749,39500.7590062446,39717.8491248684,39936.7173944315,40161.1726434068,40390.3543039905,40622.9115608611,40857.5579098559,41095.3906296174,41343.7650995946,41594.5574674967,41847.9763658525,42103.0185069583,42359.7215814378,42381.2526380551,42403.5719035552,42425.9796708233,42448.8616535555,42471.0026782576,42493.5460470144,42515.9970388475,42537.8821511254,42559.5554560209,42581.2543460176,42603.0747763793,42625.3044040773,42647.132314115,42669.9430998229,42692.1091369699,42714.4099250717,42738.0893067207,42762.921906669,42789.8926770934,42818.4888192293
"IT",35,22648.7627780534,25630.0674459638,26801.7893588893,27128.9316579532,27496.5697244921,27898.2464206336,28397.5209448144,28909.3942716395,29429.2793953209,29955.6572078529,30496.5449677504,30769.4003448329,31050.5940456069,31344.1023214432,31655.6796279708,31978.1162247286,32311.8247761034,32661.7705443453,33026.8420776138,33409.0845177917,33807.7014851221,34220.0897622748,34646.0611649154,35085.6975963053,35539.9990577064,36011.0740346035,36219.2411975547,36427.275558571,36633.2226336318,36839.9230443365,37046.2156787973,37251.133654287,37455.0580648528,37658.9288772128,37863.2884500625,38067.766915441,38272.7366711462,38478.2903543039,38685.6863441019,38894.2286042754,39105.0021273852,39318.1616408307,39533.7835464189,39750.9172637985,39969.5040996971,40189.8829708431,40415.8700095355,40646.6065081371,40880.7389226036,41116.979035789,41356.4292115387,41606.4491938174,41858.9061626449,42114.0104698913,42370.7521112025,42629.1702159881,42650.9537510925,42673.5383287405,42696.2197558089,42719.3866329082,42741.8189671184,42764.6636557595,42787.4199897428,42809.6152175032,42831.602847314,42853.6207738738,42875.7668647123,42898.3304477929,42920.4951056233,42943.6555074292,42966.1696145717,42988.822188711,43012.8610516942,43038.0596318691,43065.4051841643,43094.3777342911
"IT",36,22872.0224258946,25855.3013019674,27029.0077074897,27358.1575301077,27727.8331975729,28131.5746963859,28633.0494323582,29147.1614552692,29669.3275017473,30198.0266009528,30741.271059957,31014.2220521766,31295.5707390087,31589.294787162,31901.1461868831,32223.9119271755,32558.0096217702,32908.3945895067,33273.9478017889,33656.7174223799,34055.9103237954,34468.9119716076,34895.5293078575,35335.8447633221,35790.8556946247,36262.6611150658,36471.9854359189,36681.1744266676,36888.2637055048,37096.1011661408,37303.5218333283,37509.5581450169,37714.5965499691,37919.5735144917,38125.0361618582,38330.61768211,38536.6906484921,38743.3492763478,38951.8607534855,39161.5265519172,39373.433313723,39587.7379893657,39804.5222179526,40022.8277728282,40242.5960508418,40464.1670115818,40691.3646274143,40923.33210103,41158.7128385799,41396.2166860017,41636.9513881736,41888.2812617096,42142.0637484959,42398.5109540064,42656.6056089705,42916.3883180365,42937.7423250878,42959.9117674493,42982.1876022816,43004.961410252,43027.0080340066,43049.4780959299,43071.8645326019,43093.6953447548,43115.3234141647,43136.9871241202,43158.7862893404,43181.0119162143,43202.8418400275,43225.6810895577,43247.8727124267,43270.2068765091,43293.9354454816,43318.8305688499,43345.8817969962,43374.5618029708
"IT",37,24029.3585680729,26997.5185591212,28155.4474228409,28468.2081323075,28820.8970319451,29207.0185769913,29690.7043591682,30186.3737042088,30689.4320727682,31198.3216666308,31721.0058922629,31963.711592155,32214.6787168415,32477.8613661962,32758.9730352736,33050.7601339612,33353.6273295261,33672.4675576917,34006.1110812405,34356.5888102236,34723.088721338,35102.9378046917,35495.9057527816,35902.0521685861,36322.3439922354,36758.837320926,36966.5614744844,37174.1050514924,37379.4846489935,37585.5625553444,37791.1666382971,37995.3284031936,38198.4446581236,38401.445526707,38604.8871589018,38808.4083740619,39012.3819898333,39216.9049610518,39423.2599215686,39630.74340239,39840.4444637973,40052.5233589605,40267.0700387907,40483.1124491407,40700.591612093,40919.8486883257,41144.7199698159,41374.3508185194,41607.3786709322,41842.5093721971,42080.8583668837,42329.7960618591,42581.1635043527,42835.1746586262,43090.8003019705,43348.0826826098,43361.9310287862,43376.6234414073,43391.4429220411,43406.784575614,43421.415215662,43436.4900101604,43451.4926266105,43465.9517222086,43480.2189875975,43494.5330814365,43508.9958497643,43523.8998126372,43538.41532726,43553.959253731,43568.8566549613,43583.9038316583,43600.3567601637,43617.9856331192,43637.7818882447,43659.2100545042
"IT",38,24219.1711194928,27190.117246803,28350.8720971248,28666.5103101659,29022.1352090043,29411.2497051626,29898.0816136175,30396.9670817985,30903.3160923791,31415.5704505046,31941.6903680693,32185.8204608618,32438.2818552987,32703.0312047682,32985.7810318066,33279.2759979445,33583.9266649199,33904.6179882307,34240.1742884784,34592.630483124,34961.1788760765,35343.1368274773,35738.2704099912,36146.6407919273,36569.2133949307,37008.0359927966,37217.0759402912,37425.9345660846,37632.6186415904,37839.9976559365,38046.8956299956,38252.3433784468,38456.7430220498,38661.0211927433,38865.7387759947,39070.5376376769,39275.7907736574,39481.5967183053,39689.2469146258,39898.0354267308,40109.0529852415,40322.4620925422,40538.357975255,40755.7609507973,40974.6121546574,41195.253817856,41421.5301353056,41652.5884314204,41887.0631198733,42123.6581351795,42363.4943791163,42613.9469157108,42866.8470237028,43122.4104741999,43379.6007448087,43638.4616002942,43652.1754147934,43666.7475411226,43681.4561068778,43696.6992715544,43711.2386390798,43726.2331895058,43741.1601537697,43755.5489703648,43769.7507074428,43784.0045376835,43798.4143148624,43813.274300018,43827.7489891992,43843.2658794354,43858.1347621825,43873.1574909248,43889.5942140479,43907.2138327958,43927.0101738823,43948.4402056804
"IT",39,25048.237264958,28010.3082194265,29161.770974393,29467.7353641809,29813.3164250349,30191.9932060802,30668.3335064318,31156.324871568,31651.3715724385,32151.8911281933,32665.8105123017,32890.645083508,33123.7475851385,33369.0601717722,33632.2697729282,33906.0938031058,34190.9365270236,34491.6390474944,34806.9902413417,35139.0152050685,35486.8954640513,35847.9064744354,36221.7885492998,36608.5884756046,37009.2511744706,37425.7931993374,37634.2729061958,37842.5413576177,38048.5892089156,38255.298058154,38461.4858066358,38666.1824012911,38869.7987257292,39073.255957962,39277.1226584995,39481.045514253,39685.397747463,39890.2802746477,40096.9979341387,40304.8406353982,40514.9013143238,40727.3454732854,40942.2757459698,41158.7005537969,41376.5608287228,41596.1999864834,41821.4732315709,42051.530032428,42284.9997674094,42520.5830392076,42759.4078228475,43008.8549036052,43260.7411868863,43515.2843330934,43771.4372742698,44029.2454156135,44037.9896466528,44047.616245744,44057.3963160773,44067.7314614064,44077.3760884334,44087.4935721932,44097.5526780438,44107.0835648832,44116.4362889765,44125.8503943696,44135.431811817,44145.4764409834,44155.1416999263,44165.8667904258,44175.9440449603,44186.1813987443,44197.8432450507,44210.6967229474,44225.7377833269,44242.4152489772
"IT",40,25289.7048804021,28253.8207862205,29407.3370808953,29715.3773172067,30063.0640719846,30443.8732107755,30922.4892205088,31412.7948801954,31910.1983991991,32413.1151851765,32929.4667736199,33154.2953109002,33387.4544106219,33632.8876481031,33896.2791948629,34170.3428440229,34455.4880758527,34756.5452002302,35072.2948585984,35404.7652985906,35753.1414357967,36114.6864869747,36489.1354514375,36876.5355956727,37277.8289209964,37695.0217581823,37904.7259416008,38114.2160207967,38321.4720610331,38529.3834425986,38736.763934181,38942.6427572018,39147.4365247463,39352.0626709601,39557.0948537099,39762.1830309086,39967.700612185,40173.7502016122,40381.6460569517,40590.6754211255,40801.9329922433,41015.5866477704,41231.7446187562,41449.4071486104,41668.5152637633,41889.4134928905,42115.965419115,42347.322549435,42582.1109987065,42819.0292962438,43059.2111650568,43310.0422732844,43563.3291153604,43819.2912225599,44076.8737610416,44336.1237101802,44344.3845878905,44353.5432365265,44362.8655752252,44372.7563883834,44381.9645638117,44391.6574528416,44401.297032546,44410.4142639269,44419.3585329797,44428.3699041505,44437.5563854814,44447.2156663591,44456.4990283497,44466.8567285875,44476.565180736,44486.4380891865,44497.74415872,44510.2491619015,44524.9514966376,44541.2921401132
"IT",41,25802.1723571016,28763.455839148,29913.9565176357,30218.8216876625,30563.1835328148,30940.5053273364,31415.6918366303,31902.408505467,32396.0632233445,32895.0592299428,33407.2999469225,33623.4189194067,33847.8757581281,34084.6083108465,34339.2876208407,34604.6131118693,34880.9944122273,35173.2358596958,35480.0973835367,35803.6046062157,36142.9395231275,36495.3394291611,36860.5246554276,37238.5362544097,37630.3053041712,38037.818189917,38247.9713876363,38457.8953423355,38665.5567781613,38873.8549992216,39081.5986445063,39287.8161280935,39492.9313006314,39697.8569897111,39903.1732376541,40108.5340523526,40314.3130529737,40520.6148856137,40728.7652506151,40938.0479880336,41149.5598009865,41363.4712817846,41579.8972115931,41797.82777924,42017.2039734692,42238.3714953657,42465.2036976668,42696.8542231264,42931.9450442385,43169.1719986729,43409.6752952652,43660.8459821256,43914.4781015416,44170.7931095028,44428.7269631051,44688.3282841037,44694.0698660969,44700.728901113,44707.5651677116,44714.9868272803,44721.7363571676,44728.9853706805,44736.1881346133,44742.8763947296,44749.3986963065,44755.9955696107,44762.7771503861,44770.0428931222,44776.9373687515,44784.9224518146,44792.2575548379,44799.7624328127,44808.7101768947,44818.8649813636,44831.2276050283,44845.2308531867
"IT",42,25925.5316869035,28891.2574127088,30046.3001336124,30355.8166979764,30704.9461717222,31087.152966587,31567.4144248983,32059.3400949149,32558.343989054,33062.831909451,33580.7076131406,33800.9431003745,34029.6079563848,34270.6448961549,34529.7270000601,34799.5550078203,35080.5463853992,35377.5014092043,35689.1773332847,36017.6058013562,36361.9753323126,36719.5169427732,37089.9498553786,37473.3187932011,37870.5555815864,38283.6405542771,38495.4376011075,38707.0082567537,38916.3095083896,39126.2477586382,39335.6278105467,39543.4773606145,39750.2255181019,39956.7816162664,40163.730401738,40370.728923434,40578.1509853814,40786.1028250445,40995.9190041756,41206.880931753,41420.0870329907,41635.7102153012,41853.8706437911,42073.5508706265,42294.6920456439,42517.6410019989,42746.2791682578,42979.7622663271,43216.7092828127,43455.8141867548,43698.2228297574,43951.3311148419,44206.9231977405,44465.2224593245,44725.157444373,44986.7783834137,44992.9804816589,45000.1140633952,45007.4339559016,45015.3515433799,45022.6039720612,45030.3668652208,45038.0878496025,45045.2995153787,45052.349789811,45059.4797715368,45066.8017379935,45074.617021119,45082.0640665162,45090.6160077008,45098.516174511,45106.5902030011,45116.1156436135,45126.8553663676,45139.812721877,45154.4124909506
"IT",43,26884.8220389672,29839.7240118789,30983.4449974753,31281.1821515108,31618.0875983511,31987.5976880807,32455.0810336628,32933.7442128179,33418.9939581223,33909.2073767433,34412.2492582521,34609.486033227,34815.0691396606,35032.9238404125,35268.6930404087,35515.0454358132,35772.3903621374,36045.4771179547,36333.0216962144,36637.043657055,36956.7182657703,37289.2280571429,37634.2621859293,37991.8481758165,38362.893766113,38749.3433016208,38960.3259080676,39171.046784804,39379.4449776894,39588.440390591,39796.8310272608,40003.6436367737,40209.3170871031,40414.7546590681,40620.549637102,40826.3644248199,41032.5730736323,41239.2844583017,41447.8479790553,41657.5404120824,41869.4626001292,42083.7907419934,42300.6531612805,42519.0192101303,42738.8297844627,42960.4329962642,43187.7223935263,43419.8560095846,43655.4472200358,43893.1862708617,44134.2267562297,44385.9708138159,44640.1867138934,44897.0998652143,45155.6271728309,45415.8206340551,45416.1570937689,45417.4518661321,45418.9520265357,45421.0726836392,45422.5430658956,45424.5435589645,45426.512512026,45427.9832778746,45429.3026579256,45430.7121311399,45432.3262018248,45434.4479407324,45436.2080917806,45439.0924159288,45441.3253392844,45443.7390560796,45447.6156600846,45452.7160845486,45460.0459189322,45469.0211745366
"IT",44,27821.6492630624,30766.2626974888,31899.2167356874,32185.7481079996,32511.0219427395,32868.4474146542,33323.7763203321,33789.8215061856,34261.9829363383,34738.6099968877,35227.5296806243,35402.6479330603,35586.0363589293,35781.6035210846,35994.9631413905,36218.7528853619,36453.3745774617,36703.5278525997,36967.8885358637,37248.4647526133,37544.4192222603,37852.8871309066,38173.5284027093,38506.3540488072,38852.2484721574,39213.1208026048,39423.3924883868,39633.3682906345,39840.9693751875,40049.1290899827,40256.6386556603,40462.5238672849,40667.2333163885,40871.6642419069,41076.4184403246,41281.1636581786,41486.2741958616,41691.8615641552,41899.2899901082,42107.8316369669,42318.5897765546,42531.7439133495,42747.4305477643,42964.605854173,43183.210489882,43403.5938624943,43629.6616703911,43860.5742902697,44094.9395087502,44331.4438688127,44571.248750319,44821.7625753564,45074.7377219008,45330.4016594683,45587.6596402529,45846.5654537026,45841.2322964979,45836.8841638427,45832.7603697806,45829.2797927315,45825.1637204814,45821.5973536425,45818.0097180128,45813.9349471958,45809.7187202684,45805.6029126972,45801.7042931179,45798.3277102532,45794.5961386878,45792.0081364696,45788.7690093144,45785.717599362,45784.1406244688,45783.7970745383,45785.6948367206,45789.2410250766
"IT",45,27945.2441157811,30894.6617077266,32032.5298178948,32324.0950128644,32654.5296316288,33017.2442761187,33478.0648070354,33949.7478205875,34427.6998431478,34910.2732069383,35405.2955646479,35584.96673731,35773.0059507781,35973.3270752363,36191.5462320181,36420.3027344617,36660.0067978094,36915.3541389357,37185.0180619787,37471.0131839473,37772.5092586522,38086.6351792866,38413.0499265066,38751.7685454022,39103.6764205466,39470.6765325333,39682.7011354863,39894.4331602479,40103.783566994,40313.6931405807,40522.9490789681,40730.5764221812,40937.0292729496,41143.2012046662,41349.698945582,41556.1934315769,41763.059157528,41970.4093044834,42179.6173990512,42389.953057574,42602.5213627516,42817.5042531926,43035.0438861342,43254.0884249088,43474.5786999605,43696.8653117425,43924.8624447062,44157.7326666202,44394.0806353409,44632.5909374526,44874.4308878829,45127.0140184415,45382.0823264954,45639.8653109292,45899.2604391049,46160.3231960106,46155.5250274743,46151.7265817062,46148.1619724555,46145.2534733341,46141.716769553,46138.7412851735,46135.7490632842,46132.2751287235,46128.6645127036,46125.1596916164,46121.8796922765,46119.1313446298,46116.0311751612,46114.0896060897,46111.4950027094,46109.0924046376,46108.1732322823,46108.4950836223,46111.0685821319,46115.292384253
"IT",46,28025.4912672966,30980.6419453153,32124.3879100568,32421.9840724066,32758.6097842228,33127.6787004531,33595.0747437711,34073.5161619685,34558.4169048051,35048.1340186458,35550.4979799731,35736.2946304019,35930.5686446169,36137.2405248786,36361.9306016539,36597.2816939272,36843.7134448158,37105.9201447358,37382.5746396825,37675.6991554246,37984.4716993609,38306.0170592364,38639.9948388236,38986.4253378243,39346.1963006541,39721.2060775804,39935.1522252142,40148.8112544461,40360.0841703749,40571.9189889567,40783.098969439,40992.6483947057,41201.0267395524,41409.1239805616,41617.5516638363,41825.9838499853,42034.7952287297,42244.1006266168,42455.2827235092,42667.6086598238,42882.185326287,43099.1970895346,43318.7917217683,43539.9095239961,43762.4915258794,43986.8895358841,44217.0261682285,44452.0662116438,44690.6112780605,44931.3440611201,45175.4378112961,45430.3111939613,45687.6959523534,45947.8236485482,46209.5840450736,46473.0343467781,46469.1278028657,46466.2352652572,46463.5856995705,46461.604813171,46459.0027213263,46456.9731124883,46454.9310556154,46452.4124885861,46449.7618099447,46447.2221189849,46444.9147399469,46443.1485301109,46441.0335287578,46440.0921780712,46438.4957279266,46437.0954988651,46437.1877006843,46438.5285458964,46442.131466823,46447.3865386108
"IT",47,28383.0502621595,31338.9662437124,32483.4266841982,32781.7051135146,33118.9900313639,33488.6885377354,33956.8487092147,34436.0352393282,34921.6651718247,35412.0900013562,35915.1300783591,36098.1740807982,36289.7485593309,36493.7733617738,36715.8624394745,36948.651140355,37192.5633851678,37452.2765150793,37726.4501609965,38017.1082767278,38323.430698582,38642.5241075158,38974.0391690683,39317.9946115045,39675.272364507,40047.7561929947,40262.8373129581,40477.6242274489,40690.0051418082,40902.9375158864,41115.1996381378,41325.8149481966,41535.2498520531,41744.3898359005,41953.8525951077,42163.3161214855,42373.1553228737,42583.4870390217,42795.7052009624,43009.0737124145,43224.7015261917,43442.7757921418,43663.4508896085,43885.6573133836,44109.3361578781,44334.8405042715,44566.102845841,44802.2902988282,45042.0005209026,45283.913674571,45529.2097193533,45785.3129789861,46043.9428226781,46305.3329374078,46568.3638805598,46833.0946521286,46828.0011998864,46823.9404584392,46820.1352507497,46817.014929766,46813.2831113297,46810.1380541229,46806.986887851,46803.3664486538,46799.6203261068,46795.9921886206,46792.6057168251,46789.7717767171,46786.5933124448,46784.605399604,46781.9610108474,46779.518055646,46778.5776252024,46778.8943255727,46781.4843189673,46785.7287379363
"IT",48,28569.1632832252,31529.141336457,32677.7402786338,32980.2460752933,33321.8552551329,33695.9744866661,34168.7512702005,34652.6678125951,35143.1472010202,35638.5419668456,36146.6705472265,36332.7241293281,36527.4000006808,36734.622134334,36960.0048773199,37196.1831028764,37443.5885368009,37706.8912642505,37984.7456896006,38279.1814231703,38589.3844201722,38912.451909307,39248.0316357063,39596.1452036889,39957.6739306592,40334.4930957913,40551.2630587698,40767.7397720507,40981.8001127762,41196.4098238878,41410.342746665,41622.6215077041,41833.7186350031,42044.5155718471,42255.635479112,42466.7598721306,42678.2638683868,42890.2661418979,43104.1708465724,43319.2390488421,43536.5816610764,43756.38846986,43978.8200158015,44202.7979597376,44428.2635514504,44655.5711422279,44888.6624602711,45126.706952326,45368.2987958613,45612.1159630918,45859.3448239722,46117.4151927933,46378.0350722053,46641.44030025,46906.5029281043,47173.2837577581,47168.3353837269,47164.4361006644,47160.8030509061,47157.8692080646,47154.3320965173,47151.3944874003,47148.4559573327,47145.0542786967,47141.5323228065,47138.1343805174,47134.9865240987,47132.4017036911,47129.4759457053,47127.7569522639,47125.3796094677,47123.2084199898,47122.5494493105,47123.1557921008,47126.0464783158,47130.5936547375
"IT",49,28995.3738383457,31955.1421183219,33103.4391915234,33405.5723769328,33746.7481068269,34120.3643234427,34592.7599172901,35076.2348424873,35566.2145166441,36061.0436510128,36568.5275842826,36749.9395350433,36940.0174336066,37142.6831052491,37363.5421550389,37595.2195051413,37838.1502718834,38096.9838572433,38370.3584072613,38660.304135234,38966.0075940611,39284.5444375594,39615.5512260456,39959.0465593961,40315.9040844556,40687.981968418,40905.7685325132,41123.2519766888,41338.295349668,41553.8746202388,41768.7582740644,41981.9680471601,42193.9839595231,42405.6826242366,42617.6938385244,42829.703351294,43042.0865105929,43254.9641493488,43469.7524956226,43685.7091106695,43903.9470934636,44124.6591843406,44348.012965958,44572.9195523648,44799.320233263,45027.5706909238,45261.6231759805,45500.6495668752,45743.2397630731,45988.0689869731,46236.3307119853,46495.4607176695,46757.1537653374,47021.6479058758,47287.8053555944,47555.6887905942,47549.09199029,47543.564541903,47538.3170262345,47533.7862347342,47528.6627739216,47524.154209234,47519.6517012629,47514.6939495822,47509.6229522282,47504.6835785407,47500.0043527904,47495.9003014424,47491.4599810538,47488.2442997527,47484.368982683,47480.7054176745,47478.5647435988,47477.6983470127,47479.1280688151,47482.2167225932
"IT",50,29193.4455155912,32157.3551313356,33309.8697775064,33616.3098716439,33961.8902288354,34340.0081842691,34817.107747135,35305.401211718,35800.3202074654,36300.2103541853,36812.8747877992,36997.2693293975,37190.4243482758,37396.2658384741,37620.3996418292,37855.4500059617,38101.8600770276,38364.2714570662,38641.3166478046,38935.0316465288,39244.6092618991,39567.1150894867,39902.1824956314,40249.832957818,40610.9393515044,40987.3508572342,41206.8803090778,41426.1074277855,41642.8834374432,41860.1929551117,42076.7998257861,42291.7249387609,42505.4547046867,42718.8615185716,42932.5808819856,43146.3022204786,43360.4011004451,43575.0002679319,43791.5266141375,44009.2347378945,44229.2397796819,44451.7372270606,44676.9010848067,44903.6332504074,45131.8751728837,45361.9838560829,45597.9211759229,45838.8614355865,46083.3909012568,46330.182507601,46580.4364055988,46841.594091895,47105.3384752349,47371.9098439446,47640.1615458407,47910.1581317679,47903.6778882476,47898.2840997243,47893.1814245525,47888.8104220149,47883.8553501168,47879.5284708561,47875.2130761006,47870.4488385747,47865.5770066438,47860.8430959054,47856.3781181468,47852.4992663729,47848.2878948684,47845.31804945,47841.6866318399,47838.2718897806,47836.3901353282,47835.7911800352,47837.4998450406,47840.8695956323
"IT",51,29689.7896893025,32652.5105091024,33803.7025851093,34108.7104945845,34452.7597434984,34829.2367364848,35304.804762472,35791.4645330306,36284.6492487098,36782.6944101553,37293.3870339084,37471.2309204721,37657.8695845907,37857.2253678138,38074.8929735082,38303.4841806114,38543.4446455964,38799.3914800978,39069.9378262748,39357.1191572499,39660.1276456893,39976.0037691869,40304.3674222722,40645.2356312923,40999.4717165259,41368.9051611862,41589.3354139269,41809.450641759,42027.087167699,42245.2406492083,42462.6691738521,42678.3926902447,42892.9056856846,43107.0753698668,43321.5443888795,43536.0067176444,43750.8381662819,43966.1637922743,44183.4234221067,44401.8678697798,44622.6145937199,44845.8622150061,45071.7922374683,45299.2952378335,45528.3126802458,45759.2029618998,45995.9391575153,46237.6981136307,46483.0614810551,46730.6992171632,46981.8189929378,47243.8685957063,47508.5167838466,47776.0061532492,48045.1795562018,48316.1035023811,48307.506912842,48300.0186603258,48292.8364021379,48286.4046994148,48279.400452195,48273.0409556467,48266.7005825729,48259.9199646335,48253.0394098308,48246.3050233394,48239.8503720636,48233.9947992484,48227.81179146,48222.8892137231,48217.3038639675,48211.941192483,48208.1227922088,48205.5966595782,48205.3905162333,48206.8480750175
"IT",52,29757.440429792,32727.0273866252,33885.2647347606,34197.5056087291,34548.9832396407,34933.0882597419,35416.5406633244,35911.3074124954,36412.8304257645,36919.4513566944,37438.961465381,37624.4343470001,37818.8297748977,38026.0781597453,38251.7798153616,38488.5513704964,38736.8495250691,39001.2910572655,39280.4896397295,39576.4897996484,39888.4935348066,40213.5378465275,40551.244115739,40901.6358483585,41265.5796937873,41644.9007357027,41867.560224024,42089.9118674946,42309.781007686,42530.1712666668,42749.8363795448,42967.7954490467,43184.5488864231,43400.9599227163,43617.6765223032,43834.396114084,44051.4947257698,44269.0992384024,44488.65961789,44709.4239514101,44932.5117133661,45158.1242309756,45386.4492521703,45616.3686559068,45847.8241417886,46081.1754625804,46320.4050705994,46564.6923056533,46812.6154617047,47062.8424160044,47316.5874627264,47581.3041293249,47848.6497963755,48118.8693789799,48390.7971726832,48664.5016184832,48657.0800095423,48650.7824659461,48644.8009269983,48639.5838047293,48633.8018006504,48628.67698886,48623.5759646799,48618.0403895622,48612.409873245,48606.9312270416,48601.740601169,48597.1596242797,48592.254524698,48588.6266581334,48584.333636568,48580.2679607566,48577.756611545,48576.5460427087,48577.6671466562,48580.45399867
"IT",53,30490.8154571297,33455.1896890358,34607.9195946464,34914.3914169424,35259.8511009977,35637.670316944,36114.8798684293,36603.136507939,37097.8802934769,37597.434222951,38109.5625719457,38281.1657595174,38461.6816405501,38655.0310160294,38866.7942364832,39089.566286807,39323.8023135115,39574.0814313679,39838.9871497406,40120.558733721,40417.9923670884,40728.2879639486,41051.045365978,41386.2780175203,41734.8361720871,42098.5166527923,42321.4712375726,42544.0948431318,42764.1951954484,42984.7890526499,43204.6233974241,43422.7162955202,43639.5777200198,43856.0648494001,44072.8340679648,44289.5881329336,44506.703341468,44724.3092480422,44943.870811926,45164.6316152802,45387.7137213743,45613.3219666084,45841.6526111658,46071.574325451,46303.028716635,46536.377022996,46775.6143827128,47019.9228379042,47267.8752045013,47518.1357840225,47771.9272288282,48036.7099600353,48304.1250970616,48574.4199787169,48846.416897278,49120.1863695565,49108.9180787181,49098.7999171105,49089.0158222761,49080.0184936897,49070.4703161192,49061.5987876814,49052.7605521904,49043.4982458334,49034.1503692654,49024.9642971939,49016.0788560326,49007.8178717661,48999.2389897553,48991.9582763207,48984.0117265267,48976.2994988588,48970.1540813204,48965.3198827162,48962.8307162391,48962.0103331653
"IT",54,30493.2411886396,33466.0344598988,34627.4193416025,34942.7885053161,35297.3954619695,35684.6186819035,36171.5221878275,36669.7558110521,37174.7698110149,37684.8961651426,38207.9067907509,38389.6933134282,38580.5402528082,38784.3786614534,39006.7973807003,39240.3991852886,39485.6520619216,39747.1386073083,40023.4460351498,40316.6245469613,40625.8822049525,40948.2187372529,41283.2379025628,41630.9616179491,41992.2456420955,42368.8846462415,42594.3687002006,42819.5323934688,43042.1726500504,43265.3140255882,43487.6991978993,43708.34536784,43927.768329566,44146.8213140946,44366.1659485181,44585.5084093702,44805.2252160142,45025.4477425178,45247.6510523415,45471.0760588154,45696.8468744264,45925.1710828412,46156.2512406357,46388.947386273,46623.2014067788,46859.3759445475,47101.4756039555,47348.6850127554,47599.5736944603,47852.8039289807,48109.6051161738,48377.4435609441,48647.9489866269,48921.3711463902,49196.5237388267,49473.4792854047,49463.9549088765,49455.5960472997,49447.5808935418,49440.3661289644,49432.6078742123,49425.5385582899,49418.5069155838,49411.0566647321,49403.5256184067,49396.161904336,49389.1070406403,49382.6872520763,49375.9527303679,49370.5335231733,49364.4458132448,49358.5970690646,49354.3254002579,49351.3736540957,49350.7789849313,49351.8551369753
"IT",55,30819.7240106486,33795.1608309992,34959.1974651917,35277.2450422811,35634.5671603966,36024.5378866902,36514.3785516172,37015.5974189717,37523.6499263623,38036.8650662268,38563.0072920823,38744.6384767317,38935.41263546,39139.2625938198,39361.7733410014,39595.5426422515,39841.045351279,40102.8494200223,40379.5308725794,40673.1440134307,40982.9013174302,41305.7859650232,41641.3944729053,41989.7492841153,42351.7021295465,42729.0338882228,42956.1371484354,43182.9160422966,43407.1533298302,43631.8839772786,43855.845136463,44078.053039691,44299.0311445115,44519.6276764551,44740.5110795995,44961.3919041807,45182.6469197409,45404.4097559986,45628.1680675423,45853.1592005192,46080.5096207018,46310.4300837074,46543.1306239888,46777.4603462786,47013.3612613079,47251.1974961195,47494.9848480464,47743.9106640515,47996.5401022573,48251.5326681245,48510.1254365422,48779.791230093,49052.145858871,49327.4415709851,49604.4816880298,49883.3408311372,49873.1376488502,49864.1205872549,49855.4609122538,49847.619548595,49839.2452446903,49831.5757351153,49823.9506893005,49815.9148948623,49807.8052680627,49799.8706294431,49792.2552671755,49785.287791449,49778.0102038145,49772.0672991548,49765.4540207922,49759.0855327673,49754.3056935737,49750.8555252356,49749.7754427236,49750.3687258804
"IT",56,30919.1929310374,33901.6478408931,35072.8795313835,35398.3094084946,35763.2096843167,36160.9581385195,36658.8477344758,37168.3392635568,37684.8972581123,38206.8564593289,38741.9847400296,38931.1016398533,39129.4954773769,39341.1071912467,39571.5268984932,39813.356627483,40067.0827836993,40337.2715132109,40622.4982324367,40924.8265625678,41243.4790845802,41575.4338907465,41920.2882284125,42278.0709648929,42649.6366980229,43036.7605889219,43266.2192140492,43495.3601285251,43721.9538651292,43949.0442721664,44175.3636640984,44399.9273437443,44623.2653669357,44846.2215419275,45069.4702301247,45292.7258193785,45516.3653184314,45740.5243777084,45966.701892366,46194.1321673259,46423.9438881192,46656.3507913627,46891.5698058638,47128.4403805957,47366.9047702955,47607.3285847385,47853.7379716348,48105.3230039457,48360.6450985243,48618.361435493,48879.7163767422,49152.1890467566,49427.3826639639,49705.5520086907,49985.4909416287,50267.2761948325,50258.1598331218,50250.2471369509,50242.7030507677,50235.9927140611,50228.7580363622,50222.2419866998,50215.7756722448,50208.9050010662,50201.9661123725,50195.2085909537,50188.7795446485,50183.0100715736,50176.9342098604,50172.211507769,50166.8159000261,50161.670259872,50158.124323783,50155.9174127182,50156.0933884526,50157.9449983678
"IT",57,30995.3591731421,33985.4666504296,35164.5504060164,35498.041421994,35871.2205385685,36277.4702318469,36784.1470112992,37302.6737250312,37828.5246265365,38360.0413009916,38904.9963275958,39102.608133983,39309.6393662815,39530.0399530724,39769.4062490972,40020.3456704654,40283.3569376718,40563.0057880867,40857.8682002877,41170.0178881361,41498.6883846791,41840.853868929,42196.11322493,42564.5025366956,42946.8800989385,43345.016138446,43576.9612727776,43808.5966816193,44037.6806331534,44267.2658712866,44496.0798496746,44723.1369267217,44948.9737744672,45174.4297579411,45400.1851781554,45625.9582803207,45852.1263161173,46078.8269723617,46307.5704671547,46537.5880598451,46770.0106868724,47005.0551063835,47242.9452194245,47482.5107616138,47723.6942502012,47966.8628082537,48216.0530545218,48470.4578453005,48728.6348482665,48989.238920128,49253.5218176537,49528.9690739117,49807.171202007,50088.3855712038,50371.3964873026,50656.28283835,50648.4731489255,50641.8846919892,50635.6760269984,50630.3165924556,50624.441376673,50619.2986838235,50614.2109372863,50608.7251945895,50603.176815098,50597.8161716941,50592.793255948,50588.441716992,50583.7874896005,50580.5051822954,50576.5473109818,50572.8446196234,50570.7528591009,50570.0096278796,50571.6623268805,50574.9929448208
"IT",58,31552.0249495159,34541.1580479538,35719.127471266,36051.3915662635,36423.2434833934,36828.0537317587,37333.4261194899,37850.5459471615,38374.8896645558,38904.7878925157,39447.9954607323,39638.6956670268,39838.8600538639,40052.4348909118,40285.0044047861,40529.1623620107,40785.4108449422,41058.2882776105,41346.3490880553,41651.6668682663,41973.4749441492,42308.7193214131,42656.9839447063,43018.3002678089,43393.5161055033,43784.3795058262,44017.442483369,44250.1819561807,44480.3390233648,44710.9791408594,44940.8231229932,45168.8842365198,45395.7084579887,45622.1291698562,45848.8349077913,46075.5491639833,46302.6494728738,46530.2761906597,46759.9544705172,46990.9112140829,47224.2800442607,47460.2813499176,47699.1477091882,47939.6957957397,48181.8681557013,48426.033534348,48676.2415111654,48931.6879045198,49190.9250665051,49452.6044292017,49717.9864691748,49994.5640240293,50273.9112542626,50556.2882195156,50840.467090619,51126.5290375004,51116.4205290353,51107.5584453134,51099.0932506305,51091.4990404884,51083.4022856893,51076.0571442716,51068.77570152,51061.106136351,51053.3827243704,51045.8565316461,51038.6805295257,51032.1908804431,51025.4043793939,51020.0117263004,51013.9420502183,51008.1344828987,51003.9509362795,51001.1269069692,51000.7131906232,51001.9804140169
"IT",59,31794.5602876954,34788.7260314365,35971.8203742608,36309.3176732116,36686.5213091415,37096.8010166361,37607.8891734991,38130.8637691545,38661.2088132719,39197.2559981065,39746.7574209557,39941.0632593742,40144.9483563927,40362.3640395132,40598.8947863737,40847.1335017942,41107.5920421271,41384.7992641184,41677.3026671518,41987.182875819,42313.6808220134,42653.7301955844,43006.9110120814,43373.2582102008,43753.6186349038,44149.7293395862,44384.9149592748,44619.777989019,44852.0450976962,45084.7922956573,45316.7347342805,45546.8846474399,45775.7958106129,46004.2964591486,46233.0820898837,46461.8806815295,46691.0700348834,46920.792840493,47152.5872626564,47385.676587639,47621.1969288561,47859.3720266688,48100.4422944913,48343.21315951,48587.627361664,48834.0552581149,49086.5581715032,49344.334877535,49605.9332942976,49870.002061719,50137.8098023866,50416.8563277346,50698.7013365566,50983.6076172609,51270.3365202453,51558.9715019477,51548.9977301365,51540.2912559468,51531.9953177341,51524.5886066104,51516.689848082,51509.5589287117,51502.4983344724,51495.0574309806,51487.569578994,51480.2866324969,51473.364596563,51467.1422756454,51460.6276794346,51455.5275313918,51449.7480013538,51444.236587803,51440.3615116799,51437.8563480958,51437.775526814,51439.3782731132
"IT",60,32085.245559697,35083.7954147102,36271.3381918416,36613.3662026882,36995.1936200846,37410.1879099676,37926.2292573451,38454.2681876254,38989.7957776121,39531.1432378766,40086.0578809625,40282.6873469828,40489.0051382857,40708.9666359283,40948.1549472076,41199.1604087861,41462.5040826545,41742.7026545337,42038.2945766598,42351.3667630478,42681.1669378972,43024.6140425251,43381.2826044167,43751.210077767,44135.2410593973,44535.099827341,44772.3356632752,45009.2479168594,45243.5480602538,45478.3232391518,45712.2826541319,45944.4374693831,46175.3496769008,46405.8421101353,46636.617590568,46867.4088097609,47098.5938445237,47330.3178295373,47564.1325595682,47799.2575060877,48036.8313689059,48277.0813709526,48520.2560922184,48765.1491580067,49011.703485826,49260.2910914562,49514.9855314261,49774.9886226522,50038.8436084313,50305.1961747415,50575.3233949774,50856.7322942166,51140.9674537163,51428.2944624157,51717.4633727665,52008.5599914722,51998.4046241555,51989.5385830996,51981.0975629693,51973.5649879273,51965.5515185747,51958.3229477431,51951.1717946922,51943.6486365526,51936.0858712611,51928.7361504371,51921.7585911814,51915.494697406,51908.9433995635,51903.8279046377,51898.0307207001,51892.5079512541,51888.6342843779,51886.1412958699,51886.0871204115,51887.7192660406
"IT",61,32587.2096873516,35586.5049491683,36774.7125393776,37117.3506617193,37499.7460379625,37915.2566641535,38431.9919197362,38960.6869907272,39496.8368994214,40038.7647099763,40594.2032178741,40786.5694501255,40988.6928083251,41204.5273537777,41439.6469046891,41686.6310028093,41946.0062144388,42222.2652902232,42513.9279818729,42823.0832021872,43148.9807789538,43488.514236494,43841.245398707,44207.2091820106,44587.2418033424,44983.0471451611,45221.7777283678,45460.1743628863,45695.930970714,45932.1476531136,46167.526799346,46401.0784233849,46633.3740219183,46865.2302776533,47097.3584414447,47329.4965910771,47562.023100939,47795.0858613619,48030.2520701413,48266.736758356,48505.6814411296,48747.3171419648,48991.9014719477,49238.2146246917,49486.1995976795,49736.2301388453,49992.3933060705,50253.8940833001,50519.2702902692,50787.1641379594,51058.8618563104,51341.8781854209,51627.740777393,51916.7181104038,52207.5476477025,52500.3176382285,52488.4275127047,52477.852375391,52467.719520484,52458.5173353262,52448.8475994082,52439.9823299607,52431.2032077604,52422.0620288893,52412.8900822878,52403.9407892458,52395.3764702959,52387.5413560572,52379.4247059319,52372.7669191852,52365.4256149556,52358.3658626389,52352.9689846348,52348.9643621245,52347.4138322692,52347.5527378154
"IT",62,32735.0515106887,35741.8720759355,36937.7863963466,37288.3257738628,37678.827141811,38102.6516503506,38628.0040600011,39165.5510284545,39710.7975797581,40262.072208372,40827.110129097,41027.0791513703,41236.9535187536,41460.6958091699,41703.8845151039,41959.102806864,42226.8899958841,42511.7349065087,42812.1550769735,43130.2494947135,43465.2789103716,43814.1293074635,44176.3622221562,44552.0191895641,44941.938772931,45347.8170651154,45589.1775488517,45830.2102925762,46068.5947453181,46307.4415390684,46545.4473483267,46781.6211022767,47016.5421106127,47251.0218433481,47485.7785501138,47720.5548409204,47955.7293694549,48191.452405759,48429.3043914438,48668.4967514892,48910.1735973963,49154.5694411003,49401.9499818358,49651.0840198582,49901.9148188213,50154.8178485252,50413.8923046842,50678.3463354182,50946.7133275587,51217.632728152,51492.3992833293,51778.5350810418,52067.5529649534,52359.7243480741,52653.7755781078,52949.7973533705,52938.9175314202,52929.3735050792,52920.2851424538,52912.1457286808,52903.5490266619,52895.7731414574,52888.0897406172,52880.0519138398,52871.9900308249,52864.1583900479,52856.7225788714,52850.0297020282,52843.0597403254,52837.5702222182,52831.3943409846,52825.5061151865,52821.2936737196,52818.4844049715,52818.1441216387,52819.4959469865
"IT",63,32930.6857580575,35944.4289573724,37147.420747752,37505.2074899702,37903.1369229276,38334.5719012536,38867.8318178717,39413.4947702335,39967.0753447126,40526.9059684994,41100.7222762099,41307.0713761828,41523.4687926384,41753.8846733332,42003.9006173418,42266.1017679998,42541.0396802401,42833.1966852462,43141.0860235271,43466.8160727921,43809.657756791,44166.4871033156,44536.8638328169,44920.8351782745,45319.2408074625,45733.7672461232,45977.6980454158,46221.3054723818,46462.2536900053,46703.6644753513,46944.2284816088,47182.9535124466,47420.4271332259,47657.4553292563,47894.7637350978,48132.0997341875,48369.8422701718,48608.1441105816,48848.5996045151,49090.4163599973,49334.7411900082,49581.8122383274,49831.9036516758,50083.7722438827,50337.3615300171,50593.0487549378,50854.9457851381,51122.2640286984,51393.5321846185,51667.3867656339,51945.1313692867,52234.2956979329,52526.3770806455,52821.6499482068,53118.8290171856,53418.0075082776,53407.832553952,53399.0154242591,53390.6682180001,53383.2892738319,53375.4639904855,53368.4767611801,53361.5888372403,53354.3546318616,53347.1035445575,53340.09076429,53333.4852360255,53327.6370072606,53321.5164523269,53316.8987532319,53311.5918840074,53306.5790843487,53303.2554738724,53301.3463633704,53301.9216275687,53304.1918083256
"IT",64,33206.8722733125,36226.3481470032,37435.1777382667,37798.9256408092,38202.9512449518,38640.6165247772,39180.3872883295,39732.719431522,40293.1361516632,40859.9710979001,41440.9567949568,41651.4139360573,41872.0504693534,42106.8423043455,42361.3713277462,42628.22170327,42907.9561186462,43205.0460110905,43517.9967319168,43848.9246694803,44197.1094113154,44559.412960546,44935.3905642043,45325.0934254865,45729.360108946,46149.8646197756,46396.2131006545,46642.2392531516,46885.5908056228,47129.4015555643,47372.3557065995,47613.4598860287,47853.3105414317,48092.7077960425,48332.3852125226,48572.0952840353,48812.2172575858,49052.9065593185,49295.7723568149,49540.0181405508,49786.7935599955,50036.3405760063,50288.942259018,50543.3426141643,50799.485377273,51057.7496290272,51322.260610377,51592.2330976046,51866.1907398116,52142.7668697572,52423.2743626495,52715.2508634996,53010.1772307823,53308.3310031592,53608.4145736719,53910.5237671906,53900.5026107888,53891.8630511536,53883.7089573701,53876.543902164,53868.9444630267,53862.201557547,53855.5655042116,53848.5920677935,53841.6096058815,53834.874204833,53828.5582648227,53823.0148424392,53817.204306219,53812.920087845,53807.9440124722,53803.2688489117,53800.2969023119,53798.7512950394,53799.7060408476,53802.3586960856
"IT",65,33903.3541763755,36921.136944797,38128.0850147373,38489.7968627007,38891.6468584498,39326.9816177505,39864.5745519335,40414.5846764757,40972.537363094,41536.7520347386,42114.9385741654,42316.1734179363,42527.6353477273,42753.2951173542,42998.7189584497,43256.473515119,43527.1249596244,43815.1103529961,44118.9078694892,44440.6331295333,44779.5647930219,45132.5296171254,45499.0639331135,45879.2126730752,46273.8009770632,46684.4752165991,46932.0802421201,47179.3450982222,47423.8966355126,47668.8841206988,47912.9836911122,48155.2006566169,48396.1427810084,48636.6029229856,48877.3246551391,49118.0668443546,49359.2090789844,49600.9100232769,49844.7969661678,50090.0680950185,50337.8763058602,50588.4679484833,50842.1365976281,51097.6103982777,51354.8331066522,51614.185754473,51879.8092692329,52150.9219884877,52426.0410946239,52703.7957485393,52985.509357808,53278.728377336,53574.9138430236,53874.3465244422,54175.7141123656,54479.115174433,54466.119114169,54454.5353107855,54443.4578262467,54433.3958370359,54422.9156142223,54413.3151235235,54403.8321912857,54394.0239246899,54384.2173638099,54374.6694200894,54365.5560711663,54357.2333838221,54348.6507083918,54341.6208267784,54333.8974124226,54326.4833193683,54320.7882464471,54316.5327736067,54314.7949747993,54314.7587510173
"IT",66,34299.7479996868,37321.6877031325,38532.8292709951,38898.7942992116,39304.9702496041,39744.6991625189,40286.9490566751,40841.7064036812,41404.5040084594,41973.6586850262,42556.8721222028,42759.0670062681,42971.6058036035,43198.4625753941,43445.1998371023,43704.3790334014,43976.5761164236,44266.2107714651,44571.7480142701,44895.3096768259,45236.1811125588,45591.1689804281,45959.801266785,46342.1244974605,46738.9595464982,47151.9358086865,47401.7906925388,47651.3017445151,47898.0774118411,48145.2804717912,48391.5798715114,48635.9796481839,48879.097520088,49121.7198275783,49364.5990055649,49607.4996131701,49850.8015673478,50094.6664743382,50340.7380394249,50588.2098209214,50838.2378012081,51091.0724884359,51347.0172403506,51604.7859625463,51864.3225928966,52126.0101228022,52394.0041277531,52667.5265361282,52945.0888624739,53225.3166734555,53509.5434497372,53805.32421769,54104.1018470478,54406.1604067832,54710.1740280764,55016.2440521715,55002.6210843276,54990.4371094767,54978.7771372213,54968.1559416185,54957.130142549,54947.00469908,54937.0055470323,54926.6912126562,54916.3875708221,54906.3524584889,54896.7655177667,54887.9859802139,54878.952418416,54871.497083885,54863.3456458499,54855.5111197898,54849.41081364,54844.7629166686,54842.6498357489,54842.2416468682
"IT",67,35142.7847094737,38161.0085987716,39368.1594918075,39729.8987487623,40131.6304766986,40566.6767702709,41104.371619062,41654.3433086797,42212.125259663,42776.0152803933,43353.6861262418,43542.697537169,43742.0814043626,43955.8035171536,44189.4057515009,44435.426793073,44694.4442743809,44970.8355586391,45263.0320144584,45573.152380571,45900.4785373868,46241.7744939083,46596.5445526261,46964.8259684722,47347.4222680201,47745.9298042684,47996.8061762792,48247.3150086136,48495.0415998564,48743.1659198657,48990.3479981155,49235.5904473019,49479.5235394896,49722.9255976818,49966.5601429009,50210.1987772143,50454.2217870339,50698.7943403876,50945.5800909231,51193.7667021886,51444.513683176,51698.0763141132,51954.7694292006,52213.2894330264,52473.5802328067,52736.0269051325,53004.8021512262,53279.1317011271,53557.5198887117,53838.5876279323,54123.6798206641,54420.3609992276,54720.0522801618,55023.0411678703,55327.9856872848,55634.9901049259,55617.4192555854,55601.3214887437,55585.7710727873,55571.2887809302,55556.4199898734,55542.4772194227,55528.6728405132,55514.5667910917,55500.4834864547,55486.6816138851,55473.3446157796,55460.8348948981,55448.0791538884,55436.930314023,55425.0838685488,55413.5636013666,55403.794663028,55395.4924725212,55389.7436931903,55385.703842264
"IT",68,35345.055638809,38371.7248004666,39587.5172188705,39958.110788494,40368.9219370467,40813.275569099,41360.6291093671,41920.5183790196,42488.4882434981,43062.8419574679,43651.2538904893,43848.4233018686,44056.1355459135,44278.3658083384,44520.6604832784,44775.5614964073,45043.6610999178,45329.3304941232,45630.997184807,45950.7912916289,46288.0070293913,46639.398103972,47004.4675493569,47383.2598100758,47776.5804033431,48186.0154762736,48439.9353326265,48693.4937977529,48944.2587256065,49195.4227928595,49445.6391496811,49693.9091135689,49940.8723760758,50187.3009899165,50433.9669076265,50680.6471859001,50927.7224447281,51175.3607107626,51425.241551766,51676.548279724,51930.4435082573,52187.1866902423,52447.1023507815,52708.8731904171,52972.4434190752,53238.2001622105,53510.3306602739,53788.064407187,54069.9003901446,54354.4561824526,54643.0868634548,54943.3657328639,55246.6961349151,55553.3690614858,55862.0292060367,56172.7837479991,56156.2098282915,56141.1341028821,56126.6219344044,56113.1999266968,56099.4038565267,56086.553495138,56073.8492415341,56060.8525668009,56047.8867786756,56035.2115998003,56023.0143536157,56011.6608505377,56000.0667273879,55990.1052846876,55979.4429274737,55969.1140855995,55960.5519928482,55953.4696827969,55948.9585271716,55946.1595126207
"IT",69,35968.1823925993,38995.944382401,40212.7342854816,40584.2622636881,40995.96047207,41441.1421957523,41989.5500152997,42550.4523174556,43119.3990681693,43694.6835888429,44283.9623813838,44476.0426069225,44678.7540062973,44896.0703310822,45133.5266140382,45383.6515363667,45647.0444382202,45928.046879064,46225.0632258059,46540.2262968324,46872.8331545128,47219.6059513923,47580.0320307015,47954.152855513,48342.7636508247,48747.4252042841,49003.2508073088,49258.702362916,49511.3257253803,49764.3298080729,50016.3592207223,50266.4138358713,50515.1452589263,50763.3178292332,51011.7140668982,51260.1177824868,51508.9099697916,51758.2621122174,52009.8730981214,52262.9206745958,52518.5709906428,52777.0882713977,53038.8083774099,53302.3971649151,53567.79894868,53835.4030321962,54109.4136032965,54389.0641385378,54672.8468274206,54959.374889567,55250.0149044643,55552.3498654418,55857.7618760752,56166.5455626524,56477.3298208525,56790.2249015074,56771.5323697287,56754.3701921659,56737.7931897724,56722.3342063404,56706.5178700066,56691.6717763846,56676.9827134501,56662.013686895,56647.0866141868,56632.4621883332,56618.3317627076,56605.0645800795,56591.5641244267,56579.7253149992,56567.1832683416,56554.9836889927,56544.5681576829,56535.6469527725,56529.3161083061,56524.7013112122
"IT",70,36437.1169759131,39469.2282291529,40690.3946876293,41066.3534377686,41482.55161563,41932.2966312163,42485.5591170885,43051.4037374788,43625.3885640914,44205.8032227986,44800.2940011906,44992.8207587475,45196.1069418703,45414.129521911,45652.418558874,45903.4960533562,46167.9720496539,46450.1673087184,46748.4703746129,47065.0206759888,47399.1223920664,47747.4739034377,48109.5524125686,48485.4006948361,48875.8085539745,49282.3168328123,49540.6336638901,49798.5713942741,50053.6548308678,50309.1083476336,50563.5683368356,50816.0332234733,51067.1659990581,51317.7235563363,51568.4985481948,51819.2812899348,52070.453149174,52322.1889676989,52576.2063770017,52831.6778268129,53089.7729798009,53350.7607961329,53614.9882873454,53881.1050430892,54149.0555741519,54419.2314080568,54695.8534262811,54978.159179726,55264.6343734343,55553.8881104544,55847.2984340045,56152.4580825851,56460.7284333577,56772.407853679,57086.1097745336,57401.9475933307,57382.3950746002,57364.4035081422,57347.0173912174,57330.7759222317,57314.1927321433,57298.6033586988,57283.1810540448,57267.4904299212,57251.8520714643,57236.5277159578,57221.712871094,57207.7803624503,57193.6214241872,57181.1530694158,57167.9786156952,57155.155297752,57144.1333203676,57134.6202384776,57127.7169875185,57122.5335713434
"IT",71,36922.9103741874,39959.5083038174,41185.1891796947,41565.7179666058,41986.557303307,42441.0084980462,42999.2783618451,43570.2205255736,44149.4014351759,44735.1068678282,45334.9725122202,45527.9388793085,45731.7972026356,45950.5277659891,46189.6554586199,46441.6953426866,46707.2685226051,46990.6742049782,47290.2845336282,47608.2457605154,47943.8694108482,48293.829238774,48657.5919324627,49035.201607669,49427.4424394753,49835.8346134717,50096.7265562618,50357.2341393875,50614.8603898324,50872.845680562,51129.8179005663,51384.7739771954,51638.3886844076,51891.4112094558,52144.6446905811,52397.8861740338,52651.5174141992,52905.7167279161,53162.221141069,53420.19762154,53680.8194674016,53944.3605379385,54211.1793824882,54479.9087586012,54750.4933795044,55023.3270735665,55302.6479949003,55587.697909441,55876.9558120037,56169.0265455815,56465.3000141655,56773.3790386151,57084.6035500116,57399.2757858721,57715.9931757236,58034.8723721891,58014.4250032489,57995.5702503142,57977.3419286458,57960.2858108082,57942.9041492265,57926.5406982752,57910.3547053324,57893.9124435018,57877.5331192259,57861.479549921,57845.9515409249,57831.3256240584,57816.4803599453,57803.3556185673,57789.5218196221,57776.0481261877,57764.3936645564,57754.2631718209,57746.7626535379,57740.9858890582
"IT",72,37593.1012525524,40631.2722292135,41858.4347752579,42240.3888578427,42662.6143855994,43118.4004932377,43678.2622026124,44250.76523323,44831.4819979548,45418.688016646,46020.0001252464,46207.9751213021,46406.9440521621,46620.8861439026,46855.3144696495,47102.7302173283,47363.7627201784,47642.6794752197,47937.8279190652,48251.357722588,48582.5840344817,48928.1466693867,49287.4956276139,49660.6722192399,50048.4498118352,50452.3212191171,50715.3820385598,50978.0453903931,51237.7901338594,51497.8744704842,51756.9169018911,52013.912760731,52269.5499075659,52524.5690485616,52779.7849335146,53035.0020330122,53290.6025139068,53546.768496232,53805.2582596966,54065.2326618744,54327.8688994379,54593.4460933311,54862.335279972,55133.1506955293,55405.8371791949,55680.7909678369,55962.2688872183,56249.5171081771,56541.0071600637,56835.3391086189,57133.9155433391,57444.3499871306,57757.9589914647,58075.0488162048,58394.1994966791,58715.5310830651,58692.8878917774,58671.8726266235,58651.5074954309,58632.3451690493,58612.8756152398,58594.4512353052,58576.2162662777,58557.7386826473,58539.3361633236,58521.272604788,58503.7522731551,58487.1555045747,58470.3474389157,58455.2918545026,58439.5245887892,58424.1272744971,58410.5682794416,58398.5493041096,58389.1815255602,58381.5417977379
"IT",73,38225.4328766739,41266.388830657,42496.2866685091,42880.9603568043,43305.9072585667,43764.4060808507,44327.2676089761,44902.7850063029,45486.5378894533,46076.7934944763,46681.1520616069,46865.9948948321,47061.9506631374,47272.9991802318,47504.6436899935,47749.3735020299,48007.8276941801,48284.2444012531,48576.9483349249,48888.0940808192,49217.0020409269,49560.2799978713,49917.3628217577,50288.2904870207,50673.8270214438,51075.4390957306,51340.9361403616,51606.0249989816,51868.1600717591,52130.6175772403,52392.0064996523,52651.3205342027,52909.2607814675,53166.5593400513,53424.0427194589,53681.5229197194,53939.3825309756,54197.8075408128,54458.5778324506,54720.8480891176,54985.7995005024,55253.7165737876,55524.9830935744,55798.1944967024,56073.2957844111,56350.6856817545,56634.6400845048,56924.4097168699,57218.4585595969,57515.3818611537,57816.5952160699,58129.7231484445,58446.0584019873,58765.9114027189,59087.8444554313,59411.9811239673,59387.5370092689,59364.7564951896,59342.6499561384,59321.7771833461,59300.6155922484,59280.5265001378,59260.6387671572,59240.5221394781,59220.4927492531,59200.8156268927,59181.6996609683,59163.5291457978,59145.1554137362,59128.5669491457,59111.2639169556,59094.3408383427,59079.2756645796,59065.7669913555,59054.9313887775,59045.8282037776
"IT",74,38890.6850173548,41934.3750475279,43166.9491881672,43554.2770286146,43981.8741202944,44443.0080403605,45008.7999881821,45587.2565180119,46173.9645882493,46767.1825099209,47374.4928840304,47555.8029621556,47748.3477401078,47956.1074110401,48184.5746791588,48426.2261747984,48681.7109294499,48955.236103308,49245.1024116716,49553.4693564362,49879.6625901204,50220.2561971458,50574.6690370935,50942.9394817076,51325.8216036445,51724.7546173306,51992.7560098151,52260.3376915223,52524.9285796276,52789.8236676509,53053.6220263683,53315.3156482988,53575.6194289032,53835.256502293,54095.0656288243,54354.8666509783,54615.0425990867,54875.7834875932,55138.8916944818,55403.5154688116,55670.8401537873,55941.1558597264,56214.8596375603,56490.5273454884,56768.1041487292,57047.9913575725,57334.4847117913,57626.8396661898,57923.5123359456,58223.0929481241,58527.0106233209,58842.9013234786,59162.0330084352,59484.7204313913,59809.5074421396,60136.5212547278,60110.1416671096,60085.4628566256,60061.4828809721,60038.7689303314,60015.7853591298,59993.9027507542,59972.2339708003,59950.3506042982,59928.5671720061,59907.1498798567,59886.3124172359,59866.4431871691,59846.3791680652,59828.1345130519,59809.1723157348,59790.6004875934,59773.9069321799,59758.7870148463,59746.3629021621,59735.6757541692
"IT",75,39520.4464663006,42568.123185588,43804.6685966949,44195.9870587902,44627.612588574,45092.8033647325,45662.9797766053,46245.8760824866,46837.0878829763,47434.8665389761,48046.7792348561,48226.440713609,48417.476654215,48623.8693136904,48851.1028373117,49091.6431557522,49346.1508524922,49618.8043634329,49907.8823182865,50215.5506887465,50541.1420700106,50881.1986355781,51235.1247497859,51602.9586772215,51985.4459880895,52383.9995640916,52654.7908451388,52925.1532783876,53192.4898765447,53460.1146918568,53726.6167006125,53990.9861406755,54253.9519261552,54516.2280538718,54778.6657459338,55041.0928327803,55303.8927981348,55567.2597686359,55833.0190836943,56100.312461518,56370.3295155185,56643.3661137123,56919.8329046922,57198.2857888569,57478.6701330973,57761.3899269636,58050.7612578132,58346.0444858095,58645.6877374052,58948.2761529922,59255.2527715694,59574.2653542929,59896.5565191279,60222.4455145007,60550.4573017793,60880.7228816526,60852.8022731678,60826.6201711781,60801.1620258527,60777.0026893199,60752.5931179536,60729.3134813109,60706.2601980554,60683.0067728765,60659.8660876667,60637.105585686,60614.9439457494,60593.7738568302,60572.4174782882,60552.9155722133,60532.6928661998,60512.8711552399,60494.9486930899,60478.6175293674,60465.0056807972,60453.1354375871
"IT",76,40339.3719533948,43388.2034406995,44625.7704137938,45018.0194274515,45450.5049165471,45916.4695603031,46487.707431562,47071.601517685,47663.7537819178,48262.4022290414,48875.0903034848,49047.7222102686,49231.8397492374,49431.4229495615,49651.9407397054,49885.841381924,50133.7943462934,50399.9389938073,50682.5234176995,50983.7167709455,51302.8549941458,51636.4387948992,51983.8517833865,52345.1280221311,52720.9993696324,53112.845448351,53386.0569445952,53658.8226032204,53928.5168829482,54198.4749159273,54467.274597303,54733.9042946909,54999.1083864761,55263.5908634434,55528.2166618321,55792.8223746666,56057.7919695445,56323.3240556276,56591.2690283958,56860.7613811035,57132.995305351,57408.2728496855,57687.0193508491,57967.7688586388,58250.4668683822,58535.520185369,58827.2668551324,59124.972385931,59427.0760797895,59732.157422452,60041.6743424479,60363.2871449432,60688.2109114072,61016.7695864002,61347.467654909,61680.440087468,61649.6765528112,61620.6932794314,61592.4620541825,61565.5657974944,61538.4410220538,61512.478016455,61486.755574254,61460.8491809444,61435.0699141291,61409.6864672813,61384.9227259292,61361.1758101285,61337.2521554499,61315.2204709264,61292.4650227838,61270.1221804003,61249.7009803159,61230.8899030579,61214.8229815175,61200.5027314217
"IT",77,41033.2936377477,44086.2862561917,45327.9908635781,45724.3921532965,46161.0647000847,46631.2406386724,47207.0428292091,47795.5543834485,48392.3865069304,48995.7692978915,49613.2290011271,49783.7633790022,49965.9333316052,50163.7208797793,50382.5852860395,50614.9628069624,50861.5352887046,51126.4103424675,51407.8116213248,51707.9151063211,52026.06406126,52358.7240334649,52705.2625515465,53065.7133263165,53440.7986948885,53831.8693207534,54108.085488881,54383.8454577214,54656.4954374765,54929.3913477447,55201.1000783858,55470.6080872572,55738.6750405949,56005.9949688593,56273.4463964075,56540.8746246014,56808.6641145431,57077.0179568038,57347.8115714316,57620.1723283621,57895.2990684003,58173.5001092468,58455.2155984653,58738.9578306442,59024.6725156347,59312.7693725179,59607.6086085686,59908.4610663883,60213.7573353205,60522.0713514077,60834.8761950158,61159.8450116447,61488.1652705989,61820.1658035425,62154.3305176371,62490.7985009676,62458.2886956206,62427.6003045493,62397.6913796873,62369.1531750284,62340.4076115143,62312.8554056042,62285.5574446528,62258.0912997446,62230.7662614449,62203.8523659815,62177.5789229442,62152.3477093022,62126.9490357607,62103.4805485476,62079.2847813687,62055.5132014791,62033.6860961929,62013.4883352011,61996.0603060572,61980.3840061217
"IT",78,41799.116019662,44855.7167740079,46100.9759484426,46500.9195895405,46941.1436209906,47414.8677398541,47994.5739055787,48587.0149704053,49187.8111490216,49795.1827591623,50416.6361619749,50583.6623668962,50762.4723886402,50957.0492464646,51172.8405371826,51402.2683506328,51646.0266929036,51908.1877149233,52186.9476534637,52484.4887472881,52800.1609542522,53130.391025657,53474.5282769918,53832.60503863,54205.3324911976,54594.0295787586,54873.266781553,55152.0351021157,55427.6508284868,55703.4919170406,55978.1136116257,56250.5003629578,56521.4280337952,56791.580120398,57061.8495348153,57332.0907922299,57602.6888725653,57873.8516009071,58147.4808418534,58422.6964135375,58700.70204964,58981.8126674596,59266.4840287716,59553.2054206688,59841.9227570714,60133.0488095377,60430.9671439702,60734.9541894418,61043.43130182,61354.9665268683,61671.0488828293,61999.3650022629,62331.0732044326,62666.507433767,63004.1298853123,63344.0839582879,63309.4420184045,63276.6651250695,63244.6968392207,63214.1371490376,63183.3925993379,63153.8748417998,63124.6259210748,63095.2255840378,63065.9812288828,63037.1642860934,63009.0097383624,62981.9242231123,62954.6811216118,62929.4083902675,62903.4048090524,62877.8376576582,62854.2389862457,62832.2898609075,62813.1372936555,62795.7418008828
"IT",79,42622.8392087029,45682.8260422324,46931.3997801584,47334.6305781285,47778.136881563,48255.124606927,48838.4600747933,49434.5412540659,50038.9974509725,50650.0379329418,51275.1472206672,51437.7999905921,51612.3873604034,51802.8928200596,52014.7509167495,52240.3680413482,52480.4505257612,52739.0321680828,53014.2794928037,53308.3808270001,53620.6926308,53947.5999299814,54288.4322159469,54643.2198353186,55012.6616426348,55398.042585093,55680.3809152343,55962.236093944,56240.8928550059,56519.7524028476,56797.3577060018,57072.6911068219,57346.5455495474,57619.5934301637,57892.7428303116,58165.8579760801,58439.3243924587,58713.3548907901,58989.8791898103,59268.009140562,59548.9536198319,59833.0344830189,60120.7239189575,60410.4869715073,60702.2697576526,60996.4882501402,61297.5505867494,61604.7390542521,61916.4652689963,62231.2910590148,62550.7221912556,62882.4594612495,63217.6304996132,63556.5746089452,63897.7311323666,64241.2479889934,64204.2096718077,64169.0824348711,64134.7945879366,64101.9552809899,64068.9548860224,64037.2165285171,64005.7624478194,63974.1746677921,63942.7585913235,63911.7871045063,63881.5011346864,63852.3124069392,63822.9765286777,63795.6532408596,63767.595419631,63739.986925333,63714.3721316327,63690.4281046482,63669.3087862803,63649.9521728534
"IT",80,43277.6348472705,46345.0445922671,47601.1172572211,48011.9616049186,48463.2182033046,48948.0858632201,49539.7544957269,50144.3366590729,50757.4746111783,51377.3739058493,52011.5060380218,52176.4190238261,52353.4693348418,52546.646602323,52761.3797988796,52990.0672447932,53233.4322739616,53495.4802195783,53774.3561206118,54072.2592870082,54388.5580201512,54719.6041417818,55064.7136214053,55423.9199990606,55797.9154488381,56187.9567386872,56474.1782548057,56759.9112746003,57042.4094233876,57325.0967346254,57606.5040171926,57885.6114543325,58163.2288155718,58440.0174704537,58716.9004839069,58993.7517091713,59270.9572286369,59548.734832839,59829.0420212074,60110.9828231905,60395.7713483847,60683.736501652,60975.3670454151,61269.1039355841,61564.8936076833,61863.1553638567,62168.3221599167,62479.6823841137,62795.6380743428,63114.7449888991,63438.5259772769,63774.6963804269,64114.3530728899,64457.8409661181,64803.5764404837,65151.7121284705,65113.7540375306,65077.7522003242,65042.6195962122,65008.9748832734,64975.1920797409,64942.7061871604,64910.5192838923,64878.2158090799,64846.0991957218,64814.4439082705,64783.4971042084,64753.6758941033,64723.7175923062,64695.8150197504,64667.1734915627,64638.9941338008,64612.834258864,64588.366881256,64566.7533199729,64546.9080766215
"IT",81,44179.2399797831,47250.5563897011,48510.4630709177,48925.117215881,49380.1842224244,49868.8479809109,50464.7198691877,51073.5238683522,51690.9124299782,52315.0792275834,52953.4720343427,53113.8411169992,53286.5160747808,53475.4872984676,53686.1696805211,53910.9445447215,54150.5490213643,54408.9465502852,54684.249739296,54978.6648225481,55291.5675011536,55619.2639247331,55961.0484591208,56316.952675136,56687.655387451,57074.3761038848,57364.0520289689,57653.2240934975,57939.1111298591,58225.1628018653,58509.8963807161,58792.2897214822,59073.1714277536,59353.1906259709,59633.2871088208,59913.3454394227,60193.7523020259,60474.7309878887,60758.2697230362,61043.463753494,61331.5328667224,61622.8136266676,61917.8129248949,62214.9449778679,62514.1564500309,62815.8701806284,63124.5462444969,63439.4795026429,63759.0612547896,64081.8404058735,64409.3582973178,64749.345911385,65092.8662629178,65440.2701853182,65789.9488431811,66142.0598637021,66101.5205568459,66062.9882533487,66025.359103549,65989.2618878365,65953.0527743238,65918.1794399209,65883.6220979792,65848.9677055574,65814.5174954362,65780.5475431499,65747.3115766348,65715.2323319618,65683.0274927159,65652.925000594,65622.07945773,65591.7103115855,65563.3884963672,65536.782611473,65513.0616401524,65491.1151977551
"IT",82,45021.3948540488,48098.8520169301,49364.9015654759,49785.7477947911,50247.0815175412,50742.0747144327,51344.7419470548,51960.4425003048,52584.8413621068,53216.1237794144,53861.7176511879,54020.8636827565,54192.5166657068,54380.6707374926,54590.7301661406,54815.0627215532,55054.4222146283,55312.7340194162,55588.0815745818,55882.6808171654,56195.9178741005,56524.0562157291,56866.3712066719,57222.8950906547,57594.2958458189,57981.7575687644,58275.4069248993,58568.5412281595,58858.3436389968,59148.2900517478,59436.8838277216,59723.1003928955,60007.7876529723,60291.5821385952,60575.4408074607,60859.2592310788,61143.4247212375,61428.166242022,61715.5036896575,62004.5233220625,62296.4508328875,62591.6307481235,62890.5887444214,63191.7115253788,63494.9460520115,63800.718880694,64113.5182005893,64432.6456796945,64756.4816205412,65083.5679330089,65415.4652158575,65759.9207923645,66107.9627003343,66459.9480153577,66814.2418224861,67171.0070043396,67128.5755118171,67088.202944705,67048.7680451013,67010.9102201363,66972.9671228002,66936.3997206331,66900.1654773609,66863.8540206845,66827.7643261306,66792.1741959401,66757.34428765,66723.7032982383,66689.9483818683,66658.3444002668,66625.9927559795,66594.132161344,66564.3479291634,66536.3040756466,66511.1777269001,66487.8323074348
"IT",83,46028.3636353355,49110.2027448567,50380.5536277565,50805.6746824396,51271.2844698511,51770.5383218231,52377.9215918147,52998.3595644587,53627.528635261,54263.6008026127,54913.9774887068,55068.071328744,55234.8606954233,55418.3405973276,55623.8995959041,55843.8864957668,56079.0705450236,56333.3303366244,56604.7130965481,56895.442519551,57204.9130234731,57529.3370690462,57867.9659014247,58220.829583882,58588.5811862784,58972.3631862066,59269.8762581316,59566.8571412084,59860.4501131134,60154.1597109837,60446.474166892,60736.3663046539,61024.705077888,61312.1133346535,61599.5667268332,61886.9727949541,62174.7195234898,62463.0420240978,62753.9945327141,63046.6534914881,63342.2509399953,63641.139964446,63943.8665031707,64248.7873764103,64555.8498014748,64865.4842883007,65182.2093352015,65505.3338450752,65833.2261201207,66164.420411495,66500.4979858237,66849.2236485946,67201.5875957971,67557.9535223696,67916.6583318111,68277.8704895849,68232.5600364141,68189.3652229826,68147.1459829856,68106.5530375946,68065.9040898194,68026.67427475,67987.7966184114,67948.8635630669,67910.1716253827,67872.0004086247,67834.6179145815,67798.4591284561,67762.1992630553,67728.1424361117,67693.3333668902,67659.0312463954,67626.8366135607,67596.408550076,67568.9327493638,67543.2448192597
"IT",84,46883.8881560789,49974.3301395391,51253.3524490394,51687.2631046151,52161.8085943886,52670.1340750969,53287.1435076206,53917.3900382888,54556.5656590974,55202.8363422923,55863.5854872823,56019.3040392497,56187.9638012802,56373.5664704682,56581.492213583,56804.0782696933,57042.1144327836,57299.4416365857,57574.0785411217,57868.2617683606,58181.3996623141,58509.6613091354,58852.2797689962,59209.2881729352,59581.3301405098,59969.5115989668,60271.7699019815,60573.4876438963,60871.7698527503,61170.1498860419,61467.1006447599,61761.592243601,62054.514867471,62346.4774678316,62638.4745957913,62930.4259285029,63222.7201499729,63515.5986422861,63811.1506325964,64108.4426883763,64408.7134211372,64712.3247723231,65019.8435205179,65329.5961290857,65641.5301951434,65956.0803969559,66277.7964350439,66605.9948495909,66939.0318532538,67275.4340277548,67616.8040863056,67970.9250776262,68328.7484862192,68690.645022791,69054.9226996471,69421.755881075,69375.0155766389,69330.4479466338,69286.8936373744,69245.0152775984,69203.1100131755,69162.6678578872,69122.5965192374,69082.4914550294,69042.6466970315,69003.343813173,68964.8585968408,68927.6327590996,68890.318576172,68855.2615771829,68819.4469040199,68784.1553602473,68751.0036622599,68719.6458000067,68691.2766728363,68664.7024866098
"IT",85,47922.7522216076,51020.048566701,52305.9076059552,52746.6949243666,53228.1877184631,53743.5158671646,54368.0779399263,55005.9777053597,55652.9217479647,56307.0648727388,56975.7653022059,57129.1012104063,57295.6137487421,57479.3083575826,57685.5513665856,57906.6626234211,58143.4514014869,58399.7113692676,58673.4248793587,58966.8395871829,59279.3756813642,59607.149605228,59949.3706387289,60306.0720162934,60677.8835148105,61065.8675548679,61372.8113793238,61679.1999223645,61982.0951257671,62285.0620419848,62586.5567789361,62885.5465284381,63182.9447914553,63479.3453170791,63775.7633852747,64072.1319622906,64368.8404873441,64666.1371856984,64966.1494931857,65267.9331164776,65572.7337784943,65880.9230087702,66193.0902232496,66507.5286797409,66824.1863172707,67143.5022799365,67470.0601443422,67803.1846274926,68141.2186558799,68482.6803539777,68829.1956163337,69188.5671488682,69551.7042581736,69918.9851496041,70288.6863950977,70660.9886712422,70611.7641322286,70564.7750104805,70518.8409664086,70474.6373986941,70430.4391461658,70387.7521979104,70345.4568709011,70303.1518251855,70261.1283664957,70219.670128615,70179.0612239313,70139.7505124416,70100.3655800797,70063.2963094088,70025.4639029744,69988.1723067232,69953.0554954585,69919.7619382361,69889.4962946357,69861.0333140839
"IT",86,48874.0619647666,51981.682208189,53277.9626556492,53729.3246371005,54221.577078869,54747.8391620708,55383.9778229626,56033.6824973802,56692.6780294669,57359.1133355654,58040.327292052,58196.3887165538,58365.9132345828,58552.9146476357,58762.7507194872,58987.7291435746,59228.6831934141,59489.3649858925,59767.7254511074,60066.0276030287,60383.7081844166,60716.8354020779,61064.5986732492,61427.0354076946,61804.7653733432,62198.8101633224,62511.2576358856,62823.141478165,63131.4790227606,63439.8680657939,63746.747282914,64051.0807761182,64353.8061748021,64655.5014227792,64957.2032836768,65258.8585247722,65560.8573830169,65863.4552188049,66168.8192800465,66475.994054754,66786.2327568971,67099.91700843,67417.6599619243,67737.7203480395,68060.0465532997,68385.0824825122,68717.447254501,69056.4743101006,69400.4928385725,69748.0122557388,70100.6829075615,70466.3283122183,70835.8137117557,71209.5253289509,71585.7068414539,71964.5456645775,71913.8889875169,71865.5325224345,71818.2739692573,71772.8023238367,71727.3690060254,71683.4969907674,71640.0377342774,71596.5933467135,71553.4523092259,71510.900507704,71469.2309594909,71428.9002183098,71388.5096984941,71350.4965820391,71311.7140504445,71273.4907363654,71237.4791066681,71203.3218289252,71172.2340986177,71142.9570754513
"IT",87,50156.3993261279,53270.3964120822,54572.9734157028,55030.6211621663,55529.1846246378,56061.7624305423,56704.824091744,57361.5058042065,58027.5479030569,58701.0832868032,59389.4178446402,59540.0113843963,59704.3221131231,59886.3659126749,60091.48135306,60311.9527184414,60548.63415397,60805.2185430832,61079.6110595698,61374.0856308791,61688.0906813698,62017.6294530263,62361.8610244324,62720.8208318066,63095.1101828827,63485.6974761625,63803.3040004079,64120.3260822234,64433.7305239638,64747.1523294711,65059.0105034952,65368.2657529333,65675.8830575889,65982.4225661644,66288.9453410599,66595.4137128563,66902.2187960425,67209.623950698,67519.8411044854,67831.9019948025,68147.0681096073,68465.7322302906,68788.5339037993,69113.6929945014,69441.1582417561,69771.3787172054,70109.0130271347,70453.404069061,70802.8654410921,71155.8966161773,71514.1748945606,71885.5466107897,72260.8277457672,72640.4131789828,73022.5098922157,73407.3125989638,73353.1555429731,73301.37236721,73250.7362798566,73201.9510594265,73153.2421313208,73106.1509762369,73059.4971861454,73012.8865573506,72966.6043751192,72920.9388898065,72876.1927247167,72832.8306672115,72789.4254889923,72748.4656787142,72706.7303697963,72665.5749615709,72626.6718399177,72589.6572416736,72555.7575870553,72523.677670572
"IT",88,52137.9843955518,55247.9935462348,56546.0698308237,56998.8010967139,57492.075675098,58018.9491714533,58656.7694344972,59307.8274158458,59967.8706403862,60634.992419811,61316.4349837151,61441.7952419448,61581.0229070133,61738.1202028782,61918.3819997587,62114.0435088407,62325.9700517734,62557.7570615774,62807.2327635343,63076.6699768619,63365.5156560418,63669.6727573389,63988.246933434,64321.2566144289,64669.265459958,65033.1630446828,65354.5931264555,65675.3890568237,65992.4571821603,66309.4772804268,66624.8449857655,66937.5171721184,67248.4915844791,67558.3073169499,67868.0544240924,68177.7137049309,68487.6772668845,68798.2178608494,69111.5999604259,69426.8399540882,69745.2087672708,70067.1119373525,70393.2195135348,70721.7053918008,71052.5183970642,71386.1132894588,71727.1942318832,72075.114507415,72428.1689936627,72784.8450965308,73146.8507427417,73522.0579082436,73901.225061236,74284.7565100951,74670.8165659177,75059.6079421052,74997.1595377651,74937.1737495617,74878.3953210678,74821.5443642192,74764.8163682739,74709.7733496876,74655.1985844448,74600.7017942559,74546.5644486193,74493.0772192023,74440.5531713649,74389.4658919278,74338.3560745156,74289.7686311753,74240.4006596293,74191.6369690485,74145.1715320826,74100.6331992296,74059.2602699634,74019.7177072498
"IT",89,53521.2093164703,56641.2027401182,57949.2639114529,58412.0579669166,58915.5148903305,59452.6706429445,60101.5349073709,60763.7996991207,61435.233010637,62113.9142040166,62807.0527725016,62930.2807450534,63067.7046056381,63223.3326079613,63402.4420685276,63597.2458416399,63808.6364915345,64040.1468853094,64289.5572925158,64559.1563370104,64848.407953927,65153.1450003123,65472.4418715501,65806.3180003302,66155.31918038,66520.276848883,66848.2027092868,67175.4759060275,67498.9443245879,67822.3307325414,68144.0079689543,68462.9289284207,68780.1229894566,69096.108605179,69412.0039604502,69727.8078943356,70043.9135423054,70360.602950924,70680.192490214,71001.6838178654,71326.3575355019,71654.6322250108,71987.2087141295,72322.2158130732,72659.6028304886,72999.8306149459,73347.6493929117,73702.4235967332,74062.4300808341,74426.1447861125,74795.3071880409,75177.8160316737,75564.372472904,75955.3910437559,76348.993323353,76745.3906329317,76679.8131471666,76616.7833739826,76555.017533224,76495.2531431825,76435.6553576095,76377.8079633029,76320.4569654311,76263.2164591643,76206.3642147584,76150.1937309016,76095.029422328,76041.3546376849,75987.6764409814,75936.6002166417,75884.7359212084,75833.4999181698,75784.6097291515,75737.6866956055,75693.9824513039,75652.1190615617
"IT",90,55235.4619090551,58362.9030285321,59678.2743229331,60148.3330245145,60659.0563446882,61203.4518920148,61860.3307739122,62530.6461770511,63210.1854993977,63897.005535893,64598.2706949492,64712.8832223929,64842.0124547134,64989.6681138896,65161.1007654628,65348.4909661787,65552.7575420139,65777.35371527,66019.998101971,66282.9925169368,66565.8149926102,66864.2115479284,67177.2155118488,67504.8425929012,67847.6131971574,68206.2879130073,68540.7876995578,68874.6056350347,69204.5234266984,69534.312592206,69862.3202209115,70187.4947787508,70510.9014676892,70833.0354533881,71155.0467380182,71476.9545316967,71799.153114749,72121.9349967061,72447.6749927373,72775.3580540757,73106.2755826559,73440.8607292704,73779.8488059404,74121.3177620825,74465.2173422547,74812.015123524,75166.5129168243,75528.0874674292,75894.9952052169,76265.6990358386,76641.9736098904,77031.7474255563,77425.6572334822,77824.1288309513,78225.235833372,78629.1990632909,78558.7179507767,78490.8810787831,78424.3726561251,78359.9494563118,78295.7426793989,78233.360223829,78171.5065035782,78109.8004037503,78048.5155096448,77987.9483849189,77928.4359432378,77870.4722348289,77812.5269816114,77757.2723770486,77701.2219089604,77645.8267930599,77592.830463745,77541.8458642233,77494.1392084005,77448.2852210717
"IT",91,57612.81817565,60739.8536267584,62054.3270197632,62523.1152667026,63032.2515018229,63574.6952813223,64230.3281832913,64899.0862742083,65576.7708759032,66261.3959827869,66960.0536419667,67049.7025372069,67154.1250483682,67277.3198491773,67424.4895187952,67587.7598203001,67768.0696556102,67968.7572052894,68187.4507428255,68426.456438926,68685.2567379314,68959.4773106803,69248.0894598275,69551.0929061908,69868.9657740378,70202.373016473,70542.7724043923,70882.4358553043,71218.0669695443,71553.4950060393,71887.0367930498,72217.6357508892,72546.399395672,72873.7955948459,73201.0118399443,73528.0912637372,73855.4294526622,74183.3311224928,74514.2393477746,74847.1192877685,75183.2747259593,75523.1555367248,75867.536879847,76214.4370977079,76563.8061829212,76916.1192634178,77276.2376970617,77643.5520263433,78016.2945222104,78392.9125700307,78775.2210516007,79171.1822697998,79571.3580887822,79976.1868668817,80383.6865865946,80794.0887050789,80714.5720211184,80637.8139773641,80562.46166497,80489.2935124447,80416.4015676749,80345.4209163654,80275.0083150986,80204.7879185446,80135.0283789467,80066.0295547487,79998.1422797123,79931.8724022742,79865.6473055075,79802.2141070031,79737.9776280978,79674.4281492345,79613.3379113729,79554.3101891631,79498.627177524,79444.8106380409
"IT",92,60441.2165809143,63564.9908114827,64875.5393328079,65339.8793616065,65844.1080868252,66381.1256352168,67032.0765473052,67695.6887386347,68367.7767346059,69046.3006309689,69738.2638385416,69794.8437858732,69866.4543373289,69957.0776353172,70071.8563501443,70202.8484662787,70351.0125397145,70519.5486952232,70705.97647066,70912.6036112668,71138.913891693,71380.3898225764,71635.9275987928,71905.5051186408,72189.5483716459,72488.6092092517,72835.1947074585,73180.9763987721,73522.5684963898,73863.8664015361,74203.1523506181,74539.3640447817,74873.65743549,75206.4692063918,75539.0297334236,75871.4094903299,76204.0055445703,76537.1365375892,76873.3234421693,77211.5087446846,77553.0102871372,77898.2969393385,78248.1892044016,78600.6373374143,78955.5915338342,79313.5354441942,79679.3981668034,80052.585810371,80431.3029818078,80813.9792635685,81202.4751882229,81604.7913465334,82011.4042440954,82422.766390873,82836.8323988907,83253.845719566,83163.0006281238,83075.0452418968,82988.5843756157,82904.4209144572,82820.6023801244,82738.794585531,82657.6001823233,82576.6492390458,82496.2047643526,82416.5702891725,82338.112324714,82261.3499683604,82184.6626772239,82110.8821190569,82036.2903339119,81962.4216791977,81891.0808221927,81821.8600467108,81756.0594634022,81692.1411069328
"IT",93,63888.3806613768,67004.5214385102,68306.5249214824,68761.5765854364,69255.848424156,69782.1651572091,70423.1966233781,71076.2008380799,71737.0039918298,72403.4965692246,73082.5706010313,73094.4107771111,73121.5306854758,73167.8878608267,73238.5482473548,73325.4838135945,73429.6714983523,73554.1416041593,73696.2794954371,73858.3900857921,74039.9536112479,74236.2781306937,74446.1665702839,74669.5665426913,74906.8380861482,75158.3961000277,75511.4244405188,75863.5616180113,76211.3175629371,76558.664925792,76903.8456408244,77245.7908124502,77585.712912771,77924.0123229049,78261.9694232695,78599.6865346412,78937.5624335214,79275.9319482148,79617.406630818,79960.9024856931,80307.7536039033,80658.4508198604,81013.8671812119,81371.8736850565,81732.4206525669,82096.0015145303,82467.6238419536,82846.7115976678,83231.4370925644,83620.2090830941,84014.9408252006,84423.6770318429,84836.7950953634,85254.7637296734,85675.4640226612,86099.1531775421,85993.7395288151,85891.3686879305,85790.5964243906,85692.2537096221,85594.3365029924,85498.5459360585,85403.422135061,85308.6019081353,85214.3416824883,85120.9491391856,85028.8087330782,84938.4546717684,84848.2112219952,84761.0070560763,84672.9831335558,84585.7243721495,84501.0725291522,84418.6071673852,84339.6487877778,84262.590956895
"IT",94,68222.9417692486,71324.5002845154,72610.6352973222,73048.7401226918,73525.0763714194,74032.3698896744,74655.1894523044,75288.9482634946,75929.4811516603,76574.5857292607,77231.0094075646,77180.5496183671,77145.5955352873,77130.0676756945,77138.930451241,77164.0430274544,77206.3978698125,77268.8096110313,77348.4926548011,77447.7418831638,77566.0260540183,77698.4339031145,77843.6487218182,78001.5750158734,78172.4866102765,78356.6274130153,78716.2634544742,79074.8921707967,79428.898711189,79782.348280831,80133.4346668159,80481.0811875556,80826.567965671,81170.2520545958,81513.4736310586,81856.3730516373,82199.3511110915,82542.7619218357,82889.3249931796,83237.9245980703,83589.9140540788,83945.8101984289,84306.5484467767,84669.9052085145,85035.830797388,85404.8301155708,85782.0038404685,86166.7968630017,86557.3428184343,86952.0254632938,87352.8203796176,87767.8242984724,88187.2966848822,88611.7252065086,89038.9035531967,89469.1050398619,89344.3347415524,89222.7907284333,89102.9704771941,88985.737931776,88869.0278999022,88754.5830214561,88640.8694545326,88527.5318442632,88414.8187464181,88303.0426168145,88192.6088882445,88084.0693555417,87975.6832739901,87870.4930614302,87764.4739407126,87659.2701020799,87556.7666306379,87456.5280119567,87359.8984181884,87265.1912136943
"IT",95,73908.2629847514,76983.5814770924,78241.5896771146,78649.9481796374,79095.0297952755,79569.4248984312,80160.1658132798,80760.2510132304,81365.5180492503,81973.6350966784,82591.1533613067,82450.3539728546,82325.2320944075,82219.6510194232,82138.4347716679,82073.2879325214,82025.2125013317,81996.7371917202,81984.8489632504,81991.8203039313,82017.0948844348,82055.4738240516,82105.4801351522,82166.9546109847,82240.0533093162,82324.7975971222,82690.9684178941,83055.9705341267,83416.0344879803,83775.3403434204,84132.0223475767,84484.9943329336,84835.6202725443,85184.2037017996,85532.1588305116,85879.6730356499,86227.1495725618,86574.966320351,86925.9759096327,87279.0232314379,87635.4851006172,87995.9101536133,88361.3103241172,88729.3451995659,89099.9648477297,89473.6880371237,89855.7296192786,90245.5597622371,90641.2641342415,91041.1953959476,91447.405211647,91868.0535986459,92293.2549094173,92723.5196427956,93156.5340679189,93592.5909476635,93440.950758466,93292.764607343,93146.4583342892,93002.9357852312,92860.0568186053,92719.6143750331,92579.9842356493,92440.8204147757,92302.3617208252,92164.9262389181,92028.9446548415,91894.9898147511,91761.2419642857,91630.8809646501,91499.6812998542,91369.3587609997,91241.8505382104,91116.7026523449,90995.2875141836,90875.8217020883
"IT",96,81627.4774311099,84659.1033451615,85870.6306937948,86230.0769283263,86623.9586473577,87044.6757280669,87582.5745900002,88127.3807546825,88674.9257108647,89222.6932476565,89776.9607828694,89503.7238670051,89246.2564681255,89008.3343530384,88794.5827540244,88596.4888509065,88415.0553070881,88252.4191831388,88105.2549907421,87975.7943403533,87863.4354660888,87762.5890380544,87671.5566377733,87590.0844212099,87518.1632333559,87455.5142552074,87828.1403253995,88199.368354256,88565.2292383431,88930.0515774168,89291.8928727684,89649.6549009978,90004.809947756,90357.5926393438,90709.5127179639,91060.8181501585,91411.9153205449,91763.2126461915,92117.7338899688,92474.273009555,92834.2367721819,93198.2143741422,93567.315648464,93939.0497788163,94313.3662311562,94690.801263272,95076.7157361586,95470.6116743412,95870.5127494192,96274.7313232031,96685.4159358866,97110.8069280581,97540.8324699627,97976.0317588061,98413.9533916895,98854.9146269085,98665.1125909765,98479.0591966051,98295.0884862219,98114.1546892194,97934.0218644245,97756.5465510975,97579.9893517112,97404.0159697835,97228.8526335295,97054.8243530979,96882.3935365077,96712.1593258882,96542.2017907055,96375.8740851131,96208.6970138188,96042.4766192549,95879.215479837,95718.4360324652,95561.5458437566,95406.639615797
"IT",97,93526.7567764161,96471.6820999639,97591.6673597933,97855.2656143773,98149.1978583837,98465.554575284,98899.7170827567,99336.3791201629,99771.3394210712,100147.046565475,100181.863110381,99628.4929383663,99103.5030794249,98609.448323328,98149.5714416104,97714.7430902929,97304.3077360702,96920.3833860612,96558.9381812854,96219.627804268,95900.6270021362,95595.8747425851,95302.391182867,95018.0299136122,94741.1618129009,94470.5541613804,95124.7415195212,95499.7434804792,95868.7171257778,96236.2022419587,96600.1478471205,96959.4391092339,97315.7020017872,97669.0739339667,98021.1999525253,98372.4136222249,98723.1256439409,99073.787356656,99427.6632667342,99783.4749039127,100142.67052739,100505.895583055,100874.39644152,101245.470133288,101619.064554089,101995.739712729,102381.059932232,102774.570434925,103174.206833008,103578.223976297,103988.904329197,104414.598610135,104844.973999335,105280.608414224,105718.857846284,106160.072732095,105907.414972642,105658.924902171,105412.808170048,105170.087572919,104928.393796262,104689.670150144,104452.01775156,104215.11784798,103979.178844479,103744.534703524,103511.690580519,103281.280668513,103051.247643112,102825.179838668,102598.252283407,102372.393436742,102149.693823164,101929.64309029,101713.695357464,101499.780324747
"IT",98,115443.53127008,116276.169893868,116558.134960928,115894.664879784,115166.822952112,114360.932998798,113554.54703312,112628.764147588,111567.068356411,110353.418235543,108977.416624464,108451.858080112,107947.002823813,107464.441926548,107006.329568459,106562.708762019,106131.879011865,105715.200060075,105307.625769614,104907.370084069,104511.715595329,104113.601013239,103708.932633327,103294.415550935,102867.333396308,102425.422109755,103031.682882549,103675.973330109,104357.284755689,105082.089771611,105852.035305205,106669.469270674,107539.676863211,108467.71327598,109458.965285885,110445.236012864,110782.919988499,111120.020967259,111460.199260793,111802.055563621,112147.104894448,112496.083349179,112850.459100226,113207.179088762,113566.18699179,113928.079938684,114298.752375461,114677.816887632,115063.062398797,115452.647346468,115849.069044933,116260.853760293,116677.241673697,117098.870625343,117522.782358904,117949.378960815,117572.632012425,117200.752133325,116831.735567667,116466.712615574,116103.09783906,115742.971104166,115384.177074738,115026.420517708,114669.880250789,114314.903168509,113962.06045718,113612.039544545,113262.565205875,112917.592970771,112571.754471921,112227.169149465,111886.062979132,111547.872577402,111214.122032,110882.484355912
"IT",99,135326.614412876,132569.551450819,131798.229057775,130036.33970702,128162.691434182,126160.789982416,124103.637435543,122054.917605443,120132.463507023,118202.902910438,116271.774809343,115361.957978356,114461.683349661,113573.186274921,112699.140103938,112346.95946604,112046.955190534,111742.627849406,111428.002726982,111099.817735844,110754.439481059,110383.956363729,109983.217405184,109547.81184045,109073.99921323,108558.624763541,109065.165678268,109609.891115606,110191.634358114,110816.623208753,111486.39193248,112203.061747178,112971.712013706,113797.20955477,114684.446926481,115638.767028002,116666.921474506,117776.098923596,118975.999515899,120274.785070896,121684.246776412,122848.876624363,123185.788424815,123524.794922386,123865.835493046,124209.538576145,124562.082171205,124923.135618871,125290.360302605,125661.830592504,126040.227352878,126434.226196942,126832.699109068,127236.334222653,127641.902658314,128049.849981308,127557.557708752,127070.741116975,126587.216145722,126108.203913594,125630.933459992,125157.600227658,124685.829543549,124215.34568662,123746.301789895,123279.05520973,122814.232499392,122352.565337437,121891.593374575,121435.58170218,120978.702362616,120523.235736616,120071.521206773,119622.949908468,119179.103771597,118737.439805169
"IT",99.1,139512.82671482,135892.141578036,134878.136511617,132863.008385323,130724.952653983,128610.735687789,126620.605988622,124631.946195987,122639.673547555,120640.874438269,118641.026899827,117707.567831529,116782.504243136,115867.959096472,114966.472167212,114067.86016425,113171.477645251,112846.762806663,112577.24569094,112289.514800992,111979.744678596,111639.862836383,111264.507546597,110849.012303388,110389.428159582,109882.415586891,110364.311802236,110884.341429102,111441.290066152,112041.325042088,112685.937730197,113377.182307979,114120.082591286,114919.438508181,115780.004159734,116707.02334178,117707.139729213,118787.416257704,119957.341964865,121224.916742998,122601.718736969,124100.264490505,125637.952794659,125975.676924607,126315.40391819,126657.770040904,127009.021304254,127368.841270847,127734.861583718,128105.137140654,128482.393377791,128875.34252151,129272.769031555,129675.373752528,130079.863283034,130486.694104482,129971.624120098,129462.171448658,128956.109024874,128454.680587934,127955.070616325,127459.503219709,126965.550598426,126472.942091404,125981.824820404,125492.559006957,125005.785227659,124522.246587011,124039.437210232,123561.699652962,123083.091783277,122605.934291681,122132.595379842,121662.45523617,121197.110907134,120733.965127797
"IT",99.2,145221.018943636,140314.601503657,138903.116537158,136638.459499669,134405.689624115,132196.676113187,130105.230888209,128016.218788784,125924.470857985,123827.035498292,121729.2639906,120759.128378083,119795.349332716,118839.895352932,117895.105624324,116950.637212462,116005.681747557,115060.332647026,114109.010918258,113714.830654378,113451.064061742,113149.110846148,112803.30530835,112408.649508707,111960.885648271,111456.429740789,111905.014349245,112391.682809087,112915.169990914,113481.547456407,114092.26296081,114749.292923018,115457.567592039,116221.810467294,117046.607368704,117937.059505678,118899.678938098,119941.3619614,121071.338685168,122297.390395016,123630.83522474,125083.86843934,126670.722726885,128406.737786748,129265.968100501,129603.055903796,129949.045649533,130303.637142764,130664.42547644,131029.441453599,131401.463071667,131789.245316164,132181.467167664,132578.843861462,132978.004473747,133379.417928426,132831.141332171,132288.656469448,131749.684625529,131215.495533544,130683.220534768,130155.11682179,129628.693782691,129103.686336595,128580.234245114,128058.7007183,127539.74217455,127024.114374661,126509.258444562,125999.605534126,125489.081961374,124980.054475971,124474.923725837,123973.056873242,123476.067504161,122981.29653995
"IT",99.3,153243.850576142,145745.828031932,144182.605503826,141768.026867436,139386.941032378,137031.104487896,134794.736087018,132562.224005662,130328.257706909,128089.794586576,125852.0424148,124828.445800729,123807.611247783,122791.277659036,121781.483641773,120767.613137129,119748.662770819,118724.398663266,117688.913726688,116641.639205977,115580.127182772,114987.140459376,114682.202652931,114314.13354175,113878.254269504,113370.645029063,113772.720415076,114212.850012844,114689.708213732,115209.235118717,115772.807639216,116382.310420767,117042.538602483,117758.126616603,118533.417395847,119373.336674478,120284.225206894,121272.743737897,122347.774201496,123516.836896339,124790.879230909,126181.690219987,127702.967265119,129369.62185901,131200.841874961,133220.049010986,133590.286214972,133933.138320842,134282.128856315,134635.257801413,134995.366856944,135371.262234923,135751.491833331,136136.787471244,136523.68221491,136912.659452223,136315.052292939,135723.458856882,135135.536491448,134552.585458558,133971.671855224,133395.091935623,132820.278727516,132246.973359431,131675.306284118,131105.643775017,130538.660455305,129975.126254324,129412.419046718,128855.073412443,128296.8606565,127740.201238316,127187.53292748,126638.206931408,126093.855039672,125551.746389894
"IT",99.4,164003.988841245,152682.842719373,150921.59780211,148311.645040913,145737.471581928,143190.676850433,140765.736025452,138346.624849122,135927.820115691,133506.136517064,131086.545201085,129999.921846342,128910.274726626,127819.011967155,126727.763521132,125625.554975841,124511.067330775,123383.642358896,122236.940160208,121069.97988642,119880.033608169,118658.408294563,117400.491927817,116559.902773967,116150.592482704,115646.618284824,115985.309500235,116362.035659626,116775.385047875,117231.130110527,117730.56850403,118275.420140202,118870.328848534,119519.795202681,120227.840682629,120999.14764971,121839.81421624,122756.210873713,123756.739565548,124848.557278519,126042.147492916,127348.719155834,128781.283648216,130354.174382564,132085.725784883,133998.34160315,136142.130234152,138369.633919583,138756.141769682,139089.9283397,139430.614934218,139787.069759882,140147.677893022,140513.190639866,140880.022091953,141248.672748998,140582.892907318,139923.407003853,139267.793179537,138617.388098857,137969.177493739,137325.504382884,136683.708397621,136043.537758942,135405.111218066,134768.798297076,134135.294963806,133505.387412451,132876.3771863,132252.921634168,131628.606759005,131005.916715531,130387.332645606,129772.186138103,129162.129583079,128554.34725982
"IT",99.5,177806.010827307,161381.383113767,159540.041767321,156855.093168535,154206.303986705,151580.635954128,149081.690143098,146579.886869891,144068.335848053,141541.931275673,139004.10448758,137357.711884316,135719.391212338,134091.005731389,132746.879507372,131550.185517121,130330.635239591,129087.037475753,127812.477049137,126505.453125719,125162.856934942,123775.413285352,122338.011509351,120847.242598637,119299.915352741,118271.263507581,118525.329915981,118817.387853229,119145.939276175,119516.491200427,119930.244760675,120388.708072573,120896.298210271,121457.332454615,122075.400841661,122754.839718003,123501.442616437,124321.154720962,125221.736714065,126209.852565199,127295.323344904,128488.638165821,129801.820685188,131248.411104037,132845.631136321,134614.465793733,136794.639987043,139063.75898389,141419.355181624,143858.207269347,144911.379935246,145241.004896472,145574.52968915,145912.729124464,146251.869986045,146592.473484912,145838.160006979,145090.49041777,144346.944803706,143608.904064042,142873.254711275,142142.396704389,141413.554756228,140686.485516486,139961.293150907,139238.350883114,138518.380397159,137802.187268147,137086.979730596,136377.563974809,135667.300550244,134958.750799244,134254.448024837,133553.699614689,132858.182318567,132164.977748214
"IT",99.6,200635.341982748,176363.095391878,174456.77273524,171646.864216176,168822.989640051,165979.836024148,163230.813238825,160448.230091935,157629.058673641,154771.271588733,151880.6499399,149885.682424714,147893.831131787,145906.301695779,143924.146682349,141935.490119919,139939.064772247,137932.528668284,136188.244815293,134661.41569605,133073.68286312,131414.85611013,129678.96167991,127861.884116306,125959.707345661,123968.173903248,123970.664680596,123972.90822269,123969.319065526,123963.861849916,123953.760824626,123937.166315392,123915.455074681,123888.140772835,124265.850002134,124796.079255203,125390.173143407,126053.405134485,126792.532271653,127613.426314887,128524.89174873,129536.258405296,130658.040161067,131902.550880123,133285.264844439,134824.992518627,137060.435300618,139392.624487628,141818.808074562,144335.3829671,146941.814200275,149543.00731883,152229.498354084,153562.516874599,153844.151429026,154126.546022914,153219.276968087,152319.173889606,151423.575896681,150533.922337991,149646.958744906,148765.161035301,147885.593056627,147008.021396965,146132.528635171,145259.491331163,144389.663753575,143523.874663831,142659.205500891,141800.656966881,140941.289922912,140083.766363045,139230.685083136,138381.319207785,137537.373421576,136695.796510823
"IT",99.7,233784.949221777,197686.997979743,195281.702294905,192008.115586439,188752.054278993,185507.82901804,182520.775484998,179441.798996393,176275.318768329,173025.368689226,169702.413215266,167246.380057532,164784.694593572,162317.512603571,159844.539452213,157352.613151198,154839.461133513,152301.11124855,149728.453888093,147119.385359195,144469.624547004,141767.150416623,139632.44214337,137404.99391366,135043.688179428,132543.299141405,132515.05946568,132486.56361057,132451.818323985,132414.755148419,132372.388694314,132322.71628232,132267.115070006,132204.935921902,132137.092975821,132063.597024845,131984.497726203,131899.883509167,131812.949362687,131721.894669141,131627.896812408,131531.389158706,131433.568944705,131543.571378347,132591.063600025,133772.179934415,136096.558477465,138529.601956287,141068.094188417,143707.844252661,146447.294582133,149175.500685024,151998.144794576,154912.189346414,157916.74519085,161008.269674736,162809.433383023,162371.382045505,161252.76691843,160140.71755193,159031.782562366,157928.542021423,156827.836038903,155729.444284555,154633.418847417,153540.140192655,152450.406549062,151365.077355673,150281.059221045,149203.617868957,148125.403678579,147049.215687675,145977.740785192,144910.204287731,143848.347277219,142788.938139455
"IT",99.8,331082.67540824,259245.78826884,255204.778470966,250175.214320023,245041.695075594,239792.185757884,234568.259147939,229377.005157619,224780.227718632,220144.498796908,215469.64404016,212323.938163978,208942.502184095,205347.285774122,201556.132952996,197571.589974927,193406.084485169,189192.003019112,185113.971080474,180925.582953108,176618.355548612,172174.55336453,167582.058272322,162831.47061761,157913.003294952,152815.608577432,152516.459558512,152216.783664522,151910.236454375,151747.001368376,151609.245404863,151460.999809439,151303.565438077,151135.832740024,150958.472852317,150771.410833313,150574.525007917,150367.781168407,150154.542527858,149932.764699892,149703.566422529,149467.396147854,149225.561702936,148974.400309203,148713.589845951,148443.494871135,147923.891448261,147401.005649492,146872.47247321,146336.195360808,145794.895295827,145240.520958463,146206.417121089,149566.178805855,153034.601806093,156605.39654859,159481.539350201,162233.489707537,164861.078952233,167365.096156877,169745.109351575,172002.947119396,174139.431810084,173317.19631837,171533.866101807,169754.017520925,167978.519137462,166208.268111777,164439.820354069,162678.9146394,160917.428422868,159158.403608067,157404.663056654,155655.325778452,153912.166799712,152171.643196394
"IT",99.9,399555.903702962,299659.211874417,295341.691539122,289959.42731455,284394.698086144,278633.700618319,272828.327311802,266806.326474754,260562.795033066,254093.154823903,247400.790880601,242193.314575357,236908.567927887,233113.627003318,229018.286788648,224581.477892994,219827.044354965,214770.88343778,209421.31708265,203793.477178412,197898.902643128,192306.95849969,186648.233440853,180750.367178239,174599.675145696,168181.064063594,167747.215447727,167312.923254224,166871.216428927,166427.515639433,165978.672945498,165522.994835148,165062.928075577,164597.677202994,164129.096538708,163657.838480495,163184.192549761,162708.65480504,162402.856949753,162123.666223752,161833.15601621,161531.752434384,161220.834539003,160896.51404577,160558.443469215,160206.983916629,159576.11250129,158938.691983098,158292.301969755,157634.82027341,156969.139891395,156284.073681197,155589.174425541,154884.980685295,154168.395413462,153439.714724885,153204.12847702,156952.236183323,160517.156643814,163900.13554961,167102.011793264,170125.128050503,172971.705082447,175642.770519775,178139.771745962,180463.557590005,179282.216303607,177031.825867088,174783.588269558,172543.589283488,170303.142458444,168065.467980498,165833.490067825,163606.251344826,161385.554094643,159167.626225139
"IT",99.91,418919.8518467,310307.754317971,305962.166807679,300525.394523212,294878.961422745,289008.536728318,283068.545565579,276884.3835889,270451.056607338,263764.044177582,256826.735419543,251321.563215981,245728.461247499,240189.481355824,236028.21971896,231475.600277006,226559.379181857,221298.578049164,215704.242408003,209793.94477821,203581.524464573,197169.423548024,191189.372625266,184942.372216257,178413.498767967,171586.434141843,171109.547286385,170632.145322079,170147.125105409,169659.923264818,169167.338587915,168667.633125182,168163.268384078,167653.408943242,167139.900576277,166623.394789133,166104.166939597,165582.717890186,165063.478549221,164609.507185998,164293.580919411,163965.50410191,163626.669653815,163273.149755563,162904.579512204,162521.343044401,161852.207001531,161175.488894722,160488.781547704,159789.950947178,159081.931314892,158352.915471224,157613.136880937,156863.152257699,156099.852061755,155323.547904742,154081.268917951,155710.610169171,159487.590090316,163064.538492366,166442.66366893,169624.550624112,172612.830237615,175408.809559188,178014.231297212,180430.220486518,180728.742754187,178333.843469121,175941.181075347,173556.873866664,171172.168880705,168790.302418054,166414.200974008,164042.892892794,161678.17247787,159316.249791143
"IT",99.92,440087.504913489,321567.322423335,317229.54662621,311769.715103891,306068.438473363,300110.826783637,294053.776113611,287720.400782275,281105.617995284,274204.889933534,267021.65013747,261201.637882025,255281.498414898,249258.078567214,243508.315730595,238856.156898946,233787.087675298,228323.848172254,222480.710254858,216278.148205008,209732.696753877,202847.354288334,196085.934800419,189471.118020468,182541.266049811,175278.657976159,174755.536370476,174231.839662198,173700.306910843,173166.396847383,172626.832891487,172079.836050974,171527.88848097,170970.097493775,170408.304774054,169843.162082862,169274.934659492,168704.103115955,168135.145017393,167566.043145587,166998.260355006,166596.60639884,166228.931655991,165845.11989487,165444.79182684,165028.343208917,164318.819589078,163600.548464518,162871.110620821,162128.375713158,161375.33165132,160599.456644408,159811.75716086,159012.81614499,158199.502289502,157372.146985807,156050.470717268,154713.982141862,158265.241615541,162065.716957002,165647.20087104,169012.526307885,172164.827066539,175105.714849306,177837.281757241,180360.987232457,182314.625681132,179761.779916951,177211.262964682,174669.228841784,172126.851633343,169587.385345962,167053.759033762,164524.985411325,162002.850100511,159483.543531101
"IT",99.93,471379.985421022,337483.090469059,333229.694064754,327804.805169127,322087.546618741,316062.08364232,309888.639849231,303387.313831946,296552.872325635,289380.810262069,281874.65217309,275608.274240381,269222.707392795,262714.009515112,256076.240010217,249455.448405903,244204.764347082,238481.319990074,232304.575461668,225699.803532086,218687.829479291,211275.07183172,203472.627572724,196038.082421513,188537.138224151,180649.461255306,180059.328332257,179468.534102646,178869.592860094,178267.9840315,177660.320235698,177044.759215098,176423.818594402,175796.510044471,175164.658439362,174528.923922406,173889.550629205,173246.99186414,172605.8001964,171963.883881456,171322.700494855,170683.06109689,170046.876770753,169566.487347829,169121.75580789,168658.630234291,167891.787726456,167114.35346086,166323.927240581,165518.379675171,164700.749730733,163857.477244203,163000.735089063,162131.121710958,161245.507968748,160344.231108177,158907.358239808,157452.667334379,156301.606270409,160451.028712157,164350.056505437,168001.984211061,171410.692837131,174578.3017337,177507.484598288,180200.196252162,182660.235307111,181818.926018568,179034.782759071,176259.308568042,173483.572526841,170710.853767976,167944.084321286,165182.254019724,162427.135171188,159674.890619324
"IT",99.94,510723.431191084,356259.764786455,352236.817657036,346973.834763429,341347.729005574,335341.532965981,329118.8576894,322496.756129589,315469.754001962,308033.413414524,300191.408459673,293397.532199863,286458.70103747,279370.054355881,272124.423820744,264701.66323458,257096.071516134,250886.884882598,244350.629899819,237292.663827229,229739.911398259,221703.687630404,213199.60119249,204244.778288577,195929.243705093,187289.98142821,186618.143566746,185945.537481253,185264.413300527,184580.266005629,183889.576908116,183190.395347121,182485.286208555,181773.137181275,181055.761729908,180333.807518658,179607.486451414,178877.226692262,178147.658172807,177416.601367004,176685.503445002,175955.166504175,175227.537948676,174498.235535566,173767.083157769,173133.797409827,172299.346493335,171451.827242855,170588.85289667,169708.285074915,168813.268832087,167888.874868305,166948.80324125,165993.668765432,165020.327631048,164029.159512925,162451.746910462,160852.445515327,159228.907801343,158163.831029501,162494.493159234,166536.612432567,170295.006915605,173772.600614192,176972.756271406,179898.188839272,182553.504307,184388.938543735,181310.97982526,178241.923580431,175172.707738094,172106.642701263,169046.663995078,165991.732752116,162943.60439461,159898.407520532
"IT",99.95,554721.459306482,375630.172949234,372029.522861995,367103.716180432,361726.974923594,355880.825770985,349731.871105733,343094.61514481,335963.268350589,328333.544124073,320209.297573753,312870.728206255,305356.073368624,297659.453501181,289772.324749591,281673.245682439,273355.674201845,264804.392613002,257430.419841397,249936.019124512,241840.058115158,233160.068009505,223917.42212864,214134.5775338,204019.689204071,194586.602998818,193826.887953051,193066.331624248,192296.85434625,191523.963543286,190743.988647213,189954.877093232,189159.211622289,188355.741545306,187546.255308566,186731.397205441,185911.319921069,185086.432373235,184261.432557608,183434.056429442,182605.721267274,181777.221841308,180950.538037202,180121.147508856,179288.82885611,178454.161806048,177207.143386355,176216.886451533,175278.479493763,174319.526458983,173343.259192196,172333.172322468,171304.728781065,170258.595574292,169191.613791199,168104.190867873,166375.636300308,164620.272166694,162835.763939349,161023.721829074,160107.549639585,164627.700314505,168815.566330709,172674.956014335,176210.199549858,179424.940435658,182324.688441704,184914.517495526,183874.644505261,180477.364300965,177080.038719949,173686.013488029,170298.228310535,166915.612148927,163539.901703437,160167.186791894
"IT",99.96,622165.509843057,401985.545954369,399368.317848629,395278.168560673,390584.363333981,385266.008744794,379492.270860403,373075.8561447,366010.25044001,358291.439790643,349923.77817266,341840.914556399,333529.470111473,324981.933736201,316187.707284346,307123.374548473,297781.039276063,288143.025680028,278188.543226847,268626.12597166,259820.300656865,250259.716891437,239975.96516676,229000.957149417,217362.194356072,205457.40856373,204569.732146205,203681.149958271,202783.08333349,201881.011301156,200971.06047055,200050.949018133,199123.297041741,198186.671915055,197242.763776083,196292.191770406,195335.039351638,194371.67044969,193406.856445356,192438.203218822,191467.101597777,190494.30722475,189521.834717921,188544.9690007,187563.42777314,186577.763178472,185022.272610307,183603.5596528,182312.966691093,181180.007167289,180089.236851266,178957.330487107,177802.574629731,176625.698660222,175423.55637108,174196.618211123,172247.643685841,170263.544500025,168242.023368068,166184.866665758,164089.314084599,161958.237377466,166112.130761877,170621.707795312,174729.187554419,178439.746022787,181760.599343408,184698.493965775,187260.349204725,183831.496289805,179930.855415816,176033.74323591,172143.104785572,168257.820010549,164379.596271649,160504.465859006
"IT",99.97,732104.973793044,436289.367502939,436148.891645028,434249.460975832,431450.616717185,427726.980029833,423247.015442251,417825.271471159,411454.026928566,404129.807160612,395858.088835703,386799.002566866,377413.390890274,367691.019186988,357617.890821688,347167.478216929,336329.635809197,325082.749441432,313402.45913049,301278.355810521,288698.568163004,276973.968774003,265231.852423144,252516.216254852,238871.487362853,224334.88347841,222956.886015503,221585.710737346,220211.214969675,218839.206807887,217464.597871158,216084.381371583,214724.476309682,213588.827191003,212443.718583192,211289.704454897,210126.72789703,208955.015747658,207779.493743575,206597.495603611,205410.330375913,204218.724019727,203024.747171382,201823.333825365,200614.1234757,199397.604599082,197325.818832452,195422.777489383,193677.679116994,192080.34148843,190626.388908853,189282.294752237,187984.661863649,186617.856559275,185217.608162133,183784.484689728,181506.158899718,179177.104112102,176795.17807253,174362.488287566,171876.446246042,169340.257648463,166751.825107124,166313.01866927,171508.994987427,176167.473170125,180298.909235019,183913.241223394,187021.005164671,189205.608058254,184484.057765056,179766.407243392,175055.608829942,170350.462955686,165652.628330831,160958.045939831
"IT",99.98,931479.116892262,528571.642563161,524022.642523431,518291.200617339,512246.725814511,505854.91146886,499329.354818241,492401.818732083,485045.666611389,477810.579869497,471274.149376042,461197.604534179,450577.788349418,439399.392770642,427642.350170576,415274.445737567,402281.408849164,388634.91435881,374304.28412819,359274.664817274,343530.801477075,327039.469758183,309779.106032018,292969.982419678,276229.180543593,258047.734163646,256115.301319463,254203.940647167,252301.147293095,250412.127359847,248530.209445751,246651.10670217,244776.458799716,242902.176457519,241028.942742826,239155.881668573,237281.200898561,235403.608329058,233527.432027636,231648.054975492,229765.355206263,227878.748270494,226127.667876256,224569.898358413,222997.800111825,221411.761658043,218360.876163641,215546.917327292,212954.603236741,210569.382768414,208382.847297081,206347.813722406,204483.10432464,202778.520358127,201220.569441003,199799.166713663,197411.128987791,194545.992921759,191593.804726557,188557.367499878,185434.567393409,182229.395309866,178940.234535639,175568.344112511,172115.190309583,169952.586858086,175953.48644511,181146.398777849,185550.04120185,189180.14331518,192057.159896101,186413.878333425,180215.125574061,174022.564571877,167837.764745689,161656.504683109
"IT",99.99,1126928.39335125,609123.312092383,604375.583132079,598368.001070403,591960.436918041,585109.71363447,578037.760649447,570454.639232219,562324.498608361,553606.32096514,544260.68165258,530349.338605202,515911.686100025,502523.366987317,489911.579449082,476411.154408882,462003.393241774,446653.885525021,430326.065269849,413000.67050531,394659.269995044,375263.490622892,354788.131354194,333216.640031322,310817.610327881,289623.142437393,287149.49216795,284715.294065246,282305.487682155,279924.246867924,277563.066461137,275216.115202227,272884.020050746,270561.092717134,268246.825272404,265939.345450599,263635.656394585,261333.441736762,259036.487466067,256738.939891244,254439.781365288,252137.643074926,249833.11203686,247517.538497832,245188.482200963,242844.613518341,238262.579457938,233691.883177782,230221.228500311,227046.353006065,224134.772504397,221423.87398647,218938.2064721,216663.091061215,214580.812020709,212677.021043278,210301.098477906,207750.339975381,205024.826691293,201716.026714342,198058.451139037,194279.758140592,190379.036789387,186358.407916914,182220.181198621,177966.949294525,173602.043364462,176783.49703778,182839.62724341,187795.786159073,191683.012105328,192832.464401943,185174.563886213,177523.381500167,169880.398271859,162241.236154903
"IT",99.991,1184986.39940078,631091.028239387,626378.383683209,620383.423839413,613962.506748279,607069.767115704,599927.812226649,592241.788944651,583972.56588478,575076.26149719,565509.87313563,551243.345942698,536395.362646662,520947.572408111,507192.243620291,493497.760665923,478802.683337518,463071.090599529,446264.468693424,428362.260526178,409345.279290261,389173.642612925,367821.088920053,345270.580321956,321504.607474826,298719.864405691,296085.891182518,293497.664528235,290939.326115851,288414.661803362,285914.564693884,283432.664633012,280969.257099806,278518.095631376,276078.287045464,273647.594331764,271222.602970591,268800.677548596,266385.349210607,263970.378533958,261554.44341031,259135.936537592,256715.204263862,254283.23892626,251837.305654617,249375.920129415,244621.199974482,239877.19421628,235141.402840675,231625.94362569,228497.763332348,225586.497585833,222918.441677306,220477.438071553,218244.443391866,216203.673819094,213813.652774846,211229.9882134,208453.054514054,205478.727275064,201679.185353501,197745.644108231,193677.474991288,189477.065957237,185147.016031918,180690.212967298,176110.30085649,175181.075732715,181799.585342112,187210.514814794,191448.479858072,194541.62872179,186623.057960031,178538.471371804,170462.21326909,162389.859720958
"IT",99.992,1253731.16811345,655941.491575091,651326.461590432,645402.435867973,639021.743702739,632135.113611827,624965.213298896,617211.682655192,608831.718258764,599777.767789601,590002.497138441,575379.36515952,560106.161036269,544162.941061195,527523.255908411,513094.865917009,498138.602229949,482027.839185816,464722.262092714,446199.582724171,426439.651188168,405400.880072102,383055.98276714,359387.214609222,334376.66066092,309326.562260273,306503.024315098,303733.201772086,301000.241189978,298307.402527784,295644.87732774,293005.61308963,290389.435274454,287789.45236755,285204.246761244,282631.105210549,280066.15724117,277506.274029151,274954.736662947,272404.782812568,269854.739845151,267302.633468898,264748.572765875,262183.020598387,259603.020265825,257006.770388188,252053.206544684,247109.45751343,242172.989435783,237242.065904521,233479.864037219,230331.542779719,227448.732545641,224813.438792373,222404.964134084,220205.762874125,217817.101375988,215211.251968327,212389.112821683,209356.074501719,205893.5060609,201785.892144684,197527.908583493,193122.334268534,188572.117579358,183880.532607804,179051.591806567,174089.183559559,180429.410996589,186415.218033042,191098.811149231,194511.968745235,188329.617579369,179731.80753574,171142.478842533,162557.15346124
"IT",99.993,1332020.44507633,682709.335713043,678279.319382448,672510.37892291,666249.728417843,659443.949885425,652314.688344119,644556.426959974,636121.723747847,626958.654093893,617015.071668929,602070.427675385,586393.213216322,569961.635874639,552747.191223489,534709.133898449,519427.757818588,502982.477911153,485198.612613099,466052.137903194,445521.620082821,423563.847333059,400150.255092931,375262.43405455,348882.076477159,321193.824702456,318154.797668494,315179.220900915,312249.059466709,309366.932274579,306522.170888682,303706.889485202,300920.37713607,298154.912200055,295408.455280425,292677.733607717,289958.265195322,287246.369261756,284544.956603166,281846.685852435,279149.400968431,276450.74029976,273750.481730324,271038.542839026,268311.576266477,265567.44948637,260394.922220367,255230.830398938,250072.77979023,244919.033824335,239775.140482332,235497.265962566,232371.464663318,229517.687225836,226913.269196929,224538.568674183,222175.473828835,219566.822572069,216714.122634238,213623.316138973,210295.519346091,206309.47086176,201846.676236107,197217.804257864,192426.256303735,187475.721835058,182370.703468637,177115.547310353,178682.101630829,185371.981833824,190604.433404116,194415.634500976,190273.929734322,181091.644434523,171918.014599306,162748.500549092
"IT",99.994,1432439.03261867,714653.500847291,710576.053259172,705121.485152672,699130.05673874,692543.20983858,685578.90046623,677926.550034328,669532.689009028,660339.346671505,650287.959304044,635062.46246113,618991.671402201,602051.569947594,584210.774612716,565426.180209041,545676.742027452,528866.891295918,510609.307017956,490791.090701758,469389.466625972,446359.012593218,421669.727688522,395302.498660922,367238.606592342,337457.506019344,333555.741626816,329636.062358461,326342.568931581,323221.125226875,320146.80529893,317110.743537902,314111.325720035,311139.792859652,308193.200944881,305267.457642254,302357.306982018,299458.262144139,296572.714288679,293692.497987778,290814.874428996,287936.861848712,285057.798896463,282166.858367532,279260.173989466,276335.184010801,270893.381323717,265457.861295652,260026.269517151,254597.05511566,249176.02653222,243746.634248924,238326.052658834,235180.132748263,232330.563227848,229738.484599164,227445.122898031,224867.366021364,222007.524385587,218872.385063649,215463.854211467,211790.005404663,207271.200101161,202371.666387428,197284.792265057,192014.876589987,186567.073784418,180946.378632482,176160.309789623,183827.219580312,189825.147696408,194196.376856012,192746.22824309,182814.15258828,172890.955050607,162972.017448392
"IT",99.995,1562401.40257237,761547.417921109,753609.979760608,744291.092889901,738274.904088448,732163.367925314,725601.065160906,718272.966259396,710117.252853463,701068.081248281,691057.765866722,675688.42968493,659316.538662975,641915.216411995,623449.308694998,603872.481030309,583161.312135176,561269.683789363,542076.426661672,521603.53004136,499270.422727942,475029.168095444,448847.944501556,420706.943950109,390587.265955836,358468.416840031,354265.532895194,350042.780786154,345786.079721308,341505.652541763,337241.306425653,333927.750678706,330662.202767371,327434.339933169,324239.931442225,321073.755259878,317929.39293451,314801.298827822,311691.012853128,308589.281208995,305492.470182914,302396.792621563,299300.915510644,296193.003165666,293068.499378043,289924.191267845,284153.233316468,278385.018815793,272617.352573072,266848.835881139,261085.65619352,255308.376079171,249537.73843786,243776.262958736,238738.978147952,235878.530492167,233737.290989842,231257.279739141,228441.934893914,225299.279709386,221832.35085832,218050.417562688,213957.14600513,208885.52339731,203440.375425845,197778.603411956,191906.285113069,185829.296471278,179549.507989914,181482.257102926,188574.793264071,193754.637238621,195925.696040089,185023.137042841,174129.74368804,163240.796722162
"IT",99.996,1740663.78252218,827255.581588318,819088.950305664,809477.75095896,799275.619006005,788426.51781161,777222.109170523,768400.674914232,760912.016994037,752396.731986122,742774.049164145,727610.925879381,711208.621547208,693535.884724376,674552.955037119,654209.054992998,632477.143497807,609306.308530188,584645.300536338,561658.787333078,538407.76764326,512831.414434434,484895.86267459,454580.632767678,421866.985538342,386735.266231347,382139.487701084,377520.877462759,372864.205945729,368180.029385172,363462.297686485,358708.938583846,353926.460722917,349111.957242393,345337.97264635,341863.942987276,338421.447054733,335003.299058886,331609.667304181,328229.709074787,324858.387778252,321490.681180806,318124.178464636,314745.656931377,311349.486905415,307931.46822569,301744.504032648,295554.078588415,289358.287552795,283155.919127866,276953.750617419,270728.017077279,264504.877951291,258287.166690096,252071.731480918,245861.404540422,241404.170387975,239164.189647117,236508.549684221,233447.020794299,229984.515268341,226132.100850647,221895.257270952,217282.26452232,211645.349253081,205485.488285633,199065.912504571,192393.8616789,185472.483479925,178313.424640157,186420.105154084,192862.672855624,197030.513023014,188021.999189924,175797.686502644,163578.075788648
"IT",99.997,2008649.50994858,918073.731948526,909946.288130021,900280.816628382,889918.407956131,878791.954495303,867199.741944367,854741.617927538,841359.741403934,826987.220906875,811554.410277044,797395.544448673,781780.116383173,764486.372883307,745467.354689214,724665.782524423,702049.328658811,677560.059738169,651139.906116267,622755.507742416,593226.546244534,566352.415030918,536415.45195657,503395.0836994,467273.779028666,428034.480039817,422891.947958593,417721.571191366,412506.291178,407257.222346736,401967.488151371,396634.632992997,391265.698386813,385857.157885512,380414.611436671,374941.319308131,369438.160851018,363907.185839805,359782.320445939,356039.837406054,352312.760067872,348593.885748002,344878.969232508,341152.438977961,337406.859461216,333636.401063675,326901.153916169,320150.261965685,313382.208889677,306596.241918533,299800.039272312,292962.712054618,286119.34660332,279273.348298843,272421.910279671,265568.377555561,259146.861431643,252571.619876036,246994.36135427,244253.847596473,240981.854171598,237192.642523854,232894.849474071,228099.889285936,222819.203070805,216649.267379778,209483.245585639,201983.676660032,194155.918905013,186014.089768383,182233.363958441,190907.955315044,196605.598819525,192477.320052993,178251.94500139,164031.655869653
"IT",99.998,2524085.41744267,1065865.24945404,1059109.58388667,1050640.91634285,1041270.09426223,1030906.77153853,1019839.52137814,1007640.41288223,994224.771298641,979499.995193432,963367.214058215,939467.743607112,914166.207636551,887422.958245299,861912.990577343,842580.21477565,820456.932120545,795473.630945962,767559.329836824,736670.24314711,702772.151852668,665798.208281707,626498.304208828,590176.658653244,549161.405877258,503444.917523442,497398.684627752,491313.095327905,485167.746092445,478973.990191595,472723.590554663,466413.143230079,460050.284424219,453630.468372241,447159.513848149,440641.162677755,434076.237506414,427466.967566545,420825.817855087,414148.815365837,407439.242096904,400700.18182649,393938.057422479,387143.222362358,382732.983318723,378483.794756155,370953.988372761,363375.208779288,355747.155812592,348070.009455586,340353.290623582,332550.358733891,324716.397232248,316855.983611548,308967.262673051,301054.756993424,293661.604352733,286020.591837259,278132.115020038,270003.452283343,261634.74863098,254818.516282515,250924.585062269,246253.842700007,240825.031216288,234657.193593484,227770.793067875,219501.493395648,210125.481493144,200259.408824315,189909.442812766,185128.573372409,194622.173145465,199674.842527595,182799.304376525,164730.114611584
"IT",99.999,41122017.0380864,6270582.68809743,6230748.87137769,6184266.31694848,6131500.97931437,6071872.26506842,6006660.74762548,5933735.36773692,5852534.81321023,5762445.42793251,5662752.01483917,5517220.81473276,5361726.02580766,5195996.47844277,5019679.00922864,4832427.35516278,4634036.10221668,4424064.19151937,4202129.99536807,3968017.37672432,3958474.78991859,3967476.67536182,3905190.55570341,3771824.28238843,3567772.85020685,3338842.2214747,3314232.46889628,3286530.47176211,3255648.36418414,3221662.92294561,3184591.37052093,3144481.25723587,3101459.08042605,3055583.45709675,3006978.98346552,2955783.78881736,2902120.73796012,2846125.67977346,2788000.53195741,2727852.32818017,2665831.09240867,2602090.47021329,2536806.63958758,2470057.28973164,2401979.85426391,2332720.87158044,2260129.48878858,2187970.8167824,2116244.64319355,2044959.24637774,1979343.98834315,1938892.40329601,1891402.1003424,1837509.96626272,1777813.80166432,1712926.67753416,1657277.87308399,1598348.23616226,1536190.22729765,1470894.68526973,1402515.01494327,1331145.54420399,1275820.00189626,1244946.49603023,1202724.41455665,1149484.47274899,1085567.09161093,1011307.23721873,927019.079095393,852146.779563783,761780.529203957,656288.716643433,536213.592199668,424012.388156105,293973.087477253,166580.610028853
