"country","gpercentile","wealth_2025","wealth_2030","wealth_2035","wealth_2050","wealth_2080","wealth_2100"
"World",1,-6248.03119580349,-4493.2395712239,-1765.17002055599,20274.8850620174,77926.6755603668,115912.712552426
"World",2,-6248.03119580349,-4493.2395712239,-1765.17002055599,20274.8850620174,77926.6755603668,115912.712552426
"World",3,-6248.03119580349,-4493.2395712239,-1765.17002055599,20274.8850620174,77926.6755603668,115912.712552426
"World",4,-6248.03119580349,-4493.2395712239,-1765.17002055599,20274.8850620174,77926.6755603668,115912.712552426
"World",5,-6248.03119580349,-4493.2395712239,-1765.17002055599,20274.8850620174,77926.6755603668,115912.712552426
"World",6,-6248.03119580349,-4493.2395712239,-1765.17002055599,20274.8850620174,77926.6755603668,115912.712552426
"World",7,-6248.03119580349,-4493.2395712239,-1765.17002055599,20274.8850620174,77926.6755603668,115912.712552426
"World",8,-6248.03119580349,-4493.2395712239,-1765.17002055599,20274.8850620174,77926.6755603668,115912.712552426
"World",9,-6248.03119580349,-4493.2395712239,-1765.17002055599,20274.8850620174,77926.6755603668,115912.712552426
"World",10,-6248.03119580349,-4493.2395712239,-1765.17002055599,20274.8850620174,77926.6755603668,115912.712552426
"World",11,4547.57310671492,6421.4337469968,10174.643112215,42501.5547924223,112547.262835247,148260.415825615
"World",12,4547.57310671492,6421.4337469968,10174.643112215,42501.5547924223,112547.262835247,148260.415825615
"World",13,4547.57310671492,6421.4337469968,10174.643112215,42501.5547924223,112547.262835247,148260.415825615
"World",14,4547.57310671492,6421.4337469968,10174.643112215,42501.5547924223,112547.262835247,148260.415825615
"World",15,4547.57310671492,6421.4337469968,10174.643112215,42501.5547924223,112547.262835247,148260.415825615
"World",16,4547.57310671492,6421.4337469968,10174.643112215,42501.5547924223,112547.262835247,148260.415825615
"World",17,4547.57310671492,6421.4337469968,10174.643112215,42501.5547924223,112547.262835247,148260.415825615
"World",18,4547.57310671492,6421.4337469968,10174.643112215,42501.5547924223,112547.262835247,148260.415825615
"World",19,4547.57310671492,6421.4337469968,10174.643112215,42501.5547924223,112547.262835247,148260.415825615
"World",20,4547.57310671492,6421.4337469968,10174.643112215,42501.5547924223,112547.262835247,148260.415825615
"World",21,4547.57310671492,6421.4337469968,10174.643112215,42501.5547924223,112547.262835247,148260.415825615
"World",22,4547.57310671492,6421.4337469968,10174.643112215,42501.5547924223,112547.262835247,148260.415825615
"World",23,4547.57310671492,6421.4337469968,10174.643112215,42501.5547924223,112547.262835247,148260.415825615
"World",24,4547.57310671492,6421.4337469968,10174.643112215,42501.5547924223,112547.262835247,148260.415825615
"World",25,4547.57310671492,6421.4337469968,10174.643112215,42501.5547924223,112547.262835247,148260.415825615
"World",26,4547.57310671492,6421.4337469968,10174.643112215,42501.5547924223,112547.262835247,148260.415825615
"World",27,4547.57310671492,6421.4337469968,10174.643112215,42501.5547924223,112547.262835247,148260.415825615
"World",28,4547.57310671492,6421.4337469968,10174.643112215,42501.5547924223,112547.262835247,148260.415825615
"World",29,4547.57310671492,6421.4337469968,10174.643112215,42501.5547924223,112547.262835247,148260.415825615
"World",30,4547.57310671492,6421.4337469968,10174.643112215,42501.5547924223,112547.262835247,148260.415825615
"World",31,4547.57310671492,6421.4337469968,10174.643112215,42501.5547924223,112547.262835247,148260.415825615
"World",32,4547.57310671492,6421.4337469968,10174.643112215,42501.5547924223,112547.262835247,148260.415825615
"World",33,4547.57310671492,6421.4337469968,10174.643112215,42501.5547924223,112547.262835247,148260.415825615
"World",34,4547.57310671492,6421.4337469968,10174.643112215,42501.5547924223,112547.262835247,148260.415825615
"World",35,4547.57310671492,6421.4337469968,10174.643112215,42501.5547924223,112547.262835247,148260.415825615
"World",36,4547.57310671492,6421.4337469968,10174.643112215,42501.5547924223,112547.262835247,148260.415825615
"World",37,4547.57310671492,6421.4337469968,10174.643112215,42501.5547924223,112547.262835247,148260.415825615
"World",38,4547.57310671492,6421.4337469968,10174.643112215,42501.5547924223,112547.262835247,148260.415825615
"World",39,4547.57310671492,6421.4337469968,10174.643112215,42501.5547924223,112547.262835247,148260.415825615
"World",40,4547.57310671492,6421.4337469968,10174.643112215,42501.5547924223,112547.262835247,148260.415825615
"World",41,4547.57310671492,6421.4337469968,10174.643112215,42501.5547924223,112547.262835247,148260.415825615
"World",42,4547.57310671492,6421.4337469968,10174.643112215,42501.5547924223,112547.262835247,148260.415825615
"World",43,4547.57310671492,6421.4337469968,10174.643112215,42501.5547924223,112547.262835247,148260.415825615
"World",44,4547.57310671492,6421.4337469968,10174.643112215,42501.5547924223,112547.262835247,148260.415825615
"World",45,4547.57310671492,6421.4337469968,10174.643112215,42501.5547924223,112547.262835247,148260.415825615
"World",46,4547.57310671492,6421.4337469968,10174.643112215,42501.5547924223,112547.262835247,148260.415825615
"World",47,4547.57310671492,6421.4337469968,10174.643112215,42501.5547924223,112547.262835247,148260.415825615
"World",48,4547.57310671492,6421.4337469968,10174.643112215,42501.5547924223,112547.262835247,148260.415825615
"World",49,4547.57310671492,6421.4337469968,10174.643112215,42501.5547924223,112547.262835247,148260.415825615
"World",50,4547.57310671492,6421.4337469968,10174.643112215,42501.5547924223,112547.262835247,148260.415825615
"World",51,40278.0183809235,48116.4142539699,58211.0891455745,110613.058046634,207689.041703952,258701.866055723
"World",52,40278.0183809235,48116.4142539699,58211.0891455745,110613.058046634,207689.041703952,258701.866055723
"World",53,40278.0183809235,48116.4142539699,58211.0891455745,110613.058046634,207689.041703952,258701.866055723
"World",54,40278.0183809235,48116.4142539699,58211.0891455745,110613.058046634,207689.041703952,258701.866055723
"World",55,40278.0183809235,48116.4142539699,58211.0891455745,110613.058046634,207689.041703952,258701.866055723
"World",56,40278.0183809235,48116.4142539699,58211.0891455745,110613.058046634,207689.041703952,258701.866055723
"World",57,40278.0183809235,48116.4142539699,58211.0891455745,110613.058046634,207689.041703952,258701.866055723
"World",58,40278.0183809235,48116.4142539699,58211.0891455745,110613.058046634,207689.041703952,258701.866055723
"World",59,40278.0183809235,48116.4142539699,58211.0891455745,110613.058046634,207689.041703952,258701.866055723
"World",60,40278.0183809235,48116.4142539699,58211.0891455745,110613.058046634,207689.041703952,258701.866055723
"World",61,40278.0183809235,48116.4142539699,58211.0891455745,110613.058046634,207689.041703952,258701.866055723
"World",62,40278.0183809235,48116.4142539699,58211.0891455745,110613.058046634,207689.041703952,258701.866055723
"World",63,40278.0183809235,48116.4142539699,58211.0891455745,110613.058046634,207689.041703952,258701.866055723
"World",64,40278.0183809235,48116.4142539699,58211.0891455745,110613.058046634,207689.041703952,258701.866055723
"World",65,40278.0183809235,48116.4142539699,58211.0891455745,110613.058046634,207689.041703952,258701.866055723
"World",66,40278.0183809235,48116.4142539699,58211.0891455745,110613.058046634,207689.041703952,258701.866055723
"World",67,40278.0183809235,48116.4142539699,58211.0891455745,110613.058046634,207689.041703952,258701.866055723
"World",68,40278.0183809235,48116.4142539699,58211.0891455745,110613.058046634,207689.041703952,258701.866055723
"World",69,40278.0183809235,48116.4142539699,58211.0891455745,110613.058046634,207689.041703952,258701.866055723
"World",70,40278.0183809235,48116.4142539699,58211.0891455745,110613.058046634,207689.041703952,258701.866055723
"World",71,40278.0183809235,48116.4142539699,58211.0891455745,110613.058046634,207689.041703952,258701.866055723
"World",72,40278.0183809235,48116.4142539699,58211.0891455745,110613.058046634,207689.041703952,258701.866055723
"World",73,40278.0183809235,48116.4142539699,58211.0891455745,110613.058046634,207689.041703952,258701.866055723
"World",74,40278.0183809235,48116.4142539699,58211.0891455745,110613.058046634,207689.041703952,258701.866055723
"World",75,40278.0183809235,48116.4142539699,58211.0891455745,110613.058046634,207689.041703952,258701.866055723
"World",76,40278.0183809235,48116.4142539699,58211.0891455745,110613.058046634,207689.041703952,258701.866055723
"World",77,40278.0183809235,48116.4142539699,58211.0891455745,110613.058046634,207689.041703952,258701.866055723
"World",78,40278.0183809235,48116.4142539699,58211.0891455745,110613.058046634,207689.041703952,258701.866055723
"World",79,40278.0183809235,48116.4142539699,58211.0891455745,110613.058046634,207689.041703952,258701.866055723
"World",80,40278.0183809235,48116.4142539699,58211.0891455745,110613.058046634,207689.041703952,258701.866055723
"World",81,40278.0183809235,48116.4142539699,58211.0891455745,110613.058046634,207689.041703952,258701.866055723
"World",82,40278.0183809235,48116.4142539699,58211.0891455745,110613.058046634,207689.041703952,258701.866055723
"World",83,40278.0183809235,48116.4142539699,58211.0891455745,110613.058046634,207689.041703952,258701.866055723
"World",84,40278.0183809235,48116.4142539699,58211.0891455745,110613.058046634,207689.041703952,258701.866055723
"World",85,40278.0183809235,48116.4142539699,58211.0891455745,110613.058046634,207689.041703952,258701.866055723
"World",86,40278.0183809235,48116.4142539699,58211.0891455745,110613.058046634,207689.041703952,258701.866055723
"World",87,40278.0183809235,48116.4142539699,58211.0891455745,110613.058046634,207689.041703952,258701.866055723
"World",88,40278.0183809235,48116.4142539699,58211.0891455745,110613.058046634,207689.041703952,258701.866055723
"World",89,40278.0183809235,48116.4142539699,58211.0891455745,110613.058046634,207689.041703952,258701.866055723
"World",90,40278.0183809235,48116.4142539699,58211.0891455745,110613.058046634,207689.041703952,258701.866055723
"World",91,301138.441982811,337193.025948196,367633.363576487,433768.306400957,507024.872836145,541195.889533604
"World",92,301138.441982811,337193.025948196,367633.363576487,433768.306400957,507024.872836145,541195.889533604
"World",93,301138.441982811,337193.025948196,367633.363576487,433768.306400957,507024.872836145,541195.889533604
"World",94,301138.441982811,337193.025948196,367633.363576487,433768.306400957,507024.872836145,541195.889533604
"World",95,301138.441982811,337193.025948196,367633.363576487,433768.306400957,507024.872836145,541195.889533604
"World",96,301138.441982811,337193.025948196,367633.363576487,433768.306400957,507024.872836145,541195.889533604
"World",97,301138.441982811,337193.025948196,367633.363576487,433768.306400957,507024.872836145,541195.889533604
"World",98,301138.441982811,337193.025948196,367633.363576487,433768.306400957,507024.872836145,541195.889533604
"World",99,301138.441982811,337193.025948196,367633.363576487,433768.306400957,507024.872836145,541195.889533604
"World",100,2709930.44271483,2323799.79624745,1953793.12347816,1262533.57955719,1077865.9551239,1091618.79407189
"Europe",1,-28330.4119842952,-20630.9350404419,-9178.47787205507,35886.455863087,91359.6255370638,103647.803830641
"Europe",2,-28330.4119842952,-20630.9350404419,-9178.47787205507,35886.455863087,91359.6255370638,103647.803830641
"Europe",3,-28330.4119842952,-20630.9350404419,-9178.47787205507,35886.455863087,91359.6255370638,103647.803830641
"Europe",4,-28330.4119842952,-20630.9350404419,-9178.47787205507,35886.455863087,91359.6255370638,103647.803830641
"Europe",5,-28330.4119842952,-20630.9350404419,-9178.47787205507,35886.455863087,91359.6255370638,103647.803830641
"Europe",6,-28330.4119842952,-20630.9350404419,-9178.47787205507,35886.455863087,91359.6255370638,103647.803830641
"Europe",7,-28330.4119842952,-20630.9350404419,-9178.47787205507,35886.455863087,91359.6255370638,103647.803830641
"Europe",8,-28330.4119842952,-20630.9350404419,-9178.47787205507,35886.455863087,91359.6255370638,103647.803830641
"Europe",9,-28330.4119842952,-20630.9350404419,-9178.47787205507,35886.455863087,91359.6255370638,103647.803830641
"Europe",10,-28330.4119842952,-20630.9350404419,-9178.47787205507,35886.455863087,91359.6255370638,103647.803830641
"Europe",11,22505.1561365805,34383.4665232781,51307.9062832459,101133.486339358,141863.61798032,144513.284294215
"Europe",12,22505.1561365805,34383.4665232781,51307.9062832459,101133.486339358,141863.61798032,144513.284294215
"Europe",13,22505.1561365805,34383.4665232781,51307.9062832459,101133.486339358,141863.61798032,144513.284294215
"Europe",14,22505.1561365805,34383.4665232781,51307.9062832459,101133.486339358,141863.61798032,144513.284294215
"Europe",15,22505.1561365805,34383.4665232781,51307.9062832459,101133.486339358,141863.61798032,144513.284294215
"Europe",16,22505.1561365805,34383.4665232781,51307.9062832459,101133.486339358,141863.61798032,144513.284294215
"Europe",17,22505.1561365805,34383.4665232781,51307.9062832459,101133.486339358,141863.61798032,144513.284294215
"Europe",18,22505.1561365805,34383.4665232781,51307.9062832459,101133.486339358,141863.61798032,144513.284294215
"Europe",19,22505.1561365805,34383.4665232781,51307.9062832459,101133.486339358,141863.61798032,144513.284294215
"Europe",20,22505.1561365805,34383.4665232781,51307.9062832459,101133.486339358,141863.61798032,144513.284294215
"Europe",21,22505.1561365805,34383.4665232781,51307.9062832459,101133.486339358,141863.61798032,144513.284294215
"Europe",22,22505.1561365805,34383.4665232781,51307.9062832459,101133.486339358,141863.61798032,144513.284294215
"Europe",23,22505.1561365805,34383.4665232781,51307.9062832459,101133.486339358,141863.61798032,144513.284294215
"Europe",24,22505.1561365805,34383.4665232781,51307.9062832459,101133.486339358,141863.61798032,144513.284294215
"Europe",25,22505.1561365805,34383.4665232781,51307.9062832459,101133.486339358,141863.61798032,144513.284294215
"Europe",26,22505.1561365805,34383.4665232781,51307.9062832459,101133.486339358,141863.61798032,144513.284294215
"Europe",27,22505.1561365805,34383.4665232781,51307.9062832459,101133.486339358,141863.61798032,144513.284294215
"Europe",28,22505.1561365805,34383.4665232781,51307.9062832459,101133.486339358,141863.61798032,144513.284294215
"Europe",29,22505.1561365805,34383.4665232781,51307.9062832459,101133.486339358,141863.61798032,144513.284294215
"Europe",30,22505.1561365805,34383.4665232781,51307.9062832459,101133.486339358,141863.61798032,144513.284294215
"Europe",31,22505.1561365805,34383.4665232781,51307.9062832459,101133.486339358,141863.61798032,144513.284294215
"Europe",32,22505.1561365805,34383.4665232781,51307.9062832459,101133.486339358,141863.61798032,144513.284294215
"Europe",33,22505.1561365805,34383.4665232781,51307.9062832459,101133.486339358,141863.61798032,144513.284294215
"Europe",34,22505.1561365805,34383.4665232781,51307.9062832459,101133.486339358,141863.61798032,144513.284294215
"Europe",35,22505.1561365805,34383.4665232781,51307.9062832459,101133.486339358,141863.61798032,144513.284294215
"Europe",36,22505.1561365805,34383.4665232781,51307.9062832459,101133.486339358,141863.61798032,144513.284294215
"Europe",37,22505.1561365805,34383.4665232781,51307.9062832459,101133.486339358,141863.61798032,144513.284294215
"Europe",38,22505.1561365805,34383.4665232781,51307.9062832459,101133.486339358,141863.61798032,144513.284294215
"Europe",39,22505.1561365805,34383.4665232781,51307.9062832459,101133.486339358,141863.61798032,144513.284294215
"Europe",40,22505.1561365805,34383.4665232781,51307.9062832459,101133.486339358,141863.61798032,144513.284294215
"Europe",41,22505.1561365805,34383.4665232781,51307.9062832459,101133.486339358,141863.61798032,144513.284294215
"Europe",42,22505.1561365805,34383.4665232781,51307.9062832459,101133.486339358,141863.61798032,144513.284294215
"Europe",43,22505.1561365805,34383.4665232781,51307.9062832459,101133.486339358,141863.61798032,144513.284294215
"Europe",44,22505.1561365805,34383.4665232781,51307.9062832459,101133.486339358,141863.61798032,144513.284294215
"Europe",45,22505.1561365805,34383.4665232781,51307.9062832459,101133.486339358,141863.61798032,144513.284294215
"Europe",46,22505.1561365805,34383.4665232781,51307.9062832459,101133.486339358,141863.61798032,144513.284294215
"Europe",47,22505.1561365805,34383.4665232781,51307.9062832459,101133.486339358,141863.61798032,144513.284294215
"Europe",48,22505.1561365805,34383.4665232781,51307.9062832459,101133.486339358,141863.61798032,144513.284294215
"Europe",49,22505.1561365805,34383.4665232781,51307.9062832459,101133.486339358,141863.61798032,144513.284294215
"Europe",50,22505.1561365805,34383.4665232781,51307.9062832459,101133.486339358,141863.61798032,144513.284294215
"Europe",51,177761.087170187,197203.82141288,221467.01785042,271551.851294174,283426.367384228,269337.558979065
"Europe",52,177761.087170187,197203.82141288,221467.01785042,271551.851294174,283426.367384228,269337.558979065
"Europe",53,177761.087170187,197203.82141288,221467.01785042,271551.851294174,283426.367384228,269337.558979065
"Europe",54,177761.087170187,197203.82141288,221467.01785042,271551.851294174,283426.367384228,269337.558979065
"Europe",55,177761.087170187,197203.82141288,221467.01785042,271551.851294174,283426.367384228,269337.558979065
"Europe",56,177761.087170187,197203.82141288,221467.01785042,271551.851294174,283426.367384228,269337.558979065
"Europe",57,177761.087170187,197203.82141288,221467.01785042,271551.851294174,283426.367384228,269337.558979065
"Europe",58,177761.087170187,197203.82141288,221467.01785042,271551.851294174,283426.367384228,269337.558979065
"Europe",59,177761.087170187,197203.82141288,221467.01785042,271551.851294174,283426.367384228,269337.558979065
"Europe",60,177761.087170187,197203.82141288,221467.01785042,271551.851294174,283426.367384228,269337.558979065
"Europe",61,177761.087170187,197203.82141288,221467.01785042,271551.851294174,283426.367384228,269337.558979065
"Europe",62,177761.087170187,197203.82141288,221467.01785042,271551.851294174,283426.367384228,269337.558979065
"Europe",63,177761.087170187,197203.82141288,221467.01785042,271551.851294174,283426.367384228,269337.558979065
"Europe",64,177761.087170187,197203.82141288,221467.01785042,271551.851294174,283426.367384228,269337.558979065
"Europe",65,177761.087170187,197203.82141288,221467.01785042,271551.851294174,283426.367384228,269337.558979065
"Europe",66,177761.087170187,197203.82141288,221467.01785042,271551.851294174,283426.367384228,269337.558979065
"Europe",67,177761.087170187,197203.82141288,221467.01785042,271551.851294174,283426.367384228,269337.558979065
"Europe",68,177761.087170187,197203.82141288,221467.01785042,271551.851294174,283426.367384228,269337.558979065
"Europe",69,177761.087170187,197203.82141288,221467.01785042,271551.851294174,283426.367384228,269337.558979065
"Europe",70,177761.087170187,197203.82141288,221467.01785042,271551.851294174,283426.367384228,269337.558979065
"Europe",71,177761.087170187,197203.82141288,221467.01785042,271551.851294174,283426.367384228,269337.558979065
"Europe",72,177761.087170187,197203.82141288,221467.01785042,271551.851294174,283426.367384228,269337.558979065
"Europe",73,177761.087170187,197203.82141288,221467.01785042,271551.851294174,283426.367384228,269337.558979065
"Europe",74,177761.087170187,197203.82141288,221467.01785042,271551.851294174,283426.367384228,269337.558979065
"Europe",75,177761.087170187,197203.82141288,221467.01785042,271551.851294174,283426.367384228,269337.558979065
"Europe",76,177761.087170187,197203.82141288,221467.01785042,271551.851294174,283426.367384228,269337.558979065
"Europe",77,177761.087170187,197203.82141288,221467.01785042,271551.851294174,283426.367384228,269337.558979065
"Europe",78,177761.087170187,197203.82141288,221467.01785042,271551.851294174,283426.367384228,269337.558979065
"Europe",79,177761.087170187,197203.82141288,221467.01785042,271551.851294174,283426.367384228,269337.558979065
"Europe",80,177761.087170187,197203.82141288,221467.01785042,271551.851294174,283426.367384228,269337.558979065
"Europe",81,177761.087170187,197203.82141288,221467.01785042,271551.851294174,283426.367384228,269337.558979065
"Europe",82,177761.087170187,197203.82141288,221467.01785042,271551.851294174,283426.367384228,269337.558979065
"Europe",83,177761.087170187,197203.82141288,221467.01785042,271551.851294174,283426.367384228,269337.558979065
"Europe",84,177761.087170187,197203.82141288,221467.01785042,271551.851294174,283426.367384228,269337.558979065
"Europe",85,177761.087170187,197203.82141288,221467.01785042,271551.851294174,283426.367384228,269337.558979065
"Europe",86,177761.087170187,197203.82141288,221467.01785042,271551.851294174,283426.367384228,269337.558979065
"Europe",87,177761.087170187,197203.82141288,221467.01785042,271551.851294174,283426.367384228,269337.558979065
"Europe",88,177761.087170187,197203.82141288,221467.01785042,271551.851294174,283426.367384228,269337.558979065
"Europe",89,177761.087170187,197203.82141288,221467.01785042,271551.851294174,283426.367384228,269337.558979065
"Europe",90,177761.087170187,197203.82141288,221467.01785042,271551.851294174,283426.367384228,269337.558979065
"Europe",91,739048.56247419,790828.703495029,806255.569735941,744361.817383456,627494.118318866,547018.12865266
"Europe",92,739048.56247419,790828.703495029,806255.569735941,744361.817383456,627494.118318866,547018.12865266
"Europe",93,739048.56247419,790828.703495029,806255.569735941,744361.817383456,627494.118318866,547018.12865266
"Europe",94,739048.56247419,790828.703495029,806255.569735941,744361.817383456,627494.118318866,547018.12865266
"Europe",95,739048.56247419,790828.703495029,806255.569735941,744361.817383456,627494.118318866,547018.12865266
"Europe",96,739048.56247419,790828.703495029,806255.569735941,744361.817383456,627494.118318866,547018.12865266
"Europe",97,739048.56247419,790828.703495029,806255.569735941,744361.817383456,627494.118318866,547018.12865266
"Europe",98,739048.56247419,790828.703495029,806255.569735941,744361.817383456,627494.118318866,547018.12865266
"Europe",99,739048.56247419,790828.703495029,806255.569735941,744361.817383456,627494.118318866,547018.12865266
"Europe",100,4949684.43521899,4077377.52034914,3227068.89490003,1587666.72371705,994060.736565081,886325.018973461
"North America Oceania",1,-18196.2309040076,-13205.3633753897,-4716.84735588684,34542.8002918377,95509.5655519528,104302.494485051
"North America Oceania",2,-18196.2309040076,-13205.3633753897,-4716.84735588684,34542.8002918377,95509.5655519528,104302.494485051
"North America Oceania",3,-18196.2309040076,-13205.3633753897,-4716.84735588684,34542.8002918377,95509.5655519528,104302.494485051
"North America Oceania",4,-18196.2309040076,-13205.3633753897,-4716.84735588684,34542.8002918377,95509.5655519528,104302.494485051
"North America Oceania",5,-18196.2309040076,-13205.3633753897,-4716.84735588684,34542.8002918377,95509.5655519528,104302.494485051
"North America Oceania",6,-18196.2309040076,-13205.3633753897,-4716.84735588684,34542.8002918377,95509.5655519528,104302.494485051
"North America Oceania",7,-18196.2309040076,-13205.3633753897,-4716.84735588684,34542.8002918377,95509.5655519528,104302.494485051
"North America Oceania",8,-18196.2309040076,-13205.3633753897,-4716.84735588684,34542.8002918377,95509.5655519528,104302.494485051
"North America Oceania",9,-18196.2309040076,-13205.3633753897,-4716.84735588684,34542.8002918377,95509.5655519528,104302.494485051
"North America Oceania",10,-18196.2309040076,-13205.3633753897,-4716.84735588684,34542.8002918377,95509.5655519528,104302.494485051
"North America Oceania",11,16480.9103045072,31065.6918094312,48467.3115403723,103077.018360141,147498.969910088,142498.938655841
"North America Oceania",12,16480.9103045072,31065.6918094312,48467.3115403723,103077.018360141,147498.969910088,142498.938655841
"North America Oceania",13,16480.9103045072,31065.6918094312,48467.3115403723,103077.018360141,147498.969910088,142498.938655841
"North America Oceania",14,16480.9103045072,31065.6918094312,48467.3115403723,103077.018360141,147498.969910088,142498.938655841
"North America Oceania",15,16480.9103045072,31065.6918094312,48467.3115403723,103077.018360141,147498.969910088,142498.938655841
"North America Oceania",16,16480.9103045072,31065.6918094312,48467.3115403723,103077.018360141,147498.969910088,142498.938655841
"North America Oceania",17,16480.9103045072,31065.6918094312,48467.3115403723,103077.018360141,147498.969910088,142498.938655841
"North America Oceania",18,16480.9103045072,31065.6918094312,48467.3115403723,103077.018360141,147498.969910088,142498.938655841
"North America Oceania",19,16480.9103045072,31065.6918094312,48467.3115403723,103077.018360141,147498.969910088,142498.938655841
"North America Oceania",20,16480.9103045072,31065.6918094312,48467.3115403723,103077.018360141,147498.969910088,142498.938655841
"North America Oceania",21,16480.9103045072,31065.6918094312,48467.3115403723,103077.018360141,147498.969910088,142498.938655841
"North America Oceania",22,16480.9103045072,31065.6918094312,48467.3115403723,103077.018360141,147498.969910088,142498.938655841
"North America Oceania",23,16480.9103045072,31065.6918094312,48467.3115403723,103077.018360141,147498.969910088,142498.938655841
"North America Oceania",24,16480.9103045072,31065.6918094312,48467.3115403723,103077.018360141,147498.969910088,142498.938655841
"North America Oceania",25,16480.9103045072,31065.6918094312,48467.3115403723,103077.018360141,147498.969910088,142498.938655841
"North America Oceania",26,16480.9103045072,31065.6918094312,48467.3115403723,103077.018360141,147498.969910088,142498.938655841
"North America Oceania",27,16480.9103045072,31065.6918094312,48467.3115403723,103077.018360141,147498.969910088,142498.938655841
"North America Oceania",28,16480.9103045072,31065.6918094312,48467.3115403723,103077.018360141,147498.969910088,142498.938655841
"North America Oceania",29,16480.9103045072,31065.6918094312,48467.3115403723,103077.018360141,147498.969910088,142498.938655841
"North America Oceania",30,16480.9103045072,31065.6918094312,48467.3115403723,103077.018360141,147498.969910088,142498.938655841
"North America Oceania",31,16480.9103045072,31065.6918094312,48467.3115403723,103077.018360141,147498.969910088,142498.938655841
"North America Oceania",32,16480.9103045072,31065.6918094312,48467.3115403723,103077.018360141,147498.969910088,142498.938655841
"North America Oceania",33,16480.9103045072,31065.6918094312,48467.3115403723,103077.018360141,147498.969910088,142498.938655841
"North America Oceania",34,16480.9103045072,31065.6918094312,48467.3115403723,103077.018360141,147498.969910088,142498.938655841
"North America Oceania",35,16480.9103045072,31065.6918094312,48467.3115403723,103077.018360141,147498.969910088,142498.938655841
"North America Oceania",36,16480.9103045072,31065.6918094312,48467.3115403723,103077.018360141,147498.969910088,142498.938655841
"North America Oceania",37,16480.9103045072,31065.6918094312,48467.3115403723,103077.018360141,147498.969910088,142498.938655841
"North America Oceania",38,16480.9103045072,31065.6918094312,48467.3115403723,103077.018360141,147498.969910088,142498.938655841
"North America Oceania",39,16480.9103045072,31065.6918094312,48467.3115403723,103077.018360141,147498.969910088,142498.938655841
"North America Oceania",40,16480.9103045072,31065.6918094312,48467.3115403723,103077.018360141,147498.969910088,142498.938655841
"North America Oceania",41,16480.9103045072,31065.6918094312,48467.3115403723,103077.018360141,147498.969910088,142498.938655841
"North America Oceania",42,16480.9103045072,31065.6918094312,48467.3115403723,103077.018360141,147498.969910088,142498.938655841
"North America Oceania",43,16480.9103045072,31065.6918094312,48467.3115403723,103077.018360141,147498.969910088,142498.938655841
"North America Oceania",44,16480.9103045072,31065.6918094312,48467.3115403723,103077.018360141,147498.969910088,142498.938655841
"North America Oceania",45,16480.9103045072,31065.6918094312,48467.3115403723,103077.018360141,147498.969910088,142498.938655841
"North America Oceania",46,16480.9103045072,31065.6918094312,48467.3115403723,103077.018360141,147498.969910088,142498.938655841
"North America Oceania",47,16480.9103045072,31065.6918094312,48467.3115403723,103077.018360141,147498.969910088,142498.938655841
"North America Oceania",48,16480.9103045072,31065.6918094312,48467.3115403723,103077.018360141,147498.969910088,142498.938655841
"North America Oceania",49,16480.9103045072,31065.6918094312,48467.3115403723,103077.018360141,147498.969910088,142498.938655841
"North America Oceania",50,16480.9103045072,31065.6918094312,48467.3115403723,103077.018360141,147498.969910088,142498.938655841
"North America Oceania",51,196316.149141255,220355.441569152,245756.056022966,298909.50457665,302451.737092706,269731.89003213
"North America Oceania",52,196316.149141255,220355.441569152,245756.056022966,298909.50457665,302451.737092706,269731.89003213
"North America Oceania",53,196316.149141255,220355.441569152,245756.056022966,298909.50457665,302451.737092706,269731.89003213
"North America Oceania",54,196316.149141255,220355.441569152,245756.056022966,298909.50457665,302451.737092706,269731.89003213
"North America Oceania",55,196316.149141255,220355.441569152,245756.056022966,298909.50457665,302451.737092706,269731.89003213
"North America Oceania",56,196316.149141255,220355.441569152,245756.056022966,298909.50457665,302451.737092706,269731.89003213
"North America Oceania",57,196316.149141255,220355.441569152,245756.056022966,298909.50457665,302451.737092706,269731.89003213
"North America Oceania",58,196316.149141255,220355.441569152,245756.056022966,298909.50457665,302451.737092706,269731.89003213
"North America Oceania",59,196316.149141255,220355.441569152,245756.056022966,298909.50457665,302451.737092706,269731.89003213
"North America Oceania",60,196316.149141255,220355.441569152,245756.056022966,298909.50457665,302451.737092706,269731.89003213
"North America Oceania",61,196316.149141255,220355.441569152,245756.056022966,298909.50457665,302451.737092706,269731.89003213
"North America Oceania",62,196316.149141255,220355.441569152,245756.056022966,298909.50457665,302451.737092706,269731.89003213
"North America Oceania",63,196316.149141255,220355.441569152,245756.056022966,298909.50457665,302451.737092706,269731.89003213
"North America Oceania",64,196316.149141255,220355.441569152,245756.056022966,298909.50457665,302451.737092706,269731.89003213
"North America Oceania",65,196316.149141255,220355.441569152,245756.056022966,298909.50457665,302451.737092706,269731.89003213
"North America Oceania",66,196316.149141255,220355.441569152,245756.056022966,298909.50457665,302451.737092706,269731.89003213
"North America Oceania",67,196316.149141255,220355.441569152,245756.056022966,298909.50457665,302451.737092706,269731.89003213
"North America Oceania",68,196316.149141255,220355.441569152,245756.056022966,298909.50457665,302451.737092706,269731.89003213
"North America Oceania",69,196316.149141255,220355.441569152,245756.056022966,298909.50457665,302451.737092706,269731.89003213
"North America Oceania",70,196316.149141255,220355.441569152,245756.056022966,298909.50457665,302451.737092706,269731.89003213
"North America Oceania",71,196316.149141255,220355.441569152,245756.056022966,298909.50457665,302451.737092706,269731.89003213
"North America Oceania",72,196316.149141255,220355.441569152,245756.056022966,298909.50457665,302451.737092706,269731.89003213
"North America Oceania",73,196316.149141255,220355.441569152,245756.056022966,298909.50457665,302451.737092706,269731.89003213
"North America Oceania",74,196316.149141255,220355.441569152,245756.056022966,298909.50457665,302451.737092706,269731.89003213
"North America Oceania",75,196316.149141255,220355.441569152,245756.056022966,298909.50457665,302451.737092706,269731.89003213
"North America Oceania",76,196316.149141255,220355.441569152,245756.056022966,298909.50457665,302451.737092706,269731.89003213
"North America Oceania",77,196316.149141255,220355.441569152,245756.056022966,298909.50457665,302451.737092706,269731.89003213
"North America Oceania",78,196316.149141255,220355.441569152,245756.056022966,298909.50457665,302451.737092706,269731.89003213
"North America Oceania",79,196316.149141255,220355.441569152,245756.056022966,298909.50457665,302451.737092706,269731.89003213
"North America Oceania",80,196316.149141255,220355.441569152,245756.056022966,298909.50457665,302451.737092706,269731.89003213
"North America Oceania",81,196316.149141255,220355.441569152,245756.056022966,298909.50457665,302451.737092706,269731.89003213
"North America Oceania",82,196316.149141255,220355.441569152,245756.056022966,298909.50457665,302451.737092706,269731.89003213
"North America Oceania",83,196316.149141255,220355.441569152,245756.056022966,298909.50457665,302451.737092706,269731.89003213
"North America Oceania",84,196316.149141255,220355.441569152,245756.056022966,298909.50457665,302451.737092706,269731.89003213
"North America Oceania",85,196316.149141255,220355.441569152,245756.056022966,298909.50457665,302451.737092706,269731.89003213
"North America Oceania",86,196316.149141255,220355.441569152,245756.056022966,298909.50457665,302451.737092706,269731.89003213
"North America Oceania",87,196316.149141255,220355.441569152,245756.056022966,298909.50457665,302451.737092706,269731.89003213
"North America Oceania",88,196316.149141255,220355.441569152,245756.056022966,298909.50457665,302451.737092706,269731.89003213
"North America Oceania",89,196316.149141255,220355.441569152,245756.056022966,298909.50457665,302451.737092706,269731.89003213
"North America Oceania",90,196316.149141255,220355.441569152,245756.056022966,298909.50457665,302451.737092706,269731.89003213
"North America Oceania",91,1011008.06132855,1057066.4684746,1025213.95532261,846592.934382009,681394.046100224,555875.36088372
"North America Oceania",92,1011008.06132855,1057066.4684746,1025213.95532261,846592.934382009,681394.046100224,555875.36088372
"North America Oceania",93,1011008.06132855,1057066.4684746,1025213.95532261,846592.934382009,681394.046100224,555875.36088372
"North America Oceania",94,1011008.06132855,1057066.4684746,1025213.95532261,846592.934382009,681394.046100224,555875.36088372
"North America Oceania",95,1011008.06132855,1057066.4684746,1025213.95532261,846592.934382009,681394.046100224,555875.36088372
"North America Oceania",96,1011008.06132855,1057066.4684746,1025213.95532261,846592.934382009,681394.046100224,555875.36088372
"North America Oceania",97,1011008.06132855,1057066.4684746,1025213.95532261,846592.934382009,681394.046100224,555875.36088372
"North America Oceania",98,1011008.06132855,1057066.4684746,1025213.95532261,846592.934382009,681394.046100224,555875.36088372
"North America Oceania",99,1011008.06132855,1057066.4684746,1025213.95532261,846592.934382009,681394.046100224,555875.36088372
"North America Oceania",100,8789628.10991984,6467968.79361242,4660511.3857295,1962153.00632011,1024609.06122629,864863.462085111
"Latin America",1,-6512.45313337857,-5106.26311183247,-2899.48124333491,15441.4326143584,72115.788664873,117639.429305175
"Latin America",2,-6512.45313337857,-5106.26311183247,-2899.48124333491,15441.4326143584,72115.788664873,117639.429305175
"Latin America",3,-6512.45313337857,-5106.26311183247,-2899.48124333491,15441.4326143584,72115.788664873,117639.429305175
"Latin America",4,-6512.45313337857,-5106.26311183247,-2899.48124333491,15441.4326143584,72115.788664873,117639.429305175
"Latin America",5,-6512.45313337857,-5106.26311183247,-2899.48124333491,15441.4326143584,72115.788664873,117639.429305175
"Latin America",6,-6512.45313337857,-5106.26311183247,-2899.48124333491,15441.4326143584,72115.788664873,117639.429305175
"Latin America",7,-6512.45313337857,-5106.26311183247,-2899.48124333491,15441.4326143584,72115.788664873,117639.429305175
"Latin America",8,-6512.45313337857,-5106.26311183247,-2899.48124333491,15441.4326143584,72115.788664873,117639.429305175
"Latin America",9,-6512.45313337857,-5106.26311183247,-2899.48124333491,15441.4326143584,72115.788664873,117639.429305175
"Latin America",10,-6512.45313337857,-5106.26311183247,-2899.48124333491,15441.4326143584,72115.788664873,117639.429305175
"Latin America",11,3688.76343087348,4970.25194557649,7804.09634699896,29744.3349105214,94302.0597943669,145531.875936319
"Latin America",12,3688.76343087348,4970.25194557649,7804.09634699896,29744.3349105214,94302.0597943669,145531.875936319
"Latin America",13,3688.76343087348,4970.25194557649,7804.09634699896,29744.3349105214,94302.0597943669,145531.875936319
"Latin America",14,3688.76343087348,4970.25194557649,7804.09634699896,29744.3349105214,94302.0597943669,145531.875936319
"Latin America",15,3688.76343087348,4970.25194557649,7804.09634699896,29744.3349105214,94302.0597943669,145531.875936319
"Latin America",16,3688.76343087348,4970.25194557649,7804.09634699896,29744.3349105214,94302.0597943669,145531.875936319
"Latin America",17,3688.76343087348,4970.25194557649,7804.09634699896,29744.3349105214,94302.0597943669,145531.875936319
"Latin America",18,3688.76343087348,4970.25194557649,7804.09634699896,29744.3349105214,94302.0597943669,145531.875936319
"Latin America",19,3688.76343087348,4970.25194557649,7804.09634699896,29744.3349105214,94302.0597943669,145531.875936319
"Latin America",20,3688.76343087348,4970.25194557649,7804.09634699896,29744.3349105214,94302.0597943669,145531.875936319
"Latin America",21,3688.76343087348,4970.25194557649,7804.09634699896,29744.3349105214,94302.0597943669,145531.875936319
"Latin America",22,3688.76343087348,4970.25194557649,7804.09634699896,29744.3349105214,94302.0597943669,145531.875936319
"Latin America",23,3688.76343087348,4970.25194557649,7804.09634699896,29744.3349105214,94302.0597943669,145531.875936319
"Latin America",24,3688.76343087348,4970.25194557649,7804.09634699896,29744.3349105214,94302.0597943669,145531.875936319
"Latin America",25,3688.76343087348,4970.25194557649,7804.09634699896,29744.3349105214,94302.0597943669,145531.875936319
"Latin America",26,3688.76343087348,4970.25194557649,7804.09634699896,29744.3349105214,94302.0597943669,145531.875936319
"Latin America",27,3688.76343087348,4970.25194557649,7804.09634699896,29744.3349105214,94302.0597943669,145531.875936319
"Latin America",28,3688.76343087348,4970.25194557649,7804.09634699896,29744.3349105214,94302.0597943669,145531.875936319
"Latin America",29,3688.76343087348,4970.25194557649,7804.09634699896,29744.3349105214,94302.0597943669,145531.875936319
"Latin America",30,3688.76343087348,4970.25194557649,7804.09634699896,29744.3349105214,94302.0597943669,145531.875936319
"Latin America",31,3688.76343087348,4970.25194557649,7804.09634699896,29744.3349105214,94302.0597943669,145531.875936319
"Latin America",32,3688.76343087348,4970.25194557649,7804.09634699896,29744.3349105214,94302.0597943669,145531.875936319
"Latin America",33,3688.76343087348,4970.25194557649,7804.09634699896,29744.3349105214,94302.0597943669,145531.875936319
"Latin America",34,3688.76343087348,4970.25194557649,7804.09634699896,29744.3349105214,94302.0597943669,145531.875936319
"Latin America",35,3688.76343087348,4970.25194557649,7804.09634699896,29744.3349105214,94302.0597943669,145531.875936319
"Latin America",36,3688.76343087348,4970.25194557649,7804.09634699896,29744.3349105214,94302.0597943669,145531.875936319
"Latin America",37,3688.76343087348,4970.25194557649,7804.09634699896,29744.3349105214,94302.0597943669,145531.875936319
"Latin America",38,3688.76343087348,4970.25194557649,7804.09634699896,29744.3349105214,94302.0597943669,145531.875936319
"Latin America",39,3688.76343087348,4970.25194557649,7804.09634699896,29744.3349105214,94302.0597943669,145531.875936319
"Latin America",40,3688.76343087348,4970.25194557649,7804.09634699896,29744.3349105214,94302.0597943669,145531.875936319
"Latin America",41,3688.76343087348,4970.25194557649,7804.09634699896,29744.3349105214,94302.0597943669,145531.875936319
"Latin America",42,3688.76343087348,4970.25194557649,7804.09634699896,29744.3349105214,94302.0597943669,145531.875936319
"Latin America",43,3688.76343087348,4970.25194557649,7804.09634699896,29744.3349105214,94302.0597943669,145531.875936319
"Latin America",44,3688.76343087348,4970.25194557649,7804.09634699896,29744.3349105214,94302.0597943669,145531.875936319
"Latin America",45,3688.76343087348,4970.25194557649,7804.09634699896,29744.3349105214,94302.0597943669,145531.875936319
"Latin America",46,3688.76343087348,4970.25194557649,7804.09634699896,29744.3349105214,94302.0597943669,145531.875936319
"Latin America",47,3688.76343087348,4970.25194557649,7804.09634699896,29744.3349105214,94302.0597943669,145531.875936319
"Latin America",48,3688.76343087348,4970.25194557649,7804.09634699896,29744.3349105214,94302.0597943669,145531.875936319
"Latin America",49,3688.76343087348,4970.25194557649,7804.09634699896,29744.3349105214,94302.0597943669,145531.875936319
"Latin America",50,3688.76343087348,4970.25194557649,7804.09634699896,29744.3349105214,94302.0597943669,145531.875936319
"Latin America",51,27527.4024626172,31662.3821428602,38479.4241737955,75774.9633548314,174842.151703064,255898.336148744
"Latin America",52,27527.4024626172,31662.3821428602,38479.4241737955,75774.9633548314,174842.151703064,255898.336148744
"Latin America",53,27527.4024626172,31662.3821428602,38479.4241737955,75774.9633548314,174842.151703064,255898.336148744
"Latin America",54,27527.4024626172,31662.3821428602,38479.4241737955,75774.9633548314,174842.151703064,255898.336148744
"Latin America",55,27527.4024626172,31662.3821428602,38479.4241737955,75774.9633548314,174842.151703064,255898.336148744
"Latin America",56,27527.4024626172,31662.3821428602,38479.4241737955,75774.9633548314,174842.151703064,255898.336148744
"Latin America",57,27527.4024626172,31662.3821428602,38479.4241737955,75774.9633548314,174842.151703064,255898.336148744
"Latin America",58,27527.4024626172,31662.3821428602,38479.4241737955,75774.9633548314,174842.151703064,255898.336148744
"Latin America",59,27527.4024626172,31662.3821428602,38479.4241737955,75774.9633548314,174842.151703064,255898.336148744
"Latin America",60,27527.4024626172,31662.3821428602,38479.4241737955,75774.9633548314,174842.151703064,255898.336148744
"Latin America",61,27527.4024626172,31662.3821428602,38479.4241737955,75774.9633548314,174842.151703064,255898.336148744
"Latin America",62,27527.4024626172,31662.3821428602,38479.4241737955,75774.9633548314,174842.151703064,255898.336148744
"Latin America",63,27527.4024626172,31662.3821428602,38479.4241737955,75774.9633548314,174842.151703064,255898.336148744
"Latin America",64,27527.4024626172,31662.3821428602,38479.4241737955,75774.9633548314,174842.151703064,255898.336148744
"Latin America",65,27527.4024626172,31662.3821428602,38479.4241737955,75774.9633548314,174842.151703064,255898.336148744
"Latin America",66,27527.4024626172,31662.3821428602,38479.4241737955,75774.9633548314,174842.151703064,255898.336148744
"Latin America",67,27527.4024626172,31662.3821428602,38479.4241737955,75774.9633548314,174842.151703064,255898.336148744
"Latin America",68,27527.4024626172,31662.3821428602,38479.4241737955,75774.9633548314,174842.151703064,255898.336148744
"Latin America",69,27527.4024626172,31662.3821428602,38479.4241737955,75774.9633548314,174842.151703064,255898.336148744
"Latin America",70,27527.4024626172,31662.3821428602,38479.4241737955,75774.9633548314,174842.151703064,255898.336148744
"Latin America",71,27527.4024626172,31662.3821428602,38479.4241737955,75774.9633548314,174842.151703064,255898.336148744
"Latin America",72,27527.4024626172,31662.3821428602,38479.4241737955,75774.9633548314,174842.151703064,255898.336148744
"Latin America",73,27527.4024626172,31662.3821428602,38479.4241737955,75774.9633548314,174842.151703064,255898.336148744
"Latin America",74,27527.4024626172,31662.3821428602,38479.4241737955,75774.9633548314,174842.151703064,255898.336148744
"Latin America",75,27527.4024626172,31662.3821428602,38479.4241737955,75774.9633548314,174842.151703064,255898.336148744
"Latin America",76,27527.4024626172,31662.3821428602,38479.4241737955,75774.9633548314,174842.151703064,255898.336148744
"Latin America",77,27527.4024626172,31662.3821428602,38479.4241737955,75774.9633548314,174842.151703064,255898.336148744
"Latin America",78,27527.4024626172,31662.3821428602,38479.4241737955,75774.9633548314,174842.151703064,255898.336148744
"Latin America",79,27527.4024626172,31662.3821428602,38479.4241737955,75774.9633548314,174842.151703064,255898.336148744
"Latin America",80,27527.4024626172,31662.3821428602,38479.4241737955,75774.9633548314,174842.151703064,255898.336148744
"Latin America",81,27527.4024626172,31662.3821428602,38479.4241737955,75774.9633548314,174842.151703064,255898.336148744
"Latin America",82,27527.4024626172,31662.3821428602,38479.4241737955,75774.9633548314,174842.151703064,255898.336148744
"Latin America",83,27527.4024626172,31662.3821428602,38479.4241737955,75774.9633548314,174842.151703064,255898.336148744
"Latin America",84,27527.4024626172,31662.3821428602,38479.4241737955,75774.9633548314,174842.151703064,255898.336148744
"Latin America",85,27527.4024626172,31662.3821428602,38479.4241737955,75774.9633548314,174842.151703064,255898.336148744
"Latin America",86,27527.4024626172,31662.3821428602,38479.4241737955,75774.9633548314,174842.151703064,255898.336148744
"Latin America",87,27527.4024626172,31662.3821428602,38479.4241737955,75774.9633548314,174842.151703064,255898.336148744
"Latin America",88,27527.4024626172,31662.3821428602,38479.4241737955,75774.9633548314,174842.151703064,255898.336148744
"Latin America",89,27527.4024626172,31662.3821428602,38479.4241737955,75774.9633548314,174842.151703064,255898.336148744
"Latin America",90,27527.4024626172,31662.3821428602,38479.4241737955,75774.9633548314,174842.151703064,255898.336148744
"Latin America",91,152290.282950859,192175.859156089,225506.971201354,299819.224351053,441553.343693962,551747.54356327
"Latin America",92,152290.282950859,192175.859156089,225506.971201354,299819.224351053,441553.343693962,551747.54356327
"Latin America",93,152290.282950859,192175.859156089,225506.971201354,299819.224351053,441553.343693962,551747.54356327
"Latin America",94,152290.282950859,192175.859156089,225506.971201354,299819.224351053,441553.343693962,551747.54356327
"Latin America",95,152290.282950859,192175.859156089,225506.971201354,299819.224351053,441553.343693962,551747.54356327
"Latin America",96,152290.282950859,192175.859156089,225506.971201354,299819.224351053,441553.343693962,551747.54356327
"Latin America",97,152290.282950859,192175.859156089,225506.971201354,299819.224351053,441553.343693962,551747.54356327
"Latin America",98,152290.282950859,192175.859156089,225506.971201354,299819.224351053,441553.343693962,551747.54356327
"Latin America",99,152290.282950859,192175.859156089,225506.971201354,299819.224351053,441553.343693962,551747.54356327
"Latin America",100,1530447.29529171,1461051.0797698,1353724.23102141,1076702.7299481,1093150.27442174,1200669.41090108
"Middle East North Africa",1,-6873.47428199694,-5185.72361453451,-2445.20263340168,18294.6920893468,76478.6858714125,119882.00503543
"Middle East North Africa",2,-6873.47428199694,-5185.72361453451,-2445.20263340168,18294.6920893468,76478.6858714125,119882.00503543
"Middle East North Africa",3,-6873.47428199694,-5185.72361453451,-2445.20263340168,18294.6920893468,76478.6858714125,119882.00503543
"Middle East North Africa",4,-6873.47428199694,-5185.72361453451,-2445.20263340168,18294.6920893468,76478.6858714125,119882.00503543
"Middle East North Africa",5,-6873.47428199694,-5185.72361453451,-2445.20263340168,18294.6920893468,76478.6858714125,119882.00503543
"Middle East North Africa",6,-6873.47428199694,-5185.72361453451,-2445.20263340168,18294.6920893468,76478.6858714125,119882.00503543
"Middle East North Africa",7,-6873.47428199694,-5185.72361453451,-2445.20263340168,18294.6920893468,76478.6858714125,119882.00503543
"Middle East North Africa",8,-6873.47428199694,-5185.72361453451,-2445.20263340168,18294.6920893468,76478.6858714125,119882.00503543
"Middle East North Africa",9,-6873.47428199694,-5185.72361453451,-2445.20263340168,18294.6920893468,76478.6858714125,119882.00503543
"Middle East North Africa",10,-6873.47428199694,-5185.72361453451,-2445.20263340168,18294.6920893468,76478.6858714125,119882.00503543
"Middle East North Africa",11,3619.9679350698,5136.8016541702,8504.44291109247,33047.988606704,99315.0548836762,148806.736155794
"Middle East North Africa",12,3619.9679350698,5136.8016541702,8504.44291109247,33047.988606704,99315.0548836762,148806.736155794
"Middle East North Africa",13,3619.9679350698,5136.8016541702,8504.44291109247,33047.988606704,99315.0548836762,148806.736155794
"Middle East North Africa",14,3619.9679350698,5136.8016541702,8504.44291109247,33047.988606704,99315.0548836762,148806.736155794
"Middle East North Africa",15,3619.9679350698,5136.8016541702,8504.44291109247,33047.988606704,99315.0548836762,148806.736155794
"Middle East North Africa",16,3619.9679350698,5136.8016541702,8504.44291109247,33047.988606704,99315.0548836762,148806.736155794
"Middle East North Africa",17,3619.9679350698,5136.8016541702,8504.44291109247,33047.988606704,99315.0548836762,148806.736155794
"Middle East North Africa",18,3619.9679350698,5136.8016541702,8504.44291109247,33047.988606704,99315.0548836762,148806.736155794
"Middle East North Africa",19,3619.9679350698,5136.8016541702,8504.44291109247,33047.988606704,99315.0548836762,148806.736155794
"Middle East North Africa",20,3619.9679350698,5136.8016541702,8504.44291109247,33047.988606704,99315.0548836762,148806.736155794
"Middle East North Africa",21,3619.9679350698,5136.8016541702,8504.44291109247,33047.988606704,99315.0548836762,148806.736155794
"Middle East North Africa",22,3619.9679350698,5136.8016541702,8504.44291109247,33047.988606704,99315.0548836762,148806.736155794
"Middle East North Africa",23,3619.9679350698,5136.8016541702,8504.44291109247,33047.988606704,99315.0548836762,148806.736155794
"Middle East North Africa",24,3619.9679350698,5136.8016541702,8504.44291109247,33047.988606704,99315.0548836762,148806.736155794
"Middle East North Africa",25,3619.9679350698,5136.8016541702,8504.44291109247,33047.988606704,99315.0548836762,148806.736155794
"Middle East North Africa",26,3619.9679350698,5136.8016541702,8504.44291109247,33047.988606704,99315.0548836762,148806.736155794
"Middle East North Africa",27,3619.9679350698,5136.8016541702,8504.44291109247,33047.988606704,99315.0548836762,148806.736155794
"Middle East North Africa",28,3619.9679350698,5136.8016541702,8504.44291109247,33047.988606704,99315.0548836762,148806.736155794
"Middle East North Africa",29,3619.9679350698,5136.8016541702,8504.44291109247,33047.988606704,99315.0548836762,148806.736155794
"Middle East North Africa",30,3619.9679350698,5136.8016541702,8504.44291109247,33047.988606704,99315.0548836762,148806.736155794
"Middle East North Africa",31,3619.9679350698,5136.8016541702,8504.44291109247,33047.988606704,99315.0548836762,148806.736155794
"Middle East North Africa",32,3619.9679350698,5136.8016541702,8504.44291109247,33047.988606704,99315.0548836762,148806.736155794
"Middle East North Africa",33,3619.9679350698,5136.8016541702,8504.44291109247,33047.988606704,99315.0548836762,148806.736155794
"Middle East North Africa",34,3619.9679350698,5136.8016541702,8504.44291109247,33047.988606704,99315.0548836762,148806.736155794
"Middle East North Africa",35,3619.9679350698,5136.8016541702,8504.44291109247,33047.988606704,99315.0548836762,148806.736155794
"Middle East North Africa",36,3619.9679350698,5136.8016541702,8504.44291109247,33047.988606704,99315.0548836762,148806.736155794
"Middle East North Africa",37,3619.9679350698,5136.8016541702,8504.44291109247,33047.988606704,99315.0548836762,148806.736155794
"Middle East North Africa",38,3619.9679350698,5136.8016541702,8504.44291109247,33047.988606704,99315.0548836762,148806.736155794
"Middle East North Africa",39,3619.9679350698,5136.8016541702,8504.44291109247,33047.988606704,99315.0548836762,148806.736155794
"Middle East North Africa",40,3619.9679350698,5136.8016541702,8504.44291109247,33047.988606704,99315.0548836762,148806.736155794
"Middle East North Africa",41,3619.9679350698,5136.8016541702,8504.44291109247,33047.988606704,99315.0548836762,148806.736155794
"Middle East North Africa",42,3619.9679350698,5136.8016541702,8504.44291109247,33047.988606704,99315.0548836762,148806.736155794
"Middle East North Africa",43,3619.9679350698,5136.8016541702,8504.44291109247,33047.988606704,99315.0548836762,148806.736155794
"Middle East North Africa",44,3619.9679350698,5136.8016541702,8504.44291109247,33047.988606704,99315.0548836762,148806.736155794
"Middle East North Africa",45,3619.9679350698,5136.8016541702,8504.44291109247,33047.988606704,99315.0548836762,148806.736155794
"Middle East North Africa",46,3619.9679350698,5136.8016541702,8504.44291109247,33047.988606704,99315.0548836762,148806.736155794
"Middle East North Africa",47,3619.9679350698,5136.8016541702,8504.44291109247,33047.988606704,99315.0548836762,148806.736155794
"Middle East North Africa",48,3619.9679350698,5136.8016541702,8504.44291109247,33047.988606704,99315.0548836762,148806.736155794
"Middle East North Africa",49,3619.9679350698,5136.8016541702,8504.44291109247,33047.988606704,99315.0548836762,148806.736155794
"Middle East North Africa",50,3619.9679350698,5136.8016541702,8504.44291109247,33047.988606704,99315.0548836762,148806.736155794
"Middle East North Africa",51,35077.786062442,39903.0084956318,47839.0786535026,90478.3028602676,183731.297483533,257792.070507801
"Middle East North Africa",52,35077.786062442,39903.0084956318,47839.0786535026,90478.3028602676,183731.297483533,257792.070507801
"Middle East North Africa",53,35077.786062442,39903.0084956318,47839.0786535026,90478.3028602676,183731.297483533,257792.070507801
"Middle East North Africa",54,35077.786062442,39903.0084956318,47839.0786535026,90478.3028602676,183731.297483533,257792.070507801
"Middle East North Africa",55,35077.786062442,39903.0084956318,47839.0786535026,90478.3028602676,183731.297483533,257792.070507801
"Middle East North Africa",56,35077.786062442,39903.0084956318,47839.0786535026,90478.3028602676,183731.297483533,257792.070507801
"Middle East North Africa",57,35077.786062442,39903.0084956318,47839.0786535026,90478.3028602676,183731.297483533,257792.070507801
"Middle East North Africa",58,35077.786062442,39903.0084956318,47839.0786535026,90478.3028602676,183731.297483533,257792.070507801
"Middle East North Africa",59,35077.786062442,39903.0084956318,47839.0786535026,90478.3028602676,183731.297483533,257792.070507801
"Middle East North Africa",60,35077.786062442,39903.0084956318,47839.0786535026,90478.3028602676,183731.297483533,257792.070507801
"Middle East North Africa",61,35077.786062442,39903.0084956318,47839.0786535026,90478.3028602676,183731.297483533,257792.070507801
"Middle East North Africa",62,35077.786062442,39903.0084956318,47839.0786535026,90478.3028602676,183731.297483533,257792.070507801
"Middle East North Africa",63,35077.786062442,39903.0084956318,47839.0786535026,90478.3028602676,183731.297483533,257792.070507801
"Middle East North Africa",64,35077.786062442,39903.0084956318,47839.0786535026,90478.3028602676,183731.297483533,257792.070507801
"Middle East North Africa",65,35077.786062442,39903.0084956318,47839.0786535026,90478.3028602676,183731.297483533,257792.070507801
"Middle East North Africa",66,35077.786062442,39903.0084956318,47839.0786535026,90478.3028602676,183731.297483533,257792.070507801
"Middle East North Africa",67,35077.786062442,39903.0084956318,47839.0786535026,90478.3028602676,183731.297483533,257792.070507801
"Middle East North Africa",68,35077.786062442,39903.0084956318,47839.0786535026,90478.3028602676,183731.297483533,257792.070507801
"Middle East North Africa",69,35077.786062442,39903.0084956318,47839.0786535026,90478.3028602676,183731.297483533,257792.070507801
"Middle East North Africa",70,35077.786062442,39903.0084956318,47839.0786535026,90478.3028602676,183731.297483533,257792.070507801
"Middle East North Africa",71,35077.786062442,39903.0084956318,47839.0786535026,90478.3028602676,183731.297483533,257792.070507801
"Middle East North Africa",72,35077.786062442,39903.0084956318,47839.0786535026,90478.3028602676,183731.297483533,257792.070507801
"Middle East North Africa",73,35077.786062442,39903.0084956318,47839.0786535026,90478.3028602676,183731.297483533,257792.070507801
"Middle East North Africa",74,35077.786062442,39903.0084956318,47839.0786535026,90478.3028602676,183731.297483533,257792.070507801
"Middle East North Africa",75,35077.786062442,39903.0084956318,47839.0786535026,90478.3028602676,183731.297483533,257792.070507801
"Middle East North Africa",76,35077.786062442,39903.0084956318,47839.0786535026,90478.3028602676,183731.297483533,257792.070507801
"Middle East North Africa",77,35077.786062442,39903.0084956318,47839.0786535026,90478.3028602676,183731.297483533,257792.070507801
"Middle East North Africa",78,35077.786062442,39903.0084956318,47839.0786535026,90478.3028602676,183731.297483533,257792.070507801
"Middle East North Africa",79,35077.786062442,39903.0084956318,47839.0786535026,90478.3028602676,183731.297483533,257792.070507801
"Middle East North Africa",80,35077.786062442,39903.0084956318,47839.0786535026,90478.3028602676,183731.297483533,257792.070507801
"Middle East North Africa",81,35077.786062442,39903.0084956318,47839.0786535026,90478.3028602676,183731.297483533,257792.070507801
"Middle East North Africa",82,35077.786062442,39903.0084956318,47839.0786535026,90478.3028602676,183731.297483533,257792.070507801
"Middle East North Africa",83,35077.786062442,39903.0084956318,47839.0786535026,90478.3028602676,183731.297483533,257792.070507801
"Middle East North Africa",84,35077.786062442,39903.0084956318,47839.0786535026,90478.3028602676,183731.297483533,257792.070507801
"Middle East North Africa",85,35077.786062442,39903.0084956318,47839.0786535026,90478.3028602676,183731.297483533,257792.070507801
"Middle East North Africa",86,35077.786062442,39903.0084956318,47839.0786535026,90478.3028602676,183731.297483533,257792.070507801
"Middle East North Africa",87,35077.786062442,39903.0084956318,47839.0786535026,90478.3028602676,183731.297483533,257792.070507801
"Middle East North Africa",88,35077.786062442,39903.0084956318,47839.0786535026,90478.3028602676,183731.297483533,257792.070507801
"Middle East North Africa",89,35077.786062442,39903.0084956318,47839.0786535026,90478.3028602676,183731.297483533,257792.070507801
"Middle East North Africa",90,35077.786062442,39903.0084956318,47839.0786535026,90478.3028602676,183731.297483533,257792.070507801
"Middle East North Africa",91,226134.93707022,264660.921680668,297458.030986283,377793.355321732,462057.952133718,535824.827221717
"Middle East North Africa",92,226134.93707022,264660.921680668,297458.030986283,377793.355321732,462057.952133718,535824.827221717
"Middle East North Africa",93,226134.93707022,264660.921680668,297458.030986283,377793.355321732,462057.952133718,535824.827221717
"Middle East North Africa",94,226134.93707022,264660.921680668,297458.030986283,377793.355321732,462057.952133718,535824.827221717
"Middle East North Africa",95,226134.93707022,264660.921680668,297458.030986283,377793.355321732,462057.952133718,535824.827221717
"Middle East North Africa",96,226134.93707022,264660.921680668,297458.030986283,377793.355321732,462057.952133718,535824.827221717
"Middle East North Africa",97,226134.93707022,264660.921680668,297458.030986283,377793.355321732,462057.952133718,535824.827221717
"Middle East North Africa",98,226134.93707022,264660.921680668,297458.030986283,377793.355321732,462057.952133718,535824.827221717
"Middle East North Africa",99,226134.93707022,264660.921680668,297458.030986283,377793.355321732,462057.952133718,535824.827221717
"Middle East North Africa",100,2026760.31757779,1932314.3085703,1757868.15357287,1290089.63168631,1082034.52754369,1114804.29545028
"Sub-Saharan Africa",1,-1540.81495982548,-1015.73200552435,147.321058733678,26044.8319064394,93267.5558160615,123941.670379973
"Sub-Saharan Africa",2,-1540.81495982548,-1015.73200552435,147.321058733678,26044.8319064394,93267.5558160615,123941.670379973
"Sub-Saharan Africa",3,-1540.81495982548,-1015.73200552435,147.321058733678,26044.8319064394,93267.5558160615,123941.670379973
"Sub-Saharan Africa",4,-1540.81495982548,-1015.73200552435,147.321058733678,26044.8319064394,93267.5558160615,123941.670379973
"Sub-Saharan Africa",5,-1540.81495982548,-1015.73200552435,147.321058733678,26044.8319064394,93267.5558160615,123941.670379973
"Sub-Saharan Africa",6,-1540.81495982548,-1015.73200552435,147.321058733678,26044.8319064394,93267.5558160615,123941.670379973
"Sub-Saharan Africa",7,-1540.81495982548,-1015.73200552435,147.321058733678,26044.8319064394,93267.5558160615,123941.670379973
"Sub-Saharan Africa",8,-1540.81495982548,-1015.73200552435,147.321058733678,26044.8319064394,93267.5558160615,123941.670379973
"Sub-Saharan Africa",9,-1540.81495982548,-1015.73200552435,147.321058733678,26044.8319064394,93267.5558160615,123941.670379973
"Sub-Saharan Africa",10,-1540.81495982548,-1015.73200552435,147.321058733678,26044.8319064394,93267.5558160615,123941.670379973
"Sub-Saharan Africa",11,895.584323769472,1700.27840839594,3806.85934053359,40201.6487169444,118489.143159162,151308.65630793
"Sub-Saharan Africa",12,895.584323769472,1700.27840839594,3806.85934053359,40201.6487169444,118489.143159162,151308.65630793
"Sub-Saharan Africa",13,895.584323769472,1700.27840839594,3806.85934053359,40201.6487169444,118489.143159162,151308.65630793
"Sub-Saharan Africa",14,895.584323769472,1700.27840839594,3806.85934053359,40201.6487169444,118489.143159162,151308.65630793
"Sub-Saharan Africa",15,895.584323769472,1700.27840839594,3806.85934053359,40201.6487169444,118489.143159162,151308.65630793
"Sub-Saharan Africa",16,895.584323769472,1700.27840839594,3806.85934053359,40201.6487169444,118489.143159162,151308.65630793
"Sub-Saharan Africa",17,895.584323769472,1700.27840839594,3806.85934053359,40201.6487169444,118489.143159162,151308.65630793
"Sub-Saharan Africa",18,895.584323769472,1700.27840839594,3806.85934053359,40201.6487169444,118489.143159162,151308.65630793
"Sub-Saharan Africa",19,895.584323769472,1700.27840839594,3806.85934053359,40201.6487169444,118489.143159162,151308.65630793
"Sub-Saharan Africa",20,895.584323769472,1700.27840839594,3806.85934053359,40201.6487169444,118489.143159162,151308.65630793
"Sub-Saharan Africa",21,895.584323769472,1700.27840839594,3806.85934053359,40201.6487169444,118489.143159162,151308.65630793
"Sub-Saharan Africa",22,895.584323769472,1700.27840839594,3806.85934053359,40201.6487169444,118489.143159162,151308.65630793
"Sub-Saharan Africa",23,895.584323769472,1700.27840839594,3806.85934053359,40201.6487169444,118489.143159162,151308.65630793
"Sub-Saharan Africa",24,895.584323769472,1700.27840839594,3806.85934053359,40201.6487169444,118489.143159162,151308.65630793
"Sub-Saharan Africa",25,895.584323769472,1700.27840839594,3806.85934053359,40201.6487169444,118489.143159162,151308.65630793
"Sub-Saharan Africa",26,895.584323769472,1700.27840839594,3806.85934053359,40201.6487169444,118489.143159162,151308.65630793
"Sub-Saharan Africa",27,895.584323769472,1700.27840839594,3806.85934053359,40201.6487169444,118489.143159162,151308.65630793
"Sub-Saharan Africa",28,895.584323769472,1700.27840839594,3806.85934053359,40201.6487169444,118489.143159162,151308.65630793
"Sub-Saharan Africa",29,895.584323769472,1700.27840839594,3806.85934053359,40201.6487169444,118489.143159162,151308.65630793
"Sub-Saharan Africa",30,895.584323769472,1700.27840839594,3806.85934053359,40201.6487169444,118489.143159162,151308.65630793
"Sub-Saharan Africa",31,895.584323769472,1700.27840839594,3806.85934053359,40201.6487169444,118489.143159162,151308.65630793
"Sub-Saharan Africa",32,895.584323769472,1700.27840839594,3806.85934053359,40201.6487169444,118489.143159162,151308.65630793
"Sub-Saharan Africa",33,895.584323769472,1700.27840839594,3806.85934053359,40201.6487169444,118489.143159162,151308.65630793
"Sub-Saharan Africa",34,895.584323769472,1700.27840839594,3806.85934053359,40201.6487169444,118489.143159162,151308.65630793
"Sub-Saharan Africa",35,895.584323769472,1700.27840839594,3806.85934053359,40201.6487169444,118489.143159162,151308.65630793
"Sub-Saharan Africa",36,895.584323769472,1700.27840839594,3806.85934053359,40201.6487169444,118489.143159162,151308.65630793
"Sub-Saharan Africa",37,895.584323769472,1700.27840839594,3806.85934053359,40201.6487169444,118489.143159162,151308.65630793
"Sub-Saharan Africa",38,895.584323769472,1700.27840839594,3806.85934053359,40201.6487169444,118489.143159162,151308.65630793
"Sub-Saharan Africa",39,895.584323769472,1700.27840839594,3806.85934053359,40201.6487169444,118489.143159162,151308.65630793
"Sub-Saharan Africa",40,895.584323769472,1700.27840839594,3806.85934053359,40201.6487169444,118489.143159162,151308.65630793
"Sub-Saharan Africa",41,895.584323769472,1700.27840839594,3806.85934053359,40201.6487169444,118489.143159162,151308.65630793
"Sub-Saharan Africa",42,895.584323769472,1700.27840839594,3806.85934053359,40201.6487169444,118489.143159162,151308.65630793
"Sub-Saharan Africa",43,895.584323769472,1700.27840839594,3806.85934053359,40201.6487169444,118489.143159162,151308.65630793
"Sub-Saharan Africa",44,895.584323769472,1700.27840839594,3806.85934053359,40201.6487169444,118489.143159162,151308.65630793
"Sub-Saharan Africa",45,895.584323769472,1700.27840839594,3806.85934053359,40201.6487169444,118489.143159162,151308.65630793
"Sub-Saharan Africa",46,895.584323769472,1700.27840839594,3806.85934053359,40201.6487169444,118489.143159162,151308.65630793
"Sub-Saharan Africa",47,895.584323769472,1700.27840839594,3806.85934053359,40201.6487169444,118489.143159162,151308.65630793
"Sub-Saharan Africa",48,895.584323769472,1700.27840839594,3806.85934053359,40201.6487169444,118489.143159162,151308.65630793
"Sub-Saharan Africa",49,895.584323769472,1700.27840839594,3806.85934053359,40201.6487169444,118489.143159162,151308.65630793
"Sub-Saharan Africa",50,895.584323769472,1700.27840839594,3806.85934053359,40201.6487169444,118489.143159162,151308.65630793
"Sub-Saharan Africa",51,7192.36228503953,10412.7029492299,16513.8950825813,85173.4065102559,209499.887230285,259789.820257233
"Sub-Saharan Africa",52,7192.36228503953,10412.7029492299,16513.8950825813,85173.4065102559,209499.887230285,259789.820257233
"Sub-Saharan Africa",53,7192.36228503953,10412.7029492299,16513.8950825813,85173.4065102559,209499.887230285,259789.820257233
"Sub-Saharan Africa",54,7192.36228503953,10412.7029492299,16513.8950825813,85173.4065102559,209499.887230285,259789.820257233
"Sub-Saharan Africa",55,7192.36228503953,10412.7029492299,16513.8950825813,85173.4065102559,209499.887230285,259789.820257233
"Sub-Saharan Africa",56,7192.36228503953,10412.7029492299,16513.8950825813,85173.4065102559,209499.887230285,259789.820257233
"Sub-Saharan Africa",57,7192.36228503953,10412.7029492299,16513.8950825813,85173.4065102559,209499.887230285,259789.820257233
"Sub-Saharan Africa",58,7192.36228503953,10412.7029492299,16513.8950825813,85173.4065102559,209499.887230285,259789.820257233
"Sub-Saharan Africa",59,7192.36228503953,10412.7029492299,16513.8950825813,85173.4065102559,209499.887230285,259789.820257233
"Sub-Saharan Africa",60,7192.36228503953,10412.7029492299,16513.8950825813,85173.4065102559,209499.887230285,259789.820257233
"Sub-Saharan Africa",61,7192.36228503953,10412.7029492299,16513.8950825813,85173.4065102559,209499.887230285,259789.820257233
"Sub-Saharan Africa",62,7192.36228503953,10412.7029492299,16513.8950825813,85173.4065102559,209499.887230285,259789.820257233
"Sub-Saharan Africa",63,7192.36228503953,10412.7029492299,16513.8950825813,85173.4065102559,209499.887230285,259789.820257233
"Sub-Saharan Africa",64,7192.36228503953,10412.7029492299,16513.8950825813,85173.4065102559,209499.887230285,259789.820257233
"Sub-Saharan Africa",65,7192.36228503953,10412.7029492299,16513.8950825813,85173.4065102559,209499.887230285,259789.820257233
"Sub-Saharan Africa",66,7192.36228503953,10412.7029492299,16513.8950825813,85173.4065102559,209499.887230285,259789.820257233
"Sub-Saharan Africa",67,7192.36228503953,10412.7029492299,16513.8950825813,85173.4065102559,209499.887230285,259789.820257233
"Sub-Saharan Africa",68,7192.36228503953,10412.7029492299,16513.8950825813,85173.4065102559,209499.887230285,259789.820257233
"Sub-Saharan Africa",69,7192.36228503953,10412.7029492299,16513.8950825813,85173.4065102559,209499.887230285,259789.820257233
"Sub-Saharan Africa",70,7192.36228503953,10412.7029492299,16513.8950825813,85173.4065102559,209499.887230285,259789.820257233
"Sub-Saharan Africa",71,7192.36228503953,10412.7029492299,16513.8950825813,85173.4065102559,209499.887230285,259789.820257233
"Sub-Saharan Africa",72,7192.36228503953,10412.7029492299,16513.8950825813,85173.4065102559,209499.887230285,259789.820257233
"Sub-Saharan Africa",73,7192.36228503953,10412.7029492299,16513.8950825813,85173.4065102559,209499.887230285,259789.820257233
"Sub-Saharan Africa",74,7192.36228503953,10412.7029492299,16513.8950825813,85173.4065102559,209499.887230285,259789.820257233
"Sub-Saharan Africa",75,7192.36228503953,10412.7029492299,16513.8950825813,85173.4065102559,209499.887230285,259789.820257233
"Sub-Saharan Africa",76,7192.36228503953,10412.7029492299,16513.8950825813,85173.4065102559,209499.887230285,259789.820257233
"Sub-Saharan Africa",77,7192.36228503953,10412.7029492299,16513.8950825813,85173.4065102559,209499.887230285,259789.820257233
"Sub-Saharan Africa",78,7192.36228503953,10412.7029492299,16513.8950825813,85173.4065102559,209499.887230285,259789.820257233
"Sub-Saharan Africa",79,7192.36228503953,10412.7029492299,16513.8950825813,85173.4065102559,209499.887230285,259789.820257233
"Sub-Saharan Africa",80,7192.36228503953,10412.7029492299,16513.8950825813,85173.4065102559,209499.887230285,259789.820257233
"Sub-Saharan Africa",81,7192.36228503953,10412.7029492299,16513.8950825813,85173.4065102559,209499.887230285,259789.820257233
"Sub-Saharan Africa",82,7192.36228503953,10412.7029492299,16513.8950825813,85173.4065102559,209499.887230285,259789.820257233
"Sub-Saharan Africa",83,7192.36228503953,10412.7029492299,16513.8950825813,85173.4065102559,209499.887230285,259789.820257233
"Sub-Saharan Africa",84,7192.36228503953,10412.7029492299,16513.8950825813,85173.4065102559,209499.887230285,259789.820257233
"Sub-Saharan Africa",85,7192.36228503953,10412.7029492299,16513.8950825813,85173.4065102559,209499.887230285,259789.820257233
"Sub-Saharan Africa",86,7192.36228503953,10412.7029492299,16513.8950825813,85173.4065102559,209499.887230285,259789.820257233
"Sub-Saharan Africa",87,7192.36228503953,10412.7029492299,16513.8950825813,85173.4065102559,209499.887230285,259789.820257233
"Sub-Saharan Africa",88,7192.36228503953,10412.7029492299,16513.8950825813,85173.4065102559,209499.887230285,259789.820257233
"Sub-Saharan Africa",89,7192.36228503953,10412.7029492299,16513.8950825813,85173.4065102559,209499.887230285,259789.820257233
"Sub-Saharan Africa",90,7192.36228503953,10412.7029492299,16513.8950825813,85173.4065102559,209499.887230285,259789.820257233
"Sub-Saharan Africa",91,37874.8007358426,59849.3460417539,86658.4081298485,254646.920401696,462611.75919914,518273.217240771
"Sub-Saharan Africa",92,37874.8007358426,59849.3460417539,86658.4081298485,254646.920401696,462611.75919914,518273.217240771
"Sub-Saharan Africa",93,37874.8007358426,59849.3460417539,86658.4081298485,254646.920401696,462611.75919914,518273.217240771
"Sub-Saharan Africa",94,37874.8007358426,59849.3460417539,86658.4081298485,254646.920401696,462611.75919914,518273.217240771
"Sub-Saharan Africa",95,37874.8007358426,59849.3460417539,86658.4081298485,254646.920401696,462611.75919914,518273.217240771
"Sub-Saharan Africa",96,37874.8007358426,59849.3460417539,86658.4081298485,254646.920401696,462611.75919914,518273.217240771
"Sub-Saharan Africa",97,37874.8007358426,59849.3460417539,86658.4081298485,254646.920401696,462611.75919914,518273.217240771
"Sub-Saharan Africa",98,37874.8007358426,59849.3460417539,86658.4081298485,254646.920401696,462611.75919914,518273.217240771
"Sub-Saharan Africa",99,37874.8007358426,59849.3460417539,86658.4081298485,254646.920401696,462611.75919914,518273.217240771
"Sub-Saharan Africa",100,347515.033673266,452941.385025512,543723.297390004,877261.270882968,1053408.63674805,1052185.50838115
"Russia Central Asia",1,-4221.77067602558,-2921.59971464143,-80.3061340371411,25456.4172531214,83275.6788563681,118547.3408471
"Russia Central Asia",2,-4221.77067602558,-2921.59971464143,-80.3061340371411,25456.4172531214,83275.6788563681,118547.3408471
"Russia Central Asia",3,-4221.77067602558,-2921.59971464143,-80.3061340371411,25456.4172531214,83275.6788563681,118547.3408471
"Russia Central Asia",4,-4221.77067602558,-2921.59971464143,-80.3061340371411,25456.4172531214,83275.6788563681,118547.3408471
"Russia Central Asia",5,-4221.77067602558,-2921.59971464143,-80.3061340371411,25456.4172531214,83275.6788563681,118547.3408471
"Russia Central Asia",6,-4221.77067602558,-2921.59971464143,-80.3061340371411,25456.4172531214,83275.6788563681,118547.3408471
"Russia Central Asia",7,-4221.77067602558,-2921.59971464143,-80.3061340371411,25456.4172531214,83275.6788563681,118547.3408471
"Russia Central Asia",8,-4221.77067602558,-2921.59971464143,-80.3061340371411,25456.4172531214,83275.6788563681,118547.3408471
"Russia Central Asia",9,-4221.77067602558,-2921.59971464143,-80.3061340371411,25456.4172531214,83275.6788563681,118547.3408471
"Russia Central Asia",10,-4221.77067602558,-2921.59971464143,-80.3061340371411,25456.4172531214,83275.6788563681,118547.3408471
"Russia Central Asia",11,6067.09284894884,9591.54061747801,15108.8416825374,50036.907675986,112988.217350364,149382.867314209
"Russia Central Asia",12,6067.09284894884,9591.54061747801,15108.8416825374,50036.907675986,112988.217350364,149382.867314209
"Russia Central Asia",13,6067.09284894884,9591.54061747801,15108.8416825374,50036.907675986,112988.217350364,149382.867314209
"Russia Central Asia",14,6067.09284894884,9591.54061747801,15108.8416825374,50036.907675986,112988.217350364,149382.867314209
"Russia Central Asia",15,6067.09284894884,9591.54061747801,15108.8416825374,50036.907675986,112988.217350364,149382.867314209
"Russia Central Asia",16,6067.09284894884,9591.54061747801,15108.8416825374,50036.907675986,112988.217350364,149382.867314209
"Russia Central Asia",17,6067.09284894884,9591.54061747801,15108.8416825374,50036.907675986,112988.217350364,149382.867314209
"Russia Central Asia",18,6067.09284894884,9591.54061747801,15108.8416825374,50036.907675986,112988.217350364,149382.867314209
"Russia Central Asia",19,6067.09284894884,9591.54061747801,15108.8416825374,50036.907675986,112988.217350364,149382.867314209
"Russia Central Asia",20,6067.09284894884,9591.54061747801,15108.8416825374,50036.907675986,112988.217350364,149382.867314209
"Russia Central Asia",21,6067.09284894884,9591.54061747801,15108.8416825374,50036.907675986,112988.217350364,149382.867314209
"Russia Central Asia",22,6067.09284894884,9591.54061747801,15108.8416825374,50036.907675986,112988.217350364,149382.867314209
"Russia Central Asia",23,6067.09284894884,9591.54061747801,15108.8416825374,50036.907675986,112988.217350364,149382.867314209
"Russia Central Asia",24,6067.09284894884,9591.54061747801,15108.8416825374,50036.907675986,112988.217350364,149382.867314209
"Russia Central Asia",25,6067.09284894884,9591.54061747801,15108.8416825374,50036.907675986,112988.217350364,149382.867314209
"Russia Central Asia",26,6067.09284894884,9591.54061747801,15108.8416825374,50036.907675986,112988.217350364,149382.867314209
"Russia Central Asia",27,6067.09284894884,9591.54061747801,15108.8416825374,50036.907675986,112988.217350364,149382.867314209
"Russia Central Asia",28,6067.09284894884,9591.54061747801,15108.8416825374,50036.907675986,112988.217350364,149382.867314209
"Russia Central Asia",29,6067.09284894884,9591.54061747801,15108.8416825374,50036.907675986,112988.217350364,149382.867314209
"Russia Central Asia",30,6067.09284894884,9591.54061747801,15108.8416825374,50036.907675986,112988.217350364,149382.867314209
"Russia Central Asia",31,6067.09284894884,9591.54061747801,15108.8416825374,50036.907675986,112988.217350364,149382.867314209
"Russia Central Asia",32,6067.09284894884,9591.54061747801,15108.8416825374,50036.907675986,112988.217350364,149382.867314209
"Russia Central Asia",33,6067.09284894884,9591.54061747801,15108.8416825374,50036.907675986,112988.217350364,149382.867314209
"Russia Central Asia",34,6067.09284894884,9591.54061747801,15108.8416825374,50036.907675986,112988.217350364,149382.867314209
"Russia Central Asia",35,6067.09284894884,9591.54061747801,15108.8416825374,50036.907675986,112988.217350364,149382.867314209
"Russia Central Asia",36,6067.09284894884,9591.54061747801,15108.8416825374,50036.907675986,112988.217350364,149382.867314209
"Russia Central Asia",37,6067.09284894884,9591.54061747801,15108.8416825374,50036.907675986,112988.217350364,149382.867314209
"Russia Central Asia",38,6067.09284894884,9591.54061747801,15108.8416825374,50036.907675986,112988.217350364,149382.867314209
"Russia Central Asia",39,6067.09284894884,9591.54061747801,15108.8416825374,50036.907675986,112988.217350364,149382.867314209
"Russia Central Asia",40,6067.09284894884,9591.54061747801,15108.8416825374,50036.907675986,112988.217350364,149382.867314209
"Russia Central Asia",41,6067.09284894884,9591.54061747801,15108.8416825374,50036.907675986,112988.217350364,149382.867314209
"Russia Central Asia",42,6067.09284894884,9591.54061747801,15108.8416825374,50036.907675986,112988.217350364,149382.867314209
"Russia Central Asia",43,6067.09284894884,9591.54061747801,15108.8416825374,50036.907675986,112988.217350364,149382.867314209
"Russia Central Asia",44,6067.09284894884,9591.54061747801,15108.8416825374,50036.907675986,112988.217350364,149382.867314209
"Russia Central Asia",45,6067.09284894884,9591.54061747801,15108.8416825374,50036.907675986,112988.217350364,149382.867314209
"Russia Central Asia",46,6067.09284894884,9591.54061747801,15108.8416825374,50036.907675986,112988.217350364,149382.867314209
"Russia Central Asia",47,6067.09284894884,9591.54061747801,15108.8416825374,50036.907675986,112988.217350364,149382.867314209
"Russia Central Asia",48,6067.09284894884,9591.54061747801,15108.8416825374,50036.907675986,112988.217350364,149382.867314209
"Russia Central Asia",49,6067.09284894884,9591.54061747801,15108.8416825374,50036.907675986,112988.217350364,149382.867314209
"Russia Central Asia",50,6067.09284894884,9591.54061747801,15108.8416825374,50036.907675986,112988.217350364,149382.867314209
"Russia Central Asia",51,43537.9892330098,52663.4143496946,63803.8306226246,120710.266070986,207512.017878621,260383.768428064
"Russia Central Asia",52,43537.9892330098,52663.4143496946,63803.8306226246,120710.266070986,207512.017878621,260383.768428064
"Russia Central Asia",53,43537.9892330098,52663.4143496946,63803.8306226246,120710.266070986,207512.017878621,260383.768428064
"Russia Central Asia",54,43537.9892330098,52663.4143496946,63803.8306226246,120710.266070986,207512.017878621,260383.768428064
"Russia Central Asia",55,43537.9892330098,52663.4143496946,63803.8306226246,120710.266070986,207512.017878621,260383.768428064
"Russia Central Asia",56,43537.9892330098,52663.4143496946,63803.8306226246,120710.266070986,207512.017878621,260383.768428064
"Russia Central Asia",57,43537.9892330098,52663.4143496946,63803.8306226246,120710.266070986,207512.017878621,260383.768428064
"Russia Central Asia",58,43537.9892330098,52663.4143496946,63803.8306226246,120710.266070986,207512.017878621,260383.768428064
"Russia Central Asia",59,43537.9892330098,52663.4143496946,63803.8306226246,120710.266070986,207512.017878621,260383.768428064
"Russia Central Asia",60,43537.9892330098,52663.4143496946,63803.8306226246,120710.266070986,207512.017878621,260383.768428064
"Russia Central Asia",61,43537.9892330098,52663.4143496946,63803.8306226246,120710.266070986,207512.017878621,260383.768428064
"Russia Central Asia",62,43537.9892330098,52663.4143496946,63803.8306226246,120710.266070986,207512.017878621,260383.768428064
"Russia Central Asia",63,43537.9892330098,52663.4143496946,63803.8306226246,120710.266070986,207512.017878621,260383.768428064
"Russia Central Asia",64,43537.9892330098,52663.4143496946,63803.8306226246,120710.266070986,207512.017878621,260383.768428064
"Russia Central Asia",65,43537.9892330098,52663.4143496946,63803.8306226246,120710.266070986,207512.017878621,260383.768428064
"Russia Central Asia",66,43537.9892330098,52663.4143496946,63803.8306226246,120710.266070986,207512.017878621,260383.768428064
"Russia Central Asia",67,43537.9892330098,52663.4143496946,63803.8306226246,120710.266070986,207512.017878621,260383.768428064
"Russia Central Asia",68,43537.9892330098,52663.4143496946,63803.8306226246,120710.266070986,207512.017878621,260383.768428064
"Russia Central Asia",69,43537.9892330098,52663.4143496946,63803.8306226246,120710.266070986,207512.017878621,260383.768428064
"Russia Central Asia",70,43537.9892330098,52663.4143496946,63803.8306226246,120710.266070986,207512.017878621,260383.768428064
"Russia Central Asia",71,43537.9892330098,52663.4143496946,63803.8306226246,120710.266070986,207512.017878621,260383.768428064
"Russia Central Asia",72,43537.9892330098,52663.4143496946,63803.8306226246,120710.266070986,207512.017878621,260383.768428064
"Russia Central Asia",73,43537.9892330098,52663.4143496946,63803.8306226246,120710.266070986,207512.017878621,260383.768428064
"Russia Central Asia",74,43537.9892330098,52663.4143496946,63803.8306226246,120710.266070986,207512.017878621,260383.768428064
"Russia Central Asia",75,43537.9892330098,52663.4143496946,63803.8306226246,120710.266070986,207512.017878621,260383.768428064
"Russia Central Asia",76,43537.9892330098,52663.4143496946,63803.8306226246,120710.266070986,207512.017878621,260383.768428064
"Russia Central Asia",77,43537.9892330098,52663.4143496946,63803.8306226246,120710.266070986,207512.017878621,260383.768428064
"Russia Central Asia",78,43537.9892330098,52663.4143496946,63803.8306226246,120710.266070986,207512.017878621,260383.768428064
"Russia Central Asia",79,43537.9892330098,52663.4143496946,63803.8306226246,120710.266070986,207512.017878621,260383.768428064
"Russia Central Asia",80,43537.9892330098,52663.4143496946,63803.8306226246,120710.266070986,207512.017878621,260383.768428064
"Russia Central Asia",81,43537.9892330098,52663.4143496946,63803.8306226246,120710.266070986,207512.017878621,260383.768428064
"Russia Central Asia",82,43537.9892330098,52663.4143496946,63803.8306226246,120710.266070986,207512.017878621,260383.768428064
"Russia Central Asia",83,43537.9892330098,52663.4143496946,63803.8306226246,120710.266070986,207512.017878621,260383.768428064
"Russia Central Asia",84,43537.9892330098,52663.4143496946,63803.8306226246,120710.266070986,207512.017878621,260383.768428064
"Russia Central Asia",85,43537.9892330098,52663.4143496946,63803.8306226246,120710.266070986,207512.017878621,260383.768428064
"Russia Central Asia",86,43537.9892330098,52663.4143496946,63803.8306226246,120710.266070986,207512.017878621,260383.768428064
"Russia Central Asia",87,43537.9892330098,52663.4143496946,63803.8306226246,120710.266070986,207512.017878621,260383.768428064
"Russia Central Asia",88,43537.9892330098,52663.4143496946,63803.8306226246,120710.266070986,207512.017878621,260383.768428064
"Russia Central Asia",89,43537.9892330098,52663.4143496946,63803.8306226246,120710.266070986,207512.017878621,260383.768428064
"Russia Central Asia",90,43537.9892330098,52663.4143496946,63803.8306226246,120710.266070986,207512.017878621,260383.768428064
"Russia Central Asia",91,225205.870066414,279298.636111769,315769.468695846,403954.349208741,482482.099553292,531567.670612514
"Russia Central Asia",92,225205.870066414,279298.636111769,315769.468695846,403954.349208741,482482.099553292,531567.670612514
"Russia Central Asia",93,225205.870066414,279298.636111769,315769.468695846,403954.349208741,482482.099553292,531567.670612514
"Russia Central Asia",94,225205.870066414,279298.636111769,315769.468695846,403954.349208741,482482.099553292,531567.670612514
"Russia Central Asia",95,225205.870066414,279298.636111769,315769.468695846,403954.349208741,482482.099553292,531567.670612514
"Russia Central Asia",96,225205.870066414,279298.636111769,315769.468695846,403954.349208741,482482.099553292,531567.670612514
"Russia Central Asia",97,225205.870066414,279298.636111769,315769.468695846,403954.349208741,482482.099553292,531567.670612514
"Russia Central Asia",98,225205.870066414,279298.636111769,315769.468695846,403954.349208741,482482.099553292,531567.670612514
"Russia Central Asia",99,225205.870066414,279298.636111769,315769.468695846,403954.349208741,482482.099553292,531567.670612514
"Russia Central Asia",100,2950827.40406977,2434390.22937857,1990663.18286257,1332002.37019843,1052329.91483209,1039752.25831276
"East Asia",1,-4632.32881636596,-3293.81667986807,-861.208631458794,12026.0059132575,55915.0295340729,97217.1846811785
"East Asia",2,-4632.32881636596,-3293.81667986807,-861.208631458794,12026.0059132575,55915.0295340729,97217.1846811785
"East Asia",3,-4632.32881636596,-3293.81667986807,-861.208631458794,12026.0059132575,55915.0295340729,97217.1846811785
"East Asia",4,-4632.32881636596,-3293.81667986807,-861.208631458794,12026.0059132575,55915.0295340729,97217.1846811785
"East Asia",5,-4632.32881636596,-3293.81667986807,-861.208631458794,12026.0059132575,55915.0295340729,97217.1846811785
"East Asia",6,-4632.32881636596,-3293.81667986807,-861.208631458794,12026.0059132575,55915.0295340729,97217.1846811785
"East Asia",7,-4632.32881636596,-3293.81667986807,-861.208631458794,12026.0059132575,55915.0295340729,97217.1846811785
"East Asia",8,-4632.32881636596,-3293.81667986807,-861.208631458794,12026.0059132575,55915.0295340729,97217.1846811785
"East Asia",9,-4632.32881636596,-3293.81667986807,-861.208631458794,12026.0059132575,55915.0295340729,97217.1846811785
"East Asia",10,-4632.32881636596,-3293.81667986807,-861.208631458794,12026.0059132575,55915.0295340729,97217.1846811785
"East Asia",11,15772.7879181471,18045.5109979458,21601.2440041817,36083.4521311445,86087.1217177148,134079.560510858
"East Asia",12,15772.7879181471,18045.5109979458,21601.2440041817,36083.4521311445,86087.1217177148,134079.560510858
"East Asia",13,15772.7879181471,18045.5109979458,21601.2440041817,36083.4521311445,86087.1217177148,134079.560510858
"East Asia",14,15772.7879181471,18045.5109979458,21601.2440041817,36083.4521311445,86087.1217177148,134079.560510858
"East Asia",15,15772.7879181471,18045.5109979458,21601.2440041817,36083.4521311445,86087.1217177148,134079.560510858
"East Asia",16,15772.7879181471,18045.5109979458,21601.2440041817,36083.4521311445,86087.1217177148,134079.560510858
"East Asia",17,15772.7879181471,18045.5109979458,21601.2440041817,36083.4521311445,86087.1217177148,134079.560510858
"East Asia",18,15772.7879181471,18045.5109979458,21601.2440041817,36083.4521311445,86087.1217177148,134079.560510858
"East Asia",19,15772.7879181471,18045.5109979458,21601.2440041817,36083.4521311445,86087.1217177148,134079.560510858
"East Asia",20,15772.7879181471,18045.5109979458,21601.2440041817,36083.4521311445,86087.1217177148,134079.560510858
"East Asia",21,15772.7879181471,18045.5109979458,21601.2440041817,36083.4521311445,86087.1217177148,134079.560510858
"East Asia",22,15772.7879181471,18045.5109979458,21601.2440041817,36083.4521311445,86087.1217177148,134079.560510858
"East Asia",23,15772.7879181471,18045.5109979458,21601.2440041817,36083.4521311445,86087.1217177148,134079.560510858
"East Asia",24,15772.7879181471,18045.5109979458,21601.2440041817,36083.4521311445,86087.1217177148,134079.560510858
"East Asia",25,15772.7879181471,18045.5109979458,21601.2440041817,36083.4521311445,86087.1217177148,134079.560510858
"East Asia",26,15772.7879181471,18045.5109979458,21601.2440041817,36083.4521311445,86087.1217177148,134079.560510858
"East Asia",27,15772.7879181471,18045.5109979458,21601.2440041817,36083.4521311445,86087.1217177148,134079.560510858
"East Asia",28,15772.7879181471,18045.5109979458,21601.2440041817,36083.4521311445,86087.1217177148,134079.560510858
"East Asia",29,15772.7879181471,18045.5109979458,21601.2440041817,36083.4521311445,86087.1217177148,134079.560510858
"East Asia",30,15772.7879181471,18045.5109979458,21601.2440041817,36083.4521311445,86087.1217177148,134079.560510858
"East Asia",31,15772.7879181471,18045.5109979458,21601.2440041817,36083.4521311445,86087.1217177148,134079.560510858
"East Asia",32,15772.7879181471,18045.5109979458,21601.2440041817,36083.4521311445,86087.1217177148,134079.560510858
"East Asia",33,15772.7879181471,18045.5109979458,21601.2440041817,36083.4521311445,86087.1217177148,134079.560510858
"East Asia",34,15772.7879181471,18045.5109979458,21601.2440041817,36083.4521311445,86087.1217177148,134079.560510858
"East Asia",35,15772.7879181471,18045.5109979458,21601.2440041817,36083.4521311445,86087.1217177148,134079.560510858
"East Asia",36,15772.7879181471,18045.5109979458,21601.2440041817,36083.4521311445,86087.1217177148,134079.560510858
"East Asia",37,15772.7879181471,18045.5109979458,21601.2440041817,36083.4521311445,86087.1217177148,134079.560510858
"East Asia",38,15772.7879181471,18045.5109979458,21601.2440041817,36083.4521311445,86087.1217177148,134079.560510858
"East Asia",39,15772.7879181471,18045.5109979458,21601.2440041817,36083.4521311445,86087.1217177148,134079.560510858
"East Asia",40,15772.7879181471,18045.5109979458,21601.2440041817,36083.4521311445,86087.1217177148,134079.560510858
"East Asia",41,15772.7879181471,18045.5109979458,21601.2440041817,36083.4521311445,86087.1217177148,134079.560510858
"East Asia",42,15772.7879181471,18045.5109979458,21601.2440041817,36083.4521311445,86087.1217177148,134079.560510858
"East Asia",43,15772.7879181471,18045.5109979458,21601.2440041817,36083.4521311445,86087.1217177148,134079.560510858
"East Asia",44,15772.7879181471,18045.5109979458,21601.2440041817,36083.4521311445,86087.1217177148,134079.560510858
"East Asia",45,15772.7879181471,18045.5109979458,21601.2440041817,36083.4521311445,86087.1217177148,134079.560510858
"East Asia",46,15772.7879181471,18045.5109979458,21601.2440041817,36083.4521311445,86087.1217177148,134079.560510858
"East Asia",47,15772.7879181471,18045.5109979458,21601.2440041817,36083.4521311445,86087.1217177148,134079.560510858
"East Asia",48,15772.7879181471,18045.5109979458,21601.2440041817,36083.4521311445,86087.1217177148,134079.560510858
"East Asia",49,15772.7879181471,18045.5109979458,21601.2440041817,36083.4521311445,86087.1217177148,134079.560510858
"East Asia",50,15772.7879181471,18045.5109979458,21601.2440041817,36083.4521311445,86087.1217177148,134079.560510858
"East Asia",51,72065.6229534646,81324.1132876957,90999.2505893142,113386.65615887,184274.489826038,254959.021206874
"East Asia",52,72065.6229534646,81324.1132876957,90999.2505893142,113386.65615887,184274.489826038,254959.021206874
"East Asia",53,72065.6229534646,81324.1132876957,90999.2505893142,113386.65615887,184274.489826038,254959.021206874
"East Asia",54,72065.6229534646,81324.1132876957,90999.2505893142,113386.65615887,184274.489826038,254959.021206874
"East Asia",55,72065.6229534646,81324.1132876957,90999.2505893142,113386.65615887,184274.489826038,254959.021206874
"East Asia",56,72065.6229534646,81324.1132876957,90999.2505893142,113386.65615887,184274.489826038,254959.021206874
"East Asia",57,72065.6229534646,81324.1132876957,90999.2505893142,113386.65615887,184274.489826038,254959.021206874
"East Asia",58,72065.6229534646,81324.1132876957,90999.2505893142,113386.65615887,184274.489826038,254959.021206874
"East Asia",59,72065.6229534646,81324.1132876957,90999.2505893142,113386.65615887,184274.489826038,254959.021206874
"East Asia",60,72065.6229534646,81324.1132876957,90999.2505893142,113386.65615887,184274.489826038,254959.021206874
"East Asia",61,72065.6229534646,81324.1132876957,90999.2505893142,113386.65615887,184274.489826038,254959.021206874
"East Asia",62,72065.6229534646,81324.1132876957,90999.2505893142,113386.65615887,184274.489826038,254959.021206874
"East Asia",63,72065.6229534646,81324.1132876957,90999.2505893142,113386.65615887,184274.489826038,254959.021206874
"East Asia",64,72065.6229534646,81324.1132876957,90999.2505893142,113386.65615887,184274.489826038,254959.021206874
"East Asia",65,72065.6229534646,81324.1132876957,90999.2505893142,113386.65615887,184274.489826038,254959.021206874
"East Asia",66,72065.6229534646,81324.1132876957,90999.2505893142,113386.65615887,184274.489826038,254959.021206874
"East Asia",67,72065.6229534646,81324.1132876957,90999.2505893142,113386.65615887,184274.489826038,254959.021206874
"East Asia",68,72065.6229534646,81324.1132876957,90999.2505893142,113386.65615887,184274.489826038,254959.021206874
"East Asia",69,72065.6229534646,81324.1132876957,90999.2505893142,113386.65615887,184274.489826038,254959.021206874
"East Asia",70,72065.6229534646,81324.1132876957,90999.2505893142,113386.65615887,184274.489826038,254959.021206874
"East Asia",71,72065.6229534646,81324.1132876957,90999.2505893142,113386.65615887,184274.489826038,254959.021206874
"East Asia",72,72065.6229534646,81324.1132876957,90999.2505893142,113386.65615887,184274.489826038,254959.021206874
"East Asia",73,72065.6229534646,81324.1132876957,90999.2505893142,113386.65615887,184274.489826038,254959.021206874
"East Asia",74,72065.6229534646,81324.1132876957,90999.2505893142,113386.65615887,184274.489826038,254959.021206874
"East Asia",75,72065.6229534646,81324.1132876957,90999.2505893142,113386.65615887,184274.489826038,254959.021206874
"East Asia",76,72065.6229534646,81324.1132876957,90999.2505893142,113386.65615887,184274.489826038,254959.021206874
"East Asia",77,72065.6229534646,81324.1132876957,90999.2505893142,113386.65615887,184274.489826038,254959.021206874
"East Asia",78,72065.6229534646,81324.1132876957,90999.2505893142,113386.65615887,184274.489826038,254959.021206874
"East Asia",79,72065.6229534646,81324.1132876957,90999.2505893142,113386.65615887,184274.489826038,254959.021206874
"East Asia",80,72065.6229534646,81324.1132876957,90999.2505893142,113386.65615887,184274.489826038,254959.021206874
"East Asia",81,72065.6229534646,81324.1132876957,90999.2505893142,113386.65615887,184274.489826038,254959.021206874
"East Asia",82,72065.6229534646,81324.1132876957,90999.2505893142,113386.65615887,184274.489826038,254959.021206874
"East Asia",83,72065.6229534646,81324.1132876957,90999.2505893142,113386.65615887,184274.489826038,254959.021206874
"East Asia",84,72065.6229534646,81324.1132876957,90999.2505893142,113386.65615887,184274.489826038,254959.021206874
"East Asia",85,72065.6229534646,81324.1132876957,90999.2505893142,113386.65615887,184274.489826038,254959.021206874
"East Asia",86,72065.6229534646,81324.1132876957,90999.2505893142,113386.65615887,184274.489826038,254959.021206874
"East Asia",87,72065.6229534646,81324.1132876957,90999.2505893142,113386.65615887,184274.489826038,254959.021206874
"East Asia",88,72065.6229534646,81324.1132876957,90999.2505893142,113386.65615887,184274.489826038,254959.021206874
"East Asia",89,72065.6229534646,81324.1132876957,90999.2505893142,113386.65615887,184274.489826038,254959.021206874
"East Asia",90,72065.6229534646,81324.1132876957,90999.2505893142,113386.65615887,184274.489826038,254959.021206874
"East Asia",91,485729.635303845,517237.437086382,529353.549488529,509869.965465413,554598.253784915,630052.616087156
"East Asia",92,485729.635303845,517237.437086382,529353.549488529,509869.965465413,554598.253784915,630052.616087156
"East Asia",93,485729.635303845,517237.437086382,529353.549488529,509869.965465413,554598.253784915,630052.616087156
"East Asia",94,485729.635303845,517237.437086382,529353.549488529,509869.965465413,554598.253784915,630052.616087156
"East Asia",95,485729.635303845,517237.437086382,529353.549488529,509869.965465413,554598.253784915,630052.616087156
"East Asia",96,485729.635303845,517237.437086382,529353.549488529,509869.965465413,554598.253784915,630052.616087156
"East Asia",97,485729.635303845,517237.437086382,529353.549488529,509869.965465413,554598.253784915,630052.616087156
"East Asia",98,485729.635303845,517237.437086382,529353.549488529,509869.965465413,554598.253784915,630052.616087156
"East Asia",99,485729.635303845,517237.437086382,529353.549488529,509869.965465413,554598.253784915,630052.616087156
"East Asia",100,3430807.18388712,2799685.79941539,2262301.14834402,1274759.80838898,1081850.40819267,1195811.75005961
"South & South-East Asia",1,-2132.96130952933,-1215.62219754159,1171.30283610854,28173.714316892,89572.9137556878,121243.801288842
"South & South-East Asia",2,-2132.96130952933,-1215.62219754159,1171.30283610854,28173.714316892,89572.9137556878,121243.801288842
"South & South-East Asia",3,-2132.96130952933,-1215.62219754159,1171.30283610854,28173.714316892,89572.9137556878,121243.801288842
"South & South-East Asia",4,-2132.96130952933,-1215.62219754159,1171.30283610854,28173.714316892,89572.9137556878,121243.801288842
"South & South-East Asia",5,-2132.96130952933,-1215.62219754159,1171.30283610854,28173.714316892,89572.9137556878,121243.801288842
"South & South-East Asia",6,-2132.96130952933,-1215.62219754159,1171.30283610854,28173.714316892,89572.9137556878,121243.801288842
"South & South-East Asia",7,-2132.96130952933,-1215.62219754159,1171.30283610854,28173.714316892,89572.9137556878,121243.801288842
"South & South-East Asia",8,-2132.96130952933,-1215.62219754159,1171.30283610854,28173.714316892,89572.9137556878,121243.801288842
"South & South-East Asia",9,-2132.96130952933,-1215.62219754159,1171.30283610854,28173.714316892,89572.9137556878,121243.801288842
"South & South-East Asia",10,-2132.96130952933,-1215.62219754159,1171.30283610854,28173.714316892,89572.9137556878,121243.801288842
"South & South-East Asia",11,4305.47913119893,6191.60899013395,10299.0539150173,44860.9218723641,113900.678827921,149370.659623374
"South & South-East Asia",12,4305.47913119893,6191.60899013395,10299.0539150173,44860.9218723641,113900.678827921,149370.659623374
"South & South-East Asia",13,4305.47913119893,6191.60899013395,10299.0539150173,44860.9218723641,113900.678827921,149370.659623374
"South & South-East Asia",14,4305.47913119893,6191.60899013395,10299.0539150173,44860.9218723641,113900.678827921,149370.659623374
"South & South-East Asia",15,4305.47913119893,6191.60899013395,10299.0539150173,44860.9218723641,113900.678827921,149370.659623374
"South & South-East Asia",16,4305.47913119893,6191.60899013395,10299.0539150173,44860.9218723641,113900.678827921,149370.659623374
"South & South-East Asia",17,4305.47913119893,6191.60899013395,10299.0539150173,44860.9218723641,113900.678827921,149370.659623374
"South & South-East Asia",18,4305.47913119893,6191.60899013395,10299.0539150173,44860.9218723641,113900.678827921,149370.659623374
"South & South-East Asia",19,4305.47913119893,6191.60899013395,10299.0539150173,44860.9218723641,113900.678827921,149370.659623374
"South & South-East Asia",20,4305.47913119893,6191.60899013395,10299.0539150173,44860.9218723641,113900.678827921,149370.659623374
"South & South-East Asia",21,4305.47913119893,6191.60899013395,10299.0539150173,44860.9218723641,113900.678827921,149370.659623374
"South & South-East Asia",22,4305.47913119893,6191.60899013395,10299.0539150173,44860.9218723641,113900.678827921,149370.659623374
"South & South-East Asia",23,4305.47913119893,6191.60899013395,10299.0539150173,44860.9218723641,113900.678827921,149370.659623374
"South & South-East Asia",24,4305.47913119893,6191.60899013395,10299.0539150173,44860.9218723641,113900.678827921,149370.659623374
"South & South-East Asia",25,4305.47913119893,6191.60899013395,10299.0539150173,44860.9218723641,113900.678827921,149370.659623374
"South & South-East Asia",26,4305.47913119893,6191.60899013395,10299.0539150173,44860.9218723641,113900.678827921,149370.659623374
"South & South-East Asia",27,4305.47913119893,6191.60899013395,10299.0539150173,44860.9218723641,113900.678827921,149370.659623374
"South & South-East Asia",28,4305.47913119893,6191.60899013395,10299.0539150173,44860.9218723641,113900.678827921,149370.659623374
"South & South-East Asia",29,4305.47913119893,6191.60899013395,10299.0539150173,44860.9218723641,113900.678827921,149370.659623374
"South & South-East Asia",30,4305.47913119893,6191.60899013395,10299.0539150173,44860.9218723641,113900.678827921,149370.659623374
"South & South-East Asia",31,4305.47913119893,6191.60899013395,10299.0539150173,44860.9218723641,113900.678827921,149370.659623374
"South & South-East Asia",32,4305.47913119893,6191.60899013395,10299.0539150173,44860.9218723641,113900.678827921,149370.659623374
"South & South-East Asia",33,4305.47913119893,6191.60899013395,10299.0539150173,44860.9218723641,113900.678827921,149370.659623374
"South & South-East Asia",34,4305.47913119893,6191.60899013395,10299.0539150173,44860.9218723641,113900.678827921,149370.659623374
"South & South-East Asia",35,4305.47913119893,6191.60899013395,10299.0539150173,44860.9218723641,113900.678827921,149370.659623374
"South & South-East Asia",36,4305.47913119893,6191.60899013395,10299.0539150173,44860.9218723641,113900.678827921,149370.659623374
"South & South-East Asia",37,4305.47913119893,6191.60899013395,10299.0539150173,44860.9218723641,113900.678827921,149370.659623374
"South & South-East Asia",38,4305.47913119893,6191.60899013395,10299.0539150173,44860.9218723641,113900.678827921,149370.659623374
"South & South-East Asia",39,4305.47913119893,6191.60899013395,10299.0539150173,44860.9218723641,113900.678827921,149370.659623374
"South & South-East Asia",40,4305.47913119893,6191.60899013395,10299.0539150173,44860.9218723641,113900.678827921,149370.659623374
"South & South-East Asia",41,4305.47913119893,6191.60899013395,10299.0539150173,44860.9218723641,113900.678827921,149370.659623374
"South & South-East Asia",42,4305.47913119893,6191.60899013395,10299.0539150173,44860.9218723641,113900.678827921,149370.659623374
"South & South-East Asia",43,4305.47913119893,6191.60899013395,10299.0539150173,44860.9218723641,113900.678827921,149370.659623374
"South & South-East Asia",44,4305.47913119893,6191.60899013395,10299.0539150173,44860.9218723641,113900.678827921,149370.659623374
"South & South-East Asia",45,4305.47913119893,6191.60899013395,10299.0539150173,44860.9218723641,113900.678827921,149370.659623374
"South & South-East Asia",46,4305.47913119893,6191.60899013395,10299.0539150173,44860.9218723641,113900.678827921,149370.659623374
"South & South-East Asia",47,4305.47913119893,6191.60899013395,10299.0539150173,44860.9218723641,113900.678827921,149370.659623374
"South & South-East Asia",48,4305.47913119893,6191.60899013395,10299.0539150173,44860.9218723641,113900.678827921,149370.659623374
"South & South-East Asia",49,4305.47913119893,6191.60899013395,10299.0539150173,44860.9218723641,113900.678827921,149370.659623374
"South & South-East Asia",50,4305.47913119893,6191.60899013395,10299.0539150173,44860.9218723641,113900.678827921,149370.659623374
"South & South-East Asia",51,23940.2835710324,29069.9445519105,37804.8197893079,95278.0940053969,200500.28951831,255886.867885758
"South & South-East Asia",52,23940.2835710324,29069.9445519105,37804.8197893079,95278.0940053969,200500.28951831,255886.867885758
"South & South-East Asia",53,23940.2835710324,29069.9445519105,37804.8197893079,95278.0940053969,200500.28951831,255886.867885758
"South & South-East Asia",54,23940.2835710324,29069.9445519105,37804.8197893079,95278.0940053969,200500.28951831,255886.867885758
"South & South-East Asia",55,23940.2835710324,29069.9445519105,37804.8197893079,95278.0940053969,200500.28951831,255886.867885758
"South & South-East Asia",56,23940.2835710324,29069.9445519105,37804.8197893079,95278.0940053969,200500.28951831,255886.867885758
"South & South-East Asia",57,23940.2835710324,29069.9445519105,37804.8197893079,95278.0940053969,200500.28951831,255886.867885758
"South & South-East Asia",58,23940.2835710324,29069.9445519105,37804.8197893079,95278.0940053969,200500.28951831,255886.867885758
"South & South-East Asia",59,23940.2835710324,29069.9445519105,37804.8197893079,95278.0940053969,200500.28951831,255886.867885758
"South & South-East Asia",60,23940.2835710324,29069.9445519105,37804.8197893079,95278.0940053969,200500.28951831,255886.867885758
"South & South-East Asia",61,23940.2835710324,29069.9445519105,37804.8197893079,95278.0940053969,200500.28951831,255886.867885758
"South & South-East Asia",62,23940.2835710324,29069.9445519105,37804.8197893079,95278.0940053969,200500.28951831,255886.867885758
"South & South-East Asia",63,23940.2835710324,29069.9445519105,37804.8197893079,95278.0940053969,200500.28951831,255886.867885758
"South & South-East Asia",64,23940.2835710324,29069.9445519105,37804.8197893079,95278.0940053969,200500.28951831,255886.867885758
"South & South-East Asia",65,23940.2835710324,29069.9445519105,37804.8197893079,95278.0940053969,200500.28951831,255886.867885758
"South & South-East Asia",66,23940.2835710324,29069.9445519105,37804.8197893079,95278.0940053969,200500.28951831,255886.867885758
"South & South-East Asia",67,23940.2835710324,29069.9445519105,37804.8197893079,95278.0940053969,200500.28951831,255886.867885758
"South & South-East Asia",68,23940.2835710324,29069.9445519105,37804.8197893079,95278.0940053969,200500.28951831,255886.867885758
"South & South-East Asia",69,23940.2835710324,29069.9445519105,37804.8197893079,95278.0940053969,200500.28951831,255886.867885758
"South & South-East Asia",70,23940.2835710324,29069.9445519105,37804.8197893079,95278.0940053969,200500.28951831,255886.867885758
"South & South-East Asia",71,23940.2835710324,29069.9445519105,37804.8197893079,95278.0940053969,200500.28951831,255886.867885758
"South & South-East Asia",72,23940.2835710324,29069.9445519105,37804.8197893079,95278.0940053969,200500.28951831,255886.867885758
"South & South-East Asia",73,23940.2835710324,29069.9445519105,37804.8197893079,95278.0940053969,200500.28951831,255886.867885758
"South & South-East Asia",74,23940.2835710324,29069.9445519105,37804.8197893079,95278.0940053969,200500.28951831,255886.867885758
"South & South-East Asia",75,23940.2835710324,29069.9445519105,37804.8197893079,95278.0940053969,200500.28951831,255886.867885758
"South & South-East Asia",76,23940.2835710324,29069.9445519105,37804.8197893079,95278.0940053969,200500.28951831,255886.867885758
"South & South-East Asia",77,23940.2835710324,29069.9445519105,37804.8197893079,95278.0940053969,200500.28951831,255886.867885758
"South & South-East Asia",78,23940.2835710324,29069.9445519105,37804.8197893079,95278.0940053969,200500.28951831,255886.867885758
"South & South-East Asia",79,23940.2835710324,29069.9445519105,37804.8197893079,95278.0940053969,200500.28951831,255886.867885758
"South & South-East Asia",80,23940.2835710324,29069.9445519105,37804.8197893079,95278.0940053969,200500.28951831,255886.867885758
"South & South-East Asia",81,23940.2835710324,29069.9445519105,37804.8197893079,95278.0940053969,200500.28951831,255886.867885758
"South & South-East Asia",82,23940.2835710324,29069.9445519105,37804.8197893079,95278.0940053969,200500.28951831,255886.867885758
"South & South-East Asia",83,23940.2835710324,29069.9445519105,37804.8197893079,95278.0940053969,200500.28951831,255886.867885758
"South & South-East Asia",84,23940.2835710324,29069.9445519105,37804.8197893079,95278.0940053969,200500.28951831,255886.867885758
"South & South-East Asia",85,23940.2835710324,29069.9445519105,37804.8197893079,95278.0940053969,200500.28951831,255886.867885758
"South & South-East Asia",86,23940.2835710324,29069.9445519105,37804.8197893079,95278.0940053969,200500.28951831,255886.867885758
"South & South-East Asia",87,23940.2835710324,29069.9445519105,37804.8197893079,95278.0940053969,200500.28951831,255886.867885758
"South & South-East Asia",88,23940.2835710324,29069.9445519105,37804.8197893079,95278.0940053969,200500.28951831,255886.867885758
"South & South-East Asia",89,23940.2835710324,29069.9445519105,37804.8197893079,95278.0940053969,200500.28951831,255886.867885758
"South & South-East Asia",90,23940.2835710324,29069.9445519105,37804.8197893079,95278.0940053969,200500.28951831,255886.867885758
"South & South-East Asia",91,106754.314883461,155830.558429681,201868.877257648,339481.77311643,482591.827511117,540922.436311438
"South & South-East Asia",92,106754.314883461,155830.558429681,201868.877257648,339481.77311643,482591.827511117,540922.436311438
"South & South-East Asia",93,106754.314883461,155830.558429681,201868.877257648,339481.77311643,482591.827511117,540922.436311438
"South & South-East Asia",94,106754.314883461,155830.558429681,201868.877257648,339481.77311643,482591.827511117,540922.436311438
"South & South-East Asia",95,106754.314883461,155830.558429681,201868.877257648,339481.77311643,482591.827511117,540922.436311438
"South & South-East Asia",96,106754.314883461,155830.558429681,201868.877257648,339481.77311643,482591.827511117,540922.436311438
"South & South-East Asia",97,106754.314883461,155830.558429681,201868.877257648,339481.77311643,482591.827511117,540922.436311438
"South & South-East Asia",98,106754.314883461,155830.558429681,201868.877257648,339481.77311643,482591.827511117,540922.436311438
"South & South-East Asia",99,106754.314883461,155830.558429681,201868.877257648,339481.77311643,482591.827511117,540922.436311438
"South & South-East Asia",100,1137240.64490762,1186396.59129986,1207326.14281175,1169711.01660137,1102314.57521182,1108959.25988095
"DE",1,-8078.45967903018,-3588.93331669134,7259.83533747632,59429.4836597871,98189.9558104189,101895.259375
"DE",2,-8078.45967903018,-3588.93331669134,7259.83533747632,59429.4836597871,98189.9558104189,101895.259375
"DE",3,-8078.45967903018,-3588.93331669134,7259.83533747632,59429.4836597871,98189.9558104189,101895.259375
"DE",4,-8078.45967903018,-3588.93331669134,7259.83533747632,59429.4836597871,98189.9558104189,101895.259375
"DE",5,-8078.45967903018,-3588.93331669134,7259.83533747632,59429.4836597871,98189.9558104189,101895.259375
"DE",6,-8078.45967903018,-3588.93331669134,7259.83533747632,59429.4836597871,98189.9558104189,101895.259375
"DE",7,-8078.45967903018,-3588.93331669134,7259.83533747632,59429.4836597871,98189.9558104189,101895.259375
"DE",8,-8078.45967903018,-3588.93331669134,7259.83533747632,59429.4836597871,98189.9558104189,101895.259375
"DE",9,-8078.45967903018,-3588.93331669134,7259.83533747632,59429.4836597871,98189.9558104189,101895.259375
"DE",10,-8078.45967903018,-3588.93331669134,7259.83533747632,59429.4836597871,98189.9558104189,101895.259375
"DE",11,24286.2193553659,40678.6954969577,63033.1369756234,125785.381357449,147326.533130498,140237.786328125
"DE",12,24286.2193553659,40678.6954969577,63033.1369756234,125785.381357449,147326.533130498,140237.786328125
"DE",13,24286.2193553659,40678.6954969577,63033.1369756234,125785.381357449,147326.533130498,140237.786328125
"DE",14,24286.2193553659,40678.6954969577,63033.1369756234,125785.381357449,147326.533130498,140237.786328125
"DE",15,24286.2193553659,40678.6954969577,63033.1369756234,125785.381357449,147326.533130498,140237.786328125
"DE",16,24286.2193553659,40678.6954969577,63033.1369756234,125785.381357449,147326.533130498,140237.786328125
"DE",17,24286.2193553659,40678.6954969577,63033.1369756234,125785.381357449,147326.533130498,140237.786328125
"DE",18,24286.2193553659,40678.6954969577,63033.1369756234,125785.381357449,147326.533130498,140237.786328125
"DE",19,24286.2193553659,40678.6954969577,63033.1369756234,125785.381357449,147326.533130498,140237.786328125
"DE",20,24286.2193553659,40678.6954969577,63033.1369756234,125785.381357449,147326.533130498,140237.786328125
"DE",21,24286.2193553659,40678.6954969577,63033.1369756234,125785.381357449,147326.533130498,140237.786328125
"DE",22,24286.2193553659,40678.6954969577,63033.1369756234,125785.381357449,147326.533130498,140237.786328125
"DE",23,24286.2193553659,40678.6954969577,63033.1369756234,125785.381357449,147326.533130498,140237.786328125
"DE",24,24286.2193553659,40678.6954969577,63033.1369756234,125785.381357449,147326.533130498,140237.786328125
"DE",25,24286.2193553659,40678.6954969577,63033.1369756234,125785.381357449,147326.533130498,140237.786328125
"DE",26,24286.2193553659,40678.6954969577,63033.1369756234,125785.381357449,147326.533130498,140237.786328125
"DE",27,24286.2193553659,40678.6954969577,63033.1369756234,125785.381357449,147326.533130498,140237.786328125
"DE",28,24286.2193553659,40678.6954969577,63033.1369756234,125785.381357449,147326.533130498,140237.786328125
"DE",29,24286.2193553659,40678.6954969577,63033.1369756234,125785.381357449,147326.533130498,140237.786328125
"DE",30,24286.2193553659,40678.6954969577,63033.1369756234,125785.381357449,147326.533130498,140237.786328125
"DE",31,24286.2193553659,40678.6954969577,63033.1369756234,125785.381357449,147326.533130498,140237.786328125
"DE",32,24286.2193553659,40678.6954969577,63033.1369756234,125785.381357449,147326.533130498,140237.786328125
"DE",33,24286.2193553659,40678.6954969577,63033.1369756234,125785.381357449,147326.533130498,140237.786328125
"DE",34,24286.2193553659,40678.6954969577,63033.1369756234,125785.381357449,147326.533130498,140237.786328125
"DE",35,24286.2193553659,40678.6954969577,63033.1369756234,125785.381357449,147326.533130498,140237.786328125
"DE",36,24286.2193553659,40678.6954969577,63033.1369756234,125785.381357449,147326.533130498,140237.786328125
"DE",37,24286.2193553659,40678.6954969577,63033.1369756234,125785.381357449,147326.533130498,140237.786328125
"DE",38,24286.2193553659,40678.6954969577,63033.1369756234,125785.381357449,147326.533130498,140237.786328125
"DE",39,24286.2193553659,40678.6954969577,63033.1369756234,125785.381357449,147326.533130498,140237.786328125
"DE",40,24286.2193553659,40678.6954969577,63033.1369756234,125785.381357449,147326.533130498,140237.786328125
"DE",41,24286.2193553659,40678.6954969577,63033.1369756234,125785.381357449,147326.533130498,140237.786328125
"DE",42,24286.2193553659,40678.6954969577,63033.1369756234,125785.381357449,147326.533130498,140237.786328125
"DE",43,24286.2193553659,40678.6954969577,63033.1369756234,125785.381357449,147326.533130498,140237.786328125
"DE",44,24286.2193553659,40678.6954969577,63033.1369756234,125785.381357449,147326.533130498,140237.786328125
"DE",45,24286.2193553659,40678.6954969577,63033.1369756234,125785.381357449,147326.533130498,140237.786328125
"DE",46,24286.2193553659,40678.6954969577,63033.1369756234,125785.381357449,147326.533130498,140237.786328125
"DE",47,24286.2193553659,40678.6954969577,63033.1369756234,125785.381357449,147326.533130498,140237.786328125
"DE",48,24286.2193553659,40678.6954969577,63033.1369756234,125785.381357449,147326.533130498,140237.786328125
"DE",49,24286.2193553659,40678.6954969577,63033.1369756234,125785.381357449,147326.533130498,140237.786328125
"DE",50,24286.2193553659,40678.6954969577,63033.1369756234,125785.381357449,147326.533130498,140237.786328125
"DE",51,247022.564235272,268519.521249883,296505.093011593,351157.162677693,311790.266593332,273371.977734374
"DE",52,247022.564235272,268519.521249883,296505.093011593,351157.162677693,311790.266593332,273371.977734374
"DE",53,247022.564235272,268519.521249883,296505.093011593,351157.162677693,311790.266593332,273371.977734374
"DE",54,247022.564235272,268519.521249883,296505.093011593,351157.162677693,311790.266593332,273371.977734374
"DE",55,247022.564235272,268519.521249883,296505.093011593,351157.162677693,311790.266593332,273371.977734374
"DE",56,247022.564235272,268519.521249883,296505.093011593,351157.162677693,311790.266593332,273371.977734374
"DE",57,247022.564235272,268519.521249883,296505.093011593,351157.162677693,311790.266593332,273371.977734374
"DE",58,247022.564235272,268519.521249883,296505.093011593,351157.162677693,311790.266593332,273371.977734374
"DE",59,247022.564235272,268519.521249883,296505.093011593,351157.162677693,311790.266593332,273371.977734374
"DE",60,247022.564235272,268519.521249883,296505.093011593,351157.162677693,311790.266593332,273371.977734374
"DE",61,247022.564235272,268519.521249883,296505.093011593,351157.162677693,311790.266593332,273371.977734374
"DE",62,247022.564235272,268519.521249883,296505.093011593,351157.162677693,311790.266593332,273371.977734374
"DE",63,247022.564235272,268519.521249883,296505.093011593,351157.162677693,311790.266593332,273371.977734374
"DE",64,247022.564235272,268519.521249883,296505.093011593,351157.162677693,311790.266593332,273371.977734374
"DE",65,247022.564235272,268519.521249883,296505.093011593,351157.162677693,311790.266593332,273371.977734374
"DE",66,247022.564235272,268519.521249883,296505.093011593,351157.162677693,311790.266593332,273371.977734374
"DE",67,247022.564235272,268519.521249883,296505.093011593,351157.162677693,311790.266593332,273371.977734374
"DE",68,247022.564235272,268519.521249883,296505.093011593,351157.162677693,311790.266593332,273371.977734374
"DE",69,247022.564235272,268519.521249883,296505.093011593,351157.162677693,311790.266593332,273371.977734374
"DE",70,247022.564235272,268519.521249883,296505.093011593,351157.162677693,311790.266593332,273371.977734374
"DE",71,247022.564235272,268519.521249883,296505.093011593,351157.162677693,311790.266593332,273371.977734374
"DE",72,247022.564235272,268519.521249883,296505.093011593,351157.162677693,311790.266593332,273371.977734374
"DE",73,247022.564235272,268519.521249883,296505.093011593,351157.162677693,311790.266593332,273371.977734374
"DE",74,247022.564235272,268519.521249883,296505.093011593,351157.162677693,311790.266593332,273371.977734374
"DE",75,247022.564235272,268519.521249883,296505.093011593,351157.162677693,311790.266593332,273371.977734374
"DE",76,247022.564235272,268519.521249883,296505.093011593,351157.162677693,311790.266593332,273371.977734374
"DE",77,247022.564235272,268519.521249883,296505.093011593,351157.162677693,311790.266593332,273371.977734374
"DE",78,247022.564235272,268519.521249883,296505.093011593,351157.162677693,311790.266593332,273371.977734374
"DE",79,247022.564235272,268519.521249883,296505.093011593,351157.162677693,311790.266593332,273371.977734374
"DE",80,247022.564235272,268519.521249883,296505.093011593,351157.162677693,311790.266593332,273371.977734374
"DE",81,247022.564235272,268519.521249883,296505.093011593,351157.162677693,311790.266593332,273371.977734374
"DE",82,247022.564235272,268519.521249883,296505.093011593,351157.162677693,311790.266593332,273371.977734374
"DE",83,247022.564235272,268519.521249883,296505.093011593,351157.162677693,311790.266593332,273371.977734374
"DE",84,247022.564235272,268519.521249883,296505.093011593,351157.162677693,311790.266593332,273371.977734374
"DE",85,247022.564235272,268519.521249883,296505.093011593,351157.162677693,311790.266593332,273371.977734374
"DE",86,247022.564235272,268519.521249883,296505.093011593,351157.162677693,311790.266593332,273371.977734374
"DE",87,247022.564235272,268519.521249883,296505.093011593,351157.162677693,311790.266593332,273371.977734374
"DE",88,247022.564235272,268519.521249883,296505.093011593,351157.162677693,311790.266593332,273371.977734374
"DE",89,247022.564235272,268519.521249883,296505.093011593,351157.162677693,311790.266593332,273371.977734374
"DE",90,247022.564235272,268519.521249883,296505.093011593,351157.162677693,311790.266593332,273371.977734374
"DE",91,884752.355536021,967717.024400406,988143.875586875,877179.708257677,675997.283942749,555233.614583331
"DE",92,884752.355536021,967717.024400406,988143.875586875,877179.708257677,675997.283942749,555233.614583331
"DE",93,884752.355536021,967717.024400406,988143.875586875,877179.708257677,675997.283942749,555233.614583331
"DE",94,884752.355536021,967717.024400406,988143.875586875,877179.708257677,675997.283942749,555233.614583331
"DE",95,884752.355536021,967717.024400406,988143.875586875,877179.708257677,675997.283942749,555233.614583331
"DE",96,884752.355536021,967717.024400406,988143.875586875,877179.708257677,675997.283942749,555233.614583331
"DE",97,884752.355536021,967717.024400406,988143.875586875,877179.708257677,675997.283942749,555233.614583331
"DE",98,884752.355536021,967717.024400406,988143.875586875,877179.708257677,675997.283942749,555233.614583331
"DE",99,884752.355536021,967717.024400406,988143.875586875,877179.708257677,675997.283942749,555233.614583331
"DE",100,7231984.27796111,5737926.86650395,4403544.99598623,1981422.82258315,997150.221212445,839554.259749998
"DK",1,1595.87386500808,8222.15282139956,25307.9554605556,92678.3649211445,116089.2008926,108484.66015625
"DK",2,1595.87386500808,8222.15282139956,25307.9554605556,92678.3649211445,116089.2008926,108484.66015625
"DK",3,1595.87386500808,8222.15282139956,25307.9554605556,92678.3649211445,116089.2008926,108484.66015625
"DK",4,1595.87386500808,8222.15282139956,25307.9554605556,92678.3649211445,116089.2008926,108484.66015625
"DK",5,1595.87386500808,8222.15282139956,25307.9554605556,92678.3649211445,116089.2008926,108484.66015625
"DK",6,1595.87386500808,8222.15282139956,25307.9554605556,92678.3649211445,116089.2008926,108484.66015625
"DK",7,1595.87386500808,8222.15282139956,25307.9554605556,92678.3649211445,116089.2008926,108484.66015625
"DK",8,1595.87386500808,8222.15282139956,25307.9554605556,92678.3649211445,116089.2008926,108484.66015625
"DK",9,1595.87386500808,8222.15282139956,25307.9554605556,92678.3649211445,116089.2008926,108484.66015625
"DK",10,1595.87386500808,8222.15282139956,25307.9554605556,92678.3649211445,116089.2008926,108484.66015625
"DK",11,27213.3728383756,53434.9749311199,85172.1054937395,162661.066534096,164748.20739041,145656.666210937
"DK",12,27213.3728383756,53434.9749311199,85172.1054937395,162661.066534096,164748.20739041,145656.666210937
"DK",13,27213.3728383756,53434.9749311199,85172.1054937395,162661.066534096,164748.20739041,145656.666210937
"DK",14,27213.3728383756,53434.9749311199,85172.1054937395,162661.066534096,164748.20739041,145656.666210937
"DK",15,27213.3728383756,53434.9749311199,85172.1054937395,162661.066534096,164748.20739041,145656.666210937
"DK",16,27213.3728383756,53434.9749311199,85172.1054937395,162661.066534096,164748.20739041,145656.666210937
"DK",17,27213.3728383756,53434.9749311199,85172.1054937395,162661.066534096,164748.20739041,145656.666210937
"DK",18,27213.3728383756,53434.9749311199,85172.1054937395,162661.066534096,164748.20739041,145656.666210937
"DK",19,27213.3728383756,53434.9749311199,85172.1054937395,162661.066534096,164748.20739041,145656.666210937
"DK",20,27213.3728383756,53434.9749311199,85172.1054937395,162661.066534096,164748.20739041,145656.666210937
"DK",21,27213.3728383756,53434.9749311199,85172.1054937395,162661.066534096,164748.20739041,145656.666210937
"DK",22,27213.3728383756,53434.9749311199,85172.1054937395,162661.066534096,164748.20739041,145656.666210937
"DK",23,27213.3728383756,53434.9749311199,85172.1054937395,162661.066534096,164748.20739041,145656.666210937
"DK",24,27213.3728383756,53434.9749311199,85172.1054937395,162661.066534096,164748.20739041,145656.666210937
"DK",25,27213.3728383756,53434.9749311199,85172.1054937395,162661.066534096,164748.20739041,145656.666210937
"DK",26,27213.3728383756,53434.9749311199,85172.1054937395,162661.066534096,164748.20739041,145656.666210937
"DK",27,27213.3728383756,53434.9749311199,85172.1054937395,162661.066534096,164748.20739041,145656.666210937
"DK",28,27213.3728383756,53434.9749311199,85172.1054937395,162661.066534096,164748.20739041,145656.666210937
"DK",29,27213.3728383756,53434.9749311199,85172.1054937395,162661.066534096,164748.20739041,145656.666210937
"DK",30,27213.3728383756,53434.9749311199,85172.1054937395,162661.066534096,164748.20739041,145656.666210937
"DK",31,27213.3728383756,53434.9749311199,85172.1054937395,162661.066534096,164748.20739041,145656.666210937
"DK",32,27213.3728383756,53434.9749311199,85172.1054937395,162661.066534096,164748.20739041,145656.666210937
"DK",33,27213.3728383756,53434.9749311199,85172.1054937395,162661.066534096,164748.20739041,145656.666210937
"DK",34,27213.3728383756,53434.9749311199,85172.1054937395,162661.066534096,164748.20739041,145656.666210937
"DK",35,27213.3728383756,53434.9749311199,85172.1054937395,162661.066534096,164748.20739041,145656.666210937
"DK",36,27213.3728383756,53434.9749311199,85172.1054937395,162661.066534096,164748.20739041,145656.666210937
"DK",37,27213.3728383756,53434.9749311199,85172.1054937395,162661.066534096,164748.20739041,145656.666210937
"DK",38,27213.3728383756,53434.9749311199,85172.1054937395,162661.066534096,164748.20739041,145656.666210937
"DK",39,27213.3728383756,53434.9749311199,85172.1054937395,162661.066534096,164748.20739041,145656.666210937
"DK",40,27213.3728383756,53434.9749311199,85172.1054937395,162661.066534096,164748.20739041,145656.666210937
"DK",41,27213.3728383756,53434.9749311199,85172.1054937395,162661.066534096,164748.20739041,145656.666210937
"DK",42,27213.3728383756,53434.9749311199,85172.1054937395,162661.066534096,164748.20739041,145656.666210937
"DK",43,27213.3728383756,53434.9749311199,85172.1054937395,162661.066534096,164748.20739041,145656.666210937
"DK",44,27213.3728383756,53434.9749311199,85172.1054937395,162661.066534096,164748.20739041,145656.666210937
"DK",45,27213.3728383756,53434.9749311199,85172.1054937395,162661.066534096,164748.20739041,145656.666210937
"DK",46,27213.3728383756,53434.9749311199,85172.1054937395,162661.066534096,164748.20739041,145656.666210937
"DK",47,27213.3728383756,53434.9749311199,85172.1054937395,162661.066534096,164748.20739041,145656.666210937
"DK",48,27213.3728383756,53434.9749311199,85172.1054937395,162661.066534096,164748.20739041,145656.666210937
"DK",49,27213.3728383756,53434.9749311199,85172.1054937395,162661.066534096,164748.20739041,145656.666210937
"DK",50,27213.3728383756,53434.9749311199,85172.1054937395,162661.066534096,164748.20739041,145656.666210937
"DK",51,311872.245402267,335994.752521679,365192.096588813,415661.551542442,334466.079339046,278353.538671875
"DK",52,311872.245402267,335994.752521679,365192.096588813,415661.551542442,334466.079339046,278353.538671875
"DK",53,311872.245402267,335994.752521679,365192.096588813,415661.551542442,334466.079339046,278353.538671875
"DK",54,311872.245402267,335994.752521679,365192.096588813,415661.551542442,334466.079339046,278353.538671875
"DK",55,311872.245402267,335994.752521679,365192.096588813,415661.551542442,334466.079339046,278353.538671875
"DK",56,311872.245402267,335994.752521679,365192.096588813,415661.551542442,334466.079339046,278353.538671875
"DK",57,311872.245402267,335994.752521679,365192.096588813,415661.551542442,334466.079339046,278353.538671875
"DK",58,311872.245402267,335994.752521679,365192.096588813,415661.551542442,334466.079339046,278353.538671875
"DK",59,311872.245402267,335994.752521679,365192.096588813,415661.551542442,334466.079339046,278353.538671875
"DK",60,311872.245402267,335994.752521679,365192.096588813,415661.551542442,334466.079339046,278353.538671875
"DK",61,311872.245402267,335994.752521679,365192.096588813,415661.551542442,334466.079339046,278353.538671875
"DK",62,311872.245402267,335994.752521679,365192.096588813,415661.551542442,334466.079339046,278353.538671875
"DK",63,311872.245402267,335994.752521679,365192.096588813,415661.551542442,334466.079339046,278353.538671875
"DK",64,311872.245402267,335994.752521679,365192.096588813,415661.551542442,334466.079339046,278353.538671875
"DK",65,311872.245402267,335994.752521679,365192.096588813,415661.551542442,334466.079339046,278353.538671875
"DK",66,311872.245402267,335994.752521679,365192.096588813,415661.551542442,334466.079339046,278353.538671875
"DK",67,311872.245402267,335994.752521679,365192.096588813,415661.551542442,334466.079339046,278353.538671875
"DK",68,311872.245402267,335994.752521679,365192.096588813,415661.551542442,334466.079339046,278353.538671875
"DK",69,311872.245402267,335994.752521679,365192.096588813,415661.551542442,334466.079339046,278353.538671875
"DK",70,311872.245402267,335994.752521679,365192.096588813,415661.551542442,334466.079339046,278353.538671875
"DK",71,311872.245402267,335994.752521679,365192.096588813,415661.551542442,334466.079339046,278353.538671875
"DK",72,311872.245402267,335994.752521679,365192.096588813,415661.551542442,334466.079339046,278353.538671875
"DK",73,311872.245402267,335994.752521679,365192.096588813,415661.551542442,334466.079339046,278353.538671875
"DK",74,311872.245402267,335994.752521679,365192.096588813,415661.551542442,334466.079339046,278353.538671875
"DK",75,311872.245402267,335994.752521679,365192.096588813,415661.551542442,334466.079339046,278353.538671875
"DK",76,311872.245402267,335994.752521679,365192.096588813,415661.551542442,334466.079339046,278353.538671875
"DK",77,311872.245402267,335994.752521679,365192.096588813,415661.551542442,334466.079339046,278353.538671875
"DK",78,311872.245402267,335994.752521679,365192.096588813,415661.551542442,334466.079339046,278353.538671875
"DK",79,311872.245402267,335994.752521679,365192.096588813,415661.551542442,334466.079339046,278353.538671875
"DK",80,311872.245402267,335994.752521679,365192.096588813,415661.551542442,334466.079339046,278353.538671875
"DK",81,311872.245402267,335994.752521679,365192.096588813,415661.551542442,334466.079339046,278353.538671875
"DK",82,311872.245402267,335994.752521679,365192.096588813,415661.551542442,334466.079339046,278353.538671875
"DK",83,311872.245402267,335994.752521679,365192.096588813,415661.551542442,334466.079339046,278353.538671875
"DK",84,311872.245402267,335994.752521679,365192.096588813,415661.551542442,334466.079339046,278353.538671875
"DK",85,311872.245402267,335994.752521679,365192.096588813,415661.551542442,334466.079339046,278353.538671875
"DK",86,311872.245402267,335994.752521679,365192.096588813,415661.551542442,334466.079339046,278353.538671875
"DK",87,311872.245402267,335994.752521679,365192.096588813,415661.551542442,334466.079339046,278353.538671875
"DK",88,311872.245402267,335994.752521679,365192.096588813,415661.551542442,334466.079339046,278353.538671875
"DK",89,311872.245402267,335994.752521679,365192.096588813,415661.551542442,334466.079339046,278353.538671875
"DK",90,311872.245402267,335994.752521679,365192.096588813,415661.551542442,334466.079339046,278353.538671875
"DK",91,894854.231423174,952229.913649038,955927.151602534,857223.139041381,634829.631481184,512704.329861111
"DK",92,894854.231423174,952229.913649038,955927.151602534,857223.139041381,634829.631481184,512704.329861111
"DK",93,894854.231423174,952229.913649038,955927.151602534,857223.139041381,634829.631481184,512704.329861111
"DK",94,894854.231423174,952229.913649038,955927.151602534,857223.139041381,634829.631481184,512704.329861111
"DK",95,894854.231423174,952229.913649038,955927.151602534,857223.139041381,634829.631481184,512704.329861111
"DK",96,894854.231423174,952229.913649038,955927.151602534,857223.139041381,634829.631481184,512704.329861111
"DK",97,894854.231423174,952229.913649038,955927.151602534,857223.139041381,634829.631481184,512704.329861111
"DK",98,894854.231423174,952229.913649038,955927.151602534,857223.139041381,634829.631481184,512704.329861111
"DK",99,894854.231423174,952229.913649038,955927.151602534,857223.139041381,634829.631481184,512704.329861111
"DK",100,5668158.75584784,4516334.88937876,3462275.77793969,1634420.60780961,894457.604291346,740405.993375001
"ES",1,-89.3240401864049,2791.51708807872,10820.6518222887,47244.3570592227,93129.4957840575,103264.96171875
"ES",2,-89.3240401864049,2791.51708807872,10820.6518222887,47244.3570592227,93129.4957840575,103264.96171875
"ES",3,-89.3240401864049,2791.51708807872,10820.6518222887,47244.3570592227,93129.4957840575,103264.96171875
"ES",4,-89.3240401864049,2791.51708807872,10820.6518222887,47244.3570592227,93129.4957840575,103264.96171875
"ES",5,-89.3240401864049,2791.51708807872,10820.6518222887,47244.3570592227,93129.4957840575,103264.96171875
"ES",6,-89.3240401864049,2791.51708807872,10820.6518222887,47244.3570592227,93129.4957840575,103264.96171875
"ES",7,-89.3240401864049,2791.51708807872,10820.6518222887,47244.3570592227,93129.4957840575,103264.96171875
"ES",8,-89.3240401864049,2791.51708807872,10820.6518222887,47244.3570592227,93129.4957840575,103264.96171875
"ES",9,-89.3240401864049,2791.51708807872,10820.6518222887,47244.3570592227,93129.4957840575,103264.96171875
"ES",10,-89.3240401864049,2791.51708807872,10820.6518222887,47244.3570592227,93129.4957840575,103264.96171875
"ES",11,33004.3459038352,43307.0103472474,57934.1622897497,98697.7435570165,137978.110326544,141207.1734375
"ES",12,33004.3459038352,43307.0103472474,57934.1622897497,98697.7435570165,137978.110326544,141207.1734375
"ES",13,33004.3459038352,43307.0103472474,57934.1622897497,98697.7435570165,137978.110326544,141207.1734375
"ES",14,33004.3459038352,43307.0103472474,57934.1622897497,98697.7435570165,137978.110326544,141207.1734375
"ES",15,33004.3459038352,43307.0103472474,57934.1622897497,98697.7435570165,137978.110326544,141207.1734375
"ES",16,33004.3459038352,43307.0103472474,57934.1622897497,98697.7435570165,137978.110326544,141207.1734375
"ES",17,33004.3459038352,43307.0103472474,57934.1622897497,98697.7435570165,137978.110326544,141207.1734375
"ES",18,33004.3459038352,43307.0103472474,57934.1622897497,98697.7435570165,137978.110326544,141207.1734375
"ES",19,33004.3459038352,43307.0103472474,57934.1622897497,98697.7435570165,137978.110326544,141207.1734375
"ES",20,33004.3459038352,43307.0103472474,57934.1622897497,98697.7435570165,137978.110326544,141207.1734375
"ES",21,33004.3459038352,43307.0103472474,57934.1622897497,98697.7435570165,137978.110326544,141207.1734375
"ES",22,33004.3459038352,43307.0103472474,57934.1622897497,98697.7435570165,137978.110326544,141207.1734375
"ES",23,33004.3459038352,43307.0103472474,57934.1622897497,98697.7435570165,137978.110326544,141207.1734375
"ES",24,33004.3459038352,43307.0103472474,57934.1622897497,98697.7435570165,137978.110326544,141207.1734375
"ES",25,33004.3459038352,43307.0103472474,57934.1622897497,98697.7435570165,137978.110326544,141207.1734375
"ES",26,33004.3459038352,43307.0103472474,57934.1622897497,98697.7435570165,137978.110326544,141207.1734375
"ES",27,33004.3459038352,43307.0103472474,57934.1622897497,98697.7435570165,137978.110326544,141207.1734375
"ES",28,33004.3459038352,43307.0103472474,57934.1622897497,98697.7435570165,137978.110326544,141207.1734375
"ES",29,33004.3459038352,43307.0103472474,57934.1622897497,98697.7435570165,137978.110326544,141207.1734375
"ES",30,33004.3459038352,43307.0103472474,57934.1622897497,98697.7435570165,137978.110326544,141207.1734375
"ES",31,33004.3459038352,43307.0103472474,57934.1622897497,98697.7435570165,137978.110326544,141207.1734375
"ES",32,33004.3459038352,43307.0103472474,57934.1622897497,98697.7435570165,137978.110326544,141207.1734375
"ES",33,33004.3459038352,43307.0103472474,57934.1622897497,98697.7435570165,137978.110326544,141207.1734375
"ES",34,33004.3459038352,43307.0103472474,57934.1622897497,98697.7435570165,137978.110326544,141207.1734375
"ES",35,33004.3459038352,43307.0103472474,57934.1622897497,98697.7435570165,137978.110326544,141207.1734375
"ES",36,33004.3459038352,43307.0103472474,57934.1622897497,98697.7435570165,137978.110326544,141207.1734375
"ES",37,33004.3459038352,43307.0103472474,57934.1622897497,98697.7435570165,137978.110326544,141207.1734375
"ES",38,33004.3459038352,43307.0103472474,57934.1622897497,98697.7435570165,137978.110326544,141207.1734375
"ES",39,33004.3459038352,43307.0103472474,57934.1622897497,98697.7435570165,137978.110326544,141207.1734375
"ES",40,33004.3459038352,43307.0103472474,57934.1622897497,98697.7435570165,137978.110326544,141207.1734375
"ES",41,33004.3459038352,43307.0103472474,57934.1622897497,98697.7435570165,137978.110326544,141207.1734375
"ES",42,33004.3459038352,43307.0103472474,57934.1622897497,98697.7435570165,137978.110326544,141207.1734375
"ES",43,33004.3459038352,43307.0103472474,57934.1622897497,98697.7435570165,137978.110326544,141207.1734375
"ES",44,33004.3459038352,43307.0103472474,57934.1622897497,98697.7435570165,137978.110326544,141207.1734375
"ES",45,33004.3459038352,43307.0103472474,57934.1622897497,98697.7435570165,137978.110326544,141207.1734375
"ES",46,33004.3459038352,43307.0103472474,57934.1622897497,98697.7435570165,137978.110326544,141207.1734375
"ES",47,33004.3459038352,43307.0103472474,57934.1622897497,98697.7435570165,137978.110326544,141207.1734375
"ES",48,33004.3459038352,43307.0103472474,57934.1622897497,98697.7435570165,137978.110326544,141207.1734375
"ES",49,33004.3459038352,43307.0103472474,57934.1622897497,98697.7435570165,137978.110326544,141207.1734375
"ES",50,33004.3459038352,43307.0103472474,57934.1622897497,98697.7435570165,137978.110326544,141207.1734375
"ES",51,176763.358237791,193818.331573625,214556.022126617,254612.283962101,279448.795553579,267503.9046875
"ES",52,176763.358237791,193818.331573625,214556.022126617,254612.283962101,279448.795553579,267503.9046875
"ES",53,176763.358237791,193818.331573625,214556.022126617,254612.283962101,279448.795553579,267503.9046875
"ES",54,176763.358237791,193818.331573625,214556.022126617,254612.283962101,279448.795553579,267503.9046875
"ES",55,176763.358237791,193818.331573625,214556.022126617,254612.283962101,279448.795553579,267503.9046875
"ES",56,176763.358237791,193818.331573625,214556.022126617,254612.283962101,279448.795553579,267503.9046875
"ES",57,176763.358237791,193818.331573625,214556.022126617,254612.283962101,279448.795553579,267503.9046875
"ES",58,176763.358237791,193818.331573625,214556.022126617,254612.283962101,279448.795553579,267503.9046875
"ES",59,176763.358237791,193818.331573625,214556.022126617,254612.283962101,279448.795553579,267503.9046875
"ES",60,176763.358237791,193818.331573625,214556.022126617,254612.283962101,279448.795553579,267503.9046875
"ES",61,176763.358237791,193818.331573625,214556.022126617,254612.283962101,279448.795553579,267503.9046875
"ES",62,176763.358237791,193818.331573625,214556.022126617,254612.283962101,279448.795553579,267503.9046875
"ES",63,176763.358237791,193818.331573625,214556.022126617,254612.283962101,279448.795553579,267503.9046875
"ES",64,176763.358237791,193818.331573625,214556.022126617,254612.283962101,279448.795553579,267503.9046875
"ES",65,176763.358237791,193818.331573625,214556.022126617,254612.283962101,279448.795553579,267503.9046875
"ES",66,176763.358237791,193818.331573625,214556.022126617,254612.283962101,279448.795553579,267503.9046875
"ES",67,176763.358237791,193818.331573625,214556.022126617,254612.283962101,279448.795553579,267503.9046875
"ES",68,176763.358237791,193818.331573625,214556.022126617,254612.283962101,279448.795553579,267503.9046875
"ES",69,176763.358237791,193818.331573625,214556.022126617,254612.283962101,279448.795553579,267503.9046875
"ES",70,176763.358237791,193818.331573625,214556.022126617,254612.283962101,279448.795553579,267503.9046875
"ES",71,176763.358237791,193818.331573625,214556.022126617,254612.283962101,279448.795553579,267503.9046875
"ES",72,176763.358237791,193818.331573625,214556.022126617,254612.283962101,279448.795553579,267503.9046875
"ES",73,176763.358237791,193818.331573625,214556.022126617,254612.283962101,279448.795553579,267503.9046875
"ES",74,176763.358237791,193818.331573625,214556.022126617,254612.283962101,279448.795553579,267503.9046875
"ES",75,176763.358237791,193818.331573625,214556.022126617,254612.283962101,279448.795553579,267503.9046875
"ES",76,176763.358237791,193818.331573625,214556.022126617,254612.283962101,279448.795553579,267503.9046875
"ES",77,176763.358237791,193818.331573625,214556.022126617,254612.283962101,279448.795553579,267503.9046875
"ES",78,176763.358237791,193818.331573625,214556.022126617,254612.283962101,279448.795553579,267503.9046875
"ES",79,176763.358237791,193818.331573625,214556.022126617,254612.283962101,279448.795553579,267503.9046875
"ES",80,176763.358237791,193818.331573625,214556.022126617,254612.283962101,279448.795553579,267503.9046875
"ES",81,176763.358237791,193818.331573625,214556.022126617,254612.283962101,279448.795553579,267503.9046875
"ES",82,176763.358237791,193818.331573625,214556.022126617,254612.283962101,279448.795553579,267503.9046875
"ES",83,176763.358237791,193818.331573625,214556.022126617,254612.283962101,279448.795553579,267503.9046875
"ES",84,176763.358237791,193818.331573625,214556.022126617,254612.283962101,279448.795553579,267503.9046875
"ES",85,176763.358237791,193818.331573625,214556.022126617,254612.283962101,279448.795553579,267503.9046875
"ES",86,176763.358237791,193818.331573625,214556.022126617,254612.283962101,279448.795553579,267503.9046875
"ES",87,176763.358237791,193818.331573625,214556.022126617,254612.283962101,279448.795553579,267503.9046875
"ES",88,176763.358237791,193818.331573625,214556.022126617,254612.283962101,279448.795553579,267503.9046875
"ES",89,176763.358237791,193818.331573625,214556.022126617,254612.283962101,279448.795553579,267503.9046875
"ES",90,176763.358237791,193818.331573625,214556.022126617,254612.283962101,279448.795553579,267503.9046875
"ES",91,725568.074120527,768015.101118983,775631.61242745,707868.263413589,643004.228207322,567259.812499999
"ES",92,725568.074120527,768015.101118983,775631.61242745,707868.263413589,643004.228207322,567259.812499999
"ES",93,725568.074120527,768015.101118983,775631.61242745,707868.263413589,643004.228207322,567259.812499999
"ES",94,725568.074120527,768015.101118983,775631.61242745,707868.263413589,643004.228207322,567259.812499999
"ES",95,725568.074120527,768015.101118983,775631.61242745,707868.263413589,643004.228207322,567259.812499999
"ES",96,725568.074120527,768015.101118983,775631.61242745,707868.263413589,643004.228207322,567259.812499999
"ES",97,725568.074120527,768015.101118983,775631.61242745,707868.263413589,643004.228207322,567259.812499999
"ES",98,725568.074120527,768015.101118983,775631.61242745,707868.263413589,643004.228207322,567259.812499999
"ES",99,725568.074120527,768015.101118983,775631.61242745,707868.263413589,643004.228207322,567259.812499999
"ES",100,4749136.16797396,3976056.61539175,3191158.61241575,1585034.43885993,1037200.31932313,913568.516125
"FR",1,537.059088514918,5140.19516735974,17349.8585834085,63194.0506995043,109066.276289593,112281.91796875
"FR",2,537.059088514918,5140.19516735974,17349.8585834085,63194.0506995043,109066.276289593,112281.91796875
"FR",3,537.059088514918,5140.19516735974,17349.8585834085,63194.0506995043,109066.276289593,112281.91796875
"FR",4,537.059088514918,5140.19516735974,17349.8585834085,63194.0506995043,109066.276289593,112281.91796875
"FR",5,537.059088514918,5140.19516735974,17349.8585834085,63194.0506995043,109066.276289593,112281.91796875
"FR",6,537.059088514918,5140.19516735974,17349.8585834085,63194.0506995043,109066.276289593,112281.91796875
"FR",7,537.059088514918,5140.19516735974,17349.8585834085,63194.0506995043,109066.276289593,112281.91796875
"FR",8,537.059088514918,5140.19516735974,17349.8585834085,63194.0506995043,109066.276289593,112281.91796875
"FR",9,537.059088514918,5140.19516735974,17349.8585834085,63194.0506995043,109066.276289593,112281.91796875
"FR",10,537.059088514918,5140.19516735974,17349.8585834085,63194.0506995043,109066.276289593,112281.91796875
"FR",11,25011.8416899005,42076.5780899763,64003.7874564835,114628.664182223,151167.34301554,146721.151367188
"FR",12,25011.8416899005,42076.5780899763,64003.7874564835,114628.664182223,151167.34301554,146721.151367188
"FR",13,25011.8416899005,42076.5780899763,64003.7874564835,114628.664182223,151167.34301554,146721.151367188
"FR",14,25011.8416899005,42076.5780899763,64003.7874564835,114628.664182223,151167.34301554,146721.151367188
"FR",15,25011.8416899005,42076.5780899763,64003.7874564835,114628.664182223,151167.34301554,146721.151367188
"FR",16,25011.8416899005,42076.5780899763,64003.7874564835,114628.664182223,151167.34301554,146721.151367188
"FR",17,25011.8416899005,42076.5780899763,64003.7874564835,114628.664182223,151167.34301554,146721.151367188
"FR",18,25011.8416899005,42076.5780899763,64003.7874564835,114628.664182223,151167.34301554,146721.151367188
"FR",19,25011.8416899005,42076.5780899763,64003.7874564835,114628.664182223,151167.34301554,146721.151367188
"FR",20,25011.8416899005,42076.5780899763,64003.7874564835,114628.664182223,151167.34301554,146721.151367188
"FR",21,25011.8416899005,42076.5780899763,64003.7874564835,114628.664182223,151167.34301554,146721.151367188
"FR",22,25011.8416899005,42076.5780899763,64003.7874564835,114628.664182223,151167.34301554,146721.151367188
"FR",23,25011.8416899005,42076.5780899763,64003.7874564835,114628.664182223,151167.34301554,146721.151367188
"FR",24,25011.8416899005,42076.5780899763,64003.7874564835,114628.664182223,151167.34301554,146721.151367188
"FR",25,25011.8416899005,42076.5780899763,64003.7874564835,114628.664182223,151167.34301554,146721.151367188
"FR",26,25011.8416899005,42076.5780899763,64003.7874564835,114628.664182223,151167.34301554,146721.151367188
"FR",27,25011.8416899005,42076.5780899763,64003.7874564835,114628.664182223,151167.34301554,146721.151367188
"FR",28,25011.8416899005,42076.5780899763,64003.7874564835,114628.664182223,151167.34301554,146721.151367188
"FR",29,25011.8416899005,42076.5780899763,64003.7874564835,114628.664182223,151167.34301554,146721.151367188
"FR",30,25011.8416899005,42076.5780899763,64003.7874564835,114628.664182223,151167.34301554,146721.151367188
"FR",31,25011.8416899005,42076.5780899763,64003.7874564835,114628.664182223,151167.34301554,146721.151367188
"FR",32,25011.8416899005,42076.5780899763,64003.7874564835,114628.664182223,151167.34301554,146721.151367188
"FR",33,25011.8416899005,42076.5780899763,64003.7874564835,114628.664182223,151167.34301554,146721.151367188
"FR",34,25011.8416899005,42076.5780899763,64003.7874564835,114628.664182223,151167.34301554,146721.151367188
"FR",35,25011.8416899005,42076.5780899763,64003.7874564835,114628.664182223,151167.34301554,146721.151367188
"FR",36,25011.8416899005,42076.5780899763,64003.7874564835,114628.664182223,151167.34301554,146721.151367188
"FR",37,25011.8416899005,42076.5780899763,64003.7874564835,114628.664182223,151167.34301554,146721.151367188
"FR",38,25011.8416899005,42076.5780899763,64003.7874564835,114628.664182223,151167.34301554,146721.151367188
"FR",39,25011.8416899005,42076.5780899763,64003.7874564835,114628.664182223,151167.34301554,146721.151367188
"FR",40,25011.8416899005,42076.5780899763,64003.7874564835,114628.664182223,151167.34301554,146721.151367188
"FR",41,25011.8416899005,42076.5780899763,64003.7874564835,114628.664182223,151167.34301554,146721.151367188
"FR",42,25011.8416899005,42076.5780899763,64003.7874564835,114628.664182223,151167.34301554,146721.151367188
"FR",43,25011.8416899005,42076.5780899763,64003.7874564835,114628.664182223,151167.34301554,146721.151367188
"FR",44,25011.8416899005,42076.5780899763,64003.7874564835,114628.664182223,151167.34301554,146721.151367188
"FR",45,25011.8416899005,42076.5780899763,64003.7874564835,114628.664182223,151167.34301554,146721.151367188
"FR",46,25011.8416899005,42076.5780899763,64003.7874564835,114628.664182223,151167.34301554,146721.151367188
"FR",47,25011.8416899005,42076.5780899763,64003.7874564835,114628.664182223,151167.34301554,146721.151367188
"FR",48,25011.8416899005,42076.5780899763,64003.7874564835,114628.664182223,151167.34301554,146721.151367188
"FR",49,25011.8416899005,42076.5780899763,64003.7874564835,114628.664182223,151167.34301554,146721.151367188
"FR",50,25011.8416899005,42076.5780899763,64003.7874564835,114628.664182223,151167.34301554,146721.151367188
"FR",51,183437.695706559,211641.581086667,242191.950421706,286920.72363654,294586.490906589,269401.0671875
"FR",52,183437.695706559,211641.581086667,242191.950421706,286920.72363654,294586.490906589,269401.0671875
"FR",53,183437.695706559,211641.581086667,242191.950421706,286920.72363654,294586.490906589,269401.0671875
"FR",54,183437.695706559,211641.581086667,242191.950421706,286920.72363654,294586.490906589,269401.0671875
"FR",55,183437.695706559,211641.581086667,242191.950421706,286920.72363654,294586.490906589,269401.0671875
"FR",56,183437.695706559,211641.581086667,242191.950421706,286920.72363654,294586.490906589,269401.0671875
"FR",57,183437.695706559,211641.581086667,242191.950421706,286920.72363654,294586.490906589,269401.0671875
"FR",58,183437.695706559,211641.581086667,242191.950421706,286920.72363654,294586.490906589,269401.0671875
"FR",59,183437.695706559,211641.581086667,242191.950421706,286920.72363654,294586.490906589,269401.0671875
"FR",60,183437.695706559,211641.581086667,242191.950421706,286920.72363654,294586.490906589,269401.0671875
"FR",61,183437.695706559,211641.581086667,242191.950421706,286920.72363654,294586.490906589,269401.0671875
"FR",62,183437.695706559,211641.581086667,242191.950421706,286920.72363654,294586.490906589,269401.0671875
"FR",63,183437.695706559,211641.581086667,242191.950421706,286920.72363654,294586.490906589,269401.0671875
"FR",64,183437.695706559,211641.581086667,242191.950421706,286920.72363654,294586.490906589,269401.0671875
"FR",65,183437.695706559,211641.581086667,242191.950421706,286920.72363654,294586.490906589,269401.0671875
"FR",66,183437.695706559,211641.581086667,242191.950421706,286920.72363654,294586.490906589,269401.0671875
"FR",67,183437.695706559,211641.581086667,242191.950421706,286920.72363654,294586.490906589,269401.0671875
"FR",68,183437.695706559,211641.581086667,242191.950421706,286920.72363654,294586.490906589,269401.0671875
"FR",69,183437.695706559,211641.581086667,242191.950421706,286920.72363654,294586.490906589,269401.0671875
"FR",70,183437.695706559,211641.581086667,242191.950421706,286920.72363654,294586.490906589,269401.0671875
"FR",71,183437.695706559,211641.581086667,242191.950421706,286920.72363654,294586.490906589,269401.0671875
"FR",72,183437.695706559,211641.581086667,242191.950421706,286920.72363654,294586.490906589,269401.0671875
"FR",73,183437.695706559,211641.581086667,242191.950421706,286920.72363654,294586.490906589,269401.0671875
"FR",74,183437.695706559,211641.581086667,242191.950421706,286920.72363654,294586.490906589,269401.0671875
"FR",75,183437.695706559,211641.581086667,242191.950421706,286920.72363654,294586.490906589,269401.0671875
"FR",76,183437.695706559,211641.581086667,242191.950421706,286920.72363654,294586.490906589,269401.0671875
"FR",77,183437.695706559,211641.581086667,242191.950421706,286920.72363654,294586.490906589,269401.0671875
"FR",78,183437.695706559,211641.581086667,242191.950421706,286920.72363654,294586.490906589,269401.0671875
"FR",79,183437.695706559,211641.581086667,242191.950421706,286920.72363654,294586.490906589,269401.0671875
"FR",80,183437.695706559,211641.581086667,242191.950421706,286920.72363654,294586.490906589,269401.0671875
"FR",81,183437.695706559,211641.581086667,242191.950421706,286920.72363654,294586.490906589,269401.0671875
"FR",82,183437.695706559,211641.581086667,242191.950421706,286920.72363654,294586.490906589,269401.0671875
"FR",83,183437.695706559,211641.581086667,242191.950421706,286920.72363654,294586.490906589,269401.0671875
"FR",84,183437.695706559,211641.581086667,242191.950421706,286920.72363654,294586.490906589,269401.0671875
"FR",85,183437.695706559,211641.581086667,242191.950421706,286920.72363654,294586.490906589,269401.0671875
"FR",86,183437.695706559,211641.581086667,242191.950421706,286920.72363654,294586.490906589,269401.0671875
"FR",87,183437.695706559,211641.581086667,242191.950421706,286920.72363654,294586.490906589,269401.0671875
"FR",88,183437.695706559,211641.581086667,242191.950421706,286920.72363654,294586.490906589,269401.0671875
"FR",89,183437.695706559,211641.581086667,242191.950421706,286920.72363654,294586.490906589,269401.0671875
"FR",90,183437.695706559,211641.581086667,242191.950421706,286920.72363654,294586.490906589,269401.0671875
"FR",91,743943.877943688,804649.405085613,820548.723992697,734190.30006754,625443.589272075,533097.815972222
"FR",92,743943.877943688,804649.405085613,820548.723992697,734190.30006754,625443.589272075,533097.815972222
"FR",93,743943.877943688,804649.405085613,820548.723992697,734190.30006754,625443.589272075,533097.815972222
"FR",94,743943.877943688,804649.405085613,820548.723992697,734190.30006754,625443.589272075,533097.815972222
"FR",95,743943.877943688,804649.405085613,820548.723992697,734190.30006754,625443.589272075,533097.815972222
"FR",96,743943.877943688,804649.405085613,820548.723992697,734190.30006754,625443.589272075,533097.815972222
"FR",97,743943.877943688,804649.405085613,820548.723992697,734190.30006754,625443.589272075,533097.815972222
"FR",98,743943.877943688,804649.405085613,820548.723992697,734190.30006754,625443.589272075,533097.815972222
"FR",99,743943.877943688,804649.405085613,820548.723992697,734190.30006754,625443.589272075,533097.815972222
"FR",100,5755945.88046951,4548416.58581138,3479462.12085003,1597661.54455766,977131.937802098,834412.027500001
"GB",1,-4055.76688487363,-203.334379859786,9150.38726257523,49475.4484152803,104615.478020887,117006.76484375
"GB",2,-4055.76688487363,-203.334379859786,9150.38726257523,49475.4484152803,104615.478020887,117006.76484375
"GB",3,-4055.76688487363,-203.334379859786,9150.38726257523,49475.4484152803,104615.478020887,117006.76484375
"GB",4,-4055.76688487363,-203.334379859786,9150.38726257523,49475.4484152803,104615.478020887,117006.76484375
"GB",5,-4055.76688487363,-203.334379859786,9150.38726257523,49475.4484152803,104615.478020887,117006.76484375
"GB",6,-4055.76688487363,-203.334379859786,9150.38726257523,49475.4484152803,104615.478020887,117006.76484375
"GB",7,-4055.76688487363,-203.334379859786,9150.38726257523,49475.4484152803,104615.478020887,117006.76484375
"GB",8,-4055.76688487363,-203.334379859786,9150.38726257523,49475.4484152803,104615.478020887,117006.76484375
"GB",9,-4055.76688487363,-203.334379859786,9150.38726257523,49475.4484152803,104615.478020887,117006.76484375
"GB",10,-4055.76688487363,-203.334379859786,9150.38726257523,49475.4484152803,104615.478020887,117006.76484375
"GB",11,19614.7802157777,30360.2211194707,45570.5599416841,89248.7992763242,140921.609397934,149648.5328125
"GB",12,19614.7802157777,30360.2211194707,45570.5599416841,89248.7992763242,140921.609397934,149648.5328125
"GB",13,19614.7802157777,30360.2211194707,45570.5599416841,89248.7992763242,140921.609397934,149648.5328125
"GB",14,19614.7802157777,30360.2211194707,45570.5599416841,89248.7992763242,140921.609397934,149648.5328125
"GB",15,19614.7802157777,30360.2211194707,45570.5599416841,89248.7992763242,140921.609397934,149648.5328125
"GB",16,19614.7802157777,30360.2211194707,45570.5599416841,89248.7992763242,140921.609397934,149648.5328125
"GB",17,19614.7802157777,30360.2211194707,45570.5599416841,89248.7992763242,140921.609397934,149648.5328125
"GB",18,19614.7802157777,30360.2211194707,45570.5599416841,89248.7992763242,140921.609397934,149648.5328125
"GB",19,19614.7802157777,30360.2211194707,45570.5599416841,89248.7992763242,140921.609397934,149648.5328125
"GB",20,19614.7802157777,30360.2211194707,45570.5599416841,89248.7992763242,140921.609397934,149648.5328125
"GB",21,19614.7802157777,30360.2211194707,45570.5599416841,89248.7992763242,140921.609397934,149648.5328125
"GB",22,19614.7802157777,30360.2211194707,45570.5599416841,89248.7992763242,140921.609397934,149648.5328125
"GB",23,19614.7802157777,30360.2211194707,45570.5599416841,89248.7992763242,140921.609397934,149648.5328125
"GB",24,19614.7802157777,30360.2211194707,45570.5599416841,89248.7992763242,140921.609397934,149648.5328125
"GB",25,19614.7802157777,30360.2211194707,45570.5599416841,89248.7992763242,140921.609397934,149648.5328125
"GB",26,19614.7802157777,30360.2211194707,45570.5599416841,89248.7992763242,140921.609397934,149648.5328125
"GB",27,19614.7802157777,30360.2211194707,45570.5599416841,89248.7992763242,140921.609397934,149648.5328125
"GB",28,19614.7802157777,30360.2211194707,45570.5599416841,89248.7992763242,140921.609397934,149648.5328125
"GB",29,19614.7802157777,30360.2211194707,45570.5599416841,89248.7992763242,140921.609397934,149648.5328125
"GB",30,19614.7802157777,30360.2211194707,45570.5599416841,89248.7992763242,140921.609397934,149648.5328125
"GB",31,19614.7802157777,30360.2211194707,45570.5599416841,89248.7992763242,140921.609397934,149648.5328125
"GB",32,19614.7802157777,30360.2211194707,45570.5599416841,89248.7992763242,140921.609397934,149648.5328125
"GB",33,19614.7802157777,30360.2211194707,45570.5599416841,89248.7992763242,140921.609397934,149648.5328125
"GB",34,19614.7802157777,30360.2211194707,45570.5599416841,89248.7992763242,140921.609397934,149648.5328125
"GB",35,19614.7802157777,30360.2211194707,45570.5599416841,89248.7992763242,140921.609397934,149648.5328125
"GB",36,19614.7802157777,30360.2211194707,45570.5599416841,89248.7992763242,140921.609397934,149648.5328125
"GB",37,19614.7802157777,30360.2211194707,45570.5599416841,89248.7992763242,140921.609397934,149648.5328125
"GB",38,19614.7802157777,30360.2211194707,45570.5599416841,89248.7992763242,140921.609397934,149648.5328125
"GB",39,19614.7802157777,30360.2211194707,45570.5599416841,89248.7992763242,140921.609397934,149648.5328125
"GB",40,19614.7802157777,30360.2211194707,45570.5599416841,89248.7992763242,140921.609397934,149648.5328125
"GB",41,19614.7802157777,30360.2211194707,45570.5599416841,89248.7992763242,140921.609397934,149648.5328125
"GB",42,19614.7802157777,30360.2211194707,45570.5599416841,89248.7992763242,140921.609397934,149648.5328125
"GB",43,19614.7802157777,30360.2211194707,45570.5599416841,89248.7992763242,140921.609397934,149648.5328125
"GB",44,19614.7802157777,30360.2211194707,45570.5599416841,89248.7992763242,140921.609397934,149648.5328125
"GB",45,19614.7802157777,30360.2211194707,45570.5599416841,89248.7992763242,140921.609397934,149648.5328125
"GB",46,19614.7802157777,30360.2211194707,45570.5599416841,89248.7992763242,140921.609397934,149648.5328125
"GB",47,19614.7802157777,30360.2211194707,45570.5599416841,89248.7992763242,140921.609397934,149648.5328125
"GB",48,19614.7802157777,30360.2211194707,45570.5599416841,89248.7992763242,140921.609397934,149648.5328125
"GB",49,19614.7802157777,30360.2211194707,45570.5599416841,89248.7992763242,140921.609397934,149648.5328125
"GB",50,19614.7802157777,30360.2211194707,45570.5599416841,89248.7992763242,140921.609397934,149648.5328125
"GB",51,153202.835807548,164008.643041275,180154.526829134,216426.925879364,261408.228649021,264670.804296876
"GB",52,153202.835807548,164008.643041275,180154.526829134,216426.925879364,261408.228649021,264670.804296876
"GB",53,153202.835807548,164008.643041275,180154.526829134,216426.925879364,261408.228649021,264670.804296876
"GB",54,153202.835807548,164008.643041275,180154.526829134,216426.925879364,261408.228649021,264670.804296876
"GB",55,153202.835807548,164008.643041275,180154.526829134,216426.925879364,261408.228649021,264670.804296876
"GB",56,153202.835807548,164008.643041275,180154.526829134,216426.925879364,261408.228649021,264670.804296876
"GB",57,153202.835807548,164008.643041275,180154.526829134,216426.925879364,261408.228649021,264670.804296876
"GB",58,153202.835807548,164008.643041275,180154.526829134,216426.925879364,261408.228649021,264670.804296876
"GB",59,153202.835807548,164008.643041275,180154.526829134,216426.925879364,261408.228649021,264670.804296876
"GB",60,153202.835807548,164008.643041275,180154.526829134,216426.925879364,261408.228649021,264670.804296876
"GB",61,153202.835807548,164008.643041275,180154.526829134,216426.925879364,261408.228649021,264670.804296876
"GB",62,153202.835807548,164008.643041275,180154.526829134,216426.925879364,261408.228649021,264670.804296876
"GB",63,153202.835807548,164008.643041275,180154.526829134,216426.925879364,261408.228649021,264670.804296876
"GB",64,153202.835807548,164008.643041275,180154.526829134,216426.925879364,261408.228649021,264670.804296876
"GB",65,153202.835807548,164008.643041275,180154.526829134,216426.925879364,261408.228649021,264670.804296876
"GB",66,153202.835807548,164008.643041275,180154.526829134,216426.925879364,261408.228649021,264670.804296876
"GB",67,153202.835807548,164008.643041275,180154.526829134,216426.925879364,261408.228649021,264670.804296876
"GB",68,153202.835807548,164008.643041275,180154.526829134,216426.925879364,261408.228649021,264670.804296876
"GB",69,153202.835807548,164008.643041275,180154.526829134,216426.925879364,261408.228649021,264670.804296876
"GB",70,153202.835807548,164008.643041275,180154.526829134,216426.925879364,261408.228649021,264670.804296876
"GB",71,153202.835807548,164008.643041275,180154.526829134,216426.925879364,261408.228649021,264670.804296876
"GB",72,153202.835807548,164008.643041275,180154.526829134,216426.925879364,261408.228649021,264670.804296876
"GB",73,153202.835807548,164008.643041275,180154.526829134,216426.925879364,261408.228649021,264670.804296876
"GB",74,153202.835807548,164008.643041275,180154.526829134,216426.925879364,261408.228649021,264670.804296876
"GB",75,153202.835807548,164008.643041275,180154.526829134,216426.925879364,261408.228649021,264670.804296876
"GB",76,153202.835807548,164008.643041275,180154.526829134,216426.925879364,261408.228649021,264670.804296876
"GB",77,153202.835807548,164008.643041275,180154.526829134,216426.925879364,261408.228649021,264670.804296876
"GB",78,153202.835807548,164008.643041275,180154.526829134,216426.925879364,261408.228649021,264670.804296876
"GB",79,153202.835807548,164008.643041275,180154.526829134,216426.925879364,261408.228649021,264670.804296876
"GB",80,153202.835807548,164008.643041275,180154.526829134,216426.925879364,261408.228649021,264670.804296876
"GB",81,153202.835807548,164008.643041275,180154.526829134,216426.925879364,261408.228649021,264670.804296876
"GB",82,153202.835807548,164008.643041275,180154.526829134,216426.925879364,261408.228649021,264670.804296876
"GB",83,153202.835807548,164008.643041275,180154.526829134,216426.925879364,261408.228649021,264670.804296876
"GB",84,153202.835807548,164008.643041275,180154.526829134,216426.925879364,261408.228649021,264670.804296876
"GB",85,153202.835807548,164008.643041275,180154.526829134,216426.925879364,261408.228649021,264670.804296876
"GB",86,153202.835807548,164008.643041275,180154.526829134,216426.925879364,261408.228649021,264670.804296876
"GB",87,153202.835807548,164008.643041275,180154.526829134,216426.925879364,261408.228649021,264670.804296876
"GB",88,153202.835807548,164008.643041275,180154.526829134,216426.925879364,261408.228649021,264670.804296876
"GB",89,153202.835807548,164008.643041275,180154.526829134,216426.925879364,261408.228649021,264670.804296876
"GB",90,153202.835807548,164008.643041275,180154.526829134,216426.925879364,261408.228649021,264670.804296876
"GB",91,638537.085258891,664465.302117366,669451.223113924,612771.600419246,571703.476206234,530539.225694445
"GB",92,638537.085258891,664465.302117366,669451.223113924,612771.600419246,571703.476206234,530539.225694445
"GB",93,638537.085258891,664465.302117366,669451.223113924,612771.600419246,571703.476206234,530539.225694445
"GB",94,638537.085258891,664465.302117366,669451.223113924,612771.600419246,571703.476206234,530539.225694445
"GB",95,638537.085258891,664465.302117366,669451.223113924,612771.600419246,571703.476206234,530539.225694445
"GB",96,638537.085258891,664465.302117366,669451.223113924,612771.600419246,571703.476206234,530539.225694445
"GB",97,638537.085258891,664465.302117366,669451.223113924,612771.600419246,571703.476206234,530539.225694445
"GB",98,638537.085258891,664465.302117366,669451.223113924,612771.600419246,571703.476206234,530539.225694445
"GB",99,638537.085258891,664465.302117366,669451.223113924,612771.600419246,571703.476206234,530539.225694445
"GB",100,3416306.68914939,3036577.54686354,2522905.18620259,1319025.10665765,967529.585986101,882306.194250003
"IT",1,-55717.2462284509,-44625.4594816764,-30216.7849382191,19113.7613286246,80883.3398533751,89788.1142578124
"IT",2,-55717.2462284509,-44625.4594816764,-30216.7849382191,19113.7613286246,80883.3398533751,89788.1142578124
"IT",3,-55717.2462284509,-44625.4594816764,-30216.7849382191,19113.7613286246,80883.3398533751,89788.1142578124
"IT",4,-55717.2462284509,-44625.4594816764,-30216.7849382191,19113.7613286246,80883.3398533751,89788.1142578124
"IT",5,-55717.2462284509,-44625.4594816764,-30216.7849382191,19113.7613286246,80883.3398533751,89788.1142578124
"IT",6,-55717.2462284509,-44625.4594816764,-30216.7849382191,19113.7613286246,80883.3398533751,89788.1142578124
"IT",7,-55717.2462284509,-44625.4594816764,-30216.7849382191,19113.7613286246,80883.3398533751,89788.1142578124
"IT",8,-55717.2462284509,-44625.4594816764,-30216.7849382191,19113.7613286246,80883.3398533751,89788.1142578124
"IT",9,-55717.2462284509,-44625.4594816764,-30216.7849382191,19113.7613286246,80883.3398533751,89788.1142578124
"IT",10,-55717.2462284509,-44625.4594816764,-30216.7849382191,19113.7613286246,80883.3398533751,89788.1142578124
"IT",11,27318.0608166252,39433.9634557301,56606.9236569911,99365.0161359521,142139.016950247,138034.351367187
"IT",12,27318.0608166252,39433.9634557301,56606.9236569911,99365.0161359521,142139.016950247,138034.351367187
"IT",13,27318.0608166252,39433.9634557301,56606.9236569911,99365.0161359521,142139.016950247,138034.351367187
"IT",14,27318.0608166252,39433.9634557301,56606.9236569911,99365.0161359521,142139.016950247,138034.351367187
"IT",15,27318.0608166252,39433.9634557301,56606.9236569911,99365.0161359521,142139.016950247,138034.351367187
"IT",16,27318.0608166252,39433.9634557301,56606.9236569911,99365.0161359521,142139.016950247,138034.351367187
"IT",17,27318.0608166252,39433.9634557301,56606.9236569911,99365.0161359521,142139.016950247,138034.351367187
"IT",18,27318.0608166252,39433.9634557301,56606.9236569911,99365.0161359521,142139.016950247,138034.351367187
"IT",19,27318.0608166252,39433.9634557301,56606.9236569911,99365.0161359521,142139.016950247,138034.351367187
"IT",20,27318.0608166252,39433.9634557301,56606.9236569911,99365.0161359521,142139.016950247,138034.351367187
"IT",21,27318.0608166252,39433.9634557301,56606.9236569911,99365.0161359521,142139.016950247,138034.351367187
"IT",22,27318.0608166252,39433.9634557301,56606.9236569911,99365.0161359521,142139.016950247,138034.351367187
"IT",23,27318.0608166252,39433.9634557301,56606.9236569911,99365.0161359521,142139.016950247,138034.351367187
"IT",24,27318.0608166252,39433.9634557301,56606.9236569911,99365.0161359521,142139.016950247,138034.351367187
"IT",25,27318.0608166252,39433.9634557301,56606.9236569911,99365.0161359521,142139.016950247,138034.351367187
"IT",26,27318.0608166252,39433.9634557301,56606.9236569911,99365.0161359521,142139.016950247,138034.351367187
"IT",27,27318.0608166252,39433.9634557301,56606.9236569911,99365.0161359521,142139.016950247,138034.351367187
"IT",28,27318.0608166252,39433.9634557301,56606.9236569911,99365.0161359521,142139.016950247,138034.351367187
"IT",29,27318.0608166252,39433.9634557301,56606.9236569911,99365.0161359521,142139.016950247,138034.351367187
"IT",30,27318.0608166252,39433.9634557301,56606.9236569911,99365.0161359521,142139.016950247,138034.351367187
"IT",31,27318.0608166252,39433.9634557301,56606.9236569911,99365.0161359521,142139.016950247,138034.351367187
"IT",32,27318.0608166252,39433.9634557301,56606.9236569911,99365.0161359521,142139.016950247,138034.351367187
"IT",33,27318.0608166252,39433.9634557301,56606.9236569911,99365.0161359521,142139.016950247,138034.351367187
"IT",34,27318.0608166252,39433.9634557301,56606.9236569911,99365.0161359521,142139.016950247,138034.351367187
"IT",35,27318.0608166252,39433.9634557301,56606.9236569911,99365.0161359521,142139.016950247,138034.351367187
"IT",36,27318.0608166252,39433.9634557301,56606.9236569911,99365.0161359521,142139.016950247,138034.351367187
"IT",37,27318.0608166252,39433.9634557301,56606.9236569911,99365.0161359521,142139.016950247,138034.351367187
"IT",38,27318.0608166252,39433.9634557301,56606.9236569911,99365.0161359521,142139.016950247,138034.351367187
"IT",39,27318.0608166252,39433.9634557301,56606.9236569911,99365.0161359521,142139.016950247,138034.351367187
"IT",40,27318.0608166252,39433.9634557301,56606.9236569911,99365.0161359521,142139.016950247,138034.351367187
"IT",41,27318.0608166252,39433.9634557301,56606.9236569911,99365.0161359521,142139.016950247,138034.351367187
"IT",42,27318.0608166252,39433.9634557301,56606.9236569911,99365.0161359521,142139.016950247,138034.351367187
"IT",43,27318.0608166252,39433.9634557301,56606.9236569911,99365.0161359521,142139.016950247,138034.351367187
"IT",44,27318.0608166252,39433.9634557301,56606.9236569911,99365.0161359521,142139.016950247,138034.351367187
"IT",45,27318.0608166252,39433.9634557301,56606.9236569911,99365.0161359521,142139.016950247,138034.351367187
"IT",46,27318.0608166252,39433.9634557301,56606.9236569911,99365.0161359521,142139.016950247,138034.351367187
"IT",47,27318.0608166252,39433.9634557301,56606.9236569911,99365.0161359521,142139.016950247,138034.351367187
"IT",48,27318.0608166252,39433.9634557301,56606.9236569911,99365.0161359521,142139.016950247,138034.351367187
"IT",49,27318.0608166252,39433.9634557301,56606.9236569911,99365.0161359521,142139.016950247,138034.351367187
"IT",50,27318.0608166252,39433.9634557301,56606.9236569911,99365.0161359521,142139.016950247,138034.351367187
"IT",51,218188.669238449,233898.252327891,255458.860856324,285601.570342545,302105.224226279,273492.36640625
"IT",52,218188.669238449,233898.252327891,255458.860856324,285601.570342545,302105.224226279,273492.36640625
"IT",53,218188.669238449,233898.252327891,255458.860856324,285601.570342545,302105.224226279,273492.36640625
"IT",54,218188.669238449,233898.252327891,255458.860856324,285601.570342545,302105.224226279,273492.36640625
"IT",55,218188.669238449,233898.252327891,255458.860856324,285601.570342545,302105.224226279,273492.36640625
"IT",56,218188.669238449,233898.252327891,255458.860856324,285601.570342545,302105.224226279,273492.36640625
"IT",57,218188.669238449,233898.252327891,255458.860856324,285601.570342545,302105.224226279,273492.36640625
"IT",58,218188.669238449,233898.252327891,255458.860856324,285601.570342545,302105.224226279,273492.36640625
"IT",59,218188.669238449,233898.252327891,255458.860856324,285601.570342545,302105.224226279,273492.36640625
"IT",60,218188.669238449,233898.252327891,255458.860856324,285601.570342545,302105.224226279,273492.36640625
"IT",61,218188.669238449,233898.252327891,255458.860856324,285601.570342545,302105.224226279,273492.36640625
"IT",62,218188.669238449,233898.252327891,255458.860856324,285601.570342545,302105.224226279,273492.36640625
"IT",63,218188.669238449,233898.252327891,255458.860856324,285601.570342545,302105.224226279,273492.36640625
"IT",64,218188.669238449,233898.252327891,255458.860856324,285601.570342545,302105.224226279,273492.36640625
"IT",65,218188.669238449,233898.252327891,255458.860856324,285601.570342545,302105.224226279,273492.36640625
"IT",66,218188.669238449,233898.252327891,255458.860856324,285601.570342545,302105.224226279,273492.36640625
"IT",67,218188.669238449,233898.252327891,255458.860856324,285601.570342545,302105.224226279,273492.36640625
"IT",68,218188.669238449,233898.252327891,255458.860856324,285601.570342545,302105.224226279,273492.36640625
"IT",69,218188.669238449,233898.252327891,255458.860856324,285601.570342545,302105.224226279,273492.36640625
"IT",70,218188.669238449,233898.252327891,255458.860856324,285601.570342545,302105.224226279,273492.36640625
"IT",71,218188.669238449,233898.252327891,255458.860856324,285601.570342545,302105.224226279,273492.36640625
"IT",72,218188.669238449,233898.252327891,255458.860856324,285601.570342545,302105.224226279,273492.36640625
"IT",73,218188.669238449,233898.252327891,255458.860856324,285601.570342545,302105.224226279,273492.36640625
"IT",74,218188.669238449,233898.252327891,255458.860856324,285601.570342545,302105.224226279,273492.36640625
"IT",75,218188.669238449,233898.252327891,255458.860856324,285601.570342545,302105.224226279,273492.36640625
"IT",76,218188.669238449,233898.252327891,255458.860856324,285601.570342545,302105.224226279,273492.36640625
"IT",77,218188.669238449,233898.252327891,255458.860856324,285601.570342545,302105.224226279,273492.36640625
"IT",78,218188.669238449,233898.252327891,255458.860856324,285601.570342545,302105.224226279,273492.36640625
"IT",79,218188.669238449,233898.252327891,255458.860856324,285601.570342545,302105.224226279,273492.36640625
"IT",80,218188.669238449,233898.252327891,255458.860856324,285601.570342545,302105.224226279,273492.36640625
"IT",81,218188.669238449,233898.252327891,255458.860856324,285601.570342545,302105.224226279,273492.36640625
"IT",82,218188.669238449,233898.252327891,255458.860856324,285601.570342545,302105.224226279,273492.36640625
"IT",83,218188.669238449,233898.252327891,255458.860856324,285601.570342545,302105.224226279,273492.36640625
"IT",84,218188.669238449,233898.252327891,255458.860856324,285601.570342545,302105.224226279,273492.36640625
"IT",85,218188.669238449,233898.252327891,255458.860856324,285601.570342545,302105.224226279,273492.36640625
"IT",86,218188.669238449,233898.252327891,255458.860856324,285601.570342545,302105.224226279,273492.36640625
"IT",87,218188.669238449,233898.252327891,255458.860856324,285601.570342545,302105.224226279,273492.36640625
"IT",88,218188.669238449,233898.252327891,255458.860856324,285601.570342545,302105.224226279,273492.36640625
"IT",89,218188.669238449,233898.252327891,255458.860856324,285601.570342545,302105.224226279,273492.36640625
"IT",90,218188.669238449,233898.252327891,255458.860856324,285601.570342545,302105.224226279,273492.36640625
"IT",91,799406.260693902,851823.822774632,860622.777139791,752944.463798538,673967.367160217,573832.57986111
"IT",92,799406.260693902,851823.822774632,860622.777139791,752944.463798538,673967.367160217,573832.57986111
"IT",93,799406.260693902,851823.822774632,860622.777139791,752944.463798538,673967.367160217,573832.57986111
"IT",94,799406.260693902,851823.822774632,860622.777139791,752944.463798538,673967.367160217,573832.57986111
"IT",95,799406.260693902,851823.822774632,860622.777139791,752944.463798538,673967.367160217,573832.57986111
"IT",96,799406.260693902,851823.822774632,860622.777139791,752944.463798538,673967.367160217,573832.57986111
"IT",97,799406.260693902,851823.822774632,860622.777139791,752944.463798538,673967.367160217,573832.57986111
"IT",98,799406.260693902,851823.822774632,860622.777139791,752944.463798538,673967.367160217,573832.57986111
"IT",99,799406.260693902,851823.822774632,860622.777139791,752944.463798538,673967.367160217,573832.57986111
"IT",100,4649998.95779958,3910296.66441011,3137901.95399438,1518036.34051586,1021728.20085111,876557.209125001
"NL",1,15467.3187046166,17262.4572162456,28283.9066999062,81706.3265794668,106890.173064306,112553.12578125
"NL",2,15467.3187046166,17262.4572162456,28283.9066999062,81706.3265794668,106890.173064306,112553.12578125
"NL",3,15467.3187046166,17262.4572162456,28283.9066999062,81706.3265794668,106890.173064306,112553.12578125
"NL",4,15467.3187046166,17262.4572162456,28283.9066999062,81706.3265794668,106890.173064306,112553.12578125
"NL",5,15467.3187046166,17262.4572162456,28283.9066999062,81706.3265794668,106890.173064306,112553.12578125
"NL",6,15467.3187046166,17262.4572162456,28283.9066999062,81706.3265794668,106890.173064306,112553.12578125
"NL",7,15467.3187046166,17262.4572162456,28283.9066999062,81706.3265794668,106890.173064306,112553.12578125
"NL",8,15467.3187046166,17262.4572162456,28283.9066999062,81706.3265794668,106890.173064306,112553.12578125
"NL",9,15467.3187046166,17262.4572162456,28283.9066999062,81706.3265794668,106890.173064306,112553.12578125
"NL",10,15467.3187046166,17262.4572162456,28283.9066999062,81706.3265794668,106890.173064306,112553.12578125
"NL",11,61313.6201919497,71917.8283745251,90151.8485655671,145128.893328045,148808.866556886,146981.720703125
"NL",12,61313.6201919497,71917.8283745251,90151.8485655671,145128.893328045,148808.866556886,146981.720703125
"NL",13,61313.6201919497,71917.8283745251,90151.8485655671,145128.893328045,148808.866556886,146981.720703125
"NL",14,61313.6201919497,71917.8283745251,90151.8485655671,145128.893328045,148808.866556886,146981.720703125
"NL",15,61313.6201919497,71917.8283745251,90151.8485655671,145128.893328045,148808.866556886,146981.720703125
"NL",16,61313.6201919497,71917.8283745251,90151.8485655671,145128.893328045,148808.866556886,146981.720703125
"NL",17,61313.6201919497,71917.8283745251,90151.8485655671,145128.893328045,148808.866556886,146981.720703125
"NL",18,61313.6201919497,71917.8283745251,90151.8485655671,145128.893328045,148808.866556886,146981.720703125
"NL",19,61313.6201919497,71917.8283745251,90151.8485655671,145128.893328045,148808.866556886,146981.720703125
"NL",20,61313.6201919497,71917.8283745251,90151.8485655671,145128.893328045,148808.866556886,146981.720703125
"NL",21,61313.6201919497,71917.8283745251,90151.8485655671,145128.893328045,148808.866556886,146981.720703125
"NL",22,61313.6201919497,71917.8283745251,90151.8485655671,145128.893328045,148808.866556886,146981.720703125
"NL",23,61313.6201919497,71917.8283745251,90151.8485655671,145128.893328045,148808.866556886,146981.720703125
"NL",24,61313.6201919497,71917.8283745251,90151.8485655671,145128.893328045,148808.866556886,146981.720703125
"NL",25,61313.6201919497,71917.8283745251,90151.8485655671,145128.893328045,148808.866556886,146981.720703125
"NL",26,61313.6201919497,71917.8283745251,90151.8485655671,145128.893328045,148808.866556886,146981.720703125
"NL",27,61313.6201919497,71917.8283745251,90151.8485655671,145128.893328045,148808.866556886,146981.720703125
"NL",28,61313.6201919497,71917.8283745251,90151.8485655671,145128.893328045,148808.866556886,146981.720703125
"NL",29,61313.6201919497,71917.8283745251,90151.8485655671,145128.893328045,148808.866556886,146981.720703125
"NL",30,61313.6201919497,71917.8283745251,90151.8485655671,145128.893328045,148808.866556886,146981.720703125
"NL",31,61313.6201919497,71917.8283745251,90151.8485655671,145128.893328045,148808.866556886,146981.720703125
"NL",32,61313.6201919497,71917.8283745251,90151.8485655671,145128.893328045,148808.866556886,146981.720703125
"NL",33,61313.6201919497,71917.8283745251,90151.8485655671,145128.893328045,148808.866556886,146981.720703125
"NL",34,61313.6201919497,71917.8283745251,90151.8485655671,145128.893328045,148808.866556886,146981.720703125
"NL",35,61313.6201919497,71917.8283745251,90151.8485655671,145128.893328045,148808.866556886,146981.720703125
"NL",36,61313.6201919497,71917.8283745251,90151.8485655671,145128.893328045,148808.866556886,146981.720703125
"NL",37,61313.6201919497,71917.8283745251,90151.8485655671,145128.893328045,148808.866556886,146981.720703125
"NL",38,61313.6201919497,71917.8283745251,90151.8485655671,145128.893328045,148808.866556886,146981.720703125
"NL",39,61313.6201919497,71917.8283745251,90151.8485655671,145128.893328045,148808.866556886,146981.720703125
"NL",40,61313.6201919497,71917.8283745251,90151.8485655671,145128.893328045,148808.866556886,146981.720703125
"NL",41,61313.6201919497,71917.8283745251,90151.8485655671,145128.893328045,148808.866556886,146981.720703125
"NL",42,61313.6201919497,71917.8283745251,90151.8485655671,145128.893328045,148808.866556886,146981.720703125
"NL",43,61313.6201919497,71917.8283745251,90151.8485655671,145128.893328045,148808.866556886,146981.720703125
"NL",44,61313.6201919497,71917.8283745251,90151.8485655671,145128.893328045,148808.866556886,146981.720703125
"NL",45,61313.6201919497,71917.8283745251,90151.8485655671,145128.893328045,148808.866556886,146981.720703125
"NL",46,61313.6201919497,71917.8283745251,90151.8485655671,145128.893328045,148808.866556886,146981.720703125
"NL",47,61313.6201919497,71917.8283745251,90151.8485655671,145128.893328045,148808.866556886,146981.720703125
"NL",48,61313.6201919497,71917.8283745251,90151.8485655671,145128.893328045,148808.866556886,146981.720703125
"NL",49,61313.6201919497,71917.8283745251,90151.8485655671,145128.893328045,148808.866556886,146981.720703125
"NL",50,61313.6201919497,71917.8283745251,90151.8485655671,145128.893328045,148808.866556886,146981.720703125
"NL",51,297335.667128508,305375.645052986,323658.772923974,361449.438144362,295354.747591337,272719.69140625
"NL",52,297335.667128508,305375.645052986,323658.772923974,361449.438144362,295354.747591337,272719.69140625
"NL",53,297335.667128508,305375.645052986,323658.772923974,361449.438144362,295354.747591337,272719.69140625
"NL",54,297335.667128508,305375.645052986,323658.772923974,361449.438144362,295354.747591337,272719.69140625
"NL",55,297335.667128508,305375.645052986,323658.772923974,361449.438144362,295354.747591337,272719.69140625
"NL",56,297335.667128508,305375.645052986,323658.772923974,361449.438144362,295354.747591337,272719.69140625
"NL",57,297335.667128508,305375.645052986,323658.772923974,361449.438144362,295354.747591337,272719.69140625
"NL",58,297335.667128508,305375.645052986,323658.772923974,361449.438144362,295354.747591337,272719.69140625
"NL",59,297335.667128508,305375.645052986,323658.772923974,361449.438144362,295354.747591337,272719.69140625
"NL",60,297335.667128508,305375.645052986,323658.772923974,361449.438144362,295354.747591337,272719.69140625
"NL",61,297335.667128508,305375.645052986,323658.772923974,361449.438144362,295354.747591337,272719.69140625
"NL",62,297335.667128508,305375.645052986,323658.772923974,361449.438144362,295354.747591337,272719.69140625
"NL",63,297335.667128508,305375.645052986,323658.772923974,361449.438144362,295354.747591337,272719.69140625
"NL",64,297335.667128508,305375.645052986,323658.772923974,361449.438144362,295354.747591337,272719.69140625
"NL",65,297335.667128508,305375.645052986,323658.772923974,361449.438144362,295354.747591337,272719.69140625
"NL",66,297335.667128508,305375.645052986,323658.772923974,361449.438144362,295354.747591337,272719.69140625
"NL",67,297335.667128508,305375.645052986,323658.772923974,361449.438144362,295354.747591337,272719.69140625
"NL",68,297335.667128508,305375.645052986,323658.772923974,361449.438144362,295354.747591337,272719.69140625
"NL",69,297335.667128508,305375.645052986,323658.772923974,361449.438144362,295354.747591337,272719.69140625
"NL",70,297335.667128508,305375.645052986,323658.772923974,361449.438144362,295354.747591337,272719.69140625
"NL",71,297335.667128508,305375.645052986,323658.772923974,361449.438144362,295354.747591337,272719.69140625
"NL",72,297335.667128508,305375.645052986,323658.772923974,361449.438144362,295354.747591337,272719.69140625
"NL",73,297335.667128508,305375.645052986,323658.772923974,361449.438144362,295354.747591337,272719.69140625
"NL",74,297335.667128508,305375.645052986,323658.772923974,361449.438144362,295354.747591337,272719.69140625
"NL",75,297335.667128508,305375.645052986,323658.772923974,361449.438144362,295354.747591337,272719.69140625
"NL",76,297335.667128508,305375.645052986,323658.772923974,361449.438144362,295354.747591337,272719.69140625
"NL",77,297335.667128508,305375.645052986,323658.772923974,361449.438144362,295354.747591337,272719.69140625
"NL",78,297335.667128508,305375.645052986,323658.772923974,361449.438144362,295354.747591337,272719.69140625
"NL",79,297335.667128508,305375.645052986,323658.772923974,361449.438144362,295354.747591337,272719.69140625
"NL",80,297335.667128508,305375.645052986,323658.772923974,361449.438144362,295354.747591337,272719.69140625
"NL",81,297335.667128508,305375.645052986,323658.772923974,361449.438144362,295354.747591337,272719.69140625
"NL",82,297335.667128508,305375.645052986,323658.772923974,361449.438144362,295354.747591337,272719.69140625
"NL",83,297335.667128508,305375.645052986,323658.772923974,361449.438144362,295354.747591337,272719.69140625
"NL",84,297335.667128508,305375.645052986,323658.772923974,361449.438144362,295354.747591337,272719.69140625
"NL",85,297335.667128508,305375.645052986,323658.772923974,361449.438144362,295354.747591337,272719.69140625
"NL",86,297335.667128508,305375.645052986,323658.772923974,361449.438144362,295354.747591337,272719.69140625
"NL",87,297335.667128508,305375.645052986,323658.772923974,361449.438144362,295354.747591337,272719.69140625
"NL",88,297335.667128508,305375.645052986,323658.772923974,361449.438144362,295354.747591337,272719.69140625
"NL",89,297335.667128508,305375.645052986,323658.772923974,361449.438144362,295354.747591337,272719.69140625
"NL",90,297335.667128508,305375.645052986,323658.772923974,361449.438144362,295354.747591337,272719.69140625
"NL",91,933485.646246393,971751.972506437,959714.733398588,834328.545684944,602344.083772294,524495.576388889
"NL",92,933485.646246393,971751.972506437,959714.733398588,834328.545684944,602344.083772294,524495.576388889
"NL",93,933485.646246393,971751.972506437,959714.733398588,834328.545684944,602344.083772294,524495.576388889
"NL",94,933485.646246393,971751.972506437,959714.733398588,834328.545684944,602344.083772294,524495.576388889
"NL",95,933485.646246393,971751.972506437,959714.733398588,834328.545684944,602344.083772294,524495.576388889
"NL",96,933485.646246393,971751.972506437,959714.733398588,834328.545684944,602344.083772294,524495.576388889
"NL",97,933485.646246393,971751.972506437,959714.733398588,834328.545684944,602344.083772294,524495.576388889
"NL",98,933485.646246393,971751.972506437,959714.733398588,834328.545684944,602344.083772294,524495.576388889
"NL",99,933485.646246393,971751.972506437,959714.733398588,834328.545684944,602344.083772294,524495.576388889
"NL",100,3721668.39208866,3342260.71717197,2781333.30788561,1432129.76771671,855295.325137575,765951.985812501
"NO",1,-68500.4282715545,-51035.8490576907,-24402.0836682063,95634.7788960876,102885.545651373,90130.9585937502
"NO",2,-68500.4282715545,-51035.8490576907,-24402.0836682063,95634.7788960876,102885.545651373,90130.9585937502
"NO",3,-68500.4282715545,-51035.8490576907,-24402.0836682063,95634.7788960876,102885.545651373,90130.9585937502
"NO",4,-68500.4282715545,-51035.8490576907,-24402.0836682063,95634.7788960876,102885.545651373,90130.9585937502
"NO",5,-68500.4282715545,-51035.8490576907,-24402.0836682063,95634.7788960876,102885.545651373,90130.9585937502
"NO",6,-68500.4282715545,-51035.8490576907,-24402.0836682063,95634.7788960876,102885.545651373,90130.9585937502
"NO",7,-68500.4282715545,-51035.8490576907,-24402.0836682063,95634.7788960876,102885.545651373,90130.9585937502
"NO",8,-68500.4282715545,-51035.8490576907,-24402.0836682063,95634.7788960876,102885.545651373,90130.9585937502
"NO",9,-68500.4282715545,-51035.8490576907,-24402.0836682063,95634.7788960876,102885.545651373,90130.9585937502
"NO",10,-68500.4282715545,-51035.8490576907,-24402.0836682063,95634.7788960876,102885.545651373,90130.9585937502
"NO",11,39246.878478736,66023.7206136792,103520.840738755,236810.527672018,184775.194127398,146640.667382812
"NO",12,39246.878478736,66023.7206136792,103520.840738755,236810.527672018,184775.194127398,146640.667382812
"NO",13,39246.878478736,66023.7206136792,103520.840738755,236810.527672018,184775.194127398,146640.667382812
"NO",14,39246.878478736,66023.7206136792,103520.840738755,236810.527672018,184775.194127398,146640.667382812
"NO",15,39246.878478736,66023.7206136792,103520.840738755,236810.527672018,184775.194127398,146640.667382812
"NO",16,39246.878478736,66023.7206136792,103520.840738755,236810.527672018,184775.194127398,146640.667382812
"NO",17,39246.878478736,66023.7206136792,103520.840738755,236810.527672018,184775.194127398,146640.667382812
"NO",18,39246.878478736,66023.7206136792,103520.840738755,236810.527672018,184775.194127398,146640.667382812
"NO",19,39246.878478736,66023.7206136792,103520.840738755,236810.527672018,184775.194127398,146640.667382812
"NO",20,39246.878478736,66023.7206136792,103520.840738755,236810.527672018,184775.194127398,146640.667382812
"NO",21,39246.878478736,66023.7206136792,103520.840738755,236810.527672018,184775.194127398,146640.667382812
"NO",22,39246.878478736,66023.7206136792,103520.840738755,236810.527672018,184775.194127398,146640.667382812
"NO",23,39246.878478736,66023.7206136792,103520.840738755,236810.527672018,184775.194127398,146640.667382812
"NO",24,39246.878478736,66023.7206136792,103520.840738755,236810.527672018,184775.194127398,146640.667382812
"NO",25,39246.878478736,66023.7206136792,103520.840738755,236810.527672018,184775.194127398,146640.667382812
"NO",26,39246.878478736,66023.7206136792,103520.840738755,236810.527672018,184775.194127398,146640.667382812
"NO",27,39246.878478736,66023.7206136792,103520.840738755,236810.527672018,184775.194127398,146640.667382812
"NO",28,39246.878478736,66023.7206136792,103520.840738755,236810.527672018,184775.194127398,146640.667382812
"NO",29,39246.878478736,66023.7206136792,103520.840738755,236810.527672018,184775.194127398,146640.667382812
"NO",30,39246.878478736,66023.7206136792,103520.840738755,236810.527672018,184775.194127398,146640.667382812
"NO",31,39246.878478736,66023.7206136792,103520.840738755,236810.527672018,184775.194127398,146640.667382812
"NO",32,39246.878478736,66023.7206136792,103520.840738755,236810.527672018,184775.194127398,146640.667382812
"NO",33,39246.878478736,66023.7206136792,103520.840738755,236810.527672018,184775.194127398,146640.667382812
"NO",34,39246.878478736,66023.7206136792,103520.840738755,236810.527672018,184775.194127398,146640.667382812
"NO",35,39246.878478736,66023.7206136792,103520.840738755,236810.527672018,184775.194127398,146640.667382812
"NO",36,39246.878478736,66023.7206136792,103520.840738755,236810.527672018,184775.194127398,146640.667382812
"NO",37,39246.878478736,66023.7206136792,103520.840738755,236810.527672018,184775.194127398,146640.667382812
"NO",38,39246.878478736,66023.7206136792,103520.840738755,236810.527672018,184775.194127398,146640.667382812
"NO",39,39246.878478736,66023.7206136792,103520.840738755,236810.527672018,184775.194127398,146640.667382812
"NO",40,39246.878478736,66023.7206136792,103520.840738755,236810.527672018,184775.194127398,146640.667382812
"NO",41,39246.878478736,66023.7206136792,103520.840738755,236810.527672018,184775.194127398,146640.667382812
"NO",42,39246.878478736,66023.7206136792,103520.840738755,236810.527672018,184775.194127398,146640.667382812
"NO",43,39246.878478736,66023.7206136792,103520.840738755,236810.527672018,184775.194127398,146640.667382812
"NO",44,39246.878478736,66023.7206136792,103520.840738755,236810.527672018,184775.194127398,146640.667382812
"NO",45,39246.878478736,66023.7206136792,103520.840738755,236810.527672018,184775.194127398,146640.667382812
"NO",46,39246.878478736,66023.7206136792,103520.840738755,236810.527672018,184775.194127398,146640.667382812
"NO",47,39246.878478736,66023.7206136792,103520.840738755,236810.527672018,184775.194127398,146640.667382812
"NO",48,39246.878478736,66023.7206136792,103520.840738755,236810.527672018,184775.194127398,146640.667382812
"NO",49,39246.878478736,66023.7206136792,103520.840738755,236810.527672018,184775.194127398,146640.667382812
"NO",50,39246.878478736,66023.7206136792,103520.840738755,236810.527672018,184775.194127398,146640.667382812
"NO",51,270152.940737758,309966.384988018,361851.473764503,528650.914049778,369485.043723826,282377.441015626
"NO",52,270152.940737758,309966.384988018,361851.473764503,528650.914049778,369485.043723826,282377.441015626
"NO",53,270152.940737758,309966.384988018,361851.473764503,528650.914049778,369485.043723826,282377.441015626
"NO",54,270152.940737758,309966.384988018,361851.473764503,528650.914049778,369485.043723826,282377.441015626
"NO",55,270152.940737758,309966.384988018,361851.473764503,528650.914049778,369485.043723826,282377.441015626
"NO",56,270152.940737758,309966.384988018,361851.473764503,528650.914049778,369485.043723826,282377.441015626
"NO",57,270152.940737758,309966.384988018,361851.473764503,528650.914049778,369485.043723826,282377.441015626
"NO",58,270152.940737758,309966.384988018,361851.473764503,528650.914049778,369485.043723826,282377.441015626
"NO",59,270152.940737758,309966.384988018,361851.473764503,528650.914049778,369485.043723826,282377.441015626
"NO",60,270152.940737758,309966.384988018,361851.473764503,528650.914049778,369485.043723826,282377.441015626
"NO",61,270152.940737758,309966.384988018,361851.473764503,528650.914049778,369485.043723826,282377.441015626
"NO",62,270152.940737758,309966.384988018,361851.473764503,528650.914049778,369485.043723826,282377.441015626
"NO",63,270152.940737758,309966.384988018,361851.473764503,528650.914049778,369485.043723826,282377.441015626
"NO",64,270152.940737758,309966.384988018,361851.473764503,528650.914049778,369485.043723826,282377.441015626
"NO",65,270152.940737758,309966.384988018,361851.473764503,528650.914049778,369485.043723826,282377.441015626
"NO",66,270152.940737758,309966.384988018,361851.473764503,528650.914049778,369485.043723826,282377.441015626
"NO",67,270152.940737758,309966.384988018,361851.473764503,528650.914049778,369485.043723826,282377.441015626
"NO",68,270152.940737758,309966.384988018,361851.473764503,528650.914049778,369485.043723826,282377.441015626
"NO",69,270152.940737758,309966.384988018,361851.473764503,528650.914049778,369485.043723826,282377.441015626
"NO",70,270152.940737758,309966.384988018,361851.473764503,528650.914049778,369485.043723826,282377.441015626
"NO",71,270152.940737758,309966.384988018,361851.473764503,528650.914049778,369485.043723826,282377.441015626
"NO",72,270152.940737758,309966.384988018,361851.473764503,528650.914049778,369485.043723826,282377.441015626
"NO",73,270152.940737758,309966.384988018,361851.473764503,528650.914049778,369485.043723826,282377.441015626
"NO",74,270152.940737758,309966.384988018,361851.473764503,528650.914049778,369485.043723826,282377.441015626
"NO",75,270152.940737758,309966.384988018,361851.473764503,528650.914049778,369485.043723826,282377.441015626
"NO",76,270152.940737758,309966.384988018,361851.473764503,528650.914049778,369485.043723826,282377.441015626
"NO",77,270152.940737758,309966.384988018,361851.473764503,528650.914049778,369485.043723826,282377.441015626
"NO",78,270152.940737758,309966.384988018,361851.473764503,528650.914049778,369485.043723826,282377.441015626
"NO",79,270152.940737758,309966.384988018,361851.473764503,528650.914049778,369485.043723826,282377.441015626
"NO",80,270152.940737758,309966.384988018,361851.473764503,528650.914049778,369485.043723826,282377.441015626
"NO",81,270152.940737758,309966.384988018,361851.473764503,528650.914049778,369485.043723826,282377.441015626
"NO",82,270152.940737758,309966.384988018,361851.473764503,528650.914049778,369485.043723826,282377.441015626
"NO",83,270152.940737758,309966.384988018,361851.473764503,528650.914049778,369485.043723826,282377.441015626
"NO",84,270152.940737758,309966.384988018,361851.473764503,528650.914049778,369485.043723826,282377.441015626
"NO",85,270152.940737758,309966.384988018,361851.473764503,528650.914049778,369485.043723826,282377.441015626
"NO",86,270152.940737758,309966.384988018,361851.473764503,528650.914049778,369485.043723826,282377.441015626
"NO",87,270152.940737758,309966.384988018,361851.473764503,528650.914049778,369485.043723826,282377.441015626
"NO",88,270152.940737758,309966.384988018,361851.473764503,528650.914049778,369485.043723826,282377.441015626
"NO",89,270152.940737758,309966.384988018,361851.473764503,528650.914049778,369485.043723826,282377.441015626
"NO",90,270152.940737758,309966.384988018,361851.473764503,528650.914049778,369485.043723826,282377.441015626
"NO",91,802900.150146848,934348.851425046,1006512.92263116,1047991.31562203,685339.663719913,516282.229166668
"NO",92,802900.150146848,934348.851425046,1006512.92263116,1047991.31562203,685339.663719913,516282.229166668
"NO",93,802900.150146848,934348.851425046,1006512.92263116,1047991.31562203,685339.663719913,516282.229166668
"NO",94,802900.150146848,934348.851425046,1006512.92263116,1047991.31562203,685339.663719913,516282.229166668
"NO",95,802900.150146848,934348.851425046,1006512.92263116,1047991.31562203,685339.663719913,516282.229166668
"NO",96,802900.150146848,934348.851425046,1006512.92263116,1047991.31562203,685339.663719913,516282.229166668
"NO",97,802900.150146848,934348.851425046,1006512.92263116,1047991.31562203,685339.663719913,516282.229166668
"NO",98,802900.150146848,934348.851425046,1006512.92263116,1047991.31562203,685339.663719913,516282.229166668
"NO",99,802900.150146848,934348.851425046,1006512.92263116,1047991.31562203,685339.663719913,516282.229166668
"NO",100,5801715.73445197,4749977.22636739,3803282.17348299,2060342.3669434,886781.154312111,691426.364250003
"SE",1,-185102.726079004,-148375.547587896,-112813.99019821,-10944.6406421399,74431.4627449553,91343.8359375
"SE",2,-185102.726079004,-148375.547587896,-112813.99019821,-10944.6406421399,74431.4627449553,91343.8359375
"SE",3,-185102.726079004,-148375.547587896,-112813.99019821,-10944.6406421399,74431.4627449553,91343.8359375
"SE",4,-185102.726079004,-148375.547587896,-112813.99019821,-10944.6406421399,74431.4627449553,91343.8359375
"SE",5,-185102.726079004,-148375.547587896,-112813.99019821,-10944.6406421399,74431.4627449553,91343.8359375
"SE",6,-185102.726079004,-148375.547587896,-112813.99019821,-10944.6406421399,74431.4627449553,91343.8359375
"SE",7,-185102.726079004,-148375.547587896,-112813.99019821,-10944.6406421399,74431.4627449553,91343.8359375
"SE",8,-185102.726079004,-148375.547587896,-112813.99019821,-10944.6406421399,74431.4627449553,91343.8359375
"SE",9,-185102.726079004,-148375.547587896,-112813.99019821,-10944.6406421399,74431.4627449553,91343.8359375
"SE",10,-185102.726079004,-148375.547587896,-112813.99019821,-10944.6406421399,74431.4627449553,91343.8359375
"SE",11,-9662.40453541111,15161.1663514039,43116.4646202227,117373.247973611,150689.083151444,146886.2375
"SE",12,-9662.40453541111,15161.1663514039,43116.4646202227,117373.247973611,150689.083151444,146886.2375
"SE",13,-9662.40453541111,15161.1663514039,43116.4646202227,117373.247973611,150689.083151444,146886.2375
"SE",14,-9662.40453541111,15161.1663514039,43116.4646202227,117373.247973611,150689.083151444,146886.2375
"SE",15,-9662.40453541111,15161.1663514039,43116.4646202227,117373.247973611,150689.083151444,146886.2375
"SE",16,-9662.40453541111,15161.1663514039,43116.4646202227,117373.247973611,150689.083151444,146886.2375
"SE",17,-9662.40453541111,15161.1663514039,43116.4646202227,117373.247973611,150689.083151444,146886.2375
"SE",18,-9662.40453541111,15161.1663514039,43116.4646202227,117373.247973611,150689.083151444,146886.2375
"SE",19,-9662.40453541111,15161.1663514039,43116.4646202227,117373.247973611,150689.083151444,146886.2375
"SE",20,-9662.40453541111,15161.1663514039,43116.4646202227,117373.247973611,150689.083151444,146886.2375
"SE",21,-9662.40453541111,15161.1663514039,43116.4646202227,117373.247973611,150689.083151444,146886.2375
"SE",22,-9662.40453541111,15161.1663514039,43116.4646202227,117373.247973611,150689.083151444,146886.2375
"SE",23,-9662.40453541111,15161.1663514039,43116.4646202227,117373.247973611,150689.083151444,146886.2375
"SE",24,-9662.40453541111,15161.1663514039,43116.4646202227,117373.247973611,150689.083151444,146886.2375
"SE",25,-9662.40453541111,15161.1663514039,43116.4646202227,117373.247973611,150689.083151444,146886.2375
"SE",26,-9662.40453541111,15161.1663514039,43116.4646202227,117373.247973611,150689.083151444,146886.2375
"SE",27,-9662.40453541111,15161.1663514039,43116.4646202227,117373.247973611,150689.083151444,146886.2375
"SE",28,-9662.40453541111,15161.1663514039,43116.4646202227,117373.247973611,150689.083151444,146886.2375
"SE",29,-9662.40453541111,15161.1663514039,43116.4646202227,117373.247973611,150689.083151444,146886.2375
"SE",30,-9662.40453541111,15161.1663514039,43116.4646202227,117373.247973611,150689.083151444,146886.2375
"SE",31,-9662.40453541111,15161.1663514039,43116.4646202227,117373.247973611,150689.083151444,146886.2375
"SE",32,-9662.40453541111,15161.1663514039,43116.4646202227,117373.247973611,150689.083151444,146886.2375
"SE",33,-9662.40453541111,15161.1663514039,43116.4646202227,117373.247973611,150689.083151444,146886.2375
"SE",34,-9662.40453541111,15161.1663514039,43116.4646202227,117373.247973611,150689.083151444,146886.2375
"SE",35,-9662.40453541111,15161.1663514039,43116.4646202227,117373.247973611,150689.083151444,146886.2375
"SE",36,-9662.40453541111,15161.1663514039,43116.4646202227,117373.247973611,150689.083151444,146886.2375
"SE",37,-9662.40453541111,15161.1663514039,43116.4646202227,117373.247973611,150689.083151444,146886.2375
"SE",38,-9662.40453541111,15161.1663514039,43116.4646202227,117373.247973611,150689.083151444,146886.2375
"SE",39,-9662.40453541111,15161.1663514039,43116.4646202227,117373.247973611,150689.083151444,146886.2375
"SE",40,-9662.40453541111,15161.1663514039,43116.4646202227,117373.247973611,150689.083151444,146886.2375
"SE",41,-9662.40453541111,15161.1663514039,43116.4646202227,117373.247973611,150689.083151444,146886.2375
"SE",42,-9662.40453541111,15161.1663514039,43116.4646202227,117373.247973611,150689.083151444,146886.2375
"SE",43,-9662.40453541111,15161.1663514039,43116.4646202227,117373.247973611,150689.083151444,146886.2375
"SE",44,-9662.40453541111,15161.1663514039,43116.4646202227,117373.247973611,150689.083151444,146886.2375
"SE",45,-9662.40453541111,15161.1663514039,43116.4646202227,117373.247973611,150689.083151444,146886.2375
"SE",46,-9662.40453541111,15161.1663514039,43116.4646202227,117373.247973611,150689.083151444,146886.2375
"SE",47,-9662.40453541111,15161.1663514039,43116.4646202227,117373.247973611,150689.083151444,146886.2375
"SE",48,-9662.40453541111,15161.1663514039,43116.4646202227,117373.247973611,150689.083151444,146886.2375
"SE",49,-9662.40453541111,15161.1663514039,43116.4646202227,117373.247973611,150689.083151444,146886.2375
"SE",50,-9662.40453541111,15161.1663514039,43116.4646202227,117373.247973611,150689.083151444,146886.2375
"SE",51,219432.59049924,240409.111991239,265133.026341416,319642.129537752,301721.303420595,274318.749609375
"SE",52,219432.59049924,240409.111991239,265133.026341416,319642.129537752,301721.303420595,274318.749609375
"SE",53,219432.59049924,240409.111991239,265133.026341416,319642.129537752,301721.303420595,274318.749609375
"SE",54,219432.59049924,240409.111991239,265133.026341416,319642.129537752,301721.303420595,274318.749609375
"SE",55,219432.59049924,240409.111991239,265133.026341416,319642.129537752,301721.303420595,274318.749609375
"SE",56,219432.59049924,240409.111991239,265133.026341416,319642.129537752,301721.303420595,274318.749609375
"SE",57,219432.59049924,240409.111991239,265133.026341416,319642.129537752,301721.303420595,274318.749609375
"SE",58,219432.59049924,240409.111991239,265133.026341416,319642.129537752,301721.303420595,274318.749609375
"SE",59,219432.59049924,240409.111991239,265133.026341416,319642.129537752,301721.303420595,274318.749609375
"SE",60,219432.59049924,240409.111991239,265133.026341416,319642.129537752,301721.303420595,274318.749609375
"SE",61,219432.59049924,240409.111991239,265133.026341416,319642.129537752,301721.303420595,274318.749609375
"SE",62,219432.59049924,240409.111991239,265133.026341416,319642.129537752,301721.303420595,274318.749609375
"SE",63,219432.59049924,240409.111991239,265133.026341416,319642.129537752,301721.303420595,274318.749609375
"SE",64,219432.59049924,240409.111991239,265133.026341416,319642.129537752,301721.303420595,274318.749609375
"SE",65,219432.59049924,240409.111991239,265133.026341416,319642.129537752,301721.303420595,274318.749609375
"SE",66,219432.59049924,240409.111991239,265133.026341416,319642.129537752,301721.303420595,274318.749609375
"SE",67,219432.59049924,240409.111991239,265133.026341416,319642.129537752,301721.303420595,274318.749609375
"SE",68,219432.59049924,240409.111991239,265133.026341416,319642.129537752,301721.303420595,274318.749609375
"SE",69,219432.59049924,240409.111991239,265133.026341416,319642.129537752,301721.303420595,274318.749609375
"SE",70,219432.59049924,240409.111991239,265133.026341416,319642.129537752,301721.303420595,274318.749609375
"SE",71,219432.59049924,240409.111991239,265133.026341416,319642.129537752,301721.303420595,274318.749609375
"SE",72,219432.59049924,240409.111991239,265133.026341416,319642.129537752,301721.303420595,274318.749609375
"SE",73,219432.59049924,240409.111991239,265133.026341416,319642.129537752,301721.303420595,274318.749609375
"SE",74,219432.59049924,240409.111991239,265133.026341416,319642.129537752,301721.303420595,274318.749609375
"SE",75,219432.59049924,240409.111991239,265133.026341416,319642.129537752,301721.303420595,274318.749609375
"SE",76,219432.59049924,240409.111991239,265133.026341416,319642.129537752,301721.303420595,274318.749609375
"SE",77,219432.59049924,240409.111991239,265133.026341416,319642.129537752,301721.303420595,274318.749609375
"SE",78,219432.59049924,240409.111991239,265133.026341416,319642.129537752,301721.303420595,274318.749609375
"SE",79,219432.59049924,240409.111991239,265133.026341416,319642.129537752,301721.303420595,274318.749609375
"SE",80,219432.59049924,240409.111991239,265133.026341416,319642.129537752,301721.303420595,274318.749609375
"SE",81,219432.59049924,240409.111991239,265133.026341416,319642.129537752,301721.303420595,274318.749609375
"SE",82,219432.59049924,240409.111991239,265133.026341416,319642.129537752,301721.303420595,274318.749609375
"SE",83,219432.59049924,240409.111991239,265133.026341416,319642.129537752,301721.303420595,274318.749609375
"SE",84,219432.59049924,240409.111991239,265133.026341416,319642.129537752,301721.303420595,274318.749609375
"SE",85,219432.59049924,240409.111991239,265133.026341416,319642.129537752,301721.303420595,274318.749609375
"SE",86,219432.59049924,240409.111991239,265133.026341416,319642.129537752,301721.303420595,274318.749609375
"SE",87,219432.59049924,240409.111991239,265133.026341416,319642.129537752,301721.303420595,274318.749609375
"SE",88,219432.59049924,240409.111991239,265133.026341416,319642.129537752,301721.303420595,274318.749609375
"SE",89,219432.59049924,240409.111991239,265133.026341416,319642.129537752,301721.303420595,274318.749609375
"SE",90,219432.59049924,240409.111991239,265133.026341416,319642.129537752,301721.303420595,274318.749609375
"SE",91,931306.443191676,941338.030312633,913455.930951001,797313.498528261,629921.15418557,536536.281250001
"SE",92,931306.443191676,941338.030312633,913455.930951001,797313.498528261,629921.15418557,536536.281250001
"SE",93,931306.443191676,941338.030312633,913455.930951001,797313.498528261,629921.15418557,536536.281250001
"SE",94,931306.443191676,941338.030312633,913455.930951001,797313.498528261,629921.15418557,536536.281250001
"SE",95,931306.443191676,941338.030312633,913455.930951001,797313.498528261,629921.15418557,536536.281250001
"SE",96,931306.443191676,941338.030312633,913455.930951001,797313.498528261,629921.15418557,536536.281250001
"SE",97,931306.443191676,941338.030312633,913455.930951001,797313.498528261,629921.15418557,536536.281250001
"SE",98,931306.443191676,941338.030312633,913455.930951001,797313.498528261,629921.15418557,536536.281250001
"SE",99,931306.443191676,941338.030312633,913455.930951001,797313.498528261,629921.15418557,536536.281250001
"SE",100,5658017.67532632,4314175.7554468,3225057.78396959,1531019.97950891,936315.324112011,809536.093875003
"OC",1,-44575.48089031,-33229.4285307096,-18769.8189385271,40693.3475720415,93288.639840521,103506.64453125
"OC",2,-44575.48089031,-33229.4285307096,-18769.8189385271,40693.3475720415,93288.639840521,103506.64453125
"OC",3,-44575.48089031,-33229.4285307096,-18769.8189385271,40693.3475720415,93288.639840521,103506.64453125
"OC",4,-44575.48089031,-33229.4285307096,-18769.8189385271,40693.3475720415,93288.639840521,103506.64453125
"OC",5,-44575.48089031,-33229.4285307096,-18769.8189385271,40693.3475720415,93288.639840521,103506.64453125
"OC",6,-44575.48089031,-33229.4285307096,-18769.8189385271,40693.3475720415,93288.639840521,103506.64453125
"OC",7,-44575.48089031,-33229.4285307096,-18769.8189385271,40693.3475720415,93288.639840521,103506.64453125
"OC",8,-44575.48089031,-33229.4285307096,-18769.8189385271,40693.3475720415,93288.639840521,103506.64453125
"OC",9,-44575.48089031,-33229.4285307096,-18769.8189385271,40693.3475720415,93288.639840521,103506.64453125
"OC",10,-44575.48089031,-33229.4285307096,-18769.8189385271,40693.3475720415,93288.639840521,103506.64453125
"OC",11,28995.7035796636,41543.6605008228,58579.0866032789,116383.490499413,145234.321217441,144540.888671874
"OC",12,28995.7035796636,41543.6605008228,58579.0866032789,116383.490499413,145234.321217441,144540.888671874
"OC",13,28995.7035796636,41543.6605008228,58579.0866032789,116383.490499413,145234.321217441,144540.888671874
"OC",14,28995.7035796636,41543.6605008228,58579.0866032789,116383.490499413,145234.321217441,144540.888671874
"OC",15,28995.7035796636,41543.6605008228,58579.0866032789,116383.490499413,145234.321217441,144540.888671874
"OC",16,28995.7035796636,41543.6605008228,58579.0866032789,116383.490499413,145234.321217441,144540.888671874
"OC",17,28995.7035796636,41543.6605008228,58579.0866032789,116383.490499413,145234.321217441,144540.888671874
"OC",18,28995.7035796636,41543.6605008228,58579.0866032789,116383.490499413,145234.321217441,144540.888671874
"OC",19,28995.7035796636,41543.6605008228,58579.0866032789,116383.490499413,145234.321217441,144540.888671874
"OC",20,28995.7035796636,41543.6605008228,58579.0866032789,116383.490499413,145234.321217441,144540.888671874
"OC",21,28995.7035796636,41543.6605008228,58579.0866032789,116383.490499413,145234.321217441,144540.888671874
"OC",22,28995.7035796636,41543.6605008228,58579.0866032789,116383.490499413,145234.321217441,144540.888671874
"OC",23,28995.7035796636,41543.6605008228,58579.0866032789,116383.490499413,145234.321217441,144540.888671874
"OC",24,28995.7035796636,41543.6605008228,58579.0866032789,116383.490499413,145234.321217441,144540.888671874
"OC",25,28995.7035796636,41543.6605008228,58579.0866032789,116383.490499413,145234.321217441,144540.888671874
"OC",26,28995.7035796636,41543.6605008228,58579.0866032789,116383.490499413,145234.321217441,144540.888671874
"OC",27,28995.7035796636,41543.6605008228,58579.0866032789,116383.490499413,145234.321217441,144540.888671874
"OC",28,28995.7035796636,41543.6605008228,58579.0866032789,116383.490499413,145234.321217441,144540.888671874
"OC",29,28995.7035796636,41543.6605008228,58579.0866032789,116383.490499413,145234.321217441,144540.888671874
"OC",30,28995.7035796636,41543.6605008228,58579.0866032789,116383.490499413,145234.321217441,144540.888671874
"OC",31,28995.7035796636,41543.6605008228,58579.0866032789,116383.490499413,145234.321217441,144540.888671874
"OC",32,28995.7035796636,41543.6605008228,58579.0866032789,116383.490499413,145234.321217441,144540.888671874
"OC",33,28995.7035796636,41543.6605008228,58579.0866032789,116383.490499413,145234.321217441,144540.888671874
"OC",34,28995.7035796636,41543.6605008228,58579.0866032789,116383.490499413,145234.321217441,144540.888671874
"OC",35,28995.7035796636,41543.6605008228,58579.0866032789,116383.490499413,145234.321217441,144540.888671874
"OC",36,28995.7035796636,41543.6605008228,58579.0866032789,116383.490499413,145234.321217441,144540.888671874
"OC",37,28995.7035796636,41543.6605008228,58579.0866032789,116383.490499413,145234.321217441,144540.888671874
"OC",38,28995.7035796636,41543.6605008228,58579.0866032789,116383.490499413,145234.321217441,144540.888671874
"OC",39,28995.7035796636,41543.6605008228,58579.0866032789,116383.490499413,145234.321217441,144540.888671874
"OC",40,28995.7035796636,41543.6605008228,58579.0866032789,116383.490499413,145234.321217441,144540.888671874
"OC",41,28995.7035796636,41543.6605008228,58579.0866032789,116383.490499413,145234.321217441,144540.888671874
"OC",42,28995.7035796636,41543.6605008228,58579.0866032789,116383.490499413,145234.321217441,144540.888671874
"OC",43,28995.7035796636,41543.6605008228,58579.0866032789,116383.490499413,145234.321217441,144540.888671874
"OC",44,28995.7035796636,41543.6605008228,58579.0866032789,116383.490499413,145234.321217441,144540.888671874
"OC",45,28995.7035796636,41543.6605008228,58579.0866032789,116383.490499413,145234.321217441,144540.888671874
"OC",46,28995.7035796636,41543.6605008228,58579.0866032789,116383.490499413,145234.321217441,144540.888671874
"OC",47,28995.7035796636,41543.6605008228,58579.0866032789,116383.490499413,145234.321217441,144540.888671874
"OC",48,28995.7035796636,41543.6605008228,58579.0866032789,116383.490499413,145234.321217441,144540.888671874
"OC",49,28995.7035796636,41543.6605008228,58579.0866032789,116383.490499413,145234.321217441,144540.888671874
"OC",50,28995.7035796636,41543.6605008228,58579.0866032789,116383.490499413,145234.321217441,144540.888671874
"OC",51,213626.778521556,227778.249636765,246876.025646956,301095.667364116,289275.124090541,269349.381249999
"OC",52,213626.778521556,227778.249636765,246876.025646956,301095.667364116,289275.124090541,269349.381249999
"OC",53,213626.778521556,227778.249636765,246876.025646956,301095.667364116,289275.124090541,269349.381249999
"OC",54,213626.778521556,227778.249636765,246876.025646956,301095.667364116,289275.124090541,269349.381249999
"OC",55,213626.778521556,227778.249636765,246876.025646956,301095.667364116,289275.124090541,269349.381249999
"OC",56,213626.778521556,227778.249636765,246876.025646956,301095.667364116,289275.124090541,269349.381249999
"OC",57,213626.778521556,227778.249636765,246876.025646956,301095.667364116,289275.124090541,269349.381249999
"OC",58,213626.778521556,227778.249636765,246876.025646956,301095.667364116,289275.124090541,269349.381249999
"OC",59,213626.778521556,227778.249636765,246876.025646956,301095.667364116,289275.124090541,269349.381249999
"OC",60,213626.778521556,227778.249636765,246876.025646956,301095.667364116,289275.124090541,269349.381249999
"OC",61,213626.778521556,227778.249636765,246876.025646956,301095.667364116,289275.124090541,269349.381249999
"OC",62,213626.778521556,227778.249636765,246876.025646956,301095.667364116,289275.124090541,269349.381249999
"OC",63,213626.778521556,227778.249636765,246876.025646956,301095.667364116,289275.124090541,269349.381249999
"OC",64,213626.778521556,227778.249636765,246876.025646956,301095.667364116,289275.124090541,269349.381249999
"OC",65,213626.778521556,227778.249636765,246876.025646956,301095.667364116,289275.124090541,269349.381249999
"OC",66,213626.778521556,227778.249636765,246876.025646956,301095.667364116,289275.124090541,269349.381249999
"OC",67,213626.778521556,227778.249636765,246876.025646956,301095.667364116,289275.124090541,269349.381249999
"OC",68,213626.778521556,227778.249636765,246876.025646956,301095.667364116,289275.124090541,269349.381249999
"OC",69,213626.778521556,227778.249636765,246876.025646956,301095.667364116,289275.124090541,269349.381249999
"OC",70,213626.778521556,227778.249636765,246876.025646956,301095.667364116,289275.124090541,269349.381249999
"OC",71,213626.778521556,227778.249636765,246876.025646956,301095.667364116,289275.124090541,269349.381249999
"OC",72,213626.778521556,227778.249636765,246876.025646956,301095.667364116,289275.124090541,269349.381249999
"OC",73,213626.778521556,227778.249636765,246876.025646956,301095.667364116,289275.124090541,269349.381249999
"OC",74,213626.778521556,227778.249636765,246876.025646956,301095.667364116,289275.124090541,269349.381249999
"OC",75,213626.778521556,227778.249636765,246876.025646956,301095.667364116,289275.124090541,269349.381249999
"OC",76,213626.778521556,227778.249636765,246876.025646956,301095.667364116,289275.124090541,269349.381249999
"OC",77,213626.778521556,227778.249636765,246876.025646956,301095.667364116,289275.124090541,269349.381249999
"OC",78,213626.778521556,227778.249636765,246876.025646956,301095.667364116,289275.124090541,269349.381249999
"OC",79,213626.778521556,227778.249636765,246876.025646956,301095.667364116,289275.124090541,269349.381249999
"OC",80,213626.778521556,227778.249636765,246876.025646956,301095.667364116,289275.124090541,269349.381249999
"OC",81,213626.778521556,227778.249636765,246876.025646956,301095.667364116,289275.124090541,269349.381249999
"OC",82,213626.778521556,227778.249636765,246876.025646956,301095.667364116,289275.124090541,269349.381249999
"OC",83,213626.778521556,227778.249636765,246876.025646956,301095.667364116,289275.124090541,269349.381249999
"OC",84,213626.778521556,227778.249636765,246876.025646956,301095.667364116,289275.124090541,269349.381249999
"OC",85,213626.778521556,227778.249636765,246876.025646956,301095.667364116,289275.124090541,269349.381249999
"OC",86,213626.778521556,227778.249636765,246876.025646956,301095.667364116,289275.124090541,269349.381249999
"OC",87,213626.778521556,227778.249636765,246876.025646956,301095.667364116,289275.124090541,269349.381249999
"OC",88,213626.778521556,227778.249636765,246876.025646956,301095.667364116,289275.124090541,269349.381249999
"OC",89,213626.778521556,227778.249636765,246876.025646956,301095.667364116,289275.124090541,269349.381249999
"OC",90,213626.778521556,227778.249636765,246876.025646956,301095.667364116,289275.124090541,269349.381249999
"OC",91,975405.371137635,993262.192991427,957499.461473209,817735.919652484,642663.019682517,551976.531249998
"OC",92,975405.371137635,993262.192991427,957499.461473209,817735.919652484,642663.019682517,551976.531249998
"OC",93,975405.371137635,993262.192991427,957499.461473209,817735.919652484,642663.019682517,551976.531249998
"OC",94,975405.371137635,993262.192991427,957499.461473209,817735.919652484,642663.019682517,551976.531249998
"OC",95,975405.371137635,993262.192991427,957499.461473209,817735.919652484,642663.019682517,551976.531249998
"OC",96,975405.371137635,993262.192991427,957499.461473209,817735.919652484,642663.019682517,551976.531249998
"OC",97,975405.371137635,993262.192991427,957499.461473209,817735.919652484,642663.019682517,551976.531249998
"OC",98,975405.371137635,993262.192991427,957499.461473209,817735.919652484,642663.019682517,551976.531249998
"OC",99,975405.371137635,993262.192991427,957499.461473209,817735.919652484,642663.019682517,551976.531249998
"OC",100,6294888.79652639,4886620.35768726,3683051.84978992,1678062.59937892,964770.29697234,841533.496374997
"QM",1,-46017.0764100791,-38643.5443348808,-29337.4193867706,10174.4227278519,71112.556790387,96758.6746093751
"QM",2,-46017.0764100791,-38643.5443348808,-29337.4193867706,10174.4227278519,71112.556790387,96758.6746093751
"QM",3,-46017.0764100791,-38643.5443348808,-29337.4193867706,10174.4227278519,71112.556790387,96758.6746093751
"QM",4,-46017.0764100791,-38643.5443348808,-29337.4193867706,10174.4227278519,71112.556790387,96758.6746093751
"QM",5,-46017.0764100791,-38643.5443348808,-29337.4193867706,10174.4227278519,71112.556790387,96758.6746093751
"QM",6,-46017.0764100791,-38643.5443348808,-29337.4193867706,10174.4227278519,71112.556790387,96758.6746093751
"QM",7,-46017.0764100791,-38643.5443348808,-29337.4193867706,10174.4227278519,71112.556790387,96758.6746093751
"QM",8,-46017.0764100791,-38643.5443348808,-29337.4193867706,10174.4227278519,71112.556790387,96758.6746093751
"QM",9,-46017.0764100791,-38643.5443348808,-29337.4193867706,10174.4227278519,71112.556790387,96758.6746093751
"QM",10,-46017.0764100791,-38643.5443348808,-29337.4193867706,10174.4227278519,71112.556790387,96758.6746093751
"QM",11,16223.8559053316,23030.9425845202,33932.8561089083,72482.8880956381,123538.611217629,143131.133984375
"QM",12,16223.8559053316,23030.9425845202,33932.8561089083,72482.8880956381,123538.611217629,143131.133984375
"QM",13,16223.8559053316,23030.9425845202,33932.8561089083,72482.8880956381,123538.611217629,143131.133984375
"QM",14,16223.8559053316,23030.9425845202,33932.8561089083,72482.8880956381,123538.611217629,143131.133984375
"QM",15,16223.8559053316,23030.9425845202,33932.8561089083,72482.8880956381,123538.611217629,143131.133984375
"QM",16,16223.8559053316,23030.9425845202,33932.8561089083,72482.8880956381,123538.611217629,143131.133984375
"QM",17,16223.8559053316,23030.9425845202,33932.8561089083,72482.8880956381,123538.611217629,143131.133984375
"QM",18,16223.8559053316,23030.9425845202,33932.8561089083,72482.8880956381,123538.611217629,143131.133984375
"QM",19,16223.8559053316,23030.9425845202,33932.8561089083,72482.8880956381,123538.611217629,143131.133984375
"QM",20,16223.8559053316,23030.9425845202,33932.8561089083,72482.8880956381,123538.611217629,143131.133984375
"QM",21,16223.8559053316,23030.9425845202,33932.8561089083,72482.8880956381,123538.611217629,143131.133984375
"QM",22,16223.8559053316,23030.9425845202,33932.8561089083,72482.8880956381,123538.611217629,143131.133984375
"QM",23,16223.8559053316,23030.9425845202,33932.8561089083,72482.8880956381,123538.611217629,143131.133984375
"QM",24,16223.8559053316,23030.9425845202,33932.8561089083,72482.8880956381,123538.611217629,143131.133984375
"QM",25,16223.8559053316,23030.9425845202,33932.8561089083,72482.8880956381,123538.611217629,143131.133984375
"QM",26,16223.8559053316,23030.9425845202,33932.8561089083,72482.8880956381,123538.611217629,143131.133984375
"QM",27,16223.8559053316,23030.9425845202,33932.8561089083,72482.8880956381,123538.611217629,143131.133984375
"QM",28,16223.8559053316,23030.9425845202,33932.8561089083,72482.8880956381,123538.611217629,143131.133984375
"QM",29,16223.8559053316,23030.9425845202,33932.8561089083,72482.8880956381,123538.611217629,143131.133984375
"QM",30,16223.8559053316,23030.9425845202,33932.8561089083,72482.8880956381,123538.611217629,143131.133984375
"QM",31,16223.8559053316,23030.9425845202,33932.8561089083,72482.8880956381,123538.611217629,143131.133984375
"QM",32,16223.8559053316,23030.9425845202,33932.8561089083,72482.8880956381,123538.611217629,143131.133984375
"QM",33,16223.8559053316,23030.9425845202,33932.8561089083,72482.8880956381,123538.611217629,143131.133984375
"QM",34,16223.8559053316,23030.9425845202,33932.8561089083,72482.8880956381,123538.611217629,143131.133984375
"QM",35,16223.8559053316,23030.9425845202,33932.8561089083,72482.8880956381,123538.611217629,143131.133984375
"QM",36,16223.8559053316,23030.9425845202,33932.8561089083,72482.8880956381,123538.611217629,143131.133984375
"QM",37,16223.8559053316,23030.9425845202,33932.8561089083,72482.8880956381,123538.611217629,143131.133984375
"QM",38,16223.8559053316,23030.9425845202,33932.8561089083,72482.8880956381,123538.611217629,143131.133984375
"QM",39,16223.8559053316,23030.9425845202,33932.8561089083,72482.8880956381,123538.611217629,143131.133984375
"QM",40,16223.8559053316,23030.9425845202,33932.8561089083,72482.8880956381,123538.611217629,143131.133984375
"QM",41,16223.8559053316,23030.9425845202,33932.8561089083,72482.8880956381,123538.611217629,143131.133984375
"QM",42,16223.8559053316,23030.9425845202,33932.8561089083,72482.8880956381,123538.611217629,143131.133984375
"QM",43,16223.8559053316,23030.9425845202,33932.8561089083,72482.8880956381,123538.611217629,143131.133984375
"QM",44,16223.8559053316,23030.9425845202,33932.8561089083,72482.8880956381,123538.611217629,143131.133984375
"QM",45,16223.8559053316,23030.9425845202,33932.8561089083,72482.8880956381,123538.611217629,143131.133984375
"QM",46,16223.8559053316,23030.9425845202,33932.8561089083,72482.8880956381,123538.611217629,143131.133984375
"QM",47,16223.8559053316,23030.9425845202,33932.8561089083,72482.8880956381,123538.611217629,143131.133984375
"QM",48,16223.8559053316,23030.9425845202,33932.8561089083,72482.8880956381,123538.611217629,143131.133984375
"QM",49,16223.8559053316,23030.9425845202,33932.8561089083,72482.8880956381,123538.611217629,143131.133984375
"QM",50,16223.8559053316,23030.9425845202,33932.8561089083,72482.8880956381,123538.611217629,143131.133984375
"QM",51,94298.9573789053,110260.223019784,131405.785770641,185402.26690804,244750.59904398,265914.46328125
"QM",52,94298.9573789053,110260.223019784,131405.785770641,185402.26690804,244750.59904398,265914.46328125
"QM",53,94298.9573789053,110260.223019784,131405.785770641,185402.26690804,244750.59904398,265914.46328125
"QM",54,94298.9573789053,110260.223019784,131405.785770641,185402.26690804,244750.59904398,265914.46328125
"QM",55,94298.9573789053,110260.223019784,131405.785770641,185402.26690804,244750.59904398,265914.46328125
"QM",56,94298.9573789053,110260.223019784,131405.785770641,185402.26690804,244750.59904398,265914.46328125
"QM",57,94298.9573789053,110260.223019784,131405.785770641,185402.26690804,244750.59904398,265914.46328125
"QM",58,94298.9573789053,110260.223019784,131405.785770641,185402.26690804,244750.59904398,265914.46328125
"QM",59,94298.9573789053,110260.223019784,131405.785770641,185402.26690804,244750.59904398,265914.46328125
"QM",60,94298.9573789053,110260.223019784,131405.785770641,185402.26690804,244750.59904398,265914.46328125
"QM",61,94298.9573789053,110260.223019784,131405.785770641,185402.26690804,244750.59904398,265914.46328125
"QM",62,94298.9573789053,110260.223019784,131405.785770641,185402.26690804,244750.59904398,265914.46328125
"QM",63,94298.9573789053,110260.223019784,131405.785770641,185402.26690804,244750.59904398,265914.46328125
"QM",64,94298.9573789053,110260.223019784,131405.785770641,185402.26690804,244750.59904398,265914.46328125
"QM",65,94298.9573789053,110260.223019784,131405.785770641,185402.26690804,244750.59904398,265914.46328125
"QM",66,94298.9573789053,110260.223019784,131405.785770641,185402.26690804,244750.59904398,265914.46328125
"QM",67,94298.9573789053,110260.223019784,131405.785770641,185402.26690804,244750.59904398,265914.46328125
"QM",68,94298.9573789053,110260.223019784,131405.785770641,185402.26690804,244750.59904398,265914.46328125
"QM",69,94298.9573789053,110260.223019784,131405.785770641,185402.26690804,244750.59904398,265914.46328125
"QM",70,94298.9573789053,110260.223019784,131405.785770641,185402.26690804,244750.59904398,265914.46328125
"QM",71,94298.9573789053,110260.223019784,131405.785770641,185402.26690804,244750.59904398,265914.46328125
"QM",72,94298.9573789053,110260.223019784,131405.785770641,185402.26690804,244750.59904398,265914.46328125
"QM",73,94298.9573789053,110260.223019784,131405.785770641,185402.26690804,244750.59904398,265914.46328125
"QM",74,94298.9573789053,110260.223019784,131405.785770641,185402.26690804,244750.59904398,265914.46328125
"QM",75,94298.9573789053,110260.223019784,131405.785770641,185402.26690804,244750.59904398,265914.46328125
"QM",76,94298.9573789053,110260.223019784,131405.785770641,185402.26690804,244750.59904398,265914.46328125
"QM",77,94298.9573789053,110260.223019784,131405.785770641,185402.26690804,244750.59904398,265914.46328125
"QM",78,94298.9573789053,110260.223019784,131405.785770641,185402.26690804,244750.59904398,265914.46328125
"QM",79,94298.9573789053,110260.223019784,131405.785770641,185402.26690804,244750.59904398,265914.46328125
"QM",80,94298.9573789053,110260.223019784,131405.785770641,185402.26690804,244750.59904398,265914.46328125
"QM",81,94298.9573789053,110260.223019784,131405.785770641,185402.26690804,244750.59904398,265914.46328125
"QM",82,94298.9573789053,110260.223019784,131405.785770641,185402.26690804,244750.59904398,265914.46328125
"QM",83,94298.9573789053,110260.223019784,131405.785770641,185402.26690804,244750.59904398,265914.46328125
"QM",84,94298.9573789053,110260.223019784,131405.785770641,185402.26690804,244750.59904398,265914.46328125
"QM",85,94298.9573789053,110260.223019784,131405.785770641,185402.26690804,244750.59904398,265914.46328125
"QM",86,94298.9573789053,110260.223019784,131405.785770641,185402.26690804,244750.59904398,265914.46328125
"QM",87,94298.9573789053,110260.223019784,131405.785770641,185402.26690804,244750.59904398,265914.46328125
"QM",88,94298.9573789053,110260.223019784,131405.785770641,185402.26690804,244750.59904398,265914.46328125
"QM",89,94298.9573789053,110260.223019784,131405.785770641,185402.26690804,244750.59904398,265914.46328125
"QM",90,94298.9573789053,110260.223019784,131405.785770641,185402.26690804,244750.59904398,265914.46328125
"QM",91,390013.74610903,453890.923336009,503384.249513415,546374.564573083,569518.943546919,562918.649305557
"QM",92,390013.74610903,453890.923336009,503384.249513415,546374.564573083,569518.943546919,562918.649305557
"QM",93,390013.74610903,453890.923336009,503384.249513415,546374.564573083,569518.943546919,562918.649305557
"QM",94,390013.74610903,453890.923336009,503384.249513415,546374.564573083,569518.943546919,562918.649305557
"QM",95,390013.74610903,453890.923336009,503384.249513415,546374.564573083,569518.943546919,562918.649305557
"QM",96,390013.74610903,453890.923336009,503384.249513415,546374.564573083,569518.943546919,562918.649305557
"QM",97,390013.74610903,453890.923336009,503384.249513415,546374.564573083,569518.943546919,562918.649305557
"QM",98,390013.74610903,453890.923336009,503384.249513415,546374.564573083,569518.943546919,562918.649305557
"QM",99,390013.74610903,453890.923336009,503384.249513415,546374.564573083,569518.943546919,562918.649305557
"QM",100,2935530.69598425,2652815.66565831,2291491.94075443,1365169.06725415,1050552.2821295,1004320.92075
"US",1,-18448.2593330052,-13639.7914272385,-4724.63007985014,42864.2256566335,101249.656298339,103220.5859375
"US",2,-18448.2593330052,-13639.7914272385,-4724.63007985014,42864.2256566335,101249.656298339,103220.5859375
"US",3,-18448.2593330052,-13639.7914272385,-4724.63007985014,42864.2256566335,101249.656298339,103220.5859375
"US",4,-18448.2593330052,-13639.7914272385,-4724.63007985014,42864.2256566335,101249.656298339,103220.5859375
"US",5,-18448.2593330052,-13639.7914272385,-4724.63007985014,42864.2256566335,101249.656298339,103220.5859375
"US",6,-18448.2593330052,-13639.7914272385,-4724.63007985014,42864.2256566335,101249.656298339,103220.5859375
"US",7,-18448.2593330052,-13639.7914272385,-4724.63007985014,42864.2256566335,101249.656298339,103220.5859375
"US",8,-18448.2593330052,-13639.7914272385,-4724.63007985014,42864.2256566335,101249.656298339,103220.5859375
"US",9,-18448.2593330052,-13639.7914272385,-4724.63007985014,42864.2256566335,101249.656298339,103220.5859375
"US",10,-18448.2593330052,-13639.7914272385,-4724.63007985014,42864.2256566335,101249.656298339,103220.5859375
"US",11,11091.9238157528,27194.7883685612,47152.7364589525,105233.062859045,150580.071701639,141217.716796875
"US",12,11091.9238157528,27194.7883685612,47152.7364589525,105233.062859045,150580.071701639,141217.716796875
"US",13,11091.9238157528,27194.7883685612,47152.7364589525,105233.062859045,150580.071701639,141217.716796875
"US",14,11091.9238157528,27194.7883685612,47152.7364589525,105233.062859045,150580.071701639,141217.716796875
"US",15,11091.9238157528,27194.7883685612,47152.7364589525,105233.062859045,150580.071701639,141217.716796875
"US",16,11091.9238157528,27194.7883685612,47152.7364589525,105233.062859045,150580.071701639,141217.716796875
"US",17,11091.9238157528,27194.7883685612,47152.7364589525,105233.062859045,150580.071701639,141217.716796875
"US",18,11091.9238157528,27194.7883685612,47152.7364589525,105233.062859045,150580.071701639,141217.716796875
"US",19,11091.9238157528,27194.7883685612,47152.7364589525,105233.062859045,150580.071701639,141217.716796875
"US",20,11091.9238157528,27194.7883685612,47152.7364589525,105233.062859045,150580.071701639,141217.716796875
"US",21,11091.9238157528,27194.7883685612,47152.7364589525,105233.062859045,150580.071701639,141217.716796875
"US",22,11091.9238157528,27194.7883685612,47152.7364589525,105233.062859045,150580.071701639,141217.716796875
"US",23,11091.9238157528,27194.7883685612,47152.7364589525,105233.062859045,150580.071701639,141217.716796875
"US",24,11091.9238157528,27194.7883685612,47152.7364589525,105233.062859045,150580.071701639,141217.716796875
"US",25,11091.9238157528,27194.7883685612,47152.7364589525,105233.062859045,150580.071701639,141217.716796875
"US",26,11091.9238157528,27194.7883685612,47152.7364589525,105233.062859045,150580.071701639,141217.716796875
"US",27,11091.9238157528,27194.7883685612,47152.7364589525,105233.062859045,150580.071701639,141217.716796875
"US",28,11091.9238157528,27194.7883685612,47152.7364589525,105233.062859045,150580.071701639,141217.716796875
"US",29,11091.9238157528,27194.7883685612,47152.7364589525,105233.062859045,150580.071701639,141217.716796875
"US",30,11091.9238157528,27194.7883685612,47152.7364589525,105233.062859045,150580.071701639,141217.716796875
"US",31,11091.9238157528,27194.7883685612,47152.7364589525,105233.062859045,150580.071701639,141217.716796875
"US",32,11091.9238157528,27194.7883685612,47152.7364589525,105233.062859045,150580.071701639,141217.716796875
"US",33,11091.9238157528,27194.7883685612,47152.7364589525,105233.062859045,150580.071701639,141217.716796875
"US",34,11091.9238157528,27194.7883685612,47152.7364589525,105233.062859045,150580.071701639,141217.716796875
"US",35,11091.9238157528,27194.7883685612,47152.7364589525,105233.062859045,150580.071701639,141217.716796875
"US",36,11091.9238157528,27194.7883685612,47152.7364589525,105233.062859045,150580.071701639,141217.716796875
"US",37,11091.9238157528,27194.7883685612,47152.7364589525,105233.062859045,150580.071701639,141217.716796875
"US",38,11091.9238157528,27194.7883685612,47152.7364589525,105233.062859045,150580.071701639,141217.716796875
"US",39,11091.9238157528,27194.7883685612,47152.7364589525,105233.062859045,150580.071701639,141217.716796875
"US",40,11091.9238157528,27194.7883685612,47152.7364589525,105233.062859045,150580.071701639,141217.716796875
"US",41,11091.9238157528,27194.7883685612,47152.7364589525,105233.062859045,150580.071701639,141217.716796875
"US",42,11091.9238157528,27194.7883685612,47152.7364589525,105233.062859045,150580.071701639,141217.716796875
"US",43,11091.9238157528,27194.7883685612,47152.7364589525,105233.062859045,150580.071701639,141217.716796875
"US",44,11091.9238157528,27194.7883685612,47152.7364589525,105233.062859045,150580.071701639,141217.716796875
"US",45,11091.9238157528,27194.7883685612,47152.7364589525,105233.062859045,150580.071701639,141217.716796875
"US",46,11091.9238157528,27194.7883685612,47152.7364589525,105233.062859045,150580.071701639,141217.716796875
"US",47,11091.9238157528,27194.7883685612,47152.7364589525,105233.062859045,150580.071701639,141217.716796875
"US",48,11091.9238157528,27194.7883685612,47152.7364589525,105233.062859045,150580.071701639,141217.716796875
"US",49,11091.9238157528,27194.7883685612,47152.7364589525,105233.062859045,150580.071701639,141217.716796875
"US",50,11091.9238157528,27194.7883685612,47152.7364589525,105233.062859045,150580.071701639,141217.716796875
"US",51,200195.736024285,227526.679709273,255847.373245844,307989.127099323,310811.551983367,270486.89453125
"US",52,200195.736024285,227526.679709273,255847.373245844,307989.127099323,310811.551983367,270486.89453125
"US",53,200195.736024285,227526.679709273,255847.373245844,307989.127099323,310811.551983367,270486.89453125
"US",54,200195.736024285,227526.679709273,255847.373245844,307989.127099323,310811.551983367,270486.89453125
"US",55,200195.736024285,227526.679709273,255847.373245844,307989.127099323,310811.551983367,270486.89453125
"US",56,200195.736024285,227526.679709273,255847.373245844,307989.127099323,310811.551983367,270486.89453125
"US",57,200195.736024285,227526.679709273,255847.373245844,307989.127099323,310811.551983367,270486.89453125
"US",58,200195.736024285,227526.679709273,255847.373245844,307989.127099323,310811.551983367,270486.89453125
"US",59,200195.736024285,227526.679709273,255847.373245844,307989.127099323,310811.551983367,270486.89453125
"US",60,200195.736024285,227526.679709273,255847.373245844,307989.127099323,310811.551983367,270486.89453125
"US",61,200195.736024285,227526.679709273,255847.373245844,307989.127099323,310811.551983367,270486.89453125
"US",62,200195.736024285,227526.679709273,255847.373245844,307989.127099323,310811.551983367,270486.89453125
"US",63,200195.736024285,227526.679709273,255847.373245844,307989.127099323,310811.551983367,270486.89453125
"US",64,200195.736024285,227526.679709273,255847.373245844,307989.127099323,310811.551983367,270486.89453125
"US",65,200195.736024285,227526.679709273,255847.373245844,307989.127099323,310811.551983367,270486.89453125
"US",66,200195.736024285,227526.679709273,255847.373245844,307989.127099323,310811.551983367,270486.89453125
"US",67,200195.736024285,227526.679709273,255847.373245844,307989.127099323,310811.551983367,270486.89453125
"US",68,200195.736024285,227526.679709273,255847.373245844,307989.127099323,310811.551983367,270486.89453125
"US",69,200195.736024285,227526.679709273,255847.373245844,307989.127099323,310811.551983367,270486.89453125
"US",70,200195.736024285,227526.679709273,255847.373245844,307989.127099323,310811.551983367,270486.89453125
"US",71,200195.736024285,227526.679709273,255847.373245844,307989.127099323,310811.551983367,270486.89453125
"US",72,200195.736024285,227526.679709273,255847.373245844,307989.127099323,310811.551983367,270486.89453125
"US",73,200195.736024285,227526.679709273,255847.373245844,307989.127099323,310811.551983367,270486.89453125
"US",74,200195.736024285,227526.679709273,255847.373245844,307989.127099323,310811.551983367,270486.89453125
"US",75,200195.736024285,227526.679709273,255847.373245844,307989.127099323,310811.551983367,270486.89453125
"US",76,200195.736024285,227526.679709273,255847.373245844,307989.127099323,310811.551983367,270486.89453125
"US",77,200195.736024285,227526.679709273,255847.373245844,307989.127099323,310811.551983367,270486.89453125
"US",78,200195.736024285,227526.679709273,255847.373245844,307989.127099323,310811.551983367,270486.89453125
"US",79,200195.736024285,227526.679709273,255847.373245844,307989.127099323,310811.551983367,270486.89453125
"US",80,200195.736024285,227526.679709273,255847.373245844,307989.127099323,310811.551983367,270486.89453125
"US",81,200195.736024285,227526.679709273,255847.373245844,307989.127099323,310811.551983367,270486.89453125
"US",82,200195.736024285,227526.679709273,255847.373245844,307989.127099323,310811.551983367,270486.89453125
"US",83,200195.736024285,227526.679709273,255847.373245844,307989.127099323,310811.551983367,270486.89453125
"US",84,200195.736024285,227526.679709273,255847.373245844,307989.127099323,310811.551983367,270486.89453125
"US",85,200195.736024285,227526.679709273,255847.373245844,307989.127099323,310811.551983367,270486.89453125
"US",86,200195.736024285,227526.679709273,255847.373245844,307989.127099323,310811.551983367,270486.89453125
"US",87,200195.736024285,227526.679709273,255847.373245844,307989.127099323,310811.551983367,270486.89453125
"US",88,200195.736024285,227526.679709273,255847.373245844,307989.127099323,310811.551983367,270486.89453125
"US",89,200195.736024285,227526.679709273,255847.373245844,307989.127099323,310811.551983367,270486.89453125
"US",90,200195.736024285,227526.679709273,255847.373245844,307989.127099323,310811.551983367,270486.89453125
"US",91,1048012.73647961,1102876.01368242,1070336.56169333,864405.232872039,695000.096589622,560617.649305557
"US",92,1048012.73647961,1102876.01368242,1070336.56169333,864405.232872039,695000.096589622,560617.649305557
"US",93,1048012.73647961,1102876.01368242,1070336.56169333,864405.232872039,695000.096589622,560617.649305557
"US",94,1048012.73647961,1102876.01368242,1070336.56169333,864405.232872039,695000.096589622,560617.649305557
"US",95,1048012.73647961,1102876.01368242,1070336.56169333,864405.232872039,695000.096589622,560617.649305557
"US",96,1048012.73647961,1102876.01368242,1070336.56169333,864405.232872039,695000.096589622,560617.649305557
"US",97,1048012.73647961,1102876.01368242,1070336.56169333,864405.232872039,695000.096589622,560617.649305557
"US",98,1048012.73647961,1102876.01368242,1070336.56169333,864405.232872039,695000.096589622,560617.649305557
"US",99,1048012.73647961,1102876.01368242,1070336.56169333,864405.232872039,695000.096589622,560617.649305557
"US",100,9438290.07340524,6920295.58455672,4964399.48500213,2049656.56048716,1031482.48028745,854050.649875002
"CA",1,44267.6544979189,41067.5980374628,45113.6129975416,83304.6197008477,116526.800311572,116008.01484375
"CA",2,44267.6544979189,41067.5980374628,45113.6129975416,83304.6197008477,116526.800311572,116008.01484375
"CA",3,44267.6544979189,41067.5980374628,45113.6129975416,83304.6197008477,116526.800311572,116008.01484375
"CA",4,44267.6544979189,41067.5980374628,45113.6129975416,83304.6197008477,116526.800311572,116008.01484375
"CA",5,44267.6544979189,41067.5980374628,45113.6129975416,83304.6197008477,116526.800311572,116008.01484375
"CA",6,44267.6544979189,41067.5980374628,45113.6129975416,83304.6197008477,116526.800311572,116008.01484375
"CA",7,44267.6544979189,41067.5980374628,45113.6129975416,83304.6197008477,116526.800311572,116008.01484375
"CA",8,44267.6544979189,41067.5980374628,45113.6129975416,83304.6197008477,116526.800311572,116008.01484375
"CA",9,44267.6544979189,41067.5980374628,45113.6129975416,83304.6197008477,116526.800311572,116008.01484375
"CA",10,44267.6544979189,41067.5980374628,45113.6129975416,83304.6197008477,116526.800311572,116008.01484375
"CA",11,76386.7094998014,82492.2633633964,92916.1743018503,136001.563478244,157563.20826948,149152.515429688
"CA",12,76386.7094998014,82492.2633633964,92916.1743018503,136001.563478244,157563.20826948,149152.515429688
"CA",13,76386.7094998014,82492.2633633964,92916.1743018503,136001.563478244,157563.20826948,149152.515429688
"CA",14,76386.7094998014,82492.2633633964,92916.1743018503,136001.563478244,157563.20826948,149152.515429688
"CA",15,76386.7094998014,82492.2633633964,92916.1743018503,136001.563478244,157563.20826948,149152.515429688
"CA",16,76386.7094998014,82492.2633633964,92916.1743018503,136001.563478244,157563.20826948,149152.515429688
"CA",17,76386.7094998014,82492.2633633964,92916.1743018503,136001.563478244,157563.20826948,149152.515429688
"CA",18,76386.7094998014,82492.2633633964,92916.1743018503,136001.563478244,157563.20826948,149152.515429688
"CA",19,76386.7094998014,82492.2633633964,92916.1743018503,136001.563478244,157563.20826948,149152.515429688
"CA",20,76386.7094998014,82492.2633633964,92916.1743018503,136001.563478244,157563.20826948,149152.515429688
"CA",21,76386.7094998014,82492.2633633964,92916.1743018503,136001.563478244,157563.20826948,149152.515429688
"CA",22,76386.7094998014,82492.2633633964,92916.1743018503,136001.563478244,157563.20826948,149152.515429688
"CA",23,76386.7094998014,82492.2633633964,92916.1743018503,136001.563478244,157563.20826948,149152.515429688
"CA",24,76386.7094998014,82492.2633633964,92916.1743018503,136001.563478244,157563.20826948,149152.515429688
"CA",25,76386.7094998014,82492.2633633964,92916.1743018503,136001.563478244,157563.20826948,149152.515429688
"CA",26,76386.7094998014,82492.2633633964,92916.1743018503,136001.563478244,157563.20826948,149152.515429688
"CA",27,76386.7094998014,82492.2633633964,92916.1743018503,136001.563478244,157563.20826948,149152.515429688
"CA",28,76386.7094998014,82492.2633633964,92916.1743018503,136001.563478244,157563.20826948,149152.515429688
"CA",29,76386.7094998014,82492.2633633964,92916.1743018503,136001.563478244,157563.20826948,149152.515429688
"CA",30,76386.7094998014,82492.2633633964,92916.1743018503,136001.563478244,157563.20826948,149152.515429688
"CA",31,76386.7094998014,82492.2633633964,92916.1743018503,136001.563478244,157563.20826948,149152.515429688
"CA",32,76386.7094998014,82492.2633633964,92916.1743018503,136001.563478244,157563.20826948,149152.515429688
"CA",33,76386.7094998014,82492.2633633964,92916.1743018503,136001.563478244,157563.20826948,149152.515429688
"CA",34,76386.7094998014,82492.2633633964,92916.1743018503,136001.563478244,157563.20826948,149152.515429688
"CA",35,76386.7094998014,82492.2633633964,92916.1743018503,136001.563478244,157563.20826948,149152.515429688
"CA",36,76386.7094998014,82492.2633633964,92916.1743018503,136001.563478244,157563.20826948,149152.515429688
"CA",37,76386.7094998014,82492.2633633964,92916.1743018503,136001.563478244,157563.20826948,149152.515429688
"CA",38,76386.7094998014,82492.2633633964,92916.1743018503,136001.563478244,157563.20826948,149152.515429688
"CA",39,76386.7094998014,82492.2633633964,92916.1743018503,136001.563478244,157563.20826948,149152.515429688
"CA",40,76386.7094998014,82492.2633633964,92916.1743018503,136001.563478244,157563.20826948,149152.515429688
"CA",41,76386.7094998014,82492.2633633964,92916.1743018503,136001.563478244,157563.20826948,149152.515429688
"CA",42,76386.7094998014,82492.2633633964,92916.1743018503,136001.563478244,157563.20826948,149152.515429688
"CA",43,76386.7094998014,82492.2633633964,92916.1743018503,136001.563478244,157563.20826948,149152.515429688
"CA",44,76386.7094998014,82492.2633633964,92916.1743018503,136001.563478244,157563.20826948,149152.515429688
"CA",45,76386.7094998014,82492.2633633964,92916.1743018503,136001.563478244,157563.20826948,149152.515429688
"CA",46,76386.7094998014,82492.2633633964,92916.1743018503,136001.563478244,157563.20826948,149152.515429688
"CA",47,76386.7094998014,82492.2633633964,92916.1743018503,136001.563478244,157563.20826948,149152.515429688
"CA",48,76386.7094998014,82492.2633633964,92916.1743018503,136001.563478244,157563.20826948,149152.515429688
"CA",49,76386.7094998014,82492.2633633964,92916.1743018503,136001.563478244,157563.20826948,149152.515429688
"CA",50,76386.7094998014,82492.2633633964,92916.1743018503,136001.563478244,157563.20826948,149152.515429688
"CA",51,164010.512239489,193312.691638188,220415.863887407,286596.430912402,291176.516405439,265175.655078124
"CA",52,164010.512239489,193312.691638188,220415.863887407,286596.430912402,291176.516405439,265175.655078124
"CA",53,164010.512239489,193312.691638188,220415.863887407,286596.430912402,291176.516405439,265175.655078124
"CA",54,164010.512239489,193312.691638188,220415.863887407,286596.430912402,291176.516405439,265175.655078124
"CA",55,164010.512239489,193312.691638188,220415.863887407,286596.430912402,291176.516405439,265175.655078124
"CA",56,164010.512239489,193312.691638188,220415.863887407,286596.430912402,291176.516405439,265175.655078124
"CA",57,164010.512239489,193312.691638188,220415.863887407,286596.430912402,291176.516405439,265175.655078124
"CA",58,164010.512239489,193312.691638188,220415.863887407,286596.430912402,291176.516405439,265175.655078124
"CA",59,164010.512239489,193312.691638188,220415.863887407,286596.430912402,291176.516405439,265175.655078124
"CA",60,164010.512239489,193312.691638188,220415.863887407,286596.430912402,291176.516405439,265175.655078124
"CA",61,164010.512239489,193312.691638188,220415.863887407,286596.430912402,291176.516405439,265175.655078124
"CA",62,164010.512239489,193312.691638188,220415.863887407,286596.430912402,291176.516405439,265175.655078124
"CA",63,164010.512239489,193312.691638188,220415.863887407,286596.430912402,291176.516405439,265175.655078124
"CA",64,164010.512239489,193312.691638188,220415.863887407,286596.430912402,291176.516405439,265175.655078124
"CA",65,164010.512239489,193312.691638188,220415.863887407,286596.430912402,291176.516405439,265175.655078124
"CA",66,164010.512239489,193312.691638188,220415.863887407,286596.430912402,291176.516405439,265175.655078124
"CA",67,164010.512239489,193312.691638188,220415.863887407,286596.430912402,291176.516405439,265175.655078124
"CA",68,164010.512239489,193312.691638188,220415.863887407,286596.430912402,291176.516405439,265175.655078124
"CA",69,164010.512239489,193312.691638188,220415.863887407,286596.430912402,291176.516405439,265175.655078124
"CA",70,164010.512239489,193312.691638188,220415.863887407,286596.430912402,291176.516405439,265175.655078124
"CA",71,164010.512239489,193312.691638188,220415.863887407,286596.430912402,291176.516405439,265175.655078124
"CA",72,164010.512239489,193312.691638188,220415.863887407,286596.430912402,291176.516405439,265175.655078124
"CA",73,164010.512239489,193312.691638188,220415.863887407,286596.430912402,291176.516405439,265175.655078124
"CA",74,164010.512239489,193312.691638188,220415.863887407,286596.430912402,291176.516405439,265175.655078124
"CA",75,164010.512239489,193312.691638188,220415.863887407,286596.430912402,291176.516405439,265175.655078124
"CA",76,164010.512239489,193312.691638188,220415.863887407,286596.430912402,291176.516405439,265175.655078124
"CA",77,164010.512239489,193312.691638188,220415.863887407,286596.430912402,291176.516405439,265175.655078124
"CA",78,164010.512239489,193312.691638188,220415.863887407,286596.430912402,291176.516405439,265175.655078124
"CA",79,164010.512239489,193312.691638188,220415.863887407,286596.430912402,291176.516405439,265175.655078124
"CA",80,164010.512239489,193312.691638188,220415.863887407,286596.430912402,291176.516405439,265175.655078124
"CA",81,164010.512239489,193312.691638188,220415.863887407,286596.430912402,291176.516405439,265175.655078124
"CA",82,164010.512239489,193312.691638188,220415.863887407,286596.430912402,291176.516405439,265175.655078124
"CA",83,164010.512239489,193312.691638188,220415.863887407,286596.430912402,291176.516405439,265175.655078124
"CA",84,164010.512239489,193312.691638188,220415.863887407,286596.430912402,291176.516405439,265175.655078124
"CA",85,164010.512239489,193312.691638188,220415.863887407,286596.430912402,291176.516405439,265175.655078124
"CA",86,164010.512239489,193312.691638188,220415.863887407,286596.430912402,291176.516405439,265175.655078124
"CA",87,164010.512239489,193312.691638188,220415.863887407,286596.430912402,291176.516405439,265175.655078124
"CA",88,164010.512239489,193312.691638188,220415.863887407,286596.430912402,291176.516405439,265175.655078124
"CA",89,164010.512239489,193312.691638188,220415.863887407,286596.430912402,291176.516405439,265175.655078124
"CA",90,164010.512239489,193312.691638188,220415.863887407,286596.430912402,291176.516405439,265175.655078124
"CA",91,867534.599603774,908995.748021149,892988.507557727,802652.871438715,646474.562504472,539173.166666665
"CA",92,867534.599603774,908995.748021149,892988.507557727,802652.871438715,646474.562504472,539173.166666665
"CA",93,867534.599603774,908995.748021149,892988.507557727,802652.871438715,646474.562504472,539173.166666665
"CA",94,867534.599603774,908995.748021149,892988.507557727,802652.871438715,646474.562504472,539173.166666665
"CA",95,867534.599603774,908995.748021149,892988.507557727,802652.871438715,646474.562504472,539173.166666665
"CA",96,867534.599603774,908995.748021149,892988.507557727,802652.871438715,646474.562504472,539173.166666665
"CA",97,867534.599603774,908995.748021149,892988.507557727,802652.871438715,646474.562504472,539173.166666665
"CA",98,867534.599603774,908995.748021149,892988.507557727,802652.871438715,646474.562504472,539173.166666665
"CA",99,867534.599603774,908995.748021149,892988.507557727,802652.871438715,646474.562504472,539173.166666665
"CA",100,7151157.63375653,5258928.55781766,3800789.72978276,1693184.43458438,961351.404679795,814234.431374998
"AU",1,-32711.7727602797,-26031.3872790442,-16872.6599257164,39855.6197539168,92849.6400360714,102262.5265625
"AU",2,-32711.7727602797,-26031.3872790442,-16872.6599257164,39855.6197539168,92849.6400360714,102262.5265625
"AU",3,-32711.7727602797,-26031.3872790442,-16872.6599257164,39855.6197539168,92849.6400360714,102262.5265625
"AU",4,-32711.7727602797,-26031.3872790442,-16872.6599257164,39855.6197539168,92849.6400360714,102262.5265625
"AU",5,-32711.7727602797,-26031.3872790442,-16872.6599257164,39855.6197539168,92849.6400360714,102262.5265625
"AU",6,-32711.7727602797,-26031.3872790442,-16872.6599257164,39855.6197539168,92849.6400360714,102262.5265625
"AU",7,-32711.7727602797,-26031.3872790442,-16872.6599257164,39855.6197539168,92849.6400360714,102262.5265625
"AU",8,-32711.7727602797,-26031.3872790442,-16872.6599257164,39855.6197539168,92849.6400360714,102262.5265625
"AU",9,-32711.7727602797,-26031.3872790442,-16872.6599257164,39855.6197539168,92849.6400360714,102262.5265625
"AU",10,-32711.7727602797,-26031.3872790442,-16872.6599257164,39855.6197539168,92849.6400360714,102262.5265625
"AU",11,42507.9370970018,49778.7082058523,58937.5852343826,117551.859752497,146049.607610376,142296.404492187
"AU",12,42507.9370970018,49778.7082058523,58937.5852343826,117551.859752497,146049.607610376,142296.404492187
"AU",13,42507.9370970018,49778.7082058523,58937.5852343826,117551.859752497,146049.607610376,142296.404492187
"AU",14,42507.9370970018,49778.7082058523,58937.5852343826,117551.859752497,146049.607610376,142296.404492187
"AU",15,42507.9370970018,49778.7082058523,58937.5852343826,117551.859752497,146049.607610376,142296.404492187
"AU",16,42507.9370970018,49778.7082058523,58937.5852343826,117551.859752497,146049.607610376,142296.404492187
"AU",17,42507.9370970018,49778.7082058523,58937.5852343826,117551.859752497,146049.607610376,142296.404492187
"AU",18,42507.9370970018,49778.7082058523,58937.5852343826,117551.859752497,146049.607610376,142296.404492187
"AU",19,42507.9370970018,49778.7082058523,58937.5852343826,117551.859752497,146049.607610376,142296.404492187
"AU",20,42507.9370970018,49778.7082058523,58937.5852343826,117551.859752497,146049.607610376,142296.404492187
"AU",21,42507.9370970018,49778.7082058523,58937.5852343826,117551.859752497,146049.607610376,142296.404492187
"AU",22,42507.9370970018,49778.7082058523,58937.5852343826,117551.859752497,146049.607610376,142296.404492187
"AU",23,42507.9370970018,49778.7082058523,58937.5852343826,117551.859752497,146049.607610376,142296.404492187
"AU",24,42507.9370970018,49778.7082058523,58937.5852343826,117551.859752497,146049.607610376,142296.404492187
"AU",25,42507.9370970018,49778.7082058523,58937.5852343826,117551.859752497,146049.607610376,142296.404492187
"AU",26,42507.9370970018,49778.7082058523,58937.5852343826,117551.859752497,146049.607610376,142296.404492187
"AU",27,42507.9370970018,49778.7082058523,58937.5852343826,117551.859752497,146049.607610376,142296.404492187
"AU",28,42507.9370970018,49778.7082058523,58937.5852343826,117551.859752497,146049.607610376,142296.404492187
"AU",29,42507.9370970018,49778.7082058523,58937.5852343826,117551.859752497,146049.607610376,142296.404492187
"AU",30,42507.9370970018,49778.7082058523,58937.5852343826,117551.859752497,146049.607610376,142296.404492187
"AU",31,42507.9370970018,49778.7082058523,58937.5852343826,117551.859752497,146049.607610376,142296.404492187
"AU",32,42507.9370970018,49778.7082058523,58937.5852343826,117551.859752497,146049.607610376,142296.404492187
"AU",33,42507.9370970018,49778.7082058523,58937.5852343826,117551.859752497,146049.607610376,142296.404492187
"AU",34,42507.9370970018,49778.7082058523,58937.5852343826,117551.859752497,146049.607610376,142296.404492187
"AU",35,42507.9370970018,49778.7082058523,58937.5852343826,117551.859752497,146049.607610376,142296.404492187
"AU",36,42507.9370970018,49778.7082058523,58937.5852343826,117551.859752497,146049.607610376,142296.404492187
"AU",37,42507.9370970018,49778.7082058523,58937.5852343826,117551.859752497,146049.607610376,142296.404492187
"AU",38,42507.9370970018,49778.7082058523,58937.5852343826,117551.859752497,146049.607610376,142296.404492187
"AU",39,42507.9370970018,49778.7082058523,58937.5852343826,117551.859752497,146049.607610376,142296.404492187
"AU",40,42507.9370970018,49778.7082058523,58937.5852343826,117551.859752497,146049.607610376,142296.404492187
"AU",41,42507.9370970018,49778.7082058523,58937.5852343826,117551.859752497,146049.607610376,142296.404492187
"AU",42,42507.9370970018,49778.7082058523,58937.5852343826,117551.859752497,146049.607610376,142296.404492187
"AU",43,42507.9370970018,49778.7082058523,58937.5852343826,117551.859752497,146049.607610376,142296.404492187
"AU",44,42507.9370970018,49778.7082058523,58937.5852343826,117551.859752497,146049.607610376,142296.404492187
"AU",45,42507.9370970018,49778.7082058523,58937.5852343826,117551.859752497,146049.607610376,142296.404492187
"AU",46,42507.9370970018,49778.7082058523,58937.5852343826,117551.859752497,146049.607610376,142296.404492187
"AU",47,42507.9370970018,49778.7082058523,58937.5852343826,117551.859752497,146049.607610376,142296.404492187
"AU",48,42507.9370970018,49778.7082058523,58937.5852343826,117551.859752497,146049.607610376,142296.404492187
"AU",49,42507.9370970018,49778.7082058523,58937.5852343826,117551.859752497,146049.607610376,142296.404492187
"AU",50,42507.9370970018,49778.7082058523,58937.5852343826,117551.859752497,146049.607610376,142296.404492187
"AU",51,263488.773837942,269662.963586723,274746.654319672,336075.773689087,308553.663415435,274130.441796875
"AU",52,263488.773837942,269662.963586723,274746.654319672,336075.773689087,308553.663415435,274130.441796875
"AU",53,263488.773837942,269662.963586723,274746.654319672,336075.773689087,308553.663415435,274130.441796875
"AU",54,263488.773837942,269662.963586723,274746.654319672,336075.773689087,308553.663415435,274130.441796875
"AU",55,263488.773837942,269662.963586723,274746.654319672,336075.773689087,308553.663415435,274130.441796875
"AU",56,263488.773837942,269662.963586723,274746.654319672,336075.773689087,308553.663415435,274130.441796875
"AU",57,263488.773837942,269662.963586723,274746.654319672,336075.773689087,308553.663415435,274130.441796875
"AU",58,263488.773837942,269662.963586723,274746.654319672,336075.773689087,308553.663415435,274130.441796875
"AU",59,263488.773837942,269662.963586723,274746.654319672,336075.773689087,308553.663415435,274130.441796875
"AU",60,263488.773837942,269662.963586723,274746.654319672,336075.773689087,308553.663415435,274130.441796875
"AU",61,263488.773837942,269662.963586723,274746.654319672,336075.773689087,308553.663415435,274130.441796875
"AU",62,263488.773837942,269662.963586723,274746.654319672,336075.773689087,308553.663415435,274130.441796875
"AU",63,263488.773837942,269662.963586723,274746.654319672,336075.773689087,308553.663415435,274130.441796875
"AU",64,263488.773837942,269662.963586723,274746.654319672,336075.773689087,308553.663415435,274130.441796875
"AU",65,263488.773837942,269662.963586723,274746.654319672,336075.773689087,308553.663415435,274130.441796875
"AU",66,263488.773837942,269662.963586723,274746.654319672,336075.773689087,308553.663415435,274130.441796875
"AU",67,263488.773837942,269662.963586723,274746.654319672,336075.773689087,308553.663415435,274130.441796875
"AU",68,263488.773837942,269662.963586723,274746.654319672,336075.773689087,308553.663415435,274130.441796875
"AU",69,263488.773837942,269662.963586723,274746.654319672,336075.773689087,308553.663415435,274130.441796875
"AU",70,263488.773837942,269662.963586723,274746.654319672,336075.773689087,308553.663415435,274130.441796875
"AU",71,263488.773837942,269662.963586723,274746.654319672,336075.773689087,308553.663415435,274130.441796875
"AU",72,263488.773837942,269662.963586723,274746.654319672,336075.773689087,308553.663415435,274130.441796875
"AU",73,263488.773837942,269662.963586723,274746.654319672,336075.773689087,308553.663415435,274130.441796875
"AU",74,263488.773837942,269662.963586723,274746.654319672,336075.773689087,308553.663415435,274130.441796875
"AU",75,263488.773837942,269662.963586723,274746.654319672,336075.773689087,308553.663415435,274130.441796875
"AU",76,263488.773837942,269662.963586723,274746.654319672,336075.773689087,308553.663415435,274130.441796875
"AU",77,263488.773837942,269662.963586723,274746.654319672,336075.773689087,308553.663415435,274130.441796875
"AU",78,263488.773837942,269662.963586723,274746.654319672,336075.773689087,308553.663415435,274130.441796875
"AU",79,263488.773837942,269662.963586723,274746.654319672,336075.773689087,308553.663415435,274130.441796875
"AU",80,263488.773837942,269662.963586723,274746.654319672,336075.773689087,308553.663415435,274130.441796875
"AU",81,263488.773837942,269662.963586723,274746.654319672,336075.773689087,308553.663415435,274130.441796875
"AU",82,263488.773837942,269662.963586723,274746.654319672,336075.773689087,308553.663415435,274130.441796875
"AU",83,263488.773837942,269662.963586723,274746.654319672,336075.773689087,308553.663415435,274130.441796875
"AU",84,263488.773837942,269662.963586723,274746.654319672,336075.773689087,308553.663415435,274130.441796875
"AU",85,263488.773837942,269662.963586723,274746.654319672,336075.773689087,308553.663415435,274130.441796875
"AU",86,263488.773837942,269662.963586723,274746.654319672,336075.773689087,308553.663415435,274130.441796875
"AU",87,263488.773837942,269662.963586723,274746.654319672,336075.773689087,308553.663415435,274130.441796875
"AU",88,263488.773837942,269662.963586723,274746.654319672,336075.773689087,308553.663415435,274130.441796875
"AU",89,263488.773837942,269662.963586723,274746.654319672,336075.773689087,308553.663415435,274130.441796875
"AU",90,263488.773837942,269662.963586723,274746.654319672,336075.773689087,308553.663415435,274130.441796875
"AU",91,1065018.2394556,1038786.81778473,962704.368135437,856989.318262889,662312.629115166,544796.649305556
"AU",92,1065018.2394556,1038786.81778473,962704.368135437,856989.318262889,662312.629115166,544796.649305556
"AU",93,1065018.2394556,1038786.81778473,962704.368135437,856989.318262889,662312.629115166,544796.649305556
"AU",94,1065018.2394556,1038786.81778473,962704.368135437,856989.318262889,662312.629115166,544796.649305556
"AU",95,1065018.2394556,1038786.81778473,962704.368135437,856989.318262889,662312.629115166,544796.649305556
"AU",96,1065018.2394556,1038786.81778473,962704.368135437,856989.318262889,662312.629115166,544796.649305556
"AU",97,1065018.2394556,1038786.81778473,962704.368135437,856989.318262889,662312.629115166,544796.649305556
"AU",98,1065018.2394556,1038786.81778473,962704.368135437,856989.318262889,662312.629115166,544796.649305556
"AU",99,1065018.2394556,1038786.81778473,962704.368135437,856989.318262889,662312.629115166,544796.649305556
"AU",100,6665093.84709499,4964915.36287737,3636886.32830217,1735251.11497521,970918.777422194,817130.519625001
"NZ",1,-28384.0946921134,-22363.3744942542,-12177.6577174551,28093.5245919486,85723.5213124793,96849.9328125
"NZ",2,-28384.0946921134,-22363.3744942542,-12177.6577174551,28093.5245919486,85723.5213124793,96849.9328125
"NZ",3,-28384.0946921134,-22363.3744942542,-12177.6577174551,28093.5245919486,85723.5213124793,96849.9328125
"NZ",4,-28384.0946921134,-22363.3744942542,-12177.6577174551,28093.5245919486,85723.5213124793,96849.9328125
"NZ",5,-28384.0946921134,-22363.3744942542,-12177.6577174551,28093.5245919486,85723.5213124793,96849.9328125
"NZ",6,-28384.0946921134,-22363.3744942542,-12177.6577174551,28093.5245919486,85723.5213124793,96849.9328125
"NZ",7,-28384.0946921134,-22363.3744942542,-12177.6577174551,28093.5245919486,85723.5213124793,96849.9328125
"NZ",8,-28384.0946921134,-22363.3744942542,-12177.6577174551,28093.5245919486,85723.5213124793,96849.9328125
"NZ",9,-28384.0946921134,-22363.3744942542,-12177.6577174551,28093.5245919486,85723.5213124793,96849.9328125
"NZ",10,-28384.0946921134,-22363.3744942542,-12177.6577174551,28093.5245919486,85723.5213124793,96849.9328125
"NZ",11,36993.3663070968,47146.1956506732,61061.0958169929,98491.5316760455,139814.909596978,139463.695898437
"NZ",12,36993.3663070968,47146.1956506732,61061.0958169929,98491.5316760455,139814.909596978,139463.695898437
"NZ",13,36993.3663070968,47146.1956506732,61061.0958169929,98491.5316760455,139814.909596978,139463.695898437
"NZ",14,36993.3663070968,47146.1956506732,61061.0958169929,98491.5316760455,139814.909596978,139463.695898437
"NZ",15,36993.3663070968,47146.1956506732,61061.0958169929,98491.5316760455,139814.909596978,139463.695898437
"NZ",16,36993.3663070968,47146.1956506732,61061.0958169929,98491.5316760455,139814.909596978,139463.695898437
"NZ",17,36993.3663070968,47146.1956506732,61061.0958169929,98491.5316760455,139814.909596978,139463.695898437
"NZ",18,36993.3663070968,47146.1956506732,61061.0958169929,98491.5316760455,139814.909596978,139463.695898437
"NZ",19,36993.3663070968,47146.1956506732,61061.0958169929,98491.5316760455,139814.909596978,139463.695898437
"NZ",20,36993.3663070968,47146.1956506732,61061.0958169929,98491.5316760455,139814.909596978,139463.695898437
"NZ",21,36993.3663070968,47146.1956506732,61061.0958169929,98491.5316760455,139814.909596978,139463.695898437
"NZ",22,36993.3663070968,47146.1956506732,61061.0958169929,98491.5316760455,139814.909596978,139463.695898437
"NZ",23,36993.3663070968,47146.1956506732,61061.0958169929,98491.5316760455,139814.909596978,139463.695898437
"NZ",24,36993.3663070968,47146.1956506732,61061.0958169929,98491.5316760455,139814.909596978,139463.695898437
"NZ",25,36993.3663070968,47146.1956506732,61061.0958169929,98491.5316760455,139814.909596978,139463.695898437
"NZ",26,36993.3663070968,47146.1956506732,61061.0958169929,98491.5316760455,139814.909596978,139463.695898437
"NZ",27,36993.3663070968,47146.1956506732,61061.0958169929,98491.5316760455,139814.909596978,139463.695898437
"NZ",28,36993.3663070968,47146.1956506732,61061.0958169929,98491.5316760455,139814.909596978,139463.695898437
"NZ",29,36993.3663070968,47146.1956506732,61061.0958169929,98491.5316760455,139814.909596978,139463.695898437
"NZ",30,36993.3663070968,47146.1956506732,61061.0958169929,98491.5316760455,139814.909596978,139463.695898437
"NZ",31,36993.3663070968,47146.1956506732,61061.0958169929,98491.5316760455,139814.909596978,139463.695898437
"NZ",32,36993.3663070968,47146.1956506732,61061.0958169929,98491.5316760455,139814.909596978,139463.695898437
"NZ",33,36993.3663070968,47146.1956506732,61061.0958169929,98491.5316760455,139814.909596978,139463.695898437
"NZ",34,36993.3663070968,47146.1956506732,61061.0958169929,98491.5316760455,139814.909596978,139463.695898437
"NZ",35,36993.3663070968,47146.1956506732,61061.0958169929,98491.5316760455,139814.909596978,139463.695898437
"NZ",36,36993.3663070968,47146.1956506732,61061.0958169929,98491.5316760455,139814.909596978,139463.695898437
"NZ",37,36993.3663070968,47146.1956506732,61061.0958169929,98491.5316760455,139814.909596978,139463.695898437
"NZ",38,36993.3663070968,47146.1956506732,61061.0958169929,98491.5316760455,139814.909596978,139463.695898437
"NZ",39,36993.3663070968,47146.1956506732,61061.0958169929,98491.5316760455,139814.909596978,139463.695898437
"NZ",40,36993.3663070968,47146.1956506732,61061.0958169929,98491.5316760455,139814.909596978,139463.695898437
"NZ",41,36993.3663070968,47146.1956506732,61061.0958169929,98491.5316760455,139814.909596978,139463.695898437
"NZ",42,36993.3663070968,47146.1956506732,61061.0958169929,98491.5316760455,139814.909596978,139463.695898437
"NZ",43,36993.3663070968,47146.1956506732,61061.0958169929,98491.5316760455,139814.909596978,139463.695898437
"NZ",44,36993.3663070968,47146.1956506732,61061.0958169929,98491.5316760455,139814.909596978,139463.695898437
"NZ",45,36993.3663070968,47146.1956506732,61061.0958169929,98491.5316760455,139814.909596978,139463.695898437
"NZ",46,36993.3663070968,47146.1956506732,61061.0958169929,98491.5316760455,139814.909596978,139463.695898437
"NZ",47,36993.3663070968,47146.1956506732,61061.0958169929,98491.5316760455,139814.909596978,139463.695898437
"NZ",48,36993.3663070968,47146.1956506732,61061.0958169929,98491.5316760455,139814.909596978,139463.695898437
"NZ",49,36993.3663070968,47146.1956506732,61061.0958169929,98491.5316760455,139814.909596978,139463.695898437
"NZ",50,36993.3663070968,47146.1956506732,61061.0958169929,98491.5316760455,139814.909596978,139463.695898437
"NZ",51,229138.637667609,242232.094811246,258653.355308392,284223.004878964,295024.73403712,270968.416015625
"NZ",52,229138.637667609,242232.094811246,258653.355308392,284223.004878964,295024.73403712,270968.416015625
"NZ",53,229138.637667609,242232.094811246,258653.355308392,284223.004878964,295024.73403712,270968.416015625
"NZ",54,229138.637667609,242232.094811246,258653.355308392,284223.004878964,295024.73403712,270968.416015625
"NZ",55,229138.637667609,242232.094811246,258653.355308392,284223.004878964,295024.73403712,270968.416015625
"NZ",56,229138.637667609,242232.094811246,258653.355308392,284223.004878964,295024.73403712,270968.416015625
"NZ",57,229138.637667609,242232.094811246,258653.355308392,284223.004878964,295024.73403712,270968.416015625
"NZ",58,229138.637667609,242232.094811246,258653.355308392,284223.004878964,295024.73403712,270968.416015625
"NZ",59,229138.637667609,242232.094811246,258653.355308392,284223.004878964,295024.73403712,270968.416015625
"NZ",60,229138.637667609,242232.094811246,258653.355308392,284223.004878964,295024.73403712,270968.416015625
"NZ",61,229138.637667609,242232.094811246,258653.355308392,284223.004878964,295024.73403712,270968.416015625
"NZ",62,229138.637667609,242232.094811246,258653.355308392,284223.004878964,295024.73403712,270968.416015625
"NZ",63,229138.637667609,242232.094811246,258653.355308392,284223.004878964,295024.73403712,270968.416015625
"NZ",64,229138.637667609,242232.094811246,258653.355308392,284223.004878964,295024.73403712,270968.416015625
"NZ",65,229138.637667609,242232.094811246,258653.355308392,284223.004878964,295024.73403712,270968.416015625
"NZ",66,229138.637667609,242232.094811246,258653.355308392,284223.004878964,295024.73403712,270968.416015625
"NZ",67,229138.637667609,242232.094811246,258653.355308392,284223.004878964,295024.73403712,270968.416015625
"NZ",68,229138.637667609,242232.094811246,258653.355308392,284223.004878964,295024.73403712,270968.416015625
"NZ",69,229138.637667609,242232.094811246,258653.355308392,284223.004878964,295024.73403712,270968.416015625
"NZ",70,229138.637667609,242232.094811246,258653.355308392,284223.004878964,295024.73403712,270968.416015625
"NZ",71,229138.637667609,242232.094811246,258653.355308392,284223.004878964,295024.73403712,270968.416015625
"NZ",72,229138.637667609,242232.094811246,258653.355308392,284223.004878964,295024.73403712,270968.416015625
"NZ",73,229138.637667609,242232.094811246,258653.355308392,284223.004878964,295024.73403712,270968.416015625
"NZ",74,229138.637667609,242232.094811246,258653.355308392,284223.004878964,295024.73403712,270968.416015625
"NZ",75,229138.637667609,242232.094811246,258653.355308392,284223.004878964,295024.73403712,270968.416015625
"NZ",76,229138.637667609,242232.094811246,258653.355308392,284223.004878964,295024.73403712,270968.416015625
"NZ",77,229138.637667609,242232.094811246,258653.355308392,284223.004878964,295024.73403712,270968.416015625
"NZ",78,229138.637667609,242232.094811246,258653.355308392,284223.004878964,295024.73403712,270968.416015625
"NZ",79,229138.637667609,242232.094811246,258653.355308392,284223.004878964,295024.73403712,270968.416015625
"NZ",80,229138.637667609,242232.094811246,258653.355308392,284223.004878964,295024.73403712,270968.416015625
"NZ",81,229138.637667609,242232.094811246,258653.355308392,284223.004878964,295024.73403712,270968.416015625
"NZ",82,229138.637667609,242232.094811246,258653.355308392,284223.004878964,295024.73403712,270968.416015625
"NZ",83,229138.637667609,242232.094811246,258653.355308392,284223.004878964,295024.73403712,270968.416015625
"NZ",84,229138.637667609,242232.094811246,258653.355308392,284223.004878964,295024.73403712,270968.416015625
"NZ",85,229138.637667609,242232.094811246,258653.355308392,284223.004878964,295024.73403712,270968.416015625
"NZ",86,229138.637667609,242232.094811246,258653.355308392,284223.004878964,295024.73403712,270968.416015625
"NZ",87,229138.637667609,242232.094811246,258653.355308392,284223.004878964,295024.73403712,270968.416015625
"NZ",88,229138.637667609,242232.094811246,258653.355308392,284223.004878964,295024.73403712,270968.416015625
"NZ",89,229138.637667609,242232.094811246,258653.355308392,284223.004878964,295024.73403712,270968.416015625
"NZ",90,229138.637667609,242232.094811246,258653.355308392,284223.004878964,295024.73403712,270968.416015625
"NZ",91,922451.516532324,940985.72763029,919071.63483583,784191.709339468,672852.614269327,570078.690972222
"NZ",92,922451.516532324,940985.72763029,919071.63483583,784191.709339468,672852.614269327,570078.690972222
"NZ",93,922451.516532324,940985.72763029,919071.63483583,784191.709339468,672852.614269327,570078.690972222
"NZ",94,922451.516532324,940985.72763029,919071.63483583,784191.709339468,672852.614269327,570078.690972222
"NZ",95,922451.516532324,940985.72763029,919071.63483583,784191.709339468,672852.614269327,570078.690972222
"NZ",96,922451.516532324,940985.72763029,919071.63483583,784191.709339468,672852.614269327,570078.690972222
"NZ",97,922451.516532324,940985.72763029,919071.63483583,784191.709339468,672852.614269327,570078.690972222
"NZ",98,922451.516532324,940985.72763029,919071.63483583,784191.709339468,672852.614269327,570078.690972222
"NZ",99,922451.516532324,940985.72763029,919071.63483583,784191.709339468,672852.614269327,570078.690972222
"NZ",100,5468974.31818919,4506723.01142079,3560972.85601593,1688457.43121414,1030856.18599233,883508.229750001
"OH",1,-3940.59551225634,-3185.42518763346,-1983.82111497747,8291.85733283861,66532.3714026137,122330.525000001
"OH",2,-3940.59551225634,-3185.42518763346,-1983.82111497747,8291.85733283861,66532.3714026137,122330.525000001
"OH",3,-3940.59551225634,-3185.42518763346,-1983.82111497747,8291.85733283861,66532.3714026137,122330.525000001
"OH",4,-3940.59551225634,-3185.42518763346,-1983.82111497747,8291.85733283861,66532.3714026137,122330.525000001
"OH",5,-3940.59551225634,-3185.42518763346,-1983.82111497747,8291.85733283861,66532.3714026137,122330.525000001
"OH",6,-3940.59551225634,-3185.42518763346,-1983.82111497747,8291.85733283861,66532.3714026137,122330.525000001
"OH",7,-3940.59551225634,-3185.42518763346,-1983.82111497747,8291.85733283861,66532.3714026137,122330.525000001
"OH",8,-3940.59551225634,-3185.42518763346,-1983.82111497747,8291.85733283861,66532.3714026137,122330.525000001
"OH",9,-3940.59551225634,-3185.42518763346,-1983.82111497747,8291.85733283861,66532.3714026137,122330.525000001
"OH",10,-3940.59551225634,-3185.42518763346,-1983.82111497747,8291.85733283861,66532.3714026137,122330.525000001
"OH",11,3539.21192414567,4128.21008384971,5474.67717319872,17002.4646453973,84167.8923476079,148786.239648438
"OH",12,3539.21192414567,4128.21008384971,5474.67717319872,17002.4646453973,84167.8923476079,148786.239648438
"OH",13,3539.21192414567,4128.21008384971,5474.67717319872,17002.4646453973,84167.8923476079,148786.239648438
"OH",14,3539.21192414567,4128.21008384971,5474.67717319872,17002.4646453973,84167.8923476079,148786.239648438
"OH",15,3539.21192414567,4128.21008384971,5474.67717319872,17002.4646453973,84167.8923476079,148786.239648438
"OH",16,3539.21192414567,4128.21008384971,5474.67717319872,17002.4646453973,84167.8923476079,148786.239648438
"OH",17,3539.21192414567,4128.21008384971,5474.67717319872,17002.4646453973,84167.8923476079,148786.239648438
"OH",18,3539.21192414567,4128.21008384971,5474.67717319872,17002.4646453973,84167.8923476079,148786.239648438
"OH",19,3539.21192414567,4128.21008384971,5474.67717319872,17002.4646453973,84167.8923476079,148786.239648438
"OH",20,3539.21192414567,4128.21008384971,5474.67717319872,17002.4646453973,84167.8923476079,148786.239648438
"OH",21,3539.21192414567,4128.21008384971,5474.67717319872,17002.4646453973,84167.8923476079,148786.239648438
"OH",22,3539.21192414567,4128.21008384971,5474.67717319872,17002.4646453973,84167.8923476079,148786.239648438
"OH",23,3539.21192414567,4128.21008384971,5474.67717319872,17002.4646453973,84167.8923476079,148786.239648438
"OH",24,3539.21192414567,4128.21008384971,5474.67717319872,17002.4646453973,84167.8923476079,148786.239648438
"OH",25,3539.21192414567,4128.21008384971,5474.67717319872,17002.4646453973,84167.8923476079,148786.239648438
"OH",26,3539.21192414567,4128.21008384971,5474.67717319872,17002.4646453973,84167.8923476079,148786.239648438
"OH",27,3539.21192414567,4128.21008384971,5474.67717319872,17002.4646453973,84167.8923476079,148786.239648438
"OH",28,3539.21192414567,4128.21008384971,5474.67717319872,17002.4646453973,84167.8923476079,148786.239648438
"OH",29,3539.21192414567,4128.21008384971,5474.67717319872,17002.4646453973,84167.8923476079,148786.239648438
"OH",30,3539.21192414567,4128.21008384971,5474.67717319872,17002.4646453973,84167.8923476079,148786.239648438
"OH",31,3539.21192414567,4128.21008384971,5474.67717319872,17002.4646453973,84167.8923476079,148786.239648438
"OH",32,3539.21192414567,4128.21008384971,5474.67717319872,17002.4646453973,84167.8923476079,148786.239648438
"OH",33,3539.21192414567,4128.21008384971,5474.67717319872,17002.4646453973,84167.8923476079,148786.239648438
"OH",34,3539.21192414567,4128.21008384971,5474.67717319872,17002.4646453973,84167.8923476079,148786.239648438
"OH",35,3539.21192414567,4128.21008384971,5474.67717319872,17002.4646453973,84167.8923476079,148786.239648438
"OH",36,3539.21192414567,4128.21008384971,5474.67717319872,17002.4646453973,84167.8923476079,148786.239648438
"OH",37,3539.21192414567,4128.21008384971,5474.67717319872,17002.4646453973,84167.8923476079,148786.239648438
"OH",38,3539.21192414567,4128.21008384971,5474.67717319872,17002.4646453973,84167.8923476079,148786.239648438
"OH",39,3539.21192414567,4128.21008384971,5474.67717319872,17002.4646453973,84167.8923476079,148786.239648438
"OH",40,3539.21192414567,4128.21008384971,5474.67717319872,17002.4646453973,84167.8923476079,148786.239648438
"OH",41,3539.21192414567,4128.21008384971,5474.67717319872,17002.4646453973,84167.8923476079,148786.239648438
"OH",42,3539.21192414567,4128.21008384971,5474.67717319872,17002.4646453973,84167.8923476079,148786.239648438
"OH",43,3539.21192414567,4128.21008384971,5474.67717319872,17002.4646453973,84167.8923476079,148786.239648438
"OH",44,3539.21192414567,4128.21008384971,5474.67717319872,17002.4646453973,84167.8923476079,148786.239648438
"OH",45,3539.21192414567,4128.21008384971,5474.67717319872,17002.4646453973,84167.8923476079,148786.239648438
"OH",46,3539.21192414567,4128.21008384971,5474.67717319872,17002.4646453973,84167.8923476079,148786.239648438
"OH",47,3539.21192414567,4128.21008384971,5474.67717319872,17002.4646453973,84167.8923476079,148786.239648438
"OH",48,3539.21192414567,4128.21008384971,5474.67717319872,17002.4646453973,84167.8923476079,148786.239648438
"OH",49,3539.21192414567,4128.21008384971,5474.67717319872,17002.4646453973,84167.8923476079,148786.239648438
"OH",50,3539.21192414567,4128.21008384971,5474.67717319872,17002.4646453973,84167.8923476079,148786.239648438
"OH",51,24686.6433304884,26243.3120320116,28880.4446091346,47047.4363531516,153379.780074519,257137.505468751
"OH",52,24686.6433304884,26243.3120320116,28880.4446091346,47047.4363531516,153379.780074519,257137.505468751
"OH",53,24686.6433304884,26243.3120320116,28880.4446091346,47047.4363531516,153379.780074519,257137.505468751
"OH",54,24686.6433304884,26243.3120320116,28880.4446091346,47047.4363531516,153379.780074519,257137.505468751
"OH",55,24686.6433304884,26243.3120320116,28880.4446091346,47047.4363531516,153379.780074519,257137.505468751
"OH",56,24686.6433304884,26243.3120320116,28880.4446091346,47047.4363531516,153379.780074519,257137.505468751
"OH",57,24686.6433304884,26243.3120320116,28880.4446091346,47047.4363531516,153379.780074519,257137.505468751
"OH",58,24686.6433304884,26243.3120320116,28880.4446091346,47047.4363531516,153379.780074519,257137.505468751
"OH",59,24686.6433304884,26243.3120320116,28880.4446091346,47047.4363531516,153379.780074519,257137.505468751
"OH",60,24686.6433304884,26243.3120320116,28880.4446091346,47047.4363531516,153379.780074519,257137.505468751
"OH",61,24686.6433304884,26243.3120320116,28880.4446091346,47047.4363531516,153379.780074519,257137.505468751
"OH",62,24686.6433304884,26243.3120320116,28880.4446091346,47047.4363531516,153379.780074519,257137.505468751
"OH",63,24686.6433304884,26243.3120320116,28880.4446091346,47047.4363531516,153379.780074519,257137.505468751
"OH",64,24686.6433304884,26243.3120320116,28880.4446091346,47047.4363531516,153379.780074519,257137.505468751
"OH",65,24686.6433304884,26243.3120320116,28880.4446091346,47047.4363531516,153379.780074519,257137.505468751
"OH",66,24686.6433304884,26243.3120320116,28880.4446091346,47047.4363531516,153379.780074519,257137.505468751
"OH",67,24686.6433304884,26243.3120320116,28880.4446091346,47047.4363531516,153379.780074519,257137.505468751
"OH",68,24686.6433304884,26243.3120320116,28880.4446091346,47047.4363531516,153379.780074519,257137.505468751
"OH",69,24686.6433304884,26243.3120320116,28880.4446091346,47047.4363531516,153379.780074519,257137.505468751
"OH",70,24686.6433304884,26243.3120320116,28880.4446091346,47047.4363531516,153379.780074519,257137.505468751
"OH",71,24686.6433304884,26243.3120320116,28880.4446091346,47047.4363531516,153379.780074519,257137.505468751
"OH",72,24686.6433304884,26243.3120320116,28880.4446091346,47047.4363531516,153379.780074519,257137.505468751
"OH",73,24686.6433304884,26243.3120320116,28880.4446091346,47047.4363531516,153379.780074519,257137.505468751
"OH",74,24686.6433304884,26243.3120320116,28880.4446091346,47047.4363531516,153379.780074519,257137.505468751
"OH",75,24686.6433304884,26243.3120320116,28880.4446091346,47047.4363531516,153379.780074519,257137.505468751
"OH",76,24686.6433304884,26243.3120320116,28880.4446091346,47047.4363531516,153379.780074519,257137.505468751
"OH",77,24686.6433304884,26243.3120320116,28880.4446091346,47047.4363531516,153379.780074519,257137.505468751
"OH",78,24686.6433304884,26243.3120320116,28880.4446091346,47047.4363531516,153379.780074519,257137.505468751
"OH",79,24686.6433304884,26243.3120320116,28880.4446091346,47047.4363531516,153379.780074519,257137.505468751
"OH",80,24686.6433304884,26243.3120320116,28880.4446091346,47047.4363531516,153379.780074519,257137.505468751
"OH",81,24686.6433304884,26243.3120320116,28880.4446091346,47047.4363531516,153379.780074519,257137.505468751
"OH",82,24686.6433304884,26243.3120320116,28880.4446091346,47047.4363531516,153379.780074519,257137.505468751
"OH",83,24686.6433304884,26243.3120320116,28880.4446091346,47047.4363531516,153379.780074519,257137.505468751
"OH",84,24686.6433304884,26243.3120320116,28880.4446091346,47047.4363531516,153379.780074519,257137.505468751
"OH",85,24686.6433304884,26243.3120320116,28880.4446091346,47047.4363531516,153379.780074519,257137.505468751
"OH",86,24686.6433304884,26243.3120320116,28880.4446091346,47047.4363531516,153379.780074519,257137.505468751
"OH",87,24686.6433304884,26243.3120320116,28880.4446091346,47047.4363531516,153379.780074519,257137.505468751
"OH",88,24686.6433304884,26243.3120320116,28880.4446091346,47047.4363531516,153379.780074519,257137.505468751
"OH",89,24686.6433304884,26243.3120320116,28880.4446091346,47047.4363531516,153379.780074519,257137.505468751
"OH",90,24686.6433304884,26243.3120320116,28880.4446091346,47047.4363531516,153379.780074519,257137.505468751
"OH",91,152152.31490271,168199.439567296,178436.272327676,203948.992464892,369264.118914426,522217.486111113
"OH",92,152152.31490271,168199.439567296,178436.272327676,203948.992464892,369264.118914426,522217.486111113
"OH",93,152152.31490271,168199.439567296,178436.272327676,203948.992464892,369264.118914426,522217.486111113
"OH",94,152152.31490271,168199.439567296,178436.272327676,203948.992464892,369264.118914426,522217.486111113
"OH",95,152152.31490271,168199.439567296,178436.272327676,203948.992464892,369264.118914426,522217.486111113
"OH",96,152152.31490271,168199.439567296,178436.272327676,203948.992464892,369264.118914426,522217.486111113
"OH",97,152152.31490271,168199.439567296,178436.272327676,203948.992464892,369264.118914426,522217.486111113
"OH",98,152152.31490271,168199.439567296,178436.272327676,203948.992464892,369264.118914426,522217.486111113
"OH",99,152152.31490271,168199.439567296,178436.272327676,203948.992464892,369264.118914426,522217.486111113
"OH",100,1771560.95111954,1652411.5610865,1467053.58749455,1056320.98817863,1127339.90464542,1239787.58087501
"AR",1,-5742.96987686477,-3881.84459837783,-525.935223474253,21922.8078105736,77961.4262673388,121338.98671875
"AR",2,-5742.96987686477,-3881.84459837783,-525.935223474253,21922.8078105736,77961.4262673388,121338.98671875
"AR",3,-5742.96987686477,-3881.84459837783,-525.935223474253,21922.8078105736,77961.4262673388,121338.98671875
"AR",4,-5742.96987686477,-3881.84459837783,-525.935223474253,21922.8078105736,77961.4262673388,121338.98671875
"AR",5,-5742.96987686477,-3881.84459837783,-525.935223474253,21922.8078105736,77961.4262673388,121338.98671875
"AR",6,-5742.96987686477,-3881.84459837783,-525.935223474253,21922.8078105736,77961.4262673388,121338.98671875
"AR",7,-5742.96987686477,-3881.84459837783,-525.935223474253,21922.8078105736,77961.4262673388,121338.98671875
"AR",8,-5742.96987686477,-3881.84459837783,-525.935223474253,21922.8078105736,77961.4262673388,121338.98671875
"AR",9,-5742.96987686477,-3881.84459837783,-525.935223474253,21922.8078105736,77961.4262673388,121338.98671875
"AR",10,-5742.96987686477,-3881.84459837783,-525.935223474253,21922.8078105736,77961.4262673388,121338.98671875
"AR",11,7063.60551870854,9519.35215449199,14652.7283439141,39949.2197686382,101251.549850053,150612.283007812
"AR",12,7063.60551870854,9519.35215449199,14652.7283439141,39949.2197686382,101251.549850053,150612.283007812
"AR",13,7063.60551870854,9519.35215449199,14652.7283439141,39949.2197686382,101251.549850053,150612.283007812
"AR",14,7063.60551870854,9519.35215449199,14652.7283439141,39949.2197686382,101251.549850053,150612.283007812
"AR",15,7063.60551870854,9519.35215449199,14652.7283439141,39949.2197686382,101251.549850053,150612.283007812
"AR",16,7063.60551870854,9519.35215449199,14652.7283439141,39949.2197686382,101251.549850053,150612.283007812
"AR",17,7063.60551870854,9519.35215449199,14652.7283439141,39949.2197686382,101251.549850053,150612.283007812
"AR",18,7063.60551870854,9519.35215449199,14652.7283439141,39949.2197686382,101251.549850053,150612.283007812
"AR",19,7063.60551870854,9519.35215449199,14652.7283439141,39949.2197686382,101251.549850053,150612.283007812
"AR",20,7063.60551870854,9519.35215449199,14652.7283439141,39949.2197686382,101251.549850053,150612.283007812
"AR",21,7063.60551870854,9519.35215449199,14652.7283439141,39949.2197686382,101251.549850053,150612.283007812
"AR",22,7063.60551870854,9519.35215449199,14652.7283439141,39949.2197686382,101251.549850053,150612.283007812
"AR",23,7063.60551870854,9519.35215449199,14652.7283439141,39949.2197686382,101251.549850053,150612.283007812
"AR",24,7063.60551870854,9519.35215449199,14652.7283439141,39949.2197686382,101251.549850053,150612.283007812
"AR",25,7063.60551870854,9519.35215449199,14652.7283439141,39949.2197686382,101251.549850053,150612.283007812
"AR",26,7063.60551870854,9519.35215449199,14652.7283439141,39949.2197686382,101251.549850053,150612.283007812
"AR",27,7063.60551870854,9519.35215449199,14652.7283439141,39949.2197686382,101251.549850053,150612.283007812
"AR",28,7063.60551870854,9519.35215449199,14652.7283439141,39949.2197686382,101251.549850053,150612.283007812
"AR",29,7063.60551870854,9519.35215449199,14652.7283439141,39949.2197686382,101251.549850053,150612.283007812
"AR",30,7063.60551870854,9519.35215449199,14652.7283439141,39949.2197686382,101251.549850053,150612.283007812
"AR",31,7063.60551870854,9519.35215449199,14652.7283439141,39949.2197686382,101251.549850053,150612.283007812
"AR",32,7063.60551870854,9519.35215449199,14652.7283439141,39949.2197686382,101251.549850053,150612.283007812
"AR",33,7063.60551870854,9519.35215449199,14652.7283439141,39949.2197686382,101251.549850053,150612.283007812
"AR",34,7063.60551870854,9519.35215449199,14652.7283439141,39949.2197686382,101251.549850053,150612.283007812
"AR",35,7063.60551870854,9519.35215449199,14652.7283439141,39949.2197686382,101251.549850053,150612.283007812
"AR",36,7063.60551870854,9519.35215449199,14652.7283439141,39949.2197686382,101251.549850053,150612.283007812
"AR",37,7063.60551870854,9519.35215449199,14652.7283439141,39949.2197686382,101251.549850053,150612.283007812
"AR",38,7063.60551870854,9519.35215449199,14652.7283439141,39949.2197686382,101251.549850053,150612.283007812
"AR",39,7063.60551870854,9519.35215449199,14652.7283439141,39949.2197686382,101251.549850053,150612.283007812
"AR",40,7063.60551870854,9519.35215449199,14652.7283439141,39949.2197686382,101251.549850053,150612.283007812
"AR",41,7063.60551870854,9519.35215449199,14652.7283439141,39949.2197686382,101251.549850053,150612.283007812
"AR",42,7063.60551870854,9519.35215449199,14652.7283439141,39949.2197686382,101251.549850053,150612.283007812
"AR",43,7063.60551870854,9519.35215449199,14652.7283439141,39949.2197686382,101251.549850053,150612.283007812
"AR",44,7063.60551870854,9519.35215449199,14652.7283439141,39949.2197686382,101251.549850053,150612.283007812
"AR",45,7063.60551870854,9519.35215449199,14652.7283439141,39949.2197686382,101251.549850053,150612.283007812
"AR",46,7063.60551870854,9519.35215449199,14652.7283439141,39949.2197686382,101251.549850053,150612.283007812
"AR",47,7063.60551870854,9519.35215449199,14652.7283439141,39949.2197686382,101251.549850053,150612.283007812
"AR",48,7063.60551870854,9519.35215449199,14652.7283439141,39949.2197686382,101251.549850053,150612.283007812
"AR",49,7063.60551870854,9519.35215449199,14652.7283439141,39949.2197686382,101251.549850053,150612.283007812
"AR",50,7063.60551870854,9519.35215449199,14652.7283439141,39949.2197686382,101251.549850053,150612.283007812
"AR",51,44548.3985175362,50230.0385601975,60443.4707066821,96091.5509827214,184575.71540864,262614.578515624
"AR",52,44548.3985175362,50230.0385601975,60443.4707066821,96091.5509827214,184575.71540864,262614.578515624
"AR",53,44548.3985175362,50230.0385601975,60443.4707066821,96091.5509827214,184575.71540864,262614.578515624
"AR",54,44548.3985175362,50230.0385601975,60443.4707066821,96091.5509827214,184575.71540864,262614.578515624
"AR",55,44548.3985175362,50230.0385601975,60443.4707066821,96091.5509827214,184575.71540864,262614.578515624
"AR",56,44548.3985175362,50230.0385601975,60443.4707066821,96091.5509827214,184575.71540864,262614.578515624
"AR",57,44548.3985175362,50230.0385601975,60443.4707066821,96091.5509827214,184575.71540864,262614.578515624
"AR",58,44548.3985175362,50230.0385601975,60443.4707066821,96091.5509827214,184575.71540864,262614.578515624
"AR",59,44548.3985175362,50230.0385601975,60443.4707066821,96091.5509827214,184575.71540864,262614.578515624
"AR",60,44548.3985175362,50230.0385601975,60443.4707066821,96091.5509827214,184575.71540864,262614.578515624
"AR",61,44548.3985175362,50230.0385601975,60443.4707066821,96091.5509827214,184575.71540864,262614.578515624
"AR",62,44548.3985175362,50230.0385601975,60443.4707066821,96091.5509827214,184575.71540864,262614.578515624
"AR",63,44548.3985175362,50230.0385601975,60443.4707066821,96091.5509827214,184575.71540864,262614.578515624
"AR",64,44548.3985175362,50230.0385601975,60443.4707066821,96091.5509827214,184575.71540864,262614.578515624
"AR",65,44548.3985175362,50230.0385601975,60443.4707066821,96091.5509827214,184575.71540864,262614.578515624
"AR",66,44548.3985175362,50230.0385601975,60443.4707066821,96091.5509827214,184575.71540864,262614.578515624
"AR",67,44548.3985175362,50230.0385601975,60443.4707066821,96091.5509827214,184575.71540864,262614.578515624
"AR",68,44548.3985175362,50230.0385601975,60443.4707066821,96091.5509827214,184575.71540864,262614.578515624
"AR",69,44548.3985175362,50230.0385601975,60443.4707066821,96091.5509827214,184575.71540864,262614.578515624
"AR",70,44548.3985175362,50230.0385601975,60443.4707066821,96091.5509827214,184575.71540864,262614.578515624
"AR",71,44548.3985175362,50230.0385601975,60443.4707066821,96091.5509827214,184575.71540864,262614.578515624
"AR",72,44548.3985175362,50230.0385601975,60443.4707066821,96091.5509827214,184575.71540864,262614.578515624
"AR",73,44548.3985175362,50230.0385601975,60443.4707066821,96091.5509827214,184575.71540864,262614.578515624
"AR",74,44548.3985175362,50230.0385601975,60443.4707066821,96091.5509827214,184575.71540864,262614.578515624
"AR",75,44548.3985175362,50230.0385601975,60443.4707066821,96091.5509827214,184575.71540864,262614.578515624
"AR",76,44548.3985175362,50230.0385601975,60443.4707066821,96091.5509827214,184575.71540864,262614.578515624
"AR",77,44548.3985175362,50230.0385601975,60443.4707066821,96091.5509827214,184575.71540864,262614.578515624
"AR",78,44548.3985175362,50230.0385601975,60443.4707066821,96091.5509827214,184575.71540864,262614.578515624
"AR",79,44548.3985175362,50230.0385601975,60443.4707066821,96091.5509827214,184575.71540864,262614.578515624
"AR",80,44548.3985175362,50230.0385601975,60443.4707066821,96091.5509827214,184575.71540864,262614.578515624
"AR",81,44548.3985175362,50230.0385601975,60443.4707066821,96091.5509827214,184575.71540864,262614.578515624
"AR",82,44548.3985175362,50230.0385601975,60443.4707066821,96091.5509827214,184575.71540864,262614.578515624
"AR",83,44548.3985175362,50230.0385601975,60443.4707066821,96091.5509827214,184575.71540864,262614.578515624
"AR",84,44548.3985175362,50230.0385601975,60443.4707066821,96091.5509827214,184575.71540864,262614.578515624
"AR",85,44548.3985175362,50230.0385601975,60443.4707066821,96091.5509827214,184575.71540864,262614.578515624
"AR",86,44548.3985175362,50230.0385601975,60443.4707066821,96091.5509827214,184575.71540864,262614.578515624
"AR",87,44548.3985175362,50230.0385601975,60443.4707066821,96091.5509827214,184575.71540864,262614.578515624
"AR",88,44548.3985175362,50230.0385601975,60443.4707066821,96091.5509827214,184575.71540864,262614.578515624
"AR",89,44548.3985175362,50230.0385601975,60443.4707066821,96091.5509827214,184575.71540864,262614.578515624
"AR",90,44548.3985175362,50230.0385601975,60443.4707066821,96091.5509827214,184575.71540864,262614.578515624
"AR",91,191252.70154965,230702.599624724,264170.636539432,297416.130684541,399865.436520936,512297.263888887
"AR",92,191252.70154965,230702.599624724,264170.636539432,297416.130684541,399865.436520936,512297.263888887
"AR",93,191252.70154965,230702.599624724,264170.636539432,297416.130684541,399865.436520936,512297.263888887
"AR",94,191252.70154965,230702.599624724,264170.636539432,297416.130684541,399865.436520936,512297.263888887
"AR",95,191252.70154965,230702.599624724,264170.636539432,297416.130684541,399865.436520936,512297.263888887
"AR",96,191252.70154965,230702.599624724,264170.636539432,297416.130684541,399865.436520936,512297.263888887
"AR",97,191252.70154965,230702.599624724,264170.636539432,297416.130684541,399865.436520936,512297.263888887
"AR",98,191252.70154965,230702.599624724,264170.636539432,297416.130684541,399865.436520936,512297.263888887
"AR",99,191252.70154965,230702.599624724,264170.636539432,297416.130684541,399865.436520936,512297.263888887
"AR",100,1294877.40207164,1389842.93222385,1350558.07949482,971374.885395767,925717.302021839,1046859.6465
"BR",1,-8161.89312240535,-6742.12466033365,-4558.87052458241,12841.7147057897,69846.4001548102,116348.01484375
"BR",2,-8161.89312240535,-6742.12466033365,-4558.87052458241,12841.7147057897,69846.4001548102,116348.01484375
"BR",3,-8161.89312240535,-6742.12466033365,-4558.87052458241,12841.7147057897,69846.4001548102,116348.01484375
"BR",4,-8161.89312240535,-6742.12466033365,-4558.87052458241,12841.7147057897,69846.4001548102,116348.01484375
"BR",5,-8161.89312240535,-6742.12466033365,-4558.87052458241,12841.7147057897,69846.4001548102,116348.01484375
"BR",6,-8161.89312240535,-6742.12466033365,-4558.87052458241,12841.7147057897,69846.4001548102,116348.01484375
"BR",7,-8161.89312240535,-6742.12466033365,-4558.87052458241,12841.7147057897,69846.4001548102,116348.01484375
"BR",8,-8161.89312240535,-6742.12466033365,-4558.87052458241,12841.7147057897,69846.4001548102,116348.01484375
"BR",9,-8161.89312240535,-6742.12466033365,-4558.87052458241,12841.7147057897,69846.4001548102,116348.01484375
"BR",10,-8161.89312240535,-6742.12466033365,-4558.87052458241,12841.7147057897,69846.4001548102,116348.01484375
"BR",11,4399.17410365066,5713.31954267087,8332.12845607914,28089.1493868433,92139.6518582169,145124.53984375
"BR",12,4399.17410365066,5713.31954267087,8332.12845607914,28089.1493868433,92139.6518582169,145124.53984375
"BR",13,4399.17410365066,5713.31954267087,8332.12845607914,28089.1493868433,92139.6518582169,145124.53984375
"BR",14,4399.17410365066,5713.31954267087,8332.12845607914,28089.1493868433,92139.6518582169,145124.53984375
"BR",15,4399.17410365066,5713.31954267087,8332.12845607914,28089.1493868433,92139.6518582169,145124.53984375
"BR",16,4399.17410365066,5713.31954267087,8332.12845607914,28089.1493868433,92139.6518582169,145124.53984375
"BR",17,4399.17410365066,5713.31954267087,8332.12845607914,28089.1493868433,92139.6518582169,145124.53984375
"BR",18,4399.17410365066,5713.31954267087,8332.12845607914,28089.1493868433,92139.6518582169,145124.53984375
"BR",19,4399.17410365066,5713.31954267087,8332.12845607914,28089.1493868433,92139.6518582169,145124.53984375
"BR",20,4399.17410365066,5713.31954267087,8332.12845607914,28089.1493868433,92139.6518582169,145124.53984375
"BR",21,4399.17410365066,5713.31954267087,8332.12845607914,28089.1493868433,92139.6518582169,145124.53984375
"BR",22,4399.17410365066,5713.31954267087,8332.12845607914,28089.1493868433,92139.6518582169,145124.53984375
"BR",23,4399.17410365066,5713.31954267087,8332.12845607914,28089.1493868433,92139.6518582169,145124.53984375
"BR",24,4399.17410365066,5713.31954267087,8332.12845607914,28089.1493868433,92139.6518582169,145124.53984375
"BR",25,4399.17410365066,5713.31954267087,8332.12845607914,28089.1493868433,92139.6518582169,145124.53984375
"BR",26,4399.17410365066,5713.31954267087,8332.12845607914,28089.1493868433,92139.6518582169,145124.53984375
"BR",27,4399.17410365066,5713.31954267087,8332.12845607914,28089.1493868433,92139.6518582169,145124.53984375
"BR",28,4399.17410365066,5713.31954267087,8332.12845607914,28089.1493868433,92139.6518582169,145124.53984375
"BR",29,4399.17410365066,5713.31954267087,8332.12845607914,28089.1493868433,92139.6518582169,145124.53984375
"BR",30,4399.17410365066,5713.31954267087,8332.12845607914,28089.1493868433,92139.6518582169,145124.53984375
"BR",31,4399.17410365066,5713.31954267087,8332.12845607914,28089.1493868433,92139.6518582169,145124.53984375
"BR",32,4399.17410365066,5713.31954267087,8332.12845607914,28089.1493868433,92139.6518582169,145124.53984375
"BR",33,4399.17410365066,5713.31954267087,8332.12845607914,28089.1493868433,92139.6518582169,145124.53984375
"BR",34,4399.17410365066,5713.31954267087,8332.12845607914,28089.1493868433,92139.6518582169,145124.53984375
"BR",35,4399.17410365066,5713.31954267087,8332.12845607914,28089.1493868433,92139.6518582169,145124.53984375
"BR",36,4399.17410365066,5713.31954267087,8332.12845607914,28089.1493868433,92139.6518582169,145124.53984375
"BR",37,4399.17410365066,5713.31954267087,8332.12845607914,28089.1493868433,92139.6518582169,145124.53984375
"BR",38,4399.17410365066,5713.31954267087,8332.12845607914,28089.1493868433,92139.6518582169,145124.53984375
"BR",39,4399.17410365066,5713.31954267087,8332.12845607914,28089.1493868433,92139.6518582169,145124.53984375
"BR",40,4399.17410365066,5713.31954267087,8332.12845607914,28089.1493868433,92139.6518582169,145124.53984375
"BR",41,4399.17410365066,5713.31954267087,8332.12845607914,28089.1493868433,92139.6518582169,145124.53984375
"BR",42,4399.17410365066,5713.31954267087,8332.12845607914,28089.1493868433,92139.6518582169,145124.53984375
"BR",43,4399.17410365066,5713.31954267087,8332.12845607914,28089.1493868433,92139.6518582169,145124.53984375
"BR",44,4399.17410365066,5713.31954267087,8332.12845607914,28089.1493868433,92139.6518582169,145124.53984375
"BR",45,4399.17410365066,5713.31954267087,8332.12845607914,28089.1493868433,92139.6518582169,145124.53984375
"BR",46,4399.17410365066,5713.31954267087,8332.12845607914,28089.1493868433,92139.6518582169,145124.53984375
"BR",47,4399.17410365066,5713.31954267087,8332.12845607914,28089.1493868433,92139.6518582169,145124.53984375
"BR",48,4399.17410365066,5713.31954267087,8332.12845607914,28089.1493868433,92139.6518582169,145124.53984375
"BR",49,4399.17410365066,5713.31954267087,8332.12845607914,28089.1493868433,92139.6518582169,145124.53984375
"BR",50,4399.17410365066,5713.31954267087,8332.12845607914,28089.1493868433,92139.6518582169,145124.53984375
"BR",51,30235.0842146695,33045.8978689684,37886.0900920519,68560.8767412181,166813.681118971,251239.72421875
"BR",52,30235.0842146695,33045.8978689684,37886.0900920519,68560.8767412181,166813.681118971,251239.72421875
"BR",53,30235.0842146695,33045.8978689684,37886.0900920519,68560.8767412181,166813.681118971,251239.72421875
"BR",54,30235.0842146695,33045.8978689684,37886.0900920519,68560.8767412181,166813.681118971,251239.72421875
"BR",55,30235.0842146695,33045.8978689684,37886.0900920519,68560.8767412181,166813.681118971,251239.72421875
"BR",56,30235.0842146695,33045.8978689684,37886.0900920519,68560.8767412181,166813.681118971,251239.72421875
"BR",57,30235.0842146695,33045.8978689684,37886.0900920519,68560.8767412181,166813.681118971,251239.72421875
"BR",58,30235.0842146695,33045.8978689684,37886.0900920519,68560.8767412181,166813.681118971,251239.72421875
"BR",59,30235.0842146695,33045.8978689684,37886.0900920519,68560.8767412181,166813.681118971,251239.72421875
"BR",60,30235.0842146695,33045.8978689684,37886.0900920519,68560.8767412181,166813.681118971,251239.72421875
"BR",61,30235.0842146695,33045.8978689684,37886.0900920519,68560.8767412181,166813.681118971,251239.72421875
"BR",62,30235.0842146695,33045.8978689684,37886.0900920519,68560.8767412181,166813.681118971,251239.72421875
"BR",63,30235.0842146695,33045.8978689684,37886.0900920519,68560.8767412181,166813.681118971,251239.72421875
"BR",64,30235.0842146695,33045.8978689684,37886.0900920519,68560.8767412181,166813.681118971,251239.72421875
"BR",65,30235.0842146695,33045.8978689684,37886.0900920519,68560.8767412181,166813.681118971,251239.72421875
"BR",66,30235.0842146695,33045.8978689684,37886.0900920519,68560.8767412181,166813.681118971,251239.72421875
"BR",67,30235.0842146695,33045.8978689684,37886.0900920519,68560.8767412181,166813.681118971,251239.72421875
"BR",68,30235.0842146695,33045.8978689684,37886.0900920519,68560.8767412181,166813.681118971,251239.72421875
"BR",69,30235.0842146695,33045.8978689684,37886.0900920519,68560.8767412181,166813.681118971,251239.72421875
"BR",70,30235.0842146695,33045.8978689684,37886.0900920519,68560.8767412181,166813.681118971,251239.72421875
"BR",71,30235.0842146695,33045.8978689684,37886.0900920519,68560.8767412181,166813.681118971,251239.72421875
"BR",72,30235.0842146695,33045.8978689684,37886.0900920519,68560.8767412181,166813.681118971,251239.72421875
"BR",73,30235.0842146695,33045.8978689684,37886.0900920519,68560.8767412181,166813.681118971,251239.72421875
"BR",74,30235.0842146695,33045.8978689684,37886.0900920519,68560.8767412181,166813.681118971,251239.72421875
"BR",75,30235.0842146695,33045.8978689684,37886.0900920519,68560.8767412181,166813.681118971,251239.72421875
"BR",76,30235.0842146695,33045.8978689684,37886.0900920519,68560.8767412181,166813.681118971,251239.72421875
"BR",77,30235.0842146695,33045.8978689684,37886.0900920519,68560.8767412181,166813.681118971,251239.72421875
"BR",78,30235.0842146695,33045.8978689684,37886.0900920519,68560.8767412181,166813.681118971,251239.72421875
"BR",79,30235.0842146695,33045.8978689684,37886.0900920519,68560.8767412181,166813.681118971,251239.72421875
"BR",80,30235.0842146695,33045.8978689684,37886.0900920519,68560.8767412181,166813.681118971,251239.72421875
"BR",81,30235.0842146695,33045.8978689684,37886.0900920519,68560.8767412181,166813.681118971,251239.72421875
"BR",82,30235.0842146695,33045.8978689684,37886.0900920519,68560.8767412181,166813.681118971,251239.72421875
"BR",83,30235.0842146695,33045.8978689684,37886.0900920519,68560.8767412181,166813.681118971,251239.72421875
"BR",84,30235.0842146695,33045.8978689684,37886.0900920519,68560.8767412181,166813.681118971,251239.72421875
"BR",85,30235.0842146695,33045.8978689684,37886.0900920519,68560.8767412181,166813.681118971,251239.72421875
"BR",86,30235.0842146695,33045.8978689684,37886.0900920519,68560.8767412181,166813.681118971,251239.72421875
"BR",87,30235.0842146695,33045.8978689684,37886.0900920519,68560.8767412181,166813.681118971,251239.72421875
"BR",88,30235.0842146695,33045.8978689684,37886.0900920519,68560.8767412181,166813.681118971,251239.72421875
"BR",89,30235.0842146695,33045.8978689684,37886.0900920519,68560.8767412181,166813.681118971,251239.72421875
"BR",90,30235.0842146695,33045.8978689684,37886.0900920519,68560.8767412181,166813.681118971,251239.72421875
"BR",91,167301.062443461,207558.360960437,238329.563861691,306950.334222613,451922.612443705,567214.371527779
"BR",92,167301.062443461,207558.360960437,238329.563861691,306950.334222613,451922.612443705,567214.371527779
"BR",93,167301.062443461,207558.360960437,238329.563861691,306950.334222613,451922.612443705,567214.371527779
"BR",94,167301.062443461,207558.360960437,238329.563861691,306950.334222613,451922.612443705,567214.371527779
"BR",95,167301.062443461,207558.360960437,238329.563861691,306950.334222613,451922.612443705,567214.371527779
"BR",96,167301.062443461,207558.360960437,238329.563861691,306950.334222613,451922.612443705,567214.371527779
"BR",97,167301.062443461,207558.360960437,238329.563861691,306950.334222613,451922.612443705,567214.371527779
"BR",98,167301.062443461,207558.360960437,238329.563861691,306950.334222613,451922.612443705,567214.371527779
"BR",99,167301.062443461,207558.360960437,238329.563861691,306950.334222613,451922.612443705,567214.371527779
"BR",100,1830915.30275722,1676106.81348447,1503869.27229743,1134355.1109478,1160946.65952238,1277019.8875
"CL",1,-14288.0356546263,-11062.3597231106,-7053.45016095167,20332.4009939456,78182.3819922268,112980.321875
"CL",2,-14288.0356546263,-11062.3597231106,-7053.45016095167,20332.4009939456,78182.3819922268,112980.321875
"CL",3,-14288.0356546263,-11062.3597231106,-7053.45016095167,20332.4009939456,78182.3819922268,112980.321875
"CL",4,-14288.0356546263,-11062.3597231106,-7053.45016095167,20332.4009939456,78182.3819922268,112980.321875
"CL",5,-14288.0356546263,-11062.3597231106,-7053.45016095167,20332.4009939456,78182.3819922268,112980.321875
"CL",6,-14288.0356546263,-11062.3597231106,-7053.45016095167,20332.4009939456,78182.3819922268,112980.321875
"CL",7,-14288.0356546263,-11062.3597231106,-7053.45016095167,20332.4009939456,78182.3819922268,112980.321875
"CL",8,-14288.0356546263,-11062.3597231106,-7053.45016095167,20332.4009939456,78182.3819922268,112980.321875
"CL",9,-14288.0356546263,-11062.3597231106,-7053.45016095167,20332.4009939456,78182.3819922268,112980.321875
"CL",10,-14288.0356546263,-11062.3597231106,-7053.45016095167,20332.4009939456,78182.3819922268,112980.321875
"CL",11,7617.79354597503,9680.77676198101,13413.8399808749,43056.4218256416,104481.894354855,143063.273632812
"CL",12,7617.79354597503,9680.77676198101,13413.8399808749,43056.4218256416,104481.894354855,143063.273632812
"CL",13,7617.79354597503,9680.77676198101,13413.8399808749,43056.4218256416,104481.894354855,143063.273632812
"CL",14,7617.79354597503,9680.77676198101,13413.8399808749,43056.4218256416,104481.894354855,143063.273632812
"CL",15,7617.79354597503,9680.77676198101,13413.8399808749,43056.4218256416,104481.894354855,143063.273632812
"CL",16,7617.79354597503,9680.77676198101,13413.8399808749,43056.4218256416,104481.894354855,143063.273632812
"CL",17,7617.79354597503,9680.77676198101,13413.8399808749,43056.4218256416,104481.894354855,143063.273632812
"CL",18,7617.79354597503,9680.77676198101,13413.8399808749,43056.4218256416,104481.894354855,143063.273632812
"CL",19,7617.79354597503,9680.77676198101,13413.8399808749,43056.4218256416,104481.894354855,143063.273632812
"CL",20,7617.79354597503,9680.77676198101,13413.8399808749,43056.4218256416,104481.894354855,143063.273632812
"CL",21,7617.79354597503,9680.77676198101,13413.8399808749,43056.4218256416,104481.894354855,143063.273632812
"CL",22,7617.79354597503,9680.77676198101,13413.8399808749,43056.4218256416,104481.894354855,143063.273632812
"CL",23,7617.79354597503,9680.77676198101,13413.8399808749,43056.4218256416,104481.894354855,143063.273632812
"CL",24,7617.79354597503,9680.77676198101,13413.8399808749,43056.4218256416,104481.894354855,143063.273632812
"CL",25,7617.79354597503,9680.77676198101,13413.8399808749,43056.4218256416,104481.894354855,143063.273632812
"CL",26,7617.79354597503,9680.77676198101,13413.8399808749,43056.4218256416,104481.894354855,143063.273632812
"CL",27,7617.79354597503,9680.77676198101,13413.8399808749,43056.4218256416,104481.894354855,143063.273632812
"CL",28,7617.79354597503,9680.77676198101,13413.8399808749,43056.4218256416,104481.894354855,143063.273632812
"CL",29,7617.79354597503,9680.77676198101,13413.8399808749,43056.4218256416,104481.894354855,143063.273632812
"CL",30,7617.79354597503,9680.77676198101,13413.8399808749,43056.4218256416,104481.894354855,143063.273632812
"CL",31,7617.79354597503,9680.77676198101,13413.8399808749,43056.4218256416,104481.894354855,143063.273632812
"CL",32,7617.79354597503,9680.77676198101,13413.8399808749,43056.4218256416,104481.894354855,143063.273632812
"CL",33,7617.79354597503,9680.77676198101,13413.8399808749,43056.4218256416,104481.894354855,143063.273632812
"CL",34,7617.79354597503,9680.77676198101,13413.8399808749,43056.4218256416,104481.894354855,143063.273632812
"CL",35,7617.79354597503,9680.77676198101,13413.8399808749,43056.4218256416,104481.894354855,143063.273632812
"CL",36,7617.79354597503,9680.77676198101,13413.8399808749,43056.4218256416,104481.894354855,143063.273632812
"CL",37,7617.79354597503,9680.77676198101,13413.8399808749,43056.4218256416,104481.894354855,143063.273632812
"CL",38,7617.79354597503,9680.77676198101,13413.8399808749,43056.4218256416,104481.894354855,143063.273632812
"CL",39,7617.79354597503,9680.77676198101,13413.8399808749,43056.4218256416,104481.894354855,143063.273632812
"CL",40,7617.79354597503,9680.77676198101,13413.8399808749,43056.4218256416,104481.894354855,143063.273632812
"CL",41,7617.79354597503,9680.77676198101,13413.8399808749,43056.4218256416,104481.894354855,143063.273632812
"CL",42,7617.79354597503,9680.77676198101,13413.8399808749,43056.4218256416,104481.894354855,143063.273632812
"CL",43,7617.79354597503,9680.77676198101,13413.8399808749,43056.4218256416,104481.894354855,143063.273632812
"CL",44,7617.79354597503,9680.77676198101,13413.8399808749,43056.4218256416,104481.894354855,143063.273632812
"CL",45,7617.79354597503,9680.77676198101,13413.8399808749,43056.4218256416,104481.894354855,143063.273632812
"CL",46,7617.79354597503,9680.77676198101,13413.8399808749,43056.4218256416,104481.894354855,143063.273632812
"CL",47,7617.79354597503,9680.77676198101,13413.8399808749,43056.4218256416,104481.894354855,143063.273632812
"CL",48,7617.79354597503,9680.77676198101,13413.8399808749,43056.4218256416,104481.894354855,143063.273632812
"CL",49,7617.79354597503,9680.77676198101,13413.8399808749,43056.4218256416,104481.894354855,143063.273632812
"CL",50,7617.79354597503,9680.77676198101,13413.8399808749,43056.4218256416,104481.894354855,143063.273632812
"CL",51,52407.4306532296,55720.7518723648,61183.2364387694,104969.741414224,192731.875617,252290.62578125
"CL",52,52407.4306532296,55720.7518723648,61183.2364387694,104969.741414224,192731.875617,252290.62578125
"CL",53,52407.4306532296,55720.7518723648,61183.2364387694,104969.741414224,192731.875617,252290.62578125
"CL",54,52407.4306532296,55720.7518723648,61183.2364387694,104969.741414224,192731.875617,252290.62578125
"CL",55,52407.4306532296,55720.7518723648,61183.2364387694,104969.741414224,192731.875617,252290.62578125
"CL",56,52407.4306532296,55720.7518723648,61183.2364387694,104969.741414224,192731.875617,252290.62578125
"CL",57,52407.4306532296,55720.7518723648,61183.2364387694,104969.741414224,192731.875617,252290.62578125
"CL",58,52407.4306532296,55720.7518723648,61183.2364387694,104969.741414224,192731.875617,252290.62578125
"CL",59,52407.4306532296,55720.7518723648,61183.2364387694,104969.741414224,192731.875617,252290.62578125
"CL",60,52407.4306532296,55720.7518723648,61183.2364387694,104969.741414224,192731.875617,252290.62578125
"CL",61,52407.4306532296,55720.7518723648,61183.2364387694,104969.741414224,192731.875617,252290.62578125
"CL",62,52407.4306532296,55720.7518723648,61183.2364387694,104969.741414224,192731.875617,252290.62578125
"CL",63,52407.4306532296,55720.7518723648,61183.2364387694,104969.741414224,192731.875617,252290.62578125
"CL",64,52407.4306532296,55720.7518723648,61183.2364387694,104969.741414224,192731.875617,252290.62578125
"CL",65,52407.4306532296,55720.7518723648,61183.2364387694,104969.741414224,192731.875617,252290.62578125
"CL",66,52407.4306532296,55720.7518723648,61183.2364387694,104969.741414224,192731.875617,252290.62578125
"CL",67,52407.4306532296,55720.7518723648,61183.2364387694,104969.741414224,192731.875617,252290.62578125
"CL",68,52407.4306532296,55720.7518723648,61183.2364387694,104969.741414224,192731.875617,252290.62578125
"CL",69,52407.4306532296,55720.7518723648,61183.2364387694,104969.741414224,192731.875617,252290.62578125
"CL",70,52407.4306532296,55720.7518723648,61183.2364387694,104969.741414224,192731.875617,252290.62578125
"CL",71,52407.4306532296,55720.7518723648,61183.2364387694,104969.741414224,192731.875617,252290.62578125
"CL",72,52407.4306532296,55720.7518723648,61183.2364387694,104969.741414224,192731.875617,252290.62578125
"CL",73,52407.4306532296,55720.7518723648,61183.2364387694,104969.741414224,192731.875617,252290.62578125
"CL",74,52407.4306532296,55720.7518723648,61183.2364387694,104969.741414224,192731.875617,252290.62578125
"CL",75,52407.4306532296,55720.7518723648,61183.2364387694,104969.741414224,192731.875617,252290.62578125
"CL",76,52407.4306532296,55720.7518723648,61183.2364387694,104969.741414224,192731.875617,252290.62578125
"CL",77,52407.4306532296,55720.7518723648,61183.2364387694,104969.741414224,192731.875617,252290.62578125
"CL",78,52407.4306532296,55720.7518723648,61183.2364387694,104969.741414224,192731.875617,252290.62578125
"CL",79,52407.4306532296,55720.7518723648,61183.2364387694,104969.741414224,192731.875617,252290.62578125
"CL",80,52407.4306532296,55720.7518723648,61183.2364387694,104969.741414224,192731.875617,252290.62578125
"CL",81,52407.4306532296,55720.7518723648,61183.2364387694,104969.741414224,192731.875617,252290.62578125
"CL",82,52407.4306532296,55720.7518723648,61183.2364387694,104969.741414224,192731.875617,252290.62578125
"CL",83,52407.4306532296,55720.7518723648,61183.2364387694,104969.741414224,192731.875617,252290.62578125
"CL",84,52407.4306532296,55720.7518723648,61183.2364387694,104969.741414224,192731.875617,252290.62578125
"CL",85,52407.4306532296,55720.7518723648,61183.2364387694,104969.741414224,192731.875617,252290.62578125
"CL",86,52407.4306532296,55720.7518723648,61183.2364387694,104969.741414224,192731.875617,252290.62578125
"CL",87,52407.4306532296,55720.7518723648,61183.2364387694,104969.741414224,192731.875617,252290.62578125
"CL",88,52407.4306532296,55720.7518723648,61183.2364387694,104969.741414224,192731.875617,252290.62578125
"CL",89,52407.4306532296,55720.7518723648,61183.2364387694,104969.741414224,192731.875617,252290.62578125
"CL",90,52407.4306532296,55720.7518723648,61183.2364387694,104969.741414224,192731.875617,252290.62578125
"CL",91,290717.016759294,341784.678141293,369214.184106156,440918.634439133,520488.387742869,585898.409722222
"CL",92,290717.016759294,341784.678141293,369214.184106156,440918.634439133,520488.387742869,585898.409722222
"CL",93,290717.016759294,341784.678141293,369214.184106156,440918.634439133,520488.387742869,585898.409722222
"CL",94,290717.016759294,341784.678141293,369214.184106156,440918.634439133,520488.387742869,585898.409722222
"CL",95,290717.016759294,341784.678141293,369214.184106156,440918.634439133,520488.387742869,585898.409722222
"CL",96,290717.016759294,341784.678141293,369214.184106156,440918.634439133,520488.387742869,585898.409722222
"CL",97,290717.016759294,341784.678141293,369214.184106156,440918.634439133,520488.387742869,585898.409722222
"CL",98,290717.016759294,341784.678141293,369214.184106156,440918.634439133,520488.387742869,585898.409722222
"CL",99,290717.016759294,341784.678141293,369214.184106156,440918.634439133,520488.387742869,585898.409722222
"CL",100,3189979.95239858,2623801.16306162,2116567.60819955,1330180.04277609,1121487.08708183,1182955.555625
"CO",1,-7352.60404709658,-5712.9799431949,-3189.76363010086,14708.9428916233,71899.6499475086,117610.090624999
"CO",2,-7352.60404709658,-5712.9799431949,-3189.76363010086,14708.9428916233,71899.6499475086,117610.090624999
"CO",3,-7352.60404709658,-5712.9799431949,-3189.76363010086,14708.9428916233,71899.6499475086,117610.090624999
"CO",4,-7352.60404709658,-5712.9799431949,-3189.76363010086,14708.9428916233,71899.6499475086,117610.090624999
"CO",5,-7352.60404709658,-5712.9799431949,-3189.76363010086,14708.9428916233,71899.6499475086,117610.090624999
"CO",6,-7352.60404709658,-5712.9799431949,-3189.76363010086,14708.9428916233,71899.6499475086,117610.090624999
"CO",7,-7352.60404709658,-5712.9799431949,-3189.76363010086,14708.9428916233,71899.6499475086,117610.090624999
"CO",8,-7352.60404709658,-5712.9799431949,-3189.76363010086,14708.9428916233,71899.6499475086,117610.090624999
"CO",9,-7352.60404709658,-5712.9799431949,-3189.76363010086,14708.9428916233,71899.6499475086,117610.090624999
"CO",10,-7352.60404709658,-5712.9799431949,-3189.76363010086,14708.9428916233,71899.6499475086,117610.090624999
"CO",11,3868.43702280977,5411.87043190333,8603.19351996879,28591.8363288007,92843.6729960947,145336.336132811
"CO",12,3868.43702280977,5411.87043190333,8603.19351996879,28591.8363288007,92843.6729960947,145336.336132811
"CO",13,3868.43702280977,5411.87043190333,8603.19351996879,28591.8363288007,92843.6729960947,145336.336132811
"CO",14,3868.43702280977,5411.87043190333,8603.19351996879,28591.8363288007,92843.6729960947,145336.336132811
"CO",15,3868.43702280977,5411.87043190333,8603.19351996879,28591.8363288007,92843.6729960947,145336.336132811
"CO",16,3868.43702280977,5411.87043190333,8603.19351996879,28591.8363288007,92843.6729960947,145336.336132811
"CO",17,3868.43702280977,5411.87043190333,8603.19351996879,28591.8363288007,92843.6729960947,145336.336132811
"CO",18,3868.43702280977,5411.87043190333,8603.19351996879,28591.8363288007,92843.6729960947,145336.336132811
"CO",19,3868.43702280977,5411.87043190333,8603.19351996879,28591.8363288007,92843.6729960947,145336.336132811
"CO",20,3868.43702280977,5411.87043190333,8603.19351996879,28591.8363288007,92843.6729960947,145336.336132811
"CO",21,3868.43702280977,5411.87043190333,8603.19351996879,28591.8363288007,92843.6729960947,145336.336132811
"CO",22,3868.43702280977,5411.87043190333,8603.19351996879,28591.8363288007,92843.6729960947,145336.336132811
"CO",23,3868.43702280977,5411.87043190333,8603.19351996879,28591.8363288007,92843.6729960947,145336.336132811
"CO",24,3868.43702280977,5411.87043190333,8603.19351996879,28591.8363288007,92843.6729960947,145336.336132811
"CO",25,3868.43702280977,5411.87043190333,8603.19351996879,28591.8363288007,92843.6729960947,145336.336132811
"CO",26,3868.43702280977,5411.87043190333,8603.19351996879,28591.8363288007,92843.6729960947,145336.336132811
"CO",27,3868.43702280977,5411.87043190333,8603.19351996879,28591.8363288007,92843.6729960947,145336.336132811
"CO",28,3868.43702280977,5411.87043190333,8603.19351996879,28591.8363288007,92843.6729960947,145336.336132811
"CO",29,3868.43702280977,5411.87043190333,8603.19351996879,28591.8363288007,92843.6729960947,145336.336132811
"CO",30,3868.43702280977,5411.87043190333,8603.19351996879,28591.8363288007,92843.6729960947,145336.336132811
"CO",31,3868.43702280977,5411.87043190333,8603.19351996879,28591.8363288007,92843.6729960947,145336.336132811
"CO",32,3868.43702280977,5411.87043190333,8603.19351996879,28591.8363288007,92843.6729960947,145336.336132811
"CO",33,3868.43702280977,5411.87043190333,8603.19351996879,28591.8363288007,92843.6729960947,145336.336132811
"CO",34,3868.43702280977,5411.87043190333,8603.19351996879,28591.8363288007,92843.6729960947,145336.336132811
"CO",35,3868.43702280977,5411.87043190333,8603.19351996879,28591.8363288007,92843.6729960947,145336.336132811
"CO",36,3868.43702280977,5411.87043190333,8603.19351996879,28591.8363288007,92843.6729960947,145336.336132811
"CO",37,3868.43702280977,5411.87043190333,8603.19351996879,28591.8363288007,92843.6729960947,145336.336132811
"CO",38,3868.43702280977,5411.87043190333,8603.19351996879,28591.8363288007,92843.6729960947,145336.336132811
"CO",39,3868.43702280977,5411.87043190333,8603.19351996879,28591.8363288007,92843.6729960947,145336.336132811
"CO",40,3868.43702280977,5411.87043190333,8603.19351996879,28591.8363288007,92843.6729960947,145336.336132811
"CO",41,3868.43702280977,5411.87043190333,8603.19351996879,28591.8363288007,92843.6729960947,145336.336132811
"CO",42,3868.43702280977,5411.87043190333,8603.19351996879,28591.8363288007,92843.6729960947,145336.336132811
"CO",43,3868.43702280977,5411.87043190333,8603.19351996879,28591.8363288007,92843.6729960947,145336.336132811
"CO",44,3868.43702280977,5411.87043190333,8603.19351996879,28591.8363288007,92843.6729960947,145336.336132811
"CO",45,3868.43702280977,5411.87043190333,8603.19351996879,28591.8363288007,92843.6729960947,145336.336132811
"CO",46,3868.43702280977,5411.87043190333,8603.19351996879,28591.8363288007,92843.6729960947,145336.336132811
"CO",47,3868.43702280977,5411.87043190333,8603.19351996879,28591.8363288007,92843.6729960947,145336.336132811
"CO",48,3868.43702280977,5411.87043190333,8603.19351996879,28591.8363288007,92843.6729960947,145336.336132811
"CO",49,3868.43702280977,5411.87043190333,8603.19351996879,28591.8363288007,92843.6729960947,145336.336132811
"CO",50,3868.43702280977,5411.87043190333,8603.19351996879,28591.8363288007,92843.6729960947,145336.336132811
"CO",51,26645.2984294848,32371.6890661731,40604.1910241951,74031.0136963091,173240.746339383,256874.122656249
"CO",52,26645.2984294848,32371.6890661731,40604.1910241951,74031.0136963091,173240.746339383,256874.122656249
"CO",53,26645.2984294848,32371.6890661731,40604.1910241951,74031.0136963091,173240.746339383,256874.122656249
"CO",54,26645.2984294848,32371.6890661731,40604.1910241951,74031.0136963091,173240.746339383,256874.122656249
"CO",55,26645.2984294848,32371.6890661731,40604.1910241951,74031.0136963091,173240.746339383,256874.122656249
"CO",56,26645.2984294848,32371.6890661731,40604.1910241951,74031.0136963091,173240.746339383,256874.122656249
"CO",57,26645.2984294848,32371.6890661731,40604.1910241951,74031.0136963091,173240.746339383,256874.122656249
"CO",58,26645.2984294848,32371.6890661731,40604.1910241951,74031.0136963091,173240.746339383,256874.122656249
"CO",59,26645.2984294848,32371.6890661731,40604.1910241951,74031.0136963091,173240.746339383,256874.122656249
"CO",60,26645.2984294848,32371.6890661731,40604.1910241951,74031.0136963091,173240.746339383,256874.122656249
"CO",61,26645.2984294848,32371.6890661731,40604.1910241951,74031.0136963091,173240.746339383,256874.122656249
"CO",62,26645.2984294848,32371.6890661731,40604.1910241951,74031.0136963091,173240.746339383,256874.122656249
"CO",63,26645.2984294848,32371.6890661731,40604.1910241951,74031.0136963091,173240.746339383,256874.122656249
"CO",64,26645.2984294848,32371.6890661731,40604.1910241951,74031.0136963091,173240.746339383,256874.122656249
"CO",65,26645.2984294848,32371.6890661731,40604.1910241951,74031.0136963091,173240.746339383,256874.122656249
"CO",66,26645.2984294848,32371.6890661731,40604.1910241951,74031.0136963091,173240.746339383,256874.122656249
"CO",67,26645.2984294848,32371.6890661731,40604.1910241951,74031.0136963091,173240.746339383,256874.122656249
"CO",68,26645.2984294848,32371.6890661731,40604.1910241951,74031.0136963091,173240.746339383,256874.122656249
"CO",69,26645.2984294848,32371.6890661731,40604.1910241951,74031.0136963091,173240.746339383,256874.122656249
"CO",70,26645.2984294848,32371.6890661731,40604.1910241951,74031.0136963091,173240.746339383,256874.122656249
"CO",71,26645.2984294848,32371.6890661731,40604.1910241951,74031.0136963091,173240.746339383,256874.122656249
"CO",72,26645.2984294848,32371.6890661731,40604.1910241951,74031.0136963091,173240.746339383,256874.122656249
"CO",73,26645.2984294848,32371.6890661731,40604.1910241951,74031.0136963091,173240.746339383,256874.122656249
"CO",74,26645.2984294848,32371.6890661731,40604.1910241951,74031.0136963091,173240.746339383,256874.122656249
"CO",75,26645.2984294848,32371.6890661731,40604.1910241951,74031.0136963091,173240.746339383,256874.122656249
"CO",76,26645.2984294848,32371.6890661731,40604.1910241951,74031.0136963091,173240.746339383,256874.122656249
"CO",77,26645.2984294848,32371.6890661731,40604.1910241951,74031.0136963091,173240.746339383,256874.122656249
"CO",78,26645.2984294848,32371.6890661731,40604.1910241951,74031.0136963091,173240.746339383,256874.122656249
"CO",79,26645.2984294848,32371.6890661731,40604.1910241951,74031.0136963091,173240.746339383,256874.122656249
"CO",80,26645.2984294848,32371.6890661731,40604.1910241951,74031.0136963091,173240.746339383,256874.122656249
"CO",81,26645.2984294848,32371.6890661731,40604.1910241951,74031.0136963091,173240.746339383,256874.122656249
"CO",82,26645.2984294848,32371.6890661731,40604.1910241951,74031.0136963091,173240.746339383,256874.122656249
"CO",83,26645.2984294848,32371.6890661731,40604.1910241951,74031.0136963091,173240.746339383,256874.122656249
"CO",84,26645.2984294848,32371.6890661731,40604.1910241951,74031.0136963091,173240.746339383,256874.122656249
"CO",85,26645.2984294848,32371.6890661731,40604.1910241951,74031.0136963091,173240.746339383,256874.122656249
"CO",86,26645.2984294848,32371.6890661731,40604.1910241951,74031.0136963091,173240.746339383,256874.122656249
"CO",87,26645.2984294848,32371.6890661731,40604.1910241951,74031.0136963091,173240.746339383,256874.122656249
"CO",88,26645.2984294848,32371.6890661731,40604.1910241951,74031.0136963091,173240.746339383,256874.122656249
"CO",89,26645.2984294848,32371.6890661731,40604.1910241951,74031.0136963091,173240.746339383,256874.122656249
"CO",90,26645.2984294848,32371.6890661731,40604.1910241951,74031.0136963091,173240.746339383,256874.122656249
"CO",91,148260.53774231,199207.384003634,240110.344104056,302258.788576688,441481.147407255,559889.25347222
"CO",92,148260.53774231,199207.384003634,240110.344104056,302258.788576688,441481.147407255,559889.25347222
"CO",93,148260.53774231,199207.384003634,240110.344104056,302258.788576688,441481.147407255,559889.25347222
"CO",94,148260.53774231,199207.384003634,240110.344104056,302258.788576688,441481.147407255,559889.25347222
"CO",95,148260.53774231,199207.384003634,240110.344104056,302258.788576688,441481.147407255,559889.25347222
"CO",96,148260.53774231,199207.384003634,240110.344104056,302258.788576688,441481.147407255,559889.25347222
"CO",97,148260.53774231,199207.384003634,240110.344104056,302258.788576688,441481.147407255,559889.25347222
"CO",98,148260.53774231,199207.384003634,240110.344104056,302258.788576688,441481.147407255,559889.25347222
"CO",99,148260.53774231,199207.384003634,240110.344104056,302258.788576688,441481.147407255,559889.25347222
"CO",100,1601841.917866,1420445.9020541,1257992.5484716,926709.394276311,964698.943090053,1096477.40787499
"MX",1,-7335.97155731282,-5371.70038712582,-2757.83880579747,14832.6757119534,69231.1677124859,121764.3078125
"MX",2,-7335.97155731282,-5371.70038712582,-2757.83880579747,14832.6757119534,69231.1677124859,121764.3078125
"MX",3,-7335.97155731282,-5371.70038712582,-2757.83880579747,14832.6757119534,69231.1677124859,121764.3078125
"MX",4,-7335.97155731282,-5371.70038712582,-2757.83880579747,14832.6757119534,69231.1677124859,121764.3078125
"MX",5,-7335.97155731282,-5371.70038712582,-2757.83880579747,14832.6757119534,69231.1677124859,121764.3078125
"MX",6,-7335.97155731282,-5371.70038712582,-2757.83880579747,14832.6757119534,69231.1677124859,121764.3078125
"MX",7,-7335.97155731282,-5371.70038712582,-2757.83880579747,14832.6757119534,69231.1677124859,121764.3078125
"MX",8,-7335.97155731282,-5371.70038712582,-2757.83880579747,14832.6757119534,69231.1677124859,121764.3078125
"MX",9,-7335.97155731282,-5371.70038712582,-2757.83880579747,14832.6757119534,69231.1677124859,121764.3078125
"MX",10,-7335.97155731282,-5371.70038712582,-2757.83880579747,14832.6757119534,69231.1677124859,121764.3078125
"MX",11,3970.21709390984,5043.15450616997,7758.0798533429,26499.8408221513,87423.2223625824,148379.788671875
"MX",12,3970.21709390984,5043.15450616997,7758.0798533429,26499.8408221513,87423.2223625824,148379.788671875
"MX",13,3970.21709390984,5043.15450616997,7758.0798533429,26499.8408221513,87423.2223625824,148379.788671875
"MX",14,3970.21709390984,5043.15450616997,7758.0798533429,26499.8408221513,87423.2223625824,148379.788671875
"MX",15,3970.21709390984,5043.15450616997,7758.0798533429,26499.8408221513,87423.2223625824,148379.788671875
"MX",16,3970.21709390984,5043.15450616997,7758.0798533429,26499.8408221513,87423.2223625824,148379.788671875
"MX",17,3970.21709390984,5043.15450616997,7758.0798533429,26499.8408221513,87423.2223625824,148379.788671875
"MX",18,3970.21709390984,5043.15450616997,7758.0798533429,26499.8408221513,87423.2223625824,148379.788671875
"MX",19,3970.21709390984,5043.15450616997,7758.0798533429,26499.8408221513,87423.2223625824,148379.788671875
"MX",20,3970.21709390984,5043.15450616997,7758.0798533429,26499.8408221513,87423.2223625824,148379.788671875
"MX",21,3970.21709390984,5043.15450616997,7758.0798533429,26499.8408221513,87423.2223625824,148379.788671875
"MX",22,3970.21709390984,5043.15450616997,7758.0798533429,26499.8408221513,87423.2223625824,148379.788671875
"MX",23,3970.21709390984,5043.15450616997,7758.0798533429,26499.8408221513,87423.2223625824,148379.788671875
"MX",24,3970.21709390984,5043.15450616997,7758.0798533429,26499.8408221513,87423.2223625824,148379.788671875
"MX",25,3970.21709390984,5043.15450616997,7758.0798533429,26499.8408221513,87423.2223625824,148379.788671875
"MX",26,3970.21709390984,5043.15450616997,7758.0798533429,26499.8408221513,87423.2223625824,148379.788671875
"MX",27,3970.21709390984,5043.15450616997,7758.0798533429,26499.8408221513,87423.2223625824,148379.788671875
"MX",28,3970.21709390984,5043.15450616997,7758.0798533429,26499.8408221513,87423.2223625824,148379.788671875
"MX",29,3970.21709390984,5043.15450616997,7758.0798533429,26499.8408221513,87423.2223625824,148379.788671875
"MX",30,3970.21709390984,5043.15450616997,7758.0798533429,26499.8408221513,87423.2223625824,148379.788671875
"MX",31,3970.21709390984,5043.15450616997,7758.0798533429,26499.8408221513,87423.2223625824,148379.788671875
"MX",32,3970.21709390984,5043.15450616997,7758.0798533429,26499.8408221513,87423.2223625824,148379.788671875
"MX",33,3970.21709390984,5043.15450616997,7758.0798533429,26499.8408221513,87423.2223625824,148379.788671875
"MX",34,3970.21709390984,5043.15450616997,7758.0798533429,26499.8408221513,87423.2223625824,148379.788671875
"MX",35,3970.21709390984,5043.15450616997,7758.0798533429,26499.8408221513,87423.2223625824,148379.788671875
"MX",36,3970.21709390984,5043.15450616997,7758.0798533429,26499.8408221513,87423.2223625824,148379.788671875
"MX",37,3970.21709390984,5043.15450616997,7758.0798533429,26499.8408221513,87423.2223625824,148379.788671875
"MX",38,3970.21709390984,5043.15450616997,7758.0798533429,26499.8408221513,87423.2223625824,148379.788671875
"MX",39,3970.21709390984,5043.15450616997,7758.0798533429,26499.8408221513,87423.2223625824,148379.788671875
"MX",40,3970.21709390984,5043.15450616997,7758.0798533429,26499.8408221513,87423.2223625824,148379.788671875
"MX",41,3970.21709390984,5043.15450616997,7758.0798533429,26499.8408221513,87423.2223625824,148379.788671875
"MX",42,3970.21709390984,5043.15450616997,7758.0798533429,26499.8408221513,87423.2223625824,148379.788671875
"MX",43,3970.21709390984,5043.15450616997,7758.0798533429,26499.8408221513,87423.2223625824,148379.788671875
"MX",44,3970.21709390984,5043.15450616997,7758.0798533429,26499.8408221513,87423.2223625824,148379.788671875
"MX",45,3970.21709390984,5043.15450616997,7758.0798533429,26499.8408221513,87423.2223625824,148379.788671875
"MX",46,3970.21709390984,5043.15450616997,7758.0798533429,26499.8408221513,87423.2223625824,148379.788671875
"MX",47,3970.21709390984,5043.15450616997,7758.0798533429,26499.8408221513,87423.2223625824,148379.788671875
"MX",48,3970.21709390984,5043.15450616997,7758.0798533429,26499.8408221513,87423.2223625824,148379.788671875
"MX",49,3970.21709390984,5043.15450616997,7758.0798533429,26499.8408221513,87423.2223625824,148379.788671875
"MX",50,3970.21709390984,5043.15450616997,7758.0798533429,26499.8408221513,87423.2223625824,148379.788671875
"MX",51,27276.9204351583,30278.289898657,36140.4181182579,64805.7623309379,157936.246754344,256551.862890625
"MX",52,27276.9204351583,30278.289898657,36140.4181182579,64805.7623309379,157936.246754344,256551.862890625
"MX",53,27276.9204351583,30278.289898657,36140.4181182579,64805.7623309379,157936.246754344,256551.862890625
"MX",54,27276.9204351583,30278.289898657,36140.4181182579,64805.7623309379,157936.246754344,256551.862890625
"MX",55,27276.9204351583,30278.289898657,36140.4181182579,64805.7623309379,157936.246754344,256551.862890625
"MX",56,27276.9204351583,30278.289898657,36140.4181182579,64805.7623309379,157936.246754344,256551.862890625
"MX",57,27276.9204351583,30278.289898657,36140.4181182579,64805.7623309379,157936.246754344,256551.862890625
"MX",58,27276.9204351583,30278.289898657,36140.4181182579,64805.7623309379,157936.246754344,256551.862890625
"MX",59,27276.9204351583,30278.289898657,36140.4181182579,64805.7623309379,157936.246754344,256551.862890625
"MX",60,27276.9204351583,30278.289898657,36140.4181182579,64805.7623309379,157936.246754344,256551.862890625
"MX",61,27276.9204351583,30278.289898657,36140.4181182579,64805.7623309379,157936.246754344,256551.862890625
"MX",62,27276.9204351583,30278.289898657,36140.4181182579,64805.7623309379,157936.246754344,256551.862890625
"MX",63,27276.9204351583,30278.289898657,36140.4181182579,64805.7623309379,157936.246754344,256551.862890625
"MX",64,27276.9204351583,30278.289898657,36140.4181182579,64805.7623309379,157936.246754344,256551.862890625
"MX",65,27276.9204351583,30278.289898657,36140.4181182579,64805.7623309379,157936.246754344,256551.862890625
"MX",66,27276.9204351583,30278.289898657,36140.4181182579,64805.7623309379,157936.246754344,256551.862890625
"MX",67,27276.9204351583,30278.289898657,36140.4181182579,64805.7623309379,157936.246754344,256551.862890625
"MX",68,27276.9204351583,30278.289898657,36140.4181182579,64805.7623309379,157936.246754344,256551.862890625
"MX",69,27276.9204351583,30278.289898657,36140.4181182579,64805.7623309379,157936.246754344,256551.862890625
"MX",70,27276.9204351583,30278.289898657,36140.4181182579,64805.7623309379,157936.246754344,256551.862890625
"MX",71,27276.9204351583,30278.289898657,36140.4181182579,64805.7623309379,157936.246754344,256551.862890625
"MX",72,27276.9204351583,30278.289898657,36140.4181182579,64805.7623309379,157936.246754344,256551.862890625
"MX",73,27276.9204351583,30278.289898657,36140.4181182579,64805.7623309379,157936.246754344,256551.862890625
"MX",74,27276.9204351583,30278.289898657,36140.4181182579,64805.7623309379,157936.246754344,256551.862890625
"MX",75,27276.9204351583,30278.289898657,36140.4181182579,64805.7623309379,157936.246754344,256551.862890625
"MX",76,27276.9204351583,30278.289898657,36140.4181182579,64805.7623309379,157936.246754344,256551.862890625
"MX",77,27276.9204351583,30278.289898657,36140.4181182579,64805.7623309379,157936.246754344,256551.862890625
"MX",78,27276.9204351583,30278.289898657,36140.4181182579,64805.7623309379,157936.246754344,256551.862890625
"MX",79,27276.9204351583,30278.289898657,36140.4181182579,64805.7623309379,157936.246754344,256551.862890625
"MX",80,27276.9204351583,30278.289898657,36140.4181182579,64805.7623309379,157936.246754344,256551.862890625
"MX",81,27276.9204351583,30278.289898657,36140.4181182579,64805.7623309379,157936.246754344,256551.862890625
"MX",82,27276.9204351583,30278.289898657,36140.4181182579,64805.7623309379,157936.246754344,256551.862890625
"MX",83,27276.9204351583,30278.289898657,36140.4181182579,64805.7623309379,157936.246754344,256551.862890625
"MX",84,27276.9204351583,30278.289898657,36140.4181182579,64805.7623309379,157936.246754344,256551.862890625
"MX",85,27276.9204351583,30278.289898657,36140.4181182579,64805.7623309379,157936.246754344,256551.862890625
"MX",86,27276.9204351583,30278.289898657,36140.4181182579,64805.7623309379,157936.246754344,256551.862890625
"MX",87,27276.9204351583,30278.289898657,36140.4181182579,64805.7623309379,157936.246754344,256551.862890625
"MX",88,27276.9204351583,30278.289898657,36140.4181182579,64805.7623309379,157936.246754344,256551.862890625
"MX",89,27276.9204351583,30278.289898657,36140.4181182579,64805.7623309379,157936.246754344,256551.862890625
"MX",90,27276.9204351583,30278.289898657,36140.4181182579,64805.7623309379,157936.246754344,256551.862890625
"MX",91,150790.094486342,192128.040837184,222903.513305222,263041.274808483,386759.126245049,535458.222222222
"MX",92,150790.094486342,192128.040837184,222903.513305222,263041.274808483,386759.126245049,535458.222222222
"MX",93,150790.094486342,192128.040837184,222903.513305222,263041.274808483,386759.126245049,535458.222222222
"MX",94,150790.094486342,192128.040837184,222903.513305222,263041.274808483,386759.126245049,535458.222222222
"MX",95,150790.094486342,192128.040837184,222903.513305222,263041.274808483,386759.126245049,535458.222222222
"MX",96,150790.094486342,192128.040837184,222903.513305222,263041.274808483,386759.126245049,535458.222222222
"MX",97,150790.094486342,192128.040837184,222903.513305222,263041.274808483,386759.126245049,535458.222222222
"MX",98,150790.094486342,192128.040837184,222903.513305222,263041.274808483,386759.126245049,535458.222222222
"MX",99,150790.094486342,192128.040837184,222903.513305222,263041.274808483,386759.126245049,535458.222222222
"MX",100,1675022.72753815,1549257.64281149,1393699.47335079,984381.548632122,983021.62101546,1165967.0365
"OD",1,-3436.23249568349,-2787.08622148658,-1276.04371549604,18927.3559106638,77486.7199714058,116566.08515625
"OD",2,-3436.23249568349,-2787.08622148658,-1276.04371549604,18927.3559106638,77486.7199714058,116566.08515625
"OD",3,-3436.23249568349,-2787.08622148658,-1276.04371549604,18927.3559106638,77486.7199714058,116566.08515625
"OD",4,-3436.23249568349,-2787.08622148658,-1276.04371549604,18927.3559106638,77486.7199714058,116566.08515625
"OD",5,-3436.23249568349,-2787.08622148658,-1276.04371549604,18927.3559106638,77486.7199714058,116566.08515625
"OD",6,-3436.23249568349,-2787.08622148658,-1276.04371549604,18927.3559106638,77486.7199714058,116566.08515625
"OD",7,-3436.23249568349,-2787.08622148658,-1276.04371549604,18927.3559106638,77486.7199714058,116566.08515625
"OD",8,-3436.23249568349,-2787.08622148658,-1276.04371549604,18927.3559106638,77486.7199714058,116566.08515625
"OD",9,-3436.23249568349,-2787.08622148658,-1276.04371549604,18927.3559106638,77486.7199714058,116566.08515625
"OD",10,-3436.23249568349,-2787.08622148658,-1276.04371549604,18927.3559106638,77486.7199714058,116566.08515625
"OD",11,2391.01992512935,3439.35754644775,6004.16577174515,31305.250302774,98702.1274580254,143321.39453125
"OD",12,2391.01992512935,3439.35754644775,6004.16577174515,31305.250302774,98702.1274580254,143321.39453125
"OD",13,2391.01992512935,3439.35754644775,6004.16577174515,31305.250302774,98702.1274580254,143321.39453125
"OD",14,2391.01992512935,3439.35754644775,6004.16577174515,31305.250302774,98702.1274580254,143321.39453125
"OD",15,2391.01992512935,3439.35754644775,6004.16577174515,31305.250302774,98702.1274580254,143321.39453125
"OD",16,2391.01992512935,3439.35754644775,6004.16577174515,31305.250302774,98702.1274580254,143321.39453125
"OD",17,2391.01992512935,3439.35754644775,6004.16577174515,31305.250302774,98702.1274580254,143321.39453125
"OD",18,2391.01992512935,3439.35754644775,6004.16577174515,31305.250302774,98702.1274580254,143321.39453125
"OD",19,2391.01992512935,3439.35754644775,6004.16577174515,31305.250302774,98702.1274580254,143321.39453125
"OD",20,2391.01992512935,3439.35754644775,6004.16577174515,31305.250302774,98702.1274580254,143321.39453125
"OD",21,2391.01992512935,3439.35754644775,6004.16577174515,31305.250302774,98702.1274580254,143321.39453125
"OD",22,2391.01992512935,3439.35754644775,6004.16577174515,31305.250302774,98702.1274580254,143321.39453125
"OD",23,2391.01992512935,3439.35754644775,6004.16577174515,31305.250302774,98702.1274580254,143321.39453125
"OD",24,2391.01992512935,3439.35754644775,6004.16577174515,31305.250302774,98702.1274580254,143321.39453125
"OD",25,2391.01992512935,3439.35754644775,6004.16577174515,31305.250302774,98702.1274580254,143321.39453125
"OD",26,2391.01992512935,3439.35754644775,6004.16577174515,31305.250302774,98702.1274580254,143321.39453125
"OD",27,2391.01992512935,3439.35754644775,6004.16577174515,31305.250302774,98702.1274580254,143321.39453125
"OD",28,2391.01992512935,3439.35754644775,6004.16577174515,31305.250302774,98702.1274580254,143321.39453125
"OD",29,2391.01992512935,3439.35754644775,6004.16577174515,31305.250302774,98702.1274580254,143321.39453125
"OD",30,2391.01992512935,3439.35754644775,6004.16577174515,31305.250302774,98702.1274580254,143321.39453125
"OD",31,2391.01992512935,3439.35754644775,6004.16577174515,31305.250302774,98702.1274580254,143321.39453125
"OD",32,2391.01992512935,3439.35754644775,6004.16577174515,31305.250302774,98702.1274580254,143321.39453125
"OD",33,2391.01992512935,3439.35754644775,6004.16577174515,31305.250302774,98702.1274580254,143321.39453125
"OD",34,2391.01992512935,3439.35754644775,6004.16577174515,31305.250302774,98702.1274580254,143321.39453125
"OD",35,2391.01992512935,3439.35754644775,6004.16577174515,31305.250302774,98702.1274580254,143321.39453125
"OD",36,2391.01992512935,3439.35754644775,6004.16577174515,31305.250302774,98702.1274580254,143321.39453125
"OD",37,2391.01992512935,3439.35754644775,6004.16577174515,31305.250302774,98702.1274580254,143321.39453125
"OD",38,2391.01992512935,3439.35754644775,6004.16577174515,31305.250302774,98702.1274580254,143321.39453125
"OD",39,2391.01992512935,3439.35754644775,6004.16577174515,31305.250302774,98702.1274580254,143321.39453125
"OD",40,2391.01992512935,3439.35754644775,6004.16577174515,31305.250302774,98702.1274580254,143321.39453125
"OD",41,2391.01992512935,3439.35754644775,6004.16577174515,31305.250302774,98702.1274580254,143321.39453125
"OD",42,2391.01992512935,3439.35754644775,6004.16577174515,31305.250302774,98702.1274580254,143321.39453125
"OD",43,2391.01992512935,3439.35754644775,6004.16577174515,31305.250302774,98702.1274580254,143321.39453125
"OD",44,2391.01992512935,3439.35754644775,6004.16577174515,31305.250302774,98702.1274580254,143321.39453125
"OD",45,2391.01992512935,3439.35754644775,6004.16577174515,31305.250302774,98702.1274580254,143321.39453125
"OD",46,2391.01992512935,3439.35754644775,6004.16577174515,31305.250302774,98702.1274580254,143321.39453125
"OD",47,2391.01992512935,3439.35754644775,6004.16577174515,31305.250302774,98702.1274580254,143321.39453125
"OD",48,2391.01992512935,3439.35754644775,6004.16577174515,31305.250302774,98702.1274580254,143321.39453125
"OD",49,2391.01992512935,3439.35754644775,6004.16577174515,31305.250302774,98702.1274580254,143321.39453125
"OD",50,2391.01992512935,3439.35754644775,6004.16577174515,31305.250302774,98702.1274580254,143321.39453125
"OD",51,19964.0868695003,25055.5328628843,33215.6623845794,82559.7120299093,189076.811370629,257986.876562499
"OD",52,19964.0868695003,25055.5328628843,33215.6623845794,82559.7120299093,189076.811370629,257986.876562499
"OD",53,19964.0868695003,25055.5328628843,33215.6623845794,82559.7120299093,189076.811370629,257986.876562499
"OD",54,19964.0868695003,25055.5328628843,33215.6623845794,82559.7120299093,189076.811370629,257986.876562499
"OD",55,19964.0868695003,25055.5328628843,33215.6623845794,82559.7120299093,189076.811370629,257986.876562499
"OD",56,19964.0868695003,25055.5328628843,33215.6623845794,82559.7120299093,189076.811370629,257986.876562499
"OD",57,19964.0868695003,25055.5328628843,33215.6623845794,82559.7120299093,189076.811370629,257986.876562499
"OD",58,19964.0868695003,25055.5328628843,33215.6623845794,82559.7120299093,189076.811370629,257986.876562499
"OD",59,19964.0868695003,25055.5328628843,33215.6623845794,82559.7120299093,189076.811370629,257986.876562499
"OD",60,19964.0868695003,25055.5328628843,33215.6623845794,82559.7120299093,189076.811370629,257986.876562499
"OD",61,19964.0868695003,25055.5328628843,33215.6623845794,82559.7120299093,189076.811370629,257986.876562499
"OD",62,19964.0868695003,25055.5328628843,33215.6623845794,82559.7120299093,189076.811370629,257986.876562499
"OD",63,19964.0868695003,25055.5328628843,33215.6623845794,82559.7120299093,189076.811370629,257986.876562499
"OD",64,19964.0868695003,25055.5328628843,33215.6623845794,82559.7120299093,189076.811370629,257986.876562499
"OD",65,19964.0868695003,25055.5328628843,33215.6623845794,82559.7120299093,189076.811370629,257986.876562499
"OD",66,19964.0868695003,25055.5328628843,33215.6623845794,82559.7120299093,189076.811370629,257986.876562499
"OD",67,19964.0868695003,25055.5328628843,33215.6623845794,82559.7120299093,189076.811370629,257986.876562499
"OD",68,19964.0868695003,25055.5328628843,33215.6623845794,82559.7120299093,189076.811370629,257986.876562499
"OD",69,19964.0868695003,25055.5328628843,33215.6623845794,82559.7120299093,189076.811370629,257986.876562499
"OD",70,19964.0868695003,25055.5328628843,33215.6623845794,82559.7120299093,189076.811370629,257986.876562499
"OD",71,19964.0868695003,25055.5328628843,33215.6623845794,82559.7120299093,189076.811370629,257986.876562499
"OD",72,19964.0868695003,25055.5328628843,33215.6623845794,82559.7120299093,189076.811370629,257986.876562499
"OD",73,19964.0868695003,25055.5328628843,33215.6623845794,82559.7120299093,189076.811370629,257986.876562499
"OD",74,19964.0868695003,25055.5328628843,33215.6623845794,82559.7120299093,189076.811370629,257986.876562499
"OD",75,19964.0868695003,25055.5328628843,33215.6623845794,82559.7120299093,189076.811370629,257986.876562499
"OD",76,19964.0868695003,25055.5328628843,33215.6623845794,82559.7120299093,189076.811370629,257986.876562499
"OD",77,19964.0868695003,25055.5328628843,33215.6623845794,82559.7120299093,189076.811370629,257986.876562499
"OD",78,19964.0868695003,25055.5328628843,33215.6623845794,82559.7120299093,189076.811370629,257986.876562499
"OD",79,19964.0868695003,25055.5328628843,33215.6623845794,82559.7120299093,189076.811370629,257986.876562499
"OD",80,19964.0868695003,25055.5328628843,33215.6623845794,82559.7120299093,189076.811370629,257986.876562499
"OD",81,19964.0868695003,25055.5328628843,33215.6623845794,82559.7120299093,189076.811370629,257986.876562499
"OD",82,19964.0868695003,25055.5328628843,33215.6623845794,82559.7120299093,189076.811370629,257986.876562499
"OD",83,19964.0868695003,25055.5328628843,33215.6623845794,82559.7120299093,189076.811370629,257986.876562499
"OD",84,19964.0868695003,25055.5328628843,33215.6623845794,82559.7120299093,189076.811370629,257986.876562499
"OD",85,19964.0868695003,25055.5328628843,33215.6623845794,82559.7120299093,189076.811370629,257986.876562499
"OD",86,19964.0868695003,25055.5328628843,33215.6623845794,82559.7120299093,189076.811370629,257986.876562499
"OD",87,19964.0868695003,25055.5328628843,33215.6623845794,82559.7120299093,189076.811370629,257986.876562499
"OD",88,19964.0868695003,25055.5328628843,33215.6623845794,82559.7120299093,189076.811370629,257986.876562499
"OD",89,19964.0868695003,25055.5328628843,33215.6623845794,82559.7120299093,189076.811370629,257986.876562499
"OD",90,19964.0868695003,25055.5328628843,33215.6623845794,82559.7120299093,189076.811370629,257986.876562499
"OD",91,111505.151587704,149081.032127316,186131.844971357,300946.716362443,463977.901796031,552485.888888888
"OD",92,111505.151587704,149081.032127316,186131.844971357,300946.716362443,463977.901796031,552485.888888888
"OD",93,111505.151587704,149081.032127316,186131.844971357,300946.716362443,463977.901796031,552485.888888888
"OD",94,111505.151587704,149081.032127316,186131.844971357,300946.716362443,463977.901796031,552485.888888888
"OD",95,111505.151587704,149081.032127316,186131.844971357,300946.716362443,463977.901796031,552485.888888888
"OD",96,111505.151587704,149081.032127316,186131.844971357,300946.716362443,463977.901796031,552485.888888888
"OD",97,111505.151587704,149081.032127316,186131.844971357,300946.716362443,463977.901796031,552485.888888888
"OD",98,111505.151587704,149081.032127316,186131.844971357,300946.716362443,463977.901796031,552485.888888888
"OD",99,111505.151587704,149081.032127316,186131.844971357,300946.716362443,463977.901796031,552485.888888888
"OD",100,955158.487248722,1062758.0348162,1105147.46165589,1101120.25193392,1152970.73855031,1209635.583625
"AE",1,-21465.6042262137,-17826.7206960899,-10326.6471901252,65779.4681892327,113887.507401831,103958.2578125
"AE",2,-21465.6042262137,-17826.7206960899,-10326.6471901252,65779.4681892327,113887.507401831,103958.2578125
"AE",3,-21465.6042262137,-17826.7206960899,-10326.6471901252,65779.4681892327,113887.507401831,103958.2578125
"AE",4,-21465.6042262137,-17826.7206960899,-10326.6471901252,65779.4681892327,113887.507401831,103958.2578125
"AE",5,-21465.6042262137,-17826.7206960899,-10326.6471901252,65779.4681892327,113887.507401831,103958.2578125
"AE",6,-21465.6042262137,-17826.7206960899,-10326.6471901252,65779.4681892327,113887.507401831,103958.2578125
"AE",7,-21465.6042262137,-17826.7206960899,-10326.6471901252,65779.4681892327,113887.507401831,103958.2578125
"AE",8,-21465.6042262137,-17826.7206960899,-10326.6471901252,65779.4681892327,113887.507401831,103958.2578125
"AE",9,-21465.6042262137,-17826.7206960899,-10326.6471901252,65779.4681892327,113887.507401831,103958.2578125
"AE",10,-21465.6042262137,-17826.7206960899,-10326.6471901252,65779.4681892327,113887.507401831,103958.2578125
"AE",11,24186.5386421363,30860.1702660242,42926.2995928128,135445.574765064,164417.798928507,139315.898632813
"AE",12,24186.5386421363,30860.1702660242,42926.2995928128,135445.574765064,164417.798928507,139315.898632813
"AE",13,24186.5386421363,30860.1702660242,42926.2995928128,135445.574765064,164417.798928507,139315.898632813
"AE",14,24186.5386421363,30860.1702660242,42926.2995928128,135445.574765064,164417.798928507,139315.898632813
"AE",15,24186.5386421363,30860.1702660242,42926.2995928128,135445.574765064,164417.798928507,139315.898632813
"AE",16,24186.5386421363,30860.1702660242,42926.2995928128,135445.574765064,164417.798928507,139315.898632813
"AE",17,24186.5386421363,30860.1702660242,42926.2995928128,135445.574765064,164417.798928507,139315.898632813
"AE",18,24186.5386421363,30860.1702660242,42926.2995928128,135445.574765064,164417.798928507,139315.898632813
"AE",19,24186.5386421363,30860.1702660242,42926.2995928128,135445.574765064,164417.798928507,139315.898632813
"AE",20,24186.5386421363,30860.1702660242,42926.2995928128,135445.574765064,164417.798928507,139315.898632813
"AE",21,24186.5386421363,30860.1702660242,42926.2995928128,135445.574765064,164417.798928507,139315.898632813
"AE",22,24186.5386421363,30860.1702660242,42926.2995928128,135445.574765064,164417.798928507,139315.898632813
"AE",23,24186.5386421363,30860.1702660242,42926.2995928128,135445.574765064,164417.798928507,139315.898632813
"AE",24,24186.5386421363,30860.1702660242,42926.2995928128,135445.574765064,164417.798928507,139315.898632813
"AE",25,24186.5386421363,30860.1702660242,42926.2995928128,135445.574765064,164417.798928507,139315.898632813
"AE",26,24186.5386421363,30860.1702660242,42926.2995928128,135445.574765064,164417.798928507,139315.898632813
"AE",27,24186.5386421363,30860.1702660242,42926.2995928128,135445.574765064,164417.798928507,139315.898632813
"AE",28,24186.5386421363,30860.1702660242,42926.2995928128,135445.574765064,164417.798928507,139315.898632813
"AE",29,24186.5386421363,30860.1702660242,42926.2995928128,135445.574765064,164417.798928507,139315.898632813
"AE",30,24186.5386421363,30860.1702660242,42926.2995928128,135445.574765064,164417.798928507,139315.898632813
"AE",31,24186.5386421363,30860.1702660242,42926.2995928128,135445.574765064,164417.798928507,139315.898632813
"AE",32,24186.5386421363,30860.1702660242,42926.2995928128,135445.574765064,164417.798928507,139315.898632813
"AE",33,24186.5386421363,30860.1702660242,42926.2995928128,135445.574765064,164417.798928507,139315.898632813
"AE",34,24186.5386421363,30860.1702660242,42926.2995928128,135445.574765064,164417.798928507,139315.898632813
"AE",35,24186.5386421363,30860.1702660242,42926.2995928128,135445.574765064,164417.798928507,139315.898632813
"AE",36,24186.5386421363,30860.1702660242,42926.2995928128,135445.574765064,164417.798928507,139315.898632813
"AE",37,24186.5386421363,30860.1702660242,42926.2995928128,135445.574765064,164417.798928507,139315.898632813
"AE",38,24186.5386421363,30860.1702660242,42926.2995928128,135445.574765064,164417.798928507,139315.898632813
"AE",39,24186.5386421363,30860.1702660242,42926.2995928128,135445.574765064,164417.798928507,139315.898632813
"AE",40,24186.5386421363,30860.1702660242,42926.2995928128,135445.574765064,164417.798928507,139315.898632813
"AE",41,24186.5386421363,30860.1702660242,42926.2995928128,135445.574765064,164417.798928507,139315.898632813
"AE",42,24186.5386421363,30860.1702660242,42926.2995928128,135445.574765064,164417.798928507,139315.898632813
"AE",43,24186.5386421363,30860.1702660242,42926.2995928128,135445.574765064,164417.798928507,139315.898632813
"AE",44,24186.5386421363,30860.1702660242,42926.2995928128,135445.574765064,164417.798928507,139315.898632813
"AE",45,24186.5386421363,30860.1702660242,42926.2995928128,135445.574765064,164417.798928507,139315.898632813
"AE",46,24186.5386421363,30860.1702660242,42926.2995928128,135445.574765064,164417.798928507,139315.898632813
"AE",47,24186.5386421363,30860.1702660242,42926.2995928128,135445.574765064,164417.798928507,139315.898632813
"AE",48,24186.5386421363,30860.1702660242,42926.2995928128,135445.574765064,164417.798928507,139315.898632813
"AE",49,24186.5386421363,30860.1702660242,42926.2995928128,135445.574765064,164417.798928507,139315.898632813
"AE",50,24186.5386421363,30860.1702660242,42926.2995928128,135445.574765064,164417.798928507,139315.898632813
"AE",51,155310.072646919,175428.403533277,202844.149905531,357606.317114958,339198.301477444,267652.16640625
"AE",52,155310.072646919,175428.403533277,202844.149905531,357606.317114958,339198.301477444,267652.16640625
"AE",53,155310.072646919,175428.403533277,202844.149905531,357606.317114958,339198.301477444,267652.16640625
"AE",54,155310.072646919,175428.403533277,202844.149905531,357606.317114958,339198.301477444,267652.16640625
"AE",55,155310.072646919,175428.403533277,202844.149905531,357606.317114958,339198.301477444,267652.16640625
"AE",56,155310.072646919,175428.403533277,202844.149905531,357606.317114958,339198.301477444,267652.16640625
"AE",57,155310.072646919,175428.403533277,202844.149905531,357606.317114958,339198.301477444,267652.16640625
"AE",58,155310.072646919,175428.403533277,202844.149905531,357606.317114958,339198.301477444,267652.16640625
"AE",59,155310.072646919,175428.403533277,202844.149905531,357606.317114958,339198.301477444,267652.16640625
"AE",60,155310.072646919,175428.403533277,202844.149905531,357606.317114958,339198.301477444,267652.16640625
"AE",61,155310.072646919,175428.403533277,202844.149905531,357606.317114958,339198.301477444,267652.16640625
"AE",62,155310.072646919,175428.403533277,202844.149905531,357606.317114958,339198.301477444,267652.16640625
"AE",63,155310.072646919,175428.403533277,202844.149905531,357606.317114958,339198.301477444,267652.16640625
"AE",64,155310.072646919,175428.403533277,202844.149905531,357606.317114958,339198.301477444,267652.16640625
"AE",65,155310.072646919,175428.403533277,202844.149905531,357606.317114958,339198.301477444,267652.16640625
"AE",66,155310.072646919,175428.403533277,202844.149905531,357606.317114958,339198.301477444,267652.16640625
"AE",67,155310.072646919,175428.403533277,202844.149905531,357606.317114958,339198.301477444,267652.16640625
"AE",68,155310.072646919,175428.403533277,202844.149905531,357606.317114958,339198.301477444,267652.16640625
"AE",69,155310.072646919,175428.403533277,202844.149905531,357606.317114958,339198.301477444,267652.16640625
"AE",70,155310.072646919,175428.403533277,202844.149905531,357606.317114958,339198.301477444,267652.16640625
"AE",71,155310.072646919,175428.403533277,202844.149905531,357606.317114958,339198.301477444,267652.16640625
"AE",72,155310.072646919,175428.403533277,202844.149905531,357606.317114958,339198.301477444,267652.16640625
"AE",73,155310.072646919,175428.403533277,202844.149905531,357606.317114958,339198.301477444,267652.16640625
"AE",74,155310.072646919,175428.403533277,202844.149905531,357606.317114958,339198.301477444,267652.16640625
"AE",75,155310.072646919,175428.403533277,202844.149905531,357606.317114958,339198.301477444,267652.16640625
"AE",76,155310.072646919,175428.403533277,202844.149905531,357606.317114958,339198.301477444,267652.16640625
"AE",77,155310.072646919,175428.403533277,202844.149905531,357606.317114958,339198.301477444,267652.16640625
"AE",78,155310.072646919,175428.403533277,202844.149905531,357606.317114958,339198.301477444,267652.16640625
"AE",79,155310.072646919,175428.403533277,202844.149905531,357606.317114958,339198.301477444,267652.16640625
"AE",80,155310.072646919,175428.403533277,202844.149905531,357606.317114958,339198.301477444,267652.16640625
"AE",81,155310.072646919,175428.403533277,202844.149905531,357606.317114958,339198.301477444,267652.16640625
"AE",82,155310.072646919,175428.403533277,202844.149905531,357606.317114958,339198.301477444,267652.16640625
"AE",83,155310.072646919,175428.403533277,202844.149905531,357606.317114958,339198.301477444,267652.16640625
"AE",84,155310.072646919,175428.403533277,202844.149905531,357606.317114958,339198.301477444,267652.16640625
"AE",85,155310.072646919,175428.403533277,202844.149905531,357606.317114958,339198.301477444,267652.16640625
"AE",86,155310.072646919,175428.403533277,202844.149905531,357606.317114958,339198.301477444,267652.16640625
"AE",87,155310.072646919,175428.403533277,202844.149905531,357606.317114958,339198.301477444,267652.16640625
"AE",88,155310.072646919,175428.403533277,202844.149905531,357606.317114958,339198.301477444,267652.16640625
"AE",89,155310.072646919,175428.403533277,202844.149905531,357606.317114958,339198.301477444,267652.16640625
"AE",90,155310.072646919,175428.403533277,202844.149905531,357606.317114958,339198.301477444,267652.16640625
"AE",91,701868.681837354,823313.142165147,891998.819212566,1048701.75064776,799563.04280881,582969.791666668
"AE",92,701868.681837354,823313.142165147,891998.819212566,1048701.75064776,799563.04280881,582969.791666668
"AE",93,701868.681837354,823313.142165147,891998.819212566,1048701.75064776,799563.04280881,582969.791666668
"AE",94,701868.681837354,823313.142165147,891998.819212566,1048701.75064776,799563.04280881,582969.791666668
"AE",95,701868.681837354,823313.142165147,891998.819212566,1048701.75064776,799563.04280881,582969.791666668
"AE",96,701868.681837354,823313.142165147,891998.819212566,1048701.75064776,799563.04280881,582969.791666668
"AE",97,701868.681837354,823313.142165147,891998.819212566,1048701.75064776,799563.04280881,582969.791666668
"AE",98,701868.681837354,823313.142165147,891998.819212566,1048701.75064776,799563.04280881,582969.791666668
"AE",99,701868.681837354,823313.142165147,891998.819212566,1048701.75064776,799563.04280881,582969.791666668
"AE",100,5182450.01946692,4421172.26511458,3704150.82394291,2325180.42952513,1074216.98123937,834966.613000002
"DZ",1,-3889.44639347668,-2782.74059030414,-57.0620441651264,24079.4214342007,83063.6160167783,124465.20625
"DZ",2,-3889.44639347668,-2782.74059030414,-57.0620441651264,24079.4214342007,83063.6160167783,124465.20625
"DZ",3,-3889.44639347668,-2782.74059030414,-57.0620441651264,24079.4214342007,83063.6160167783,124465.20625
"DZ",4,-3889.44639347668,-2782.74059030414,-57.0620441651264,24079.4214342007,83063.6160167783,124465.20625
"DZ",5,-3889.44639347668,-2782.74059030414,-57.0620441651264,24079.4214342007,83063.6160167783,124465.20625
"DZ",6,-3889.44639347668,-2782.74059030414,-57.0620441651264,24079.4214342007,83063.6160167783,124465.20625
"DZ",7,-3889.44639347668,-2782.74059030414,-57.0620441651264,24079.4214342007,83063.6160167783,124465.20625
"DZ",8,-3889.44639347668,-2782.74059030414,-57.0620441651264,24079.4214342007,83063.6160167783,124465.20625
"DZ",9,-3889.44639347668,-2782.74059030414,-57.0620441651264,24079.4214342007,83063.6160167783,124465.20625
"DZ",10,-3889.44639347668,-2782.74059030414,-57.0620441651264,24079.4214342007,83063.6160167783,124465.20625
"DZ",11,4367.43817446582,6512.71382500961,10605.3596907553,39117.3769206338,105477.151926668,152249.982226562
"DZ",12,4367.43817446582,6512.71382500961,10605.3596907553,39117.3769206338,105477.151926668,152249.982226562
"DZ",13,4367.43817446582,6512.71382500961,10605.3596907553,39117.3769206338,105477.151926668,152249.982226562
"DZ",14,4367.43817446582,6512.71382500961,10605.3596907553,39117.3769206338,105477.151926668,152249.982226562
"DZ",15,4367.43817446582,6512.71382500961,10605.3596907553,39117.3769206338,105477.151926668,152249.982226562
"DZ",16,4367.43817446582,6512.71382500961,10605.3596907553,39117.3769206338,105477.151926668,152249.982226562
"DZ",17,4367.43817446582,6512.71382500961,10605.3596907553,39117.3769206338,105477.151926668,152249.982226562
"DZ",18,4367.43817446582,6512.71382500961,10605.3596907553,39117.3769206338,105477.151926668,152249.982226562
"DZ",19,4367.43817446582,6512.71382500961,10605.3596907553,39117.3769206338,105477.151926668,152249.982226562
"DZ",20,4367.43817446582,6512.71382500961,10605.3596907553,39117.3769206338,105477.151926668,152249.982226562
"DZ",21,4367.43817446582,6512.71382500961,10605.3596907553,39117.3769206338,105477.151926668,152249.982226562
"DZ",22,4367.43817446582,6512.71382500961,10605.3596907553,39117.3769206338,105477.151926668,152249.982226562
"DZ",23,4367.43817446582,6512.71382500961,10605.3596907553,39117.3769206338,105477.151926668,152249.982226562
"DZ",24,4367.43817446582,6512.71382500961,10605.3596907553,39117.3769206338,105477.151926668,152249.982226562
"DZ",25,4367.43817446582,6512.71382500961,10605.3596907553,39117.3769206338,105477.151926668,152249.982226562
"DZ",26,4367.43817446582,6512.71382500961,10605.3596907553,39117.3769206338,105477.151926668,152249.982226562
"DZ",27,4367.43817446582,6512.71382500961,10605.3596907553,39117.3769206338,105477.151926668,152249.982226562
"DZ",28,4367.43817446582,6512.71382500961,10605.3596907553,39117.3769206338,105477.151926668,152249.982226562
"DZ",29,4367.43817446582,6512.71382500961,10605.3596907553,39117.3769206338,105477.151926668,152249.982226562
"DZ",30,4367.43817446582,6512.71382500961,10605.3596907553,39117.3769206338,105477.151926668,152249.982226562
"DZ",31,4367.43817446582,6512.71382500961,10605.3596907553,39117.3769206338,105477.151926668,152249.982226562
"DZ",32,4367.43817446582,6512.71382500961,10605.3596907553,39117.3769206338,105477.151926668,152249.982226562
"DZ",33,4367.43817446582,6512.71382500961,10605.3596907553,39117.3769206338,105477.151926668,152249.982226562
"DZ",34,4367.43817446582,6512.71382500961,10605.3596907553,39117.3769206338,105477.151926668,152249.982226562
"DZ",35,4367.43817446582,6512.71382500961,10605.3596907553,39117.3769206338,105477.151926668,152249.982226562
"DZ",36,4367.43817446582,6512.71382500961,10605.3596907553,39117.3769206338,105477.151926668,152249.982226562
"DZ",37,4367.43817446582,6512.71382500961,10605.3596907553,39117.3769206338,105477.151926668,152249.982226562
"DZ",38,4367.43817446582,6512.71382500961,10605.3596907553,39117.3769206338,105477.151926668,152249.982226562
"DZ",39,4367.43817446582,6512.71382500961,10605.3596907553,39117.3769206338,105477.151926668,152249.982226562
"DZ",40,4367.43817446582,6512.71382500961,10605.3596907553,39117.3769206338,105477.151926668,152249.982226562
"DZ",41,4367.43817446582,6512.71382500961,10605.3596907553,39117.3769206338,105477.151926668,152249.982226562
"DZ",42,4367.43817446582,6512.71382500961,10605.3596907553,39117.3769206338,105477.151926668,152249.982226562
"DZ",43,4367.43817446582,6512.71382500961,10605.3596907553,39117.3769206338,105477.151926668,152249.982226562
"DZ",44,4367.43817446582,6512.71382500961,10605.3596907553,39117.3769206338,105477.151926668,152249.982226562
"DZ",45,4367.43817446582,6512.71382500961,10605.3596907553,39117.3769206338,105477.151926668,152249.982226562
"DZ",46,4367.43817446582,6512.71382500961,10605.3596907553,39117.3769206338,105477.151926668,152249.982226562
"DZ",47,4367.43817446582,6512.71382500961,10605.3596907553,39117.3769206338,105477.151926668,152249.982226562
"DZ",48,4367.43817446582,6512.71382500961,10605.3596907553,39117.3769206338,105477.151926668,152249.982226562
"DZ",49,4367.43817446582,6512.71382500961,10605.3596907553,39117.3769206338,105477.151926668,152249.982226562
"DZ",50,4367.43817446582,6512.71382500961,10605.3596907553,39117.3769206338,105477.151926668,152249.982226562
"DZ",51,28059.8328826023,32387.4930420727,39726.905346746,83777.474345271,184358.370305433,258297.72109375
"DZ",52,28059.8328826023,32387.4930420727,39726.905346746,83777.474345271,184358.370305433,258297.72109375
"DZ",53,28059.8328826023,32387.4930420727,39726.905346746,83777.474345271,184358.370305433,258297.72109375
"DZ",54,28059.8328826023,32387.4930420727,39726.905346746,83777.474345271,184358.370305433,258297.72109375
"DZ",55,28059.8328826023,32387.4930420727,39726.905346746,83777.474345271,184358.370305433,258297.72109375
"DZ",56,28059.8328826023,32387.4930420727,39726.905346746,83777.474345271,184358.370305433,258297.72109375
"DZ",57,28059.8328826023,32387.4930420727,39726.905346746,83777.474345271,184358.370305433,258297.72109375
"DZ",58,28059.8328826023,32387.4930420727,39726.905346746,83777.474345271,184358.370305433,258297.72109375
"DZ",59,28059.8328826023,32387.4930420727,39726.905346746,83777.474345271,184358.370305433,258297.72109375
"DZ",60,28059.8328826023,32387.4930420727,39726.905346746,83777.474345271,184358.370305433,258297.72109375
"DZ",61,28059.8328826023,32387.4930420727,39726.905346746,83777.474345271,184358.370305433,258297.72109375
"DZ",62,28059.8328826023,32387.4930420727,39726.905346746,83777.474345271,184358.370305433,258297.72109375
"DZ",63,28059.8328826023,32387.4930420727,39726.905346746,83777.474345271,184358.370305433,258297.72109375
"DZ",64,28059.8328826023,32387.4930420727,39726.905346746,83777.474345271,184358.370305433,258297.72109375
"DZ",65,28059.8328826023,32387.4930420727,39726.905346746,83777.474345271,184358.370305433,258297.72109375
"DZ",66,28059.8328826023,32387.4930420727,39726.905346746,83777.474345271,184358.370305433,258297.72109375
"DZ",67,28059.8328826023,32387.4930420727,39726.905346746,83777.474345271,184358.370305433,258297.72109375
"DZ",68,28059.8328826023,32387.4930420727,39726.905346746,83777.474345271,184358.370305433,258297.72109375
"DZ",69,28059.8328826023,32387.4930420727,39726.905346746,83777.474345271,184358.370305433,258297.72109375
"DZ",70,28059.8328826023,32387.4930420727,39726.905346746,83777.474345271,184358.370305433,258297.72109375
"DZ",71,28059.8328826023,32387.4930420727,39726.905346746,83777.474345271,184358.370305433,258297.72109375
"DZ",72,28059.8328826023,32387.4930420727,39726.905346746,83777.474345271,184358.370305433,258297.72109375
"DZ",73,28059.8328826023,32387.4930420727,39726.905346746,83777.474345271,184358.370305433,258297.72109375
"DZ",74,28059.8328826023,32387.4930420727,39726.905346746,83777.474345271,184358.370305433,258297.72109375
"DZ",75,28059.8328826023,32387.4930420727,39726.905346746,83777.474345271,184358.370305433,258297.72109375
"DZ",76,28059.8328826023,32387.4930420727,39726.905346746,83777.474345271,184358.370305433,258297.72109375
"DZ",77,28059.8328826023,32387.4930420727,39726.905346746,83777.474345271,184358.370305433,258297.72109375
"DZ",78,28059.8328826023,32387.4930420727,39726.905346746,83777.474345271,184358.370305433,258297.72109375
"DZ",79,28059.8328826023,32387.4930420727,39726.905346746,83777.474345271,184358.370305433,258297.72109375
"DZ",80,28059.8328826023,32387.4930420727,39726.905346746,83777.474345271,184358.370305433,258297.72109375
"DZ",81,28059.8328826023,32387.4930420727,39726.905346746,83777.474345271,184358.370305433,258297.72109375
"DZ",82,28059.8328826023,32387.4930420727,39726.905346746,83777.474345271,184358.370305433,258297.72109375
"DZ",83,28059.8328826023,32387.4930420727,39726.905346746,83777.474345271,184358.370305433,258297.72109375
"DZ",84,28059.8328826023,32387.4930420727,39726.905346746,83777.474345271,184358.370305433,258297.72109375
"DZ",85,28059.8328826023,32387.4930420727,39726.905346746,83777.474345271,184358.370305433,258297.72109375
"DZ",86,28059.8328826023,32387.4930420727,39726.905346746,83777.474345271,184358.370305433,258297.72109375
"DZ",87,28059.8328826023,32387.4930420727,39726.905346746,83777.474345271,184358.370305433,258297.72109375
"DZ",88,28059.8328826023,32387.4930420727,39726.905346746,83777.474345271,184358.370305433,258297.72109375
"DZ",89,28059.8328826023,32387.4930420727,39726.905346746,83777.474345271,184358.370305433,258297.72109375
"DZ",90,28059.8328826023,32387.4930420727,39726.905346746,83777.474345271,184358.370305433,258297.72109375
"DZ",91,127001.556613317,152945.265231958,179480.939226496,264299.776411713,411264.451440046,510343.086805557
"DZ",92,127001.556613317,152945.265231958,179480.939226496,264299.776411713,411264.451440046,510343.086805557
"DZ",93,127001.556613317,152945.265231958,179480.939226496,264299.776411713,411264.451440046,510343.086805557
"DZ",94,127001.556613317,152945.265231958,179480.939226496,264299.776411713,411264.451440046,510343.086805557
"DZ",95,127001.556613317,152945.265231958,179480.939226496,264299.776411713,411264.451440046,510343.086805557
"DZ",96,127001.556613317,152945.265231958,179480.939226496,264299.776411713,411264.451440046,510343.086805557
"DZ",97,127001.556613317,152945.265231958,179480.939226496,264299.776411713,411264.451440046,510343.086805557
"DZ",98,127001.556613317,152945.265231958,179480.939226496,264299.776411713,411264.451440046,510343.086805557
"DZ",99,127001.556613317,152945.265231958,179480.939226496,264299.776411713,411264.451440046,510343.086805557
"DZ",100,927468.323546796,1060117.92247546,1114643.51017702,1074922.88282243,1090585.29842361,1140351.9755
"EG",1,-3404.98257274433,-2262.31255724963,202.951451806002,17226.1735357994,73532.4443020018,128359.214843749
"EG",2,-3404.98257274433,-2262.31255724963,202.951451806002,17226.1735357994,73532.4443020018,128359.214843749
"EG",3,-3404.98257274433,-2262.31255724963,202.951451806002,17226.1735357994,73532.4443020018,128359.214843749
"EG",4,-3404.98257274433,-2262.31255724963,202.951451806002,17226.1735357994,73532.4443020018,128359.214843749
"EG",5,-3404.98257274433,-2262.31255724963,202.951451806002,17226.1735357994,73532.4443020018,128359.214843749
"EG",6,-3404.98257274433,-2262.31255724963,202.951451806002,17226.1735357994,73532.4443020018,128359.214843749
"EG",7,-3404.98257274433,-2262.31255724963,202.951451806002,17226.1735357994,73532.4443020018,128359.214843749
"EG",8,-3404.98257274433,-2262.31255724963,202.951451806002,17226.1735357994,73532.4443020018,128359.214843749
"EG",9,-3404.98257274433,-2262.31255724963,202.951451806002,17226.1735357994,73532.4443020018,128359.214843749
"EG",10,-3404.98257274433,-2262.31255724963,202.951451806002,17226.1735357994,73532.4443020018,128359.214843749
"EG",11,3995.91491709389,5928.61074766941,9232.21196711006,27803.8562887289,91170.3153645167,154713.335156249
"EG",12,3995.91491709389,5928.61074766941,9232.21196711006,27803.8562887289,91170.3153645167,154713.335156249
"EG",13,3995.91491709389,5928.61074766941,9232.21196711006,27803.8562887289,91170.3153645167,154713.335156249
"EG",14,3995.91491709389,5928.61074766941,9232.21196711006,27803.8562887289,91170.3153645167,154713.335156249
"EG",15,3995.91491709389,5928.61074766941,9232.21196711006,27803.8562887289,91170.3153645167,154713.335156249
"EG",16,3995.91491709389,5928.61074766941,9232.21196711006,27803.8562887289,91170.3153645167,154713.335156249
"EG",17,3995.91491709389,5928.61074766941,9232.21196711006,27803.8562887289,91170.3153645167,154713.335156249
"EG",18,3995.91491709389,5928.61074766941,9232.21196711006,27803.8562887289,91170.3153645167,154713.335156249
"EG",19,3995.91491709389,5928.61074766941,9232.21196711006,27803.8562887289,91170.3153645167,154713.335156249
"EG",20,3995.91491709389,5928.61074766941,9232.21196711006,27803.8562887289,91170.3153645167,154713.335156249
"EG",21,3995.91491709389,5928.61074766941,9232.21196711006,27803.8562887289,91170.3153645167,154713.335156249
"EG",22,3995.91491709389,5928.61074766941,9232.21196711006,27803.8562887289,91170.3153645167,154713.335156249
"EG",23,3995.91491709389,5928.61074766941,9232.21196711006,27803.8562887289,91170.3153645167,154713.335156249
"EG",24,3995.91491709389,5928.61074766941,9232.21196711006,27803.8562887289,91170.3153645167,154713.335156249
"EG",25,3995.91491709389,5928.61074766941,9232.21196711006,27803.8562887289,91170.3153645167,154713.335156249
"EG",26,3995.91491709389,5928.61074766941,9232.21196711006,27803.8562887289,91170.3153645167,154713.335156249
"EG",27,3995.91491709389,5928.61074766941,9232.21196711006,27803.8562887289,91170.3153645167,154713.335156249
"EG",28,3995.91491709389,5928.61074766941,9232.21196711006,27803.8562887289,91170.3153645167,154713.335156249
"EG",29,3995.91491709389,5928.61074766941,9232.21196711006,27803.8562887289,91170.3153645167,154713.335156249
"EG",30,3995.91491709389,5928.61074766941,9232.21196711006,27803.8562887289,91170.3153645167,154713.335156249
"EG",31,3995.91491709389,5928.61074766941,9232.21196711006,27803.8562887289,91170.3153645167,154713.335156249
"EG",32,3995.91491709389,5928.61074766941,9232.21196711006,27803.8562887289,91170.3153645167,154713.335156249
"EG",33,3995.91491709389,5928.61074766941,9232.21196711006,27803.8562887289,91170.3153645167,154713.335156249
"EG",34,3995.91491709389,5928.61074766941,9232.21196711006,27803.8562887289,91170.3153645167,154713.335156249
"EG",35,3995.91491709389,5928.61074766941,9232.21196711006,27803.8562887289,91170.3153645167,154713.335156249
"EG",36,3995.91491709389,5928.61074766941,9232.21196711006,27803.8562887289,91170.3153645167,154713.335156249
"EG",37,3995.91491709389,5928.61074766941,9232.21196711006,27803.8562887289,91170.3153645167,154713.335156249
"EG",38,3995.91491709389,5928.61074766941,9232.21196711006,27803.8562887289,91170.3153645167,154713.335156249
"EG",39,3995.91491709389,5928.61074766941,9232.21196711006,27803.8562887289,91170.3153645167,154713.335156249
"EG",40,3995.91491709389,5928.61074766941,9232.21196711006,27803.8562887289,91170.3153645167,154713.335156249
"EG",41,3995.91491709389,5928.61074766941,9232.21196711006,27803.8562887289,91170.3153645167,154713.335156249
"EG",42,3995.91491709389,5928.61074766941,9232.21196711006,27803.8562887289,91170.3153645167,154713.335156249
"EG",43,3995.91491709389,5928.61074766941,9232.21196711006,27803.8562887289,91170.3153645167,154713.335156249
"EG",44,3995.91491709389,5928.61074766941,9232.21196711006,27803.8562887289,91170.3153645167,154713.335156249
"EG",45,3995.91491709389,5928.61074766941,9232.21196711006,27803.8562887289,91170.3153645167,154713.335156249
"EG",46,3995.91491709389,5928.61074766941,9232.21196711006,27803.8562887289,91170.3153645167,154713.335156249
"EG",47,3995.91491709389,5928.61074766941,9232.21196711006,27803.8562887289,91170.3153645167,154713.335156249
"EG",48,3995.91491709389,5928.61074766941,9232.21196711006,27803.8562887289,91170.3153645167,154713.335156249
"EG",49,3995.91491709389,5928.61074766941,9232.21196711006,27803.8562887289,91170.3153645167,154713.335156249
"EG",50,3995.91491709389,5928.61074766941,9232.21196711006,27803.8562887289,91170.3153645167,154713.335156249
"EG",51,25477.1206595327,29503.7844033407,35140.9287022185,61188.0260225934,157266.249379857,260192.310546874
"EG",52,25477.1206595327,29503.7844033407,35140.9287022185,61188.0260225934,157266.249379857,260192.310546874
"EG",53,25477.1206595327,29503.7844033407,35140.9287022185,61188.0260225934,157266.249379857,260192.310546874
"EG",54,25477.1206595327,29503.7844033407,35140.9287022185,61188.0260225934,157266.249379857,260192.310546874
"EG",55,25477.1206595327,29503.7844033407,35140.9287022185,61188.0260225934,157266.249379857,260192.310546874
"EG",56,25477.1206595327,29503.7844033407,35140.9287022185,61188.0260225934,157266.249379857,260192.310546874
"EG",57,25477.1206595327,29503.7844033407,35140.9287022185,61188.0260225934,157266.249379857,260192.310546874
"EG",58,25477.1206595327,29503.7844033407,35140.9287022185,61188.0260225934,157266.249379857,260192.310546874
"EG",59,25477.1206595327,29503.7844033407,35140.9287022185,61188.0260225934,157266.249379857,260192.310546874
"EG",60,25477.1206595327,29503.7844033407,35140.9287022185,61188.0260225934,157266.249379857,260192.310546874
"EG",61,25477.1206595327,29503.7844033407,35140.9287022185,61188.0260225934,157266.249379857,260192.310546874
"EG",62,25477.1206595327,29503.7844033407,35140.9287022185,61188.0260225934,157266.249379857,260192.310546874
"EG",63,25477.1206595327,29503.7844033407,35140.9287022185,61188.0260225934,157266.249379857,260192.310546874
"EG",64,25477.1206595327,29503.7844033407,35140.9287022185,61188.0260225934,157266.249379857,260192.310546874
"EG",65,25477.1206595327,29503.7844033407,35140.9287022185,61188.0260225934,157266.249379857,260192.310546874
"EG",66,25477.1206595327,29503.7844033407,35140.9287022185,61188.0260225934,157266.249379857,260192.310546874
"EG",67,25477.1206595327,29503.7844033407,35140.9287022185,61188.0260225934,157266.249379857,260192.310546874
"EG",68,25477.1206595327,29503.7844033407,35140.9287022185,61188.0260225934,157266.249379857,260192.310546874
"EG",69,25477.1206595327,29503.7844033407,35140.9287022185,61188.0260225934,157266.249379857,260192.310546874
"EG",70,25477.1206595327,29503.7844033407,35140.9287022185,61188.0260225934,157266.249379857,260192.310546874
"EG",71,25477.1206595327,29503.7844033407,35140.9287022185,61188.0260225934,157266.249379857,260192.310546874
"EG",72,25477.1206595327,29503.7844033407,35140.9287022185,61188.0260225934,157266.249379857,260192.310546874
"EG",73,25477.1206595327,29503.7844033407,35140.9287022185,61188.0260225934,157266.249379857,260192.310546874
"EG",74,25477.1206595327,29503.7844033407,35140.9287022185,61188.0260225934,157266.249379857,260192.310546874
"EG",75,25477.1206595327,29503.7844033407,35140.9287022185,61188.0260225934,157266.249379857,260192.310546874
"EG",76,25477.1206595327,29503.7844033407,35140.9287022185,61188.0260225934,157266.249379857,260192.310546874
"EG",77,25477.1206595327,29503.7844033407,35140.9287022185,61188.0260225934,157266.249379857,260192.310546874
"EG",78,25477.1206595327,29503.7844033407,35140.9287022185,61188.0260225934,157266.249379857,260192.310546874
"EG",79,25477.1206595327,29503.7844033407,35140.9287022185,61188.0260225934,157266.249379857,260192.310546874
"EG",80,25477.1206595327,29503.7844033407,35140.9287022185,61188.0260225934,157266.249379857,260192.310546874
"EG",81,25477.1206595327,29503.7844033407,35140.9287022185,61188.0260225934,157266.249379857,260192.310546874
"EG",82,25477.1206595327,29503.7844033407,35140.9287022185,61188.0260225934,157266.249379857,260192.310546874
"EG",83,25477.1206595327,29503.7844033407,35140.9287022185,61188.0260225934,157266.249379857,260192.310546874
"EG",84,25477.1206595327,29503.7844033407,35140.9287022185,61188.0260225934,157266.249379857,260192.310546874
"EG",85,25477.1206595327,29503.7844033407,35140.9287022185,61188.0260225934,157266.249379857,260192.310546874
"EG",86,25477.1206595327,29503.7844033407,35140.9287022185,61188.0260225934,157266.249379857,260192.310546874
"EG",87,25477.1206595327,29503.7844033407,35140.9287022185,61188.0260225934,157266.249379857,260192.310546874
"EG",88,25477.1206595327,29503.7844033407,35140.9287022185,61188.0260225934,157266.249379857,260192.310546874
"EG",89,25477.1206595327,29503.7844033407,35140.9287022185,61188.0260225934,157266.249379857,260192.310546874
"EG",90,25477.1206595327,29503.7844033407,35140.9287022185,61188.0260225934,157266.249379857,260192.310546874
"EG",91,112828.108420464,143383.198528989,166291.295047752,205104.253185188,343723.772694869,500162.930555553
"EG",92,112828.108420464,143383.198528989,166291.295047752,205104.253185188,343723.772694869,500162.930555553
"EG",93,112828.108420464,143383.198528989,166291.295047752,205104.253185188,343723.772694869,500162.930555553
"EG",94,112828.108420464,143383.198528989,166291.295047752,205104.253185188,343723.772694869,500162.930555553
"EG",95,112828.108420464,143383.198528989,166291.295047752,205104.253185188,343723.772694869,500162.930555553
"EG",96,112828.108420464,143383.198528989,166291.295047752,205104.253185188,343723.772694869,500162.930555553
"EG",97,112828.108420464,143383.198528989,166291.295047752,205104.253185188,343723.772694869,500162.930555553
"EG",98,112828.108420464,143383.198528989,166291.295047752,205104.253185188,343723.772694869,500162.930555553
"EG",99,112828.108420464,143383.198528989,166291.295047752,205104.253185188,343723.772694869,500162.930555553
"EG",100,866722.874670462,939346.094761838,925396.066589725,771199.602281851,842123.56028299,1018716.31175
"IR",1,-3657.95049583125,-2186.81906384061,246.869584564315,20948.9313181277,76336.5552619499,124016.3453125
"IR",2,-3657.95049583125,-2186.81906384061,246.869584564315,20948.9313181277,76336.5552619499,124016.3453125
"IR",3,-3657.95049583125,-2186.81906384061,246.869584564315,20948.9313181277,76336.5552619499,124016.3453125
"IR",4,-3657.95049583125,-2186.81906384061,246.869584564315,20948.9313181277,76336.5552619499,124016.3453125
"IR",5,-3657.95049583125,-2186.81906384061,246.869584564315,20948.9313181277,76336.5552619499,124016.3453125
"IR",6,-3657.95049583125,-2186.81906384061,246.869584564315,20948.9313181277,76336.5552619499,124016.3453125
"IR",7,-3657.95049583125,-2186.81906384061,246.869584564315,20948.9313181277,76336.5552619499,124016.3453125
"IR",8,-3657.95049583125,-2186.81906384061,246.869584564315,20948.9313181277,76336.5552619499,124016.3453125
"IR",9,-3657.95049583125,-2186.81906384061,246.869584564315,20948.9313181277,76336.5552619499,124016.3453125
"IR",10,-3657.95049583125,-2186.81906384061,246.869584564315,20948.9313181277,76336.5552619499,124016.3453125
"IR",11,4446.64565653102,6131.72962630348,9565.0529967516,34603.5571647253,97570.9893180919,152524.430078125
"IR",12,4446.64565653102,6131.72962630348,9565.0529967516,34603.5571647253,97570.9893180919,152524.430078125
"IR",13,4446.64565653102,6131.72962630348,9565.0529967516,34603.5571647253,97570.9893180919,152524.430078125
"IR",14,4446.64565653102,6131.72962630348,9565.0529967516,34603.5571647253,97570.9893180919,152524.430078125
"IR",15,4446.64565653102,6131.72962630348,9565.0529967516,34603.5571647253,97570.9893180919,152524.430078125
"IR",16,4446.64565653102,6131.72962630348,9565.0529967516,34603.5571647253,97570.9893180919,152524.430078125
"IR",17,4446.64565653102,6131.72962630348,9565.0529967516,34603.5571647253,97570.9893180919,152524.430078125
"IR",18,4446.64565653102,6131.72962630348,9565.0529967516,34603.5571647253,97570.9893180919,152524.430078125
"IR",19,4446.64565653102,6131.72962630348,9565.0529967516,34603.5571647253,97570.9893180919,152524.430078125
"IR",20,4446.64565653102,6131.72962630348,9565.0529967516,34603.5571647253,97570.9893180919,152524.430078125
"IR",21,4446.64565653102,6131.72962630348,9565.0529967516,34603.5571647253,97570.9893180919,152524.430078125
"IR",22,4446.64565653102,6131.72962630348,9565.0529967516,34603.5571647253,97570.9893180919,152524.430078125
"IR",23,4446.64565653102,6131.72962630348,9565.0529967516,34603.5571647253,97570.9893180919,152524.430078125
"IR",24,4446.64565653102,6131.72962630348,9565.0529967516,34603.5571647253,97570.9893180919,152524.430078125
"IR",25,4446.64565653102,6131.72962630348,9565.0529967516,34603.5571647253,97570.9893180919,152524.430078125
"IR",26,4446.64565653102,6131.72962630348,9565.0529967516,34603.5571647253,97570.9893180919,152524.430078125
"IR",27,4446.64565653102,6131.72962630348,9565.0529967516,34603.5571647253,97570.9893180919,152524.430078125
"IR",28,4446.64565653102,6131.72962630348,9565.0529967516,34603.5571647253,97570.9893180919,152524.430078125
"IR",29,4446.64565653102,6131.72962630348,9565.0529967516,34603.5571647253,97570.9893180919,152524.430078125
"IR",30,4446.64565653102,6131.72962630348,9565.0529967516,34603.5571647253,97570.9893180919,152524.430078125
"IR",31,4446.64565653102,6131.72962630348,9565.0529967516,34603.5571647253,97570.9893180919,152524.430078125
"IR",32,4446.64565653102,6131.72962630348,9565.0529967516,34603.5571647253,97570.9893180919,152524.430078125
"IR",33,4446.64565653102,6131.72962630348,9565.0529967516,34603.5571647253,97570.9893180919,152524.430078125
"IR",34,4446.64565653102,6131.72962630348,9565.0529967516,34603.5571647253,97570.9893180919,152524.430078125
"IR",35,4446.64565653102,6131.72962630348,9565.0529967516,34603.5571647253,97570.9893180919,152524.430078125
"IR",36,4446.64565653102,6131.72962630348,9565.0529967516,34603.5571647253,97570.9893180919,152524.430078125
"IR",37,4446.64565653102,6131.72962630348,9565.0529967516,34603.5571647253,97570.9893180919,152524.430078125
"IR",38,4446.64565653102,6131.72962630348,9565.0529967516,34603.5571647253,97570.9893180919,152524.430078125
"IR",39,4446.64565653102,6131.72962630348,9565.0529967516,34603.5571647253,97570.9893180919,152524.430078125
"IR",40,4446.64565653102,6131.72962630348,9565.0529967516,34603.5571647253,97570.9893180919,152524.430078125
"IR",41,4446.64565653102,6131.72962630348,9565.0529967516,34603.5571647253,97570.9893180919,152524.430078125
"IR",42,4446.64565653102,6131.72962630348,9565.0529967516,34603.5571647253,97570.9893180919,152524.430078125
"IR",43,4446.64565653102,6131.72962630348,9565.0529967516,34603.5571647253,97570.9893180919,152524.430078125
"IR",44,4446.64565653102,6131.72962630348,9565.0529967516,34603.5571647253,97570.9893180919,152524.430078125
"IR",45,4446.64565653102,6131.72962630348,9565.0529967516,34603.5571647253,97570.9893180919,152524.430078125
"IR",46,4446.64565653102,6131.72962630348,9565.0529967516,34603.5571647253,97570.9893180919,152524.430078125
"IR",47,4446.64565653102,6131.72962630348,9565.0529967516,34603.5571647253,97570.9893180919,152524.430078125
"IR",48,4446.64565653102,6131.72962630348,9565.0529967516,34603.5571647253,97570.9893180919,152524.430078125
"IR",49,4446.64565653102,6131.72962630348,9565.0529967516,34603.5571647253,97570.9893180919,152524.430078125
"IR",50,4446.64565653102,6131.72962630348,9565.0529967516,34603.5571647253,97570.9893180919,152524.430078125
"IR",51,28130.6622433535,30001.9288371315,35133.482885576,72967.7145795811,170015.040413223,258973.412109374
"IR",52,28130.6622433535,30001.9288371315,35133.482885576,72967.7145795811,170015.040413223,258973.412109374
"IR",53,28130.6622433535,30001.9288371315,35133.482885576,72967.7145795811,170015.040413223,258973.412109374
"IR",54,28130.6622433535,30001.9288371315,35133.482885576,72967.7145795811,170015.040413223,258973.412109374
"IR",55,28130.6622433535,30001.9288371315,35133.482885576,72967.7145795811,170015.040413223,258973.412109374
"IR",56,28130.6622433535,30001.9288371315,35133.482885576,72967.7145795811,170015.040413223,258973.412109374
"IR",57,28130.6622433535,30001.9288371315,35133.482885576,72967.7145795811,170015.040413223,258973.412109374
"IR",58,28130.6622433535,30001.9288371315,35133.482885576,72967.7145795811,170015.040413223,258973.412109374
"IR",59,28130.6622433535,30001.9288371315,35133.482885576,72967.7145795811,170015.040413223,258973.412109374
"IR",60,28130.6622433535,30001.9288371315,35133.482885576,72967.7145795811,170015.040413223,258973.412109374
"IR",61,28130.6622433535,30001.9288371315,35133.482885576,72967.7145795811,170015.040413223,258973.412109374
"IR",62,28130.6622433535,30001.9288371315,35133.482885576,72967.7145795811,170015.040413223,258973.412109374
"IR",63,28130.6622433535,30001.9288371315,35133.482885576,72967.7145795811,170015.040413223,258973.412109374
"IR",64,28130.6622433535,30001.9288371315,35133.482885576,72967.7145795811,170015.040413223,258973.412109374
"IR",65,28130.6622433535,30001.9288371315,35133.482885576,72967.7145795811,170015.040413223,258973.412109374
"IR",66,28130.6622433535,30001.9288371315,35133.482885576,72967.7145795811,170015.040413223,258973.412109374
"IR",67,28130.6622433535,30001.9288371315,35133.482885576,72967.7145795811,170015.040413223,258973.412109374
"IR",68,28130.6622433535,30001.9288371315,35133.482885576,72967.7145795811,170015.040413223,258973.412109374
"IR",69,28130.6622433535,30001.9288371315,35133.482885576,72967.7145795811,170015.040413223,258973.412109374
"IR",70,28130.6622433535,30001.9288371315,35133.482885576,72967.7145795811,170015.040413223,258973.412109374
"IR",71,28130.6622433535,30001.9288371315,35133.482885576,72967.7145795811,170015.040413223,258973.412109374
"IR",72,28130.6622433535,30001.9288371315,35133.482885576,72967.7145795811,170015.040413223,258973.412109374
"IR",73,28130.6622433535,30001.9288371315,35133.482885576,72967.7145795811,170015.040413223,258973.412109374
"IR",74,28130.6622433535,30001.9288371315,35133.482885576,72967.7145795811,170015.040413223,258973.412109374
"IR",75,28130.6622433535,30001.9288371315,35133.482885576,72967.7145795811,170015.040413223,258973.412109374
"IR",76,28130.6622433535,30001.9288371315,35133.482885576,72967.7145795811,170015.040413223,258973.412109374
"IR",77,28130.6622433535,30001.9288371315,35133.482885576,72967.7145795811,170015.040413223,258973.412109374
"IR",78,28130.6622433535,30001.9288371315,35133.482885576,72967.7145795811,170015.040413223,258973.412109374
"IR",79,28130.6622433535,30001.9288371315,35133.482885576,72967.7145795811,170015.040413223,258973.412109374
"IR",80,28130.6622433535,30001.9288371315,35133.482885576,72967.7145795811,170015.040413223,258973.412109374
"IR",81,28130.6622433535,30001.9288371315,35133.482885576,72967.7145795811,170015.040413223,258973.412109374
"IR",82,28130.6622433535,30001.9288371315,35133.482885576,72967.7145795811,170015.040413223,258973.412109374
"IR",83,28130.6622433535,30001.9288371315,35133.482885576,72967.7145795811,170015.040413223,258973.412109374
"IR",84,28130.6622433535,30001.9288371315,35133.482885576,72967.7145795811,170015.040413223,258973.412109374
"IR",85,28130.6622433535,30001.9288371315,35133.482885576,72967.7145795811,170015.040413223,258973.412109374
"IR",86,28130.6622433535,30001.9288371315,35133.482885576,72967.7145795811,170015.040413223,258973.412109374
"IR",87,28130.6622433535,30001.9288371315,35133.482885576,72967.7145795811,170015.040413223,258973.412109374
"IR",88,28130.6622433535,30001.9288371315,35133.482885576,72967.7145795811,170015.040413223,258973.412109374
"IR",89,28130.6622433535,30001.9288371315,35133.482885576,72967.7145795811,170015.040413223,258973.412109374
"IR",90,28130.6622433535,30001.9288371315,35133.482885576,72967.7145795811,170015.040413223,258973.412109374
"IR",91,121851.927936875,147041.572754056,168517.044208799,235400.528641573,376598.126306026,509809.659722221
"IR",92,121851.927936875,147041.572754056,168517.044208799,235400.528641573,376598.126306026,509809.659722221
"IR",93,121851.927936875,147041.572754056,168517.044208799,235400.528641573,376598.126306026,509809.659722221
"IR",94,121851.927936875,147041.572754056,168517.044208799,235400.528641573,376598.126306026,509809.659722221
"IR",95,121851.927936875,147041.572754056,168517.044208799,235400.528641573,376598.126306026,509809.659722221
"IR",96,121851.927936875,147041.572754056,168517.044208799,235400.528641573,376598.126306026,509809.659722221
"IR",97,121851.927936875,147041.572754056,168517.044208799,235400.528641573,376598.126306026,509809.659722221
"IR",98,121851.927936875,147041.572754056,168517.044208799,235400.528641573,376598.126306026,509809.659722221
"IR",99,121851.927936875,147041.572754056,168517.044208799,235400.528641573,376598.126306026,509809.659722221
"IR",100,813529.876039782,926925.98255755,952112.160722789,892351.51855555,975317.421412787,1111635.436
"MA",1,-3217.50887890898,-2627.54224419456,-1020.33672183421,14769.0529899834,71925.7864970449,118054.762499999
"MA",2,-3217.50887890898,-2627.54224419456,-1020.33672183421,14769.0529899834,71925.7864970449,118054.762499999
"MA",3,-3217.50887890898,-2627.54224419456,-1020.33672183421,14769.0529899834,71925.7864970449,118054.762499999
"MA",4,-3217.50887890898,-2627.54224419456,-1020.33672183421,14769.0529899834,71925.7864970449,118054.762499999
"MA",5,-3217.50887890898,-2627.54224419456,-1020.33672183421,14769.0529899834,71925.7864970449,118054.762499999
"MA",6,-3217.50887890898,-2627.54224419456,-1020.33672183421,14769.0529899834,71925.7864970449,118054.762499999
"MA",7,-3217.50887890898,-2627.54224419456,-1020.33672183421,14769.0529899834,71925.7864970449,118054.762499999
"MA",8,-3217.50887890898,-2627.54224419456,-1020.33672183421,14769.0529899834,71925.7864970449,118054.762499999
"MA",9,-3217.50887890898,-2627.54224419456,-1020.33672183421,14769.0529899834,71925.7864970449,118054.762499999
"MA",10,-3217.50887890898,-2627.54224419456,-1020.33672183421,14769.0529899834,71925.7864970449,118054.762499999
"MA",11,3801.11535136741,5353.6532260299,8340.21230150397,28413.3595993246,94815.0187417501,147489.269921874
"MA",12,3801.11535136741,5353.6532260299,8340.21230150397,28413.3595993246,94815.0187417501,147489.269921874
"MA",13,3801.11535136741,5353.6532260299,8340.21230150397,28413.3595993246,94815.0187417501,147489.269921874
"MA",14,3801.11535136741,5353.6532260299,8340.21230150397,28413.3595993246,94815.0187417501,147489.269921874
"MA",15,3801.11535136741,5353.6532260299,8340.21230150397,28413.3595993246,94815.0187417501,147489.269921874
"MA",16,3801.11535136741,5353.6532260299,8340.21230150397,28413.3595993246,94815.0187417501,147489.269921874
"MA",17,3801.11535136741,5353.6532260299,8340.21230150397,28413.3595993246,94815.0187417501,147489.269921874
"MA",18,3801.11535136741,5353.6532260299,8340.21230150397,28413.3595993246,94815.0187417501,147489.269921874
"MA",19,3801.11535136741,5353.6532260299,8340.21230150397,28413.3595993246,94815.0187417501,147489.269921874
"MA",20,3801.11535136741,5353.6532260299,8340.21230150397,28413.3595993246,94815.0187417501,147489.269921874
"MA",21,3801.11535136741,5353.6532260299,8340.21230150397,28413.3595993246,94815.0187417501,147489.269921874
"MA",22,3801.11535136741,5353.6532260299,8340.21230150397,28413.3595993246,94815.0187417501,147489.269921874
"MA",23,3801.11535136741,5353.6532260299,8340.21230150397,28413.3595993246,94815.0187417501,147489.269921874
"MA",24,3801.11535136741,5353.6532260299,8340.21230150397,28413.3595993246,94815.0187417501,147489.269921874
"MA",25,3801.11535136741,5353.6532260299,8340.21230150397,28413.3595993246,94815.0187417501,147489.269921874
"MA",26,3801.11535136741,5353.6532260299,8340.21230150397,28413.3595993246,94815.0187417501,147489.269921874
"MA",27,3801.11535136741,5353.6532260299,8340.21230150397,28413.3595993246,94815.0187417501,147489.269921874
"MA",28,3801.11535136741,5353.6532260299,8340.21230150397,28413.3595993246,94815.0187417501,147489.269921874
"MA",29,3801.11535136741,5353.6532260299,8340.21230150397,28413.3595993246,94815.0187417501,147489.269921874
"MA",30,3801.11535136741,5353.6532260299,8340.21230150397,28413.3595993246,94815.0187417501,147489.269921874
"MA",31,3801.11535136741,5353.6532260299,8340.21230150397,28413.3595993246,94815.0187417501,147489.269921874
"MA",32,3801.11535136741,5353.6532260299,8340.21230150397,28413.3595993246,94815.0187417501,147489.269921874
"MA",33,3801.11535136741,5353.6532260299,8340.21230150397,28413.3595993246,94815.0187417501,147489.269921874
"MA",34,3801.11535136741,5353.6532260299,8340.21230150397,28413.3595993246,94815.0187417501,147489.269921874
"MA",35,3801.11535136741,5353.6532260299,8340.21230150397,28413.3595993246,94815.0187417501,147489.269921874
"MA",36,3801.11535136741,5353.6532260299,8340.21230150397,28413.3595993246,94815.0187417501,147489.269921874
"MA",37,3801.11535136741,5353.6532260299,8340.21230150397,28413.3595993246,94815.0187417501,147489.269921874
"MA",38,3801.11535136741,5353.6532260299,8340.21230150397,28413.3595993246,94815.0187417501,147489.269921874
"MA",39,3801.11535136741,5353.6532260299,8340.21230150397,28413.3595993246,94815.0187417501,147489.269921874
"MA",40,3801.11535136741,5353.6532260299,8340.21230150397,28413.3595993246,94815.0187417501,147489.269921874
"MA",41,3801.11535136741,5353.6532260299,8340.21230150397,28413.3595993246,94815.0187417501,147489.269921874
"MA",42,3801.11535136741,5353.6532260299,8340.21230150397,28413.3595993246,94815.0187417501,147489.269921874
"MA",43,3801.11535136741,5353.6532260299,8340.21230150397,28413.3595993246,94815.0187417501,147489.269921874
"MA",44,3801.11535136741,5353.6532260299,8340.21230150397,28413.3595993246,94815.0187417501,147489.269921874
"MA",45,3801.11535136741,5353.6532260299,8340.21230150397,28413.3595993246,94815.0187417501,147489.269921874
"MA",46,3801.11535136741,5353.6532260299,8340.21230150397,28413.3595993246,94815.0187417501,147489.269921874
"MA",47,3801.11535136741,5353.6532260299,8340.21230150397,28413.3595993246,94815.0187417501,147489.269921874
"MA",48,3801.11535136741,5353.6532260299,8340.21230150397,28413.3595993246,94815.0187417501,147489.269921874
"MA",49,3801.11535136741,5353.6532260299,8340.21230150397,28413.3595993246,94815.0187417501,147489.269921874
"MA",50,3801.11535136741,5353.6532260299,8340.21230150397,28413.3595993246,94815.0187417501,147489.269921874
"MA",51,24202.8588234116,28605.6420280103,35318.9429121185,69347.2563804257,173731.837877874,257230.138671874
"MA",52,24202.8588234116,28605.6420280103,35318.9429121185,69347.2563804257,173731.837877874,257230.138671874
"MA",53,24202.8588234116,28605.6420280103,35318.9429121185,69347.2563804257,173731.837877874,257230.138671874
"MA",54,24202.8588234116,28605.6420280103,35318.9429121185,69347.2563804257,173731.837877874,257230.138671874
"MA",55,24202.8588234116,28605.6420280103,35318.9429121185,69347.2563804257,173731.837877874,257230.138671874
"MA",56,24202.8588234116,28605.6420280103,35318.9429121185,69347.2563804257,173731.837877874,257230.138671874
"MA",57,24202.8588234116,28605.6420280103,35318.9429121185,69347.2563804257,173731.837877874,257230.138671874
"MA",58,24202.8588234116,28605.6420280103,35318.9429121185,69347.2563804257,173731.837877874,257230.138671874
"MA",59,24202.8588234116,28605.6420280103,35318.9429121185,69347.2563804257,173731.837877874,257230.138671874
"MA",60,24202.8588234116,28605.6420280103,35318.9429121185,69347.2563804257,173731.837877874,257230.138671874
"MA",61,24202.8588234116,28605.6420280103,35318.9429121185,69347.2563804257,173731.837877874,257230.138671874
"MA",62,24202.8588234116,28605.6420280103,35318.9429121185,69347.2563804257,173731.837877874,257230.138671874
"MA",63,24202.8588234116,28605.6420280103,35318.9429121185,69347.2563804257,173731.837877874,257230.138671874
"MA",64,24202.8588234116,28605.6420280103,35318.9429121185,69347.2563804257,173731.837877874,257230.138671874
"MA",65,24202.8588234116,28605.6420280103,35318.9429121185,69347.2563804257,173731.837877874,257230.138671874
"MA",66,24202.8588234116,28605.6420280103,35318.9429121185,69347.2563804257,173731.837877874,257230.138671874
"MA",67,24202.8588234116,28605.6420280103,35318.9429121185,69347.2563804257,173731.837877874,257230.138671874
"MA",68,24202.8588234116,28605.6420280103,35318.9429121185,69347.2563804257,173731.837877874,257230.138671874
"MA",69,24202.8588234116,28605.6420280103,35318.9429121185,69347.2563804257,173731.837877874,257230.138671874
"MA",70,24202.8588234116,28605.6420280103,35318.9429121185,69347.2563804257,173731.837877874,257230.138671874
"MA",71,24202.8588234116,28605.6420280103,35318.9429121185,69347.2563804257,173731.837877874,257230.138671874
"MA",72,24202.8588234116,28605.6420280103,35318.9429121185,69347.2563804257,173731.837877874,257230.138671874
"MA",73,24202.8588234116,28605.6420280103,35318.9429121185,69347.2563804257,173731.837877874,257230.138671874
"MA",74,24202.8588234116,28605.6420280103,35318.9429121185,69347.2563804257,173731.837877874,257230.138671874
"MA",75,24202.8588234116,28605.6420280103,35318.9429121185,69347.2563804257,173731.837877874,257230.138671874
"MA",76,24202.8588234116,28605.6420280103,35318.9429121185,69347.2563804257,173731.837877874,257230.138671874
"MA",77,24202.8588234116,28605.6420280103,35318.9429121185,69347.2563804257,173731.837877874,257230.138671874
"MA",78,24202.8588234116,28605.6420280103,35318.9429121185,69347.2563804257,173731.837877874,257230.138671874
"MA",79,24202.8588234116,28605.6420280103,35318.9429121185,69347.2563804257,173731.837877874,257230.138671874
"MA",80,24202.8588234116,28605.6420280103,35318.9429121185,69347.2563804257,173731.837877874,257230.138671874
"MA",81,24202.8588234116,28605.6420280103,35318.9429121185,69347.2563804257,173731.837877874,257230.138671874
"MA",82,24202.8588234116,28605.6420280103,35318.9429121185,69347.2563804257,173731.837877874,257230.138671874
"MA",83,24202.8588234116,28605.6420280103,35318.9429121185,69347.2563804257,173731.837877874,257230.138671874
"MA",84,24202.8588234116,28605.6420280103,35318.9429121185,69347.2563804257,173731.837877874,257230.138671874
"MA",85,24202.8588234116,28605.6420280103,35318.9429121185,69347.2563804257,173731.837877874,257230.138671874
"MA",86,24202.8588234116,28605.6420280103,35318.9429121185,69347.2563804257,173731.837877874,257230.138671874
"MA",87,24202.8588234116,28605.6420280103,35318.9429121185,69347.2563804257,173731.837877874,257230.138671874
"MA",88,24202.8588234116,28605.6420280103,35318.9429121185,69347.2563804257,173731.837877874,257230.138671874
"MA",89,24202.8588234116,28605.6420280103,35318.9429121185,69347.2563804257,173731.837877874,257230.138671874
"MA",90,24202.8588234116,28605.6420280103,35318.9429121185,69347.2563804257,173731.837877874,257230.138671874
"MA",91,106781.778683319,138170.394689533,168891.424406085,249612.531217895,425053.04848383,544683.05208333
"MA",92,106781.778683319,138170.394689533,168891.424406085,249612.531217895,425053.04848383,544683.05208333
"MA",93,106781.778683319,138170.394689533,168891.424406085,249612.531217895,425053.04848383,544683.05208333
"MA",94,106781.778683319,138170.394689533,168891.424406085,249612.531217895,425053.04848383,544683.05208333
"MA",95,106781.778683319,138170.394689533,168891.424406085,249612.531217895,425053.04848383,544683.05208333
"MA",96,106781.778683319,138170.394689533,168891.424406085,249612.531217895,425053.04848383,544683.05208333
"MA",97,106781.778683319,138170.394689533,168891.424406085,249612.531217895,425053.04848383,544683.05208333
"MA",98,106781.778683319,138170.394689533,168891.424406085,249612.531217895,425053.04848383,544683.05208333
"MA",99,106781.778683319,138170.394689533,168891.424406085,249612.531217895,425053.04848383,544683.05208333
"MA",100,744253.777561787,808939.241421576,844169.748776213,850540.497480733,1014016.9304711,1128528.683125
"SA",1,-23473.7085211242,-19269.6257934326,-13985.6194119018,35298.2280921189,93071.137391662,110422.8828125
"SA",2,-23473.7085211242,-19269.6257934326,-13985.6194119018,35298.2280921189,93071.137391662,110422.8828125
"SA",3,-23473.7085211242,-19269.6257934326,-13985.6194119018,35298.2280921189,93071.137391662,110422.8828125
"SA",4,-23473.7085211242,-19269.6257934326,-13985.6194119018,35298.2280921189,93071.137391662,110422.8828125
"SA",5,-23473.7085211242,-19269.6257934326,-13985.6194119018,35298.2280921189,93071.137391662,110422.8828125
"SA",6,-23473.7085211242,-19269.6257934326,-13985.6194119018,35298.2280921189,93071.137391662,110422.8828125
"SA",7,-23473.7085211242,-19269.6257934326,-13985.6194119018,35298.2280921189,93071.137391662,110422.8828125
"SA",8,-23473.7085211242,-19269.6257934326,-13985.6194119018,35298.2280921189,93071.137391662,110422.8828125
"SA",9,-23473.7085211242,-19269.6257934326,-13985.6194119018,35298.2280921189,93071.137391662,110422.8828125
"SA",10,-23473.7085211242,-19269.6257934326,-13985.6194119018,35298.2280921189,93071.137391662,110422.8828125
"SA",11,23717.7389730329,24934.7375995155,27895.5972966571,79381.909008518,128649.727010049,141293.171679687
"SA",12,23717.7389730329,24934.7375995155,27895.5972966571,79381.909008518,128649.727010049,141293.171679687
"SA",13,23717.7389730329,24934.7375995155,27895.5972966571,79381.909008518,128649.727010049,141293.171679687
"SA",14,23717.7389730329,24934.7375995155,27895.5972966571,79381.909008518,128649.727010049,141293.171679687
"SA",15,23717.7389730329,24934.7375995155,27895.5972966571,79381.909008518,128649.727010049,141293.171679687
"SA",16,23717.7389730329,24934.7375995155,27895.5972966571,79381.909008518,128649.727010049,141293.171679687
"SA",17,23717.7389730329,24934.7375995155,27895.5972966571,79381.909008518,128649.727010049,141293.171679687
"SA",18,23717.7389730329,24934.7375995155,27895.5972966571,79381.909008518,128649.727010049,141293.171679687
"SA",19,23717.7389730329,24934.7375995155,27895.5972966571,79381.909008518,128649.727010049,141293.171679687
"SA",20,23717.7389730329,24934.7375995155,27895.5972966571,79381.909008518,128649.727010049,141293.171679687
"SA",21,23717.7389730329,24934.7375995155,27895.5972966571,79381.909008518,128649.727010049,141293.171679687
"SA",22,23717.7389730329,24934.7375995155,27895.5972966571,79381.909008518,128649.727010049,141293.171679687
"SA",23,23717.7389730329,24934.7375995155,27895.5972966571,79381.909008518,128649.727010049,141293.171679687
"SA",24,23717.7389730329,24934.7375995155,27895.5972966571,79381.909008518,128649.727010049,141293.171679687
"SA",25,23717.7389730329,24934.7375995155,27895.5972966571,79381.909008518,128649.727010049,141293.171679687
"SA",26,23717.7389730329,24934.7375995155,27895.5972966571,79381.909008518,128649.727010049,141293.171679687
"SA",27,23717.7389730329,24934.7375995155,27895.5972966571,79381.909008518,128649.727010049,141293.171679687
"SA",28,23717.7389730329,24934.7375995155,27895.5972966571,79381.909008518,128649.727010049,141293.171679687
"SA",29,23717.7389730329,24934.7375995155,27895.5972966571,79381.909008518,128649.727010049,141293.171679687
"SA",30,23717.7389730329,24934.7375995155,27895.5972966571,79381.909008518,128649.727010049,141293.171679687
"SA",31,23717.7389730329,24934.7375995155,27895.5972966571,79381.909008518,128649.727010049,141293.171679687
"SA",32,23717.7389730329,24934.7375995155,27895.5972966571,79381.909008518,128649.727010049,141293.171679687
"SA",33,23717.7389730329,24934.7375995155,27895.5972966571,79381.909008518,128649.727010049,141293.171679687
"SA",34,23717.7389730329,24934.7375995155,27895.5972966571,79381.909008518,128649.727010049,141293.171679687
"SA",35,23717.7389730329,24934.7375995155,27895.5972966571,79381.909008518,128649.727010049,141293.171679687
"SA",36,23717.7389730329,24934.7375995155,27895.5972966571,79381.909008518,128649.727010049,141293.171679687
"SA",37,23717.7389730329,24934.7375995155,27895.5972966571,79381.909008518,128649.727010049,141293.171679687
"SA",38,23717.7389730329,24934.7375995155,27895.5972966571,79381.909008518,128649.727010049,141293.171679687
"SA",39,23717.7389730329,24934.7375995155,27895.5972966571,79381.909008518,128649.727010049,141293.171679687
"SA",40,23717.7389730329,24934.7375995155,27895.5972966571,79381.909008518,128649.727010049,141293.171679687
"SA",41,23717.7389730329,24934.7375995155,27895.5972966571,79381.909008518,128649.727010049,141293.171679687
"SA",42,23717.7389730329,24934.7375995155,27895.5972966571,79381.909008518,128649.727010049,141293.171679687
"SA",43,23717.7389730329,24934.7375995155,27895.5972966571,79381.909008518,128649.727010049,141293.171679687
"SA",44,23717.7389730329,24934.7375995155,27895.5972966571,79381.909008518,128649.727010049,141293.171679687
"SA",45,23717.7389730329,24934.7375995155,27895.5972966571,79381.909008518,128649.727010049,141293.171679687
"SA",46,23717.7389730329,24934.7375995155,27895.5972966571,79381.909008518,128649.727010049,141293.171679687
"SA",47,23717.7389730329,24934.7375995155,27895.5972966571,79381.909008518,128649.727010049,141293.171679687
"SA",48,23717.7389730329,24934.7375995155,27895.5972966571,79381.909008518,128649.727010049,141293.171679687
"SA",49,23717.7389730329,24934.7375995155,27895.5972966571,79381.909008518,128649.727010049,141293.171679687
"SA",50,23717.7389730329,24934.7375995155,27895.5972966571,79381.909008518,128649.727010049,141293.171679687
"SA",51,154461.226991845,153206.611434061,153153.202897074,229101.866001249,262890.91895121,263460.643750001
"SA",52,154461.226991845,153206.611434061,153153.202897074,229101.866001249,262890.91895121,263460.643750001
"SA",53,154461.226991845,153206.611434061,153153.202897074,229101.866001249,262890.91895121,263460.643750001
"SA",54,154461.226991845,153206.611434061,153153.202897074,229101.866001249,262890.91895121,263460.643750001
"SA",55,154461.226991845,153206.611434061,153153.202897074,229101.866001249,262890.91895121,263460.643750001
"SA",56,154461.226991845,153206.611434061,153153.202897074,229101.866001249,262890.91895121,263460.643750001
"SA",57,154461.226991845,153206.611434061,153153.202897074,229101.866001249,262890.91895121,263460.643750001
"SA",58,154461.226991845,153206.611434061,153153.202897074,229101.866001249,262890.91895121,263460.643750001
"SA",59,154461.226991845,153206.611434061,153153.202897074,229101.866001249,262890.91895121,263460.643750001
"SA",60,154461.226991845,153206.611434061,153153.202897074,229101.866001249,262890.91895121,263460.643750001
"SA",61,154461.226991845,153206.611434061,153153.202897074,229101.866001249,262890.91895121,263460.643750001
"SA",62,154461.226991845,153206.611434061,153153.202897074,229101.866001249,262890.91895121,263460.643750001
"SA",63,154461.226991845,153206.611434061,153153.202897074,229101.866001249,262890.91895121,263460.643750001
"SA",64,154461.226991845,153206.611434061,153153.202897074,229101.866001249,262890.91895121,263460.643750001
"SA",65,154461.226991845,153206.611434061,153153.202897074,229101.866001249,262890.91895121,263460.643750001
"SA",66,154461.226991845,153206.611434061,153153.202897074,229101.866001249,262890.91895121,263460.643750001
"SA",67,154461.226991845,153206.611434061,153153.202897074,229101.866001249,262890.91895121,263460.643750001
"SA",68,154461.226991845,153206.611434061,153153.202897074,229101.866001249,262890.91895121,263460.643750001
"SA",69,154461.226991845,153206.611434061,153153.202897074,229101.866001249,262890.91895121,263460.643750001
"SA",70,154461.226991845,153206.611434061,153153.202897074,229101.866001249,262890.91895121,263460.643750001
"SA",71,154461.226991845,153206.611434061,153153.202897074,229101.866001249,262890.91895121,263460.643750001
"SA",72,154461.226991845,153206.611434061,153153.202897074,229101.866001249,262890.91895121,263460.643750001
"SA",73,154461.226991845,153206.611434061,153153.202897074,229101.866001249,262890.91895121,263460.643750001
"SA",74,154461.226991845,153206.611434061,153153.202897074,229101.866001249,262890.91895121,263460.643750001
"SA",75,154461.226991845,153206.611434061,153153.202897074,229101.866001249,262890.91895121,263460.643750001
"SA",76,154461.226991845,153206.611434061,153153.202897074,229101.866001249,262890.91895121,263460.643750001
"SA",77,154461.226991845,153206.611434061,153153.202897074,229101.866001249,262890.91895121,263460.643750001
"SA",78,154461.226991845,153206.611434061,153153.202897074,229101.866001249,262890.91895121,263460.643750001
"SA",79,154461.226991845,153206.611434061,153153.202897074,229101.866001249,262890.91895121,263460.643750001
"SA",80,154461.226991845,153206.611434061,153153.202897074,229101.866001249,262890.91895121,263460.643750001
"SA",81,154461.226991845,153206.611434061,153153.202897074,229101.866001249,262890.91895121,263460.643750001
"SA",82,154461.226991845,153206.611434061,153153.202897074,229101.866001249,262890.91895121,263460.643750001
"SA",83,154461.226991845,153206.611434061,153153.202897074,229101.866001249,262890.91895121,263460.643750001
"SA",84,154461.226991845,153206.611434061,153153.202897074,229101.866001249,262890.91895121,263460.643750001
"SA",85,154461.226991845,153206.611434061,153153.202897074,229101.866001249,262890.91895121,263460.643750001
"SA",86,154461.226991845,153206.611434061,153153.202897074,229101.866001249,262890.91895121,263460.643750001
"SA",87,154461.226991845,153206.611434061,153153.202897074,229101.866001249,262890.91895121,263460.643750001
"SA",88,154461.226991845,153206.611434061,153153.202897074,229101.866001249,262890.91895121,263460.643750001
"SA",89,154461.226991845,153206.611434061,153153.202897074,229101.866001249,262890.91895121,263460.643750001
"SA",90,154461.226991845,153206.611434061,153153.202897074,229101.866001249,262890.91895121,263460.643750001
"SA",91,727504.506206902,728238.015543709,694748.093386779,744146.616071773,647009.003164553,568480.416666668
"SA",92,727504.506206902,728238.015543709,694748.093386779,744146.616071773,647009.003164553,568480.416666668
"SA",93,727504.506206902,728238.015543709,694748.093386779,744146.616071773,647009.003164553,568480.416666668
"SA",94,727504.506206902,728238.015543709,694748.093386779,744146.616071773,647009.003164553,568480.416666668
"SA",95,727504.506206902,728238.015543709,694748.093386779,744146.616071773,647009.003164553,568480.416666668
"SA",96,727504.506206902,728238.015543709,694748.093386779,744146.616071773,647009.003164553,568480.416666668
"SA",97,727504.506206902,728238.015543709,694748.093386779,744146.616071773,647009.003164553,568480.416666668
"SA",98,727504.506206902,728238.015543709,694748.093386779,744146.616071773,647009.003164553,568480.416666668
"SA",99,727504.506206902,728238.015543709,694748.093386779,744146.616071773,647009.003164553,568480.416666668
"SA",100,5777309.74264558,4427317.41295202,3341925.90864613,1961887.33246143,1114311.63641023,989294.536750005
"TR",1,-14342.8472548657,-11044.625094251,-4709.17860656487,29220.5040441812,86392.1834973705,109674.5546875
"TR",2,-14342.8472548657,-11044.625094251,-4709.17860656487,29220.5040441812,86392.1834973705,109674.5546875
"TR",3,-14342.8472548657,-11044.625094251,-4709.17860656487,29220.5040441812,86392.1834973705,109674.5546875
"TR",4,-14342.8472548657,-11044.625094251,-4709.17860656487,29220.5040441812,86392.1834973705,109674.5546875
"TR",5,-14342.8472548657,-11044.625094251,-4709.17860656487,29220.5040441812,86392.1834973705,109674.5546875
"TR",6,-14342.8472548657,-11044.625094251,-4709.17860656487,29220.5040441812,86392.1834973705,109674.5546875
"TR",7,-14342.8472548657,-11044.625094251,-4709.17860656487,29220.5040441812,86392.1834973705,109674.5546875
"TR",8,-14342.8472548657,-11044.625094251,-4709.17860656487,29220.5040441812,86392.1834973705,109674.5546875
"TR",9,-14342.8472548657,-11044.625094251,-4709.17860656487,29220.5040441812,86392.1834973705,109674.5546875
"TR",10,-14342.8472548657,-11044.625094251,-4709.17860656487,29220.5040441812,86392.1834973705,109674.5546875
"TR",11,13152.4284107748,17509.6977678619,26200.6020266227,61547.0071306941,117744.575775891,141079.052539062
"TR",12,13152.4284107748,17509.6977678619,26200.6020266227,61547.0071306941,117744.575775891,141079.052539062
"TR",13,13152.4284107748,17509.6977678619,26200.6020266227,61547.0071306941,117744.575775891,141079.052539062
"TR",14,13152.4284107748,17509.6977678619,26200.6020266227,61547.0071306941,117744.575775891,141079.052539062
"TR",15,13152.4284107748,17509.6977678619,26200.6020266227,61547.0071306941,117744.575775891,141079.052539062
"TR",16,13152.4284107748,17509.6977678619,26200.6020266227,61547.0071306941,117744.575775891,141079.052539062
"TR",17,13152.4284107748,17509.6977678619,26200.6020266227,61547.0071306941,117744.575775891,141079.052539062
"TR",18,13152.4284107748,17509.6977678619,26200.6020266227,61547.0071306941,117744.575775891,141079.052539062
"TR",19,13152.4284107748,17509.6977678619,26200.6020266227,61547.0071306941,117744.575775891,141079.052539062
"TR",20,13152.4284107748,17509.6977678619,26200.6020266227,61547.0071306941,117744.575775891,141079.052539062
"TR",21,13152.4284107748,17509.6977678619,26200.6020266227,61547.0071306941,117744.575775891,141079.052539062
"TR",22,13152.4284107748,17509.6977678619,26200.6020266227,61547.0071306941,117744.575775891,141079.052539062
"TR",23,13152.4284107748,17509.6977678619,26200.6020266227,61547.0071306941,117744.575775891,141079.052539062
"TR",24,13152.4284107748,17509.6977678619,26200.6020266227,61547.0071306941,117744.575775891,141079.052539062
"TR",25,13152.4284107748,17509.6977678619,26200.6020266227,61547.0071306941,117744.575775891,141079.052539062
"TR",26,13152.4284107748,17509.6977678619,26200.6020266227,61547.0071306941,117744.575775891,141079.052539062
"TR",27,13152.4284107748,17509.6977678619,26200.6020266227,61547.0071306941,117744.575775891,141079.052539062
"TR",28,13152.4284107748,17509.6977678619,26200.6020266227,61547.0071306941,117744.575775891,141079.052539062
"TR",29,13152.4284107748,17509.6977678619,26200.6020266227,61547.0071306941,117744.575775891,141079.052539062
"TR",30,13152.4284107748,17509.6977678619,26200.6020266227,61547.0071306941,117744.575775891,141079.052539062
"TR",31,13152.4284107748,17509.6977678619,26200.6020266227,61547.0071306941,117744.575775891,141079.052539062
"TR",32,13152.4284107748,17509.6977678619,26200.6020266227,61547.0071306941,117744.575775891,141079.052539062
"TR",33,13152.4284107748,17509.6977678619,26200.6020266227,61547.0071306941,117744.575775891,141079.052539062
"TR",34,13152.4284107748,17509.6977678619,26200.6020266227,61547.0071306941,117744.575775891,141079.052539062
"TR",35,13152.4284107748,17509.6977678619,26200.6020266227,61547.0071306941,117744.575775891,141079.052539062
"TR",36,13152.4284107748,17509.6977678619,26200.6020266227,61547.0071306941,117744.575775891,141079.052539062
"TR",37,13152.4284107748,17509.6977678619,26200.6020266227,61547.0071306941,117744.575775891,141079.052539062
"TR",38,13152.4284107748,17509.6977678619,26200.6020266227,61547.0071306941,117744.575775891,141079.052539062
"TR",39,13152.4284107748,17509.6977678619,26200.6020266227,61547.0071306941,117744.575775891,141079.052539062
"TR",40,13152.4284107748,17509.6977678619,26200.6020266227,61547.0071306941,117744.575775891,141079.052539062
"TR",41,13152.4284107748,17509.6977678619,26200.6020266227,61547.0071306941,117744.575775891,141079.052539062
"TR",42,13152.4284107748,17509.6977678619,26200.6020266227,61547.0071306941,117744.575775891,141079.052539062
"TR",43,13152.4284107748,17509.6977678619,26200.6020266227,61547.0071306941,117744.575775891,141079.052539062
"TR",44,13152.4284107748,17509.6977678619,26200.6020266227,61547.0071306941,117744.575775891,141079.052539062
"TR",45,13152.4284107748,17509.6977678619,26200.6020266227,61547.0071306941,117744.575775891,141079.052539062
"TR",46,13152.4284107748,17509.6977678619,26200.6020266227,61547.0071306941,117744.575775891,141079.052539062
"TR",47,13152.4284107748,17509.6977678619,26200.6020266227,61547.0071306941,117744.575775891,141079.052539062
"TR",48,13152.4284107748,17509.6977678619,26200.6020266227,61547.0071306941,117744.575775891,141079.052539062
"TR",49,13152.4284107748,17509.6977678619,26200.6020266227,61547.0071306941,117744.575775891,141079.052539062
"TR",50,13152.4284107748,17509.6977678619,26200.6020266227,61547.0071306941,117744.575775891,141079.052539062
"TR",51,86487.1867525702,95471.8836551126,111006.239448735,155530.480235738,223124.540963518,253909.576171874
"TR",52,86487.1867525702,95471.8836551126,111006.239448735,155530.480235738,223124.540963518,253909.576171874
"TR",53,86487.1867525702,95471.8836551126,111006.239448735,155530.480235738,223124.540963518,253909.576171874
"TR",54,86487.1867525702,95471.8836551126,111006.239448735,155530.480235738,223124.540963518,253909.576171874
"TR",55,86487.1867525702,95471.8836551126,111006.239448735,155530.480235738,223124.540963518,253909.576171874
"TR",56,86487.1867525702,95471.8836551126,111006.239448735,155530.480235738,223124.540963518,253909.576171874
"TR",57,86487.1867525702,95471.8836551126,111006.239448735,155530.480235738,223124.540963518,253909.576171874
"TR",58,86487.1867525702,95471.8836551126,111006.239448735,155530.480235738,223124.540963518,253909.576171874
"TR",59,86487.1867525702,95471.8836551126,111006.239448735,155530.480235738,223124.540963518,253909.576171874
"TR",60,86487.1867525702,95471.8836551126,111006.239448735,155530.480235738,223124.540963518,253909.576171874
"TR",61,86487.1867525702,95471.8836551126,111006.239448735,155530.480235738,223124.540963518,253909.576171874
"TR",62,86487.1867525702,95471.8836551126,111006.239448735,155530.480235738,223124.540963518,253909.576171874
"TR",63,86487.1867525702,95471.8836551126,111006.239448735,155530.480235738,223124.540963518,253909.576171874
"TR",64,86487.1867525702,95471.8836551126,111006.239448735,155530.480235738,223124.540963518,253909.576171874
"TR",65,86487.1867525702,95471.8836551126,111006.239448735,155530.480235738,223124.540963518,253909.576171874
"TR",66,86487.1867525702,95471.8836551126,111006.239448735,155530.480235738,223124.540963518,253909.576171874
"TR",67,86487.1867525702,95471.8836551126,111006.239448735,155530.480235738,223124.540963518,253909.576171874
"TR",68,86487.1867525702,95471.8836551126,111006.239448735,155530.480235738,223124.540963518,253909.576171874
"TR",69,86487.1867525702,95471.8836551126,111006.239448735,155530.480235738,223124.540963518,253909.576171874
"TR",70,86487.1867525702,95471.8836551126,111006.239448735,155530.480235738,223124.540963518,253909.576171874
"TR",71,86487.1867525702,95471.8836551126,111006.239448735,155530.480235738,223124.540963518,253909.576171874
"TR",72,86487.1867525702,95471.8836551126,111006.239448735,155530.480235738,223124.540963518,253909.576171874
"TR",73,86487.1867525702,95471.8836551126,111006.239448735,155530.480235738,223124.540963518,253909.576171874
"TR",74,86487.1867525702,95471.8836551126,111006.239448735,155530.480235738,223124.540963518,253909.576171874
"TR",75,86487.1867525702,95471.8836551126,111006.239448735,155530.480235738,223124.540963518,253909.576171874
"TR",76,86487.1867525702,95471.8836551126,111006.239448735,155530.480235738,223124.540963518,253909.576171874
"TR",77,86487.1867525702,95471.8836551126,111006.239448735,155530.480235738,223124.540963518,253909.576171874
"TR",78,86487.1867525702,95471.8836551126,111006.239448735,155530.480235738,223124.540963518,253909.576171874
"TR",79,86487.1867525702,95471.8836551126,111006.239448735,155530.480235738,223124.540963518,253909.576171874
"TR",80,86487.1867525702,95471.8836551126,111006.239448735,155530.480235738,223124.540963518,253909.576171874
"TR",81,86487.1867525702,95471.8836551126,111006.239448735,155530.480235738,223124.540963518,253909.576171874
"TR",82,86487.1867525702,95471.8836551126,111006.239448735,155530.480235738,223124.540963518,253909.576171874
"TR",83,86487.1867525702,95471.8836551126,111006.239448735,155530.480235738,223124.540963518,253909.576171874
"TR",84,86487.1867525702,95471.8836551126,111006.239448735,155530.480235738,223124.540963518,253909.576171874
"TR",85,86487.1867525702,95471.8836551126,111006.239448735,155530.480235738,223124.540963518,253909.576171874
"TR",86,86487.1867525702,95471.8836551126,111006.239448735,155530.480235738,223124.540963518,253909.576171874
"TR",87,86487.1867525702,95471.8836551126,111006.239448735,155530.480235738,223124.540963518,253909.576171874
"TR",88,86487.1867525702,95471.8836551126,111006.239448735,155530.480235738,223124.540963518,253909.576171874
"TR",89,86487.1867525702,95471.8836551126,111006.239448735,155530.480235738,223124.540963518,253909.576171874
"TR",90,86487.1867525702,95471.8836551126,111006.239448735,155530.480235738,223124.540963518,253909.576171874
"TR",91,419599.863793181,514132.618969074,583184.139497992,602255.318061312,602562.840619624,599935.711805554
"TR",92,419599.863793181,514132.618969074,583184.139497992,602255.318061312,602562.840619624,599935.711805554
"TR",93,419599.863793181,514132.618969074,583184.139497992,602255.318061312,602562.840619624,599935.711805554
"TR",94,419599.863793181,514132.618969074,583184.139497992,602255.318061312,602562.840619624,599935.711805554
"TR",95,419599.863793181,514132.618969074,583184.139497992,602255.318061312,602562.840619624,599935.711805554
"TR",96,419599.863793181,514132.618969074,583184.139497992,602255.318061312,602562.840619624,599935.711805554
"TR",97,419599.863793181,514132.618969074,583184.139497992,602255.318061312,602562.840619624,599935.711805554
"TR",98,419599.863793181,514132.618969074,583184.139497992,602255.318061312,602562.840619624,599935.711805554
"TR",99,419599.863793181,514132.618969074,583184.139497992,602255.318061312,602562.840619624,599935.711805554
"TR",100,3542843.96937823,3325237.28480896,2936883.8185536,1620639.42290378,1124867.71235335,1104288.176875
"OE",1,-4647.23875437771,-3484.29928901283,-1620.02000563039,18280.4377350239,77146.7538469605,122581.921875
"OE",2,-4647.23875437771,-3484.29928901283,-1620.02000563039,18280.4377350239,77146.7538469605,122581.921875
"OE",3,-4647.23875437771,-3484.29928901283,-1620.02000563039,18280.4377350239,77146.7538469605,122581.921875
"OE",4,-4647.23875437771,-3484.29928901283,-1620.02000563039,18280.4377350239,77146.7538469605,122581.921875
"OE",5,-4647.23875437771,-3484.29928901283,-1620.02000563039,18280.4377350239,77146.7538469605,122581.921875
"OE",6,-4647.23875437771,-3484.29928901283,-1620.02000563039,18280.4377350239,77146.7538469605,122581.921875
"OE",7,-4647.23875437771,-3484.29928901283,-1620.02000563039,18280.4377350239,77146.7538469605,122581.921875
"OE",8,-4647.23875437771,-3484.29928901283,-1620.02000563039,18280.4377350239,77146.7538469605,122581.921875
"OE",9,-4647.23875437771,-3484.29928901283,-1620.02000563039,18280.4377350239,77146.7538469605,122581.921875
"OE",10,-4647.23875437771,-3484.29928901283,-1620.02000563039,18280.4377350239,77146.7538469605,122581.921875
"OE",11,1279.50319129388,2053.20537434303,4359.78882952083,27518.1164449989,94662.2461445656,147214.640429687
"OE",12,1279.50319129388,2053.20537434303,4359.78882952083,27518.1164449989,94662.2461445656,147214.640429687
"OE",13,1279.50319129388,2053.20537434303,4359.78882952083,27518.1164449989,94662.2461445656,147214.640429687
"OE",14,1279.50319129388,2053.20537434303,4359.78882952083,27518.1164449989,94662.2461445656,147214.640429687
"OE",15,1279.50319129388,2053.20537434303,4359.78882952083,27518.1164449989,94662.2461445656,147214.640429687
"OE",16,1279.50319129388,2053.20537434303,4359.78882952083,27518.1164449989,94662.2461445656,147214.640429687
"OE",17,1279.50319129388,2053.20537434303,4359.78882952083,27518.1164449989,94662.2461445656,147214.640429687
"OE",18,1279.50319129388,2053.20537434303,4359.78882952083,27518.1164449989,94662.2461445656,147214.640429687
"OE",19,1279.50319129388,2053.20537434303,4359.78882952083,27518.1164449989,94662.2461445656,147214.640429687
"OE",20,1279.50319129388,2053.20537434303,4359.78882952083,27518.1164449989,94662.2461445656,147214.640429687
"OE",21,1279.50319129388,2053.20537434303,4359.78882952083,27518.1164449989,94662.2461445656,147214.640429687
"OE",22,1279.50319129388,2053.20537434303,4359.78882952083,27518.1164449989,94662.2461445656,147214.640429687
"OE",23,1279.50319129388,2053.20537434303,4359.78882952083,27518.1164449989,94662.2461445656,147214.640429687
"OE",24,1279.50319129388,2053.20537434303,4359.78882952083,27518.1164449989,94662.2461445656,147214.640429687
"OE",25,1279.50319129388,2053.20537434303,4359.78882952083,27518.1164449989,94662.2461445656,147214.640429687
"OE",26,1279.50319129388,2053.20537434303,4359.78882952083,27518.1164449989,94662.2461445656,147214.640429687
"OE",27,1279.50319129388,2053.20537434303,4359.78882952083,27518.1164449989,94662.2461445656,147214.640429687
"OE",28,1279.50319129388,2053.20537434303,4359.78882952083,27518.1164449989,94662.2461445656,147214.640429687
"OE",29,1279.50319129388,2053.20537434303,4359.78882952083,27518.1164449989,94662.2461445656,147214.640429687
"OE",30,1279.50319129388,2053.20537434303,4359.78882952083,27518.1164449989,94662.2461445656,147214.640429687
"OE",31,1279.50319129388,2053.20537434303,4359.78882952083,27518.1164449989,94662.2461445656,147214.640429687
"OE",32,1279.50319129388,2053.20537434303,4359.78882952083,27518.1164449989,94662.2461445656,147214.640429687
"OE",33,1279.50319129388,2053.20537434303,4359.78882952083,27518.1164449989,94662.2461445656,147214.640429687
"OE",34,1279.50319129388,2053.20537434303,4359.78882952083,27518.1164449989,94662.2461445656,147214.640429687
"OE",35,1279.50319129388,2053.20537434303,4359.78882952083,27518.1164449989,94662.2461445656,147214.640429687
"OE",36,1279.50319129388,2053.20537434303,4359.78882952083,27518.1164449989,94662.2461445656,147214.640429687
"OE",37,1279.50319129388,2053.20537434303,4359.78882952083,27518.1164449989,94662.2461445656,147214.640429687
"OE",38,1279.50319129388,2053.20537434303,4359.78882952083,27518.1164449989,94662.2461445656,147214.640429687
"OE",39,1279.50319129388,2053.20537434303,4359.78882952083,27518.1164449989,94662.2461445656,147214.640429687
"OE",40,1279.50319129388,2053.20537434303,4359.78882952083,27518.1164449989,94662.2461445656,147214.640429687
"OE",41,1279.50319129388,2053.20537434303,4359.78882952083,27518.1164449989,94662.2461445656,147214.640429687
"OE",42,1279.50319129388,2053.20537434303,4359.78882952083,27518.1164449989,94662.2461445656,147214.640429687
"OE",43,1279.50319129388,2053.20537434303,4359.78882952083,27518.1164449989,94662.2461445656,147214.640429687
"OE",44,1279.50319129388,2053.20537434303,4359.78882952083,27518.1164449989,94662.2461445656,147214.640429687
"OE",45,1279.50319129388,2053.20537434303,4359.78882952083,27518.1164449989,94662.2461445656,147214.640429687
"OE",46,1279.50319129388,2053.20537434303,4359.78882952083,27518.1164449989,94662.2461445656,147214.640429687
"OE",47,1279.50319129388,2053.20537434303,4359.78882952083,27518.1164449989,94662.2461445656,147214.640429687
"OE",48,1279.50319129388,2053.20537434303,4359.78882952083,27518.1164449989,94662.2461445656,147214.640429687
"OE",49,1279.50319129388,2053.20537434303,4359.78882952083,27518.1164449989,94662.2461445656,147214.640429687
"OE",50,1279.50319129388,2053.20537434303,4359.78882952083,27518.1164449989,94662.2461445656,147214.640429687
"OE",51,15363.4949770213,18776.6788071053,25459.5825368053,67331.4457459869,171919.292183409,255039.62578125
"OE",52,15363.4949770213,18776.6788071053,25459.5825368053,67331.4457459869,171919.292183409,255039.62578125
"OE",53,15363.4949770213,18776.6788071053,25459.5825368053,67331.4457459869,171919.292183409,255039.62578125
"OE",54,15363.4949770213,18776.6788071053,25459.5825368053,67331.4457459869,171919.292183409,255039.62578125
"OE",55,15363.4949770213,18776.6788071053,25459.5825368053,67331.4457459869,171919.292183409,255039.62578125
"OE",56,15363.4949770213,18776.6788071053,25459.5825368053,67331.4457459869,171919.292183409,255039.62578125
"OE",57,15363.4949770213,18776.6788071053,25459.5825368053,67331.4457459869,171919.292183409,255039.62578125
"OE",58,15363.4949770213,18776.6788071053,25459.5825368053,67331.4457459869,171919.292183409,255039.62578125
"OE",59,15363.4949770213,18776.6788071053,25459.5825368053,67331.4457459869,171919.292183409,255039.62578125
"OE",60,15363.4949770213,18776.6788071053,25459.5825368053,67331.4457459869,171919.292183409,255039.62578125
"OE",61,15363.4949770213,18776.6788071053,25459.5825368053,67331.4457459869,171919.292183409,255039.62578125
"OE",62,15363.4949770213,18776.6788071053,25459.5825368053,67331.4457459869,171919.292183409,255039.62578125
"OE",63,15363.4949770213,18776.6788071053,25459.5825368053,67331.4457459869,171919.292183409,255039.62578125
"OE",64,15363.4949770213,18776.6788071053,25459.5825368053,67331.4457459869,171919.292183409,255039.62578125
"OE",65,15363.4949770213,18776.6788071053,25459.5825368053,67331.4457459869,171919.292183409,255039.62578125
"OE",66,15363.4949770213,18776.6788071053,25459.5825368053,67331.4457459869,171919.292183409,255039.62578125
"OE",67,15363.4949770213,18776.6788071053,25459.5825368053,67331.4457459869,171919.292183409,255039.62578125
"OE",68,15363.4949770213,18776.6788071053,25459.5825368053,67331.4457459869,171919.292183409,255039.62578125
"OE",69,15363.4949770213,18776.6788071053,25459.5825368053,67331.4457459869,171919.292183409,255039.62578125
"OE",70,15363.4949770213,18776.6788071053,25459.5825368053,67331.4457459869,171919.292183409,255039.62578125
"OE",71,15363.4949770213,18776.6788071053,25459.5825368053,67331.4457459869,171919.292183409,255039.62578125
"OE",72,15363.4949770213,18776.6788071053,25459.5825368053,67331.4457459869,171919.292183409,255039.62578125
"OE",73,15363.4949770213,18776.6788071053,25459.5825368053,67331.4457459869,171919.292183409,255039.62578125
"OE",74,15363.4949770213,18776.6788071053,25459.5825368053,67331.4457459869,171919.292183409,255039.62578125
"OE",75,15363.4949770213,18776.6788071053,25459.5825368053,67331.4457459869,171919.292183409,255039.62578125
"OE",76,15363.4949770213,18776.6788071053,25459.5825368053,67331.4457459869,171919.292183409,255039.62578125
"OE",77,15363.4949770213,18776.6788071053,25459.5825368053,67331.4457459869,171919.292183409,255039.62578125
"OE",78,15363.4949770213,18776.6788071053,25459.5825368053,67331.4457459869,171919.292183409,255039.62578125
"OE",79,15363.4949770213,18776.6788071053,25459.5825368053,67331.4457459869,171919.292183409,255039.62578125
"OE",80,15363.4949770213,18776.6788071053,25459.5825368053,67331.4457459869,171919.292183409,255039.62578125
"OE",81,15363.4949770213,18776.6788071053,25459.5825368053,67331.4457459869,171919.292183409,255039.62578125
"OE",82,15363.4949770213,18776.6788071053,25459.5825368053,67331.4457459869,171919.292183409,255039.62578125
"OE",83,15363.4949770213,18776.6788071053,25459.5825368053,67331.4457459869,171919.292183409,255039.62578125
"OE",84,15363.4949770213,18776.6788071053,25459.5825368053,67331.4457459869,171919.292183409,255039.62578125
"OE",85,15363.4949770213,18776.6788071053,25459.5825368053,67331.4457459869,171919.292183409,255039.62578125
"OE",86,15363.4949770213,18776.6788071053,25459.5825368053,67331.4457459869,171919.292183409,255039.62578125
"OE",87,15363.4949770213,18776.6788071053,25459.5825368053,67331.4457459869,171919.292183409,255039.62578125
"OE",88,15363.4949770213,18776.6788071053,25459.5825368053,67331.4457459869,171919.292183409,255039.62578125
"OE",89,15363.4949770213,18776.6788071053,25459.5825368053,67331.4457459869,171919.292183409,255039.62578125
"OE",90,15363.4949770213,18776.6788071053,25459.5825368053,67331.4457459869,171919.292183409,255039.62578125
"OE",91,139262.118750197,175382.260983569,211363.059726021,301400.380912167,438487.05214712,542107.114583333
"OE",92,139262.118750197,175382.260983569,211363.059726021,301400.380912167,438487.05214712,542107.114583333
"OE",93,139262.118750197,175382.260983569,211363.059726021,301400.380912167,438487.05214712,542107.114583333
"OE",94,139262.118750197,175382.260983569,211363.059726021,301400.380912167,438487.05214712,542107.114583333
"OE",95,139262.118750197,175382.260983569,211363.059726021,301400.380912167,438487.05214712,542107.114583333
"OE",96,139262.118750197,175382.260983569,211363.059726021,301400.380912167,438487.05214712,542107.114583333
"OE",97,139262.118750197,175382.260983569,211363.059726021,301400.380912167,438487.05214712,542107.114583333
"OE",98,139262.118750197,175382.260983569,211363.059726021,301400.380912167,438487.05214712,542107.114583333
"OE",99,139262.118750197,175382.260983569,211363.059726021,301400.380912167,438487.05214712,542107.114583333
"OE",100,1547422.53005557,1559723.42705083,1507279.05250191,1236331.08436584,1155624.082423,1205045.99700001
"CD",1,-433.819543376322,-286.39550571305,206.206034967615,21864.3985516296,89202.9184028767,126103.5765625
"CD",2,-433.819543376322,-286.39550571305,206.206034967615,21864.3985516296,89202.9184028767,126103.5765625
"CD",3,-433.819543376322,-286.39550571305,206.206034967615,21864.3985516296,89202.9184028767,126103.5765625
"CD",4,-433.819543376322,-286.39550571305,206.206034967615,21864.3985516296,89202.9184028767,126103.5765625
"CD",5,-433.819543376322,-286.39550571305,206.206034967615,21864.3985516296,89202.9184028767,126103.5765625
"CD",6,-433.819543376322,-286.39550571305,206.206034967615,21864.3985516296,89202.9184028767,126103.5765625
"CD",7,-433.819543376322,-286.39550571305,206.206034967615,21864.3985516296,89202.9184028767,126103.5765625
"CD",8,-433.819543376322,-286.39550571305,206.206034967615,21864.3985516296,89202.9184028767,126103.5765625
"CD",9,-433.819543376322,-286.39550571305,206.206034967615,21864.3985516296,89202.9184028767,126103.5765625
"CD",10,-433.819543376322,-286.39550571305,206.206034967615,21864.3985516296,89202.9184028767,126103.5765625
"CD",11,396.270586344009,749.695214531622,1720.55083205173,30099.9815054256,110189.194826151,152556.03984375
"CD",12,396.270586344009,749.695214531622,1720.55083205173,30099.9815054256,110189.194826151,152556.03984375
"CD",13,396.270586344009,749.695214531622,1720.55083205173,30099.9815054256,110189.194826151,152556.03984375
"CD",14,396.270586344009,749.695214531622,1720.55083205173,30099.9815054256,110189.194826151,152556.03984375
"CD",15,396.270586344009,749.695214531622,1720.55083205173,30099.9815054256,110189.194826151,152556.03984375
"CD",16,396.270586344009,749.695214531622,1720.55083205173,30099.9815054256,110189.194826151,152556.03984375
"CD",17,396.270586344009,749.695214531622,1720.55083205173,30099.9815054256,110189.194826151,152556.03984375
"CD",18,396.270586344009,749.695214531622,1720.55083205173,30099.9815054256,110189.194826151,152556.03984375
"CD",19,396.270586344009,749.695214531622,1720.55083205173,30099.9815054256,110189.194826151,152556.03984375
"CD",20,396.270586344009,749.695214531622,1720.55083205173,30099.9815054256,110189.194826151,152556.03984375
"CD",21,396.270586344009,749.695214531622,1720.55083205173,30099.9815054256,110189.194826151,152556.03984375
"CD",22,396.270586344009,749.695214531622,1720.55083205173,30099.9815054256,110189.194826151,152556.03984375
"CD",23,396.270586344009,749.695214531622,1720.55083205173,30099.9815054256,110189.194826151,152556.03984375
"CD",24,396.270586344009,749.695214531622,1720.55083205173,30099.9815054256,110189.194826151,152556.03984375
"CD",25,396.270586344009,749.695214531622,1720.55083205173,30099.9815054256,110189.194826151,152556.03984375
"CD",26,396.270586344009,749.695214531622,1720.55083205173,30099.9815054256,110189.194826151,152556.03984375
"CD",27,396.270586344009,749.695214531622,1720.55083205173,30099.9815054256,110189.194826151,152556.03984375
"CD",28,396.270586344009,749.695214531622,1720.55083205173,30099.9815054256,110189.194826151,152556.03984375
"CD",29,396.270586344009,749.695214531622,1720.55083205173,30099.9815054256,110189.194826151,152556.03984375
"CD",30,396.270586344009,749.695214531622,1720.55083205173,30099.9815054256,110189.194826151,152556.03984375
"CD",31,396.270586344009,749.695214531622,1720.55083205173,30099.9815054256,110189.194826151,152556.03984375
"CD",32,396.270586344009,749.695214531622,1720.55083205173,30099.9815054256,110189.194826151,152556.03984375
"CD",33,396.270586344009,749.695214531622,1720.55083205173,30099.9815054256,110189.194826151,152556.03984375
"CD",34,396.270586344009,749.695214531622,1720.55083205173,30099.9815054256,110189.194826151,152556.03984375
"CD",35,396.270586344009,749.695214531622,1720.55083205173,30099.9815054256,110189.194826151,152556.03984375
"CD",36,396.270586344009,749.695214531622,1720.55083205173,30099.9815054256,110189.194826151,152556.03984375
"CD",37,396.270586344009,749.695214531622,1720.55083205173,30099.9815054256,110189.194826151,152556.03984375
"CD",38,396.270586344009,749.695214531622,1720.55083205173,30099.9815054256,110189.194826151,152556.03984375
"CD",39,396.270586344009,749.695214531622,1720.55083205173,30099.9815054256,110189.194826151,152556.03984375
"CD",40,396.270586344009,749.695214531622,1720.55083205173,30099.9815054256,110189.194826151,152556.03984375
"CD",41,396.270586344009,749.695214531622,1720.55083205173,30099.9815054256,110189.194826151,152556.03984375
"CD",42,396.270586344009,749.695214531622,1720.55083205173,30099.9815054256,110189.194826151,152556.03984375
"CD",43,396.270586344009,749.695214531622,1720.55083205173,30099.9815054256,110189.194826151,152556.03984375
"CD",44,396.270586344009,749.695214531622,1720.55083205173,30099.9815054256,110189.194826151,152556.03984375
"CD",45,396.270586344009,749.695214531622,1720.55083205173,30099.9815054256,110189.194826151,152556.03984375
"CD",46,396.270586344009,749.695214531622,1720.55083205173,30099.9815054256,110189.194826151,152556.03984375
"CD",47,396.270586344009,749.695214531622,1720.55083205173,30099.9815054256,110189.194826151,152556.03984375
"CD",48,396.270586344009,749.695214531622,1720.55083205173,30099.9815054256,110189.194826151,152556.03984375
"CD",49,396.270586344009,749.695214531622,1720.55083205173,30099.9815054256,110189.194826151,152556.03984375
"CD",50,396.270586344009,749.695214531622,1720.55083205173,30099.9815054256,110189.194826151,152556.03984375
"CD",51,2606.70556935285,3813.55262195375,6334.59968204726,58679.0184444891,190969.198635147,259152.134765625
"CD",52,2606.70556935285,3813.55262195375,6334.59968204726,58679.0184444891,190969.198635147,259152.134765625
"CD",53,2606.70556935285,3813.55262195375,6334.59968204726,58679.0184444891,190969.198635147,259152.134765625
"CD",54,2606.70556935285,3813.55262195375,6334.59968204726,58679.0184444891,190969.198635147,259152.134765625
"CD",55,2606.70556935285,3813.55262195375,6334.59968204726,58679.0184444891,190969.198635147,259152.134765625
"CD",56,2606.70556935285,3813.55262195375,6334.59968204726,58679.0184444891,190969.198635147,259152.134765625
"CD",57,2606.70556935285,3813.55262195375,6334.59968204726,58679.0184444891,190969.198635147,259152.134765625
"CD",58,2606.70556935285,3813.55262195375,6334.59968204726,58679.0184444891,190969.198635147,259152.134765625
"CD",59,2606.70556935285,3813.55262195375,6334.59968204726,58679.0184444891,190969.198635147,259152.134765625
"CD",60,2606.70556935285,3813.55262195375,6334.59968204726,58679.0184444891,190969.198635147,259152.134765625
"CD",61,2606.70556935285,3813.55262195375,6334.59968204726,58679.0184444891,190969.198635147,259152.134765625
"CD",62,2606.70556935285,3813.55262195375,6334.59968204726,58679.0184444891,190969.198635147,259152.134765625
"CD",63,2606.70556935285,3813.55262195375,6334.59968204726,58679.0184444891,190969.198635147,259152.134765625
"CD",64,2606.70556935285,3813.55262195375,6334.59968204726,58679.0184444891,190969.198635147,259152.134765625
"CD",65,2606.70556935285,3813.55262195375,6334.59968204726,58679.0184444891,190969.198635147,259152.134765625
"CD",66,2606.70556935285,3813.55262195375,6334.59968204726,58679.0184444891,190969.198635147,259152.134765625
"CD",67,2606.70556935285,3813.55262195375,6334.59968204726,58679.0184444891,190969.198635147,259152.134765625
"CD",68,2606.70556935285,3813.55262195375,6334.59968204726,58679.0184444891,190969.198635147,259152.134765625
"CD",69,2606.70556935285,3813.55262195375,6334.59968204726,58679.0184444891,190969.198635147,259152.134765625
"CD",70,2606.70556935285,3813.55262195375,6334.59968204726,58679.0184444891,190969.198635147,259152.134765625
"CD",71,2606.70556935285,3813.55262195375,6334.59968204726,58679.0184444891,190969.198635147,259152.134765625
"CD",72,2606.70556935285,3813.55262195375,6334.59968204726,58679.0184444891,190969.198635147,259152.134765625
"CD",73,2606.70556935285,3813.55262195375,6334.59968204726,58679.0184444891,190969.198635147,259152.134765625
"CD",74,2606.70556935285,3813.55262195375,6334.59968204726,58679.0184444891,190969.198635147,259152.134765625
"CD",75,2606.70556935285,3813.55262195375,6334.59968204726,58679.0184444891,190969.198635147,259152.134765625
"CD",76,2606.70556935285,3813.55262195375,6334.59968204726,58679.0184444891,190969.198635147,259152.134765625
"CD",77,2606.70556935285,3813.55262195375,6334.59968204726,58679.0184444891,190969.198635147,259152.134765625
"CD",78,2606.70556935285,3813.55262195375,6334.59968204726,58679.0184444891,190969.198635147,259152.134765625
"CD",79,2606.70556935285,3813.55262195375,6334.59968204726,58679.0184444891,190969.198635147,259152.134765625
"CD",80,2606.70556935285,3813.55262195375,6334.59968204726,58679.0184444891,190969.198635147,259152.134765625
"CD",81,2606.70556935285,3813.55262195375,6334.59968204726,58679.0184444891,190969.198635147,259152.134765625
"CD",82,2606.70556935285,3813.55262195375,6334.59968204726,58679.0184444891,190969.198635147,259152.134765625
"CD",83,2606.70556935285,3813.55262195375,6334.59968204726,58679.0184444891,190969.198635147,259152.134765625
"CD",84,2606.70556935285,3813.55262195375,6334.59968204726,58679.0184444891,190969.198635147,259152.134765625
"CD",85,2606.70556935285,3813.55262195375,6334.59968204726,58679.0184444891,190969.198635147,259152.134765625
"CD",86,2606.70556935285,3813.55262195375,6334.59968204726,58679.0184444891,190969.198635147,259152.134765625
"CD",87,2606.70556935285,3813.55262195375,6334.59968204726,58679.0184444891,190969.198635147,259152.134765625
"CD",88,2606.70556935285,3813.55262195375,6334.59968204726,58679.0184444891,190969.198635147,259152.134765625
"CD",89,2606.70556935285,3813.55262195375,6334.59968204726,58679.0184444891,190969.198635147,259152.134765625
"CD",90,2606.70556935285,3813.55262195375,6334.59968204726,58679.0184444891,190969.198635147,259152.134765625
"CD",91,12660.6673097864,22744.000418772,35571.169461746,173230.85816582,419568.58271268,511674.322916668
"CD",92,12660.6673097864,22744.000418772,35571.169461746,173230.85816582,419568.58271268,511674.322916668
"CD",93,12660.6673097864,22744.000418772,35571.169461746,173230.85816582,419568.58271268,511674.322916668
"CD",94,12660.6673097864,22744.000418772,35571.169461746,173230.85816582,419568.58271268,511674.322916668
"CD",95,12660.6673097864,22744.000418772,35571.169461746,173230.85816582,419568.58271268,511674.322916668
"CD",96,12660.6673097864,22744.000418772,35571.169461746,173230.85816582,419568.58271268,511674.322916668
"CD",97,12660.6673097864,22744.000418772,35571.169461746,173230.85816582,419568.58271268,511674.322916668
"CD",98,12660.6673097864,22744.000418772,35571.169461746,173230.85816582,419568.58271268,511674.322916668
"CD",99,12660.6673097864,22744.000418772,35571.169461746,173230.85816582,419568.58271268,511674.322916668
"CD",100,107140.281354889,170547.205229398,233485.420498001,648525.049971678,1015093.46250145,1065568.451375
"CI",1,-1586.50384048334,-1005.31997839957,1075.46393645461,37623.917295597,105531.330569843,123078.57109375
"CI",2,-1586.50384048334,-1005.31997839957,1075.46393645461,37623.917295597,105531.330569843,123078.57109375
"CI",3,-1586.50384048334,-1005.31997839957,1075.46393645461,37623.917295597,105531.330569843,123078.57109375
"CI",4,-1586.50384048334,-1005.31997839957,1075.46393645461,37623.917295597,105531.330569843,123078.57109375
"CI",5,-1586.50384048334,-1005.31997839957,1075.46393645461,37623.917295597,105531.330569843,123078.57109375
"CI",6,-1586.50384048334,-1005.31997839957,1075.46393645461,37623.917295597,105531.330569843,123078.57109375
"CI",7,-1586.50384048334,-1005.31997839957,1075.46393645461,37623.917295597,105531.330569843,123078.57109375
"CI",8,-1586.50384048334,-1005.31997839957,1075.46393645461,37623.917295597,105531.330569843,123078.57109375
"CI",9,-1586.50384048334,-1005.31997839957,1075.46393645461,37623.917295597,105531.330569843,123078.57109375
"CI",10,-1586.50384048334,-1005.31997839957,1075.46393645461,37623.917295597,105531.330569843,123078.57109375
"CI",11,1981.8496028047,3788.76978290968,8213.96035557022,56715.167841629,134396.488745488,151830.352734375
"CI",12,1981.8496028047,3788.76978290968,8213.96035557022,56715.167841629,134396.488745488,151830.352734375
"CI",13,1981.8496028047,3788.76978290968,8213.96035557022,56715.167841629,134396.488745488,151830.352734375
"CI",14,1981.8496028047,3788.76978290968,8213.96035557022,56715.167841629,134396.488745488,151830.352734375
"CI",15,1981.8496028047,3788.76978290968,8213.96035557022,56715.167841629,134396.488745488,151830.352734375
"CI",16,1981.8496028047,3788.76978290968,8213.96035557022,56715.167841629,134396.488745488,151830.352734375
"CI",17,1981.8496028047,3788.76978290968,8213.96035557022,56715.167841629,134396.488745488,151830.352734375
"CI",18,1981.8496028047,3788.76978290968,8213.96035557022,56715.167841629,134396.488745488,151830.352734375
"CI",19,1981.8496028047,3788.76978290968,8213.96035557022,56715.167841629,134396.488745488,151830.352734375
"CI",20,1981.8496028047,3788.76978290968,8213.96035557022,56715.167841629,134396.488745488,151830.352734375
"CI",21,1981.8496028047,3788.76978290968,8213.96035557022,56715.167841629,134396.488745488,151830.352734375
"CI",22,1981.8496028047,3788.76978290968,8213.96035557022,56715.167841629,134396.488745488,151830.352734375
"CI",23,1981.8496028047,3788.76978290968,8213.96035557022,56715.167841629,134396.488745488,151830.352734375
"CI",24,1981.8496028047,3788.76978290968,8213.96035557022,56715.167841629,134396.488745488,151830.352734375
"CI",25,1981.8496028047,3788.76978290968,8213.96035557022,56715.167841629,134396.488745488,151830.352734375
"CI",26,1981.8496028047,3788.76978290968,8213.96035557022,56715.167841629,134396.488745488,151830.352734375
"CI",27,1981.8496028047,3788.76978290968,8213.96035557022,56715.167841629,134396.488745488,151830.352734375
"CI",28,1981.8496028047,3788.76978290968,8213.96035557022,56715.167841629,134396.488745488,151830.352734375
"CI",29,1981.8496028047,3788.76978290968,8213.96035557022,56715.167841629,134396.488745488,151830.352734375
"CI",30,1981.8496028047,3788.76978290968,8213.96035557022,56715.167841629,134396.488745488,151830.352734375
"CI",31,1981.8496028047,3788.76978290968,8213.96035557022,56715.167841629,134396.488745488,151830.352734375
"CI",32,1981.8496028047,3788.76978290968,8213.96035557022,56715.167841629,134396.488745488,151830.352734375
"CI",33,1981.8496028047,3788.76978290968,8213.96035557022,56715.167841629,134396.488745488,151830.352734375
"CI",34,1981.8496028047,3788.76978290968,8213.96035557022,56715.167841629,134396.488745488,151830.352734375
"CI",35,1981.8496028047,3788.76978290968,8213.96035557022,56715.167841629,134396.488745488,151830.352734375
"CI",36,1981.8496028047,3788.76978290968,8213.96035557022,56715.167841629,134396.488745488,151830.352734375
"CI",37,1981.8496028047,3788.76978290968,8213.96035557022,56715.167841629,134396.488745488,151830.352734375
"CI",38,1981.8496028047,3788.76978290968,8213.96035557022,56715.167841629,134396.488745488,151830.352734375
"CI",39,1981.8496028047,3788.76978290968,8213.96035557022,56715.167841629,134396.488745488,151830.352734375
"CI",40,1981.8496028047,3788.76978290968,8213.96035557022,56715.167841629,134396.488745488,151830.352734375
"CI",41,1981.8496028047,3788.76978290968,8213.96035557022,56715.167841629,134396.488745488,151830.352734375
"CI",42,1981.8496028047,3788.76978290968,8213.96035557022,56715.167841629,134396.488745488,151830.352734375
"CI",43,1981.8496028047,3788.76978290968,8213.96035557022,56715.167841629,134396.488745488,151830.352734375
"CI",44,1981.8496028047,3788.76978290968,8213.96035557022,56715.167841629,134396.488745488,151830.352734375
"CI",45,1981.8496028047,3788.76978290968,8213.96035557022,56715.167841629,134396.488745488,151830.352734375
"CI",46,1981.8496028047,3788.76978290968,8213.96035557022,56715.167841629,134396.488745488,151830.352734375
"CI",47,1981.8496028047,3788.76978290968,8213.96035557022,56715.167841629,134396.488745488,151830.352734375
"CI",48,1981.8496028047,3788.76978290968,8213.96035557022,56715.167841629,134396.488745488,151830.352734375
"CI",49,1981.8496028047,3788.76978290968,8213.96035557022,56715.167841629,134396.488745488,151830.352734375
"CI",50,1981.8496028047,3788.76978290968,8213.96035557022,56715.167841629,134396.488745488,151830.352734375
"CI",51,12442.1408411164,18143.0143027513,29077.3100386046,116151.145289636,237049.121915569,260906.7546875
"CI",52,12442.1408411164,18143.0143027513,29077.3100386046,116151.145289636,237049.121915569,260906.7546875
"CI",53,12442.1408411164,18143.0143027513,29077.3100386046,116151.145289636,237049.121915569,260906.7546875
"CI",54,12442.1408411164,18143.0143027513,29077.3100386046,116151.145289636,237049.121915569,260906.7546875
"CI",55,12442.1408411164,18143.0143027513,29077.3100386046,116151.145289636,237049.121915569,260906.7546875
"CI",56,12442.1408411164,18143.0143027513,29077.3100386046,116151.145289636,237049.121915569,260906.7546875
"CI",57,12442.1408411164,18143.0143027513,29077.3100386046,116151.145289636,237049.121915569,260906.7546875
"CI",58,12442.1408411164,18143.0143027513,29077.3100386046,116151.145289636,237049.121915569,260906.7546875
"CI",59,12442.1408411164,18143.0143027513,29077.3100386046,116151.145289636,237049.121915569,260906.7546875
"CI",60,12442.1408411164,18143.0143027513,29077.3100386046,116151.145289636,237049.121915569,260906.7546875
"CI",61,12442.1408411164,18143.0143027513,29077.3100386046,116151.145289636,237049.121915569,260906.7546875
"CI",62,12442.1408411164,18143.0143027513,29077.3100386046,116151.145289636,237049.121915569,260906.7546875
"CI",63,12442.1408411164,18143.0143027513,29077.3100386046,116151.145289636,237049.121915569,260906.7546875
"CI",64,12442.1408411164,18143.0143027513,29077.3100386046,116151.145289636,237049.121915569,260906.7546875
"CI",65,12442.1408411164,18143.0143027513,29077.3100386046,116151.145289636,237049.121915569,260906.7546875
"CI",66,12442.1408411164,18143.0143027513,29077.3100386046,116151.145289636,237049.121915569,260906.7546875
"CI",67,12442.1408411164,18143.0143027513,29077.3100386046,116151.145289636,237049.121915569,260906.7546875
"CI",68,12442.1408411164,18143.0143027513,29077.3100386046,116151.145289636,237049.121915569,260906.7546875
"CI",69,12442.1408411164,18143.0143027513,29077.3100386046,116151.145289636,237049.121915569,260906.7546875
"CI",70,12442.1408411164,18143.0143027513,29077.3100386046,116151.145289636,237049.121915569,260906.7546875
"CI",71,12442.1408411164,18143.0143027513,29077.3100386046,116151.145289636,237049.121915569,260906.7546875
"CI",72,12442.1408411164,18143.0143027513,29077.3100386046,116151.145289636,237049.121915569,260906.7546875
"CI",73,12442.1408411164,18143.0143027513,29077.3100386046,116151.145289636,237049.121915569,260906.7546875
"CI",74,12442.1408411164,18143.0143027513,29077.3100386046,116151.145289636,237049.121915569,260906.7546875
"CI",75,12442.1408411164,18143.0143027513,29077.3100386046,116151.145289636,237049.121915569,260906.7546875
"CI",76,12442.1408411164,18143.0143027513,29077.3100386046,116151.145289636,237049.121915569,260906.7546875
"CI",77,12442.1408411164,18143.0143027513,29077.3100386046,116151.145289636,237049.121915569,260906.7546875
"CI",78,12442.1408411164,18143.0143027513,29077.3100386046,116151.145289636,237049.121915569,260906.7546875
"CI",79,12442.1408411164,18143.0143027513,29077.3100386046,116151.145289636,237049.121915569,260906.7546875
"CI",80,12442.1408411164,18143.0143027513,29077.3100386046,116151.145289636,237049.121915569,260906.7546875
"CI",81,12442.1408411164,18143.0143027513,29077.3100386046,116151.145289636,237049.121915569,260906.7546875
"CI",82,12442.1408411164,18143.0143027513,29077.3100386046,116151.145289636,237049.121915569,260906.7546875
"CI",83,12442.1408411164,18143.0143027513,29077.3100386046,116151.145289636,237049.121915569,260906.7546875
"CI",84,12442.1408411164,18143.0143027513,29077.3100386046,116151.145289636,237049.121915569,260906.7546875
"CI",85,12442.1408411164,18143.0143027513,29077.3100386046,116151.145289636,237049.121915569,260906.7546875
"CI",86,12442.1408411164,18143.0143027513,29077.3100386046,116151.145289636,237049.121915569,260906.7546875
"CI",87,12442.1408411164,18143.0143027513,29077.3100386046,116151.145289636,237049.121915569,260906.7546875
"CI",88,12442.1408411164,18143.0143027513,29077.3100386046,116151.145289636,237049.121915569,260906.7546875
"CI",89,12442.1408411164,18143.0143027513,29077.3100386046,116151.145289636,237049.121915569,260906.7546875
"CI",90,12442.1408411164,18143.0143027513,29077.3100386046,116151.145289636,237049.121915569,260906.7546875
"CI",91,52695.3409964979,89462.8960042099,135510.476073111,337276.612109643,519598.770207951,520011.322916666
"CI",92,52695.3409964979,89462.8960042099,135510.476073111,337276.612109643,519598.770207951,520011.322916666
"CI",93,52695.3409964979,89462.8960042099,135510.476073111,337276.612109643,519598.770207951,520011.322916666
"CI",94,52695.3409964979,89462.8960042099,135510.476073111,337276.612109643,519598.770207951,520011.322916666
"CI",95,52695.3409964979,89462.8960042099,135510.476073111,337276.612109643,519598.770207951,520011.322916666
"CI",96,52695.3409964979,89462.8960042099,135510.476073111,337276.612109643,519598.770207951,520011.322916666
"CI",97,52695.3409964979,89462.8960042099,135510.476073111,337276.612109643,519598.770207951,520011.322916666
"CI",98,52695.3409964979,89462.8960042099,135510.476073111,337276.612109643,519598.770207951,520011.322916666
"CI",99,52695.3409964979,89462.8960042099,135510.476073111,337276.612109643,519598.770207951,520011.322916666
"CI",100,337052.744709144,495689.513316181,639046.353442715,970879.149869474,1067371.16744219,979628.135125002
"ET",1,-1500.48028832965,-939.119228990369,730.354001499499,32338.0321310299,101411.619881843,124372.11953125
"ET",2,-1500.48028832965,-939.119228990369,730.354001499499,32338.0321310299,101411.619881843,124372.11953125
"ET",3,-1500.48028832965,-939.119228990369,730.354001499499,32338.0321310299,101411.619881843,124372.11953125
"ET",4,-1500.48028832965,-939.119228990369,730.354001499499,32338.0321310299,101411.619881843,124372.11953125
"ET",5,-1500.48028832965,-939.119228990369,730.354001499499,32338.0321310299,101411.619881843,124372.11953125
"ET",6,-1500.48028832965,-939.119228990369,730.354001499499,32338.0321310299,101411.619881843,124372.11953125
"ET",7,-1500.48028832965,-939.119228990369,730.354001499499,32338.0321310299,101411.619881843,124372.11953125
"ET",8,-1500.48028832965,-939.119228990369,730.354001499499,32338.0321310299,101411.619881843,124372.11953125
"ET",9,-1500.48028832965,-939.119228990369,730.354001499499,32338.0321310299,101411.619881843,124372.11953125
"ET",10,-1500.48028832965,-939.119228990369,730.354001499499,32338.0321310299,101411.619881843,124372.11953125
"ET",11,1913.84328533237,3404.16687354059,6775.21840873306,49002.5685195523,129134.485443887,153444.786914064
"ET",12,1913.84328533237,3404.16687354059,6775.21840873306,49002.5685195523,129134.485443887,153444.786914064
"ET",13,1913.84328533237,3404.16687354059,6775.21840873306,49002.5685195523,129134.485443887,153444.786914064
"ET",14,1913.84328533237,3404.16687354059,6775.21840873306,49002.5685195523,129134.485443887,153444.786914064
"ET",15,1913.84328533237,3404.16687354059,6775.21840873306,49002.5685195523,129134.485443887,153444.786914064
"ET",16,1913.84328533237,3404.16687354059,6775.21840873306,49002.5685195523,129134.485443887,153444.786914064
"ET",17,1913.84328533237,3404.16687354059,6775.21840873306,49002.5685195523,129134.485443887,153444.786914064
"ET",18,1913.84328533237,3404.16687354059,6775.21840873306,49002.5685195523,129134.485443887,153444.786914064
"ET",19,1913.84328533237,3404.16687354059,6775.21840873306,49002.5685195523,129134.485443887,153444.786914064
"ET",20,1913.84328533237,3404.16687354059,6775.21840873306,49002.5685195523,129134.485443887,153444.786914064
"ET",21,1913.84328533237,3404.16687354059,6775.21840873306,49002.5685195523,129134.485443887,153444.786914064
"ET",22,1913.84328533237,3404.16687354059,6775.21840873306,49002.5685195523,129134.485443887,153444.786914064
"ET",23,1913.84328533237,3404.16687354059,6775.21840873306,49002.5685195523,129134.485443887,153444.786914064
"ET",24,1913.84328533237,3404.16687354059,6775.21840873306,49002.5685195523,129134.485443887,153444.786914064
"ET",25,1913.84328533237,3404.16687354059,6775.21840873306,49002.5685195523,129134.485443887,153444.786914064
"ET",26,1913.84328533237,3404.16687354059,6775.21840873306,49002.5685195523,129134.485443887,153444.786914064
"ET",27,1913.84328533237,3404.16687354059,6775.21840873306,49002.5685195523,129134.485443887,153444.786914064
"ET",28,1913.84328533237,3404.16687354059,6775.21840873306,49002.5685195523,129134.485443887,153444.786914064
"ET",29,1913.84328533237,3404.16687354059,6775.21840873306,49002.5685195523,129134.485443887,153444.786914064
"ET",30,1913.84328533237,3404.16687354059,6775.21840873306,49002.5685195523,129134.485443887,153444.786914064
"ET",31,1913.84328533237,3404.16687354059,6775.21840873306,49002.5685195523,129134.485443887,153444.786914064
"ET",32,1913.84328533237,3404.16687354059,6775.21840873306,49002.5685195523,129134.485443887,153444.786914064
"ET",33,1913.84328533237,3404.16687354059,6775.21840873306,49002.5685195523,129134.485443887,153444.786914064
"ET",34,1913.84328533237,3404.16687354059,6775.21840873306,49002.5685195523,129134.485443887,153444.786914064
"ET",35,1913.84328533237,3404.16687354059,6775.21840873306,49002.5685195523,129134.485443887,153444.786914064
"ET",36,1913.84328533237,3404.16687354059,6775.21840873306,49002.5685195523,129134.485443887,153444.786914064
"ET",37,1913.84328533237,3404.16687354059,6775.21840873306,49002.5685195523,129134.485443887,153444.786914064
"ET",38,1913.84328533237,3404.16687354059,6775.21840873306,49002.5685195523,129134.485443887,153444.786914064
"ET",39,1913.84328533237,3404.16687354059,6775.21840873306,49002.5685195523,129134.485443887,153444.786914064
"ET",40,1913.84328533237,3404.16687354059,6775.21840873306,49002.5685195523,129134.485443887,153444.786914064
"ET",41,1913.84328533237,3404.16687354059,6775.21840873306,49002.5685195523,129134.485443887,153444.786914064
"ET",42,1913.84328533237,3404.16687354059,6775.21840873306,49002.5685195523,129134.485443887,153444.786914064
"ET",43,1913.84328533237,3404.16687354059,6775.21840873306,49002.5685195523,129134.485443887,153444.786914064
"ET",44,1913.84328533237,3404.16687354059,6775.21840873306,49002.5685195523,129134.485443887,153444.786914064
"ET",45,1913.84328533237,3404.16687354059,6775.21840873306,49002.5685195523,129134.485443887,153444.786914064
"ET",46,1913.84328533237,3404.16687354059,6775.21840873306,49002.5685195523,129134.485443887,153444.786914064
"ET",47,1913.84328533237,3404.16687354059,6775.21840873306,49002.5685195523,129134.485443887,153444.786914064
"ET",48,1913.84328533237,3404.16687354059,6775.21840873306,49002.5685195523,129134.485443887,153444.786914064
"ET",49,1913.84328533237,3404.16687354059,6775.21840873306,49002.5685195523,129134.485443887,153444.786914064
"ET",50,1913.84328533237,3404.16687354059,6775.21840873306,49002.5685195523,129134.485443887,153444.786914064
"ET",51,11932.7228955221,16086.2856173731,23797.0020127845,98734.882953016,225902.715589697,262424.598828126
"ET",52,11932.7228955221,16086.2856173731,23797.0020127845,98734.882953016,225902.715589697,262424.598828126
"ET",53,11932.7228955221,16086.2856173731,23797.0020127845,98734.882953016,225902.715589697,262424.598828126
"ET",54,11932.7228955221,16086.2856173731,23797.0020127845,98734.882953016,225902.715589697,262424.598828126
"ET",55,11932.7228955221,16086.2856173731,23797.0020127845,98734.882953016,225902.715589697,262424.598828126
"ET",56,11932.7228955221,16086.2856173731,23797.0020127845,98734.882953016,225902.715589697,262424.598828126
"ET",57,11932.7228955221,16086.2856173731,23797.0020127845,98734.882953016,225902.715589697,262424.598828126
"ET",58,11932.7228955221,16086.2856173731,23797.0020127845,98734.882953016,225902.715589697,262424.598828126
"ET",59,11932.7228955221,16086.2856173731,23797.0020127845,98734.882953016,225902.715589697,262424.598828126
"ET",60,11932.7228955221,16086.2856173731,23797.0020127845,98734.882953016,225902.715589697,262424.598828126
"ET",61,11932.7228955221,16086.2856173731,23797.0020127845,98734.882953016,225902.715589697,262424.598828126
"ET",62,11932.7228955221,16086.2856173731,23797.0020127845,98734.882953016,225902.715589697,262424.598828126
"ET",63,11932.7228955221,16086.2856173731,23797.0020127845,98734.882953016,225902.715589697,262424.598828126
"ET",64,11932.7228955221,16086.2856173731,23797.0020127845,98734.882953016,225902.715589697,262424.598828126
"ET",65,11932.7228955221,16086.2856173731,23797.0020127845,98734.882953016,225902.715589697,262424.598828126
"ET",66,11932.7228955221,16086.2856173731,23797.0020127845,98734.882953016,225902.715589697,262424.598828126
"ET",67,11932.7228955221,16086.2856173731,23797.0020127845,98734.882953016,225902.715589697,262424.598828126
"ET",68,11932.7228955221,16086.2856173731,23797.0020127845,98734.882953016,225902.715589697,262424.598828126
"ET",69,11932.7228955221,16086.2856173731,23797.0020127845,98734.882953016,225902.715589697,262424.598828126
"ET",70,11932.7228955221,16086.2856173731,23797.0020127845,98734.882953016,225902.715589697,262424.598828126
"ET",71,11932.7228955221,16086.2856173731,23797.0020127845,98734.882953016,225902.715589697,262424.598828126
"ET",72,11932.7228955221,16086.2856173731,23797.0020127845,98734.882953016,225902.715589697,262424.598828126
"ET",73,11932.7228955221,16086.2856173731,23797.0020127845,98734.882953016,225902.715589697,262424.598828126
"ET",74,11932.7228955221,16086.2856173731,23797.0020127845,98734.882953016,225902.715589697,262424.598828126
"ET",75,11932.7228955221,16086.2856173731,23797.0020127845,98734.882953016,225902.715589697,262424.598828126
"ET",76,11932.7228955221,16086.2856173731,23797.0020127845,98734.882953016,225902.715589697,262424.598828126
"ET",77,11932.7228955221,16086.2856173731,23797.0020127845,98734.882953016,225902.715589697,262424.598828126
"ET",78,11932.7228955221,16086.2856173731,23797.0020127845,98734.882953016,225902.715589697,262424.598828126
"ET",79,11932.7228955221,16086.2856173731,23797.0020127845,98734.882953016,225902.715589697,262424.598828126
"ET",80,11932.7228955221,16086.2856173731,23797.0020127845,98734.882953016,225902.715589697,262424.598828126
"ET",81,11932.7228955221,16086.2856173731,23797.0020127845,98734.882953016,225902.715589697,262424.598828126
"ET",82,11932.7228955221,16086.2856173731,23797.0020127845,98734.882953016,225902.715589697,262424.598828126
"ET",83,11932.7228955221,16086.2856173731,23797.0020127845,98734.882953016,225902.715589697,262424.598828126
"ET",84,11932.7228955221,16086.2856173731,23797.0020127845,98734.882953016,225902.715589697,262424.598828126
"ET",85,11932.7228955221,16086.2856173731,23797.0020127845,98734.882953016,225902.715589697,262424.598828126
"ET",86,11932.7228955221,16086.2856173731,23797.0020127845,98734.882953016,225902.715589697,262424.598828126
"ET",87,11932.7228955221,16086.2856173731,23797.0020127845,98734.882953016,225902.715589697,262424.598828126
"ET",88,11932.7228955221,16086.2856173731,23797.0020127845,98734.882953016,225902.715589697,262424.598828126
"ET",89,11932.7228955221,16086.2856173731,23797.0020127845,98734.882953016,225902.715589697,262424.598828126
"ET",90,11932.7228955221,16086.2856173731,23797.0020127845,98734.882953016,225902.715589697,262424.598828126
"ET",91,49417.1465270646,74115.1675391106,103498.265269864,269411.694948898,474981.241599235,508186.631944446
"ET",92,49417.1465270646,74115.1675391106,103498.265269864,269411.694948898,474981.241599235,508186.631944446
"ET",93,49417.1465270646,74115.1675391106,103498.265269864,269411.694948898,474981.241599235,508186.631944446
"ET",94,49417.1465270646,74115.1675391106,103498.265269864,269411.694948898,474981.241599235,508186.631944446
"ET",95,49417.1465270646,74115.1675391106,103498.265269864,269411.694948898,474981.241599235,508186.631944446
"ET",96,49417.1465270646,74115.1675391106,103498.265269864,269411.694948898,474981.241599235,508186.631944446
"ET",97,49417.1465270646,74115.1675391106,103498.265269864,269411.694948898,474981.241599235,508186.631944446
"ET",98,49417.1465270646,74115.1675391106,103498.265269864,269411.694948898,474981.241599235,508186.631944446
"ET",99,49417.1465270646,74115.1675391106,103498.265269864,269411.694948898,474981.241599235,508186.631944446
"ET",100,303791.088798303,403973.227017175,488191.485125314,777580.267988361,972292.760841952,947823.897625004
"KE",1,-1459.52773564156,-880.707726292443,816.002548721214,34362.1918120323,99561.5583456837,122686.75703125
"KE",2,-1459.52773564156,-880.707726292443,816.002548721214,34362.1918120323,99561.5583456837,122686.75703125
"KE",3,-1459.52773564156,-880.707726292443,816.002548721214,34362.1918120323,99561.5583456837,122686.75703125
"KE",4,-1459.52773564156,-880.707726292443,816.002548721214,34362.1918120323,99561.5583456837,122686.75703125
"KE",5,-1459.52773564156,-880.707726292443,816.002548721214,34362.1918120323,99561.5583456837,122686.75703125
"KE",6,-1459.52773564156,-880.707726292443,816.002548721214,34362.1918120323,99561.5583456837,122686.75703125
"KE",7,-1459.52773564156,-880.707726292443,816.002548721214,34362.1918120323,99561.5583456837,122686.75703125
"KE",8,-1459.52773564156,-880.707726292443,816.002548721214,34362.1918120323,99561.5583456837,122686.75703125
"KE",9,-1459.52773564156,-880.707726292443,816.002548721214,34362.1918120323,99561.5583456837,122686.75703125
"KE",10,-1459.52773564156,-880.707726292443,816.002548721214,34362.1918120323,99561.5583456837,122686.75703125
"KE",11,1758.13090223987,3010.17253031786,6213.08077165548,50166.0096587838,125473.366272904,150629.383007812
"KE",12,1758.13090223987,3010.17253031786,6213.08077165548,50166.0096587838,125473.366272904,150629.383007812
"KE",13,1758.13090223987,3010.17253031786,6213.08077165548,50166.0096587838,125473.366272904,150629.383007812
"KE",14,1758.13090223987,3010.17253031786,6213.08077165548,50166.0096587838,125473.366272904,150629.383007812
"KE",15,1758.13090223987,3010.17253031786,6213.08077165548,50166.0096587838,125473.366272904,150629.383007812
"KE",16,1758.13090223987,3010.17253031786,6213.08077165548,50166.0096587838,125473.366272904,150629.383007812
"KE",17,1758.13090223987,3010.17253031786,6213.08077165548,50166.0096587838,125473.366272904,150629.383007812
"KE",18,1758.13090223987,3010.17253031786,6213.08077165548,50166.0096587838,125473.366272904,150629.383007812
"KE",19,1758.13090223987,3010.17253031786,6213.08077165548,50166.0096587838,125473.366272904,150629.383007812
"KE",20,1758.13090223987,3010.17253031786,6213.08077165548,50166.0096587838,125473.366272904,150629.383007812
"KE",21,1758.13090223987,3010.17253031786,6213.08077165548,50166.0096587838,125473.366272904,150629.383007812
"KE",22,1758.13090223987,3010.17253031786,6213.08077165548,50166.0096587838,125473.366272904,150629.383007812
"KE",23,1758.13090223987,3010.17253031786,6213.08077165548,50166.0096587838,125473.366272904,150629.383007812
"KE",24,1758.13090223987,3010.17253031786,6213.08077165548,50166.0096587838,125473.366272904,150629.383007812
"KE",25,1758.13090223987,3010.17253031786,6213.08077165548,50166.0096587838,125473.366272904,150629.383007812
"KE",26,1758.13090223987,3010.17253031786,6213.08077165548,50166.0096587838,125473.366272904,150629.383007812
"KE",27,1758.13090223987,3010.17253031786,6213.08077165548,50166.0096587838,125473.366272904,150629.383007812
"KE",28,1758.13090223987,3010.17253031786,6213.08077165548,50166.0096587838,125473.366272904,150629.383007812
"KE",29,1758.13090223987,3010.17253031786,6213.08077165548,50166.0096587838,125473.366272904,150629.383007812
"KE",30,1758.13090223987,3010.17253031786,6213.08077165548,50166.0096587838,125473.366272904,150629.383007812
"KE",31,1758.13090223987,3010.17253031786,6213.08077165548,50166.0096587838,125473.366272904,150629.383007812
"KE",32,1758.13090223987,3010.17253031786,6213.08077165548,50166.0096587838,125473.366272904,150629.383007812
"KE",33,1758.13090223987,3010.17253031786,6213.08077165548,50166.0096587838,125473.366272904,150629.383007812
"KE",34,1758.13090223987,3010.17253031786,6213.08077165548,50166.0096587838,125473.366272904,150629.383007812
"KE",35,1758.13090223987,3010.17253031786,6213.08077165548,50166.0096587838,125473.366272904,150629.383007812
"KE",36,1758.13090223987,3010.17253031786,6213.08077165548,50166.0096587838,125473.366272904,150629.383007812
"KE",37,1758.13090223987,3010.17253031786,6213.08077165548,50166.0096587838,125473.366272904,150629.383007812
"KE",38,1758.13090223987,3010.17253031786,6213.08077165548,50166.0096587838,125473.366272904,150629.383007812
"KE",39,1758.13090223987,3010.17253031786,6213.08077165548,50166.0096587838,125473.366272904,150629.383007812
"KE",40,1758.13090223987,3010.17253031786,6213.08077165548,50166.0096587838,125473.366272904,150629.383007812
"KE",41,1758.13090223987,3010.17253031786,6213.08077165548,50166.0096587838,125473.366272904,150629.383007812
"KE",42,1758.13090223987,3010.17253031786,6213.08077165548,50166.0096587838,125473.366272904,150629.383007812
"KE",43,1758.13090223987,3010.17253031786,6213.08077165548,50166.0096587838,125473.366272904,150629.383007812
"KE",44,1758.13090223987,3010.17253031786,6213.08077165548,50166.0096587838,125473.366272904,150629.383007812
"KE",45,1758.13090223987,3010.17253031786,6213.08077165548,50166.0096587838,125473.366272904,150629.383007812
"KE",46,1758.13090223987,3010.17253031786,6213.08077165548,50166.0096587838,125473.366272904,150629.383007812
"KE",47,1758.13090223987,3010.17253031786,6213.08077165548,50166.0096587838,125473.366272904,150629.383007812
"KE",48,1758.13090223987,3010.17253031786,6213.08077165548,50166.0096587838,125473.366272904,150629.383007812
"KE",49,1758.13090223987,3010.17253031786,6213.08077165548,50166.0096587838,125473.366272904,150629.383007812
"KE",50,1758.13090223987,3010.17253031786,6213.08077165548,50166.0096587838,125473.366272904,150629.383007812
"KE",51,11147.0587474001,14815.2971835798,22421.7773819974,101632.225793015,220884.203014383,258924.06953125
"KE",52,11147.0587474001,14815.2971835798,22421.7773819974,101632.225793015,220884.203014383,258924.06953125
"KE",53,11147.0587474001,14815.2971835798,22421.7773819974,101632.225793015,220884.203014383,258924.06953125
"KE",54,11147.0587474001,14815.2971835798,22421.7773819974,101632.225793015,220884.203014383,258924.06953125
"KE",55,11147.0587474001,14815.2971835798,22421.7773819974,101632.225793015,220884.203014383,258924.06953125
"KE",56,11147.0587474001,14815.2971835798,22421.7773819974,101632.225793015,220884.203014383,258924.06953125
"KE",57,11147.0587474001,14815.2971835798,22421.7773819974,101632.225793015,220884.203014383,258924.06953125
"KE",58,11147.0587474001,14815.2971835798,22421.7773819974,101632.225793015,220884.203014383,258924.06953125
"KE",59,11147.0587474001,14815.2971835798,22421.7773819974,101632.225793015,220884.203014383,258924.06953125
"KE",60,11147.0587474001,14815.2971835798,22421.7773819974,101632.225793015,220884.203014383,258924.06953125
"KE",61,11147.0587474001,14815.2971835798,22421.7773819974,101632.225793015,220884.203014383,258924.06953125
"KE",62,11147.0587474001,14815.2971835798,22421.7773819974,101632.225793015,220884.203014383,258924.06953125
"KE",63,11147.0587474001,14815.2971835798,22421.7773819974,101632.225793015,220884.203014383,258924.06953125
"KE",64,11147.0587474001,14815.2971835798,22421.7773819974,101632.225793015,220884.203014383,258924.06953125
"KE",65,11147.0587474001,14815.2971835798,22421.7773819974,101632.225793015,220884.203014383,258924.06953125
"KE",66,11147.0587474001,14815.2971835798,22421.7773819974,101632.225793015,220884.203014383,258924.06953125
"KE",67,11147.0587474001,14815.2971835798,22421.7773819974,101632.225793015,220884.203014383,258924.06953125
"KE",68,11147.0587474001,14815.2971835798,22421.7773819974,101632.225793015,220884.203014383,258924.06953125
"KE",69,11147.0587474001,14815.2971835798,22421.7773819974,101632.225793015,220884.203014383,258924.06953125
"KE",70,11147.0587474001,14815.2971835798,22421.7773819974,101632.225793015,220884.203014383,258924.06953125
"KE",71,11147.0587474001,14815.2971835798,22421.7773819974,101632.225793015,220884.203014383,258924.06953125
"KE",72,11147.0587474001,14815.2971835798,22421.7773819974,101632.225793015,220884.203014383,258924.06953125
"KE",73,11147.0587474001,14815.2971835798,22421.7773819974,101632.225793015,220884.203014383,258924.06953125
"KE",74,11147.0587474001,14815.2971835798,22421.7773819974,101632.225793015,220884.203014383,258924.06953125
"KE",75,11147.0587474001,14815.2971835798,22421.7773819974,101632.225793015,220884.203014383,258924.06953125
"KE",76,11147.0587474001,14815.2971835798,22421.7773819974,101632.225793015,220884.203014383,258924.06953125
"KE",77,11147.0587474001,14815.2971835798,22421.7773819974,101632.225793015,220884.203014383,258924.06953125
"KE",78,11147.0587474001,14815.2971835798,22421.7773819974,101632.225793015,220884.203014383,258924.06953125
"KE",79,11147.0587474001,14815.2971835798,22421.7773819974,101632.225793015,220884.203014383,258924.06953125
"KE",80,11147.0587474001,14815.2971835798,22421.7773819974,101632.225793015,220884.203014383,258924.06953125
"KE",81,11147.0587474001,14815.2971835798,22421.7773819974,101632.225793015,220884.203014383,258924.06953125
"KE",82,11147.0587474001,14815.2971835798,22421.7773819974,101632.225793015,220884.203014383,258924.06953125
"KE",83,11147.0587474001,14815.2971835798,22421.7773819974,101632.225793015,220884.203014383,258924.06953125
"KE",84,11147.0587474001,14815.2971835798,22421.7773819974,101632.225793015,220884.203014383,258924.06953125
"KE",85,11147.0587474001,14815.2971835798,22421.7773819974,101632.225793015,220884.203014383,258924.06953125
"KE",86,11147.0587474001,14815.2971835798,22421.7773819974,101632.225793015,220884.203014383,258924.06953125
"KE",87,11147.0587474001,14815.2971835798,22421.7773819974,101632.225793015,220884.203014383,258924.06953125
"KE",88,11147.0587474001,14815.2971835798,22421.7773819974,101632.225793015,220884.203014383,258924.06953125
"KE",89,11147.0587474001,14815.2971835798,22421.7773819974,101632.225793015,220884.203014383,258924.06953125
"KE",90,11147.0587474001,14815.2971835798,22421.7773819974,101632.225793015,220884.203014383,258924.06953125
"KE",91,48591.0053543279,77699.0878260447,113088.576024632,307688.041853461,496387.435417442,527845.5625
"KE",92,48591.0053543279,77699.0878260447,113088.576024632,307688.041853461,496387.435417442,527845.5625
"KE",93,48591.0053543279,77699.0878260447,113088.576024632,307688.041853461,496387.435417442,527845.5625
"KE",94,48591.0053543279,77699.0878260447,113088.576024632,307688.041853461,496387.435417442,527845.5625
"KE",95,48591.0053543279,77699.0878260447,113088.576024632,307688.041853461,496387.435417442,527845.5625
"KE",96,48591.0053543279,77699.0878260447,113088.576024632,307688.041853461,496387.435417442,527845.5625
"KE",97,48591.0053543279,77699.0878260447,113088.576024632,307688.041853461,496387.435417442,527845.5625
"KE",98,48591.0053543279,77699.0878260447,113088.576024632,307688.041853461,496387.435417442,527845.5625
"KE",99,48591.0053543279,77699.0878260447,113088.576024632,307688.041853461,496387.435417442,527845.5625
"KE",100,328488.747427928,459078.965535318,575183.22160492,941179.336063599,1071643.21001175,1040384.120125
"ML",1,-706.173662129508,-424.914859248621,609.347374773511,26272.3030739541,93778.071628298,125155.96328125
"ML",2,-706.173662129508,-424.914859248621,609.347374773511,26272.3030739541,93778.071628298,125155.96328125
"ML",3,-706.173662129508,-424.914859248621,609.347374773511,26272.3030739541,93778.071628298,125155.96328125
"ML",4,-706.173662129508,-424.914859248621,609.347374773511,26272.3030739541,93778.071628298,125155.96328125
"ML",5,-706.173662129508,-424.914859248621,609.347374773511,26272.3030739541,93778.071628298,125155.96328125
"ML",6,-706.173662129508,-424.914859248621,609.347374773511,26272.3030739541,93778.071628298,125155.96328125
"ML",7,-706.173662129508,-424.914859248621,609.347374773511,26272.3030739541,93778.071628298,125155.96328125
"ML",8,-706.173662129508,-424.914859248621,609.347374773511,26272.3030739541,93778.071628298,125155.96328125
"ML",9,-706.173662129508,-424.914859248621,609.347374773511,26272.3030739541,93778.071628298,125155.96328125
"ML",10,-706.173662129508,-424.914859248621,609.347374773511,26272.3030739541,93778.071628298,125155.96328125
"ML",11,877.984314804458,1691.75368444959,3823.32663951592,37906.4183945472,117760.35223823,153116.934570312
"ML",12,877.984314804458,1691.75368444959,3823.32663951592,37906.4183945472,117760.35223823,153116.934570312
"ML",13,877.984314804458,1691.75368444959,3823.32663951592,37906.4183945472,117760.35223823,153116.934570312
"ML",14,877.984314804458,1691.75368444959,3823.32663951592,37906.4183945472,117760.35223823,153116.934570312
"ML",15,877.984314804458,1691.75368444959,3823.32663951592,37906.4183945472,117760.35223823,153116.934570312
"ML",16,877.984314804458,1691.75368444959,3823.32663951592,37906.4183945472,117760.35223823,153116.934570312
"ML",17,877.984314804458,1691.75368444959,3823.32663951592,37906.4183945472,117760.35223823,153116.934570312
"ML",18,877.984314804458,1691.75368444959,3823.32663951592,37906.4183945472,117760.35223823,153116.934570312
"ML",19,877.984314804458,1691.75368444959,3823.32663951592,37906.4183945472,117760.35223823,153116.934570312
"ML",20,877.984314804458,1691.75368444959,3823.32663951592,37906.4183945472,117760.35223823,153116.934570312
"ML",21,877.984314804458,1691.75368444959,3823.32663951592,37906.4183945472,117760.35223823,153116.934570312
"ML",22,877.984314804458,1691.75368444959,3823.32663951592,37906.4183945472,117760.35223823,153116.934570312
"ML",23,877.984314804458,1691.75368444959,3823.32663951592,37906.4183945472,117760.35223823,153116.934570312
"ML",24,877.984314804458,1691.75368444959,3823.32663951592,37906.4183945472,117760.35223823,153116.934570312
"ML",25,877.984314804458,1691.75368444959,3823.32663951592,37906.4183945472,117760.35223823,153116.934570312
"ML",26,877.984314804458,1691.75368444959,3823.32663951592,37906.4183945472,117760.35223823,153116.934570312
"ML",27,877.984314804458,1691.75368444959,3823.32663951592,37906.4183945472,117760.35223823,153116.934570312
"ML",28,877.984314804458,1691.75368444959,3823.32663951592,37906.4183945472,117760.35223823,153116.934570312
"ML",29,877.984314804458,1691.75368444959,3823.32663951592,37906.4183945472,117760.35223823,153116.934570312
"ML",30,877.984314804458,1691.75368444959,3823.32663951592,37906.4183945472,117760.35223823,153116.934570312
"ML",31,877.984314804458,1691.75368444959,3823.32663951592,37906.4183945472,117760.35223823,153116.934570312
"ML",32,877.984314804458,1691.75368444959,3823.32663951592,37906.4183945472,117760.35223823,153116.934570312
"ML",33,877.984314804458,1691.75368444959,3823.32663951592,37906.4183945472,117760.35223823,153116.934570312
"ML",34,877.984314804458,1691.75368444959,3823.32663951592,37906.4183945472,117760.35223823,153116.934570312
"ML",35,877.984314804458,1691.75368444959,3823.32663951592,37906.4183945472,117760.35223823,153116.934570312
"ML",36,877.984314804458,1691.75368444959,3823.32663951592,37906.4183945472,117760.35223823,153116.934570312
"ML",37,877.984314804458,1691.75368444959,3823.32663951592,37906.4183945472,117760.35223823,153116.934570312
"ML",38,877.984314804458,1691.75368444959,3823.32663951592,37906.4183945472,117760.35223823,153116.934570312
"ML",39,877.984314804458,1691.75368444959,3823.32663951592,37906.4183945472,117760.35223823,153116.934570312
"ML",40,877.984314804458,1691.75368444959,3823.32663951592,37906.4183945472,117760.35223823,153116.934570312
"ML",41,877.984314804458,1691.75368444959,3823.32663951592,37906.4183945472,117760.35223823,153116.934570312
"ML",42,877.984314804458,1691.75368444959,3823.32663951592,37906.4183945472,117760.35223823,153116.934570312
"ML",43,877.984314804458,1691.75368444959,3823.32663951592,37906.4183945472,117760.35223823,153116.934570312
"ML",44,877.984314804458,1691.75368444959,3823.32663951592,37906.4183945472,117760.35223823,153116.934570312
"ML",45,877.984314804458,1691.75368444959,3823.32663951592,37906.4183945472,117760.35223823,153116.934570312
"ML",46,877.984314804458,1691.75368444959,3823.32663951592,37906.4183945472,117760.35223823,153116.934570312
"ML",47,877.984314804458,1691.75368444959,3823.32663951592,37906.4183945472,117760.35223823,153116.934570312
"ML",48,877.984314804458,1691.75368444959,3823.32663951592,37906.4183945472,117760.35223823,153116.934570312
"ML",49,877.984314804458,1691.75368444959,3823.32663951592,37906.4183945472,117760.35223823,153116.934570312
"ML",50,877.984314804458,1691.75368444959,3823.32663951592,37906.4183945472,117760.35223823,153116.934570312
"ML",51,5520.0257333805,8013.69948893126,13212.5339750796,74824.1655093028,204718.360294274,260877.342578124
"ML",52,5520.0257333805,8013.69948893126,13212.5339750796,74824.1655093028,204718.360294274,260877.342578124
"ML",53,5520.0257333805,8013.69948893126,13212.5339750796,74824.1655093028,204718.360294274,260877.342578124
"ML",54,5520.0257333805,8013.69948893126,13212.5339750796,74824.1655093028,204718.360294274,260877.342578124
"ML",55,5520.0257333805,8013.69948893126,13212.5339750796,74824.1655093028,204718.360294274,260877.342578124
"ML",56,5520.0257333805,8013.69948893126,13212.5339750796,74824.1655093028,204718.360294274,260877.342578124
"ML",57,5520.0257333805,8013.69948893126,13212.5339750796,74824.1655093028,204718.360294274,260877.342578124
"ML",58,5520.0257333805,8013.69948893126,13212.5339750796,74824.1655093028,204718.360294274,260877.342578124
"ML",59,5520.0257333805,8013.69948893126,13212.5339750796,74824.1655093028,204718.360294274,260877.342578124
"ML",60,5520.0257333805,8013.69948893126,13212.5339750796,74824.1655093028,204718.360294274,260877.342578124
"ML",61,5520.0257333805,8013.69948893126,13212.5339750796,74824.1655093028,204718.360294274,260877.342578124
"ML",62,5520.0257333805,8013.69948893126,13212.5339750796,74824.1655093028,204718.360294274,260877.342578124
"ML",63,5520.0257333805,8013.69948893126,13212.5339750796,74824.1655093028,204718.360294274,260877.342578124
"ML",64,5520.0257333805,8013.69948893126,13212.5339750796,74824.1655093028,204718.360294274,260877.342578124
"ML",65,5520.0257333805,8013.69948893126,13212.5339750796,74824.1655093028,204718.360294274,260877.342578124
"ML",66,5520.0257333805,8013.69948893126,13212.5339750796,74824.1655093028,204718.360294274,260877.342578124
"ML",67,5520.0257333805,8013.69948893126,13212.5339750796,74824.1655093028,204718.360294274,260877.342578124
"ML",68,5520.0257333805,8013.69948893126,13212.5339750796,74824.1655093028,204718.360294274,260877.342578124
"ML",69,5520.0257333805,8013.69948893126,13212.5339750796,74824.1655093028,204718.360294274,260877.342578124
"ML",70,5520.0257333805,8013.69948893126,13212.5339750796,74824.1655093028,204718.360294274,260877.342578124
"ML",71,5520.0257333805,8013.69948893126,13212.5339750796,74824.1655093028,204718.360294274,260877.342578124
"ML",72,5520.0257333805,8013.69948893126,13212.5339750796,74824.1655093028,204718.360294274,260877.342578124
"ML",73,5520.0257333805,8013.69948893126,13212.5339750796,74824.1655093028,204718.360294274,260877.342578124
"ML",74,5520.0257333805,8013.69948893126,13212.5339750796,74824.1655093028,204718.360294274,260877.342578124
"ML",75,5520.0257333805,8013.69948893126,13212.5339750796,74824.1655093028,204718.360294274,260877.342578124
"ML",76,5520.0257333805,8013.69948893126,13212.5339750796,74824.1655093028,204718.360294274,260877.342578124
"ML",77,5520.0257333805,8013.69948893126,13212.5339750796,74824.1655093028,204718.360294274,260877.342578124
"ML",78,5520.0257333805,8013.69948893126,13212.5339750796,74824.1655093028,204718.360294274,260877.342578124
"ML",79,5520.0257333805,8013.69948893126,13212.5339750796,74824.1655093028,204718.360294274,260877.342578124
"ML",80,5520.0257333805,8013.69948893126,13212.5339750796,74824.1655093028,204718.360294274,260877.342578124
"ML",81,5520.0257333805,8013.69948893126,13212.5339750796,74824.1655093028,204718.360294274,260877.342578124
"ML",82,5520.0257333805,8013.69948893126,13212.5339750796,74824.1655093028,204718.360294274,260877.342578124
"ML",83,5520.0257333805,8013.69948893126,13212.5339750796,74824.1655093028,204718.360294274,260877.342578124
"ML",84,5520.0257333805,8013.69948893126,13212.5339750796,74824.1655093028,204718.360294274,260877.342578124
"ML",85,5520.0257333805,8013.69948893126,13212.5339750796,74824.1655093028,204718.360294274,260877.342578124
"ML",86,5520.0257333805,8013.69948893126,13212.5339750796,74824.1655093028,204718.360294274,260877.342578124
"ML",87,5520.0257333805,8013.69948893126,13212.5339750796,74824.1655093028,204718.360294274,260877.342578124
"ML",88,5520.0257333805,8013.69948893126,13212.5339750796,74824.1655093028,204718.360294274,260877.342578124
"ML",89,5520.0257333805,8013.69948893126,13212.5339750796,74824.1655093028,204718.360294274,260877.342578124
"ML",90,5520.0257333805,8013.69948893126,13212.5339750796,74824.1655093028,204718.360294274,260877.342578124
"ML",91,23481.3783251724,40152.3607840092,62541.9341456499,210688.185524353,439703.697141695,512155.211805555
"ML",92,23481.3783251724,40152.3607840092,62541.9341456499,210688.185524353,439703.697141695,512155.211805555
"ML",93,23481.3783251724,40152.3607840092,62541.9341456499,210688.185524353,439703.697141695,512155.211805555
"ML",94,23481.3783251724,40152.3607840092,62541.9341456499,210688.185524353,439703.697141695,512155.211805555
"ML",95,23481.3783251724,40152.3607840092,62541.9341456499,210688.185524353,439703.697141695,512155.211805555
"ML",96,23481.3783251724,40152.3607840092,62541.9341456499,210688.185524353,439703.697141695,512155.211805555
"ML",97,23481.3783251724,40152.3607840092,62541.9341456499,210688.185524353,439703.697141695,512155.211805555
"ML",98,23481.3783251724,40152.3607840092,62541.9341456499,210688.185524353,439703.697141695,512155.211805555
"ML",99,23481.3783251724,40152.3607840092,62541.9341456499,210688.185524353,439703.697141695,512155.211805555
"ML",100,151419.372258343,222651.115501217,298427.531242867,619856.079312561,931904.986450543,979272.468124999
"NE",1,-408.239631980365,-218.791820513355,508.289308502214,21225.1753561449,85628.8388773014,127340.60703125
"NE",2,-408.239631980365,-218.791820513355,508.289308502214,21225.1753561449,85628.8388773014,127340.60703125
"NE",3,-408.239631980365,-218.791820513355,508.289308502214,21225.1753561449,85628.8388773014,127340.60703125
"NE",4,-408.239631980365,-218.791820513355,508.289308502214,21225.1753561449,85628.8388773014,127340.60703125
"NE",5,-408.239631980365,-218.791820513355,508.289308502214,21225.1753561449,85628.8388773014,127340.60703125
"NE",6,-408.239631980365,-218.791820513355,508.289308502214,21225.1753561449,85628.8388773014,127340.60703125
"NE",7,-408.239631980365,-218.791820513355,508.289308502214,21225.1753561449,85628.8388773014,127340.60703125
"NE",8,-408.239631980365,-218.791820513355,508.289308502214,21225.1753561449,85628.8388773014,127340.60703125
"NE",9,-408.239631980365,-218.791820513355,508.289308502214,21225.1753561449,85628.8388773014,127340.60703125
"NE",10,-408.239631980365,-218.791820513355,508.289308502214,21225.1753561449,85628.8388773014,127340.60703125
"NE",11,506.81955941615,1057.13536739044,2565.73505745798,30155.6028009136,106977.803090003,155054.490234375
"NE",12,506.81955941615,1057.13536739044,2565.73505745798,30155.6028009136,106977.803090003,155054.490234375
"NE",13,506.81955941615,1057.13536739044,2565.73505745798,30155.6028009136,106977.803090003,155054.490234375
"NE",14,506.81955941615,1057.13536739044,2565.73505745798,30155.6028009136,106977.803090003,155054.490234375
"NE",15,506.81955941615,1057.13536739044,2565.73505745798,30155.6028009136,106977.803090003,155054.490234375
"NE",16,506.81955941615,1057.13536739044,2565.73505745798,30155.6028009136,106977.803090003,155054.490234375
"NE",17,506.81955941615,1057.13536739044,2565.73505745798,30155.6028009136,106977.803090003,155054.490234375
"NE",18,506.81955941615,1057.13536739044,2565.73505745798,30155.6028009136,106977.803090003,155054.490234375
"NE",19,506.81955941615,1057.13536739044,2565.73505745798,30155.6028009136,106977.803090003,155054.490234375
"NE",20,506.81955941615,1057.13536739044,2565.73505745798,30155.6028009136,106977.803090003,155054.490234375
"NE",21,506.81955941615,1057.13536739044,2565.73505745798,30155.6028009136,106977.803090003,155054.490234375
"NE",22,506.81955941615,1057.13536739044,2565.73505745798,30155.6028009136,106977.803090003,155054.490234375
"NE",23,506.81955941615,1057.13536739044,2565.73505745798,30155.6028009136,106977.803090003,155054.490234375
"NE",24,506.81955941615,1057.13536739044,2565.73505745798,30155.6028009136,106977.803090003,155054.490234375
"NE",25,506.81955941615,1057.13536739044,2565.73505745798,30155.6028009136,106977.803090003,155054.490234375
"NE",26,506.81955941615,1057.13536739044,2565.73505745798,30155.6028009136,106977.803090003,155054.490234375
"NE",27,506.81955941615,1057.13536739044,2565.73505745798,30155.6028009136,106977.803090003,155054.490234375
"NE",28,506.81955941615,1057.13536739044,2565.73505745798,30155.6028009136,106977.803090003,155054.490234375
"NE",29,506.81955941615,1057.13536739044,2565.73505745798,30155.6028009136,106977.803090003,155054.490234375
"NE",30,506.81955941615,1057.13536739044,2565.73505745798,30155.6028009136,106977.803090003,155054.490234375
"NE",31,506.81955941615,1057.13536739044,2565.73505745798,30155.6028009136,106977.803090003,155054.490234375
"NE",32,506.81955941615,1057.13536739044,2565.73505745798,30155.6028009136,106977.803090003,155054.490234375
"NE",33,506.81955941615,1057.13536739044,2565.73505745798,30155.6028009136,106977.803090003,155054.490234375
"NE",34,506.81955941615,1057.13536739044,2565.73505745798,30155.6028009136,106977.803090003,155054.490234375
"NE",35,506.81955941615,1057.13536739044,2565.73505745798,30155.6028009136,106977.803090003,155054.490234375
"NE",36,506.81955941615,1057.13536739044,2565.73505745798,30155.6028009136,106977.803090003,155054.490234375
"NE",37,506.81955941615,1057.13536739044,2565.73505745798,30155.6028009136,106977.803090003,155054.490234375
"NE",38,506.81955941615,1057.13536739044,2565.73505745798,30155.6028009136,106977.803090003,155054.490234375
"NE",39,506.81955941615,1057.13536739044,2565.73505745798,30155.6028009136,106977.803090003,155054.490234375
"NE",40,506.81955941615,1057.13536739044,2565.73505745798,30155.6028009136,106977.803090003,155054.490234375
"NE",41,506.81955941615,1057.13536739044,2565.73505745798,30155.6028009136,106977.803090003,155054.490234375
"NE",42,506.81955941615,1057.13536739044,2565.73505745798,30155.6028009136,106977.803090003,155054.490234375
"NE",43,506.81955941615,1057.13536739044,2565.73505745798,30155.6028009136,106977.803090003,155054.490234375
"NE",44,506.81955941615,1057.13536739044,2565.73505745798,30155.6028009136,106977.803090003,155054.490234375
"NE",45,506.81955941615,1057.13536739044,2565.73505745798,30155.6028009136,106977.803090003,155054.490234375
"NE",46,506.81955941615,1057.13536739044,2565.73505745798,30155.6028009136,106977.803090003,155054.490234375
"NE",47,506.81955941615,1057.13536739044,2565.73505745798,30155.6028009136,106977.803090003,155054.490234375
"NE",48,506.81955941615,1057.13536739044,2565.73505745798,30155.6028009136,106977.803090003,155054.490234375
"NE",49,506.81955941615,1057.13536739044,2565.73505745798,30155.6028009136,106977.803090003,155054.490234375
"NE",50,506.81955941615,1057.13536739044,2565.73505745798,30155.6028009136,106977.803090003,155054.490234375
"NE",51,3187.86020662628,4716.94768521659,8192.06813526091,57023.6366013515,182664.26717023,261078.88515625
"NE",52,3187.86020662628,4716.94768521659,8192.06813526091,57023.6366013515,182664.26717023,261078.88515625
"NE",53,3187.86020662628,4716.94768521659,8192.06813526091,57023.6366013515,182664.26717023,261078.88515625
"NE",54,3187.86020662628,4716.94768521659,8192.06813526091,57023.6366013515,182664.26717023,261078.88515625
"NE",55,3187.86020662628,4716.94768521659,8192.06813526091,57023.6366013515,182664.26717023,261078.88515625
"NE",56,3187.86020662628,4716.94768521659,8192.06813526091,57023.6366013515,182664.26717023,261078.88515625
"NE",57,3187.86020662628,4716.94768521659,8192.06813526091,57023.6366013515,182664.26717023,261078.88515625
"NE",58,3187.86020662628,4716.94768521659,8192.06813526091,57023.6366013515,182664.26717023,261078.88515625
"NE",59,3187.86020662628,4716.94768521659,8192.06813526091,57023.6366013515,182664.26717023,261078.88515625
"NE",60,3187.86020662628,4716.94768521659,8192.06813526091,57023.6366013515,182664.26717023,261078.88515625
"NE",61,3187.86020662628,4716.94768521659,8192.06813526091,57023.6366013515,182664.26717023,261078.88515625
"NE",62,3187.86020662628,4716.94768521659,8192.06813526091,57023.6366013515,182664.26717023,261078.88515625
"NE",63,3187.86020662628,4716.94768521659,8192.06813526091,57023.6366013515,182664.26717023,261078.88515625
"NE",64,3187.86020662628,4716.94768521659,8192.06813526091,57023.6366013515,182664.26717023,261078.88515625
"NE",65,3187.86020662628,4716.94768521659,8192.06813526091,57023.6366013515,182664.26717023,261078.88515625
"NE",66,3187.86020662628,4716.94768521659,8192.06813526091,57023.6366013515,182664.26717023,261078.88515625
"NE",67,3187.86020662628,4716.94768521659,8192.06813526091,57023.6366013515,182664.26717023,261078.88515625
"NE",68,3187.86020662628,4716.94768521659,8192.06813526091,57023.6366013515,182664.26717023,261078.88515625
"NE",69,3187.86020662628,4716.94768521659,8192.06813526091,57023.6366013515,182664.26717023,261078.88515625
"NE",70,3187.86020662628,4716.94768521659,8192.06813526091,57023.6366013515,182664.26717023,261078.88515625
"NE",71,3187.86020662628,4716.94768521659,8192.06813526091,57023.6366013515,182664.26717023,261078.88515625
"NE",72,3187.86020662628,4716.94768521659,8192.06813526091,57023.6366013515,182664.26717023,261078.88515625
"NE",73,3187.86020662628,4716.94768521659,8192.06813526091,57023.6366013515,182664.26717023,261078.88515625
"NE",74,3187.86020662628,4716.94768521659,8192.06813526091,57023.6366013515,182664.26717023,261078.88515625
"NE",75,3187.86020662628,4716.94768521659,8192.06813526091,57023.6366013515,182664.26717023,261078.88515625
"NE",76,3187.86020662628,4716.94768521659,8192.06813526091,57023.6366013515,182664.26717023,261078.88515625
"NE",77,3187.86020662628,4716.94768521659,8192.06813526091,57023.6366013515,182664.26717023,261078.88515625
"NE",78,3187.86020662628,4716.94768521659,8192.06813526091,57023.6366013515,182664.26717023,261078.88515625
"NE",79,3187.86020662628,4716.94768521659,8192.06813526091,57023.6366013515,182664.26717023,261078.88515625
"NE",80,3187.86020662628,4716.94768521659,8192.06813526091,57023.6366013515,182664.26717023,261078.88515625
"NE",81,3187.86020662628,4716.94768521659,8192.06813526091,57023.6366013515,182664.26717023,261078.88515625
"NE",82,3187.86020662628,4716.94768521659,8192.06813526091,57023.6366013515,182664.26717023,261078.88515625
"NE",83,3187.86020662628,4716.94768521659,8192.06813526091,57023.6366013515,182664.26717023,261078.88515625
"NE",84,3187.86020662628,4716.94768521659,8192.06813526091,57023.6366013515,182664.26717023,261078.88515625
"NE",85,3187.86020662628,4716.94768521659,8192.06813526091,57023.6366013515,182664.26717023,261078.88515625
"NE",86,3187.86020662628,4716.94768521659,8192.06813526091,57023.6366013515,182664.26717023,261078.88515625
"NE",87,3187.86020662628,4716.94768521659,8192.06813526091,57023.6366013515,182664.26717023,261078.88515625
"NE",88,3187.86020662628,4716.94768521659,8192.06813526091,57023.6366013515,182664.26717023,261078.88515625
"NE",89,3187.86020662628,4716.94768521659,8192.06813526091,57023.6366013515,182664.26717023,261078.88515625
"NE",90,3187.86020662628,4716.94768521659,8192.06813526091,57023.6366013515,182664.26717023,261078.88515625
"NE",91,13578.572680799,23802.982516899,38583.5493322087,155007.953121768,382613.221357468,499972.059027778
"NE",92,13578.572680799,23802.982516899,38583.5493322087,155007.953121768,382613.221357468,499972.059027778
"NE",93,13578.572680799,23802.982516899,38583.5493322087,155007.953121768,382613.221357468,499972.059027778
"NE",94,13578.572680799,23802.982516899,38583.5493322087,155007.953121768,382613.221357468,499972.059027778
"NE",95,13578.572680799,23802.982516899,38583.5493322087,155007.953121768,382613.221357468,499972.059027778
"NE",96,13578.572680799,23802.982516899,38583.5493322087,155007.953121768,382613.221357468,499972.059027778
"NE",97,13578.572680799,23802.982516899,38583.5493322087,155007.953121768,382613.221357468,499972.059027778
"NE",98,13578.572680799,23802.982516899,38583.5493322087,155007.953121768,382613.221357468,499972.059027778
"NE",99,13578.572680799,23802.982516899,38583.5493322087,155007.953121768,382613.221357468,499972.059027778
"NE",100,87777.4707269734,142093.962101471,204251.118131328,501385.687162951,859493.826082596,981510.344375001
"NG",1,-1349.82604829986,-880.747539252131,598.086013070942,34911.9837509686,100204.862498296,121702.9796875
"NG",2,-1349.82604829986,-880.747539252131,598.086013070942,34911.9837509686,100204.862498296,121702.9796875
"NG",3,-1349.82604829986,-880.747539252131,598.086013070942,34911.9837509686,100204.862498296,121702.9796875
"NG",4,-1349.82604829986,-880.747539252131,598.086013070942,34911.9837509686,100204.862498296,121702.9796875
"NG",5,-1349.82604829986,-880.747539252131,598.086013070942,34911.9837509686,100204.862498296,121702.9796875
"NG",6,-1349.82604829986,-880.747539252131,598.086013070942,34911.9837509686,100204.862498296,121702.9796875
"NG",7,-1349.82604829986,-880.747539252131,598.086013070942,34911.9837509686,100204.862498296,121702.9796875
"NG",8,-1349.82604829986,-880.747539252131,598.086013070942,34911.9837509686,100204.862498296,121702.9796875
"NG",9,-1349.82604829986,-880.747539252131,598.086013070942,34911.9837509686,100204.862498296,121702.9796875
"NG",10,-1349.82604829986,-880.747539252131,598.086013070942,34911.9837509686,100204.862498296,121702.9796875
"NG",11,1708.32170774163,3231.34222713933,6409.57290439031,52933.2019898616,128707.947761711,151328.6296875
"NG",12,1708.32170774163,3231.34222713933,6409.57290439031,52933.2019898616,128707.947761711,151328.6296875
"NG",13,1708.32170774163,3231.34222713933,6409.57290439031,52933.2019898616,128707.947761711,151328.6296875
"NG",14,1708.32170774163,3231.34222713933,6409.57290439031,52933.2019898616,128707.947761711,151328.6296875
"NG",15,1708.32170774163,3231.34222713933,6409.57290439031,52933.2019898616,128707.947761711,151328.6296875
"NG",16,1708.32170774163,3231.34222713933,6409.57290439031,52933.2019898616,128707.947761711,151328.6296875
"NG",17,1708.32170774163,3231.34222713933,6409.57290439031,52933.2019898616,128707.947761711,151328.6296875
"NG",18,1708.32170774163,3231.34222713933,6409.57290439031,52933.2019898616,128707.947761711,151328.6296875
"NG",19,1708.32170774163,3231.34222713933,6409.57290439031,52933.2019898616,128707.947761711,151328.6296875
"NG",20,1708.32170774163,3231.34222713933,6409.57290439031,52933.2019898616,128707.947761711,151328.6296875
"NG",21,1708.32170774163,3231.34222713933,6409.57290439031,52933.2019898616,128707.947761711,151328.6296875
"NG",22,1708.32170774163,3231.34222713933,6409.57290439031,52933.2019898616,128707.947761711,151328.6296875
"NG",23,1708.32170774163,3231.34222713933,6409.57290439031,52933.2019898616,128707.947761711,151328.6296875
"NG",24,1708.32170774163,3231.34222713933,6409.57290439031,52933.2019898616,128707.947761711,151328.6296875
"NG",25,1708.32170774163,3231.34222713933,6409.57290439031,52933.2019898616,128707.947761711,151328.6296875
"NG",26,1708.32170774163,3231.34222713933,6409.57290439031,52933.2019898616,128707.947761711,151328.6296875
"NG",27,1708.32170774163,3231.34222713933,6409.57290439031,52933.2019898616,128707.947761711,151328.6296875
"NG",28,1708.32170774163,3231.34222713933,6409.57290439031,52933.2019898616,128707.947761711,151328.6296875
"NG",29,1708.32170774163,3231.34222713933,6409.57290439031,52933.2019898616,128707.947761711,151328.6296875
"NG",30,1708.32170774163,3231.34222713933,6409.57290439031,52933.2019898616,128707.947761711,151328.6296875
"NG",31,1708.32170774163,3231.34222713933,6409.57290439031,52933.2019898616,128707.947761711,151328.6296875
"NG",32,1708.32170774163,3231.34222713933,6409.57290439031,52933.2019898616,128707.947761711,151328.6296875
"NG",33,1708.32170774163,3231.34222713933,6409.57290439031,52933.2019898616,128707.947761711,151328.6296875
"NG",34,1708.32170774163,3231.34222713933,6409.57290439031,52933.2019898616,128707.947761711,151328.6296875
"NG",35,1708.32170774163,3231.34222713933,6409.57290439031,52933.2019898616,128707.947761711,151328.6296875
"NG",36,1708.32170774163,3231.34222713933,6409.57290439031,52933.2019898616,128707.947761711,151328.6296875
"NG",37,1708.32170774163,3231.34222713933,6409.57290439031,52933.2019898616,128707.947761711,151328.6296875
"NG",38,1708.32170774163,3231.34222713933,6409.57290439031,52933.2019898616,128707.947761711,151328.6296875
"NG",39,1708.32170774163,3231.34222713933,6409.57290439031,52933.2019898616,128707.947761711,151328.6296875
"NG",40,1708.32170774163,3231.34222713933,6409.57290439031,52933.2019898616,128707.947761711,151328.6296875
"NG",41,1708.32170774163,3231.34222713933,6409.57290439031,52933.2019898616,128707.947761711,151328.6296875
"NG",42,1708.32170774163,3231.34222713933,6409.57290439031,52933.2019898616,128707.947761711,151328.6296875
"NG",43,1708.32170774163,3231.34222713933,6409.57290439031,52933.2019898616,128707.947761711,151328.6296875
"NG",44,1708.32170774163,3231.34222713933,6409.57290439031,52933.2019898616,128707.947761711,151328.6296875
"NG",45,1708.32170774163,3231.34222713933,6409.57290439031,52933.2019898616,128707.947761711,151328.6296875
"NG",46,1708.32170774163,3231.34222713933,6409.57290439031,52933.2019898616,128707.947761711,151328.6296875
"NG",47,1708.32170774163,3231.34222713933,6409.57290439031,52933.2019898616,128707.947761711,151328.6296875
"NG",48,1708.32170774163,3231.34222713933,6409.57290439031,52933.2019898616,128707.947761711,151328.6296875
"NG",49,1708.32170774163,3231.34222713933,6409.57290439031,52933.2019898616,128707.947761711,151328.6296875
"NG",50,1708.32170774163,3231.34222713933,6409.57290439031,52933.2019898616,128707.947761711,151328.6296875
"NG",51,10679.5444308197,15463.7080288164,23221.7000314983,108024.706309044,228143.473126652,261449.9859375
"NG",52,10679.5444308197,15463.7080288164,23221.7000314983,108024.706309044,228143.473126652,261449.9859375
"NG",53,10679.5444308197,15463.7080288164,23221.7000314983,108024.706309044,228143.473126652,261449.9859375
"NG",54,10679.5444308197,15463.7080288164,23221.7000314983,108024.706309044,228143.473126652,261449.9859375
"NG",55,10679.5444308197,15463.7080288164,23221.7000314983,108024.706309044,228143.473126652,261449.9859375
"NG",56,10679.5444308197,15463.7080288164,23221.7000314983,108024.706309044,228143.473126652,261449.9859375
"NG",57,10679.5444308197,15463.7080288164,23221.7000314983,108024.706309044,228143.473126652,261449.9859375
"NG",58,10679.5444308197,15463.7080288164,23221.7000314983,108024.706309044,228143.473126652,261449.9859375
"NG",59,10679.5444308197,15463.7080288164,23221.7000314983,108024.706309044,228143.473126652,261449.9859375
"NG",60,10679.5444308197,15463.7080288164,23221.7000314983,108024.706309044,228143.473126652,261449.9859375
"NG",61,10679.5444308197,15463.7080288164,23221.7000314983,108024.706309044,228143.473126652,261449.9859375
"NG",62,10679.5444308197,15463.7080288164,23221.7000314983,108024.706309044,228143.473126652,261449.9859375
"NG",63,10679.5444308197,15463.7080288164,23221.7000314983,108024.706309044,228143.473126652,261449.9859375
"NG",64,10679.5444308197,15463.7080288164,23221.7000314983,108024.706309044,228143.473126652,261449.9859375
"NG",65,10679.5444308197,15463.7080288164,23221.7000314983,108024.706309044,228143.473126652,261449.9859375
"NG",66,10679.5444308197,15463.7080288164,23221.7000314983,108024.706309044,228143.473126652,261449.9859375
"NG",67,10679.5444308197,15463.7080288164,23221.7000314983,108024.706309044,228143.473126652,261449.9859375
"NG",68,10679.5444308197,15463.7080288164,23221.7000314983,108024.706309044,228143.473126652,261449.9859375
"NG",69,10679.5444308197,15463.7080288164,23221.7000314983,108024.706309044,228143.473126652,261449.9859375
"NG",70,10679.5444308197,15463.7080288164,23221.7000314983,108024.706309044,228143.473126652,261449.9859375
"NG",71,10679.5444308197,15463.7080288164,23221.7000314983,108024.706309044,228143.473126652,261449.9859375
"NG",72,10679.5444308197,15463.7080288164,23221.7000314983,108024.706309044,228143.473126652,261449.9859375
"NG",73,10679.5444308197,15463.7080288164,23221.7000314983,108024.706309044,228143.473126652,261449.9859375
"NG",74,10679.5444308197,15463.7080288164,23221.7000314983,108024.706309044,228143.473126652,261449.9859375
"NG",75,10679.5444308197,15463.7080288164,23221.7000314983,108024.706309044,228143.473126652,261449.9859375
"NG",76,10679.5444308197,15463.7080288164,23221.7000314983,108024.706309044,228143.473126652,261449.9859375
"NG",77,10679.5444308197,15463.7080288164,23221.7000314983,108024.706309044,228143.473126652,261449.9859375
"NG",78,10679.5444308197,15463.7080288164,23221.7000314983,108024.706309044,228143.473126652,261449.9859375
"NG",79,10679.5444308197,15463.7080288164,23221.7000314983,108024.706309044,228143.473126652,261449.9859375
"NG",80,10679.5444308197,15463.7080288164,23221.7000314983,108024.706309044,228143.473126652,261449.9859375
"NG",81,10679.5444308197,15463.7080288164,23221.7000314983,108024.706309044,228143.473126652,261449.9859375
"NG",82,10679.5444308197,15463.7080288164,23221.7000314983,108024.706309044,228143.473126652,261449.9859375
"NG",83,10679.5444308197,15463.7080288164,23221.7000314983,108024.706309044,228143.473126652,261449.9859375
"NG",84,10679.5444308197,15463.7080288164,23221.7000314983,108024.706309044,228143.473126652,261449.9859375
"NG",85,10679.5444308197,15463.7080288164,23221.7000314983,108024.706309044,228143.473126652,261449.9859375
"NG",86,10679.5444308197,15463.7080288164,23221.7000314983,108024.706309044,228143.473126652,261449.9859375
"NG",87,10679.5444308197,15463.7080288164,23221.7000314983,108024.706309044,228143.473126652,261449.9859375
"NG",88,10679.5444308197,15463.7080288164,23221.7000314983,108024.706309044,228143.473126652,261449.9859375
"NG",89,10679.5444308197,15463.7080288164,23221.7000314983,108024.706309044,228143.473126652,261449.9859375
"NG",90,10679.5444308197,15463.7080288164,23221.7000314983,108024.706309044,228143.473126652,261449.9859375
"NG",91,44628.4237283357,72483.9718587518,102555.288236703,296126.534478559,490244.553474927,518335.472222222
"NG",92,44628.4237283357,72483.9718587518,102555.288236703,296126.534478559,490244.553474927,518335.472222222
"NG",93,44628.4237283357,72483.9718587518,102555.288236703,296126.534478559,490244.553474927,518335.472222222
"NG",94,44628.4237283357,72483.9718587518,102555.288236703,296126.534478559,490244.553474927,518335.472222222
"NG",95,44628.4237283357,72483.9718587518,102555.288236703,296126.534478559,490244.553474927,518335.472222222
"NG",96,44628.4237283357,72483.9718587518,102555.288236703,296126.534478559,490244.553474927,518335.472222222
"NG",97,44628.4237283357,72483.9718587518,102555.288236703,296126.534478559,490244.553474927,518335.472222222
"NG",98,44628.4237283357,72483.9718587518,102555.288236703,296126.534478559,490244.553474927,518335.472222222
"NG",99,44628.4237283357,72483.9718587518,102555.288236703,296126.534478559,490244.553474927,518335.472222222
"NG",100,343870.44633958,438588.908794764,520740.326774343,889472.535803446,1040184.62867164,1006806.22162501
"RW",1,-754.456708710419,-467.644171444668,552.49242599232,27918.6592729303,94617.8027898061,125565.40703125
"RW",2,-754.456708710419,-467.644171444668,552.49242599232,27918.6592729303,94617.8027898061,125565.40703125
"RW",3,-754.456708710419,-467.644171444668,552.49242599232,27918.6592729303,94617.8027898061,125565.40703125
"RW",4,-754.456708710419,-467.644171444668,552.49242599232,27918.6592729303,94617.8027898061,125565.40703125
"RW",5,-754.456708710419,-467.644171444668,552.49242599232,27918.6592729303,94617.8027898061,125565.40703125
"RW",6,-754.456708710419,-467.644171444668,552.49242599232,27918.6592729303,94617.8027898061,125565.40703125
"RW",7,-754.456708710419,-467.644171444668,552.49242599232,27918.6592729303,94617.8027898061,125565.40703125
"RW",8,-754.456708710419,-467.644171444668,552.49242599232,27918.6592729303,94617.8027898061,125565.40703125
"RW",9,-754.456708710419,-467.644171444668,552.49242599232,27918.6592729303,94617.8027898061,125565.40703125
"RW",10,-754.456708710419,-467.644171444668,552.49242599232,27918.6592729303,94617.8027898061,125565.40703125
"RW",11,756.65388378539,1509.74791765612,3498.11897009598,39289.2546903442,117842.968343162,152795.1796875
"RW",12,756.65388378539,1509.74791765612,3498.11897009598,39289.2546903442,117842.968343162,152795.1796875
"RW",13,756.65388378539,1509.74791765612,3498.11897009598,39289.2546903442,117842.968343162,152795.1796875
"RW",14,756.65388378539,1509.74791765612,3498.11897009598,39289.2546903442,117842.968343162,152795.1796875
"RW",15,756.65388378539,1509.74791765612,3498.11897009598,39289.2546903442,117842.968343162,152795.1796875
"RW",16,756.65388378539,1509.74791765612,3498.11897009598,39289.2546903442,117842.968343162,152795.1796875
"RW",17,756.65388378539,1509.74791765612,3498.11897009598,39289.2546903442,117842.968343162,152795.1796875
"RW",18,756.65388378539,1509.74791765612,3498.11897009598,39289.2546903442,117842.968343162,152795.1796875
"RW",19,756.65388378539,1509.74791765612,3498.11897009598,39289.2546903442,117842.968343162,152795.1796875
"RW",20,756.65388378539,1509.74791765612,3498.11897009598,39289.2546903442,117842.968343162,152795.1796875
"RW",21,756.65388378539,1509.74791765612,3498.11897009598,39289.2546903442,117842.968343162,152795.1796875
"RW",22,756.65388378539,1509.74791765612,3498.11897009598,39289.2546903442,117842.968343162,152795.1796875
"RW",23,756.65388378539,1509.74791765612,3498.11897009598,39289.2546903442,117842.968343162,152795.1796875
"RW",24,756.65388378539,1509.74791765612,3498.11897009598,39289.2546903442,117842.968343162,152795.1796875
"RW",25,756.65388378539,1509.74791765612,3498.11897009598,39289.2546903442,117842.968343162,152795.1796875
"RW",26,756.65388378539,1509.74791765612,3498.11897009598,39289.2546903442,117842.968343162,152795.1796875
"RW",27,756.65388378539,1509.74791765612,3498.11897009598,39289.2546903442,117842.968343162,152795.1796875
"RW",28,756.65388378539,1509.74791765612,3498.11897009598,39289.2546903442,117842.968343162,152795.1796875
"RW",29,756.65388378539,1509.74791765612,3498.11897009598,39289.2546903442,117842.968343162,152795.1796875
"RW",30,756.65388378539,1509.74791765612,3498.11897009598,39289.2546903442,117842.968343162,152795.1796875
"RW",31,756.65388378539,1509.74791765612,3498.11897009598,39289.2546903442,117842.968343162,152795.1796875
"RW",32,756.65388378539,1509.74791765612,3498.11897009598,39289.2546903442,117842.968343162,152795.1796875
"RW",33,756.65388378539,1509.74791765612,3498.11897009598,39289.2546903442,117842.968343162,152795.1796875
"RW",34,756.65388378539,1509.74791765612,3498.11897009598,39289.2546903442,117842.968343162,152795.1796875
"RW",35,756.65388378539,1509.74791765612,3498.11897009598,39289.2546903442,117842.968343162,152795.1796875
"RW",36,756.65388378539,1509.74791765612,3498.11897009598,39289.2546903442,117842.968343162,152795.1796875
"RW",37,756.65388378539,1509.74791765612,3498.11897009598,39289.2546903442,117842.968343162,152795.1796875
"RW",38,756.65388378539,1509.74791765612,3498.11897009598,39289.2546903442,117842.968343162,152795.1796875
"RW",39,756.65388378539,1509.74791765612,3498.11897009598,39289.2546903442,117842.968343162,152795.1796875
"RW",40,756.65388378539,1509.74791765612,3498.11897009598,39289.2546903442,117842.968343162,152795.1796875
"RW",41,756.65388378539,1509.74791765612,3498.11897009598,39289.2546903442,117842.968343162,152795.1796875
"RW",42,756.65388378539,1509.74791765612,3498.11897009598,39289.2546903442,117842.968343162,152795.1796875
"RW",43,756.65388378539,1509.74791765612,3498.11897009598,39289.2546903442,117842.968343162,152795.1796875
"RW",44,756.65388378539,1509.74791765612,3498.11897009598,39289.2546903442,117842.968343162,152795.1796875
"RW",45,756.65388378539,1509.74791765612,3498.11897009598,39289.2546903442,117842.968343162,152795.1796875
"RW",46,756.65388378539,1509.74791765612,3498.11897009598,39289.2546903442,117842.968343162,152795.1796875
"RW",47,756.65388378539,1509.74791765612,3498.11897009598,39289.2546903442,117842.968343162,152795.1796875
"RW",48,756.65388378539,1509.74791765612,3498.11897009598,39289.2546903442,117842.968343162,152795.1796875
"RW",49,756.65388378539,1509.74791765612,3498.11897009598,39289.2546903442,117842.968343162,152795.1796875
"RW",50,756.65388378539,1509.74791765612,3498.11897009598,39289.2546903442,117842.968343162,152795.1796875
"RW",51,4931.65347358044,7071.58168221839,11656.2934665219,74861.7326364642,201939.246235555,257906.333984374
"RW",52,4931.65347358044,7071.58168221839,11656.2934665219,74861.7326364642,201939.246235555,257906.333984374
"RW",53,4931.65347358044,7071.58168221839,11656.2934665219,74861.7326364642,201939.246235555,257906.333984374
"RW",54,4931.65347358044,7071.58168221839,11656.2934665219,74861.7326364642,201939.246235555,257906.333984374
"RW",55,4931.65347358044,7071.58168221839,11656.2934665219,74861.7326364642,201939.246235555,257906.333984374
"RW",56,4931.65347358044,7071.58168221839,11656.2934665219,74861.7326364642,201939.246235555,257906.333984374
"RW",57,4931.65347358044,7071.58168221839,11656.2934665219,74861.7326364642,201939.246235555,257906.333984374
"RW",58,4931.65347358044,7071.58168221839,11656.2934665219,74861.7326364642,201939.246235555,257906.333984374
"RW",59,4931.65347358044,7071.58168221839,11656.2934665219,74861.7326364642,201939.246235555,257906.333984374
"RW",60,4931.65347358044,7071.58168221839,11656.2934665219,74861.7326364642,201939.246235555,257906.333984374
"RW",61,4931.65347358044,7071.58168221839,11656.2934665219,74861.7326364642,201939.246235555,257906.333984374
"RW",62,4931.65347358044,7071.58168221839,11656.2934665219,74861.7326364642,201939.246235555,257906.333984374
"RW",63,4931.65347358044,7071.58168221839,11656.2934665219,74861.7326364642,201939.246235555,257906.333984374
"RW",64,4931.65347358044,7071.58168221839,11656.2934665219,74861.7326364642,201939.246235555,257906.333984374
"RW",65,4931.65347358044,7071.58168221839,11656.2934665219,74861.7326364642,201939.246235555,257906.333984374
"RW",66,4931.65347358044,7071.58168221839,11656.2934665219,74861.7326364642,201939.246235555,257906.333984374
"RW",67,4931.65347358044,7071.58168221839,11656.2934665219,74861.7326364642,201939.246235555,257906.333984374
"RW",68,4931.65347358044,7071.58168221839,11656.2934665219,74861.7326364642,201939.246235555,257906.333984374
"RW",69,4931.65347358044,7071.58168221839,11656.2934665219,74861.7326364642,201939.246235555,257906.333984374
"RW",70,4931.65347358044,7071.58168221839,11656.2934665219,74861.7326364642,201939.246235555,257906.333984374
"RW",71,4931.65347358044,7071.58168221839,11656.2934665219,74861.7326364642,201939.246235555,257906.333984374
"RW",72,4931.65347358044,7071.58168221839,11656.2934665219,74861.7326364642,201939.246235555,257906.333984374
"RW",73,4931.65347358044,7071.58168221839,11656.2934665219,74861.7326364642,201939.246235555,257906.333984374
"RW",74,4931.65347358044,7071.58168221839,11656.2934665219,74861.7326364642,201939.246235555,257906.333984374
"RW",75,4931.65347358044,7071.58168221839,11656.2934665219,74861.7326364642,201939.246235555,257906.333984374
"RW",76,4931.65347358044,7071.58168221839,11656.2934665219,74861.7326364642,201939.246235555,257906.333984374
"RW",77,4931.65347358044,7071.58168221839,11656.2934665219,74861.7326364642,201939.246235555,257906.333984374
"RW",78,4931.65347358044,7071.58168221839,11656.2934665219,74861.7326364642,201939.246235555,257906.333984374
"RW",79,4931.65347358044,7071.58168221839,11656.2934665219,74861.7326364642,201939.246235555,257906.333984374
"RW",80,4931.65347358044,7071.58168221839,11656.2934665219,74861.7326364642,201939.246235555,257906.333984374
"RW",81,4931.65347358044,7071.58168221839,11656.2934665219,74861.7326364642,201939.246235555,257906.333984374
"RW",82,4931.65347358044,7071.58168221839,11656.2934665219,74861.7326364642,201939.246235555,257906.333984374
"RW",83,4931.65347358044,7071.58168221839,11656.2934665219,74861.7326364642,201939.246235555,257906.333984374
"RW",84,4931.65347358044,7071.58168221839,11656.2934665219,74861.7326364642,201939.246235555,257906.333984374
"RW",85,4931.65347358044,7071.58168221839,11656.2934665219,74861.7326364642,201939.246235555,257906.333984374
"RW",86,4931.65347358044,7071.58168221839,11656.2934665219,74861.7326364642,201939.246235555,257906.333984374
"RW",87,4931.65347358044,7071.58168221839,11656.2934665219,74861.7326364642,201939.246235555,257906.333984374
"RW",88,4931.65347358044,7071.58168221839,11656.2934665219,74861.7326364642,201939.246235555,257906.333984374
"RW",89,4931.65347358044,7071.58168221839,11656.2934665219,74861.7326364642,201939.246235555,257906.333984374
"RW",90,4931.65347358044,7071.58168221839,11656.2934665219,74861.7326364642,201939.246235555,257906.333984374
"RW",91,23284.448238636,40130.7714666348,62321.7613958662,222838.983560307,446341.577640367,514548.597222221
"RW",92,23284.448238636,40130.7714666348,62321.7613958662,222838.983560307,446341.577640367,514548.597222221
"RW",93,23284.448238636,40130.7714666348,62321.7613958662,222838.983560307,446341.577640367,514548.597222221
"RW",94,23284.448238636,40130.7714666348,62321.7613958662,222838.983560307,446341.577640367,514548.597222221
"RW",95,23284.448238636,40130.7714666348,62321.7613958662,222838.983560307,446341.577640367,514548.597222221
"RW",96,23284.448238636,40130.7714666348,62321.7613958662,222838.983560307,446341.577640367,514548.597222221
"RW",97,23284.448238636,40130.7714666348,62321.7613958662,222838.983560307,446341.577640367,514548.597222221
"RW",98,23284.448238636,40130.7714666348,62321.7613958662,222838.983560307,446341.577640367,514548.597222221
"RW",99,23284.448238636,40130.7714666348,62321.7613958662,222838.983560307,446341.577640367,514548.597222221
"RW",100,185852.871121276,288941.259591079,391650.093299442,820871.352748953,1073896.15859445,1085348.354875
"SD",1,-357.25009299799,-190.331211240194,574.887903799468,24318.4776349963,98031.5230679469,125324.5875
"SD",2,-357.25009299799,-190.331211240194,574.887903799468,24318.4776349963,98031.5230679469,125324.5875
"SD",3,-357.25009299799,-190.331211240194,574.887903799468,24318.4776349963,98031.5230679469,125324.5875
"SD",4,-357.25009299799,-190.331211240194,574.887903799468,24318.4776349963,98031.5230679469,125324.5875
"SD",5,-357.25009299799,-190.331211240194,574.887903799468,24318.4776349963,98031.5230679469,125324.5875
"SD",6,-357.25009299799,-190.331211240194,574.887903799468,24318.4776349963,98031.5230679469,125324.5875
"SD",7,-357.25009299799,-190.331211240194,574.887903799468,24318.4776349963,98031.5230679469,125324.5875
"SD",8,-357.25009299799,-190.331211240194,574.887903799468,24318.4776349963,98031.5230679469,125324.5875
"SD",9,-357.25009299799,-190.331211240194,574.887903799468,24318.4776349963,98031.5230679469,125324.5875
"SD",10,-357.25009299799,-190.331211240194,574.887903799468,24318.4776349963,98031.5230679469,125324.5875
"SD",11,443.836370583935,1024.70078240658,2762.68357898758,34848.9573378753,123082.037439611,153457.165625
"SD",12,443.836370583935,1024.70078240658,2762.68357898758,34848.9573378753,123082.037439611,153457.165625
"SD",13,443.836370583935,1024.70078240658,2762.68357898758,34848.9573378753,123082.037439611,153457.165625
"SD",14,443.836370583935,1024.70078240658,2762.68357898758,34848.9573378753,123082.037439611,153457.165625
"SD",15,443.836370583935,1024.70078240658,2762.68357898758,34848.9573378753,123082.037439611,153457.165625
"SD",16,443.836370583935,1024.70078240658,2762.68357898758,34848.9573378753,123082.037439611,153457.165625
"SD",17,443.836370583935,1024.70078240658,2762.68357898758,34848.9573378753,123082.037439611,153457.165625
"SD",18,443.836370583935,1024.70078240658,2762.68357898758,34848.9573378753,123082.037439611,153457.165625
"SD",19,443.836370583935,1024.70078240658,2762.68357898758,34848.9573378753,123082.037439611,153457.165625
"SD",20,443.836370583935,1024.70078240658,2762.68357898758,34848.9573378753,123082.037439611,153457.165625
"SD",21,443.836370583935,1024.70078240658,2762.68357898758,34848.9573378753,123082.037439611,153457.165625
"SD",22,443.836370583935,1024.70078240658,2762.68357898758,34848.9573378753,123082.037439611,153457.165625
"SD",23,443.836370583935,1024.70078240658,2762.68357898758,34848.9573378753,123082.037439611,153457.165625
"SD",24,443.836370583935,1024.70078240658,2762.68357898758,34848.9573378753,123082.037439611,153457.165625
"SD",25,443.836370583935,1024.70078240658,2762.68357898758,34848.9573378753,123082.037439611,153457.165625
"SD",26,443.836370583935,1024.70078240658,2762.68357898758,34848.9573378753,123082.037439611,153457.165625
"SD",27,443.836370583935,1024.70078240658,2762.68357898758,34848.9573378753,123082.037439611,153457.165625
"SD",28,443.836370583935,1024.70078240658,2762.68357898758,34848.9573378753,123082.037439611,153457.165625
"SD",29,443.836370583935,1024.70078240658,2762.68357898758,34848.9573378753,123082.037439611,153457.165625
"SD",30,443.836370583935,1024.70078240658,2762.68357898758,34848.9573378753,123082.037439611,153457.165625
"SD",31,443.836370583935,1024.70078240658,2762.68357898758,34848.9573378753,123082.037439611,153457.165625
"SD",32,443.836370583935,1024.70078240658,2762.68357898758,34848.9573378753,123082.037439611,153457.165625
"SD",33,443.836370583935,1024.70078240658,2762.68357898758,34848.9573378753,123082.037439611,153457.165625
"SD",34,443.836370583935,1024.70078240658,2762.68357898758,34848.9573378753,123082.037439611,153457.165625
"SD",35,443.836370583935,1024.70078240658,2762.68357898758,34848.9573378753,123082.037439611,153457.165625
"SD",36,443.836370583935,1024.70078240658,2762.68357898758,34848.9573378753,123082.037439611,153457.165625
"SD",37,443.836370583935,1024.70078240658,2762.68357898758,34848.9573378753,123082.037439611,153457.165625
"SD",38,443.836370583935,1024.70078240658,2762.68357898758,34848.9573378753,123082.037439611,153457.165625
"SD",39,443.836370583935,1024.70078240658,2762.68357898758,34848.9573378753,123082.037439611,153457.165625
"SD",40,443.836370583935,1024.70078240658,2762.68357898758,34848.9573378753,123082.037439611,153457.165625
"SD",41,443.836370583935,1024.70078240658,2762.68357898758,34848.9573378753,123082.037439611,153457.165625
"SD",42,443.836370583935,1024.70078240658,2762.68357898758,34848.9573378753,123082.037439611,153457.165625
"SD",43,443.836370583935,1024.70078240658,2762.68357898758,34848.9573378753,123082.037439611,153457.165625
"SD",44,443.836370583935,1024.70078240658,2762.68357898758,34848.9573378753,123082.037439611,153457.165625
"SD",45,443.836370583935,1024.70078240658,2762.68357898758,34848.9573378753,123082.037439611,153457.165625
"SD",46,443.836370583935,1024.70078240658,2762.68357898758,34848.9573378753,123082.037439611,153457.165625
"SD",47,443.836370583935,1024.70078240658,2762.68357898758,34848.9573378753,123082.037439611,153457.165625
"SD",48,443.836370583935,1024.70078240658,2762.68357898758,34848.9573378753,123082.037439611,153457.165625
"SD",49,443.836370583935,1024.70078240658,2762.68357898758,34848.9573378753,123082.037439611,153457.165625
"SD",50,443.836370583935,1024.70078240658,2762.68357898758,34848.9573378753,123082.037439611,153457.165625
"SD",51,2791.10083412304,4616.48043231067,8962.24232809104,67347.3242966892,213081.507416118,261126.760546875
"SD",52,2791.10083412304,4616.48043231067,8962.24232809104,67347.3242966892,213081.507416118,261126.760546875
"SD",53,2791.10083412304,4616.48043231067,8962.24232809104,67347.3242966892,213081.507416118,261126.760546875
"SD",54,2791.10083412304,4616.48043231067,8962.24232809104,67347.3242966892,213081.507416118,261126.760546875
"SD",55,2791.10083412304,4616.48043231067,8962.24232809104,67347.3242966892,213081.507416118,261126.760546875
"SD",56,2791.10083412304,4616.48043231067,8962.24232809104,67347.3242966892,213081.507416118,261126.760546875
"SD",57,2791.10083412304,4616.48043231067,8962.24232809104,67347.3242966892,213081.507416118,261126.760546875
"SD",58,2791.10083412304,4616.48043231067,8962.24232809104,67347.3242966892,213081.507416118,261126.760546875
"SD",59,2791.10083412304,4616.48043231067,8962.24232809104,67347.3242966892,213081.507416118,261126.760546875
"SD",60,2791.10083412304,4616.48043231067,8962.24232809104,67347.3242966892,213081.507416118,261126.760546875
"SD",61,2791.10083412304,4616.48043231067,8962.24232809104,67347.3242966892,213081.507416118,261126.760546875
"SD",62,2791.10083412304,4616.48043231067,8962.24232809104,67347.3242966892,213081.507416118,261126.760546875
"SD",63,2791.10083412304,4616.48043231067,8962.24232809104,67347.3242966892,213081.507416118,261126.760546875
"SD",64,2791.10083412304,4616.48043231067,8962.24232809104,67347.3242966892,213081.507416118,261126.760546875
"SD",65,2791.10083412304,4616.48043231067,8962.24232809104,67347.3242966892,213081.507416118,261126.760546875
"SD",66,2791.10083412304,4616.48043231067,8962.24232809104,67347.3242966892,213081.507416118,261126.760546875
"SD",67,2791.10083412304,4616.48043231067,8962.24232809104,67347.3242966892,213081.507416118,261126.760546875
"SD",68,2791.10083412304,4616.48043231067,8962.24232809104,67347.3242966892,213081.507416118,261126.760546875
"SD",69,2791.10083412304,4616.48043231067,8962.24232809104,67347.3242966892,213081.507416118,261126.760546875
"SD",70,2791.10083412304,4616.48043231067,8962.24232809104,67347.3242966892,213081.507416118,261126.760546875
"SD",71,2791.10083412304,4616.48043231067,8962.24232809104,67347.3242966892,213081.507416118,261126.760546875
"SD",72,2791.10083412304,4616.48043231067,8962.24232809104,67347.3242966892,213081.507416118,261126.760546875
"SD",73,2791.10083412304,4616.48043231067,8962.24232809104,67347.3242966892,213081.507416118,261126.760546875
"SD",74,2791.10083412304,4616.48043231067,8962.24232809104,67347.3242966892,213081.507416118,261126.760546875
"SD",75,2791.10083412304,4616.48043231067,8962.24232809104,67347.3242966892,213081.507416118,261126.760546875
"SD",76,2791.10083412304,4616.48043231067,8962.24232809104,67347.3242966892,213081.507416118,261126.760546875
"SD",77,2791.10083412304,4616.48043231067,8962.24232809104,67347.3242966892,213081.507416118,261126.760546875
"SD",78,2791.10083412304,4616.48043231067,8962.24232809104,67347.3242966892,213081.507416118,261126.760546875
"SD",79,2791.10083412304,4616.48043231067,8962.24232809104,67347.3242966892,213081.507416118,261126.760546875
"SD",80,2791.10083412304,4616.48043231067,8962.24232809104,67347.3242966892,213081.507416118,261126.760546875
"SD",81,2791.10083412304,4616.48043231067,8962.24232809104,67347.3242966892,213081.507416118,261126.760546875
"SD",82,2791.10083412304,4616.48043231067,8962.24232809104,67347.3242966892,213081.507416118,261126.760546875
"SD",83,2791.10083412304,4616.48043231067,8962.24232809104,67347.3242966892,213081.507416118,261126.760546875
"SD",84,2791.10083412304,4616.48043231067,8962.24232809104,67347.3242966892,213081.507416118,261126.760546875
"SD",85,2791.10083412304,4616.48043231067,8962.24232809104,67347.3242966892,213081.507416118,261126.760546875
"SD",86,2791.10083412304,4616.48043231067,8962.24232809104,67347.3242966892,213081.507416118,261126.760546875
"SD",87,2791.10083412304,4616.48043231067,8962.24232809104,67347.3242966892,213081.507416118,261126.760546875
"SD",88,2791.10083412304,4616.48043231067,8962.24232809104,67347.3242966892,213081.507416118,261126.760546875
"SD",89,2791.10083412304,4616.48043231067,8962.24232809104,67347.3242966892,213081.507416118,261126.760546875
"SD",90,2791.10083412304,4616.48043231067,8962.24232809104,67347.3242966892,213081.507416118,261126.760546875
"SD",91,11880.9217462722,23186.9104919526,41327.7982632366,180323.843017602,445865.80759013,504986.479166667
"SD",92,11880.9217462722,23186.9104919526,41327.7982632366,180323.843017602,445865.80759013,504986.479166667
"SD",93,11880.9217462722,23186.9104919526,41327.7982632366,180323.843017602,445865.80759013,504986.479166667
"SD",94,11880.9217462722,23186.9104919526,41327.7982632366,180323.843017602,445865.80759013,504986.479166667
"SD",95,11880.9217462722,23186.9104919526,41327.7982632366,180323.843017602,445865.80759013,504986.479166667
"SD",96,11880.9217462722,23186.9104919526,41327.7982632366,180323.843017602,445865.80759013,504986.479166667
"SD",97,11880.9217462722,23186.9104919526,41327.7982632366,180323.843017602,445865.80759013,504986.479166667
"SD",98,11880.9217462722,23186.9104919526,41327.7982632366,180323.843017602,445865.80759013,504986.479166667
"SD",99,11880.9217462722,23186.9104919526,41327.7982632366,180323.843017602,445865.80759013,504986.479166667
"SD",100,76710.3953162436,151157.806634492,243313.30441953,630379.342737516,1011848.372002,1018519.15375
"ZA",1,-10597.7020135617,-7538.46938055007,-3559.84817319727,30697.117030335,94846.9712252258,123402.70546875
"ZA",2,-10597.7020135617,-7538.46938055007,-3559.84817319727,30697.117030335,94846.9712252258,123402.70546875
"ZA",3,-10597.7020135617,-7538.46938055007,-3559.84817319727,30697.117030335,94846.9712252258,123402.70546875
"ZA",4,-10597.7020135617,-7538.46938055007,-3559.84817319727,30697.117030335,94846.9712252258,123402.70546875
"ZA",5,-10597.7020135617,-7538.46938055007,-3559.84817319727,30697.117030335,94846.9712252258,123402.70546875
"ZA",6,-10597.7020135617,-7538.46938055007,-3559.84817319727,30697.117030335,94846.9712252258,123402.70546875
"ZA",7,-10597.7020135617,-7538.46938055007,-3559.84817319727,30697.117030335,94846.9712252258,123402.70546875
"ZA",8,-10597.7020135617,-7538.46938055007,-3559.84817319727,30697.117030335,94846.9712252258,123402.70546875
"ZA",9,-10597.7020135617,-7538.46938055007,-3559.84817319727,30697.117030335,94846.9712252258,123402.70546875
"ZA",10,-10597.7020135617,-7538.46938055007,-3559.84817319727,30697.117030335,94846.9712252258,123402.70546875
"ZA",11,735.894408943612,2772.98244156348,6957.33067095009,45659.0261883979,116793.321197482,148828.021875
"ZA",12,735.894408943612,2772.98244156348,6957.33067095009,45659.0261883979,116793.321197482,148828.021875
"ZA",13,735.894408943612,2772.98244156348,6957.33067095009,45659.0261883979,116793.321197482,148828.021875
"ZA",14,735.894408943612,2772.98244156348,6957.33067095009,45659.0261883979,116793.321197482,148828.021875
"ZA",15,735.894408943612,2772.98244156348,6957.33067095009,45659.0261883979,116793.321197482,148828.021875
"ZA",16,735.894408943612,2772.98244156348,6957.33067095009,45659.0261883979,116793.321197482,148828.021875
"ZA",17,735.894408943612,2772.98244156348,6957.33067095009,45659.0261883979,116793.321197482,148828.021875
"ZA",18,735.894408943612,2772.98244156348,6957.33067095009,45659.0261883979,116793.321197482,148828.021875
"ZA",19,735.894408943612,2772.98244156348,6957.33067095009,45659.0261883979,116793.321197482,148828.021875
"ZA",20,735.894408943612,2772.98244156348,6957.33067095009,45659.0261883979,116793.321197482,148828.021875
"ZA",21,735.894408943612,2772.98244156348,6957.33067095009,45659.0261883979,116793.321197482,148828.021875
"ZA",22,735.894408943612,2772.98244156348,6957.33067095009,45659.0261883979,116793.321197482,148828.021875
"ZA",23,735.894408943612,2772.98244156348,6957.33067095009,45659.0261883979,116793.321197482,148828.021875
"ZA",24,735.894408943612,2772.98244156348,6957.33067095009,45659.0261883979,116793.321197482,148828.021875
"ZA",25,735.894408943612,2772.98244156348,6957.33067095009,45659.0261883979,116793.321197482,148828.021875
"ZA",26,735.894408943612,2772.98244156348,6957.33067095009,45659.0261883979,116793.321197482,148828.021875
"ZA",27,735.894408943612,2772.98244156348,6957.33067095009,45659.0261883979,116793.321197482,148828.021875
"ZA",28,735.894408943612,2772.98244156348,6957.33067095009,45659.0261883979,116793.321197482,148828.021875
"ZA",29,735.894408943612,2772.98244156348,6957.33067095009,45659.0261883979,116793.321197482,148828.021875
"ZA",30,735.894408943612,2772.98244156348,6957.33067095009,45659.0261883979,116793.321197482,148828.021875
"ZA",31,735.894408943612,2772.98244156348,6957.33067095009,45659.0261883979,116793.321197482,148828.021875
"ZA",32,735.894408943612,2772.98244156348,6957.33067095009,45659.0261883979,116793.321197482,148828.021875
"ZA",33,735.894408943612,2772.98244156348,6957.33067095009,45659.0261883979,116793.321197482,148828.021875
"ZA",34,735.894408943612,2772.98244156348,6957.33067095009,45659.0261883979,116793.321197482,148828.021875
"ZA",35,735.894408943612,2772.98244156348,6957.33067095009,45659.0261883979,116793.321197482,148828.021875
"ZA",36,735.894408943612,2772.98244156348,6957.33067095009,45659.0261883979,116793.321197482,148828.021875
"ZA",37,735.894408943612,2772.98244156348,6957.33067095009,45659.0261883979,116793.321197482,148828.021875
"ZA",38,735.894408943612,2772.98244156348,6957.33067095009,45659.0261883979,116793.321197482,148828.021875
"ZA",39,735.894408943612,2772.98244156348,6957.33067095009,45659.0261883979,116793.321197482,148828.021875
"ZA",40,735.894408943612,2772.98244156348,6957.33067095009,45659.0261883979,116793.321197482,148828.021875
"ZA",41,735.894408943612,2772.98244156348,6957.33067095009,45659.0261883979,116793.321197482,148828.021875
"ZA",42,735.894408943612,2772.98244156348,6957.33067095009,45659.0261883979,116793.321197482,148828.021875
"ZA",43,735.894408943612,2772.98244156348,6957.33067095009,45659.0261883979,116793.321197482,148828.021875
"ZA",44,735.894408943612,2772.98244156348,6957.33067095009,45659.0261883979,116793.321197482,148828.021875
"ZA",45,735.894408943612,2772.98244156348,6957.33067095009,45659.0261883979,116793.321197482,148828.021875
"ZA",46,735.894408943612,2772.98244156348,6957.33067095009,45659.0261883979,116793.321197482,148828.021875
"ZA",47,735.894408943612,2772.98244156348,6957.33067095009,45659.0261883979,116793.321197482,148828.021875
"ZA",48,735.894408943612,2772.98244156348,6957.33067095009,45659.0261883979,116793.321197482,148828.021875
"ZA",49,735.894408943612,2772.98244156348,6957.33067095009,45659.0261883979,116793.321197482,148828.021875
"ZA",50,735.894408943612,2772.98244156348,6957.33067095009,45659.0261883979,116793.321197482,148828.021875
"ZA",51,12993.0528474343,19051.7703254556,28872.5721083447,95807.0457394403,205148.363293564,254584.098437499
"ZA",52,12993.0528474343,19051.7703254556,28872.5721083447,95807.0457394403,205148.363293564,254584.098437499
"ZA",53,12993.0528474343,19051.7703254556,28872.5721083447,95807.0457394403,205148.363293564,254584.098437499
"ZA",54,12993.0528474343,19051.7703254556,28872.5721083447,95807.0457394403,205148.363293564,254584.098437499
"ZA",55,12993.0528474343,19051.7703254556,28872.5721083447,95807.0457394403,205148.363293564,254584.098437499
"ZA",56,12993.0528474343,19051.7703254556,28872.5721083447,95807.0457394403,205148.363293564,254584.098437499
"ZA",57,12993.0528474343,19051.7703254556,28872.5721083447,95807.0457394403,205148.363293564,254584.098437499
"ZA",58,12993.0528474343,19051.7703254556,28872.5721083447,95807.0457394403,205148.363293564,254584.098437499
"ZA",59,12993.0528474343,19051.7703254556,28872.5721083447,95807.0457394403,205148.363293564,254584.098437499
"ZA",60,12993.0528474343,19051.7703254556,28872.5721083447,95807.0457394403,205148.363293564,254584.098437499
"ZA",61,12993.0528474343,19051.7703254556,28872.5721083447,95807.0457394403,205148.363293564,254584.098437499
"ZA",62,12993.0528474343,19051.7703254556,28872.5721083447,95807.0457394403,205148.363293564,254584.098437499
"ZA",63,12993.0528474343,19051.7703254556,28872.5721083447,95807.0457394403,205148.363293564,254584.098437499
"ZA",64,12993.0528474343,19051.7703254556,28872.5721083447,95807.0457394403,205148.363293564,254584.098437499
"ZA",65,12993.0528474343,19051.7703254556,28872.5721083447,95807.0457394403,205148.363293564,254584.098437499
"ZA",66,12993.0528474343,19051.7703254556,28872.5721083447,95807.0457394403,205148.363293564,254584.098437499
"ZA",67,12993.0528474343,19051.7703254556,28872.5721083447,95807.0457394403,205148.363293564,254584.098437499
"ZA",68,12993.0528474343,19051.7703254556,28872.5721083447,95807.0457394403,205148.363293564,254584.098437499
"ZA",69,12993.0528474343,19051.7703254556,28872.5721083447,95807.0457394403,205148.363293564,254584.098437499
"ZA",70,12993.0528474343,19051.7703254556,28872.5721083447,95807.0457394403,205148.363293564,254584.098437499
"ZA",71,12993.0528474343,19051.7703254556,28872.5721083447,95807.0457394403,205148.363293564,254584.098437499
"ZA",72,12993.0528474343,19051.7703254556,28872.5721083447,95807.0457394403,205148.363293564,254584.098437499
"ZA",73,12993.0528474343,19051.7703254556,28872.5721083447,95807.0457394403,205148.363293564,254584.098437499
"ZA",74,12993.0528474343,19051.7703254556,28872.5721083447,95807.0457394403,205148.363293564,254584.098437499
"ZA",75,12993.0528474343,19051.7703254556,28872.5721083447,95807.0457394403,205148.363293564,254584.098437499
"ZA",76,12993.0528474343,19051.7703254556,28872.5721083447,95807.0457394403,205148.363293564,254584.098437499
"ZA",77,12993.0528474343,19051.7703254556,28872.5721083447,95807.0457394403,205148.363293564,254584.098437499
"ZA",78,12993.0528474343,19051.7703254556,28872.5721083447,95807.0457394403,205148.363293564,254584.098437499
"ZA",79,12993.0528474343,19051.7703254556,28872.5721083447,95807.0457394403,205148.363293564,254584.098437499
"ZA",80,12993.0528474343,19051.7703254556,28872.5721083447,95807.0457394403,205148.363293564,254584.098437499
"ZA",81,12993.0528474343,19051.7703254556,28872.5721083447,95807.0457394403,205148.363293564,254584.098437499
"ZA",82,12993.0528474343,19051.7703254556,28872.5721083447,95807.0457394403,205148.363293564,254584.098437499
"ZA",83,12993.0528474343,19051.7703254556,28872.5721083447,95807.0457394403,205148.363293564,254584.098437499
"ZA",84,12993.0528474343,19051.7703254556,28872.5721083447,95807.0457394403,205148.363293564,254584.098437499
"ZA",85,12993.0528474343,19051.7703254556,28872.5721083447,95807.0457394403,205148.363293564,254584.098437499
"ZA",86,12993.0528474343,19051.7703254556,28872.5721083447,95807.0457394403,205148.363293564,254584.098437499
"ZA",87,12993.0528474343,19051.7703254556,28872.5721083447,95807.0457394403,205148.363293564,254584.098437499
"ZA",88,12993.0528474343,19051.7703254556,28872.5721083447,95807.0457394403,205148.363293564,254584.098437499
"ZA",89,12993.0528474343,19051.7703254556,28872.5721083447,95807.0457394403,205148.363293564,254584.098437499
"ZA",90,12993.0528474343,19051.7703254556,28872.5721083447,95807.0457394403,205148.363293564,254584.098437499
"ZA",91,105686.694941324,169087.543849481,226738.850466196,389794.514373516,517465.132349981,551598.336805554
"ZA",92,105686.694941324,169087.543849481,226738.850466196,389794.514373516,517465.132349981,551598.336805554
"ZA",93,105686.694941324,169087.543849481,226738.850466196,389794.514373516,517465.132349981,551598.336805554
"ZA",94,105686.694941324,169087.543849481,226738.850466196,389794.514373516,517465.132349981,551598.336805554
"ZA",95,105686.694941324,169087.543849481,226738.850466196,389794.514373516,517465.132349981,551598.336805554
"ZA",96,105686.694941324,169087.543849481,226738.850466196,389794.514373516,517465.132349981,551598.336805554
"ZA",97,105686.694941324,169087.543849481,226738.850466196,389794.514373516,517465.132349981,551598.336805554
"ZA",98,105686.694941324,169087.543849481,226738.850466196,389794.514373516,517465.132349981,551598.336805554
"ZA",99,105686.694941324,169087.543849481,226738.850466196,389794.514373516,517465.132349981,551598.336805554
"ZA",100,1697746.06578826,1643561.66640412,1517703.64301622,1222650.95604223,1090391.46431251,1065102.9055
"OJ",1,-1026.13837563497,-692.893338783009,292.704826858244,26458.3929256841,92019.7727458899,123878.8453125
"OJ",2,-1026.13837563497,-692.893338783009,292.704826858244,26458.3929256841,92019.7727458899,123878.8453125
"OJ",3,-1026.13837563497,-692.893338783009,292.704826858244,26458.3929256841,92019.7727458899,123878.8453125
"OJ",4,-1026.13837563497,-692.893338783009,292.704826858244,26458.3929256841,92019.7727458899,123878.8453125
"OJ",5,-1026.13837563497,-692.893338783009,292.704826858244,26458.3929256841,92019.7727458899,123878.8453125
"OJ",6,-1026.13837563497,-692.893338783009,292.704826858244,26458.3929256841,92019.7727458899,123878.8453125
"OJ",7,-1026.13837563497,-692.893338783009,292.704826858244,26458.3929256841,92019.7727458899,123878.8453125
"OJ",8,-1026.13837563497,-692.893338783009,292.704826858244,26458.3929256841,92019.7727458899,123878.8453125
"OJ",9,-1026.13837563497,-692.893338783009,292.704826858244,26458.3929256841,92019.7727458899,123878.8453125
"OJ",10,-1026.13837563497,-692.893338783009,292.704826858244,26458.3929256841,92019.7727458899,123878.8453125
"OJ",11,767.589692196188,1389.50665863952,3205.65531832804,36863.3944641157,113662.623146034,149956.565039062
"OJ",12,767.589692196188,1389.50665863952,3205.65531832804,36863.3944641157,113662.623146034,149956.565039062
"OJ",13,767.589692196188,1389.50665863952,3205.65531832804,36863.3944641157,113662.623146034,149956.565039062
"OJ",14,767.589692196188,1389.50665863952,3205.65531832804,36863.3944641157,113662.623146034,149956.565039062
"OJ",15,767.589692196188,1389.50665863952,3205.65531832804,36863.3944641157,113662.623146034,149956.565039062
"OJ",16,767.589692196188,1389.50665863952,3205.65531832804,36863.3944641157,113662.623146034,149956.565039062
"OJ",17,767.589692196188,1389.50665863952,3205.65531832804,36863.3944641157,113662.623146034,149956.565039062
"OJ",18,767.589692196188,1389.50665863952,3205.65531832804,36863.3944641157,113662.623146034,149956.565039062
"OJ",19,767.589692196188,1389.50665863952,3205.65531832804,36863.3944641157,113662.623146034,149956.565039062
"OJ",20,767.589692196188,1389.50665863952,3205.65531832804,36863.3944641157,113662.623146034,149956.565039062
"OJ",21,767.589692196188,1389.50665863952,3205.65531832804,36863.3944641157,113662.623146034,149956.565039062
"OJ",22,767.589692196188,1389.50665863952,3205.65531832804,36863.3944641157,113662.623146034,149956.565039062
"OJ",23,767.589692196188,1389.50665863952,3205.65531832804,36863.3944641157,113662.623146034,149956.565039062
"OJ",24,767.589692196188,1389.50665863952,3205.65531832804,36863.3944641157,113662.623146034,149956.565039062
"OJ",25,767.589692196188,1389.50665863952,3205.65531832804,36863.3944641157,113662.623146034,149956.565039062
"OJ",26,767.589692196188,1389.50665863952,3205.65531832804,36863.3944641157,113662.623146034,149956.565039062
"OJ",27,767.589692196188,1389.50665863952,3205.65531832804,36863.3944641157,113662.623146034,149956.565039062
"OJ",28,767.589692196188,1389.50665863952,3205.65531832804,36863.3944641157,113662.623146034,149956.565039062
"OJ",29,767.589692196188,1389.50665863952,3205.65531832804,36863.3944641157,113662.623146034,149956.565039062
"OJ",30,767.589692196188,1389.50665863952,3205.65531832804,36863.3944641157,113662.623146034,149956.565039062
"OJ",31,767.589692196188,1389.50665863952,3205.65531832804,36863.3944641157,113662.623146034,149956.565039062
"OJ",32,767.589692196188,1389.50665863952,3205.65531832804,36863.3944641157,113662.623146034,149956.565039062
"OJ",33,767.589692196188,1389.50665863952,3205.65531832804,36863.3944641157,113662.623146034,149956.565039062
"OJ",34,767.589692196188,1389.50665863952,3205.65531832804,36863.3944641157,113662.623146034,149956.565039062
"OJ",35,767.589692196188,1389.50665863952,3205.65531832804,36863.3944641157,113662.623146034,149956.565039062
"OJ",36,767.589692196188,1389.50665863952,3205.65531832804,36863.3944641157,113662.623146034,149956.565039062
"OJ",37,767.589692196188,1389.50665863952,3205.65531832804,36863.3944641157,113662.623146034,149956.565039062
"OJ",38,767.589692196188,1389.50665863952,3205.65531832804,36863.3944641157,113662.623146034,149956.565039062
"OJ",39,767.589692196188,1389.50665863952,3205.65531832804,36863.3944641157,113662.623146034,149956.565039062
"OJ",40,767.589692196188,1389.50665863952,3205.65531832804,36863.3944641157,113662.623146034,149956.565039062
"OJ",41,767.589692196188,1389.50665863952,3205.65531832804,36863.3944641157,113662.623146034,149956.565039062
"OJ",42,767.589692196188,1389.50665863952,3205.65531832804,36863.3944641157,113662.623146034,149956.565039062
"OJ",43,767.589692196188,1389.50665863952,3205.65531832804,36863.3944641157,113662.623146034,149956.565039062
"OJ",44,767.589692196188,1389.50665863952,3205.65531832804,36863.3944641157,113662.623146034,149956.565039062
"OJ",45,767.589692196188,1389.50665863952,3205.65531832804,36863.3944641157,113662.623146034,149956.565039062
"OJ",46,767.589692196188,1389.50665863952,3205.65531832804,36863.3944641157,113662.623146034,149956.565039062
"OJ",47,767.589692196188,1389.50665863952,3205.65531832804,36863.3944641157,113662.623146034,149956.565039062
"OJ",48,767.589692196188,1389.50665863952,3205.65531832804,36863.3944641157,113662.623146034,149956.565039062
"OJ",49,767.589692196188,1389.50665863952,3205.65531832804,36863.3944641157,113662.623146034,149956.565039062
"OJ",50,767.589692196188,1389.50665863952,3205.65531832804,36863.3944641157,113662.623146034,149956.565039062
"OJ",51,5783.2692215178,8212.32142682287,13373.7591763772,77334.1952167571,202132.177694261,258777.351562501
"OJ",52,5783.2692215178,8212.32142682287,13373.7591763772,77334.1952167571,202132.177694261,258777.351562501
"OJ",53,5783.2692215178,8212.32142682287,13373.7591763772,77334.1952167571,202132.177694261,258777.351562501
"OJ",54,5783.2692215178,8212.32142682287,13373.7591763772,77334.1952167571,202132.177694261,258777.351562501
"OJ",55,5783.2692215178,8212.32142682287,13373.7591763772,77334.1952167571,202132.177694261,258777.351562501
"OJ",56,5783.2692215178,8212.32142682287,13373.7591763772,77334.1952167571,202132.177694261,258777.351562501
"OJ",57,5783.2692215178,8212.32142682287,13373.7591763772,77334.1952167571,202132.177694261,258777.351562501
"OJ",58,5783.2692215178,8212.32142682287,13373.7591763772,77334.1952167571,202132.177694261,258777.351562501
"OJ",59,5783.2692215178,8212.32142682287,13373.7591763772,77334.1952167571,202132.177694261,258777.351562501
"OJ",60,5783.2692215178,8212.32142682287,13373.7591763772,77334.1952167571,202132.177694261,258777.351562501
"OJ",61,5783.2692215178,8212.32142682287,13373.7591763772,77334.1952167571,202132.177694261,258777.351562501
"OJ",62,5783.2692215178,8212.32142682287,13373.7591763772,77334.1952167571,202132.177694261,258777.351562501
"OJ",63,5783.2692215178,8212.32142682287,13373.7591763772,77334.1952167571,202132.177694261,258777.351562501
"OJ",64,5783.2692215178,8212.32142682287,13373.7591763772,77334.1952167571,202132.177694261,258777.351562501
"OJ",65,5783.2692215178,8212.32142682287,13373.7591763772,77334.1952167571,202132.177694261,258777.351562501
"OJ",66,5783.2692215178,8212.32142682287,13373.7591763772,77334.1952167571,202132.177694261,258777.351562501
"OJ",67,5783.2692215178,8212.32142682287,13373.7591763772,77334.1952167571,202132.177694261,258777.351562501
"OJ",68,5783.2692215178,8212.32142682287,13373.7591763772,77334.1952167571,202132.177694261,258777.351562501
"OJ",69,5783.2692215178,8212.32142682287,13373.7591763772,77334.1952167571,202132.177694261,258777.351562501
"OJ",70,5783.2692215178,8212.32142682287,13373.7591763772,77334.1952167571,202132.177694261,258777.351562501
"OJ",71,5783.2692215178,8212.32142682287,13373.7591763772,77334.1952167571,202132.177694261,258777.351562501
"OJ",72,5783.2692215178,8212.32142682287,13373.7591763772,77334.1952167571,202132.177694261,258777.351562501
"OJ",73,5783.2692215178,8212.32142682287,13373.7591763772,77334.1952167571,202132.177694261,258777.351562501
"OJ",74,5783.2692215178,8212.32142682287,13373.7591763772,77334.1952167571,202132.177694261,258777.351562501
"OJ",75,5783.2692215178,8212.32142682287,13373.7591763772,77334.1952167571,202132.177694261,258777.351562501
"OJ",76,5783.2692215178,8212.32142682287,13373.7591763772,77334.1952167571,202132.177694261,258777.351562501
"OJ",77,5783.2692215178,8212.32142682287,13373.7591763772,77334.1952167571,202132.177694261,258777.351562501
"OJ",78,5783.2692215178,8212.32142682287,13373.7591763772,77334.1952167571,202132.177694261,258777.351562501
"OJ",79,5783.2692215178,8212.32142682287,13373.7591763772,77334.1952167571,202132.177694261,258777.351562501
"OJ",80,5783.2692215178,8212.32142682287,13373.7591763772,77334.1952167571,202132.177694261,258777.351562501
"OJ",81,5783.2692215178,8212.32142682287,13373.7591763772,77334.1952167571,202132.177694261,258777.351562501
"OJ",82,5783.2692215178,8212.32142682287,13373.7591763772,77334.1952167571,202132.177694261,258777.351562501
"OJ",83,5783.2692215178,8212.32142682287,13373.7591763772,77334.1952167571,202132.177694261,258777.351562501
"OJ",84,5783.2692215178,8212.32142682287,13373.7591763772,77334.1952167571,202132.177694261,258777.351562501
"OJ",85,5783.2692215178,8212.32142682287,13373.7591763772,77334.1952167571,202132.177694261,258777.351562501
"OJ",86,5783.2692215178,8212.32142682287,13373.7591763772,77334.1952167571,202132.177694261,258777.351562501
"OJ",87,5783.2692215178,8212.32142682287,13373.7591763772,77334.1952167571,202132.177694261,258777.351562501
"OJ",88,5783.2692215178,8212.32142682287,13373.7591763772,77334.1952167571,202132.177694261,258777.351562501
"OJ",89,5783.2692215178,8212.32142682287,13373.7591763772,77334.1952167571,202132.177694261,258777.351562501
"OJ",90,5783.2692215178,8212.32142682287,13373.7591763772,77334.1952167571,202132.177694261,258777.351562501
"OJ",91,30875.2929871031,50875.4369477641,76529.0655294567,241525.723471604,455890.98000907,523040.156250001
"OJ",92,30875.2929871031,50875.4369477641,76529.0655294567,241525.723471604,455890.98000907,523040.156250001
"OJ",93,30875.2929871031,50875.4369477641,76529.0655294567,241525.723471604,455890.98000907,523040.156250001
"OJ",94,30875.2929871031,50875.4369477641,76529.0655294567,241525.723471604,455890.98000907,523040.156250001
"OJ",95,30875.2929871031,50875.4369477641,76529.0655294567,241525.723471604,455890.98000907,523040.156250001
"OJ",96,30875.2929871031,50875.4369477641,76529.0655294567,241525.723471604,455890.98000907,523040.156250001
"OJ",97,30875.2929871031,50875.4369477641,76529.0655294567,241525.723471604,455890.98000907,523040.156250001
"OJ",98,30875.2929871031,50875.4369477641,76529.0655294567,241525.723471604,455890.98000907,523040.156250001
"OJ",99,30875.2929871031,50875.4369477641,76529.0655294567,241525.723471604,455890.98000907,523040.156250001
"OJ",100,262958.550249991,388934.793579078,505076.97858788,910046.894583058,1096085.43937354,1104493.94062501
"RU",1,-3836.39256409342,-2487.83639764421,708.627382438979,34320.5986573701,92141.8470006861,115419.458593749
"RU",2,-3836.39256409342,-2487.83639764421,708.627382438979,34320.5986573701,92141.8470006861,115419.458593749
"RU",3,-3836.39256409342,-2487.83639764421,708.627382438979,34320.5986573701,92141.8470006861,115419.458593749
"RU",4,-3836.39256409342,-2487.83639764421,708.627382438979,34320.5986573701,92141.8470006861,115419.458593749
"RU",5,-3836.39256409342,-2487.83639764421,708.627382438979,34320.5986573701,92141.8470006861,115419.458593749
"RU",6,-3836.39256409342,-2487.83639764421,708.627382438979,34320.5986573701,92141.8470006861,115419.458593749
"RU",7,-3836.39256409342,-2487.83639764421,708.627382438979,34320.5986573701,92141.8470006861,115419.458593749
"RU",8,-3836.39256409342,-2487.83639764421,708.627382438979,34320.5986573701,92141.8470006861,115419.458593749
"RU",9,-3836.39256409342,-2487.83639764421,708.627382438979,34320.5986573701,92141.8470006861,115419.458593749
"RU",10,-3836.39256409342,-2487.83639764421,708.627382438979,34320.5986573701,92141.8470006861,115419.458593749
"RU",11,7532.54789857703,12991.2733697576,20111.72923872,64658.5564392507,125362.335263493,147675.865234374
"RU",12,7532.54789857703,12991.2733697576,20111.72923872,64658.5564392507,125362.335263493,147675.865234374
"RU",13,7532.54789857703,12991.2733697576,20111.72923872,64658.5564392507,125362.335263493,147675.865234374
"RU",14,7532.54789857703,12991.2733697576,20111.72923872,64658.5564392507,125362.335263493,147675.865234374
"RU",15,7532.54789857703,12991.2733697576,20111.72923872,64658.5564392507,125362.335263493,147675.865234374
"RU",16,7532.54789857703,12991.2733697576,20111.72923872,64658.5564392507,125362.335263493,147675.865234374
"RU",17,7532.54789857703,12991.2733697576,20111.72923872,64658.5564392507,125362.335263493,147675.865234374
"RU",18,7532.54789857703,12991.2733697576,20111.72923872,64658.5564392507,125362.335263493,147675.865234374
"RU",19,7532.54789857703,12991.2733697576,20111.72923872,64658.5564392507,125362.335263493,147675.865234374
"RU",20,7532.54789857703,12991.2733697576,20111.72923872,64658.5564392507,125362.335263493,147675.865234374
"RU",21,7532.54789857703,12991.2733697576,20111.72923872,64658.5564392507,125362.335263493,147675.865234374
"RU",22,7532.54789857703,12991.2733697576,20111.72923872,64658.5564392507,125362.335263493,147675.865234374
"RU",23,7532.54789857703,12991.2733697576,20111.72923872,64658.5564392507,125362.335263493,147675.865234374
"RU",24,7532.54789857703,12991.2733697576,20111.72923872,64658.5564392507,125362.335263493,147675.865234374
"RU",25,7532.54789857703,12991.2733697576,20111.72923872,64658.5564392507,125362.335263493,147675.865234374
"RU",26,7532.54789857703,12991.2733697576,20111.72923872,64658.5564392507,125362.335263493,147675.865234374
"RU",27,7532.54789857703,12991.2733697576,20111.72923872,64658.5564392507,125362.335263493,147675.865234374
"RU",28,7532.54789857703,12991.2733697576,20111.72923872,64658.5564392507,125362.335263493,147675.865234374
"RU",29,7532.54789857703,12991.2733697576,20111.72923872,64658.5564392507,125362.335263493,147675.865234374
"RU",30,7532.54789857703,12991.2733697576,20111.72923872,64658.5564392507,125362.335263493,147675.865234374
"RU",31,7532.54789857703,12991.2733697576,20111.72923872,64658.5564392507,125362.335263493,147675.865234374
"RU",32,7532.54789857703,12991.2733697576,20111.72923872,64658.5564392507,125362.335263493,147675.865234374
"RU",33,7532.54789857703,12991.2733697576,20111.72923872,64658.5564392507,125362.335263493,147675.865234374
"RU",34,7532.54789857703,12991.2733697576,20111.72923872,64658.5564392507,125362.335263493,147675.865234374
"RU",35,7532.54789857703,12991.2733697576,20111.72923872,64658.5564392507,125362.335263493,147675.865234374
"RU",36,7532.54789857703,12991.2733697576,20111.72923872,64658.5564392507,125362.335263493,147675.865234374
"RU",37,7532.54789857703,12991.2733697576,20111.72923872,64658.5564392507,125362.335263493,147675.865234374
"RU",38,7532.54789857703,12991.2733697576,20111.72923872,64658.5564392507,125362.335263493,147675.865234374
"RU",39,7532.54789857703,12991.2733697576,20111.72923872,64658.5564392507,125362.335263493,147675.865234374
"RU",40,7532.54789857703,12991.2733697576,20111.72923872,64658.5564392507,125362.335263493,147675.865234374
"RU",41,7532.54789857703,12991.2733697576,20111.72923872,64658.5564392507,125362.335263493,147675.865234374
"RU",42,7532.54789857703,12991.2733697576,20111.72923872,64658.5564392507,125362.335263493,147675.865234374
"RU",43,7532.54789857703,12991.2733697576,20111.72923872,64658.5564392507,125362.335263493,147675.865234374
"RU",44,7532.54789857703,12991.2733697576,20111.72923872,64658.5564392507,125362.335263493,147675.865234374
"RU",45,7532.54789857703,12991.2733697576,20111.72923872,64658.5564392507,125362.335263493,147675.865234374
"RU",46,7532.54789857703,12991.2733697576,20111.72923872,64658.5564392507,125362.335263493,147675.865234374
"RU",47,7532.54789857703,12991.2733697576,20111.72923872,64658.5564392507,125362.335263493,147675.865234374
"RU",48,7532.54789857703,12991.2733697576,20111.72923872,64658.5564392507,125362.335263493,147675.865234374
"RU",49,7532.54789857703,12991.2733697576,20111.72923872,64658.5564392507,125362.335263493,147675.865234374
"RU",50,7532.54789857703,12991.2733697576,20111.72923872,64658.5564392507,125362.335263493,147675.865234374
"RU",51,52156.23562515,64753.6137838731,77559.3030073961,145547.530283511,227187.404296707,256960.872656248
"RU",52,52156.23562515,64753.6137838731,77559.3030073961,145547.530283511,227187.404296707,256960.872656248
"RU",53,52156.23562515,64753.6137838731,77559.3030073961,145547.530283511,227187.404296707,256960.872656248
"RU",54,52156.23562515,64753.6137838731,77559.3030073961,145547.530283511,227187.404296707,256960.872656248
"RU",55,52156.23562515,64753.6137838731,77559.3030073961,145547.530283511,227187.404296707,256960.872656248
"RU",56,52156.23562515,64753.6137838731,77559.3030073961,145547.530283511,227187.404296707,256960.872656248
"RU",57,52156.23562515,64753.6137838731,77559.3030073961,145547.530283511,227187.404296707,256960.872656248
"RU",58,52156.23562515,64753.6137838731,77559.3030073961,145547.530283511,227187.404296707,256960.872656248
"RU",59,52156.23562515,64753.6137838731,77559.3030073961,145547.530283511,227187.404296707,256960.872656248
"RU",60,52156.23562515,64753.6137838731,77559.3030073961,145547.530283511,227187.404296707,256960.872656248
"RU",61,52156.23562515,64753.6137838731,77559.3030073961,145547.530283511,227187.404296707,256960.872656248
"RU",62,52156.23562515,64753.6137838731,77559.3030073961,145547.530283511,227187.404296707,256960.872656248
"RU",63,52156.23562515,64753.6137838731,77559.3030073961,145547.530283511,227187.404296707,256960.872656248
"RU",64,52156.23562515,64753.6137838731,77559.3030073961,145547.530283511,227187.404296707,256960.872656248
"RU",65,52156.23562515,64753.6137838731,77559.3030073961,145547.530283511,227187.404296707,256960.872656248
"RU",66,52156.23562515,64753.6137838731,77559.3030073961,145547.530283511,227187.404296707,256960.872656248
"RU",67,52156.23562515,64753.6137838731,77559.3030073961,145547.530283511,227187.404296707,256960.872656248
"RU",68,52156.23562515,64753.6137838731,77559.3030073961,145547.530283511,227187.404296707,256960.872656248
"RU",69,52156.23562515,64753.6137838731,77559.3030073961,145547.530283511,227187.404296707,256960.872656248
"RU",70,52156.23562515,64753.6137838731,77559.3030073961,145547.530283511,227187.404296707,256960.872656248
"RU",71,52156.23562515,64753.6137838731,77559.3030073961,145547.530283511,227187.404296707,256960.872656248
"RU",72,52156.23562515,64753.6137838731,77559.3030073961,145547.530283511,227187.404296707,256960.872656248
"RU",73,52156.23562515,64753.6137838731,77559.3030073961,145547.530283511,227187.404296707,256960.872656248
"RU",74,52156.23562515,64753.6137838731,77559.3030073961,145547.530283511,227187.404296707,256960.872656248
"RU",75,52156.23562515,64753.6137838731,77559.3030073961,145547.530283511,227187.404296707,256960.872656248
"RU",76,52156.23562515,64753.6137838731,77559.3030073961,145547.530283511,227187.404296707,256960.872656248
"RU",77,52156.23562515,64753.6137838731,77559.3030073961,145547.530283511,227187.404296707,256960.872656248
"RU",78,52156.23562515,64753.6137838731,77559.3030073961,145547.530283511,227187.404296707,256960.872656248
"RU",79,52156.23562515,64753.6137838731,77559.3030073961,145547.530283511,227187.404296707,256960.872656248
"RU",80,52156.23562515,64753.6137838731,77559.3030073961,145547.530283511,227187.404296707,256960.872656248
"RU",81,52156.23562515,64753.6137838731,77559.3030073961,145547.530283511,227187.404296707,256960.872656248
"RU",82,52156.23562515,64753.6137838731,77559.3030073961,145547.530283511,227187.404296707,256960.872656248
"RU",83,52156.23562515,64753.6137838731,77559.3030073961,145547.530283511,227187.404296707,256960.872656248
"RU",84,52156.23562515,64753.6137838731,77559.3030073961,145547.530283511,227187.404296707,256960.872656248
"RU",85,52156.23562515,64753.6137838731,77559.3030073961,145547.530283511,227187.404296707,256960.872656248
"RU",86,52156.23562515,64753.6137838731,77559.3030073961,145547.530283511,227187.404296707,256960.872656248
"RU",87,52156.23562515,64753.6137838731,77559.3030073961,145547.530283511,227187.404296707,256960.872656248
"RU",88,52156.23562515,64753.6137838731,77559.3030073961,145547.530283511,227187.404296707,256960.872656248
"RU",89,52156.23562515,64753.6137838731,77559.3030073961,145547.530283511,227187.404296707,256960.872656248
"RU",90,52156.23562515,64753.6137838731,77559.3030073961,145547.530283511,227187.404296707,256960.872656248
"RU",91,294593.591497727,375686.190104126,420267.900089135,523941.730522689,564598.98988104,555900.496527774
"RU",92,294593.591497727,375686.190104126,420267.900089135,523941.730522689,564598.98988104,555900.496527774
"RU",93,294593.591497727,375686.190104126,420267.900089135,523941.730522689,564598.98988104,555900.496527774
"RU",94,294593.591497727,375686.190104126,420267.900089135,523941.730522689,564598.98988104,555900.496527774
"RU",95,294593.591497727,375686.190104126,420267.900089135,523941.730522689,564598.98988104,555900.496527774
"RU",96,294593.591497727,375686.190104126,420267.900089135,523941.730522689,564598.98988104,555900.496527774
"RU",97,294593.591497727,375686.190104126,420267.900089135,523941.730522689,564598.98988104,555900.496527774
"RU",98,294593.591497727,375686.190104126,420267.900089135,523941.730522689,564598.98988104,555900.496527774
"RU",99,294593.591497727,375686.190104126,420267.900089135,523941.730522689,564598.98988104,555900.496527774
"RU",100,4801790.11058249,3712507.89464284,2838784.006932,1663974.94525193,1127877.17259945,1057231.344625
"OA",1,-4552.75400708051,-3227.25047155279,-562.014558787691,23084.075598965,80427.7679192133,121326.71796875
"OA",2,-4552.75400708051,-3227.25047155279,-562.014558787691,23084.075598965,80427.7679192133,121326.71796875
"OA",3,-4552.75400708051,-3227.25047155279,-562.014558787691,23084.075598965,80427.7679192133,121326.71796875
"OA",4,-4552.75400708051,-3227.25047155279,-562.014558787691,23084.075598965,80427.7679192133,121326.71796875
"OA",5,-4552.75400708051,-3227.25047155279,-562.014558787691,23084.075598965,80427.7679192133,121326.71796875
"OA",6,-4552.75400708051,-3227.25047155279,-562.014558787691,23084.075598965,80427.7679192133,121326.71796875
"OA",7,-4552.75400708051,-3227.25047155279,-562.014558787691,23084.075598965,80427.7679192133,121326.71796875
"OA",8,-4552.75400708051,-3227.25047155279,-562.014558787691,23084.075598965,80427.7679192133,121326.71796875
"OA",9,-4552.75400708051,-3227.25047155279,-562.014558787691,23084.075598965,80427.7679192133,121326.71796875
"OA",10,-4552.75400708051,-3227.25047155279,-562.014558787691,23084.075598965,80427.7679192133,121326.71796875
"OA",11,5114.75486802608,7479.34715922776,11999.4499574805,41097.2669451004,104778.48219245,150514.230078125
"OA",12,5114.75486802608,7479.34715922776,11999.4499574805,41097.2669451004,104778.48219245,150514.230078125
"OA",13,5114.75486802608,7479.34715922776,11999.4499574805,41097.2669451004,104778.48219245,150514.230078125
"OA",14,5114.75486802608,7479.34715922776,11999.4499574805,41097.2669451004,104778.48219245,150514.230078125
"OA",15,5114.75486802608,7479.34715922776,11999.4499574805,41097.2669451004,104778.48219245,150514.230078125
"OA",16,5114.75486802608,7479.34715922776,11999.4499574805,41097.2669451004,104778.48219245,150514.230078125
"OA",17,5114.75486802608,7479.34715922776,11999.4499574805,41097.2669451004,104778.48219245,150514.230078125
"OA",18,5114.75486802608,7479.34715922776,11999.4499574805,41097.2669451004,104778.48219245,150514.230078125
"OA",19,5114.75486802608,7479.34715922776,11999.4499574805,41097.2669451004,104778.48219245,150514.230078125
"OA",20,5114.75486802608,7479.34715922776,11999.4499574805,41097.2669451004,104778.48219245,150514.230078125
"OA",21,5114.75486802608,7479.34715922776,11999.4499574805,41097.2669451004,104778.48219245,150514.230078125
"OA",22,5114.75486802608,7479.34715922776,11999.4499574805,41097.2669451004,104778.48219245,150514.230078125
"OA",23,5114.75486802608,7479.34715922776,11999.4499574805,41097.2669451004,104778.48219245,150514.230078125
"OA",24,5114.75486802608,7479.34715922776,11999.4499574805,41097.2669451004,104778.48219245,150514.230078125
"OA",25,5114.75486802608,7479.34715922776,11999.4499574805,41097.2669451004,104778.48219245,150514.230078125
"OA",26,5114.75486802608,7479.34715922776,11999.4499574805,41097.2669451004,104778.48219245,150514.230078125
"OA",27,5114.75486802608,7479.34715922776,11999.4499574805,41097.2669451004,104778.48219245,150514.230078125
"OA",28,5114.75486802608,7479.34715922776,11999.4499574805,41097.2669451004,104778.48219245,150514.230078125
"OA",29,5114.75486802608,7479.34715922776,11999.4499574805,41097.2669451004,104778.48219245,150514.230078125
"OA",30,5114.75486802608,7479.34715922776,11999.4499574805,41097.2669451004,104778.48219245,150514.230078125
"OA",31,5114.75486802608,7479.34715922776,11999.4499574805,41097.2669451004,104778.48219245,150514.230078125
"OA",32,5114.75486802608,7479.34715922776,11999.4499574805,41097.2669451004,104778.48219245,150514.230078125
"OA",33,5114.75486802608,7479.34715922776,11999.4499574805,41097.2669451004,104778.48219245,150514.230078125
"OA",34,5114.75486802608,7479.34715922776,11999.4499574805,41097.2669451004,104778.48219245,150514.230078125
"OA",35,5114.75486802608,7479.34715922776,11999.4499574805,41097.2669451004,104778.48219245,150514.230078125
"OA",36,5114.75486802608,7479.34715922776,11999.4499574805,41097.2669451004,104778.48219245,150514.230078125
"OA",37,5114.75486802608,7479.34715922776,11999.4499574805,41097.2669451004,104778.48219245,150514.230078125
"OA",38,5114.75486802608,7479.34715922776,11999.4499574805,41097.2669451004,104778.48219245,150514.230078125
"OA",39,5114.75486802608,7479.34715922776,11999.4499574805,41097.2669451004,104778.48219245,150514.230078125
"OA",40,5114.75486802608,7479.34715922776,11999.4499574805,41097.2669451004,104778.48219245,150514.230078125
"OA",41,5114.75486802608,7479.34715922776,11999.4499574805,41097.2669451004,104778.48219245,150514.230078125
"OA",42,5114.75486802608,7479.34715922776,11999.4499574805,41097.2669451004,104778.48219245,150514.230078125
"OA",43,5114.75486802608,7479.34715922776,11999.4499574805,41097.2669451004,104778.48219245,150514.230078125
"OA",44,5114.75486802608,7479.34715922776,11999.4499574805,41097.2669451004,104778.48219245,150514.230078125
"OA",45,5114.75486802608,7479.34715922776,11999.4499574805,41097.2669451004,104778.48219245,150514.230078125
"OA",46,5114.75486802608,7479.34715922776,11999.4499574805,41097.2669451004,104778.48219245,150514.230078125
"OA",47,5114.75486802608,7479.34715922776,11999.4499574805,41097.2669451004,104778.48219245,150514.230078125
"OA",48,5114.75486802608,7479.34715922776,11999.4499574805,41097.2669451004,104778.48219245,150514.230078125
"OA",49,5114.75486802608,7479.34715922776,11999.4499574805,41097.2669451004,104778.48219245,150514.230078125
"OA",50,5114.75486802608,7479.34715922776,11999.4499574805,41097.2669451004,104778.48219245,150514.230078125
"OA",51,35780.6279493826,41833.734345401,51546.9264763841,98917.8077008545,192472.781074848,262849.49453125
"OA",52,35780.6279493826,41833.734345401,51546.9264763841,98917.8077008545,192472.781074848,262849.49453125
"OA",53,35780.6279493826,41833.734345401,51546.9264763841,98917.8077008545,192472.781074848,262849.49453125
"OA",54,35780.6279493826,41833.734345401,51546.9264763841,98917.8077008545,192472.781074848,262849.49453125
"OA",55,35780.6279493826,41833.734345401,51546.9264763841,98917.8077008545,192472.781074848,262849.49453125
"OA",56,35780.6279493826,41833.734345401,51546.9264763841,98917.8077008545,192472.781074848,262849.49453125
"OA",57,35780.6279493826,41833.734345401,51546.9264763841,98917.8077008545,192472.781074848,262849.49453125
"OA",58,35780.6279493826,41833.734345401,51546.9264763841,98917.8077008545,192472.781074848,262849.49453125
"OA",59,35780.6279493826,41833.734345401,51546.9264763841,98917.8077008545,192472.781074848,262849.49453125
"OA",60,35780.6279493826,41833.734345401,51546.9264763841,98917.8077008545,192472.781074848,262849.49453125
"OA",61,35780.6279493826,41833.734345401,51546.9264763841,98917.8077008545,192472.781074848,262849.49453125
"OA",62,35780.6279493826,41833.734345401,51546.9264763841,98917.8077008545,192472.781074848,262849.49453125
"OA",63,35780.6279493826,41833.734345401,51546.9264763841,98917.8077008545,192472.781074848,262849.49453125
"OA",64,35780.6279493826,41833.734345401,51546.9264763841,98917.8077008545,192472.781074848,262849.49453125
"OA",65,35780.6279493826,41833.734345401,51546.9264763841,98917.8077008545,192472.781074848,262849.49453125
"OA",66,35780.6279493826,41833.734345401,51546.9264763841,98917.8077008545,192472.781074848,262849.49453125
"OA",67,35780.6279493826,41833.734345401,51546.9264763841,98917.8077008545,192472.781074848,262849.49453125
"OA",68,35780.6279493826,41833.734345401,51546.9264763841,98917.8077008545,192472.781074848,262849.49453125
"OA",69,35780.6279493826,41833.734345401,51546.9264763841,98917.8077008545,192472.781074848,262849.49453125
"OA",70,35780.6279493826,41833.734345401,51546.9264763841,98917.8077008545,192472.781074848,262849.49453125
"OA",71,35780.6279493826,41833.734345401,51546.9264763841,98917.8077008545,192472.781074848,262849.49453125
"OA",72,35780.6279493826,41833.734345401,51546.9264763841,98917.8077008545,192472.781074848,262849.49453125
"OA",73,35780.6279493826,41833.734345401,51546.9264763841,98917.8077008545,192472.781074848,262849.49453125
"OA",74,35780.6279493826,41833.734345401,51546.9264763841,98917.8077008545,192472.781074848,262849.49453125
"OA",75,35780.6279493826,41833.734345401,51546.9264763841,98917.8077008545,192472.781074848,262849.49453125
"OA",76,35780.6279493826,41833.734345401,51546.9264763841,98917.8077008545,192472.781074848,262849.49453125
"OA",77,35780.6279493826,41833.734345401,51546.9264763841,98917.8077008545,192472.781074848,262849.49453125
"OA",78,35780.6279493826,41833.734345401,51546.9264763841,98917.8077008545,192472.781074848,262849.49453125
"OA",79,35780.6279493826,41833.734345401,51546.9264763841,98917.8077008545,192472.781074848,262849.49453125
"OA",80,35780.6279493826,41833.734345401,51546.9264763841,98917.8077008545,192472.781074848,262849.49453125
"OA",81,35780.6279493826,41833.734345401,51546.9264763841,98917.8077008545,192472.781074848,262849.49453125
"OA",82,35780.6279493826,41833.734345401,51546.9264763841,98917.8077008545,192472.781074848,262849.49453125
"OA",83,35780.6279493826,41833.734345401,51546.9264763841,98917.8077008545,192472.781074848,262849.49453125
"OA",84,35780.6279493826,41833.734345401,51546.9264763841,98917.8077008545,192472.781074848,262849.49453125
"OA",85,35780.6279493826,41833.734345401,51546.9264763841,98917.8077008545,192472.781074848,262849.49453125
"OA",86,35780.6279493826,41833.734345401,51546.9264763841,98917.8077008545,192472.781074848,262849.49453125
"OA",87,35780.6279493826,41833.734345401,51546.9264763841,98917.8077008545,192472.781074848,262849.49453125
"OA",88,35780.6279493826,41833.734345401,51546.9264763841,98917.8077008545,192472.781074848,262849.49453125
"OA",89,35780.6279493826,41833.734345401,51546.9264763841,98917.8077008545,192472.781074848,262849.49453125
"OA",90,35780.6279493826,41833.734345401,51546.9264763841,98917.8077008545,192472.781074848,262849.49453125
"OA",91,162048.977226032,196408.31974856,227934.559043558,304726.49278055,421915.719457821,513902.381944445
"OA",92,162048.977226032,196408.31974856,227934.559043558,304726.49278055,421915.719457821,513902.381944445
"OA",93,162048.977226032,196408.31974856,227934.559043558,304726.49278055,421915.719457821,513902.381944445
"OA",94,162048.977226032,196408.31974856,227934.559043558,304726.49278055,421915.719457821,513902.381944445
"OA",95,162048.977226032,196408.31974856,227934.559043558,304726.49278055,421915.719457821,513902.381944445
"OA",96,162048.977226032,196408.31974856,227934.559043558,304726.49278055,421915.719457821,513902.381944445
"OA",97,162048.977226032,196408.31974856,227934.559043558,304726.49278055,421915.719457821,513902.381944445
"OA",98,162048.977226032,196408.31974856,227934.559043558,304726.49278055,421915.719457821,513902.381944445
"OA",99,162048.977226032,196408.31974856,227934.559043558,304726.49278055,421915.719457821,513902.381944445
"OA",100,1079500.13155664,1148205.11715483,1140679.99508201,988191.334738219,965128.02603077,1027062.688
"CN",1,-2084.19906828215,-1454.06747815658,211.585373490489,11667.6087843549,55257.8284662291,99800.33828125
"CN",2,-2084.19906828215,-1454.06747815658,211.585373490489,11667.6087843549,55257.8284662291,99800.33828125
"CN",3,-2084.19906828215,-1454.06747815658,211.585373490489,11667.6087843549,55257.8284662291,99800.33828125
"CN",4,-2084.19906828215,-1454.06747815658,211.585373490489,11667.6087843549,55257.8284662291,99800.33828125
"CN",5,-2084.19906828215,-1454.06747815658,211.585373490489,11667.6087843549,55257.8284662291,99800.33828125
"CN",6,-2084.19906828215,-1454.06747815658,211.585373490489,11667.6087843549,55257.8284662291,99800.33828125
"CN",7,-2084.19906828215,-1454.06747815658,211.585373490489,11667.6087843549,55257.8284662291,99800.33828125
"CN",8,-2084.19906828215,-1454.06747815658,211.585373490489,11667.6087843549,55257.8284662291,99800.33828125
"CN",9,-2084.19906828215,-1454.06747815658,211.585373490489,11667.6087843549,55257.8284662291,99800.33828125
"CN",10,-2084.19906828215,-1454.06747815658,211.585373490489,11667.6087843549,55257.8284662291,99800.33828125
"CN",11,15978.0284748873,17926.7062735021,20882.722239985,33674.2627515823,82532.698549024,133560.355859375
"CN",12,15978.0284748873,17926.7062735021,20882.722239985,33674.2627515823,82532.698549024,133560.355859375
"CN",13,15978.0284748873,17926.7062735021,20882.722239985,33674.2627515823,82532.698549024,133560.355859375
"CN",14,15978.0284748873,17926.7062735021,20882.722239985,33674.2627515823,82532.698549024,133560.355859375
"CN",15,15978.0284748873,17926.7062735021,20882.722239985,33674.2627515823,82532.698549024,133560.355859375
"CN",16,15978.0284748873,17926.7062735021,20882.722239985,33674.2627515823,82532.698549024,133560.355859375
"CN",17,15978.0284748873,17926.7062735021,20882.722239985,33674.2627515823,82532.698549024,133560.355859375
"CN",18,15978.0284748873,17926.7062735021,20882.722239985,33674.2627515823,82532.698549024,133560.355859375
"CN",19,15978.0284748873,17926.7062735021,20882.722239985,33674.2627515823,82532.698549024,133560.355859375
"CN",20,15978.0284748873,17926.7062735021,20882.722239985,33674.2627515823,82532.698549024,133560.355859375
"CN",21,15978.0284748873,17926.7062735021,20882.722239985,33674.2627515823,82532.698549024,133560.355859375
"CN",22,15978.0284748873,17926.7062735021,20882.722239985,33674.2627515823,82532.698549024,133560.355859375
"CN",23,15978.0284748873,17926.7062735021,20882.722239985,33674.2627515823,82532.698549024,133560.355859375
"CN",24,15978.0284748873,17926.7062735021,20882.722239985,33674.2627515823,82532.698549024,133560.355859375
"CN",25,15978.0284748873,17926.7062735021,20882.722239985,33674.2627515823,82532.698549024,133560.355859375
"CN",26,15978.0284748873,17926.7062735021,20882.722239985,33674.2627515823,82532.698549024,133560.355859375
"CN",27,15978.0284748873,17926.7062735021,20882.722239985,33674.2627515823,82532.698549024,133560.355859375
"CN",28,15978.0284748873,17926.7062735021,20882.722239985,33674.2627515823,82532.698549024,133560.355859375
"CN",29,15978.0284748873,17926.7062735021,20882.722239985,33674.2627515823,82532.698549024,133560.355859375
"CN",30,15978.0284748873,17926.7062735021,20882.722239985,33674.2627515823,82532.698549024,133560.355859375
"CN",31,15978.0284748873,17926.7062735021,20882.722239985,33674.2627515823,82532.698549024,133560.355859375
"CN",32,15978.0284748873,17926.7062735021,20882.722239985,33674.2627515823,82532.698549024,133560.355859375
"CN",33,15978.0284748873,17926.7062735021,20882.722239985,33674.2627515823,82532.698549024,133560.355859375
"CN",34,15978.0284748873,17926.7062735021,20882.722239985,33674.2627515823,82532.698549024,133560.355859375
"CN",35,15978.0284748873,17926.7062735021,20882.722239985,33674.2627515823,82532.698549024,133560.355859375
"CN",36,15978.0284748873,17926.7062735021,20882.722239985,33674.2627515823,82532.698549024,133560.355859375
"CN",37,15978.0284748873,17926.7062735021,20882.722239985,33674.2627515823,82532.698549024,133560.355859375
"CN",38,15978.0284748873,17926.7062735021,20882.722239985,33674.2627515823,82532.698549024,133560.355859375
"CN",39,15978.0284748873,17926.7062735021,20882.722239985,33674.2627515823,82532.698549024,133560.355859375
"CN",40,15978.0284748873,17926.7062735021,20882.722239985,33674.2627515823,82532.698549024,133560.355859375
"CN",41,15978.0284748873,17926.7062735021,20882.722239985,33674.2627515823,82532.698549024,133560.355859375
"CN",42,15978.0284748873,17926.7062735021,20882.722239985,33674.2627515823,82532.698549024,133560.355859375
"CN",43,15978.0284748873,17926.7062735021,20882.722239985,33674.2627515823,82532.698549024,133560.355859375
"CN",44,15978.0284748873,17926.7062735021,20882.722239985,33674.2627515823,82532.698549024,133560.355859375
"CN",45,15978.0284748873,17926.7062735021,20882.722239985,33674.2627515823,82532.698549024,133560.355859375
"CN",46,15978.0284748873,17926.7062735021,20882.722239985,33674.2627515823,82532.698549024,133560.355859375
"CN",47,15978.0284748873,17926.7062735021,20882.722239985,33674.2627515823,82532.698549024,133560.355859375
"CN",48,15978.0284748873,17926.7062735021,20882.722239985,33674.2627515823,82532.698549024,133560.355859375
"CN",49,15978.0284748873,17926.7062735021,20882.722239985,33674.2627515823,82532.698549024,133560.355859375
"CN",50,15978.0284748873,17926.7062735021,20882.722239985,33674.2627515823,82532.698549024,133560.355859375
"CN",51,62670.3978462978,70835.8277485647,78678.001907585,98373.0942062315,172556.649451615,253550.12890625
"CN",52,62670.3978462978,70835.8277485647,78678.001907585,98373.0942062315,172556.649451615,253550.12890625
"CN",53,62670.3978462978,70835.8277485647,78678.001907585,98373.0942062315,172556.649451615,253550.12890625
"CN",54,62670.3978462978,70835.8277485647,78678.001907585,98373.0942062315,172556.649451615,253550.12890625
"CN",55,62670.3978462978,70835.8277485647,78678.001907585,98373.0942062315,172556.649451615,253550.12890625
"CN",56,62670.3978462978,70835.8277485647,78678.001907585,98373.0942062315,172556.649451615,253550.12890625
"CN",57,62670.3978462978,70835.8277485647,78678.001907585,98373.0942062315,172556.649451615,253550.12890625
"CN",58,62670.3978462978,70835.8277485647,78678.001907585,98373.0942062315,172556.649451615,253550.12890625
"CN",59,62670.3978462978,70835.8277485647,78678.001907585,98373.0942062315,172556.649451615,253550.12890625
"CN",60,62670.3978462978,70835.8277485647,78678.001907585,98373.0942062315,172556.649451615,253550.12890625
"CN",61,62670.3978462978,70835.8277485647,78678.001907585,98373.0942062315,172556.649451615,253550.12890625
"CN",62,62670.3978462978,70835.8277485647,78678.001907585,98373.0942062315,172556.649451615,253550.12890625
"CN",63,62670.3978462978,70835.8277485647,78678.001907585,98373.0942062315,172556.649451615,253550.12890625
"CN",64,62670.3978462978,70835.8277485647,78678.001907585,98373.0942062315,172556.649451615,253550.12890625
"CN",65,62670.3978462978,70835.8277485647,78678.001907585,98373.0942062315,172556.649451615,253550.12890625
"CN",66,62670.3978462978,70835.8277485647,78678.001907585,98373.0942062315,172556.649451615,253550.12890625
"CN",67,62670.3978462978,70835.8277485647,78678.001907585,98373.0942062315,172556.649451615,253550.12890625
"CN",68,62670.3978462978,70835.8277485647,78678.001907585,98373.0942062315,172556.649451615,253550.12890625
"CN",69,62670.3978462978,70835.8277485647,78678.001907585,98373.0942062315,172556.649451615,253550.12890625
"CN",70,62670.3978462978,70835.8277485647,78678.001907585,98373.0942062315,172556.649451615,253550.12890625
"CN",71,62670.3978462978,70835.8277485647,78678.001907585,98373.0942062315,172556.649451615,253550.12890625
"CN",72,62670.3978462978,70835.8277485647,78678.001907585,98373.0942062315,172556.649451615,253550.12890625
"CN",73,62670.3978462978,70835.8277485647,78678.001907585,98373.0942062315,172556.649451615,253550.12890625
"CN",74,62670.3978462978,70835.8277485647,78678.001907585,98373.0942062315,172556.649451615,253550.12890625
"CN",75,62670.3978462978,70835.8277485647,78678.001907585,98373.0942062315,172556.649451615,253550.12890625
"CN",76,62670.3978462978,70835.8277485647,78678.001907585,98373.0942062315,172556.649451615,253550.12890625
"CN",77,62670.3978462978,70835.8277485647,78678.001907585,98373.0942062315,172556.649451615,253550.12890625
"CN",78,62670.3978462978,70835.8277485647,78678.001907585,98373.0942062315,172556.649451615,253550.12890625
"CN",79,62670.3978462978,70835.8277485647,78678.001907585,98373.0942062315,172556.649451615,253550.12890625
"CN",80,62670.3978462978,70835.8277485647,78678.001907585,98373.0942062315,172556.649451615,253550.12890625
"CN",81,62670.3978462978,70835.8277485647,78678.001907585,98373.0942062315,172556.649451615,253550.12890625
"CN",82,62670.3978462978,70835.8277485647,78678.001907585,98373.0942062315,172556.649451615,253550.12890625
"CN",83,62670.3978462978,70835.8277485647,78678.001907585,98373.0942062315,172556.649451615,253550.12890625
"CN",84,62670.3978462978,70835.8277485647,78678.001907585,98373.0942062315,172556.649451615,253550.12890625
"CN",85,62670.3978462978,70835.8277485647,78678.001907585,98373.0942062315,172556.649451615,253550.12890625
"CN",86,62670.3978462978,70835.8277485647,78678.001907585,98373.0942062315,172556.649451615,253550.12890625
"CN",87,62670.3978462978,70835.8277485647,78678.001907585,98373.0942062315,172556.649451615,253550.12890625
"CN",88,62670.3978462978,70835.8277485647,78678.001907585,98373.0942062315,172556.649451615,253550.12890625
"CN",89,62670.3978462978,70835.8277485647,78678.001907585,98373.0942062315,172556.649451615,253550.12890625
"CN",90,62670.3978462978,70835.8277485647,78678.001907585,98373.0942062315,172556.649451615,253550.12890625
"CN",91,408979.396073409,440123.56216722,452200.862742312,442951.644506554,520177.156604923,632335.597222222
"CN",92,408979.396073409,440123.56216722,452200.862742312,442951.644506554,520177.156604923,632335.597222222
"CN",93,408979.396073409,440123.56216722,452200.862742312,442951.644506554,520177.156604923,632335.597222222
"CN",94,408979.396073409,440123.56216722,452200.862742312,442951.644506554,520177.156604923,632335.597222222
"CN",95,408979.396073409,440123.56216722,452200.862742312,442951.644506554,520177.156604923,632335.597222222
"CN",96,408979.396073409,440123.56216722,452200.862742312,442951.644506554,520177.156604923,632335.597222222
"CN",97,408979.396073409,440123.56216722,452200.862742312,442951.644506554,520177.156604923,632335.597222222
"CN",98,408979.396073409,440123.56216722,452200.862742312,442951.644506554,520177.156604923,632335.597222222
"CN",99,408979.396073409,440123.56216722,452200.862742312,442951.644506554,520177.156604923,632335.597222222
"CN",100,2975356.25716104,2384630.89866571,1915145.09049782,1155308.71570833,1083092.96303293,1226557.3555
"JP",1,-22330.5797510437,-16692.9050127091,-7559.47728846332,29935.2867743681,86963.462653121,102661.05625
"JP",2,-22330.5797510437,-16692.9050127091,-7559.47728846332,29935.2867743681,86963.462653121,102661.05625
"JP",3,-22330.5797510437,-16692.9050127091,-7559.47728846332,29935.2867743681,86963.462653121,102661.05625
"JP",4,-22330.5797510437,-16692.9050127091,-7559.47728846332,29935.2867743681,86963.462653121,102661.05625
"JP",5,-22330.5797510437,-16692.9050127091,-7559.47728846332,29935.2867743681,86963.462653121,102661.05625
"JP",6,-22330.5797510437,-16692.9050127091,-7559.47728846332,29935.2867743681,86963.462653121,102661.05625
"JP",7,-22330.5797510437,-16692.9050127091,-7559.47728846332,29935.2867743681,86963.462653121,102661.05625
"JP",8,-22330.5797510437,-16692.9050127091,-7559.47728846332,29935.2867743681,86963.462653121,102661.05625
"JP",9,-22330.5797510437,-16692.9050127091,-7559.47728846332,29935.2867743681,86963.462653121,102661.05625
"JP",10,-22330.5797510437,-16692.9050127091,-7559.47728846332,29935.2867743681,86963.462653121,102661.05625
"JP",11,27942.2777672054,36940.1389687269,51578.0560885503,87874.9999238617,133781.759971207,142471.276757813
"JP",12,27942.2777672054,36940.1389687269,51578.0560885503,87874.9999238617,133781.759971207,142471.276757813
"JP",13,27942.2777672054,36940.1389687269,51578.0560885503,87874.9999238617,133781.759971207,142471.276757813
"JP",14,27942.2777672054,36940.1389687269,51578.0560885503,87874.9999238617,133781.759971207,142471.276757813
"JP",15,27942.2777672054,36940.1389687269,51578.0560885503,87874.9999238617,133781.759971207,142471.276757813
"JP",16,27942.2777672054,36940.1389687269,51578.0560885503,87874.9999238617,133781.759971207,142471.276757813
"JP",17,27942.2777672054,36940.1389687269,51578.0560885503,87874.9999238617,133781.759971207,142471.276757813
"JP",18,27942.2777672054,36940.1389687269,51578.0560885503,87874.9999238617,133781.759971207,142471.276757813
"JP",19,27942.2777672054,36940.1389687269,51578.0560885503,87874.9999238617,133781.759971207,142471.276757813
"JP",20,27942.2777672054,36940.1389687269,51578.0560885503,87874.9999238617,133781.759971207,142471.276757813
"JP",21,27942.2777672054,36940.1389687269,51578.0560885503,87874.9999238617,133781.759971207,142471.276757813
"JP",22,27942.2777672054,36940.1389687269,51578.0560885503,87874.9999238617,133781.759971207,142471.276757813
"JP",23,27942.2777672054,36940.1389687269,51578.0560885503,87874.9999238617,133781.759971207,142471.276757813
"JP",24,27942.2777672054,36940.1389687269,51578.0560885503,87874.9999238617,133781.759971207,142471.276757813
"JP",25,27942.2777672054,36940.1389687269,51578.0560885503,87874.9999238617,133781.759971207,142471.276757813
"JP",26,27942.2777672054,36940.1389687269,51578.0560885503,87874.9999238617,133781.759971207,142471.276757813
"JP",27,27942.2777672054,36940.1389687269,51578.0560885503,87874.9999238617,133781.759971207,142471.276757813
"JP",28,27942.2777672054,36940.1389687269,51578.0560885503,87874.9999238617,133781.759971207,142471.276757813
"JP",29,27942.2777672054,36940.1389687269,51578.0560885503,87874.9999238617,133781.759971207,142471.276757813
"JP",30,27942.2777672054,36940.1389687269,51578.0560885503,87874.9999238617,133781.759971207,142471.276757813
"JP",31,27942.2777672054,36940.1389687269,51578.0560885503,87874.9999238617,133781.759971207,142471.276757813
"JP",32,27942.2777672054,36940.1389687269,51578.0560885503,87874.9999238617,133781.759971207,142471.276757813
"JP",33,27942.2777672054,36940.1389687269,51578.0560885503,87874.9999238617,133781.759971207,142471.276757813
"JP",34,27942.2777672054,36940.1389687269,51578.0560885503,87874.9999238617,133781.759971207,142471.276757813
"JP",35,27942.2777672054,36940.1389687269,51578.0560885503,87874.9999238617,133781.759971207,142471.276757813
"JP",36,27942.2777672054,36940.1389687269,51578.0560885503,87874.9999238617,133781.759971207,142471.276757813
"JP",37,27942.2777672054,36940.1389687269,51578.0560885503,87874.9999238617,133781.759971207,142471.276757813
"JP",38,27942.2777672054,36940.1389687269,51578.0560885503,87874.9999238617,133781.759971207,142471.276757813
"JP",39,27942.2777672054,36940.1389687269,51578.0560885503,87874.9999238617,133781.759971207,142471.276757813
"JP",40,27942.2777672054,36940.1389687269,51578.0560885503,87874.9999238617,133781.759971207,142471.276757813
"JP",41,27942.2777672054,36940.1389687269,51578.0560885503,87874.9999238617,133781.759971207,142471.276757813
"JP",42,27942.2777672054,36940.1389687269,51578.0560885503,87874.9999238617,133781.759971207,142471.276757813
"JP",43,27942.2777672054,36940.1389687269,51578.0560885503,87874.9999238617,133781.759971207,142471.276757813
"JP",44,27942.2777672054,36940.1389687269,51578.0560885503,87874.9999238617,133781.759971207,142471.276757813
"JP",45,27942.2777672054,36940.1389687269,51578.0560885503,87874.9999238617,133781.759971207,142471.276757813
"JP",46,27942.2777672054,36940.1389687269,51578.0560885503,87874.9999238617,133781.759971207,142471.276757813
"JP",47,27942.2777672054,36940.1389687269,51578.0560885503,87874.9999238617,133781.759971207,142471.276757813
"JP",48,27942.2777672054,36940.1389687269,51578.0560885503,87874.9999238617,133781.759971207,142471.276757813
"JP",49,27942.2777672054,36940.1389687269,51578.0560885503,87874.9999238617,133781.759971207,142471.276757813
"JP",50,27942.2777672054,36940.1389687269,51578.0560885503,87874.9999238617,133781.759971207,142471.276757813
"JP",51,175330.479562611,185236.131239218,203937.497511786,229505.586526708,262322.585605268,262383.091015626
"JP",52,175330.479562611,185236.131239218,203937.497511786,229505.586526708,262322.585605268,262383.091015626
"JP",53,175330.479562611,185236.131239218,203937.497511786,229505.586526708,262322.585605268,262383.091015626
"JP",54,175330.479562611,185236.131239218,203937.497511786,229505.586526708,262322.585605268,262383.091015626
"JP",55,175330.479562611,185236.131239218,203937.497511786,229505.586526708,262322.585605268,262383.091015626
"JP",56,175330.479562611,185236.131239218,203937.497511786,229505.586526708,262322.585605268,262383.091015626
"JP",57,175330.479562611,185236.131239218,203937.497511786,229505.586526708,262322.585605268,262383.091015626
"JP",58,175330.479562611,185236.131239218,203937.497511786,229505.586526708,262322.585605268,262383.091015626
"JP",59,175330.479562611,185236.131239218,203937.497511786,229505.586526708,262322.585605268,262383.091015626
"JP",60,175330.479562611,185236.131239218,203937.497511786,229505.586526708,262322.585605268,262383.091015626
"JP",61,175330.479562611,185236.131239218,203937.497511786,229505.586526708,262322.585605268,262383.091015626
"JP",62,175330.479562611,185236.131239218,203937.497511786,229505.586526708,262322.585605268,262383.091015626
"JP",63,175330.479562611,185236.131239218,203937.497511786,229505.586526708,262322.585605268,262383.091015626
"JP",64,175330.479562611,185236.131239218,203937.497511786,229505.586526708,262322.585605268,262383.091015626
"JP",65,175330.479562611,185236.131239218,203937.497511786,229505.586526708,262322.585605268,262383.091015626
"JP",66,175330.479562611,185236.131239218,203937.497511786,229505.586526708,262322.585605268,262383.091015626
"JP",67,175330.479562611,185236.131239218,203937.497511786,229505.586526708,262322.585605268,262383.091015626
"JP",68,175330.479562611,185236.131239218,203937.497511786,229505.586526708,262322.585605268,262383.091015626
"JP",69,175330.479562611,185236.131239218,203937.497511786,229505.586526708,262322.585605268,262383.091015626
"JP",70,175330.479562611,185236.131239218,203937.497511786,229505.586526708,262322.585605268,262383.091015626
"JP",71,175330.479562611,185236.131239218,203937.497511786,229505.586526708,262322.585605268,262383.091015626
"JP",72,175330.479562611,185236.131239218,203937.497511786,229505.586526708,262322.585605268,262383.091015626
"JP",73,175330.479562611,185236.131239218,203937.497511786,229505.586526708,262322.585605268,262383.091015626
"JP",74,175330.479562611,185236.131239218,203937.497511786,229505.586526708,262322.585605268,262383.091015626
"JP",75,175330.479562611,185236.131239218,203937.497511786,229505.586526708,262322.585605268,262383.091015626
"JP",76,175330.479562611,185236.131239218,203937.497511786,229505.586526708,262322.585605268,262383.091015626
"JP",77,175330.479562611,185236.131239218,203937.497511786,229505.586526708,262322.585605268,262383.091015626
"JP",78,175330.479562611,185236.131239218,203937.497511786,229505.586526708,262322.585605268,262383.091015626
"JP",79,175330.479562611,185236.131239218,203937.497511786,229505.586526708,262322.585605268,262383.091015626
"JP",80,175330.479562611,185236.131239218,203937.497511786,229505.586526708,262322.585605268,262383.091015626
"JP",81,175330.479562611,185236.131239218,203937.497511786,229505.586526708,262322.585605268,262383.091015626
"JP",82,175330.479562611,185236.131239218,203937.497511786,229505.586526708,262322.585605268,262383.091015626
"JP",83,175330.479562611,185236.131239218,203937.497511786,229505.586526708,262322.585605268,262383.091015626
"JP",84,175330.479562611,185236.131239218,203937.497511786,229505.586526708,262322.585605268,262383.091015626
"JP",85,175330.479562611,185236.131239218,203937.497511786,229505.586526708,262322.585605268,262383.091015626
"JP",86,175330.479562611,185236.131239218,203937.497511786,229505.586526708,262322.585605268,262383.091015626
"JP",87,175330.479562611,185236.131239218,203937.497511786,229505.586526708,262322.585605268,262383.091015626
"JP",88,175330.479562611,185236.131239218,203937.497511786,229505.586526708,262322.585605268,262383.091015626
"JP",89,175330.479562611,185236.131239218,203937.497511786,229505.586526708,262322.585605268,262383.091015626
"JP",90,175330.479562611,185236.131239218,203937.497511786,229505.586526708,262322.585605268,262383.091015626
"JP",91,741364.707485792,825440.085841443,855570.88765811,722876.486600467,644969.609924778,581403.84027778
"JP",92,741364.707485792,825440.085841443,855570.88765811,722876.486600467,644969.609924778,581403.84027778
"JP",93,741364.707485792,825440.085841443,855570.88765811,722876.486600467,644969.609924778,581403.84027778
"JP",94,741364.707485792,825440.085841443,855570.88765811,722876.486600467,644969.609924778,581403.84027778
"JP",95,741364.707485792,825440.085841443,855570.88765811,722876.486600467,644969.609924778,581403.84027778
"JP",96,741364.707485792,825440.085841443,855570.88765811,722876.486600467,644969.609924778,581403.84027778
"JP",97,741364.707485792,825440.085841443,855570.88765811,722876.486600467,644969.609924778,581403.84027778
"JP",98,741364.707485792,825440.085841443,855570.88765811,722876.486600467,644969.609924778,581403.84027778
"JP",99,741364.707485792,825440.085841443,855570.88765811,722876.486600467,644969.609924778,581403.84027778
"JP",100,4762417.36114197,4177840.21725031,3449034.36754121,1599573.21749935,1046247.67131805,946580.101500003
"KR",1,160.662925159753,2268.86620496001,9233.08003322513,38233.8533375977,74452.6105504798,79839.7820312501
"KR",2,160.662925159753,2268.86620496001,9233.08003322513,38233.8533375977,74452.6105504798,79839.7820312501
"KR",3,160.662925159753,2268.86620496001,9233.08003322513,38233.8533375977,74452.6105504798,79839.7820312501
"KR",4,160.662925159753,2268.86620496001,9233.08003322513,38233.8533375977,74452.6105504798,79839.7820312501
"KR",5,160.662925159753,2268.86620496001,9233.08003322513,38233.8533375977,74452.6105504798,79839.7820312501
"KR",6,160.662925159753,2268.86620496001,9233.08003322513,38233.8533375977,74452.6105504798,79839.7820312501
"KR",7,160.662925159753,2268.86620496001,9233.08003322513,38233.8533375977,74452.6105504798,79839.7820312501
"KR",8,160.662925159753,2268.86620496001,9233.08003322513,38233.8533375977,74452.6105504798,79839.7820312501
"KR",9,160.662925159753,2268.86620496001,9233.08003322513,38233.8533375977,74452.6105504798,79839.7820312501
"KR",10,160.662925159753,2268.86620496001,9233.08003322513,38233.8533375977,74452.6105504798,79839.7820312501
"KR",11,9584.76864103317,19928.8707568435,35398.4322743061,72404.0374143183,109672.797714186,112212.275195312
"KR",12,9584.76864103317,19928.8707568435,35398.4322743061,72404.0374143183,109672.797714186,112212.275195312
"KR",13,9584.76864103317,19928.8707568435,35398.4322743061,72404.0374143183,109672.797714186,112212.275195312
"KR",14,9584.76864103317,19928.8707568435,35398.4322743061,72404.0374143183,109672.797714186,112212.275195312
"KR",15,9584.76864103317,19928.8707568435,35398.4322743061,72404.0374143183,109672.797714186,112212.275195312
"KR",16,9584.76864103317,19928.8707568435,35398.4322743061,72404.0374143183,109672.797714186,112212.275195312
"KR",17,9584.76864103317,19928.8707568435,35398.4322743061,72404.0374143183,109672.797714186,112212.275195312
"KR",18,9584.76864103317,19928.8707568435,35398.4322743061,72404.0374143183,109672.797714186,112212.275195312
"KR",19,9584.76864103317,19928.8707568435,35398.4322743061,72404.0374143183,109672.797714186,112212.275195312
"KR",20,9584.76864103317,19928.8707568435,35398.4322743061,72404.0374143183,109672.797714186,112212.275195312
"KR",21,9584.76864103317,19928.8707568435,35398.4322743061,72404.0374143183,109672.797714186,112212.275195312
"KR",22,9584.76864103317,19928.8707568435,35398.4322743061,72404.0374143183,109672.797714186,112212.275195312
"KR",23,9584.76864103317,19928.8707568435,35398.4322743061,72404.0374143183,109672.797714186,112212.275195312
"KR",24,9584.76864103317,19928.8707568435,35398.4322743061,72404.0374143183,109672.797714186,112212.275195312
"KR",25,9584.76864103317,19928.8707568435,35398.4322743061,72404.0374143183,109672.797714186,112212.275195312
"KR",26,9584.76864103317,19928.8707568435,35398.4322743061,72404.0374143183,109672.797714186,112212.275195312
"KR",27,9584.76864103317,19928.8707568435,35398.4322743061,72404.0374143183,109672.797714186,112212.275195312
"KR",28,9584.76864103317,19928.8707568435,35398.4322743061,72404.0374143183,109672.797714186,112212.275195312
"KR",29,9584.76864103317,19928.8707568435,35398.4322743061,72404.0374143183,109672.797714186,112212.275195312
"KR",30,9584.76864103317,19928.8707568435,35398.4322743061,72404.0374143183,109672.797714186,112212.275195312
"KR",31,9584.76864103317,19928.8707568435,35398.4322743061,72404.0374143183,109672.797714186,112212.275195312
"KR",32,9584.76864103317,19928.8707568435,35398.4322743061,72404.0374143183,109672.797714186,112212.275195312
"KR",33,9584.76864103317,19928.8707568435,35398.4322743061,72404.0374143183,109672.797714186,112212.275195312
"KR",34,9584.76864103317,19928.8707568435,35398.4322743061,72404.0374143183,109672.797714186,112212.275195312
"KR",35,9584.76864103317,19928.8707568435,35398.4322743061,72404.0374143183,109672.797714186,112212.275195312
"KR",36,9584.76864103317,19928.8707568435,35398.4322743061,72404.0374143183,109672.797714186,112212.275195312
"KR",37,9584.76864103317,19928.8707568435,35398.4322743061,72404.0374143183,109672.797714186,112212.275195312
"KR",38,9584.76864103317,19928.8707568435,35398.4322743061,72404.0374143183,109672.797714186,112212.275195312
"KR",39,9584.76864103317,19928.8707568435,35398.4322743061,72404.0374143183,109672.797714186,112212.275195312
"KR",40,9584.76864103317,19928.8707568435,35398.4322743061,72404.0374143183,109672.797714186,112212.275195312
"KR",41,9584.76864103317,19928.8707568435,35398.4322743061,72404.0374143183,109672.797714186,112212.275195312
"KR",42,9584.76864103317,19928.8707568435,35398.4322743061,72404.0374143183,109672.797714186,112212.275195312
"KR",43,9584.76864103317,19928.8707568435,35398.4322743061,72404.0374143183,109672.797714186,112212.275195312
"KR",44,9584.76864103317,19928.8707568435,35398.4322743061,72404.0374143183,109672.797714186,112212.275195312
"KR",45,9584.76864103317,19928.8707568435,35398.4322743061,72404.0374143183,109672.797714186,112212.275195312
"KR",46,9584.76864103317,19928.8707568435,35398.4322743061,72404.0374143183,109672.797714186,112212.275195312
"KR",47,9584.76864103317,19928.8707568435,35398.4322743061,72404.0374143183,109672.797714186,112212.275195312
"KR",48,9584.76864103317,19928.8707568435,35398.4322743061,72404.0374143183,109672.797714186,112212.275195312
"KR",49,9584.76864103317,19928.8707568435,35398.4322743061,72404.0374143183,109672.797714186,112212.275195312
"KR",50,9584.76864103317,19928.8707568435,35398.4322743061,72404.0374143183,109672.797714186,112212.275195312
"KR",51,178021.25133211,196441.584339495,222554.468870085,258755.044407546,281667.176218376,267155.880859375
"KR",52,178021.25133211,196441.584339495,222554.468870085,258755.044407546,281667.176218376,267155.880859375
"KR",53,178021.25133211,196441.584339495,222554.468870085,258755.044407546,281667.176218376,267155.880859375
"KR",54,178021.25133211,196441.584339495,222554.468870085,258755.044407546,281667.176218376,267155.880859375
"KR",55,178021.25133211,196441.584339495,222554.468870085,258755.044407546,281667.176218376,267155.880859375
"KR",56,178021.25133211,196441.584339495,222554.468870085,258755.044407546,281667.176218376,267155.880859375
"KR",57,178021.25133211,196441.584339495,222554.468870085,258755.044407546,281667.176218376,267155.880859375
"KR",58,178021.25133211,196441.584339495,222554.468870085,258755.044407546,281667.176218376,267155.880859375
"KR",59,178021.25133211,196441.584339495,222554.468870085,258755.044407546,281667.176218376,267155.880859375
"KR",60,178021.25133211,196441.584339495,222554.468870085,258755.044407546,281667.176218376,267155.880859375
"KR",61,178021.25133211,196441.584339495,222554.468870085,258755.044407546,281667.176218376,267155.880859375
"KR",62,178021.25133211,196441.584339495,222554.468870085,258755.044407546,281667.176218376,267155.880859375
"KR",63,178021.25133211,196441.584339495,222554.468870085,258755.044407546,281667.176218376,267155.880859375
"KR",64,178021.25133211,196441.584339495,222554.468870085,258755.044407546,281667.176218376,267155.880859375
"KR",65,178021.25133211,196441.584339495,222554.468870085,258755.044407546,281667.176218376,267155.880859375
"KR",66,178021.25133211,196441.584339495,222554.468870085,258755.044407546,281667.176218376,267155.880859375
"KR",67,178021.25133211,196441.584339495,222554.468870085,258755.044407546,281667.176218376,267155.880859375
"KR",68,178021.25133211,196441.584339495,222554.468870085,258755.044407546,281667.176218376,267155.880859375
"KR",69,178021.25133211,196441.584339495,222554.468870085,258755.044407546,281667.176218376,267155.880859375
"KR",70,178021.25133211,196441.584339495,222554.468870085,258755.044407546,281667.176218376,267155.880859375
"KR",71,178021.25133211,196441.584339495,222554.468870085,258755.044407546,281667.176218376,267155.880859375
"KR",72,178021.25133211,196441.584339495,222554.468870085,258755.044407546,281667.176218376,267155.880859375
"KR",73,178021.25133211,196441.584339495,222554.468870085,258755.044407546,281667.176218376,267155.880859375
"KR",74,178021.25133211,196441.584339495,222554.468870085,258755.044407546,281667.176218376,267155.880859375
"KR",75,178021.25133211,196441.584339495,222554.468870085,258755.044407546,281667.176218376,267155.880859375
"KR",76,178021.25133211,196441.584339495,222554.468870085,258755.044407546,281667.176218376,267155.880859375
"KR",77,178021.25133211,196441.584339495,222554.468870085,258755.044407546,281667.176218376,267155.880859375
"KR",78,178021.25133211,196441.584339495,222554.468870085,258755.044407546,281667.176218376,267155.880859375
"KR",79,178021.25133211,196441.584339495,222554.468870085,258755.044407546,281667.176218376,267155.880859375
"KR",80,178021.25133211,196441.584339495,222554.468870085,258755.044407546,281667.176218376,267155.880859375
"KR",81,178021.25133211,196441.584339495,222554.468870085,258755.044407546,281667.176218376,267155.880859375
"KR",82,178021.25133211,196441.584339495,222554.468870085,258755.044407546,281667.176218376,267155.880859375
"KR",83,178021.25133211,196441.584339495,222554.468870085,258755.044407546,281667.176218376,267155.880859375
"KR",84,178021.25133211,196441.584339495,222554.468870085,258755.044407546,281667.176218376,267155.880859375
"KR",85,178021.25133211,196441.584339495,222554.468870085,258755.044407546,281667.176218376,267155.880859375
"KR",86,178021.25133211,196441.584339495,222554.468870085,258755.044407546,281667.176218376,267155.880859375
"KR",87,178021.25133211,196441.584339495,222554.468870085,258755.044407546,281667.176218376,267155.880859375
"KR",88,178021.25133211,196441.584339495,222554.468870085,258755.044407546,281667.176218376,267155.880859375
"KR",89,178021.25133211,196441.584339495,222554.468870085,258755.044407546,281667.176218376,267155.880859375
"KR",90,178021.25133211,196441.584339495,222554.468870085,258755.044407546,281667.176218376,267155.880859375
"KR",91,999602.225679625,1025444.55817895,1018264.82596924,877253.629877932,797721.611056333,713894.555555557
"KR",92,999602.225679625,1025444.55817895,1018264.82596924,877253.629877932,797721.611056333,713894.555555557
"KR",93,999602.225679625,1025444.55817895,1018264.82596924,877253.629877932,797721.611056333,713894.555555557
"KR",94,999602.225679625,1025444.55817895,1018264.82596924,877253.629877932,797721.611056333,713894.555555557
"KR",95,999602.225679625,1025444.55817895,1018264.82596924,877253.629877932,797721.611056333,713894.555555557
"KR",96,999602.225679625,1025444.55817895,1018264.82596924,877253.629877932,797721.611056333,713894.555555557
"KR",97,999602.225679625,1025444.55817895,1018264.82596924,877253.629877932,797721.611056333,713894.555555557
"KR",98,999602.225679625,1025444.55817895,1018264.82596924,877253.629877932,797721.611056333,713894.555555557
"KR",99,999602.225679625,1025444.55817895,1018264.82596924,877253.629877932,797721.611056333,713894.555555557
"KR",100,5829768.35766448,4997984.82017501,4061757.38712912,1892955.62152574,1102498.75475639,1001825.3265
"TW",1,-45919.1457012931,-41419.981756071,-34247.6730095252,9138.87658430173,33841.8627666547,30566.8799804688
"TW",2,-45919.1457012931,-41419.981756071,-34247.6730095252,9138.87658430173,33841.8627666547,30566.8799804688
"TW",3,-45919.1457012931,-41419.981756071,-34247.6730095252,9138.87658430173,33841.8627666547,30566.8799804688
"TW",4,-45919.1457012931,-41419.981756071,-34247.6730095252,9138.87658430173,33841.8627666547,30566.8799804688
"TW",5,-45919.1457012931,-41419.981756071,-34247.6730095252,9138.87658430173,33841.8627666547,30566.8799804688
"TW",6,-45919.1457012931,-41419.981756071,-34247.6730095252,9138.87658430173,33841.8627666547,30566.8799804688
"TW",7,-45919.1457012931,-41419.981756071,-34247.6730095252,9138.87658430173,33841.8627666547,30566.8799804688
"TW",8,-45919.1457012931,-41419.981756071,-34247.6730095252,9138.87658430173,33841.8627666547,30566.8799804688
"TW",9,-45919.1457012931,-41419.981756071,-34247.6730095252,9138.87658430173,33841.8627666547,30566.8799804688
"TW",10,-45919.1457012931,-41419.981756071,-34247.6730095252,9138.87658430173,33841.8627666547,30566.8799804688
"TW",11,53587.649193553,58179.7143692897,66285.7660148063,111959.377006527,116704.032348335,95647.5002929689
"TW",12,53587.649193553,58179.7143692897,66285.7660148063,111959.377006527,116704.032348335,95647.5002929689
"TW",13,53587.649193553,58179.7143692897,66285.7660148063,111959.377006527,116704.032348335,95647.5002929689
"TW",14,53587.649193553,58179.7143692897,66285.7660148063,111959.377006527,116704.032348335,95647.5002929689
"TW",15,53587.649193553,58179.7143692897,66285.7660148063,111959.377006527,116704.032348335,95647.5002929689
"TW",16,53587.649193553,58179.7143692897,66285.7660148063,111959.377006527,116704.032348335,95647.5002929689
"TW",17,53587.649193553,58179.7143692897,66285.7660148063,111959.377006527,116704.032348335,95647.5002929689
"TW",18,53587.649193553,58179.7143692897,66285.7660148063,111959.377006527,116704.032348335,95647.5002929689
"TW",19,53587.649193553,58179.7143692897,66285.7660148063,111959.377006527,116704.032348335,95647.5002929689
"TW",20,53587.649193553,58179.7143692897,66285.7660148063,111959.377006527,116704.032348335,95647.5002929689
"TW",21,53587.649193553,58179.7143692897,66285.7660148063,111959.377006527,116704.032348335,95647.5002929689
"TW",22,53587.649193553,58179.7143692897,66285.7660148063,111959.377006527,116704.032348335,95647.5002929689
"TW",23,53587.649193553,58179.7143692897,66285.7660148063,111959.377006527,116704.032348335,95647.5002929689
"TW",24,53587.649193553,58179.7143692897,66285.7660148063,111959.377006527,116704.032348335,95647.5002929689
"TW",25,53587.649193553,58179.7143692897,66285.7660148063,111959.377006527,116704.032348335,95647.5002929689
"TW",26,53587.649193553,58179.7143692897,66285.7660148063,111959.377006527,116704.032348335,95647.5002929689
"TW",27,53587.649193553,58179.7143692897,66285.7660148063,111959.377006527,116704.032348335,95647.5002929689
"TW",28,53587.649193553,58179.7143692897,66285.7660148063,111959.377006527,116704.032348335,95647.5002929689
"TW",29,53587.649193553,58179.7143692897,66285.7660148063,111959.377006527,116704.032348335,95647.5002929689
"TW",30,53587.649193553,58179.7143692897,66285.7660148063,111959.377006527,116704.032348335,95647.5002929689
"TW",31,53587.649193553,58179.7143692897,66285.7660148063,111959.377006527,116704.032348335,95647.5002929689
"TW",32,53587.649193553,58179.7143692897,66285.7660148063,111959.377006527,116704.032348335,95647.5002929689
"TW",33,53587.649193553,58179.7143692897,66285.7660148063,111959.377006527,116704.032348335,95647.5002929689
"TW",34,53587.649193553,58179.7143692897,66285.7660148063,111959.377006527,116704.032348335,95647.5002929689
"TW",35,53587.649193553,58179.7143692897,66285.7660148063,111959.377006527,116704.032348335,95647.5002929689
"TW",36,53587.649193553,58179.7143692897,66285.7660148063,111959.377006527,116704.032348335,95647.5002929689
"TW",37,53587.649193553,58179.7143692897,66285.7660148063,111959.377006527,116704.032348335,95647.5002929689
"TW",38,53587.649193553,58179.7143692897,66285.7660148063,111959.377006527,116704.032348335,95647.5002929689
"TW",39,53587.649193553,58179.7143692897,66285.7660148063,111959.377006527,116704.032348335,95647.5002929689
"TW",40,53587.649193553,58179.7143692897,66285.7660148063,111959.377006527,116704.032348335,95647.5002929689
"TW",41,53587.649193553,58179.7143692897,66285.7660148063,111959.377006527,116704.032348335,95647.5002929689
"TW",42,53587.649193553,58179.7143692897,66285.7660148063,111959.377006527,116704.032348335,95647.5002929689
"TW",43,53587.649193553,58179.7143692897,66285.7660148063,111959.377006527,116704.032348335,95647.5002929689
"TW",44,53587.649193553,58179.7143692897,66285.7660148063,111959.377006527,116704.032348335,95647.5002929689
"TW",45,53587.649193553,58179.7143692897,66285.7660148063,111959.377006527,116704.032348335,95647.5002929689
"TW",46,53587.649193553,58179.7143692897,66285.7660148063,111959.377006527,116704.032348335,95647.5002929689
"TW",47,53587.649193553,58179.7143692897,66285.7660148063,111959.377006527,116704.032348335,95647.5002929689
"TW",48,53587.649193553,58179.7143692897,66285.7660148063,111959.377006527,116704.032348335,95647.5002929689
"TW",49,53587.649193553,58179.7143692897,66285.7660148063,111959.377006527,116704.032348335,95647.5002929689
"TW",50,53587.649193553,58179.7143692897,66285.7660148063,111959.377006527,116704.032348335,95647.5002929689
"TW",51,342031.602026887,354276.756893544,369902.317470267,434906.388567645,382703.646278343,305463.105078126
"TW",52,342031.602026887,354276.756893544,369902.317470267,434906.388567645,382703.646278343,305463.105078126
"TW",53,342031.602026887,354276.756893544,369902.317470267,434906.388567645,382703.646278343,305463.105078126
"TW",54,342031.602026887,354276.756893544,369902.317470267,434906.388567645,382703.646278343,305463.105078126
"TW",55,342031.602026887,354276.756893544,369902.317470267,434906.388567645,382703.646278343,305463.105078126
"TW",56,342031.602026887,354276.756893544,369902.317470267,434906.388567645,382703.646278343,305463.105078126
"TW",57,342031.602026887,354276.756893544,369902.317470267,434906.388567645,382703.646278343,305463.105078126
"TW",58,342031.602026887,354276.756893544,369902.317470267,434906.388567645,382703.646278343,305463.105078126
"TW",59,342031.602026887,354276.756893544,369902.317470267,434906.388567645,382703.646278343,305463.105078126
"TW",60,342031.602026887,354276.756893544,369902.317470267,434906.388567645,382703.646278343,305463.105078126
"TW",61,342031.602026887,354276.756893544,369902.317470267,434906.388567645,382703.646278343,305463.105078126
"TW",62,342031.602026887,354276.756893544,369902.317470267,434906.388567645,382703.646278343,305463.105078126
"TW",63,342031.602026887,354276.756893544,369902.317470267,434906.388567645,382703.646278343,305463.105078126
"TW",64,342031.602026887,354276.756893544,369902.317470267,434906.388567645,382703.646278343,305463.105078126
"TW",65,342031.602026887,354276.756893544,369902.317470267,434906.388567645,382703.646278343,305463.105078126
"TW",66,342031.602026887,354276.756893544,369902.317470267,434906.388567645,382703.646278343,305463.105078126
"TW",67,342031.602026887,354276.756893544,369902.317470267,434906.388567645,382703.646278343,305463.105078126
"TW",68,342031.602026887,354276.756893544,369902.317470267,434906.388567645,382703.646278343,305463.105078126
"TW",69,342031.602026887,354276.756893544,369902.317470267,434906.388567645,382703.646278343,305463.105078126
"TW",70,342031.602026887,354276.756893544,369902.317470267,434906.388567645,382703.646278343,305463.105078126
"TW",71,342031.602026887,354276.756893544,369902.317470267,434906.388567645,382703.646278343,305463.105078126
"TW",72,342031.602026887,354276.756893544,369902.317470267,434906.388567645,382703.646278343,305463.105078126
"TW",73,342031.602026887,354276.756893544,369902.317470267,434906.388567645,382703.646278343,305463.105078126
"TW",74,342031.602026887,354276.756893544,369902.317470267,434906.388567645,382703.646278343,305463.105078126
"TW",75,342031.602026887,354276.756893544,369902.317470267,434906.388567645,382703.646278343,305463.105078126
"TW",76,342031.602026887,354276.756893544,369902.317470267,434906.388567645,382703.646278343,305463.105078126
"TW",77,342031.602026887,354276.756893544,369902.317470267,434906.388567645,382703.646278343,305463.105078126
"TW",78,342031.602026887,354276.756893544,369902.317470267,434906.388567645,382703.646278343,305463.105078126
"TW",79,342031.602026887,354276.756893544,369902.317470267,434906.388567645,382703.646278343,305463.105078126
"TW",80,342031.602026887,354276.756893544,369902.317470267,434906.388567645,382703.646278343,305463.105078126
"TW",81,342031.602026887,354276.756893544,369902.317470267,434906.388567645,382703.646278343,305463.105078126
"TW",82,342031.602026887,354276.756893544,369902.317470267,434906.388567645,382703.646278343,305463.105078126
"TW",83,342031.602026887,354276.756893544,369902.317470267,434906.388567645,382703.646278343,305463.105078126
"TW",84,342031.602026887,354276.756893544,369902.317470267,434906.388567645,382703.646278343,305463.105078126
"TW",85,342031.602026887,354276.756893544,369902.317470267,434906.388567645,382703.646278343,305463.105078126
"TW",86,342031.602026887,354276.756893544,369902.317470267,434906.388567645,382703.646278343,305463.105078126
"TW",87,342031.602026887,354276.756893544,369902.317470267,434906.388567645,382703.646278343,305463.105078126
"TW",88,342031.602026887,354276.756893544,369902.317470267,434906.388567645,382703.646278343,305463.105078126
"TW",89,342031.602026887,354276.756893544,369902.317470267,434906.388567645,382703.646278343,305463.105078126
"TW",90,342031.602026887,354276.756893544,369902.317470267,434906.388567645,382703.646278343,305463.105078126
"TW",91,1519348.32325337,1504167.20971763,1403237.39801051,1106040.59794104,866389.310161402,687392.527777779
"TW",92,1519348.32325337,1504167.20971763,1403237.39801051,1106040.59794104,866389.310161402,687392.527777779
"TW",93,1519348.32325337,1504167.20971763,1403237.39801051,1106040.59794104,866389.310161402,687392.527777779
"TW",94,1519348.32325337,1504167.20971763,1403237.39801051,1106040.59794104,866389.310161402,687392.527777779
"TW",95,1519348.32325337,1504167.20971763,1403237.39801051,1106040.59794104,866389.310161402,687392.527777779
"TW",96,1519348.32325337,1504167.20971763,1403237.39801051,1106040.59794104,866389.310161402,687392.527777779
"TW",97,1519348.32325337,1504167.20971763,1403237.39801051,1106040.59794104,866389.310161402,687392.527777779
"TW",98,1519348.32325337,1504167.20971763,1403237.39801051,1106040.59794104,866389.310161402,687392.527777779
"TW",99,1519348.32325337,1504167.20971763,1403237.39801051,1106040.59794104,866389.310161402,687392.527777779
"TW",100,11203682.5094685,8070326.49017063,5812200.44796323,2658005.53003882,1080146.08040615,863373.817500002
"OB",1,-8270.35640131741,-5654.1389499671,-2737.6388444253,14362.2643644432,64911.4780741946,119518.19609375
"OB",2,-8270.35640131741,-5654.1389499671,-2737.6388444253,14362.2643644432,64911.4780741946,119518.19609375
"OB",3,-8270.35640131741,-5654.1389499671,-2737.6388444253,14362.2643644432,64911.4780741946,119518.19609375
"OB",4,-8270.35640131741,-5654.1389499671,-2737.6388444253,14362.2643644432,64911.4780741946,119518.19609375
"OB",5,-8270.35640131741,-5654.1389499671,-2737.6388444253,14362.2643644432,64911.4780741946,119518.19609375
"OB",6,-8270.35640131741,-5654.1389499671,-2737.6388444253,14362.2643644432,64911.4780741946,119518.19609375
"OB",7,-8270.35640131741,-5654.1389499671,-2737.6388444253,14362.2643644432,64911.4780741946,119518.19609375
"OB",8,-8270.35640131741,-5654.1389499671,-2737.6388444253,14362.2643644432,64911.4780741946,119518.19609375
"OB",9,-8270.35640131741,-5654.1389499671,-2737.6388444253,14362.2643644432,64911.4780741946,119518.19609375
"OB",10,-8270.35640131741,-5654.1389499671,-2737.6388444253,14362.2643644432,64911.4780741946,119518.19609375
"OB",11,2988.03466715527,3357.23447176504,5551.11505390879,22759.5230971281,79155.1879284613,142765.723632814
"OB",12,2988.03466715527,3357.23447176504,5551.11505390879,22759.5230971281,79155.1879284613,142765.723632814
"OB",13,2988.03466715527,3357.23447176504,5551.11505390879,22759.5230971281,79155.1879284613,142765.723632814
"OB",14,2988.03466715527,3357.23447176504,5551.11505390879,22759.5230971281,79155.1879284613,142765.723632814
"OB",15,2988.03466715527,3357.23447176504,5551.11505390879,22759.5230971281,79155.1879284613,142765.723632814
"OB",16,2988.03466715527,3357.23447176504,5551.11505390879,22759.5230971281,79155.1879284613,142765.723632814
"OB",17,2988.03466715527,3357.23447176504,5551.11505390879,22759.5230971281,79155.1879284613,142765.723632814
"OB",18,2988.03466715527,3357.23447176504,5551.11505390879,22759.5230971281,79155.1879284613,142765.723632814
"OB",19,2988.03466715527,3357.23447176504,5551.11505390879,22759.5230971281,79155.1879284613,142765.723632814
"OB",20,2988.03466715527,3357.23447176504,5551.11505390879,22759.5230971281,79155.1879284613,142765.723632814
"OB",21,2988.03466715527,3357.23447176504,5551.11505390879,22759.5230971281,79155.1879284613,142765.723632814
"OB",22,2988.03466715527,3357.23447176504,5551.11505390879,22759.5230971281,79155.1879284613,142765.723632814
"OB",23,2988.03466715527,3357.23447176504,5551.11505390879,22759.5230971281,79155.1879284613,142765.723632814
"OB",24,2988.03466715527,3357.23447176504,5551.11505390879,22759.5230971281,79155.1879284613,142765.723632814
"OB",25,2988.03466715527,3357.23447176504,5551.11505390879,22759.5230971281,79155.1879284613,142765.723632814
"OB",26,2988.03466715527,3357.23447176504,5551.11505390879,22759.5230971281,79155.1879284613,142765.723632814
"OB",27,2988.03466715527,3357.23447176504,5551.11505390879,22759.5230971281,79155.1879284613,142765.723632814
"OB",28,2988.03466715527,3357.23447176504,5551.11505390879,22759.5230971281,79155.1879284613,142765.723632814
"OB",29,2988.03466715527,3357.23447176504,5551.11505390879,22759.5230971281,79155.1879284613,142765.723632814
"OB",30,2988.03466715527,3357.23447176504,5551.11505390879,22759.5230971281,79155.1879284613,142765.723632814
"OB",31,2988.03466715527,3357.23447176504,5551.11505390879,22759.5230971281,79155.1879284613,142765.723632814
"OB",32,2988.03466715527,3357.23447176504,5551.11505390879,22759.5230971281,79155.1879284613,142765.723632814
"OB",33,2988.03466715527,3357.23447176504,5551.11505390879,22759.5230971281,79155.1879284613,142765.723632814
"OB",34,2988.03466715527,3357.23447176504,5551.11505390879,22759.5230971281,79155.1879284613,142765.723632814
"OB",35,2988.03466715527,3357.23447176504,5551.11505390879,22759.5230971281,79155.1879284613,142765.723632814
"OB",36,2988.03466715527,3357.23447176504,5551.11505390879,22759.5230971281,79155.1879284613,142765.723632814
"OB",37,2988.03466715527,3357.23447176504,5551.11505390879,22759.5230971281,79155.1879284613,142765.723632814
"OB",38,2988.03466715527,3357.23447176504,5551.11505390879,22759.5230971281,79155.1879284613,142765.723632814
"OB",39,2988.03466715527,3357.23447176504,5551.11505390879,22759.5230971281,79155.1879284613,142765.723632814
"OB",40,2988.03466715527,3357.23447176504,5551.11505390879,22759.5230971281,79155.1879284613,142765.723632814
"OB",41,2988.03466715527,3357.23447176504,5551.11505390879,22759.5230971281,79155.1879284613,142765.723632814
"OB",42,2988.03466715527,3357.23447176504,5551.11505390879,22759.5230971281,79155.1879284613,142765.723632814
"OB",43,2988.03466715527,3357.23447176504,5551.11505390879,22759.5230971281,79155.1879284613,142765.723632814
"OB",44,2988.03466715527,3357.23447176504,5551.11505390879,22759.5230971281,79155.1879284613,142765.723632814
"OB",45,2988.03466715527,3357.23447176504,5551.11505390879,22759.5230971281,79155.1879284613,142765.723632814
"OB",46,2988.03466715527,3357.23447176504,5551.11505390879,22759.5230971281,79155.1879284613,142765.723632814
"OB",47,2988.03466715527,3357.23447176504,5551.11505390879,22759.5230971281,79155.1879284613,142765.723632814
"OB",48,2988.03466715527,3357.23447176504,5551.11505390879,22759.5230971281,79155.1879284613,142765.723632814
"OB",49,2988.03466715527,3357.23447176504,5551.11505390879,22759.5230971281,79155.1879284613,142765.723632814
"OB",50,2988.03466715527,3357.23447176504,5551.11505390879,22759.5230971281,79155.1879284613,142765.723632814
"OB",51,33515.2293649865,35637.4449605139,41103.9181762317,66823.2248037552,149730.581505273,251381.475390626
"OB",52,33515.2293649865,35637.4449605139,41103.9181762317,66823.2248037552,149730.581505273,251381.475390626
"OB",53,33515.2293649865,35637.4449605139,41103.9181762317,66823.2248037552,149730.581505273,251381.475390626
"OB",54,33515.2293649865,35637.4449605139,41103.9181762317,66823.2248037552,149730.581505273,251381.475390626
"OB",55,33515.2293649865,35637.4449605139,41103.9181762317,66823.2248037552,149730.581505273,251381.475390626
"OB",56,33515.2293649865,35637.4449605139,41103.9181762317,66823.2248037552,149730.581505273,251381.475390626
"OB",57,33515.2293649865,35637.4449605139,41103.9181762317,66823.2248037552,149730.581505273,251381.475390626
"OB",58,33515.2293649865,35637.4449605139,41103.9181762317,66823.2248037552,149730.581505273,251381.475390626
"OB",59,33515.2293649865,35637.4449605139,41103.9181762317,66823.2248037552,149730.581505273,251381.475390626
"OB",60,33515.2293649865,35637.4449605139,41103.9181762317,66823.2248037552,149730.581505273,251381.475390626
"OB",61,33515.2293649865,35637.4449605139,41103.9181762317,66823.2248037552,149730.581505273,251381.475390626
"OB",62,33515.2293649865,35637.4449605139,41103.9181762317,66823.2248037552,149730.581505273,251381.475390626
"OB",63,33515.2293649865,35637.4449605139,41103.9181762317,66823.2248037552,149730.581505273,251381.475390626
"OB",64,33515.2293649865,35637.4449605139,41103.9181762317,66823.2248037552,149730.581505273,251381.475390626
"OB",65,33515.2293649865,35637.4449605139,41103.9181762317,66823.2248037552,149730.581505273,251381.475390626
"OB",66,33515.2293649865,35637.4449605139,41103.9181762317,66823.2248037552,149730.581505273,251381.475390626
"OB",67,33515.2293649865,35637.4449605139,41103.9181762317,66823.2248037552,149730.581505273,251381.475390626
"OB",68,33515.2293649865,35637.4449605139,41103.9181762317,66823.2248037552,149730.581505273,251381.475390626
"OB",69,33515.2293649865,35637.4449605139,41103.9181762317,66823.2248037552,149730.581505273,251381.475390626
"OB",70,33515.2293649865,35637.4449605139,41103.9181762317,66823.2248037552,149730.581505273,251381.475390626
"OB",71,33515.2293649865,35637.4449605139,41103.9181762317,66823.2248037552,149730.581505273,251381.475390626
"OB",72,33515.2293649865,35637.4449605139,41103.9181762317,66823.2248037552,149730.581505273,251381.475390626
"OB",73,33515.2293649865,35637.4449605139,41103.9181762317,66823.2248037552,149730.581505273,251381.475390626
"OB",74,33515.2293649865,35637.4449605139,41103.9181762317,66823.2248037552,149730.581505273,251381.475390626
"OB",75,33515.2293649865,35637.4449605139,41103.9181762317,66823.2248037552,149730.581505273,251381.475390626
"OB",76,33515.2293649865,35637.4449605139,41103.9181762317,66823.2248037552,149730.581505273,251381.475390626
"OB",77,33515.2293649865,35637.4449605139,41103.9181762317,66823.2248037552,149730.581505273,251381.475390626
"OB",78,33515.2293649865,35637.4449605139,41103.9181762317,66823.2248037552,149730.581505273,251381.475390626
"OB",79,33515.2293649865,35637.4449605139,41103.9181762317,66823.2248037552,149730.581505273,251381.475390626
"OB",80,33515.2293649865,35637.4449605139,41103.9181762317,66823.2248037552,149730.581505273,251381.475390626
"OB",81,33515.2293649865,35637.4449605139,41103.9181762317,66823.2248037552,149730.581505273,251381.475390626
"OB",82,33515.2293649865,35637.4449605139,41103.9181762317,66823.2248037552,149730.581505273,251381.475390626
"OB",83,33515.2293649865,35637.4449605139,41103.9181762317,66823.2248037552,149730.581505273,251381.475390626
"OB",84,33515.2293649865,35637.4449605139,41103.9181762317,66823.2248037552,149730.581505273,251381.475390626
"OB",85,33515.2293649865,35637.4449605139,41103.9181762317,66823.2248037552,149730.581505273,251381.475390626
"OB",86,33515.2293649865,35637.4449605139,41103.9181762317,66823.2248037552,149730.581505273,251381.475390626
"OB",87,33515.2293649865,35637.4449605139,41103.9181762317,66823.2248037552,149730.581505273,251381.475390626
"OB",88,33515.2293649865,35637.4449605139,41103.9181762317,66823.2248037552,149730.581505273,251381.475390626
"OB",89,33515.2293649865,35637.4449605139,41103.9181762317,66823.2248037552,149730.581505273,251381.475390626
"OB",90,33515.2293649865,35637.4449605139,41103.9181762317,66823.2248037552,149730.581505273,251381.475390626
"OB",91,338409.422232075,384972.277932191,408836.301146522,396792.491579203,445394.913454926,578968.430555558
"OB",92,338409.422232075,384972.277932191,408836.301146522,396792.491579203,445394.913454926,578968.430555558
"OB",93,338409.422232075,384972.277932191,408836.301146522,396792.491579203,445394.913454926,578968.430555558
"OB",94,338409.422232075,384972.277932191,408836.301146522,396792.491579203,445394.913454926,578968.430555558
"OB",95,338409.422232075,384972.277932191,408836.301146522,396792.491579203,445394.913454926,578968.430555558
"OB",96,338409.422232075,384972.277932191,408836.301146522,396792.491579203,445394.913454926,578968.430555558
"OB",97,338409.422232075,384972.277932191,408836.301146522,396792.491579203,445394.913454926,578968.430555558
"OB",98,338409.422232075,384972.277932191,408836.301146522,396792.491579203,445394.913454926,578968.430555558
"OB",99,338409.422232075,384972.277932191,408836.301146522,396792.491579203,445394.913454926,578968.430555558
"OB",100,3509218.21273021,2972685.96962921,2413699.49772292,1293740.97072289,1079090.13623051,1228214.09450001
"BD",1,-3865.92742736812,-2734.75473874875,221.37992279154,30529.3230329716,90178.1358690685,120245.89609375
"BD",2,-3865.92742736812,-2734.75473874875,221.37992279154,30529.3230329716,90178.1358690685,120245.89609375
"BD",3,-3865.92742736812,-2734.75473874875,221.37992279154,30529.3230329716,90178.1358690685,120245.89609375
"BD",4,-3865.92742736812,-2734.75473874875,221.37992279154,30529.3230329716,90178.1358690685,120245.89609375
"BD",5,-3865.92742736812,-2734.75473874875,221.37992279154,30529.3230329716,90178.1358690685,120245.89609375
"BD",6,-3865.92742736812,-2734.75473874875,221.37992279154,30529.3230329716,90178.1358690685,120245.89609375
"BD",7,-3865.92742736812,-2734.75473874875,221.37992279154,30529.3230329716,90178.1358690685,120245.89609375
"BD",8,-3865.92742736812,-2734.75473874875,221.37992279154,30529.3230329716,90178.1358690685,120245.89609375
"BD",9,-3865.92742736812,-2734.75473874875,221.37992279154,30529.3230329716,90178.1358690685,120245.89609375
"BD",10,-3865.92742736812,-2734.75473874875,221.37992279154,30529.3230329716,90178.1358690685,120245.89609375
"BD",11,4904.95992775077,7356.9669029378,12406.810905963,50135.1951785756,116605.309151967,149703.814648437
"BD",12,4904.95992775077,7356.9669029378,12406.810905963,50135.1951785756,116605.309151967,149703.814648437
"BD",13,4904.95992775077,7356.9669029378,12406.810905963,50135.1951785756,116605.309151967,149703.814648437
"BD",14,4904.95992775077,7356.9669029378,12406.810905963,50135.1951785756,116605.309151967,149703.814648437
"BD",15,4904.95992775077,7356.9669029378,12406.810905963,50135.1951785756,116605.309151967,149703.814648437
"BD",16,4904.95992775077,7356.9669029378,12406.810905963,50135.1951785756,116605.309151967,149703.814648437
"BD",17,4904.95992775077,7356.9669029378,12406.810905963,50135.1951785756,116605.309151967,149703.814648437
"BD",18,4904.95992775077,7356.9669029378,12406.810905963,50135.1951785756,116605.309151967,149703.814648437
"BD",19,4904.95992775077,7356.9669029378,12406.810905963,50135.1951785756,116605.309151967,149703.814648437
"BD",20,4904.95992775077,7356.9669029378,12406.810905963,50135.1951785756,116605.309151967,149703.814648437
"BD",21,4904.95992775077,7356.9669029378,12406.810905963,50135.1951785756,116605.309151967,149703.814648437
"BD",22,4904.95992775077,7356.9669029378,12406.810905963,50135.1951785756,116605.309151967,149703.814648437
"BD",23,4904.95992775077,7356.9669029378,12406.810905963,50135.1951785756,116605.309151967,149703.814648437
"BD",24,4904.95992775077,7356.9669029378,12406.810905963,50135.1951785756,116605.309151967,149703.814648437
"BD",25,4904.95992775077,7356.9669029378,12406.810905963,50135.1951785756,116605.309151967,149703.814648437
"BD",26,4904.95992775077,7356.9669029378,12406.810905963,50135.1951785756,116605.309151967,149703.814648437
"BD",27,4904.95992775077,7356.9669029378,12406.810905963,50135.1951785756,116605.309151967,149703.814648437
"BD",28,4904.95992775077,7356.9669029378,12406.810905963,50135.1951785756,116605.309151967,149703.814648437
"BD",29,4904.95992775077,7356.9669029378,12406.810905963,50135.1951785756,116605.309151967,149703.814648437
"BD",30,4904.95992775077,7356.9669029378,12406.810905963,50135.1951785756,116605.309151967,149703.814648437
"BD",31,4904.95992775077,7356.9669029378,12406.810905963,50135.1951785756,116605.309151967,149703.814648437
"BD",32,4904.95992775077,7356.9669029378,12406.810905963,50135.1951785756,116605.309151967,149703.814648437
"BD",33,4904.95992775077,7356.9669029378,12406.810905963,50135.1951785756,116605.309151967,149703.814648437
"BD",34,4904.95992775077,7356.9669029378,12406.810905963,50135.1951785756,116605.309151967,149703.814648437
"BD",35,4904.95992775077,7356.9669029378,12406.810905963,50135.1951785756,116605.309151967,149703.814648437
"BD",36,4904.95992775077,7356.9669029378,12406.810905963,50135.1951785756,116605.309151967,149703.814648437
"BD",37,4904.95992775077,7356.9669029378,12406.810905963,50135.1951785756,116605.309151967,149703.814648437
"BD",38,4904.95992775077,7356.9669029378,12406.810905963,50135.1951785756,116605.309151967,149703.814648437
"BD",39,4904.95992775077,7356.9669029378,12406.810905963,50135.1951785756,116605.309151967,149703.814648437
"BD",40,4904.95992775077,7356.9669029378,12406.810905963,50135.1951785756,116605.309151967,149703.814648437
"BD",41,4904.95992775077,7356.9669029378,12406.810905963,50135.1951785756,116605.309151967,149703.814648437
"BD",42,4904.95992775077,7356.9669029378,12406.810905963,50135.1951785756,116605.309151967,149703.814648437
"BD",43,4904.95992775077,7356.9669029378,12406.810905963,50135.1951785756,116605.309151967,149703.814648437
"BD",44,4904.95992775077,7356.9669029378,12406.810905963,50135.1951785756,116605.309151967,149703.814648437
"BD",45,4904.95992775077,7356.9669029378,12406.810905963,50135.1951785756,116605.309151967,149703.814648437
"BD",46,4904.95992775077,7356.9669029378,12406.810905963,50135.1951785756,116605.309151967,149703.814648437
"BD",47,4904.95992775077,7356.9669029378,12406.810905963,50135.1951785756,116605.309151967,149703.814648437
"BD",48,4904.95992775077,7356.9669029378,12406.810905963,50135.1951785756,116605.309151967,149703.814648437
"BD",49,4904.95992775077,7356.9669029378,12406.810905963,50135.1951785756,116605.309151967,149703.814648437
"BD",50,4904.95992775077,7356.9669029378,12406.810905963,50135.1951785756,116605.309151967,149703.814648437
"BD",51,30637.1494112373,37093.8384800663,48002.1816363122,111413.756668479,210622.013244477,260870.6125
"BD",52,30637.1494112373,37093.8384800663,48002.1816363122,111413.756668479,210622.013244477,260870.6125
"BD",53,30637.1494112373,37093.8384800663,48002.1816363122,111413.756668479,210622.013244477,260870.6125
"BD",54,30637.1494112373,37093.8384800663,48002.1816363122,111413.756668479,210622.013244477,260870.6125
"BD",55,30637.1494112373,37093.8384800663,48002.1816363122,111413.756668479,210622.013244477,260870.6125
"BD",56,30637.1494112373,37093.8384800663,48002.1816363122,111413.756668479,210622.013244477,260870.6125
"BD",57,30637.1494112373,37093.8384800663,48002.1816363122,111413.756668479,210622.013244477,260870.6125
"BD",58,30637.1494112373,37093.8384800663,48002.1816363122,111413.756668479,210622.013244477,260870.6125
"BD",59,30637.1494112373,37093.8384800663,48002.1816363122,111413.756668479,210622.013244477,260870.6125
"BD",60,30637.1494112373,37093.8384800663,48002.1816363122,111413.756668479,210622.013244477,260870.6125
"BD",61,30637.1494112373,37093.8384800663,48002.1816363122,111413.756668479,210622.013244477,260870.6125
"BD",62,30637.1494112373,37093.8384800663,48002.1816363122,111413.756668479,210622.013244477,260870.6125
"BD",63,30637.1494112373,37093.8384800663,48002.1816363122,111413.756668479,210622.013244477,260870.6125
"BD",64,30637.1494112373,37093.8384800663,48002.1816363122,111413.756668479,210622.013244477,260870.6125
"BD",65,30637.1494112373,37093.8384800663,48002.1816363122,111413.756668479,210622.013244477,260870.6125
"BD",66,30637.1494112373,37093.8384800663,48002.1816363122,111413.756668479,210622.013244477,260870.6125
"BD",67,30637.1494112373,37093.8384800663,48002.1816363122,111413.756668479,210622.013244477,260870.6125
"BD",68,30637.1494112373,37093.8384800663,48002.1816363122,111413.756668479,210622.013244477,260870.6125
"BD",69,30637.1494112373,37093.8384800663,48002.1816363122,111413.756668479,210622.013244477,260870.6125
"BD",70,30637.1494112373,37093.8384800663,48002.1816363122,111413.756668479,210622.013244477,260870.6125
"BD",71,30637.1494112373,37093.8384800663,48002.1816363122,111413.756668479,210622.013244477,260870.6125
"BD",72,30637.1494112373,37093.8384800663,48002.1816363122,111413.756668479,210622.013244477,260870.6125
"BD",73,30637.1494112373,37093.8384800663,48002.1816363122,111413.756668479,210622.013244477,260870.6125
"BD",74,30637.1494112373,37093.8384800663,48002.1816363122,111413.756668479,210622.013244477,260870.6125
"BD",75,30637.1494112373,37093.8384800663,48002.1816363122,111413.756668479,210622.013244477,260870.6125
"BD",76,30637.1494112373,37093.8384800663,48002.1816363122,111413.756668479,210622.013244477,260870.6125
"BD",77,30637.1494112373,37093.8384800663,48002.1816363122,111413.756668479,210622.013244477,260870.6125
"BD",78,30637.1494112373,37093.8384800663,48002.1816363122,111413.756668479,210622.013244477,260870.6125
"BD",79,30637.1494112373,37093.8384800663,48002.1816363122,111413.756668479,210622.013244477,260870.6125
"BD",80,30637.1494112373,37093.8384800663,48002.1816363122,111413.756668479,210622.013244477,260870.6125
"BD",81,30637.1494112373,37093.8384800663,48002.1816363122,111413.756668479,210622.013244477,260870.6125
"BD",82,30637.1494112373,37093.8384800663,48002.1816363122,111413.756668479,210622.013244477,260870.6125
"BD",83,30637.1494112373,37093.8384800663,48002.1816363122,111413.756668479,210622.013244477,260870.6125
"BD",84,30637.1494112373,37093.8384800663,48002.1816363122,111413.756668479,210622.013244477,260870.6125
"BD",85,30637.1494112373,37093.8384800663,48002.1816363122,111413.756668479,210622.013244477,260870.6125
"BD",86,30637.1494112373,37093.8384800663,48002.1816363122,111413.756668479,210622.013244477,260870.6125
"BD",87,30637.1494112373,37093.8384800663,48002.1816363122,111413.756668479,210622.013244477,260870.6125
"BD",88,30637.1494112373,37093.8384800663,48002.1816363122,111413.756668479,210622.013244477,260870.6125
"BD",89,30637.1494112373,37093.8384800663,48002.1816363122,111413.756668479,210622.013244477,260870.6125
"BD",90,30637.1494112373,37093.8384800663,48002.1816363122,111413.756668479,210622.013244477,260870.6125
"BD",91,127666.723098365,163210.82395414,201456.95618075,326373.736291079,461930.139891907,521849.756944445
"BD",92,127666.723098365,163210.82395414,201456.95618075,326373.736291079,461930.139891907,521849.756944445
"BD",93,127666.723098365,163210.82395414,201456.95618075,326373.736291079,461930.139891907,521849.756944445
"BD",94,127666.723098365,163210.82395414,201456.95618075,326373.736291079,461930.139891907,521849.756944445
"BD",95,127666.723098365,163210.82395414,201456.95618075,326373.736291079,461930.139891907,521849.756944445
"BD",96,127666.723098365,163210.82395414,201456.95618075,326373.736291079,461930.139891907,521849.756944445
"BD",97,127666.723098365,163210.82395414,201456.95618075,326373.736291079,461930.139891907,521849.756944445
"BD",98,127666.723098365,163210.82395414,201456.95618075,326373.736291079,461930.139891907,521849.756944445
"BD",99,127666.723098365,163210.82395414,201456.95618075,326373.736291079,461930.139891907,521849.756944445
"BD",100,793215.671190188,983511.417762474,1086712.3812336,1103719.03550304,1058518.50001524,1077916.83875
"IN",1,-397.635730674711,169.135543676725,2324.95631581594,29047.5548190874,89521.88474173,120964.69921875
"IN",2,-397.635730674711,169.135543676725,2324.95631581594,29047.5548190874,89521.88474173,120964.69921875
"IN",3,-397.635730674711,169.135543676725,2324.95631581594,29047.5548190874,89521.88474173,120964.69921875
"IN",4,-397.635730674711,169.135543676725,2324.95631581594,29047.5548190874,89521.88474173,120964.69921875
"IN",5,-397.635730674711,169.135543676725,2324.95631581594,29047.5548190874,89521.88474173,120964.69921875
"IN",6,-397.635730674711,169.135543676725,2324.95631581594,29047.5548190874,89521.88474173,120964.69921875
"IN",7,-397.635730674711,169.135543676725,2324.95631581594,29047.5548190874,89521.88474173,120964.69921875
"IN",8,-397.635730674711,169.135543676725,2324.95631581594,29047.5548190874,89521.88474173,120964.69921875
"IN",9,-397.635730674711,169.135543676725,2324.95631581594,29047.5548190874,89521.88474173,120964.69921875
"IN",10,-397.635730674711,169.135543676725,2324.95631581594,29047.5548190874,89521.88474173,120964.69921875
"IN",11,4865.5007753891,6775.46318642669,10851.2285461289,44645.346625073,113769.997373661,148992.320507812
"IN",12,4865.5007753891,6775.46318642669,10851.2285461289,44645.346625073,113769.997373661,148992.320507812
"IN",13,4865.5007753891,6775.46318642669,10851.2285461289,44645.346625073,113769.997373661,148992.320507812
"IN",14,4865.5007753891,6775.46318642669,10851.2285461289,44645.346625073,113769.997373661,148992.320507812
"IN",15,4865.5007753891,6775.46318642669,10851.2285461289,44645.346625073,113769.997373661,148992.320507812
"IN",16,4865.5007753891,6775.46318642669,10851.2285461289,44645.346625073,113769.997373661,148992.320507812
"IN",17,4865.5007753891,6775.46318642669,10851.2285461289,44645.346625073,113769.997373661,148992.320507812
"IN",18,4865.5007753891,6775.46318642669,10851.2285461289,44645.346625073,113769.997373661,148992.320507812
"IN",19,4865.5007753891,6775.46318642669,10851.2285461289,44645.346625073,113769.997373661,148992.320507812
"IN",20,4865.5007753891,6775.46318642669,10851.2285461289,44645.346625073,113769.997373661,148992.320507812
"IN",21,4865.5007753891,6775.46318642669,10851.2285461289,44645.346625073,113769.997373661,148992.320507812
"IN",22,4865.5007753891,6775.46318642669,10851.2285461289,44645.346625073,113769.997373661,148992.320507812
"IN",23,4865.5007753891,6775.46318642669,10851.2285461289,44645.346625073,113769.997373661,148992.320507812
"IN",24,4865.5007753891,6775.46318642669,10851.2285461289,44645.346625073,113769.997373661,148992.320507812
"IN",25,4865.5007753891,6775.46318642669,10851.2285461289,44645.346625073,113769.997373661,148992.320507812
"IN",26,4865.5007753891,6775.46318642669,10851.2285461289,44645.346625073,113769.997373661,148992.320507812
"IN",27,4865.5007753891,6775.46318642669,10851.2285461289,44645.346625073,113769.997373661,148992.320507812
"IN",28,4865.5007753891,6775.46318642669,10851.2285461289,44645.346625073,113769.997373661,148992.320507812
"IN",29,4865.5007753891,6775.46318642669,10851.2285461289,44645.346625073,113769.997373661,148992.320507812
"IN",30,4865.5007753891,6775.46318642669,10851.2285461289,44645.346625073,113769.997373661,148992.320507812
"IN",31,4865.5007753891,6775.46318642669,10851.2285461289,44645.346625073,113769.997373661,148992.320507812
"IN",32,4865.5007753891,6775.46318642669,10851.2285461289,44645.346625073,113769.997373661,148992.320507812
"IN",33,4865.5007753891,6775.46318642669,10851.2285461289,44645.346625073,113769.997373661,148992.320507812
"IN",34,4865.5007753891,6775.46318642669,10851.2285461289,44645.346625073,113769.997373661,148992.320507812
"IN",35,4865.5007753891,6775.46318642669,10851.2285461289,44645.346625073,113769.997373661,148992.320507812
"IN",36,4865.5007753891,6775.46318642669,10851.2285461289,44645.346625073,113769.997373661,148992.320507812
"IN",37,4865.5007753891,6775.46318642669,10851.2285461289,44645.346625073,113769.997373661,148992.320507812
"IN",38,4865.5007753891,6775.46318642669,10851.2285461289,44645.346625073,113769.997373661,148992.320507812
"IN",39,4865.5007753891,6775.46318642669,10851.2285461289,44645.346625073,113769.997373661,148992.320507812
"IN",40,4865.5007753891,6775.46318642669,10851.2285461289,44645.346625073,113769.997373661,148992.320507812
"IN",41,4865.5007753891,6775.46318642669,10851.2285461289,44645.346625073,113769.997373661,148992.320507812
"IN",42,4865.5007753891,6775.46318642669,10851.2285461289,44645.346625073,113769.997373661,148992.320507812
"IN",43,4865.5007753891,6775.46318642669,10851.2285461289,44645.346625073,113769.997373661,148992.320507812
"IN",44,4865.5007753891,6775.46318642669,10851.2285461289,44645.346625073,113769.997373661,148992.320507812
"IN",45,4865.5007753891,6775.46318642669,10851.2285461289,44645.346625073,113769.997373661,148992.320507812
"IN",46,4865.5007753891,6775.46318642669,10851.2285461289,44645.346625073,113769.997373661,148992.320507812
"IN",47,4865.5007753891,6775.46318642669,10851.2285461289,44645.346625073,113769.997373661,148992.320507812
"IN",48,4865.5007753891,6775.46318642669,10851.2285461289,44645.346625073,113769.997373661,148992.320507812
"IN",49,4865.5007753891,6775.46318642669,10851.2285461289,44645.346625073,113769.997373661,148992.320507812
"IN",50,4865.5007753891,6775.46318642669,10851.2285461289,44645.346625073,113769.997373661,148992.320507812
"IN",51,21214.5907699984,25856.7917555845,33842.3007762877,88332.5024909352,195079.722172791,251021.6609375
"IN",52,21214.5907699984,25856.7917555845,33842.3007762877,88332.5024909352,195079.722172791,251021.6609375
"IN",53,21214.5907699984,25856.7917555845,33842.3007762877,88332.5024909352,195079.722172791,251021.6609375
"IN",54,21214.5907699984,25856.7917555845,33842.3007762877,88332.5024909352,195079.722172791,251021.6609375
"IN",55,21214.5907699984,25856.7917555845,33842.3007762877,88332.5024909352,195079.722172791,251021.6609375
"IN",56,21214.5907699984,25856.7917555845,33842.3007762877,88332.5024909352,195079.722172791,251021.6609375
"IN",57,21214.5907699984,25856.7917555845,33842.3007762877,88332.5024909352,195079.722172791,251021.6609375
"IN",58,21214.5907699984,25856.7917555845,33842.3007762877,88332.5024909352,195079.722172791,251021.6609375
"IN",59,21214.5907699984,25856.7917555845,33842.3007762877,88332.5024909352,195079.722172791,251021.6609375
"IN",60,21214.5907699984,25856.7917555845,33842.3007762877,88332.5024909352,195079.722172791,251021.6609375
"IN",61,21214.5907699984,25856.7917555845,33842.3007762877,88332.5024909352,195079.722172791,251021.6609375
"IN",62,21214.5907699984,25856.7917555845,33842.3007762877,88332.5024909352,195079.722172791,251021.6609375
"IN",63,21214.5907699984,25856.7917555845,33842.3007762877,88332.5024909352,195079.722172791,251021.6609375
"IN",64,21214.5907699984,25856.7917555845,33842.3007762877,88332.5024909352,195079.722172791,251021.6609375
"IN",65,21214.5907699984,25856.7917555845,33842.3007762877,88332.5024909352,195079.722172791,251021.6609375
"IN",66,21214.5907699984,25856.7917555845,33842.3007762877,88332.5024909352,195079.722172791,251021.6609375
"IN",67,21214.5907699984,25856.7917555845,33842.3007762877,88332.5024909352,195079.722172791,251021.6609375
"IN",68,21214.5907699984,25856.7917555845,33842.3007762877,88332.5024909352,195079.722172791,251021.6609375
"IN",69,21214.5907699984,25856.7917555845,33842.3007762877,88332.5024909352,195079.722172791,251021.6609375
"IN",70,21214.5907699984,25856.7917555845,33842.3007762877,88332.5024909352,195079.722172791,251021.6609375
"IN",71,21214.5907699984,25856.7917555845,33842.3007762877,88332.5024909352,195079.722172791,251021.6609375
"IN",72,21214.5907699984,25856.7917555845,33842.3007762877,88332.5024909352,195079.722172791,251021.6609375
"IN",73,21214.5907699984,25856.7917555845,33842.3007762877,88332.5024909352,195079.722172791,251021.6609375
"IN",74,21214.5907699984,25856.7917555845,33842.3007762877,88332.5024909352,195079.722172791,251021.6609375
"IN",75,21214.5907699984,25856.7917555845,33842.3007762877,88332.5024909352,195079.722172791,251021.6609375
"IN",76,21214.5907699984,25856.7917555845,33842.3007762877,88332.5024909352,195079.722172791,251021.6609375
"IN",77,21214.5907699984,25856.7917555845,33842.3007762877,88332.5024909352,195079.722172791,251021.6609375
"IN",78,21214.5907699984,25856.7917555845,33842.3007762877,88332.5024909352,195079.722172791,251021.6609375
"IN",79,21214.5907699984,25856.7917555845,33842.3007762877,88332.5024909352,195079.722172791,251021.6609375
"IN",80,21214.5907699984,25856.7917555845,33842.3007762877,88332.5024909352,195079.722172791,251021.6609375
"IN",81,21214.5907699984,25856.7917555845,33842.3007762877,88332.5024909352,195079.722172791,251021.6609375
"IN",82,21214.5907699984,25856.7917555845,33842.3007762877,88332.5024909352,195079.722172791,251021.6609375
"IN",83,21214.5907699984,25856.7917555845,33842.3007762877,88332.5024909352,195079.722172791,251021.6609375
"IN",84,21214.5907699984,25856.7917555845,33842.3007762877,88332.5024909352,195079.722172791,251021.6609375
"IN",85,21214.5907699984,25856.7917555845,33842.3007762877,88332.5024909352,195079.722172791,251021.6609375
"IN",86,21214.5907699984,25856.7917555845,33842.3007762877,88332.5024909352,195079.722172791,251021.6609375
"IN",87,21214.5907699984,25856.7917555845,33842.3007762877,88332.5024909352,195079.722172791,251021.6609375
"IN",88,21214.5907699984,25856.7917555845,33842.3007762877,88332.5024909352,195079.722172791,251021.6609375
"IN",89,21214.5907699984,25856.7917555845,33842.3007762877,88332.5024909352,195079.722172791,251021.6609375
"IN",90,21214.5907699984,25856.7917555845,33842.3007762877,88332.5024909352,195079.722172791,251021.6609375
"IN",91,82102.7715657722,139356.543940383,192545.587333677,342083.228328086,501396.413583058,559286.059027777
"IN",92,82102.7715657722,139356.543940383,192545.587333677,342083.228328086,501396.413583058,559286.059027777
"IN",93,82102.7715657722,139356.543940383,192545.587333677,342083.228328086,501396.413583058,559286.059027777
"IN",94,82102.7715657722,139356.543940383,192545.587333677,342083.228328086,501396.413583058,559286.059027777
"IN",95,82102.7715657722,139356.543940383,192545.587333677,342083.228328086,501396.413583058,559286.059027777
"IN",96,82102.7715657722,139356.543940383,192545.587333677,342083.228328086,501396.413583058,559286.059027777
"IN",97,82102.7715657722,139356.543940383,192545.587333677,342083.228328086,501396.413583058,559286.059027777
"IN",98,82102.7715657722,139356.543940383,192545.587333677,342083.228328086,501396.413583058,559286.059027777
"IN",99,82102.7715657722,139356.543940383,192545.587333677,342083.228328086,501396.413583058,559286.059027777
"IN",100,1192247.42761855,1203485.53092134,1214161.90449618,1194208.72555856,1148206.46574431,1156219.86275001
"ID",1,-3896.35328214649,-2327.08876625998,882.04436728762,35561.4244370593,95308.1831419871,121160.7921875
"ID",2,-3896.35328214649,-2327.08876625998,882.04436728762,35561.4244370593,95308.1831419871,121160.7921875
"ID",3,-3896.35328214649,-2327.08876625998,882.04436728762,35561.4244370593,95308.1831419871,121160.7921875
"ID",4,-3896.35328214649,-2327.08876625998,882.04436728762,35561.4244370593,95308.1831419871,121160.7921875
"ID",5,-3896.35328214649,-2327.08876625998,882.04436728762,35561.4244370593,95308.1831419871,121160.7921875
"ID",6,-3896.35328214649,-2327.08876625998,882.04436728762,35561.4244370593,95308.1831419871,121160.7921875
"ID",7,-3896.35328214649,-2327.08876625998,882.04436728762,35561.4244370593,95308.1831419871,121160.7921875
"ID",8,-3896.35328214649,-2327.08876625998,882.04436728762,35561.4244370593,95308.1831419871,121160.7921875
"ID",9,-3896.35328214649,-2327.08876625998,882.04436728762,35561.4244370593,95308.1831419871,121160.7921875
"ID",10,-3896.35328214649,-2327.08876625998,882.04436728762,35561.4244370593,95308.1831419871,121160.7921875
"ID",11,3318.09397944137,5645.45788826541,10727.1956339045,53434.2740605224,119664.932236602,148182.421484375
"ID",12,3318.09397944137,5645.45788826541,10727.1956339045,53434.2740605224,119664.932236602,148182.421484375
"ID",13,3318.09397944137,5645.45788826541,10727.1956339045,53434.2740605224,119664.932236602,148182.421484375
"ID",14,3318.09397944137,5645.45788826541,10727.1956339045,53434.2740605224,119664.932236602,148182.421484375
"ID",15,3318.09397944137,5645.45788826541,10727.1956339045,53434.2740605224,119664.932236602,148182.421484375
"ID",16,3318.09397944137,5645.45788826541,10727.1956339045,53434.2740605224,119664.932236602,148182.421484375
"ID",17,3318.09397944137,5645.45788826541,10727.1956339045,53434.2740605224,119664.932236602,148182.421484375
"ID",18,3318.09397944137,5645.45788826541,10727.1956339045,53434.2740605224,119664.932236602,148182.421484375
"ID",19,3318.09397944137,5645.45788826541,10727.1956339045,53434.2740605224,119664.932236602,148182.421484375
"ID",20,3318.09397944137,5645.45788826541,10727.1956339045,53434.2740605224,119664.932236602,148182.421484375
"ID",21,3318.09397944137,5645.45788826541,10727.1956339045,53434.2740605224,119664.932236602,148182.421484375
"ID",22,3318.09397944137,5645.45788826541,10727.1956339045,53434.2740605224,119664.932236602,148182.421484375
"ID",23,3318.09397944137,5645.45788826541,10727.1956339045,53434.2740605224,119664.932236602,148182.421484375
"ID",24,3318.09397944137,5645.45788826541,10727.1956339045,53434.2740605224,119664.932236602,148182.421484375
"ID",25,3318.09397944137,5645.45788826541,10727.1956339045,53434.2740605224,119664.932236602,148182.421484375
"ID",26,3318.09397944137,5645.45788826541,10727.1956339045,53434.2740605224,119664.932236602,148182.421484375
"ID",27,3318.09397944137,5645.45788826541,10727.1956339045,53434.2740605224,119664.932236602,148182.421484375
"ID",28,3318.09397944137,5645.45788826541,10727.1956339045,53434.2740605224,119664.932236602,148182.421484375
"ID",29,3318.09397944137,5645.45788826541,10727.1956339045,53434.2740605224,119664.932236602,148182.421484375
"ID",30,3318.09397944137,5645.45788826541,10727.1956339045,53434.2740605224,119664.932236602,148182.421484375
"ID",31,3318.09397944137,5645.45788826541,10727.1956339045,53434.2740605224,119664.932236602,148182.421484375
"ID",32,3318.09397944137,5645.45788826541,10727.1956339045,53434.2740605224,119664.932236602,148182.421484375
"ID",33,3318.09397944137,5645.45788826541,10727.1956339045,53434.2740605224,119664.932236602,148182.421484375
"ID",34,3318.09397944137,5645.45788826541,10727.1956339045,53434.2740605224,119664.932236602,148182.421484375
"ID",35,3318.09397944137,5645.45788826541,10727.1956339045,53434.2740605224,119664.932236602,148182.421484375
"ID",36,3318.09397944137,5645.45788826541,10727.1956339045,53434.2740605224,119664.932236602,148182.421484375
"ID",37,3318.09397944137,5645.45788826541,10727.1956339045,53434.2740605224,119664.932236602,148182.421484375
"ID",38,3318.09397944137,5645.45788826541,10727.1956339045,53434.2740605224,119664.932236602,148182.421484375
"ID",39,3318.09397944137,5645.45788826541,10727.1956339045,53434.2740605224,119664.932236602,148182.421484375
"ID",40,3318.09397944137,5645.45788826541,10727.1956339045,53434.2740605224,119664.932236602,148182.421484375
"ID",41,3318.09397944137,5645.45788826541,10727.1956339045,53434.2740605224,119664.932236602,148182.421484375
"ID",42,3318.09397944137,5645.45788826541,10727.1956339045,53434.2740605224,119664.932236602,148182.421484375
"ID",43,3318.09397944137,5645.45788826541,10727.1956339045,53434.2740605224,119664.932236602,148182.421484375
"ID",44,3318.09397944137,5645.45788826541,10727.1956339045,53434.2740605224,119664.932236602,148182.421484375
"ID",45,3318.09397944137,5645.45788826541,10727.1956339045,53434.2740605224,119664.932236602,148182.421484375
"ID",46,3318.09397944137,5645.45788826541,10727.1956339045,53434.2740605224,119664.932236602,148182.421484375
"ID",47,3318.09397944137,5645.45788826541,10727.1956339045,53434.2740605224,119664.932236602,148182.421484375
"ID",48,3318.09397944137,5645.45788826541,10727.1956339045,53434.2740605224,119664.932236602,148182.421484375
"ID",49,3318.09397944137,5645.45788826541,10727.1956339045,53434.2740605224,119664.932236602,148182.421484375
"ID",50,3318.09397944137,5645.45788826541,10727.1956339045,53434.2740605224,119664.932236602,148182.421484375
"ID",51,35661.2695197542,41036.5094569605,52239.3145512607,126479.930117593,221373.858993314,262134.86953125
"ID",52,35661.2695197542,41036.5094569605,52239.3145512607,126479.930117593,221373.858993314,262134.86953125
"ID",53,35661.2695197542,41036.5094569605,52239.3145512607,126479.930117593,221373.858993314,262134.86953125
"ID",54,35661.2695197542,41036.5094569605,52239.3145512607,126479.930117593,221373.858993314,262134.86953125
"ID",55,35661.2695197542,41036.5094569605,52239.3145512607,126479.930117593,221373.858993314,262134.86953125
"ID",56,35661.2695197542,41036.5094569605,52239.3145512607,126479.930117593,221373.858993314,262134.86953125
"ID",57,35661.2695197542,41036.5094569605,52239.3145512607,126479.930117593,221373.858993314,262134.86953125
"ID",58,35661.2695197542,41036.5094569605,52239.3145512607,126479.930117593,221373.858993314,262134.86953125
"ID",59,35661.2695197542,41036.5094569605,52239.3145512607,126479.930117593,221373.858993314,262134.86953125
"ID",60,35661.2695197542,41036.5094569605,52239.3145512607,126479.930117593,221373.858993314,262134.86953125
"ID",61,35661.2695197542,41036.5094569605,52239.3145512607,126479.930117593,221373.858993314,262134.86953125
"ID",62,35661.2695197542,41036.5094569605,52239.3145512607,126479.930117593,221373.858993314,262134.86953125
"ID",63,35661.2695197542,41036.5094569605,52239.3145512607,126479.930117593,221373.858993314,262134.86953125
"ID",64,35661.2695197542,41036.5094569605,52239.3145512607,126479.930117593,221373.858993314,262134.86953125
"ID",65,35661.2695197542,41036.5094569605,52239.3145512607,126479.930117593,221373.858993314,262134.86953125
"ID",66,35661.2695197542,41036.5094569605,52239.3145512607,126479.930117593,221373.858993314,262134.86953125
"ID",67,35661.2695197542,41036.5094569605,52239.3145512607,126479.930117593,221373.858993314,262134.86953125
"ID",68,35661.2695197542,41036.5094569605,52239.3145512607,126479.930117593,221373.858993314,262134.86953125
"ID",69,35661.2695197542,41036.5094569605,52239.3145512607,126479.930117593,221373.858993314,262134.86953125
"ID",70,35661.2695197542,41036.5094569605,52239.3145512607,126479.930117593,221373.858993314,262134.86953125
"ID",71,35661.2695197542,41036.5094569605,52239.3145512607,126479.930117593,221373.858993314,262134.86953125
"ID",72,35661.2695197542,41036.5094569605,52239.3145512607,126479.930117593,221373.858993314,262134.86953125
"ID",73,35661.2695197542,41036.5094569605,52239.3145512607,126479.930117593,221373.858993314,262134.86953125
"ID",74,35661.2695197542,41036.5094569605,52239.3145512607,126479.930117593,221373.858993314,262134.86953125
"ID",75,35661.2695197542,41036.5094569605,52239.3145512607,126479.930117593,221373.858993314,262134.86953125
"ID",76,35661.2695197542,41036.5094569605,52239.3145512607,126479.930117593,221373.858993314,262134.86953125
"ID",77,35661.2695197542,41036.5094569605,52239.3145512607,126479.930117593,221373.858993314,262134.86953125
"ID",78,35661.2695197542,41036.5094569605,52239.3145512607,126479.930117593,221373.858993314,262134.86953125
"ID",79,35661.2695197542,41036.5094569605,52239.3145512607,126479.930117593,221373.858993314,262134.86953125
"ID",80,35661.2695197542,41036.5094569605,52239.3145512607,126479.930117593,221373.858993314,262134.86953125
"ID",81,35661.2695197542,41036.5094569605,52239.3145512607,126479.930117593,221373.858993314,262134.86953125
"ID",82,35661.2695197542,41036.5094569605,52239.3145512607,126479.930117593,221373.858993314,262134.86953125
"ID",83,35661.2695197542,41036.5094569605,52239.3145512607,126479.930117593,221373.858993314,262134.86953125
"ID",84,35661.2695197542,41036.5094569605,52239.3145512607,126479.930117593,221373.858993314,262134.86953125
"ID",85,35661.2695197542,41036.5094569605,52239.3145512607,126479.930117593,221373.858993314,262134.86953125
"ID",86,35661.2695197542,41036.5094569605,52239.3145512607,126479.930117593,221373.858993314,262134.86953125
"ID",87,35661.2695197542,41036.5094569605,52239.3145512607,126479.930117593,221373.858993314,262134.86953125
"ID",88,35661.2695197542,41036.5094569605,52239.3145512607,126479.930117593,221373.858993314,262134.86953125
"ID",89,35661.2695197542,41036.5094569605,52239.3145512607,126479.930117593,221373.858993314,262134.86953125
"ID",90,35661.2695197542,41036.5094569605,52239.3145512607,126479.930117593,221373.858993314,262134.86953125
"ID",91,166491.774830759,207767.668795363,249965.988951214,388919.144612281,489926.489645792,525483.902777777
"ID",92,166491.774830759,207767.668795363,249965.988951214,388919.144612281,489926.489645792,525483.902777777
"ID",93,166491.774830759,207767.668795363,249965.988951214,388919.144612281,489926.489645792,525483.902777777
"ID",94,166491.774830759,207767.668795363,249965.988951214,388919.144612281,489926.489645792,525483.902777777
"ID",95,166491.774830759,207767.668795363,249965.988951214,388919.144612281,489926.489645792,525483.902777777
"ID",96,166491.774830759,207767.668795363,249965.988951214,388919.144612281,489926.489645792,525483.902777777
"ID",97,166491.774830759,207767.668795363,249965.988951214,388919.144612281,489926.489645792,525483.902777777
"ID",98,166491.774830759,207767.668795363,249965.988951214,388919.144612281,489926.489645792,525483.902777777
"ID",99,166491.774830759,207767.668795363,249965.988951214,388919.144612281,489926.489645792,525483.902777777
"ID",100,817875.816384689,1067605.89345149,1192339.64187563,1194083.88406332,1067093.73219783,1046345.666125
"MM",1,-2105.01382688817,-1609.88589644422,80.8167162784607,23449.69716079,88092.2482069824,118455.71875
"MM",2,-2105.01382688817,-1609.88589644422,80.8167162784607,23449.69716079,88092.2482069824,118455.71875
"MM",3,-2105.01382688817,-1609.88589644422,80.8167162784607,23449.69716079,88092.2482069824,118455.71875
"MM",4,-2105.01382688817,-1609.88589644422,80.8167162784607,23449.69716079,88092.2482069824,118455.71875
"MM",5,-2105.01382688817,-1609.88589644422,80.8167162784607,23449.69716079,88092.2482069824,118455.71875
"MM",6,-2105.01382688817,-1609.88589644422,80.8167162784607,23449.69716079,88092.2482069824,118455.71875
"MM",7,-2105.01382688817,-1609.88589644422,80.8167162784607,23449.69716079,88092.2482069824,118455.71875
"MM",8,-2105.01382688817,-1609.88589644422,80.8167162784607,23449.69716079,88092.2482069824,118455.71875
"MM",9,-2105.01382688817,-1609.88589644422,80.8167162784607,23449.69716079,88092.2482069824,118455.71875
"MM",10,-2105.01382688817,-1609.88589644422,80.8167162784607,23449.69716079,88092.2482069824,118455.71875
"MM",11,2658.09967074529,4289.91855233437,7721.0756258312,38555.2625915476,114479.714464987,148208.518359375
"MM",12,2658.09967074529,4289.91855233437,7721.0756258312,38555.2625915476,114479.714464987,148208.518359375
"MM",13,2658.09967074529,4289.91855233437,7721.0756258312,38555.2625915476,114479.714464987,148208.518359375
"MM",14,2658.09967074529,4289.91855233437,7721.0756258312,38555.2625915476,114479.714464987,148208.518359375
"MM",15,2658.09967074529,4289.91855233437,7721.0756258312,38555.2625915476,114479.714464987,148208.518359375
"MM",16,2658.09967074529,4289.91855233437,7721.0756258312,38555.2625915476,114479.714464987,148208.518359375
"MM",17,2658.09967074529,4289.91855233437,7721.0756258312,38555.2625915476,114479.714464987,148208.518359375
"MM",18,2658.09967074529,4289.91855233437,7721.0756258312,38555.2625915476,114479.714464987,148208.518359375
"MM",19,2658.09967074529,4289.91855233437,7721.0756258312,38555.2625915476,114479.714464987,148208.518359375
"MM",20,2658.09967074529,4289.91855233437,7721.0756258312,38555.2625915476,114479.714464987,148208.518359375
"MM",21,2658.09967074529,4289.91855233437,7721.0756258312,38555.2625915476,114479.714464987,148208.518359375
"MM",22,2658.09967074529,4289.91855233437,7721.0756258312,38555.2625915476,114479.714464987,148208.518359375
"MM",23,2658.09967074529,4289.91855233437,7721.0756258312,38555.2625915476,114479.714464987,148208.518359375
"MM",24,2658.09967074529,4289.91855233437,7721.0756258312,38555.2625915476,114479.714464987,148208.518359375
"MM",25,2658.09967074529,4289.91855233437,7721.0756258312,38555.2625915476,114479.714464987,148208.518359375
"MM",26,2658.09967074529,4289.91855233437,7721.0756258312,38555.2625915476,114479.714464987,148208.518359375
"MM",27,2658.09967074529,4289.91855233437,7721.0756258312,38555.2625915476,114479.714464987,148208.518359375
"MM",28,2658.09967074529,4289.91855233437,7721.0756258312,38555.2625915476,114479.714464987,148208.518359375
"MM",29,2658.09967074529,4289.91855233437,7721.0756258312,38555.2625915476,114479.714464987,148208.518359375
"MM",30,2658.09967074529,4289.91855233437,7721.0756258312,38555.2625915476,114479.714464987,148208.518359375
"MM",31,2658.09967074529,4289.91855233437,7721.0756258312,38555.2625915476,114479.714464987,148208.518359375
"MM",32,2658.09967074529,4289.91855233437,7721.0756258312,38555.2625915476,114479.714464987,148208.518359375
"MM",33,2658.09967074529,4289.91855233437,7721.0756258312,38555.2625915476,114479.714464987,148208.518359375
"MM",34,2658.09967074529,4289.91855233437,7721.0756258312,38555.2625915476,114479.714464987,148208.518359375
"MM",35,2658.09967074529,4289.91855233437,7721.0756258312,38555.2625915476,114479.714464987,148208.518359375
"MM",36,2658.09967074529,4289.91855233437,7721.0756258312,38555.2625915476,114479.714464987,148208.518359375
"MM",37,2658.09967074529,4289.91855233437,7721.0756258312,38555.2625915476,114479.714464987,148208.518359375
"MM",38,2658.09967074529,4289.91855233437,7721.0756258312,38555.2625915476,114479.714464987,148208.518359375
"MM",39,2658.09967074529,4289.91855233437,7721.0756258312,38555.2625915476,114479.714464987,148208.518359375
"MM",40,2658.09967074529,4289.91855233437,7721.0756258312,38555.2625915476,114479.714464987,148208.518359375
"MM",41,2658.09967074529,4289.91855233437,7721.0756258312,38555.2625915476,114479.714464987,148208.518359375
"MM",42,2658.09967074529,4289.91855233437,7721.0756258312,38555.2625915476,114479.714464987,148208.518359375
"MM",43,2658.09967074529,4289.91855233437,7721.0756258312,38555.2625915476,114479.714464987,148208.518359375
"MM",44,2658.09967074529,4289.91855233437,7721.0756258312,38555.2625915476,114479.714464987,148208.518359375
"MM",45,2658.09967074529,4289.91855233437,7721.0756258312,38555.2625915476,114479.714464987,148208.518359375
"MM",46,2658.09967074529,4289.91855233437,7721.0756258312,38555.2625915476,114479.714464987,148208.518359375
"MM",47,2658.09967074529,4289.91855233437,7721.0756258312,38555.2625915476,114479.714464987,148208.518359375
"MM",48,2658.09967074529,4289.91855233437,7721.0756258312,38555.2625915476,114479.714464987,148208.518359375
"MM",49,2658.09967074529,4289.91855233437,7721.0756258312,38555.2625915476,114479.714464987,148208.518359375
"MM",50,2658.09967074529,4289.91855233437,7721.0756258312,38555.2625915476,114479.714464987,148208.518359375
"MM",51,16629.5848380369,21981.2559993284,30654.1665737318,87182.0312058968,209435.041742857,260982.178125
"MM",52,16629.5848380369,21981.2559993284,30654.1665737318,87182.0312058968,209435.041742857,260982.178125
"MM",53,16629.5848380369,21981.2559993284,30654.1665737318,87182.0312058968,209435.041742857,260982.178125
"MM",54,16629.5848380369,21981.2559993284,30654.1665737318,87182.0312058968,209435.041742857,260982.178125
"MM",55,16629.5848380369,21981.2559993284,30654.1665737318,87182.0312058968,209435.041742857,260982.178125
"MM",56,16629.5848380369,21981.2559993284,30654.1665737318,87182.0312058968,209435.041742857,260982.178125
"MM",57,16629.5848380369,21981.2559993284,30654.1665737318,87182.0312058968,209435.041742857,260982.178125
"MM",58,16629.5848380369,21981.2559993284,30654.1665737318,87182.0312058968,209435.041742857,260982.178125
"MM",59,16629.5848380369,21981.2559993284,30654.1665737318,87182.0312058968,209435.041742857,260982.178125
"MM",60,16629.5848380369,21981.2559993284,30654.1665737318,87182.0312058968,209435.041742857,260982.178125
"MM",61,16629.5848380369,21981.2559993284,30654.1665737318,87182.0312058968,209435.041742857,260982.178125
"MM",62,16629.5848380369,21981.2559993284,30654.1665737318,87182.0312058968,209435.041742857,260982.178125
"MM",63,16629.5848380369,21981.2559993284,30654.1665737318,87182.0312058968,209435.041742857,260982.178125
"MM",64,16629.5848380369,21981.2559993284,30654.1665737318,87182.0312058968,209435.041742857,260982.178125
"MM",65,16629.5848380369,21981.2559993284,30654.1665737318,87182.0312058968,209435.041742857,260982.178125
"MM",66,16629.5848380369,21981.2559993284,30654.1665737318,87182.0312058968,209435.041742857,260982.178125
"MM",67,16629.5848380369,21981.2559993284,30654.1665737318,87182.0312058968,209435.041742857,260982.178125
"MM",68,16629.5848380369,21981.2559993284,30654.1665737318,87182.0312058968,209435.041742857,260982.178125
"MM",69,16629.5848380369,21981.2559993284,30654.1665737318,87182.0312058968,209435.041742857,260982.178125
"MM",70,16629.5848380369,21981.2559993284,30654.1665737318,87182.0312058968,209435.041742857,260982.178125
"MM",71,16629.5848380369,21981.2559993284,30654.1665737318,87182.0312058968,209435.041742857,260982.178125
"MM",72,16629.5848380369,21981.2559993284,30654.1665737318,87182.0312058968,209435.041742857,260982.178125
"MM",73,16629.5848380369,21981.2559993284,30654.1665737318,87182.0312058968,209435.041742857,260982.178125
"MM",74,16629.5848380369,21981.2559993284,30654.1665737318,87182.0312058968,209435.041742857,260982.178125
"MM",75,16629.5848380369,21981.2559993284,30654.1665737318,87182.0312058968,209435.041742857,260982.178125
"MM",76,16629.5848380369,21981.2559993284,30654.1665737318,87182.0312058968,209435.041742857,260982.178125
"MM",77,16629.5848380369,21981.2559993284,30654.1665737318,87182.0312058968,209435.041742857,260982.178125
"MM",78,16629.5848380369,21981.2559993284,30654.1665737318,87182.0312058968,209435.041742857,260982.178125
"MM",79,16629.5848380369,21981.2559993284,30654.1665737318,87182.0312058968,209435.041742857,260982.178125
"MM",80,16629.5848380369,21981.2559993284,30654.1665737318,87182.0312058968,209435.041742857,260982.178125
"MM",81,16629.5848380369,21981.2559993284,30654.1665737318,87182.0312058968,209435.041742857,260982.178125
"MM",82,16629.5848380369,21981.2559993284,30654.1665737318,87182.0312058968,209435.041742857,260982.178125
"MM",83,16629.5848380369,21981.2559993284,30654.1665737318,87182.0312058968,209435.041742857,260982.178125
"MM",84,16629.5848380369,21981.2559993284,30654.1665737318,87182.0312058968,209435.041742857,260982.178125
"MM",85,16629.5848380369,21981.2559993284,30654.1665737318,87182.0312058968,209435.041742857,260982.178125
"MM",86,16629.5848380369,21981.2559993284,30654.1665737318,87182.0312058968,209435.041742857,260982.178125
"MM",87,16629.5848380369,21981.2559993284,30654.1665737318,87182.0312058968,209435.041742857,260982.178125
"MM",88,16629.5848380369,21981.2559993284,30654.1665737318,87182.0312058968,209435.041742857,260982.178125
"MM",89,16629.5848380369,21981.2559993284,30654.1665737318,87182.0312058968,209435.041742857,260982.178125
"MM",90,16629.5848380369,21981.2559993284,30654.1665737318,87182.0312058968,209435.041742857,260982.178125
"MM",91,69663.8967528747,96393.4824192441,127023.261260712,250027.289858295,457281.010969649,523437.927083335
"MM",92,69663.8967528747,96393.4824192441,127023.261260712,250027.289858295,457281.010969649,523437.927083335
"MM",93,69663.8967528747,96393.4824192441,127023.261260712,250027.289858295,457281.010969649,523437.927083335
"MM",94,69663.8967528747,96393.4824192441,127023.261260712,250027.289858295,457281.010969649,523437.927083335
"MM",95,69663.8967528747,96393.4824192441,127023.261260712,250027.289858295,457281.010969649,523437.927083335
"MM",96,69663.8967528747,96393.4824192441,127023.261260712,250027.289858295,457281.010969649,523437.927083335
"MM",97,69663.8967528747,96393.4824192441,127023.261260712,250027.289858295,457281.010969649,523437.927083335
"MM",98,69663.8967528747,96393.4824192441,127023.261260712,250027.289858295,457281.010969649,523437.927083335
"MM",99,69663.8967528747,96393.4824192441,127023.261260712,250027.289858295,457281.010969649,523437.927083335
"MM",100,436868.339216458,609247.789888883,737552.4149091,949478.583918321,1112008.61730082,1136873.37875
"PK",1,-2056.69963108439,-1344.98033978582,804.220948236256,25798.2036010338,88159.2808570583,125878.5765625
"PK",2,-2056.69963108439,-1344.98033978582,804.220948236256,25798.2036010338,88159.2808570583,125878.5765625
"PK",3,-2056.69963108439,-1344.98033978582,804.220948236256,25798.2036010338,88159.2808570583,125878.5765625
"PK",4,-2056.69963108439,-1344.98033978582,804.220948236256,25798.2036010338,88159.2808570583,125878.5765625
"PK",5,-2056.69963108439,-1344.98033978582,804.220948236256,25798.2036010338,88159.2808570583,125878.5765625
"PK",6,-2056.69963108439,-1344.98033978582,804.220948236256,25798.2036010338,88159.2808570583,125878.5765625
"PK",7,-2056.69963108439,-1344.98033978582,804.220948236256,25798.2036010338,88159.2808570583,125878.5765625
"PK",8,-2056.69963108439,-1344.98033978582,804.220948236256,25798.2036010338,88159.2808570583,125878.5765625
"PK",9,-2056.69963108439,-1344.98033978582,804.220948236256,25798.2036010338,88159.2808570583,125878.5765625
"PK",10,-2056.69963108439,-1344.98033978582,804.220948236256,25798.2036010338,88159.2808570583,125878.5765625
"PK",11,2603.928150814,4397.56843778104,8300.19825989197,40001.8730717743,111596.890542992,154195.347265625
"PK",12,2603.928150814,4397.56843778104,8300.19825989197,40001.8730717743,111596.890542992,154195.347265625
"PK",13,2603.928150814,4397.56843778104,8300.19825989197,40001.8730717743,111596.890542992,154195.347265625
"PK",14,2603.928150814,4397.56843778104,8300.19825989197,40001.8730717743,111596.890542992,154195.347265625
"PK",15,2603.928150814,4397.56843778104,8300.19825989197,40001.8730717743,111596.890542992,154195.347265625
"PK",16,2603.928150814,4397.56843778104,8300.19825989197,40001.8730717743,111596.890542992,154195.347265625
"PK",17,2603.928150814,4397.56843778104,8300.19825989197,40001.8730717743,111596.890542992,154195.347265625
"PK",18,2603.928150814,4397.56843778104,8300.19825989197,40001.8730717743,111596.890542992,154195.347265625
"PK",19,2603.928150814,4397.56843778104,8300.19825989197,40001.8730717743,111596.890542992,154195.347265625
"PK",20,2603.928150814,4397.56843778104,8300.19825989197,40001.8730717743,111596.890542992,154195.347265625
"PK",21,2603.928150814,4397.56843778104,8300.19825989197,40001.8730717743,111596.890542992,154195.347265625
"PK",22,2603.928150814,4397.56843778104,8300.19825989197,40001.8730717743,111596.890542992,154195.347265625
"PK",23,2603.928150814,4397.56843778104,8300.19825989197,40001.8730717743,111596.890542992,154195.347265625
"PK",24,2603.928150814,4397.56843778104,8300.19825989197,40001.8730717743,111596.890542992,154195.347265625
"PK",25,2603.928150814,4397.56843778104,8300.19825989197,40001.8730717743,111596.890542992,154195.347265625
"PK",26,2603.928150814,4397.56843778104,8300.19825989197,40001.8730717743,111596.890542992,154195.347265625
"PK",27,2603.928150814,4397.56843778104,8300.19825989197,40001.8730717743,111596.890542992,154195.347265625
"PK",28,2603.928150814,4397.56843778104,8300.19825989197,40001.8730717743,111596.890542992,154195.347265625
"PK",29,2603.928150814,4397.56843778104,8300.19825989197,40001.8730717743,111596.890542992,154195.347265625
"PK",30,2603.928150814,4397.56843778104,8300.19825989197,40001.8730717743,111596.890542992,154195.347265625
"PK",31,2603.928150814,4397.56843778104,8300.19825989197,40001.8730717743,111596.890542992,154195.347265625
"PK",32,2603.928150814,4397.56843778104,8300.19825989197,40001.8730717743,111596.890542992,154195.347265625
"PK",33,2603.928150814,4397.56843778104,8300.19825989197,40001.8730717743,111596.890542992,154195.347265625
"PK",34,2603.928150814,4397.56843778104,8300.19825989197,40001.8730717743,111596.890542992,154195.347265625
"PK",35,2603.928150814,4397.56843778104,8300.19825989197,40001.8730717743,111596.890542992,154195.347265625
"PK",36,2603.928150814,4397.56843778104,8300.19825989197,40001.8730717743,111596.890542992,154195.347265625
"PK",37,2603.928150814,4397.56843778104,8300.19825989197,40001.8730717743,111596.890542992,154195.347265625
"PK",38,2603.928150814,4397.56843778104,8300.19825989197,40001.8730717743,111596.890542992,154195.347265625
"PK",39,2603.928150814,4397.56843778104,8300.19825989197,40001.8730717743,111596.890542992,154195.347265625
"PK",40,2603.928150814,4397.56843778104,8300.19825989197,40001.8730717743,111596.890542992,154195.347265625
"PK",41,2603.928150814,4397.56843778104,8300.19825989197,40001.8730717743,111596.890542992,154195.347265625
"PK",42,2603.928150814,4397.56843778104,8300.19825989197,40001.8730717743,111596.890542992,154195.347265625
"PK",43,2603.928150814,4397.56843778104,8300.19825989197,40001.8730717743,111596.890542992,154195.347265625
"PK",44,2603.928150814,4397.56843778104,8300.19825989197,40001.8730717743,111596.890542992,154195.347265625
"PK",45,2603.928150814,4397.56843778104,8300.19825989197,40001.8730717743,111596.890542992,154195.347265625
"PK",46,2603.928150814,4397.56843778104,8300.19825989197,40001.8730717743,111596.890542992,154195.347265625
"PK",47,2603.928150814,4397.56843778104,8300.19825989197,40001.8730717743,111596.890542992,154195.347265625
"PK",48,2603.928150814,4397.56843778104,8300.19825989197,40001.8730717743,111596.890542992,154195.347265625
"PK",49,2603.928150814,4397.56843778104,8300.19825989197,40001.8730717743,111596.890542992,154195.347265625
"PK",50,2603.928150814,4397.56843778104,8300.19825989197,40001.8730717743,111596.890542992,154195.347265625
"PK",51,16276.2927184377,20979.3486909312,29356.4318507555,82730.5059952135,194364.230312893,261989.157421875
"PK",52,16276.2927184377,20979.3486909312,29356.4318507555,82730.5059952135,194364.230312893,261989.157421875
"PK",53,16276.2927184377,20979.3486909312,29356.4318507555,82730.5059952135,194364.230312893,261989.157421875
"PK",54,16276.2927184377,20979.3486909312,29356.4318507555,82730.5059952135,194364.230312893,261989.157421875
"PK",55,16276.2927184377,20979.3486909312,29356.4318507555,82730.5059952135,194364.230312893,261989.157421875
"PK",56,16276.2927184377,20979.3486909312,29356.4318507555,82730.5059952135,194364.230312893,261989.157421875
"PK",57,16276.2927184377,20979.3486909312,29356.4318507555,82730.5059952135,194364.230312893,261989.157421875
"PK",58,16276.2927184377,20979.3486909312,29356.4318507555,82730.5059952135,194364.230312893,261989.157421875
"PK",59,16276.2927184377,20979.3486909312,29356.4318507555,82730.5059952135,194364.230312893,261989.157421875
"PK",60,16276.2927184377,20979.3486909312,29356.4318507555,82730.5059952135,194364.230312893,261989.157421875
"PK",61,16276.2927184377,20979.3486909312,29356.4318507555,82730.5059952135,194364.230312893,261989.157421875
"PK",62,16276.2927184377,20979.3486909312,29356.4318507555,82730.5059952135,194364.230312893,261989.157421875
"PK",63,16276.2927184377,20979.3486909312,29356.4318507555,82730.5059952135,194364.230312893,261989.157421875
"PK",64,16276.2927184377,20979.3486909312,29356.4318507555,82730.5059952135,194364.230312893,261989.157421875
"PK",65,16276.2927184377,20979.3486909312,29356.4318507555,82730.5059952135,194364.230312893,261989.157421875
"PK",66,16276.2927184377,20979.3486909312,29356.4318507555,82730.5059952135,194364.230312893,261989.157421875
"PK",67,16276.2927184377,20979.3486909312,29356.4318507555,82730.5059952135,194364.230312893,261989.157421875
"PK",68,16276.2927184377,20979.3486909312,29356.4318507555,82730.5059952135,194364.230312893,261989.157421875
"PK",69,16276.2927184377,20979.3486909312,29356.4318507555,82730.5059952135,194364.230312893,261989.157421875
"PK",70,16276.2927184377,20979.3486909312,29356.4318507555,82730.5059952135,194364.230312893,261989.157421875
"PK",71,16276.2927184377,20979.3486909312,29356.4318507555,82730.5059952135,194364.230312893,261989.157421875
"PK",72,16276.2927184377,20979.3486909312,29356.4318507555,82730.5059952135,194364.230312893,261989.157421875
"PK",73,16276.2927184377,20979.3486909312,29356.4318507555,82730.5059952135,194364.230312893,261989.157421875
"PK",74,16276.2927184377,20979.3486909312,29356.4318507555,82730.5059952135,194364.230312893,261989.157421875
"PK",75,16276.2927184377,20979.3486909312,29356.4318507555,82730.5059952135,194364.230312893,261989.157421875
"PK",76,16276.2927184377,20979.3486909312,29356.4318507555,82730.5059952135,194364.230312893,261989.157421875
"PK",77,16276.2927184377,20979.3486909312,29356.4318507555,82730.5059952135,194364.230312893,261989.157421875
"PK",78,16276.2927184377,20979.3486909312,29356.4318507555,82730.5059952135,194364.230312893,261989.157421875
"PK",79,16276.2927184377,20979.3486909312,29356.4318507555,82730.5059952135,194364.230312893,261989.157421875
"PK",80,16276.2927184377,20979.3486909312,29356.4318507555,82730.5059952135,194364.230312893,261989.157421875
"PK",81,16276.2927184377,20979.3486909312,29356.4318507555,82730.5059952135,194364.230312893,261989.157421875
"PK",82,16276.2927184377,20979.3486909312,29356.4318507555,82730.5059952135,194364.230312893,261989.157421875
"PK",83,16276.2927184377,20979.3486909312,29356.4318507555,82730.5059952135,194364.230312893,261989.157421875
"PK",84,16276.2927184377,20979.3486909312,29356.4318507555,82730.5059952135,194364.230312893,261989.157421875
"PK",85,16276.2927184377,20979.3486909312,29356.4318507555,82730.5059952135,194364.230312893,261989.157421875
"PK",86,16276.2927184377,20979.3486909312,29356.4318507555,82730.5059952135,194364.230312893,261989.157421875
"PK",87,16276.2927184377,20979.3486909312,29356.4318507555,82730.5059952135,194364.230312893,261989.157421875
"PK",88,16276.2927184377,20979.3486909312,29356.4318507555,82730.5059952135,194364.230312893,261989.157421875
"PK",89,16276.2927184377,20979.3486909312,29356.4318507555,82730.5059952135,194364.230312893,261989.157421875
"PK",90,16276.2927184377,20979.3486909312,29356.4318507555,82730.5059952135,194364.230312893,261989.157421875
"PK",91,67987.4366844927,92941.7011083657,121928.788515638,228393.01986035,402568.724090647,497025.690972221
"PK",92,67987.4366844927,92941.7011083657,121928.788515638,228393.01986035,402568.724090647,497025.690972221
"PK",93,67987.4366844927,92941.7011083657,121928.788515638,228393.01986035,402568.724090647,497025.690972221
"PK",94,67987.4366844927,92941.7011083657,121928.788515638,228393.01986035,402568.724090647,497025.690972221
"PK",95,67987.4366844927,92941.7011083657,121928.788515638,228393.01986035,402568.724090647,497025.690972221
"PK",96,67987.4366844927,92941.7011083657,121928.788515638,228393.01986035,402568.724090647,497025.690972221
"PK",97,67987.4366844927,92941.7011083657,121928.788515638,228393.01986035,402568.724090647,497025.690972221
"PK",98,67987.4366844927,92941.7011083657,121928.788515638,228393.01986035,402568.724090647,497025.690972221
"PK",99,67987.4366844927,92941.7011083657,121928.788515638,228393.01986035,402568.724090647,497025.690972221
"PK",100,424192.675078926,587133.491681749,704165.089216802,846194.865395114,960206.769238511,1020602.45875
"PH",1,-3314.56659373105,-2352.10773510085,-49.2872326309356,22116.1869192709,88832.6148228525,122124.05546875
"PH",2,-3314.56659373105,-2352.10773510085,-49.2872326309356,22116.1869192709,88832.6148228525,122124.05546875
"PH",3,-3314.56659373105,-2352.10773510085,-49.2872326309356,22116.1869192709,88832.6148228525,122124.05546875
"PH",4,-3314.56659373105,-2352.10773510085,-49.2872326309356,22116.1869192709,88832.6148228525,122124.05546875
"PH",5,-3314.56659373105,-2352.10773510085,-49.2872326309356,22116.1869192709,88832.6148228525,122124.05546875
"PH",6,-3314.56659373105,-2352.10773510085,-49.2872326309356,22116.1869192709,88832.6148228525,122124.05546875
"PH",7,-3314.56659373105,-2352.10773510085,-49.2872326309356,22116.1869192709,88832.6148228525,122124.05546875
"PH",8,-3314.56659373105,-2352.10773510085,-49.2872326309356,22116.1869192709,88832.6148228525,122124.05546875
"PH",9,-3314.56659373105,-2352.10773510085,-49.2872326309356,22116.1869192709,88832.6148228525,122124.05546875
"PH",10,-3314.56659373105,-2352.10773510085,-49.2872326309356,22116.1869192709,88832.6148228525,122124.05546875
"PH",11,4109.73575028308,5906.19390947251,9536.58458382212,36057.0492017833,112597.804424618,150350.061132812
"PH",12,4109.73575028308,5906.19390947251,9536.58458382212,36057.0492017833,112597.804424618,150350.061132812
"PH",13,4109.73575028308,5906.19390947251,9536.58458382212,36057.0492017833,112597.804424618,150350.061132812
"PH",14,4109.73575028308,5906.19390947251,9536.58458382212,36057.0492017833,112597.804424618,150350.061132812
"PH",15,4109.73575028308,5906.19390947251,9536.58458382212,36057.0492017833,112597.804424618,150350.061132812
"PH",16,4109.73575028308,5906.19390947251,9536.58458382212,36057.0492017833,112597.804424618,150350.061132812
"PH",17,4109.73575028308,5906.19390947251,9536.58458382212,36057.0492017833,112597.804424618,150350.061132812
"PH",18,4109.73575028308,5906.19390947251,9536.58458382212,36057.0492017833,112597.804424618,150350.061132812
"PH",19,4109.73575028308,5906.19390947251,9536.58458382212,36057.0492017833,112597.804424618,150350.061132812
"PH",20,4109.73575028308,5906.19390947251,9536.58458382212,36057.0492017833,112597.804424618,150350.061132812
"PH",21,4109.73575028308,5906.19390947251,9536.58458382212,36057.0492017833,112597.804424618,150350.061132812
"PH",22,4109.73575028308,5906.19390947251,9536.58458382212,36057.0492017833,112597.804424618,150350.061132812
"PH",23,4109.73575028308,5906.19390947251,9536.58458382212,36057.0492017833,112597.804424618,150350.061132812
"PH",24,4109.73575028308,5906.19390947251,9536.58458382212,36057.0492017833,112597.804424618,150350.061132812
"PH",25,4109.73575028308,5906.19390947251,9536.58458382212,36057.0492017833,112597.804424618,150350.061132812
"PH",26,4109.73575028308,5906.19390947251,9536.58458382212,36057.0492017833,112597.804424618,150350.061132812
"PH",27,4109.73575028308,5906.19390947251,9536.58458382212,36057.0492017833,112597.804424618,150350.061132812
"PH",28,4109.73575028308,5906.19390947251,9536.58458382212,36057.0492017833,112597.804424618,150350.061132812
"PH",29,4109.73575028308,5906.19390947251,9536.58458382212,36057.0492017833,112597.804424618,150350.061132812
"PH",30,4109.73575028308,5906.19390947251,9536.58458382212,36057.0492017833,112597.804424618,150350.061132812
"PH",31,4109.73575028308,5906.19390947251,9536.58458382212,36057.0492017833,112597.804424618,150350.061132812
"PH",32,4109.73575028308,5906.19390947251,9536.58458382212,36057.0492017833,112597.804424618,150350.061132812
"PH",33,4109.73575028308,5906.19390947251,9536.58458382212,36057.0492017833,112597.804424618,150350.061132812
"PH",34,4109.73575028308,5906.19390947251,9536.58458382212,36057.0492017833,112597.804424618,150350.061132812
"PH",35,4109.73575028308,5906.19390947251,9536.58458382212,36057.0492017833,112597.804424618,150350.061132812
"PH",36,4109.73575028308,5906.19390947251,9536.58458382212,36057.0492017833,112597.804424618,150350.061132812
"PH",37,4109.73575028308,5906.19390947251,9536.58458382212,36057.0492017833,112597.804424618,150350.061132812
"PH",38,4109.73575028308,5906.19390947251,9536.58458382212,36057.0492017833,112597.804424618,150350.061132812
"PH",39,4109.73575028308,5906.19390947251,9536.58458382212,36057.0492017833,112597.804424618,150350.061132812
"PH",40,4109.73575028308,5906.19390947251,9536.58458382212,36057.0492017833,112597.804424618,150350.061132812
"PH",41,4109.73575028308,5906.19390947251,9536.58458382212,36057.0492017833,112597.804424618,150350.061132812
"PH",42,4109.73575028308,5906.19390947251,9536.58458382212,36057.0492017833,112597.804424618,150350.061132812
"PH",43,4109.73575028308,5906.19390947251,9536.58458382212,36057.0492017833,112597.804424618,150350.061132812
"PH",44,4109.73575028308,5906.19390947251,9536.58458382212,36057.0492017833,112597.804424618,150350.061132812
"PH",45,4109.73575028308,5906.19390947251,9536.58458382212,36057.0492017833,112597.804424618,150350.061132812
"PH",46,4109.73575028308,5906.19390947251,9536.58458382212,36057.0492017833,112597.804424618,150350.061132812
"PH",47,4109.73575028308,5906.19390947251,9536.58458382212,36057.0492017833,112597.804424618,150350.061132812
"PH",48,4109.73575028308,5906.19390947251,9536.58458382212,36057.0492017833,112597.804424618,150350.061132812
"PH",49,4109.73575028308,5906.19390947251,9536.58458382212,36057.0492017833,112597.804424618,150350.061132812
"PH",50,4109.73575028308,5906.19390947251,9536.58458382212,36057.0492017833,112597.804424618,150350.061132812
"PH",51,25859.6171239812,30965.8671164231,38932.44943826,82395.2681394115,202080.789542659,261291.90859375
"PH",52,25859.6171239812,30965.8671164231,38932.44943826,82395.2681394115,202080.789542659,261291.90859375
"PH",53,25859.6171239812,30965.8671164231,38932.44943826,82395.2681394115,202080.789542659,261291.90859375
"PH",54,25859.6171239812,30965.8671164231,38932.44943826,82395.2681394115,202080.789542659,261291.90859375
"PH",55,25859.6171239812,30965.8671164231,38932.44943826,82395.2681394115,202080.789542659,261291.90859375
"PH",56,25859.6171239812,30965.8671164231,38932.44943826,82395.2681394115,202080.789542659,261291.90859375
"PH",57,25859.6171239812,30965.8671164231,38932.44943826,82395.2681394115,202080.789542659,261291.90859375
"PH",58,25859.6171239812,30965.8671164231,38932.44943826,82395.2681394115,202080.789542659,261291.90859375
"PH",59,25859.6171239812,30965.8671164231,38932.44943826,82395.2681394115,202080.789542659,261291.90859375
"PH",60,25859.6171239812,30965.8671164231,38932.44943826,82395.2681394115,202080.789542659,261291.90859375
"PH",61,25859.6171239812,30965.8671164231,38932.44943826,82395.2681394115,202080.789542659,261291.90859375
"PH",62,25859.6171239812,30965.8671164231,38932.44943826,82395.2681394115,202080.789542659,261291.90859375
"PH",63,25859.6171239812,30965.8671164231,38932.44943826,82395.2681394115,202080.789542659,261291.90859375
"PH",64,25859.6171239812,30965.8671164231,38932.44943826,82395.2681394115,202080.789542659,261291.90859375
"PH",65,25859.6171239812,30965.8671164231,38932.44943826,82395.2681394115,202080.789542659,261291.90859375
"PH",66,25859.6171239812,30965.8671164231,38932.44943826,82395.2681394115,202080.789542659,261291.90859375
"PH",67,25859.6171239812,30965.8671164231,38932.44943826,82395.2681394115,202080.789542659,261291.90859375
"PH",68,25859.6171239812,30965.8671164231,38932.44943826,82395.2681394115,202080.789542659,261291.90859375
"PH",69,25859.6171239812,30965.8671164231,38932.44943826,82395.2681394115,202080.789542659,261291.90859375
"PH",70,25859.6171239812,30965.8671164231,38932.44943826,82395.2681394115,202080.789542659,261291.90859375
"PH",71,25859.6171239812,30965.8671164231,38932.44943826,82395.2681394115,202080.789542659,261291.90859375
"PH",72,25859.6171239812,30965.8671164231,38932.44943826,82395.2681394115,202080.789542659,261291.90859375
"PH",73,25859.6171239812,30965.8671164231,38932.44943826,82395.2681394115,202080.789542659,261291.90859375
"PH",74,25859.6171239812,30965.8671164231,38932.44943826,82395.2681394115,202080.789542659,261291.90859375
"PH",75,25859.6171239812,30965.8671164231,38932.44943826,82395.2681394115,202080.789542659,261291.90859375
"PH",76,25859.6171239812,30965.8671164231,38932.44943826,82395.2681394115,202080.789542659,261291.90859375
"PH",77,25859.6171239812,30965.8671164231,38932.44943826,82395.2681394115,202080.789542659,261291.90859375
"PH",78,25859.6171239812,30965.8671164231,38932.44943826,82395.2681394115,202080.789542659,261291.90859375
"PH",79,25859.6171239812,30965.8671164231,38932.44943826,82395.2681394115,202080.789542659,261291.90859375
"PH",80,25859.6171239812,30965.8671164231,38932.44943826,82395.2681394115,202080.789542659,261291.90859375
"PH",81,25859.6171239812,30965.8671164231,38932.44943826,82395.2681394115,202080.789542659,261291.90859375
"PH",82,25859.6171239812,30965.8671164231,38932.44943826,82395.2681394115,202080.789542659,261291.90859375
"PH",83,25859.6171239812,30965.8671164231,38932.44943826,82395.2681394115,202080.789542659,261291.90859375
"PH",84,25859.6171239812,30965.8671164231,38932.44943826,82395.2681394115,202080.789542659,261291.90859375
"PH",85,25859.6171239812,30965.8671164231,38932.44943826,82395.2681394115,202080.789542659,261291.90859375
"PH",86,25859.6171239812,30965.8671164231,38932.44943826,82395.2681394115,202080.789542659,261291.90859375
"PH",87,25859.6171239812,30965.8671164231,38932.44943826,82395.2681394115,202080.789542659,261291.90859375
"PH",88,25859.6171239812,30965.8671164231,38932.44943826,82395.2681394115,202080.789542659,261291.90859375
"PH",89,25859.6171239812,30965.8671164231,38932.44943826,82395.2681394115,202080.789542659,261291.90859375
"PH",90,25859.6171239812,30965.8671164231,38932.44943826,82395.2681394115,202080.789542659,261291.90859375
"PH",91,110270.735388625,141306.758760083,170269.698477317,248138.596825409,434297.450244932,515750.38888889
"PH",92,110270.735388625,141306.758760083,170269.698477317,248138.596825409,434297.450244932,515750.38888889
"PH",93,110270.735388625,141306.758760083,170269.698477317,248138.596825409,434297.450244932,515750.38888889
"PH",94,110270.735388625,141306.758760083,170269.698477317,248138.596825409,434297.450244932,515750.38888889
"PH",95,110270.735388625,141306.758760083,170269.698477317,248138.596825409,434297.450244932,515750.38888889
"PH",96,110270.735388625,141306.758760083,170269.698477317,248138.596825409,434297.450244932,515750.38888889
"PH",97,110270.735388625,141306.758760083,170269.698477317,248138.596825409,434297.450244932,515750.38888889
"PH",98,110270.735388625,141306.758760083,170269.698477317,248138.596825409,434297.450244932,515750.38888889
"PH",99,110270.735388625,141306.758760083,170269.698477317,248138.596825409,434297.450244932,515750.38888889
"PH",100,807000.377440995,900521.281478012,934338.205049931,879844.082187171,1013955.4793844,1071327.08925
"TH",1,-7642.69506185691,-5685.03964408123,-1979.5793437065,30729.7878434091,86863.1365403905,117273.94921875
"TH",2,-7642.69506185691,-5685.03964408123,-1979.5793437065,30729.7878434091,86863.1365403905,117273.94921875
"TH",3,-7642.69506185691,-5685.03964408123,-1979.5793437065,30729.7878434091,86863.1365403905,117273.94921875
"TH",4,-7642.69506185691,-5685.03964408123,-1979.5793437065,30729.7878434091,86863.1365403905,117273.94921875
"TH",5,-7642.69506185691,-5685.03964408123,-1979.5793437065,30729.7878434091,86863.1365403905,117273.94921875
"TH",6,-7642.69506185691,-5685.03964408123,-1979.5793437065,30729.7878434091,86863.1365403905,117273.94921875
"TH",7,-7642.69506185691,-5685.03964408123,-1979.5793437065,30729.7878434091,86863.1365403905,117273.94921875
"TH",8,-7642.69506185691,-5685.03964408123,-1979.5793437065,30729.7878434091,86863.1365403905,117273.94921875
"TH",9,-7642.69506185691,-5685.03964408123,-1979.5793437065,30729.7878434091,86863.1365403905,117273.94921875
"TH",10,-7642.69506185691,-5685.03964408123,-1979.5793437065,30729.7878434091,86863.1365403905,117273.94921875
"TH",11,7497.31810012533,9832.80002009086,15004.4326495609,52847.39218032,111919.796945671,145368.5453125
"TH",12,7497.31810012533,9832.80002009086,15004.4326495609,52847.39218032,111919.796945671,145368.5453125
"TH",13,7497.31810012533,9832.80002009086,15004.4326495609,52847.39218032,111919.796945671,145368.5453125
"TH",14,7497.31810012533,9832.80002009086,15004.4326495609,52847.39218032,111919.796945671,145368.5453125
"TH",15,7497.31810012533,9832.80002009086,15004.4326495609,52847.39218032,111919.796945671,145368.5453125
"TH",16,7497.31810012533,9832.80002009086,15004.4326495609,52847.39218032,111919.796945671,145368.5453125
"TH",17,7497.31810012533,9832.80002009086,15004.4326495609,52847.39218032,111919.796945671,145368.5453125
"TH",18,7497.31810012533,9832.80002009086,15004.4326495609,52847.39218032,111919.796945671,145368.5453125
"TH",19,7497.31810012533,9832.80002009086,15004.4326495609,52847.39218032,111919.796945671,145368.5453125
"TH",20,7497.31810012533,9832.80002009086,15004.4326495609,52847.39218032,111919.796945671,145368.5453125
"TH",21,7497.31810012533,9832.80002009086,15004.4326495609,52847.39218032,111919.796945671,145368.5453125
"TH",22,7497.31810012533,9832.80002009086,15004.4326495609,52847.39218032,111919.796945671,145368.5453125
"TH",23,7497.31810012533,9832.80002009086,15004.4326495609,52847.39218032,111919.796945671,145368.5453125
"TH",24,7497.31810012533,9832.80002009086,15004.4326495609,52847.39218032,111919.796945671,145368.5453125
"TH",25,7497.31810012533,9832.80002009086,15004.4326495609,52847.39218032,111919.796945671,145368.5453125
"TH",26,7497.31810012533,9832.80002009086,15004.4326495609,52847.39218032,111919.796945671,145368.5453125
"TH",27,7497.31810012533,9832.80002009086,15004.4326495609,52847.39218032,111919.796945671,145368.5453125
"TH",28,7497.31810012533,9832.80002009086,15004.4326495609,52847.39218032,111919.796945671,145368.5453125
"TH",29,7497.31810012533,9832.80002009086,15004.4326495609,52847.39218032,111919.796945671,145368.5453125
"TH",30,7497.31810012533,9832.80002009086,15004.4326495609,52847.39218032,111919.796945671,145368.5453125
"TH",31,7497.31810012533,9832.80002009086,15004.4326495609,52847.39218032,111919.796945671,145368.5453125
"TH",32,7497.31810012533,9832.80002009086,15004.4326495609,52847.39218032,111919.796945671,145368.5453125
"TH",33,7497.31810012533,9832.80002009086,15004.4326495609,52847.39218032,111919.796945671,145368.5453125
"TH",34,7497.31810012533,9832.80002009086,15004.4326495609,52847.39218032,111919.796945671,145368.5453125
"TH",35,7497.31810012533,9832.80002009086,15004.4326495609,52847.39218032,111919.796945671,145368.5453125
"TH",36,7497.31810012533,9832.80002009086,15004.4326495609,52847.39218032,111919.796945671,145368.5453125
"TH",37,7497.31810012533,9832.80002009086,15004.4326495609,52847.39218032,111919.796945671,145368.5453125
"TH",38,7497.31810012533,9832.80002009086,15004.4326495609,52847.39218032,111919.796945671,145368.5453125
"TH",39,7497.31810012533,9832.80002009086,15004.4326495609,52847.39218032,111919.796945671,145368.5453125
"TH",40,7497.31810012533,9832.80002009086,15004.4326495609,52847.39218032,111919.796945671,145368.5453125
"TH",41,7497.31810012533,9832.80002009086,15004.4326495609,52847.39218032,111919.796945671,145368.5453125
"TH",42,7497.31810012533,9832.80002009086,15004.4326495609,52847.39218032,111919.796945671,145368.5453125
"TH",43,7497.31810012533,9832.80002009086,15004.4326495609,52847.39218032,111919.796945671,145368.5453125
"TH",44,7497.31810012533,9832.80002009086,15004.4326495609,52847.39218032,111919.796945671,145368.5453125
"TH",45,7497.31810012533,9832.80002009086,15004.4326495609,52847.39218032,111919.796945671,145368.5453125
"TH",46,7497.31810012533,9832.80002009086,15004.4326495609,52847.39218032,111919.796945671,145368.5453125
"TH",47,7497.31810012533,9832.80002009086,15004.4326495609,52847.39218032,111919.796945671,145368.5453125
"TH",48,7497.31810012533,9832.80002009086,15004.4326495609,52847.39218032,111919.796945671,145368.5453125
"TH",49,7497.31810012533,9832.80002009086,15004.4326495609,52847.39218032,111919.796945671,145368.5453125
"TH",50,7497.31810012533,9832.80002009086,15004.4326495609,52847.39218032,111919.796945671,145368.5453125
"TH",51,48979.1124377187,56598.4924338491,68781.8939204244,131040.464458253,210297.973581405,259287.7625
"TH",52,48979.1124377187,56598.4924338491,68781.8939204244,131040.464458253,210297.973581405,259287.7625
"TH",53,48979.1124377187,56598.4924338491,68781.8939204244,131040.464458253,210297.973581405,259287.7625
"TH",54,48979.1124377187,56598.4924338491,68781.8939204244,131040.464458253,210297.973581405,259287.7625
"TH",55,48979.1124377187,56598.4924338491,68781.8939204244,131040.464458253,210297.973581405,259287.7625
"TH",56,48979.1124377187,56598.4924338491,68781.8939204244,131040.464458253,210297.973581405,259287.7625
"TH",57,48979.1124377187,56598.4924338491,68781.8939204244,131040.464458253,210297.973581405,259287.7625
"TH",58,48979.1124377187,56598.4924338491,68781.8939204244,131040.464458253,210297.973581405,259287.7625
"TH",59,48979.1124377187,56598.4924338491,68781.8939204244,131040.464458253,210297.973581405,259287.7625
"TH",60,48979.1124377187,56598.4924338491,68781.8939204244,131040.464458253,210297.973581405,259287.7625
"TH",61,48979.1124377187,56598.4924338491,68781.8939204244,131040.464458253,210297.973581405,259287.7625
"TH",62,48979.1124377187,56598.4924338491,68781.8939204244,131040.464458253,210297.973581405,259287.7625
"TH",63,48979.1124377187,56598.4924338491,68781.8939204244,131040.464458253,210297.973581405,259287.7625
"TH",64,48979.1124377187,56598.4924338491,68781.8939204244,131040.464458253,210297.973581405,259287.7625
"TH",65,48979.1124377187,56598.4924338491,68781.8939204244,131040.464458253,210297.973581405,259287.7625
"TH",66,48979.1124377187,56598.4924338491,68781.8939204244,131040.464458253,210297.973581405,259287.7625
"TH",67,48979.1124377187,56598.4924338491,68781.8939204244,131040.464458253,210297.973581405,259287.7625
"TH",68,48979.1124377187,56598.4924338491,68781.8939204244,131040.464458253,210297.973581405,259287.7625
"TH",69,48979.1124377187,56598.4924338491,68781.8939204244,131040.464458253,210297.973581405,259287.7625
"TH",70,48979.1124377187,56598.4924338491,68781.8939204244,131040.464458253,210297.973581405,259287.7625
"TH",71,48979.1124377187,56598.4924338491,68781.8939204244,131040.464458253,210297.973581405,259287.7625
"TH",72,48979.1124377187,56598.4924338491,68781.8939204244,131040.464458253,210297.973581405,259287.7625
"TH",73,48979.1124377187,56598.4924338491,68781.8939204244,131040.464458253,210297.973581405,259287.7625
"TH",74,48979.1124377187,56598.4924338491,68781.8939204244,131040.464458253,210297.973581405,259287.7625
"TH",75,48979.1124377187,56598.4924338491,68781.8939204244,131040.464458253,210297.973581405,259287.7625
"TH",76,48979.1124377187,56598.4924338491,68781.8939204244,131040.464458253,210297.973581405,259287.7625
"TH",77,48979.1124377187,56598.4924338491,68781.8939204244,131040.464458253,210297.973581405,259287.7625
"TH",78,48979.1124377187,56598.4924338491,68781.8939204244,131040.464458253,210297.973581405,259287.7625
"TH",79,48979.1124377187,56598.4924338491,68781.8939204244,131040.464458253,210297.973581405,259287.7625
"TH",80,48979.1124377187,56598.4924338491,68781.8939204244,131040.464458253,210297.973581405,259287.7625
"TH",81,48979.1124377187,56598.4924338491,68781.8939204244,131040.464458253,210297.973581405,259287.7625
"TH",82,48979.1124377187,56598.4924338491,68781.8939204244,131040.464458253,210297.973581405,259287.7625
"TH",83,48979.1124377187,56598.4924338491,68781.8939204244,131040.464458253,210297.973581405,259287.7625
"TH",84,48979.1124377187,56598.4924338491,68781.8939204244,131040.464458253,210297.973581405,259287.7625
"TH",85,48979.1124377187,56598.4924338491,68781.8939204244,131040.464458253,210297.973581405,259287.7625
"TH",86,48979.1124377187,56598.4924338491,68781.8939204244,131040.464458253,210297.973581405,259287.7625
"TH",87,48979.1124377187,56598.4924338491,68781.8939204244,131040.464458253,210297.973581405,259287.7625
"TH",88,48979.1124377187,56598.4924338491,68781.8939204244,131040.464458253,210297.973581405,259287.7625
"TH",89,48979.1124377187,56598.4924338491,68781.8939204244,131040.464458253,210297.973581405,259287.7625
"TH",90,48979.1124377187,56598.4924338491,68781.8939204244,131040.464458253,210297.973581405,259287.7625
"TH",91,232888.70866274,298056.651117142,353899.529753198,463313.434678152,509219.48868681,553090.916666667
"TH",92,232888.70866274,298056.651117142,353899.529753198,463313.434678152,509219.48868681,553090.916666667
"TH",93,232888.70866274,298056.651117142,353899.529753198,463313.434678152,509219.48868681,553090.916666667
"TH",94,232888.70866274,298056.651117142,353899.529753198,463313.434678152,509219.48868681,553090.916666667
"TH",95,232888.70866274,298056.651117142,353899.529753198,463313.434678152,509219.48868681,553090.916666667
"TH",96,232888.70866274,298056.651117142,353899.529753198,463313.434678152,509219.48868681,553090.916666667
"TH",97,232888.70866274,298056.651117142,353899.529753198,463313.434678152,509219.48868681,553090.916666667
"TH",98,232888.70866274,298056.651117142,353899.529753198,463313.434678152,509219.48868681,553090.916666667
"TH",99,232888.70866274,298056.651117142,353899.529753198,463313.434678152,509219.48868681,553090.916666667
"TH",100,2138945.44066459,2024788.93355751,1843026.57424901,1306573.64020983,1046075.77375174,1063189.99375001
"VN",1,-4902.57505444731,-3821.42370974227,-1525.41137225323,24650.344677196,84458.5405398126,116252.9328125
"VN",2,-4902.57505444731,-3821.42370974227,-1525.41137225323,24650.344677196,84458.5405398126,116252.9328125
"VN",3,-4902.57505444731,-3821.42370974227,-1525.41137225323,24650.344677196,84458.5405398126,116252.9328125
"VN",4,-4902.57505444731,-3821.42370974227,-1525.41137225323,24650.344677196,84458.5405398126,116252.9328125
"VN",5,-4902.57505444731,-3821.42370974227,-1525.41137225323,24650.344677196,84458.5405398126,116252.9328125
"VN",6,-4902.57505444731,-3821.42370974227,-1525.41137225323,24650.344677196,84458.5405398126,116252.9328125
"VN",7,-4902.57505444731,-3821.42370974227,-1525.41137225323,24650.344677196,84458.5405398126,116252.9328125
"VN",8,-4902.57505444731,-3821.42370974227,-1525.41137225323,24650.344677196,84458.5405398126,116252.9328125
"VN",9,-4902.57505444731,-3821.42370974227,-1525.41137225323,24650.344677196,84458.5405398126,116252.9328125
"VN",10,-4902.57505444731,-3821.42370974227,-1525.41137225323,24650.344677196,84458.5405398126,116252.9328125
"VN",11,6140.83815534294,8270.42036643596,12048.0916538208,44913.8226705781,111870.148149922,146682.281054687
"VN",12,6140.83815534294,8270.42036643596,12048.0916538208,44913.8226705781,111870.148149922,146682.281054687
"VN",13,6140.83815534294,8270.42036643596,12048.0916538208,44913.8226705781,111870.148149922,146682.281054687
"VN",14,6140.83815534294,8270.42036643596,12048.0916538208,44913.8226705781,111870.148149922,146682.281054687
"VN",15,6140.83815534294,8270.42036643596,12048.0916538208,44913.8226705781,111870.148149922,146682.281054687
"VN",16,6140.83815534294,8270.42036643596,12048.0916538208,44913.8226705781,111870.148149922,146682.281054687
"VN",17,6140.83815534294,8270.42036643596,12048.0916538208,44913.8226705781,111870.148149922,146682.281054687
"VN",18,6140.83815534294,8270.42036643596,12048.0916538208,44913.8226705781,111870.148149922,146682.281054687
"VN",19,6140.83815534294,8270.42036643596,12048.0916538208,44913.8226705781,111870.148149922,146682.281054687
"VN",20,6140.83815534294,8270.42036643596,12048.0916538208,44913.8226705781,111870.148149922,146682.281054687
"VN",21,6140.83815534294,8270.42036643596,12048.0916538208,44913.8226705781,111870.148149922,146682.281054687
"VN",22,6140.83815534294,8270.42036643596,12048.0916538208,44913.8226705781,111870.148149922,146682.281054687
"VN",23,6140.83815534294,8270.42036643596,12048.0916538208,44913.8226705781,111870.148149922,146682.281054687
"VN",24,6140.83815534294,8270.42036643596,12048.0916538208,44913.8226705781,111870.148149922,146682.281054687
"VN",25,6140.83815534294,8270.42036643596,12048.0916538208,44913.8226705781,111870.148149922,146682.281054687
"VN",26,6140.83815534294,8270.42036643596,12048.0916538208,44913.8226705781,111870.148149922,146682.281054687
"VN",27,6140.83815534294,8270.42036643596,12048.0916538208,44913.8226705781,111870.148149922,146682.281054687
"VN",28,6140.83815534294,8270.42036643596,12048.0916538208,44913.8226705781,111870.148149922,146682.281054687
"VN",29,6140.83815534294,8270.42036643596,12048.0916538208,44913.8226705781,111870.148149922,146682.281054687
"VN",30,6140.83815534294,8270.42036643596,12048.0916538208,44913.8226705781,111870.148149922,146682.281054687
"VN",31,6140.83815534294,8270.42036643596,12048.0916538208,44913.8226705781,111870.148149922,146682.281054687
"VN",32,6140.83815534294,8270.42036643596,12048.0916538208,44913.8226705781,111870.148149922,146682.281054687
"VN",33,6140.83815534294,8270.42036643596,12048.0916538208,44913.8226705781,111870.148149922,146682.281054687
"VN",34,6140.83815534294,8270.42036643596,12048.0916538208,44913.8226705781,111870.148149922,146682.281054687
"VN",35,6140.83815534294,8270.42036643596,12048.0916538208,44913.8226705781,111870.148149922,146682.281054687
"VN",36,6140.83815534294,8270.42036643596,12048.0916538208,44913.8226705781,111870.148149922,146682.281054687
"VN",37,6140.83815534294,8270.42036643596,12048.0916538208,44913.8226705781,111870.148149922,146682.281054687
"VN",38,6140.83815534294,8270.42036643596,12048.0916538208,44913.8226705781,111870.148149922,146682.281054687
"VN",39,6140.83815534294,8270.42036643596,12048.0916538208,44913.8226705781,111870.148149922,146682.281054687
"VN",40,6140.83815534294,8270.42036643596,12048.0916538208,44913.8226705781,111870.148149922,146682.281054687
"VN",41,6140.83815534294,8270.42036643596,12048.0916538208,44913.8226705781,111870.148149922,146682.281054687
"VN",42,6140.83815534294,8270.42036643596,12048.0916538208,44913.8226705781,111870.148149922,146682.281054687
"VN",43,6140.83815534294,8270.42036643596,12048.0916538208,44913.8226705781,111870.148149922,146682.281054687
"VN",44,6140.83815534294,8270.42036643596,12048.0916538208,44913.8226705781,111870.148149922,146682.281054687
"VN",45,6140.83815534294,8270.42036643596,12048.0916538208,44913.8226705781,111870.148149922,146682.281054687
"VN",46,6140.83815534294,8270.42036643596,12048.0916538208,44913.8226705781,111870.148149922,146682.281054687
"VN",47,6140.83815534294,8270.42036643596,12048.0916538208,44913.8226705781,111870.148149922,146682.281054687
"VN",48,6140.83815534294,8270.42036643596,12048.0916538208,44913.8226705781,111870.148149922,146682.281054687
"VN",49,6140.83815534294,8270.42036643596,12048.0916538208,44913.8226705781,111870.148149922,146682.281054687
"VN",50,6140.83815534294,8270.42036643596,12048.0916538208,44913.8226705781,111870.148149922,146682.281054687
"VN",51,38519.7105020765,44909.2838017364,53334.5980435232,109722.735258095,209895.371698008,261692.389453125
"VN",52,38519.7105020765,44909.2838017364,53334.5980435232,109722.735258095,209895.371698008,261692.389453125
"VN",53,38519.7105020765,44909.2838017364,53334.5980435232,109722.735258095,209895.371698008,261692.389453125
"VN",54,38519.7105020765,44909.2838017364,53334.5980435232,109722.735258095,209895.371698008,261692.389453125
"VN",55,38519.7105020765,44909.2838017364,53334.5980435232,109722.735258095,209895.371698008,261692.389453125
"VN",56,38519.7105020765,44909.2838017364,53334.5980435232,109722.735258095,209895.371698008,261692.389453125
"VN",57,38519.7105020765,44909.2838017364,53334.5980435232,109722.735258095,209895.371698008,261692.389453125
"VN",58,38519.7105020765,44909.2838017364,53334.5980435232,109722.735258095,209895.371698008,261692.389453125
"VN",59,38519.7105020765,44909.2838017364,53334.5980435232,109722.735258095,209895.371698008,261692.389453125
"VN",60,38519.7105020765,44909.2838017364,53334.5980435232,109722.735258095,209895.371698008,261692.389453125
"VN",61,38519.7105020765,44909.2838017364,53334.5980435232,109722.735258095,209895.371698008,261692.389453125
"VN",62,38519.7105020765,44909.2838017364,53334.5980435232,109722.735258095,209895.371698008,261692.389453125
"VN",63,38519.7105020765,44909.2838017364,53334.5980435232,109722.735258095,209895.371698008,261692.389453125
"VN",64,38519.7105020765,44909.2838017364,53334.5980435232,109722.735258095,209895.371698008,261692.389453125
"VN",65,38519.7105020765,44909.2838017364,53334.5980435232,109722.735258095,209895.371698008,261692.389453125
"VN",66,38519.7105020765,44909.2838017364,53334.5980435232,109722.735258095,209895.371698008,261692.389453125
"VN",67,38519.7105020765,44909.2838017364,53334.5980435232,109722.735258095,209895.371698008,261692.389453125
"VN",68,38519.7105020765,44909.2838017364,53334.5980435232,109722.735258095,209895.371698008,261692.389453125
"VN",69,38519.7105020765,44909.2838017364,53334.5980435232,109722.735258095,209895.371698008,261692.389453125
"VN",70,38519.7105020765,44909.2838017364,53334.5980435232,109722.735258095,209895.371698008,261692.389453125
"VN",71,38519.7105020765,44909.2838017364,53334.5980435232,109722.735258095,209895.371698008,261692.389453125
"VN",72,38519.7105020765,44909.2838017364,53334.5980435232,109722.735258095,209895.371698008,261692.389453125
"VN",73,38519.7105020765,44909.2838017364,53334.5980435232,109722.735258095,209895.371698008,261692.389453125
"VN",74,38519.7105020765,44909.2838017364,53334.5980435232,109722.735258095,209895.371698008,261692.389453125
"VN",75,38519.7105020765,44909.2838017364,53334.5980435232,109722.735258095,209895.371698008,261692.389453125
"VN",76,38519.7105020765,44909.2838017364,53334.5980435232,109722.735258095,209895.371698008,261692.389453125
"VN",77,38519.7105020765,44909.2838017364,53334.5980435232,109722.735258095,209895.371698008,261692.389453125
"VN",78,38519.7105020765,44909.2838017364,53334.5980435232,109722.735258095,209895.371698008,261692.389453125
"VN",79,38519.7105020765,44909.2838017364,53334.5980435232,109722.735258095,209895.371698008,261692.389453125
"VN",80,38519.7105020765,44909.2838017364,53334.5980435232,109722.735258095,209895.371698008,261692.389453125
"VN",81,38519.7105020765,44909.2838017364,53334.5980435232,109722.735258095,209895.371698008,261692.389453125
"VN",82,38519.7105020765,44909.2838017364,53334.5980435232,109722.735258095,209895.371698008,261692.389453125
"VN",83,38519.7105020765,44909.2838017364,53334.5980435232,109722.735258095,209895.371698008,261692.389453125
"VN",84,38519.7105020765,44909.2838017364,53334.5980435232,109722.735258095,209895.371698008,261692.389453125
"VN",85,38519.7105020765,44909.2838017364,53334.5980435232,109722.735258095,209895.371698008,261692.389453125
"VN",86,38519.7105020765,44909.2838017364,53334.5980435232,109722.735258095,209895.371698008,261692.389453125
"VN",87,38519.7105020765,44909.2838017364,53334.5980435232,109722.735258095,209895.371698008,261692.389453125
"VN",88,38519.7105020765,44909.2838017364,53334.5980435232,109722.735258095,209895.371698008,261692.389453125
"VN",89,38519.7105020765,44909.2838017364,53334.5980435232,109722.735258095,209895.371698008,261692.389453125
"VN",90,38519.7105020765,44909.2838017364,53334.5980435232,109722.735258095,209895.371698008,261692.389453125
"VN",91,162714.883173103,199711.556260838,228984.867084587,336107.121545972,473529.698187348,533834.006944444
"VN",92,162714.883173103,199711.556260838,228984.867084587,336107.121545972,473529.698187348,533834.006944444
"VN",93,162714.883173103,199711.556260838,228984.867084587,336107.121545972,473529.698187348,533834.006944444
"VN",94,162714.883173103,199711.556260838,228984.867084587,336107.121545972,473529.698187348,533834.006944444
"VN",95,162714.883173103,199711.556260838,228984.867084587,336107.121545972,473529.698187348,533834.006944444
"VN",96,162714.883173103,199711.556260838,228984.867084587,336107.121545972,473529.698187348,533834.006944444
"VN",97,162714.883173103,199711.556260838,228984.867084587,336107.121545972,473529.698187348,533834.006944444
"VN",98,162714.883173103,199711.556260838,228984.867084587,336107.121545972,473529.698187348,533834.006944444
"VN",99,162714.883173103,199711.556260838,228984.867084587,336107.121545972,473529.698187348,533834.006944444
"VN",100,1064506.67170041,1167904.03949292,1163684.36571129,1086110.24200812,1077301.12951797,1097977.831375
"OI",1,-5064.9203714661,-3700.82152099637,-1147.52017916517,31155.3432046198,90869.516008957,120227.12734375
"OI",2,-5064.9203714661,-3700.82152099637,-1147.52017916517,31155.3432046198,90869.516008957,120227.12734375
"OI",3,-5064.9203714661,-3700.82152099637,-1147.52017916517,31155.3432046198,90869.516008957,120227.12734375
"OI",4,-5064.9203714661,-3700.82152099637,-1147.52017916517,31155.3432046198,90869.516008957,120227.12734375
"OI",5,-5064.9203714661,-3700.82152099637,-1147.52017916517,31155.3432046198,90869.516008957,120227.12734375
"OI",6,-5064.9203714661,-3700.82152099637,-1147.52017916517,31155.3432046198,90869.516008957,120227.12734375
"OI",7,-5064.9203714661,-3700.82152099637,-1147.52017916517,31155.3432046198,90869.516008957,120227.12734375
"OI",8,-5064.9203714661,-3700.82152099637,-1147.52017916517,31155.3432046198,90869.516008957,120227.12734375
"OI",9,-5064.9203714661,-3700.82152099637,-1147.52017916517,31155.3432046198,90869.516008957,120227.12734375
"OI",10,-5064.9203714661,-3700.82152099637,-1147.52017916517,31155.3432046198,90869.516008957,120227.12734375
"OI",11,2781.63702626635,3844.83100839777,7007.74233424265,44843.6477027821,111492.799121915,144753.089453125
"OI",12,2781.63702626635,3844.83100839777,7007.74233424265,44843.6477027821,111492.799121915,144753.089453125
"OI",13,2781.63702626635,3844.83100839777,7007.74233424265,44843.6477027821,111492.799121915,144753.089453125
"OI",14,2781.63702626635,3844.83100839777,7007.74233424265,44843.6477027821,111492.799121915,144753.089453125
"OI",15,2781.63702626635,3844.83100839777,7007.74233424265,44843.6477027821,111492.799121915,144753.089453125
"OI",16,2781.63702626635,3844.83100839777,7007.74233424265,44843.6477027821,111492.799121915,144753.089453125
"OI",17,2781.63702626635,3844.83100839777,7007.74233424265,44843.6477027821,111492.799121915,144753.089453125
"OI",18,2781.63702626635,3844.83100839777,7007.74233424265,44843.6477027821,111492.799121915,144753.089453125
"OI",19,2781.63702626635,3844.83100839777,7007.74233424265,44843.6477027821,111492.799121915,144753.089453125
"OI",20,2781.63702626635,3844.83100839777,7007.74233424265,44843.6477027821,111492.799121915,144753.089453125
"OI",21,2781.63702626635,3844.83100839777,7007.74233424265,44843.6477027821,111492.799121915,144753.089453125
"OI",22,2781.63702626635,3844.83100839777,7007.74233424265,44843.6477027821,111492.799121915,144753.089453125
"OI",23,2781.63702626635,3844.83100839777,7007.74233424265,44843.6477027821,111492.799121915,144753.089453125
"OI",24,2781.63702626635,3844.83100839777,7007.74233424265,44843.6477027821,111492.799121915,144753.089453125
"OI",25,2781.63702626635,3844.83100839777,7007.74233424265,44843.6477027821,111492.799121915,144753.089453125
"OI",26,2781.63702626635,3844.83100839777,7007.74233424265,44843.6477027821,111492.799121915,144753.089453125
"OI",27,2781.63702626635,3844.83100839777,7007.74233424265,44843.6477027821,111492.799121915,144753.089453125
"OI",28,2781.63702626635,3844.83100839777,7007.74233424265,44843.6477027821,111492.799121915,144753.089453125
"OI",29,2781.63702626635,3844.83100839777,7007.74233424265,44843.6477027821,111492.799121915,144753.089453125
"OI",30,2781.63702626635,3844.83100839777,7007.74233424265,44843.6477027821,111492.799121915,144753.089453125
"OI",31,2781.63702626635,3844.83100839777,7007.74233424265,44843.6477027821,111492.799121915,144753.089453125
"OI",32,2781.63702626635,3844.83100839777,7007.74233424265,44843.6477027821,111492.799121915,144753.089453125
"OI",33,2781.63702626635,3844.83100839777,7007.74233424265,44843.6477027821,111492.799121915,144753.089453125
"OI",34,2781.63702626635,3844.83100839777,7007.74233424265,44843.6477027821,111492.799121915,144753.089453125
"OI",35,2781.63702626635,3844.83100839777,7007.74233424265,44843.6477027821,111492.799121915,144753.089453125
"OI",36,2781.63702626635,3844.83100839777,7007.74233424265,44843.6477027821,111492.799121915,144753.089453125
"OI",37,2781.63702626635,3844.83100839777,7007.74233424265,44843.6477027821,111492.799121915,144753.089453125
"OI",38,2781.63702626635,3844.83100839777,7007.74233424265,44843.6477027821,111492.799121915,144753.089453125
"OI",39,2781.63702626635,3844.83100839777,7007.74233424265,44843.6477027821,111492.799121915,144753.089453125
"OI",40,2781.63702626635,3844.83100839777,7007.74233424265,44843.6477027821,111492.799121915,144753.089453125
"OI",41,2781.63702626635,3844.83100839777,7007.74233424265,44843.6477027821,111492.799121915,144753.089453125
"OI",42,2781.63702626635,3844.83100839777,7007.74233424265,44843.6477027821,111492.799121915,144753.089453125
"OI",43,2781.63702626635,3844.83100839777,7007.74233424265,44843.6477027821,111492.799121915,144753.089453125
"OI",44,2781.63702626635,3844.83100839777,7007.74233424265,44843.6477027821,111492.799121915,144753.089453125
"OI",45,2781.63702626635,3844.83100839777,7007.74233424265,44843.6477027821,111492.799121915,144753.089453125
"OI",46,2781.63702626635,3844.83100839777,7007.74233424265,44843.6477027821,111492.799121915,144753.089453125
"OI",47,2781.63702626635,3844.83100839777,7007.74233424265,44843.6477027821,111492.799121915,144753.089453125
"OI",48,2781.63702626635,3844.83100839777,7007.74233424265,44843.6477027821,111492.799121915,144753.089453125
"OI",49,2781.63702626635,3844.83100839777,7007.74233424265,44843.6477027821,111492.799121915,144753.089453125
"OI",50,2781.63702626635,3844.83100839777,7007.74233424265,44843.6477027821,111492.799121915,144753.089453125
"OI",51,27312.8646280149,32778.2201684202,42354.1591021103,113383.980741216,209501.297521534,257478.804296875
"OI",52,27312.8646280149,32778.2201684202,42354.1591021103,113383.980741216,209501.297521534,257478.804296875
"OI",53,27312.8646280149,32778.2201684202,42354.1591021103,113383.980741216,209501.297521534,257478.804296875
"OI",54,27312.8646280149,32778.2201684202,42354.1591021103,113383.980741216,209501.297521534,257478.804296875
"OI",55,27312.8646280149,32778.2201684202,42354.1591021103,113383.980741216,209501.297521534,257478.804296875
"OI",56,27312.8646280149,32778.2201684202,42354.1591021103,113383.980741216,209501.297521534,257478.804296875
"OI",57,27312.8646280149,32778.2201684202,42354.1591021103,113383.980741216,209501.297521534,257478.804296875
"OI",58,27312.8646280149,32778.2201684202,42354.1591021103,113383.980741216,209501.297521534,257478.804296875
"OI",59,27312.8646280149,32778.2201684202,42354.1591021103,113383.980741216,209501.297521534,257478.804296875
"OI",60,27312.8646280149,32778.2201684202,42354.1591021103,113383.980741216,209501.297521534,257478.804296875
"OI",61,27312.8646280149,32778.2201684202,42354.1591021103,113383.980741216,209501.297521534,257478.804296875
"OI",62,27312.8646280149,32778.2201684202,42354.1591021103,113383.980741216,209501.297521534,257478.804296875
"OI",63,27312.8646280149,32778.2201684202,42354.1591021103,113383.980741216,209501.297521534,257478.804296875
"OI",64,27312.8646280149,32778.2201684202,42354.1591021103,113383.980741216,209501.297521534,257478.804296875
"OI",65,27312.8646280149,32778.2201684202,42354.1591021103,113383.980741216,209501.297521534,257478.804296875
"OI",66,27312.8646280149,32778.2201684202,42354.1591021103,113383.980741216,209501.297521534,257478.804296875
"OI",67,27312.8646280149,32778.2201684202,42354.1591021103,113383.980741216,209501.297521534,257478.804296875
"OI",68,27312.8646280149,32778.2201684202,42354.1591021103,113383.980741216,209501.297521534,257478.804296875
"OI",69,27312.8646280149,32778.2201684202,42354.1591021103,113383.980741216,209501.297521534,257478.804296875
"OI",70,27312.8646280149,32778.2201684202,42354.1591021103,113383.980741216,209501.297521534,257478.804296875
"OI",71,27312.8646280149,32778.2201684202,42354.1591021103,113383.980741216,209501.297521534,257478.804296875
"OI",72,27312.8646280149,32778.2201684202,42354.1591021103,113383.980741216,209501.297521534,257478.804296875
"OI",73,27312.8646280149,32778.2201684202,42354.1591021103,113383.980741216,209501.297521534,257478.804296875
"OI",74,27312.8646280149,32778.2201684202,42354.1591021103,113383.980741216,209501.297521534,257478.804296875
"OI",75,27312.8646280149,32778.2201684202,42354.1591021103,113383.980741216,209501.297521534,257478.804296875
"OI",76,27312.8646280149,32778.2201684202,42354.1591021103,113383.980741216,209501.297521534,257478.804296875
"OI",77,27312.8646280149,32778.2201684202,42354.1591021103,113383.980741216,209501.297521534,257478.804296875
"OI",78,27312.8646280149,32778.2201684202,42354.1591021103,113383.980741216,209501.297521534,257478.804296875
"OI",79,27312.8646280149,32778.2201684202,42354.1591021103,113383.980741216,209501.297521534,257478.804296875
"OI",80,27312.8646280149,32778.2201684202,42354.1591021103,113383.980741216,209501.297521534,257478.804296875
"OI",81,27312.8646280149,32778.2201684202,42354.1591021103,113383.980741216,209501.297521534,257478.804296875
"OI",82,27312.8646280149,32778.2201684202,42354.1591021103,113383.980741216,209501.297521534,257478.804296875
"OI",83,27312.8646280149,32778.2201684202,42354.1591021103,113383.980741216,209501.297521534,257478.804296875
"OI",84,27312.8646280149,32778.2201684202,42354.1591021103,113383.980741216,209501.297521534,257478.804296875
"OI",85,27312.8646280149,32778.2201684202,42354.1591021103,113383.980741216,209501.297521534,257478.804296875
"OI",86,27312.8646280149,32778.2201684202,42354.1591021103,113383.980741216,209501.297521534,257478.804296875
"OI",87,27312.8646280149,32778.2201684202,42354.1591021103,113383.980741216,209501.297521534,257478.804296875
"OI",88,27312.8646280149,32778.2201684202,42354.1591021103,113383.980741216,209501.297521534,257478.804296875
"OI",89,27312.8646280149,32778.2201684202,42354.1591021103,113383.980741216,209501.297521534,257478.804296875
"OI",90,27312.8646280149,32778.2201684202,42354.1591021103,113383.980741216,209501.297521534,257478.804296875
"OI",91,190998.303905038,241721.163655861,287819.458037284,443338.852314749,524629.594928474,556597.979166667
"OI",92,190998.303905038,241721.163655861,287819.458037284,443338.852314749,524629.594928474,556597.979166667
"OI",93,190998.303905038,241721.163655861,287819.458037284,443338.852314749,524629.594928474,556597.979166667
"OI",94,190998.303905038,241721.163655861,287819.458037284,443338.852314749,524629.594928474,556597.979166667
"OI",95,190998.303905038,241721.163655861,287819.458037284,443338.852314749,524629.594928474,556597.979166667
"OI",96,190998.303905038,241721.163655861,287819.458037284,443338.852314749,524629.594928474,556597.979166667
"OI",97,190998.303905038,241721.163655861,287819.458037284,443338.852314749,524629.594928474,556597.979166667
"OI",98,190998.303905038,241721.163655861,287819.458037284,443338.852314749,524629.594928474,556597.979166667
"OI",99,190998.303905038,241721.163655861,287819.458037284,443338.852314749,524629.594928474,556597.979166667
"OI",100,1995516.7503685,1928395.71590621,1781367.38343258,1426963.64455326,1120546.25585085,1099070.69925
