"country","year","p10","p50","p99","p99.9","p99.99","p99.999"
"World",2020,960.632628808948,4388.16756296737,87697.4169972121,307817.998023189,1160848.66945761,12784910.498309
"World",2021,972.286874685353,4520.6194954888,91316.2035911383,321954.246448407,1233532.35251552,15027728.3306103
"World",2022,986.016181651144,4653.25670096449,94489.2135589154,339507.006928511,1286251.30685421,15795345.0725919
"World",2023,1009.29677059863,4785.58315239835,97215.8086946677,342511.42014112,1337293.28494438,16683231.2391476
"World",2024,1019.50552559092,4866.97718484099,99786.8117247989,350490.437002588,1367039.75504924,17496020.5872369
"World",2025,1033.45251493755,4982.13022132472,101764.747854037,358472.994014882,1391958.30066304,18131742.1861048
"World",2026,1200.71211085422,5281.92458942069,100988.11371503,353485.726671303,1366017.24305234,17795021.5593283
"World",2027,1376.31306139366,5591.31284023583,100163.23433881,347851.792382349,1333443.51915579,17418331.1398034
"World",2028,1561.35633202177,5902.36439441526,99399.4995106328,342256.228063738,1299135.99741043,17039273.0852746
"World",2029,1745.06579821387,6228.14322217961,98781.679765125,336504.681131708,1266485.90000992,16652896.6152462
"World",2030,1937.91180401346,6560.07989333455,98164.5356347534,331395.02125395,1235799.43532155,16263113.2438913
"World",2031,2140.98928268399,6876.11927940553,97197.4481525368,324421.749696156,1199430.95373908,15855488.8943275
"World",2032,2355.15560282175,7207.12435473887,96196.0171300527,317146.161872268,1165590.60567533,15451512.7512998
"World",2033,2581.65976744474,7540.00251939439,95382.0881360115,310971.757935726,1132060.44045556,15049113.2355697
"World",2034,2823.47207995947,7886.42136224252,94657.4831335134,304748.547194047,1096437.28078196,14640226.1565157
"World",2035,3074.58635537061,8240.13876024308,93913.4830571853,297847.511931992,1064908.53034485,14222425.8920923
"World",2036,3374.53726829575,8635.71077553858,93371.461956747,291762.174838919,1036283.86600271,13830602.8389292
"World",2037,3695.78770517449,9052.63114937088,92810.0450682898,285294.160386581,1005231.67453289,13429822.171766
"World",2038,4045.00521602392,9491.24564000855,92247.1584859545,278893.002439021,972207.060391732,13015303.0081728
"World",2039,4419.73247259455,9949.34648538516,91691.3942162702,271562.243230145,939460.505943651,12586022.9833621
"World",2040,4823.28239199591,10433.4579973991,91202.5871570424,264158.388426297,906440.338160767,12140544.2290394
"World",2041,5260.04085568053,10942.8699467113,90708.1462105083,257080.792567833,873881.399243044,11676120.4692673
"World",2042,5733.19817021376,11474.9148734386,90023.0060859736,250151.831770957,840772.725009484,11191934.5103108
"World",2043,6244.7408870463,12036.9044664132,89667.7427149825,243056.638926818,803318.465775499,10684165.0996282
"World",2044,6795.90480035353,12636.385771663,89279.3975407582,235630.522958393,763409.693899749,10149884.648789
"World",2045,7352.95921886895,13267.3595272412,88725.2966503022,228194.609282516,723232.589204848,9587175.63404761
"World",2046,7911.91975270947,13941.3721869374,88076.7137678303,219991.239070469,682978.60734846,8992850.5971519
"World",2047,8510.46900616587,14654.8958027097,87336.3291283886,211505.021005901,640344.269091835,8363218.27792641
"World",2048,9155.39386665071,15411.4575605773,86722.7464831142,202796.093066653,594805.145312384,7695080.6173109
"World",2049,9839.21659283769,16221.2026428482,86065.4110689385,193376.828754211,546008.979234989,6984542.06013891
"World",2050,10576.7832984937,17084.0000270496,85439.9766021221,183535.266323005,496145.791981804,6227589.12230146
"World",2051,10855.3720609393,17457.1868870799,85787.8797925779,184075.112386287,494788.726065826,6225951.982085
"World",2052,11144.9008128161,17845.9881392176,86179.5341118539,184576.49177118,494003.385583834,6225225.8506899
"World",2053,11442.5385388328,18248.5406986169,86601.1331564767,184989.668597071,493315.879974511,6224761.29677269
"World",2054,11752.4811603995,18664.6150536421,87128.661418001,185319.848148865,492963.158404064,6224276.23226094
"World",2055,12070.5235712305,19090.7756773271,87623.775423675,185779.176304861,492993.051169674,6223623.15924132
"World",2056,12400.8362755417,19534.8221314596,88074.4641647737,186246.894308814,493253.577462936,6222628.87747895
"World",2057,12741.8395635252,19993.8692865234,88566.917626929,186740.442698234,493242.624161158,6221288.55151888
"World",2058,13091.8953290781,20469.1242729232,89097.6145042139,187200.076452399,493185.524463915,6219312.26566204
"World",2059,13454.5890484806,20954.8368487905,89621.9537430267,187880.157696403,493060.678643699,6216212.54409009
"World",2060,13828.9151599034,21450.6817293162,90160.9365575031,188806.952730195,492550.584399865,6211960.07593272
"World",2061,14213.2132951035,21962.8387424223,90661.7709506152,189740.80866876,491870.216114739,6206434.16105883
"World",2062,14610.7788402123,22493.3402263507,91314.8101754089,190656.61399724,493111.98617561,6199263.38232331
"World",2063,15021.5437716213,23041.0901070342,92116.4721375778,191659.889284076,494330.090443483,6190398.75881477
"World",2064,15443.3918386262,23602.0018239429,92915.6294799919,192448.708587795,495765.776851019,6179545.27850731
"World",2065,15877.5368389395,24176.5041096708,93631.9763730531,193196.911680587,497415.820672038,6166773.7324416
"World",2066,16324.6386984909,24764.8318207915,94344.9853570718,194111.18214757,499046.616687288,6151598.67257878
"World",2067,16784.1359205199,25362.6537970437,95079.083979441,195301.761377151,500604.62608569,6133831.78412278
"World",2068,17257.6725847684,25975.7386602123,95940.8455582448,196509.623389951,502054.30075433,6113323.4713312
"World",2069,17745.1549095958,26609.0630563728,96941.1599832373,197696.770764827,503452.741272062,6090028.41116104
"World",2070,18246.0583648606,27256.2921071812,98013.2132612211,198786.372027775,504477.337156377,6063714.7332058
"World",2071,18741.908389685,27898.2503946512,99003.2203518716,199796.652021124,505203.063108757,6032501.91348803
"World",2072,19249.5428365171,28561.6589226575,99838.014530362,200673.205570808,505703.737593722,5998181.29924969
"World",2073,19772.459014579,29240.8532351878,100744.37943182,201328.716191239,506040.89597213,5960402.26782898
"World",2074,20308.4927784207,29927.5002311318,101941.956363857,201793.757569191,506214.481890051,5919263.89627166
"World",2075,20859.0336601443,30620.6960106723,103221.981347121,202290.388521951,506263.835134612,5874485.72086453
"World",2076,21417.5585036215,31291.4536994636,104437.380144778,202821.456212479,505455.7144776,5819312.46261866
"World",2077,21994.6702727612,31958.2201235591,105630.143451939,203722.272744169,504303.506868614,5760236.47094977
"World",2078,22585.5946060525,32638.7240976473,106583.106948145,204863.858533807,502934.822991235,5697006.16045169
"World",2079,23193.8052122737,33333.8128911001,107523.757304328,206014.436923584,501085.950239738,5629536.48749787
"World",2080,23815.3071015515,34037.8974330544,108472.463391218,207159.295247559,498819.806423508,5557609.78262926
"World",2081,24297.0274169836,34482.9752463074,108482.228408287,204991.798735734,485103.818866859,5335542.3778863
"World",2082,24782.3161002835,34942.2816136416,108481.078008522,202717.321720166,471107.148284923,5109676.65640627
"World",2083,25275.9762505038,35403.5595387422,108520.957881746,200291.39533796,456751.484388482,4879707.16286735
"World",2084,25770.9196087714,35879.6091522454,108546.037015886,197830.901594299,441456.084573659,4645463.00948038
"World",2085,26267.2595904891,36363.4373141291,108603.003455591,195338.427728525,425987.848464705,4406856.84677499
"World",2086,26767.6921660171,36853.9044992541,108704.397679518,192831.290787935,410371.61974927,4163675.5300521
"World",2087,27278.2439770339,37358.1430387442,108772.433555943,190288.773616271,394874.485284414,3915710.63307945
"World",2088,27797.6597994994,37871.7615517859,108847.965338662,187687.517418372,379410.32532994,3662791.770652
"World",2089,28323.8766083565,38401.5503800754,108935.803385239,185093.457151811,363644.358389395,3404696.80856014
"World",2090,28860.6855989377,38941.7577742422,109115.124681592,182431.484859489,347492.221301782,3141129.7268338
"World",2091,29407.3252097297,39493.5767893782,109382.705150986,179613.142252256,330936.54054479,2871951.75031492
"World",2092,29967.3260757525,40060.629475732,109659.878997959,176657.074879348,313904.130827651,2597073.57942398
"World",2093,30535.7297936254,40641.1913028397,109898.421203539,173629.911815234,296330.053009663,2316165.65316642
"World",2094,31111.6904887215,41237.484114365,110054.047928711,170558.846171596,278313.587813985,2029032.7333057
"World",2095,31701.3185415009,41855.268955872,110199.567719549,167441.285031054,259754.85912366,1735581.49537131
"World",2096,32299.1650475413,42480.6393330974,110497.472325721,164314.467041519,240593.960717088,1435415.44626694
"World",2097,32876.4048658539,43122.8545475231,111016.594979121,161342.21221904,220966.786550734,1128274.55883497
"World",2098,33443.9887785502,43782.8082457493,111552.995465659,158359.612688243,200858.097191645,813978.212669416
"World",2099,34023.5450755318,44460.1005241866,112009.221862717,155327.642434678,180244.30601541,492274.056151355
"World",2100,34614.603767379,45155.4133057385,112303.832227167,153163.504857388,159442.740565632,163149.232466834
"Europe",2020,10447.1940032383,25774.171557752,121535.597612423,381395.455908985,1430908.27823297,13234140.9588234
"Europe",2021,11296.5400344817,27348.1334924801,132331.448960672,423542.686011359,1595790.42092738,16511691.5477453
"Europe",2022,11416.9113521351,28287.9542525816,136212.013693999,448155.533400993,1705967.60467453,16971047.1616947
"Europe",2023,11567.8276385954,28184.1017159266,134930.387688807,439269.23904824,1671409.66835228,16339024.5847792
"Europe",2024,11877.7456409147,28923.3198035086,140068.924257597,453854.034493223,1758428.84275575,18229280.8546665
"Europe",2025,12192.4284902418,29502.6697616465,142654.772475862,464511.415206096,1790729.80306633,18629128.1305453
"Europe",2026,12735.7431533518,29920.7889526344,142046.936790973,458952.195523296,1751219.65885486,18221577.2272668
"Europe",2027,13300.9786685834,30359.5959573377,141386.582173696,453725.974899455,1711933.96560805,17818271.0642477
"Europe",2028,13868.1499242625,30799.6379612743,140645.986954653,447384.308565894,1670262.42008087,17390866.1322635
"Europe",2029,14446.4699676537,31201.1865802152,139913.339848838,440378.554654508,1627759.2955178,16953365.3071893
"Europe",2030,15040.221364196,31627.5616506717,139192.240231429,433182.581393417,1584780.83604611,16505688.9349962
"Europe",2031,15624.2288317108,32083.1156369264,138716.564582686,425685.157137298,1544194.95009612,16064333.4847707
"Europe",2032,16221.7361749578,32563.490388076,138253.736721318,418160.328179383,1503412.0227141,15618699.487722
"Europe",2033,16832.2563338665,33065.2558400318,137790.006574007,410496.088853456,1462028.36251627,15161381.3226961
"Europe",2034,17454.697564988,33568.9993382987,137312.39181003,402646.782439567,1419981.60472678,14692192.7662991
"Europe",2035,18102.3287292406,34074.5189523613,136781.888452089,394677.233353882,1377808.88095763,14212818.9902423
"Europe",2036,18605.9295801389,34317.1714473854,135296.678868692,383531.999829364,1324307.69992248,13608912.6564302
"Europe",2037,19138.3254123047,34620.814997598,133948.871590857,372822.907989848,1272212.46780485,13019943.1287045
"Europe",2038,19675.5659509841,34930.527446013,132586.240548045,362006.150703018,1219635.11790143,12424977.2976757
"Europe",2039,20234.8167543562,35250.0826291845,131243.07531406,351169.338352344,1166854.10510396,11826023.9616493
"Europe",2040,20799.6248273078,35586.5484519262,129920.317975026,340305.886404072,1113806.70770825,11222407.2051648
"Europe",2041,21391.1041267481,35934.9707904821,128617.319525633,329399.793989276,1060441.44190398,10613438.8685111
"Europe",2042,21997.1078590192,36295.9081575023,127330.56204331,318433.706486343,1006685.26697446,9998311.74358326
"Europe",2043,22602.911281929,36670.5912981369,126049.928192204,307389.638998014,952425.792238646,9376028.25892031
"Europe",2044,23235.5695509924,37061.1233302294,124773.419115033,296243.850497556,897567.516888187,8745854.23137591
"Europe",2045,23890.6799770105,37465.2288334079,123510.718792041,284881.766015497,842100.238678214,8107343.69424444
"Europe",2046,24558.5935690467,37882.5648757947,122238.886836373,273459.628841826,785950.837603642,7459631.37170408
"Europe",2047,25236.0754998872,38312.4563869879,120961.463785463,261942.443614265,729092.990071212,6802071.05437222
"Europe",2048,25918.6151971866,38753.2058729429,119685.416268388,250349.593296431,671441.444986441,6134026.23010859
"Europe",2049,26596.7229760119,39211.8277019069,118420.550364533,238192.879647764,612941.370224988,5454922.92783152
"Europe",2050,27266.2908707376,39680.7046181844,117113.225601992,226196.068437596,553511.577051639,4764203.73665193
"Europe",2051,27510.4882295164,39891.8668225353,117139.579897679,225679.990371433,548360.779673476,4710661.75874263
"Europe",2052,27749.9071910417,40101.3325802485,117200.792433632,225109.824324184,543037.113087525,4656309.96629097
"Europe",2053,27976.2073713477,40307.8884083388,117263.72986801,224514.414656069,537647.625446512,4600988.43210686
"Europe",2054,28197.2959410734,40514.0580085367,117298.270987951,223814.434990566,532233.782074411,4544765.35884804
"Europe",2055,28407.1725152541,40720.3240502222,117329.47848198,223087.891252316,526792.554991986,4487601.87905028
"Europe",2056,28617.8938376347,40923.2165564044,117372.276138929,222373.610345884,521339.9239868,4429619.17120224
"Europe",2057,28822.527536785,41124.1601342319,117491.2912921,221606.43295308,515861.586785104,4370815.18909754
"Europe",2058,29033.5159053603,41333.8308093934,117708.477778724,220681.475584166,510373.798742702,4311171.18028366
"Europe",2059,29239.0763543953,41527.2865349203,117931.94552309,219715.159704801,504884.107405907,4250712.11442146
"Europe",2060,29440.5693444301,41731.3679267027,118178.799203894,218770.751001152,499384.584078377,4189444.9547065
"Europe",2061,29642.7646526172,41924.0788949119,118381.455699368,217839.87310937,493909.016769079,4127406.749102
"Europe",2062,29855.9023073959,42132.253227951,118560.910006393,216916.645620892,489377.992201668,4064570.23007265
"Europe",2063,30066.2571903117,42324.7413899545,118754.189864032,215944.408468391,485521.676789329,4001040.68918661
"Europe",2064,30279.3904824525,42530.7619162282,118969.793486545,214964.89258482,481556.193548973,3936824.26387993
"Europe",2065,30489.846198054,42721.8672085486,119171.241878575,213982.732485546,477607.985308029,3871864.63065172
"Europe",2066,30709.7688368281,42928.936971724,119387.10361931,213028.280451159,473589.234068528,3806169.81512925
"Europe",2067,30920.2269768354,43117.2545708729,119589.489086932,212066.58903164,469496.355586945,3739803.72891149
"Europe",2068,31127.1782007836,43315.9641925899,119808.730707241,211115.872565785,465341.751353782,3672741.25665574
"Europe",2069,31342.8303753062,43511.1411622125,120003.219780374,210150.728619908,461086.342242657,3605000.11331496
"Europe",2070,31561.8862275866,43704.3083237755,120157.952598605,209180.501116503,456736.737453281,3536586.7090161
"Europe",2071,31772.6143234806,43908.6026539546,120274.904997607,208204.779337185,452297.525713357,3467514.31048723
"Europe",2072,31989.3238785163,44101.9312461525,120457.075409416,207223.594728546,447662.725477144,3397788.93924235
"Europe",2073,32205.5957665064,44300.4429944209,120616.453317695,206285.067757203,442822.935611956,3327384.70225597
"Europe",2074,32415.8084768258,44501.3244935672,120811.358119041,205355.702894275,437686.112736437,3256327.7928976
"Europe",2075,32637.0743795374,44697.6665807217,121016.056980896,204489.522830343,432387.292488077,3184624.3043705
"Europe",2076,32852.8702956802,44901.2665094999,121327.894421695,203659.884992751,426921.110910489,3112315.12113674
"Europe",2077,33067.4741780241,45101.6873235804,121662.830303753,202845.934692407,420995.160935055,3039288.8798807
"Europe",2078,33283.1078023127,45307.1679146619,122008.589201485,202209.899699461,414915.429097074,2965629.51049536
"Europe",2079,33496.8023036934,45513.7461761125,122371.820580864,201709.333755957,408423.819723905,2891559.63345761
"Europe",2080,33710.484774194,45717.224989032,122641.156254266,201155.419550053,401810.674717151,2816837.60397845
"Europe",2081,33751.8341479971,45678.3420000448,122083.287002939,198539.641037151,389197.169979729,2680497.44949918
"Europe",2082,33792.7787066141,45640.0505515693,121531.580749581,195940.531330892,376639.701479012,2544672.34132403
"Europe",2083,33835.2961541383,45604.6228452057,120986.443532802,193368.565534244,364140.256188673,2409318.76209786
"Europe",2084,33882.3458898646,45564.5274032379,120445.586096001,190811.334791941,351697.458347074,2274435.38900852
"Europe",2085,33924.6716647422,45530.2645525867,119908.688045549,188272.927696366,339311.171881886,2139958.45316654
"Europe",2086,33968.2881334869,45499.3723815732,119378.145952111,185753.858205211,326960.196276351,2005898.79210723
"Europe",2087,34014.1213314045,45468.9624054313,118870.320873794,183260.221878753,314652.576929794,1872235.60279982
"Europe",2088,34061.8052112906,45435.6374618767,118361.72802351,180816.952798798,302410.694384817,1738962.90855627
"Europe",2089,34106.8133354605,45407.9548083765,117855.120577911,178394.352828986,290227.776837652,1606035.34125789
"Europe",2090,34153.1699225772,45380.1918962864,117339.901917907,176007.66359033,278098.075469627,1473451.41805081
"Europe",2091,34196.8610363861,45351.5548826739,116828.95095553,173656.609404885,266024.13957286,1341189.84226122
"Europe",2092,34242.0012625533,45326.0193948907,116322.230479366,171326.766738376,254004.921944133,1209240.71048148
"Europe",2093,34285.7406586694,45302.0219291489,115813.635821357,169022.021232675,242045.460392851,1077583.15975931
"Europe",2094,34332.1634476486,45279.5104525702,115308.108671034,166740.856062074,230143.129709426,946200.264842741
"Europe",2095,34378.7061734565,45257.223843357,114803.219322721,164468.653917186,218283.04257219,815071.789086375
"Europe",2096,34425.6003889566,45234.260655873,114300.115626618,162204.439540652,206460.690631379,684189.003260513
"Europe",2097,34472.6294995929,45213.7256945071,113799.79318469,159949.74712811,194680.745437944,553548.495431255
"Europe",2098,34520.1123293214,45193.818861709,113299.206604406,157703.402704256,182944.766332939,423144.549286319
"Europe",2099,34567.6230097561,45174.155148415,112800.560635856,155461.263293116,171245.369590941,292965.732204796
"Europe",2100,34614.603767379,45155.4133057385,112303.832227167,153163.504857392,159442.740565632,163149.232466844
"North America Oceania",2020,8506.33114264454,30438.1246786748,182578.331623446,706718.054228229,3039065.17937711,29019943.2109127
"North America Oceania",2021,8980.88802871324,32153.2423387486,187292.639392952,750616.878792421,3275046.19526981,35544439.8573946
"North America Oceania",2022,7648.2537926159,32411.2018596892,194750.485839215,766645.2982969,3266143.34287397,37662586.8145328
"North America Oceania",2023,8045.65605674932,32762.4194755332,201024.93628197,810237.045833364,3548256.07663584,40487760.8193666
"North America Oceania",2024,8104.06021084917,33262.0990295188,204041.866267174,822285.651098066,3603869.70981891,41298084.5005089
"North America Oceania",2025,8200.47367510803,33772.1921320836,207489.230221184,836145.185016123,3664943.71487017,41969141.9572768
"North America Oceania",2026,8848.31872314887,33937.1503086566,203483.861581819,811226.05229249,3540192.94293344,40486243.120332
"North America Oceania",2027,9503.72310804169,34086.3733901344,199419.105055577,786137.070709919,3414831.88765428,38998249.7816019
"North America Oceania",2028,10175.5090961897,34226.7363034188,195351.654789026,761113.974761047,3289894.56009426,37515733.8744088
"North America Oceania",2029,10860.5997587994,34365.007879964,191312.691122385,736276.021128742,3165967.15293498,36044802.9237246
"North America Oceania",2030,11535.7722190933,34494.6858123481,187283.206328673,711551.784022162,3042690.61294829,34581782.2428222
"North America Oceania",2031,12268.5156768382,34803.8589062427,184421.92623074,691299.853292835,2938710.47159953,33328898.1152866
"North America Oceania",2032,13018.8406074424,35119.4029384202,181563.84454429,671030.441169288,2834587.40424645,32074807.7300608
"North America Oceania",2033,13782.5293067941,35431.6810514831,178720.882582904,650790.006823062,2730510.55727647,30821652.4738055
"North America Oceania",2034,14545.0014905755,35734.04937586,175903.997089014,630575.552146482,2626518.56253328,29568765.9567391
"North America Oceania",2035,15336.582800624,36071.5761327143,173145.127302536,610507.237984724,2522964.04781273,28320993.9099418
"North America Oceania",2036,16225.6050020529,36614.7795821154,171220.787801728,593193.794033265,2430653.09951779,27203125.7331786
"North America Oceania",2037,17079.409308999,37100.824235449,168879.514438558,574277.104976617,2331449.22068929,26012618.4508956
"North America Oceania",2038,17941.3645975195,37603.4547640692,166544.748381279,555256.839712243,2231563.27494144,24813465.4456539
"North America Oceania",2039,18823.2109201053,38112.2538660926,164198.482910993,536062.678662947,2130698.86270597,23602678.1567165
"North America Oceania",2040,19721.2443274954,38637.1769317366,161841.700434408,516693.942214905,2028840.79551056,22380071.4382293
"North America Oceania",2041,20591.2384945558,39170.7468589535,159473.934961872,497139.684937307,1925929.91886925,21144774.079765
"North America Oceania",2042,21445.8092427453,39712.7792036492,157096.370257818,477387.596399644,1821903.442031,19896056.0187091
"North America Oceania",2043,22343.1579688674,40262.8027826171,154709.33922846,457440.12650007,1716754.92179532,18633897.4342504
"North America Oceania",2044,23318.2445931331,40822.9789753102,152304.09123367,437261.435062796,1610329.22777176,17356376.3345462
"North America Oceania",2045,24285.6768074548,41405.0185364845,149883.597340298,416853.044961494,1502614.50808753,16063345.6767869
"North America Oceania",2046,25255.6187289126,41999.8547628779,147444.540348638,396194.565830174,1393526.32188159,14753803.2980932
"North America Oceania",2047,26262.7820507257,42609.212699343,144987.071371543,375278.931322025,1283014.07383301,13427270.0255378
"North America Oceania",2048,27337.4751841934,43231.7379132813,142509.375422103,354090.875630611,1171002.80661696,12082755.490996
"North America Oceania",2049,28416.6402252108,43870.1114651278,140013.345739629,332643.004585074,1057417.0903655,10719379.471832
"North America Oceania",2050,29520.8346691173,44523.8496654188,137495.206366647,310898.70510242,942190.055557766,9336388.06598828
"North America Oceania",2051,29639.0022037066,44570.260691659,137089.626935874,308281.332666338,929018.383427231,9181330.29817535
"North America Oceania",2052,29757.4224850501,44622.8501142341,136687.876796113,305672.820687125,915877.240526974,9026560.87038404
"North America Oceania",2053,29875.4453695678,44667.7792167526,136290.967371288,303087.346592661,902773.069979026,8872156.40773204
"North America Oceania",2054,29994.4897022802,44722.9792760344,135899.24120088,300517.534134584,889697.9452486,8718007.70328559
"North America Oceania",2055,30111.9580302766,44775.07313758,135510.349532961,297954.738941778,876732.63957419,8564212.33022372
"North America Oceania",2056,30246.3948375876,44827.0783443392,135126.010325855,295400.519880887,863792.763649829,8410606.3569883
"North America Oceania",2057,30363.6059357805,44882.2408100508,134748.003598504,292855.909514995,850898.984116877,8257501.5478273
"North America Oceania",2058,30487.883000575,44941.8972646808,134375.61826865,290307.641531446,838089.100744299,8105823.98810567
"North America Oceania",2059,30608.0970610991,44996.992846424,134005.579363266,287764.387099306,825327.379419329,7956119.56367544
"North America Oceania",2060,30730.3023533919,45060.4913249409,133634.697886349,285229.557101616,812527.107581201,7806661.37576197
"North America Oceania",2061,30867.0892161544,45125.0331449306,133263.803105966,282714.844069973,799728.48286493,7657471.13791106
"North America Oceania",2062,30990.6978620892,45197.4343857564,132895.067543559,280206.328563627,787004.839930775,7508521.13907524
"North America Oceania",2063,31127.8899510111,45261.1167128391,132526.71403638,277699.949631108,774278.116882272,7359653.97299615
"North America Oceania",2064,31250.4838068985,45339.0294187896,132157.43242138,275197.254112825,761515.238735189,7210832.9921361
"North America Oceania",2065,31386.1040413232,45399.2852587661,131799.240487084,272697.197332682,748794.785756788,7062201.02772565
"North America Oceania",2066,31518.1652898405,45459.2722141874,131440.883721506,270202.479491925,736125.103991455,6913655.61082733
"North America Oceania",2067,31661.7944140808,45520.8869405773,131107.540780251,267711.058724086,723452.181404791,6765148.57932661
"North America Oceania",2068,31794.8916682616,45583.8293929138,130805.680809739,265238.441465333,710812.173874221,6616593.195259
"North America Oceania",2069,31933.5710456059,45659.7186115176,130475.238418389,262747.92675083,698290.917361806,6468068.89647354
"North America Oceania",2070,32076.3803959789,45723.0454880493,130163.42189239,260263.076805357,685723.078946523,6319505.85000327
"North America Oceania",2071,32223.3003511383,45801.5501801384,129865.480448917,257787.36333288,673120.436321077,6170826.27790906
"North America Oceania",2072,32370.7760899444,45889.5429591511,129605.397055523,255311.056924653,660424.2846273,6021892.50983378
"North America Oceania",2073,32510.6023437497,45953.7068716226,129471.84669866,252825.375457464,647949.738296478,5872878.80256657
"North America Oceania",2074,32666.4479679285,46035.2178720632,129303.893733068,250339.576322871,635556.954332768,5723714.43699893
"North America Oceania",2075,32825.4997165805,46108.0908143807,129179.656324175,247851.301668418,623108.842318563,5574486.45691019
"North America Oceania",2076,32990.0821562008,46188.2214298392,129138.736803375,245356.976344508,610647.724311739,5425059.22053494
"North America Oceania",2077,33149.7962852324,46265.80115934,129131.502511666,242858.136765075,598178.151940779,5275471.46394312
"North America Oceania",2078,33307.1357831323,46354.1433017272,129179.071680984,240332.309303776,587414.819020958,5125602.45697368
"North America Oceania",2079,33483.0093618007,46455.291049242,129228.709169602,237870.666040821,577797.245428468,4975681.12499435
"North America Oceania",2080,33659.5643935276,46548.8332281655,129334.664224729,235595.475962554,568313.719626713,4826668.63323013
"North America Oceania",2081,33724.4630109428,46484.0994227523,128566.269095368,231127.694539902,547724.171481098,4582600.51452181
"North America Oceania",2082,33785.9598017597,46418.5849135633,127776.975993217,226678.585036345,527054.879279914,4339731.96908336
"North America Oceania",2083,33845.1225278727,46351.884653865,126983.960578989,222245.5197978,506081.528315202,4097805.73090565
"North America Oceania",2084,33899.9047053953,46284.9004822979,126191.16593732,217843.310030643,485156.205988234,3857046.97613601
"North America Oceania",2085,33955.6990226865,46214.9975294819,125395.48230899,213449.212599383,464261.507772808,3617276.92979999
"North America Oceania",2086,34011.8596423308,46147.752048825,124590.058502494,209074.268655673,443408.354144545,3378726.66775385
"North America Oceania",2087,34068.3329063136,46078.8695835568,123778.794478735,204716.78056342,422372.45843698,3141359.29593414
"North America Oceania",2088,34124.0884685032,46012.57013314,122965.021017529,200399.784732776,401424.956666804,2905139.48522426
"North America Oceania",2089,34178.2586266666,45942.2331884077,122123.861221297,196119.800678048,380589.037993434,2670350.16348363
"North America Oceania",2090,34229.4995753482,45876.1652430299,121274.145178439,191891.857092908,359900.169264166,2436691.48772645
"North America Oceania",2091,34278.6635433473,45805.7264263058,120423.787953981,187717.934481529,339347.907313383,2204136.40483712
"North America Oceania",2092,34325.744994209,45739.2558220016,119572.93139771,183633.543553453,318905.726235871,1972734.63182333
"North America Oceania",2093,34369.1129001342,45668.8820384215,118738.9959076,179635.843545987,298575.025341412,1742470.5173934
"North America Oceania",2094,34410.361766491,45598.0683238625,117863.428008419,175732.19805184,278426.032598821,1513340.17014168
"North America Oceania",2095,34450.6718395227,45526.0368232047,116979.148057752,171854.887148473,258658.480625037,1285347.95332078
"North America Oceania",2096,34489.3415288999,45454.1907204944,116093.840798414,168012.76779216,238855.356264593,1058512.2503925
"North America Oceania",2097,34525.3980773614,45380.5496593675,115190.324607325,164305.873009485,219014.037030878,832842.408162751
"North America Oceania",2098,34558.1407014896,45307.0478729108,114232.820015068,160648.225249938,199159.675327818,608376.017975156
"North America Oceania",2099,34588.1413702407,45231.9374486481,113269.744572127,156998.119690522,179295.982784526,385139.418502023
"North America Oceania",2100,34614.603767379,45155.4133057385,112303.832227167,153163.504857388,159442.740565631,163149.232466841
"Latin America",2020,967.193317729688,5080.07197686114,96007.4347729186,332692.710133278,1155236.65223567,5290400.32400321
"Latin America",2021,931.229333558509,5274.77220932217,102037.106842546,349818.643341271,1067211.96727627,6537113.69460773
"Latin America",2022,971.953634671708,5433.56445634109,107593.731104497,370197.498468712,868903.409579191,6819071.96457846
"Latin America",2023,1020.89440289772,5554.94406468768,106505.26419003,342457.924970342,932200.340096712,6921277.9219047
"Latin America",2024,1045.51487028236,5615.76882452736,108409.409648844,350313.581269164,931209.195640661,6916827.44767118
"Latin America",2025,1054.45228926012,5658.39009757591,108858.03805394,353619.788690135,931410.330583173,7023642.57209668
"Latin America",2026,1308.57014513174,5944.87630108535,108463.225456129,348928.606363642,925371.243754688,6934288.41085722
"Latin America",2027,1578.45610866275,6258.48603591105,108353.170633662,344074.915698623,919294.018898287,6847247.20485243
"Latin America",2028,1853.98812932578,6574.14800443761,108067.372487705,338617.774796466,911413.896591853,6746484.08988616
"Latin America",2029,2145.10394382442,6885.44730101656,107604.661492927,333165.797016891,902375.366390732,6632070.88481173
"Latin America",2030,2447.65108038153,7210.05980256069,106995.609938861,327534.201262209,891730.850100968,6506438.90871927
"Latin America",2031,2763.46247658183,7512.23201748967,105910.321080548,320431.602496848,877151.494383175,6357700.2231724
"Latin America",2032,3088.60886229395,7820.38963727906,104728.534664526,313251.67839393,860584.833343795,6202118.18782157
"Latin America",2033,3423.05938446273,8142.42484989287,103462.997846529,306229.73381586,842075.694134845,6040240.4442213
"Latin America",2034,3756.61259253578,8474.6334740002,102117.921831062,299122.517899694,823737.027452024,5872706.26418535
"Latin America",2035,4086.30113930451,8807.34509744261,100706.375812895,292321.139130451,804311.308042239,5698644.48156462
"Latin America",2036,4433.29930185321,9189.56967088235,99209.4682607225,285393.029170227,779134.182123466,5538431.74290216
"Latin America",2037,4794.29265307048,9593.27388935551,97746.6857811485,278491.70659952,753510.948432366,5379874.41229699
"Latin America",2038,5171.1486139621,10006.3482154841,96216.7829190719,271311.288745874,727454.299839901,5212041.55266841
"Latin America",2039,5557.6428643679,10439.5375435456,94628.8546985504,263870.956920112,701431.768433339,5036303.96626024
"Latin America",2040,5958.94719469606,10888.0746671917,92978.4566744426,256143.408725208,674544.911386192,4852059.59139068
"Latin America",2041,6375.45510377655,11344.3149737763,91264.3418494803,248120.329324051,646805.415151734,4658771.29154243
"Latin America",2042,6805.70361298928,11820.0508535174,89480.8489941343,239778.96071627,617763.720177718,4455876.38082043
"Latin America",2043,7253.82465115529,12317.2789240609,87624.4304013091,231102.877156004,588212.850787492,4242756.78865025
"Latin America",2044,7719.49545481404,12827.7495971079,85689.7377173473,222069.717724763,558460.510926193,4018710.703536
"Latin America",2045,8203.51768623557,13349.6846691675,83670.8022299548,212655.968891016,527664.860451514,3783107.20442438
"Latin America",2046,8704.66423727837,13896.198700114,81561.3816058278,202836.614532334,495682.992768836,3535141.78259685
"Latin America",2047,9225.56861757065,14468.0398086566,79354.5255675963,192584.66336605,462418.37993315,3274028.16759286
"Latin America",2048,9770.22701587581,15054.7559977256,77045.6213917518,181879.693061274,427803.396571814,2998960.47179279
"Latin America",2049,10337.5939946412,15659.4806739195,74625.2024643814,170688.051119138,391747.767481387,2709026.36177414
"Latin America",2050,10928.9335865472,16293.4295388779,72140.9326925227,158986.447542483,354180.158953565,2403336.90904819
"Latin America",2051,11219.2099324582,16659.3760882768,73050.9556472463,160439.677062858,355903.034571005,2421979.76553646
"Latin America",2052,11517.0348211655,17044.7795838728,73989.2242661102,161900.399690707,357610.121753107,2440329.22731609
"Latin America",2053,11824.5566676483,17438.3481954876,74962.2674948378,163366.711574717,359292.781211803,2458433.07930424
"Latin America",2054,12140.6278671223,17833.1084327046,75948.1293668811,164833.740110344,360944.794026036,2476117.2698891
"Latin America",2055,12464.0999705922,18236.2161380759,76946.7337044858,166299.647879278,362546.550204753,2493449.04686324
"Latin America",2056,12797.1250359402,18662.4930815111,77958.7087804894,167764.655157095,364104.166352058,2510284.82309179
"Latin America",2057,13132.4368069211,19090.9000425966,78982.2472930679,169224.190682276,365609.086745232,2526589.69314921
"Latin America",2058,13476.7444180256,19524.7978294809,80017.6931255546,170781.197307325,367093.832056721,2542244.02049208
"Latin America",2059,13836.9221918736,19977.3026836948,81078.7247944325,172370.459236067,368524.626792348,2557247.28976936
"Latin America",2060,14203.7651587534,20442.9552244409,82162.2043019149,173940.602359579,369882.190838321,2571526.74058643
"Latin America",2061,14575.1567266384,20905.1514402112,83257.1317245496,175499.804238998,371174.380886629,2585030.22657393
"Latin America",2062,14959.9486396152,21391.5122840545,84359.4662355805,177048.497456048,372434.37492386,2597685.48733428
"Latin America",2063,15353.9354415191,21892.5378433715,85460.9556022559,178594.588772663,373930.884265749,2609462.95463978
"Latin America",2064,15754.9802270461,22385.2795675701,86577.9021174575,180151.809688601,376114.978207566,2620254.71979988
"Latin America",2065,16171.5001254046,22904.649686846,87705.1891937535,181700.135688077,378209.749775113,2629973.44773305
"Latin America",2066,16594.2607692364,23432.7453064834,88839.974053941,183272.461137267,380214.510966516,2638579.11059506
"Latin America",2067,17029.419090984,23965.7135509036,89977.6783156852,184983.167365515,382132.410313931,2646021.07623139
"Latin America",2068,17482.3424414074,24524.9290214176,91126.8426838656,186682.497936988,383953.898898735,2652255.87048322
"Latin America",2069,17935.3510992682,25080.6683498836,92331.1256913087,188363.75231592,385693.326859313,2657204.05486828
"Latin America",2070,18403.0712158312,25661.2468453883,93535.1901546464,190077.401987782,387370.488902041,2660682.08822091
"Latin America",2071,18876.6508471938,26255.2207137894,94785.3034065952,191975.953984023,388927.435088272,2662722.67460899
"Latin America",2072,19354.7437392486,26853.6649368462,96112.2756538807,193862.955905644,390343.439080918,2663115.80924356
"Latin America",2073,19846.6065736086,27478.8847490299,97464.1591644761,195736.100988047,391626.237962497,2661891.4629843
"Latin America",2074,20350.1416333685,28105.6813742216,98852.2877615754,197586.100359259,392750.334953166,2658921.05126521
"Latin America",2075,20866.0496501415,28762.3517428396,100227.425934248,199425.77725118,393687.812497566,2654677.1468074
"Latin America",2076,21394.3052952406,29420.4783019008,101601.235153931,201306.10430916,394438.587537715,2648418.9343595
"Latin America",2077,21937.1386524631,30104.2663972004,103084.626689671,203047.586490116,395017.867312825,2640110.08677128
"Latin America",2078,22491.4873506455,30796.6314284294,104590.300916751,204526.900958765,395403.994754885,2629642.07625719
"Latin America",2079,23062.6489586524,31507.302735905,106131.998325726,205976.27305505,395592.127497683,2616888.49111076
"Latin America",2080,23650.6436700385,32237.4002614979,107684.79112279,207393.222827084,395578.322131766,2601727.88931747
"Latin America",2081,24114.2500484387,32775.1491463002,108077.114726247,205625.738665179,387477.363142166,2519422.39294268
"Latin America",2082,24590.1476225536,33333.6638491228,108457.401761918,203680.330991636,379050.725213531,2433633.76030465
"Latin America",2083,25071.2036823345,33901.7578883055,108828.077624619,201587.93442675,370289.740626491,2344274.24182261
"Latin America",2084,25558.9479969687,34476.9364061976,109187.610405901,199409.507395937,361179.660689599,2251256.34762357
"Latin America",2085,26054.6747117117,35056.2030178619,109535.563905387,197141.299719098,351710.512950865,2154415.40813599
"Latin America",2086,26561.806830604,35649.7753540968,109870.728465411,194781.050720232,341870.954823466,2053632.14526578
"Latin America",2087,27074.6125053488,36258.3311329625,110192.701606719,192323.691145343,331651.131366022,1948813.72137922
"Latin America",2088,27593.5211582469,36876.9047312993,110501.065132521,189771.73263979,321037.020180627,1839860.69345215
"Latin America",2089,28122.5541667901,37496.8072725826,110795.035416061,187121.146414339,310016.315496593,1726626.74179796
"Latin America",2090,28656.0300972454,38135.2102781942,111073.617554473,184370.438745053,298585.50613078,1609003.04595179
"Latin America",2091,29204.6963562726,38786.0795252237,111337.256365876,181519.414462561,286735.127682356,1486882.97737517
"Latin America",2092,29762.8245781077,39443.4428160934,111584.154671556,178571.113245087,274449.89374125,1360097.81521976
"Latin America",2093,30329.3652506438,40111.6109122687,111812.391851943,175519.582252599,261711.269351111,1228541.07175166
"Latin America",2094,30909.2090946439,40797.0827337644,112014.548414804,172359.086143102,248518.492794372,1092091.66778529
"Latin America",2095,31498.7746998019,41491.5852452595,112194.642140318,169088.581791794,234860.809993795,950612.724260424
"Latin America",2096,32099.3864027409,42196.7774095882,112353.037989222,165774.858193264,220736.03015932,803963.883049227
"Latin America",2097,32711.3570703877,42917.9665653615,112489.597219709,162437.263774548,206142.133552279,652014.828377661
"Latin America",2098,33334.404267455,43650.0421652155,112588.260894648,159270.964538762,191039.2722159,494618.331133736
"Latin America",2099,33968.4583813428,44395.9331116849,112465.114764868,156391.342365447,175413.094607417,331633.325786357
"Latin America",2100,34614.6037673789,45155.4133057384,112303.832227166,153163.504857388,159442.740565632,163149.232466834
"Middle East North Africa",2020,1298.78739250902,5539.66196491813,109463.206852174,442168.096211297,1542455.43679694,12513517.1187327
"Middle East North Africa",2021,1330.4874809165,5746.69442866116,115986.736169587,454030.4441567,1584290.58794481,13255895.501662
"Middle East North Africa",2022,1366.99817962347,5866.8491135554,123824.357384743,516522.407647094,1745353.66304122,14110410.6453578
"Middle East North Africa",2023,1323.51831230167,5920.76446203798,126944.915715587,522929.510988298,1834638.03510688,15839773.2099236
"Middle East North Africa",2024,1235.40644901254,5965.72703760179,128531.591172305,519550.365935838,1773970.68549366,16775519.6696643
"Middle East North Africa",2025,1226.20187512327,6064.50474186017,129967.085826326,524151.599943659,1791696.43333302,17120396.5812373
"Middle East North Africa",2026,1432.07155013035,6407.41664329388,129898.060408192,513251.715582418,1748974.25967051,16907176.5264533
"Middle East North Africa",2027,1644.24068430265,6804.38623366877,129136.05706016,500265.605943031,1704955.0267411,16632311.132308
"Middle East North Africa",2028,1862.20984272357,7188.2589075396,127938.264871691,489237.586301679,1658051.49288172,16321881.7126853
"Middle East North Africa",2029,2090.42159188428,7561.22388978706,126712.154149414,479340.514335793,1618251.37947063,15983752.7950009
"Middle East North Africa",2030,2326.3759024902,7920.48886402996,124783.365056877,470058.647859434,1576084.92602993,15623879.0030596
"Middle East North Africa",2031,2559.05222807969,8252.42119448391,121798.930570724,456245.450735435,1521798.72846678,15186218.869729
"Middle East North Africa",2032,2800.82561267613,8586.42757892974,118647.163645603,439941.299706192,1477348.56204281,14740051.1871255
"Middle East North Africa",2033,3052.66729883348,8920.611947807,115702.663980807,425219.552948789,1436951.41738497,14286924.3951833
"Middle East North Africa",2034,3309.54914135181,9251.22799375068,113213.178695493,414701.579784306,1396100.90041763,13827191.0202659
"Middle East North Africa",2035,3578.78553511976,9570.40710092831,111065.998366667,403652.671169878,1342878.74134785,13359203.4471302
"Middle East North Africa",2036,3872.30093021872,9952.98354257536,109443.245860735,391517.263170552,1298622.00145401,12948028.8861717
"Middle East North Africa",2037,4175.59265436417,10318.5955411153,107665.825027061,379396.501461115,1251789.20523434,12514083.9979978
"Middle East North Africa",2038,4502.51353978193,10713.7706526253,105900.042850993,367208.573142884,1204553.65303032,12073087.3662235
"Middle East North Africa",2039,4840.54933422454,11118.6545037173,104088.746184477,354856.313463571,1155797.80826164,11617238.6084783
"Middle East North Africa",2040,5192.84206253355,11539.1603750109,102227.701238899,342322.307333643,1105934.40254887,11145341.1689948
"Middle East North Africa",2041,5561.60520633425,11979.9492958401,100304.535368389,329579.145385987,1055388.70619107,10656056.1966997
"Middle East North Africa",2042,5946.53245509958,12431.8838188833,98315.6204537015,316613.646038873,1004259.33311359,10149640.1402031
"Middle East North Africa",2043,6350.31298628629,12901.8409790136,96260.6904232221,303385.465628242,952090.116872793,9623863.35856238
"Middle East North Africa",2044,6769.26952912067,13382.5660990721,94132.2166239004,289859.546695507,898703.173229132,9076810.34449359
"Middle East North Africa",2045,7206.77841583453,13893.4797732735,91923.8640077597,276008.324132195,844059.458817166,8507273.7185365
"Middle East North Africa",2046,7667.04453075843,14422.7850050315,89628.8779278853,261775.856552585,787746.23321597,7913541.20395888
"Middle East North Africa",2047,8141.98548823836,14955.9306412905,87284.9758105742,247169.392173041,729864.589018981,7294401.21762024
"Middle East North Africa",2048,8640.76763128421,15498.6304255392,84867.2532824971,232161.432858452,670288.358749524,6648225.7496449
"Middle East North Africa",2049,9155.3432752658,16072.8147541665,82539.8347278886,216719.321577356,608937.875597561,5973509.2637822
"Middle East North Africa",2050,9692.17304000706,16674.6192341852,80368.2348512073,200779.74690017,545659.538948053,5269067.20107443
"Middle East North Africa",2051,9980.18081102913,17075.0973576493,80940.3551821988,201232.395381549,545237.547249384,5288515.96470641
"Middle East North Africa",2052,10277.6209511741,17479.4623258512,81534.4945259283,201815.570886733,545272.235354066,5307658.25416648
"Middle East North Africa",2053,10585.0909200357,17901.911137425,82147.684812325,202982.060305592,548329.591844508,5326270.37491967
"Middle East North Africa",2054,10902.7175942564,18341.9530399624,82942.3483826984,204536.77447937,552180.930920016,5344400.20519408
"Middle East North Africa",2055,11230.50761756,18779.2329029465,83806.1617761089,206129.033899486,556001.066058294,5361827.36142737
"Middle East North Africa",2056,11568.9589791642,19214.930143482,84727.2776622407,207349.389617896,559962.743011493,5378416.0579004
"Middle East North Africa",2057,11917.6844593807,19673.762411011,85693.6678518543,207971.089163886,563867.919537598,5394097.28580673
"Middle East North Africa",2058,12276.1339912893,20124.8157941443,86638.3758578971,208430.224040124,567747.877512432,5408653.97220894
"Middle East North Africa",2059,12645.2512043545,20590.0043153663,87623.1977245468,209010.217736269,571592.133237404,5422125.57975316
"Middle East North Africa",2060,13026.0194700633,21054.5887577728,88624.76878711,209635.782149655,575218.762709054,5434279.57484357
"Middle East North Africa",2061,13417.6469828115,21520.3397994638,89686.0934245705,210300.292884699,578756.961492533,5444843.94072729
"Middle East North Africa",2062,13821.0995068388,22010.8466145577,90750.301722132,211010.770427591,582170.225288382,5453752.83874483
"Middle East North Africa",2063,14237.4364928063,22493.1452992491,91742.8224578127,211814.653502775,585446.868346994,5460963.69200092
"Middle East North Africa",2064,14667.5387192903,23006.4494835471,92725.0772761094,212685.513122536,588566.265177505,5466368.21537634
"Middle East North Africa",2065,15110.8313998887,23511.8766107976,93787.1440505502,213735.723327262,591542.438006877,5469903.63652169
"Middle East North Africa",2066,15567.3725326085,24044.7387706063,94959.8325043271,214791.579381688,594381.022422825,5471841.58135559
"Middle East North Africa",2067,16038.2304007892,24576.2744641625,96187.0456336926,215699.501396022,597116.100923567,5471353.19896723
"Middle East North Africa",2068,16524.0005005172,25133.6857444573,97418.5095142002,216600.543501026,599756.499253231,5468199.20400938
"Middle East North Africa",2069,17024.973711529,25688.4459874016,98649.043985475,217586.980604801,602149.634494156,5462446.64132603
"Middle East North Africa",2070,17541.2533682816,26270.1345478935,99824.9359094114,218662.67425249,604286.532520342,5453819.6255312
"Middle East North Africa",2071,18071.6641128017,26854.8914736167,100810.620064657,219709.310885042,606184.744814441,5442770.25845096
"Middle East North Africa",2072,18618.2286808313,27434.6370638199,101710.981497483,220699.265156235,607827.949873766,5428632.70641729
"Middle East North Africa",2073,19182.3098644415,28056.8760523557,102752.052205261,221500.444121986,609263.9884671,5411259.62147071
"Middle East North Africa",2074,19763.9568576666,28671.660464811,103809.026363993,222270.186827872,610413.708068017,5390375.11297297
"Middle East North Africa",2075,20362.9055797156,29314.0371968684,104814.94166381,223207.891134119,611186.853492278,5365741.95661258
"Middle East North Africa",2076,20980.1711902809,29973.5723297604,105802.473165569,224413.433769835,611287.601654713,5337288.10299348
"Middle East North Africa",2077,21616.6351610748,30635.7790389986,106771.580969157,225407.833446283,611046.668493555,5305200.45588346
"Middle East North Africa",2078,22272.9923889462,31339.9267746576,107859.077403298,226370.030407341,610460.318107335,5268983.28508594
"Middle East North Africa",2079,22950.8584029672,32044.7483007693,108987.36039433,227770.126172264,609567.8826249,5228484.67058409
"Middle East North Africa",2080,23649.0124569355,32771.2614219716,110118.074546802,229232.538794008,608429.464366518,5183456.84324108
"Middle East North Africa",2081,24133.5872348209,33289.8488424198,110248.713621399,226570.191017729,592801.966766661,5003920.10187229
"Middle East North Africa",2082,24624.4646991558,33813.7800027217,110374.652272831,223794.575036792,576585.809733971,4817994.87337365
"Middle East North Africa",2083,25126.8425782556,34341.7112567661,110522.229561342,220910.899840869,559752.651063884,4625650.43427301
"Middle East North Africa",2084,25641.4646472264,34890.0032878189,110666.884144699,217906.067988874,542293.368474882,4426793.63415379
"Middle East North Africa",2085,26165.151780156,35437.2908106044,110732.39062681,214776.432378753,524198.870117561,4221142.30370496
"Middle East North Africa",2086,26697.8716895895,36011.8668103713,110778.652714958,211512.600066316,505425.600523524,4008309.44750935
"Middle East North Africa",2087,27240.3204869711,36577.5420010717,110832.894461633,208106.751185986,485945.868935664,3788032.54615516
"Middle East North Africa",2088,27779.1086864047,37169.703597059,110906.613778883,204551.395448589,465798.961399511,3560203.28021674
"Middle East North Africa",2089,28325.7652489228,37764.4349189946,110988.490727532,200834.104097839,444953.823677698,3324749.38663776
"Middle East North Africa",2090,28882.033803871,38375.0899170121,111094.361579818,196965.163209466,423329.224621218,3081278.8729306
"Middle East North Africa",2091,29439.9243434147,38996.3994694469,111170.10842835,192958.436166626,400906.830474548,2829688.40846292
"Middle East North Africa",2092,30004.755900954,39626.3454253966,111249.270806869,188839.986759262,377670.17052893,2569834.36483511
"Middle East North Africa",2093,30556.4090043775,40274.915424349,111412.805425453,184577.16843136,353575.482545219,2301361.23405152
"Middle East North Africa",2094,31117.6024513921,40931.7381845919,111613.775584999,180142.153900915,328601.179652304,2024062.59308087
"Middle East North Africa",2095,31680.6088988269,41605.0363395766,111835.287702229,175535.768314047,302729.69247396,1737750.76831347
"Middle East North Africa",2096,32247.7082434922,42288.1841761903,112028.856193228,170758.655974354,275945.467088967,1442237.43961394
"Middle East North Africa",2097,32823.7753626977,42985.7491195828,112181.83748385,165856.740775744,248211.18016576,1137209.65458917
"Middle East North Africa",2098,33409.872852078,43695.4196201113,112308.426876875,160933.150996192,219517.956254537,822495.894582831
"Middle East North Africa",2099,34006.9089691851,44419.0061413492,112388.449437019,156816.041216148,189813.620461196,497836.798241017
"Middle East North Africa",2100,34614.603767379,45155.4133057385,112303.832227166,153163.504857388,159442.740565632,163149.232466844
"Sub-Saharan Africa",2020,294.798000108089,1300.22534389758,24502.0439031512,75027.5270792062,238205.127757464,2414385.00036072
"Sub-Saharan Africa",2021,299.469658626443,1317.15024536623,25051.014969957,78412.1779640038,247578.605062069,2622311.48775144
"Sub-Saharan Africa",2022,302.30140971715,1339.21892785878,25058.0470839693,77729.8310703507,245510.281502754,2712354.64714505
"Sub-Saharan Africa",2023,305.449061836477,1358.39181847205,25323.1396266148,77886.8654275752,247353.761548469,2915028.86244352
"Sub-Saharan Africa",2024,297.952904802843,1374.72588480327,24758.9854604117,85362.7552905056,259977.869947568,3244446.89873964
"Sub-Saharan Africa",2025,299.25334586096,1391.54056345516,24943.4686193233,85447.738758099,262420.879564563,3294205.35982968
"Sub-Saharan Africa",2026,362.524306987296,1540.23620575377,26220.6276767009,89155.0567179617,273202.184924951,3414027.52248281
"Sub-Saharan Africa",2027,436.195573955069,1700.32388053915,27467.7223839621,92371.1757690301,283116.907686069,3520819.96942964
"Sub-Saharan Africa",2028,520.645566955025,1872.08167464964,28598.7782573078,95260.1655353402,292755.820341466,3614141.95169838
"Sub-Saharan Africa",2029,610.133670024262,2053.61739822484,29672.2000981761,98093.015269848,301063.342808352,3691660.63688625
"Sub-Saharan Africa",2030,712.340787755745,2242.76729315243,30741.2554869873,100626.732849909,308316.488287463,3755297.97475922
"Sub-Saharan Africa",2031,823.688667409043,2443.27856673846,31788.7957776481,102851.536490162,314450.397823882,3807467.33493148
"Sub-Saharan Africa",2032,945.944381552189,2657.82391640907,32820.7391901987,104998.990059015,319922.5966461,3851101.18845066
"Sub-Saharan Africa",2033,1079.68400542098,2888.17263410321,33865.3698891409,106768.986286971,324114.590168123,3885764.44431595
"Sub-Saharan Africa",2034,1229.09573857467,3133.87332760058,34903.6657680491,108323.798452865,325796.67133687,3910594.21573721
"Sub-Saharan Africa",2035,1390.73526599288,3394.11671580369,35917.944808335,109477.951783242,326331.001028302,3922606.34930543
"Sub-Saharan Africa",2036,1601.42437591258,3744.75019773966,37539.2818496403,112072.506220553,331034.047883749,3996340.42684684
"Sub-Saharan Africa",2037,1830.82233678513,4115.15082589984,39001.6547689573,114137.130205044,335835.252277179,4050150.32844178
"Sub-Saharan Africa",2038,2090.64586141122,4525.07730604372,40435.1343299864,116039.53176888,341112.085053956,4098542.39410564
"Sub-Saharan Africa",2039,2383.51228121912,4974.19141004279,41983.6539642508,117684.452877755,345747.275918423,4138588.79114324
"Sub-Saharan Africa",2040,2713.5244998807,5469.00455530178,43614.5963490331,119147.001805856,350638.949617165,4168051.00017784
"Sub-Saharan Africa",2041,3082.52518967923,6013.20696491703,45273.0616819441,120547.233444178,355927.61660975,4184886.63298146
"Sub-Saharan Africa",2042,3497.9563392484,6609.27506274521,46952.4617652947,122088.285325844,359980.224526779,4186804.3656891
"Sub-Saharan Africa",2043,3964.09720027043,7266.73220857838,48646.3203497864,123594.102486077,363275.291474189,4171243.04089607
"Sub-Saharan Africa",2044,4486.94650220445,7990.82747847025,50347.1335300721,124594.766720762,365288.473871045,4135294.91915892
"Sub-Saharan Africa",2045,5072.69125781746,8785.17000167738,52037.0502585288,125999.970509943,365565.533988018,4075871.8717517
"Sub-Saharan Africa",2046,5729.90887977673,9661.11237541842,53586.5357243472,127051.80984195,363838.647309323,3989106.84728436
"Sub-Saharan Africa",2047,6465.72324470748,10624.1659873578,55096.5582670763,127693.718082972,359578.184194461,3870595.88469681
"Sub-Saharan Africa",2048,7290.9531770643,11687.6195997077,56643.4966360865,127862.345271578,352266.087499962,3715824.58987478
"Sub-Saharan Africa",2049,8214.1131723199,12855.9704260678,58207.3392145996,127292.575269047,341421.164691901,3518735.05206878
"Sub-Saharan Africa",2050,9247.53378822176,14145.5167442364,59778.7722580953,125838.209516169,326367.43161487,3273168.61804583
"Sub-Saharan Africa",2051,9466.7149415834,14433.1027978836,60479.7143335447,126815.003293153,327735.549528279,3272549.93572412
"Sub-Saharan Africa",2052,9696.80827150408,14737.6918096197,61222.2536830243,127882.517467924,329308.420122318,3273371.07815604
"Sub-Saharan Africa",2053,9939.59955181731,15056.4055945174,62013.659671529,129049.71886616,331055.852336239,3275377.47708341
"Sub-Saharan Africa",2054,10194.8260716779,15390.9718602822,62852.0952336217,130301.53035536,332957.416893745,3278360.25660491
"Sub-Saharan Africa",2055,10461.2610301174,15741.2227658831,63738.1900595201,131631.519104049,334998.372941212,3282271.85059277
"Sub-Saharan Africa",2056,10742.0581306715,16106.4878492197,64682.534012475,133042.439225503,337149.758976627,3286760.06658992
"Sub-Saharan Africa",2057,11033.2980525091,16485.3251436243,65644.4172742055,134518.863243514,339393.505899406,3291717.19866336
"Sub-Saharan Africa",2058,11338.0825214565,16876.1576933487,66615.3840588186,136052.767786621,341728.749515358,3297056.27361377
"Sub-Saharan Africa",2059,11655.4000512041,17285.0803543666,67636.1450898785,137639.834654172,344130.220712077,3302443.48630245
"Sub-Saharan Africa",2060,11985.4443264348,17707.2064107799,68669.235424361,139284.750130265,346584.907139407,3307812.22623093
"Sub-Saharan Africa",2061,12328.5651833214,18148.8118149747,69712.5734692453,140983.218202162,349084.431237648,3312884.76620753
"Sub-Saharan Africa",2062,12686.7650639749,18599.6005999312,70787.566910462,142724.996123862,351605.967424225,3317624.645238
"Sub-Saharan Africa",2063,13056.8343368909,19071.2368080761,71891.769403418,144495.539740661,354118.659520173,3321901.46578085
"Sub-Saharan Africa",2064,13440.7276185905,19560.5301008398,73027.0408166787,146301.621176199,356618.254833545,3325579.46661697
"Sub-Saharan Africa",2065,13840.2494303586,20061.4095369006,74201.1445610186,148147.708710458,359095.875516045,3328401.55393492
"Sub-Saharan Africa",2066,14249.7748840231,20581.2021303729,75460.5673827697,150029.43985532,361546.705189437,3330280.48472444
"Sub-Saharan Africa",2067,14675.6128254734,21116.3915537167,76798.3400657076,151935.553247784,363955.697581976,3331090.47874627
"Sub-Saharan Africa",2068,15115.6973495178,21671.4035220182,78167.7194375891,153867.712509069,366313.552658084,3330848.09673118
"Sub-Saharan Africa",2069,15573.1001642369,22242.5231504772,79576.6779360594,155824.498002674,368606.957087148,3329269.32695049
"Sub-Saharan Africa",2070,16045.7577366271,22829.8172975079,81027.2145019973,157799.568888157,370822.807056364,3326266.0781049
"Sub-Saharan Africa",2071,16496.0704674951,23384.4452709192,82325.5036434836,159421.328713907,372046.967122245,3314137.40805669
"Sub-Saharan Africa",2072,16958.4093916321,23952.6895269706,83650.927030836,161047.72488777,373147.77770226,3300302.96950457
"Sub-Saharan Africa",2073,17435.2687730636,24540.0380680755,85002.4938911958,162684.925460457,374130.533713375,3284665.4567674
"Sub-Saharan Africa",2074,17928.3020289031,25140.1903300847,86385.8288649986,164324.23254835,374989.741905376,3267187.05822527
"Sub-Saharan Africa",2075,18436.7235525802,25760.6433315831,87748.5273416434,165961.407173651,375743.585284622,3247726.87248422
"Sub-Saharan Africa",2076,18960.1033650766,26398.2809410711,89092.7759285179,167583.003248285,376337.830033042,3226169.92647936
"Sub-Saharan Africa",2077,19498.336270877,27049.2773400685,90474.775931307,169192.615642923,376780.218482719,3202386.14134051
"Sub-Saharan Africa",2078,20050.8378441027,27723.6370905956,91864.6529191446,170799.892946674,377062.777424072,3176367.80864986
"Sub-Saharan Africa",2079,20622.9722954965,28415.0501851168,93253.8771726222,172399.92113682,377170.590922812,3148038.78041525
"Sub-Saharan Africa",2080,21213.2848881883,29125.1436572417,94654.3499090062,173999.420632353,377095.062861794,3117219.76106094
"Sub-Saharan Africa",2081,21732.9255516418,29724.4779234561,95296.4747129585,173424.569347533,370306.664225219,3017310.20977539
"Sub-Saharan Africa",2082,22261.0862581253,30346.8933888613,95959.0993566188,172803.422124479,363210.988197851,2913641.38292297
"Sub-Saharan Africa",2083,22802.6666774886,30979.0322928072,96639.2479011012,172131.751870925,355786.551244388,2806060.95385785
"Sub-Saharan Africa",2084,23359.0100684456,31636.7458634722,97383.836449426,171401.162256595,348012.315089222,2694406.99650074
"Sub-Saharan Africa",2085,23928.8696739183,32313.2210662204,98215.0985268332,170608.396518268,339869.932429044,2578393.43704586
"Sub-Saharan Africa",2086,24519.8803173223,33012.1053791719,99072.5788853444,169752.803439024,331337.810610696,2457810.71970417
"Sub-Saharan Africa",2087,25124.4040441022,33727.047402188,99937.9323697781,168841.481376709,322401.297223424,2332506.89837488
"Sub-Saharan Africa",2088,25749.1943886717,34460.8422206402,100812.678069757,167875.840574364,313064.530266249,2202242.26504409
"Sub-Saharan Africa",2089,26389.1335185917,35218.0136452833,101715.830277416,166894.17582625,303274.828806718,2066786.46260515
"Sub-Saharan Africa",2090,27045.6149004781,35998.1599667248,102642.311569,165836.501952663,293014.353779099,1925886.90033151
"Sub-Saharan Africa",2091,27718.1333836614,36801.2562991542,103648.932704934,164680.444922519,282256.945340365,1779325.74778487
"Sub-Saharan Africa",2092,28409.1845165741,37626.5933618469,104704.2007196,163424.508086222,270983.220474907,1626872.23096816
"Sub-Saharan Africa",2093,29116.7808035675,38477.2563487992,105639.796430755,162068.347626294,259158.781574495,1468233.90154474
"Sub-Saharan Africa",2094,29844.7511042615,39351.1453191567,106507.403760361,160598.395044761,246765.313121594,1303196.53896269
"Sub-Saharan Africa",2095,30587.4019510478,40252.8566532933,107384.042043496,159058.229149059,233780.28488714,1131494.43128264
"Sub-Saharan Africa",2096,31348.3023883725,41177.1074895038,108270.087408621,157660.93609181,220177.088977297,952881.628430986
"Sub-Saharan Africa",2097,32130.6035221052,42130.0631108831,109332.819689831,156323.392849485,205934.923102451,767049.113394593
"Sub-Saharan Africa",2098,32935.5783396215,43109.9160794042,110403.621072035,155063.973541221,191022.928904275,573657.255553886
"Sub-Saharan Africa",2099,33763.2582079969,44118.4419220564,111373.967317759,154199.971130449,175409.117130137,372450.383838648
"Sub-Saharan Africa",2100,34614.603767379,45155.4133057385,112303.832227167,153163.504857388,159442.740565632,163149.232466841
"Russia Central Asia",2020,2030.72750786339,10237.5192691266,118034.892404712,626509.234412017,2725591.43330298,34118660.9302998
"Russia Central Asia",2021,2091.87994783642,10538.1911653064,125350.400994495,668413.59282892,2908611.79130222,38066504.9975986
"Russia Central Asia",2022,2190.60373007301,10150.5218928514,123559.004546773,657807.896195097,2861586.38770706,36417921.19925
"Russia Central Asia",2023,2247.97955578445,10711.2734366977,128981.29331547,686837.546740474,2987798.68517309,38417516.8760172
"Russia Central Asia",2024,2365.35417238858,11286.7941655685,135253.002675565,719340.85956459,3126575.78645077,40306740.4018259
"Russia Central Asia",2025,2376.99547074917,11372.9745073399,137179.242680825,729664.690274492,3169453.9072722,40926839.2795569
"Russia Central Asia",2026,2714.22903919134,11714.6862567358,134465.487597375,707458.831257589,3059629.10973774,39437729.5317941
"Russia Central Asia",2027,3062.3069845957,12060.2314332131,131425.5224408,683350.061581359,2944197.03420877,37944723.9621108
"Russia Central Asia",2028,3434.39027663281,12388.5712867822,128376.657055548,658600.266364512,2829895.40586566,36442238.5039788
"Russia Central Asia",2029,3872.60064728992,12692.0499766371,125320.644479238,633851.986175598,2715631.5575649,34941387.0248478
"Russia Central Asia",2030,4318.62267111338,12993.6952498128,122266.528759263,609125.349958282,2601532.01439834,33444659.023608
"Russia Central Asia",2031,4740.13768288306,13240.5296077343,118903.371331335,583131.627833337,2481365.64715519,31868241.1200678
"Russia Central Asia",2032,5161.35810212891,13486.066912672,115576.957250022,557736.648109298,2363175.95964106,30319221.6731583
"Russia Central Asia",2033,5552.92956137229,13727.1123184249,112227.701194947,532797.552917882,2247192.57993106,28801137.2372091
"Russia Central Asia",2034,5912.26106791765,13969.6208998877,108897.49598104,508343.000971507,2131637.03276438,27312305.5323879
"Russia Central Asia",2035,6267.46406800113,14221.7781461642,105612.312811795,484563.247756928,2021362.32035297,25851672.3271384
"Russia Central Asia",2036,6622.91999518508,14626.8012131501,104285.554623446,470160.636434734,1950251.12286662,24868909.3271009
"Russia Central Asia",2037,6980.13574888037,15033.8564115019,102925.017238764,455476.574354628,1878153.21332657,23868036.8672005
"Russia Central Asia",2038,7355.570764208,15457.8326403911,101540.426423471,440494.99700904,1803822.00275364,22851887.923718
"Russia Central Asia",2039,7745.86131599946,15903.0650405947,100142.220564576,425268.654584402,1727881.90148253,21821562.0627678
"Russia Central Asia",2040,8151.6921443343,16358.706378853,98727.8191500797,409774.582869647,1650643.06243798,20775431.3900018
"Russia Central Asia",2041,8573.93094431213,16839.9179520478,97297.3199947562,393993.274793077,1572050.09913898,19712975.4066548
"Russia Central Asia",2042,9013.17673528941,17317.7862389868,95845.5594019606,377857.710103544,1491939.96188104,18631776.3489156
"Russia Central Asia",2043,9470.17198071119,17813.5792660286,94369.1509365364,361391.443692177,1410313.71685275,17529982.370703
"Russia Central Asia",2044,9945.68750080709,18336.4817827999,92864.4495514769,344566.338067107,1326930.17623988,16405576.7485606
"Russia Central Asia",2045,10440.5967346304,18878.2643874426,91330.2956320702,327365.485514394,1241654.07986194,15257828.7706225
"Russia Central Asia",2046,10955.6061364165,19439.0735418154,89770.9987525467,309757.093051325,1154335.43671577,14084681.5888927
"Russia Central Asia",2047,11491.2754791982,20015.6986760686,88172.9426730269,291695.560776188,1064764.53151218,12882776.1056006
"Russia Central Asia",2048,12048.6982169843,20596.216025445,86513.5896273958,273154.863527813,972817.837780988,11650490.4607614
"Russia Central Asia",2049,12629.6027201985,21197.2658859091,84796.1374023687,254104.094291316,878354.335633131,10385966.959827
"Russia Central Asia",2050,13233.1915926866,21832.1574952899,83022.9637256269,234518.758504055,781259.403307468,9087827.60317072
"Russia Central Asia",2051,13540.2295297351,22184.1607176363,83687.2506249257,234648.523895183,778279.289326008,9032755.90372525
"Russia Central Asia",2052,13855.1117488522,22542.7098903343,84362.6216211752,234772.102565634,775210.830849164,8976650.80215226
"Russia Central Asia",2053,14177.8316484587,22893.5335246802,85044.6016678143,234892.33941258,770898.502546144,8918393.11708924
"Russia Central Asia",2054,14508.4689590296,23275.0367223588,85733.6091473219,235022.602482328,766525.249090097,8858414.45662455
"Russia Central Asia",2055,14847.1584407557,23644.2482762661,86419.9398635185,235135.468916049,762199.967151284,8796714.76912783
"Russia Central Asia",2056,15194.1360503951,24042.0103399068,87123.2551278877,235233.042715225,757945.841073724,8733431.15037152
"Russia Central Asia",2057,15549.5995108607,24435.2415841314,87837.6228404885,235321.07147121,753915.659338693,8669040.00196312
"Russia Central Asia",2058,15913.1236123476,24843.0482873763,88558.456057398,235384.786150194,749884.654394769,8602537.82786243
"Russia Central Asia",2059,16284.5003013982,25258.8089269237,89281.6391168556,235425.626679576,745850.145833289,8533918.33290595
"Russia Central Asia",2060,16664.8650405407,25671.2679814576,90000.0592895128,235452.346023664,741864.312615287,8463905.80149661
"Russia Central Asia",2061,17054.3787570363,26113.6388676735,90727.9225312405,235470.313757164,737898.993027149,8392310.7031206
"Russia Central Asia",2062,17452.9624328292,26533.2992378314,91460.6356883973,235496.426979245,733873.267640389,8318172.00583014
"Russia Central Asia",2063,17861.1032981426,26999.2580101522,92200.9105454681,235498.503619489,729807.982858875,8241828.56836905
"Russia Central Asia",2064,18278.8001784667,27436.9159127696,92947.9957837276,235473.863351519,725688.18844841,8163228.01195407
"Russia Central Asia",2065,18706.2732045719,27915.645869896,93700.898556701,235418.712271379,721486.627404354,8082056.13072466
"Russia Central Asia",2066,19143.7939452383,28381.8557665226,94461.0833708463,235364.190931992,717207.157278688,7998545.17961524
"Russia Central Asia",2067,19591.8564704043,28870.8775006959,95231.2421525326,235309.234162401,712856.113686871,7913024.16448016
"Russia Central Asia",2068,20050.4041443654,29366.6567343022,96008.2038740667,235223.857924977,707657.429668656,7824926.80677367
"Russia Central Asia",2069,20519.6239333436,29863.6969518512,96789.4634384956,235081.869783073,701739.490140294,7733646.58954107
"Russia Central Asia",2070,20999.8852109359,30384.2290553293,97598.146726898,234870.847267293,695596.449973837,7639299.86953138
"Russia Central Asia",2071,21491.1659102383,30893.1833814558,98437.3900615193,234665.390001125,689218.90272212,7541815.46566621
"Russia Central Asia",2072,21994.0426738453,31440.4586027906,99267.4162053389,234429.249783669,682631.932290948,7441616.63397325
"Russia Central Asia",2073,22508.8694144849,31968.9865926641,100109.532118613,234168.053537701,675855.39164909,7339114.22466123
"Russia Central Asia",2074,23035.6836399964,32536.4801567081,100957.898564077,233864.882346706,668824.577800284,7233095.33303054
"Russia Central Asia",2075,23574.9352054319,33092.193971709,101795.410949351,233527.417597911,661566.173942154,7124068.37904097
"Russia Central Asia",2076,24126.7799502405,33671.6306871564,102635.083848758,233149.365461173,654063.031676928,7011606.94325671
"Russia Central Asia",2077,24691.5546467617,34260.501297626,103481.766799537,232683.939562127,646416.253698372,6895614.72068591
"Russia Central Asia",2078,25266.1481412034,34854.0193823414,104438.613456742,232162.958906218,638495.674323269,6775845.44162125
"Russia Central Asia",2079,25803.6284384392,35473.5936530351,105464.194975852,231651.651092061,630329.660373944,6652417.39533962
"Russia Central Asia",2080,26326.9043033531,36084.6176951522,106504.81273761,231099.887118898,621991.076426752,6525432.46259598
"Russia Central Asia",2081,26682.6730588516,36489.7190765668,106753.915950858,227564.79012769,602055.177741913,6251876.61910874
"Russia Central Asia",2082,27053.191269827,36903.7521509762,107001.268637556,223972.099929512,581822.226308316,5974409.16141694
"Russia Central Asia",2083,27426.2795353572,37301.3774292564,107246.75210517,220317.530900017,561274.303594112,5692618.61729988
"Russia Central Asia",2084,27796.5625378895,37725.5428678371,107543.631897353,216597.242008668,540420.57147271,5406319.37755806
"Russia Central Asia",2085,28180.8244324599,38144.7851417094,107903.208619432,212811.059275872,519259.646231736,5115505.92464546
"Russia Central Asia",2086,28573.2592862932,38577.7202208615,108259.219409589,208957.637430209,497761.35630186,4820141.00341667
"Russia Central Asia",2087,28962.188169061,39010.0543217009,108613.005643989,205021.15646808,475939.54077704,4520420.70819374
"Russia Central Asia",2088,29364.323496561,39439.5952640939,108963.2025432,201012.84084765,453779.292747746,4215963.14409201
"Russia Central Asia",2089,29772.5500750417,39891.0058616636,109309.090774265,196936.204493763,431295.437438974,3906683.95718352
"Russia Central Asia",2090,30183.6297010388,40345.0488617826,109649.766110229,192822.73474082,408446.877372021,3592442.61821217
"Russia Central Asia",2091,30602.156940717,40800.7910378225,109986.090370494,188730.030493838,385232.869226223,3273183.65262483
"Russia Central Asia",2092,31027.6934669981,41258.6213317315,110316.49840789,184563.701962355,361645.237170154,2948806.55638307
"Russia Central Asia",2093,31458.2613824586,41727.1195998148,110640.911652682,180322.699453407,337679.635043793,2619227.50513512
"Russia Central Asia",2094,31895.6206958831,42204.6350175999,110960.699389435,175978.33502385,313348.339782702,2284606.93011819
"Russia Central Asia",2095,32337.2002346807,42680.0311379896,111274.131092991,171555.047282646,288630.24210461,1944621.70992488
"Russia Central Asia",2096,32784.2033827539,43162.5318024026,111579.734372383,167013.007807814,263517.609386076,1599196.51491871
"Russia Central Asia",2097,33235.6944527419,43654.4774675405,111818.186194832,163104.811351849,237989.129627223,1248404.06520722
"Russia Central Asia",2098,33690.9704221052,44149.5208223361,111988.301757333,159707.125278925,212077.776091549,892139.587698777
"Russia Central Asia",2099,34151.2812171384,44648.6873486375,112149.917771966,156494.199419738,185778.930606948,530323.560389468
"Russia Central Asia",2100,34614.603767379,45155.4133057385,112303.832227167,153163.504857392,159442.740565632,163149.232466844
"East Asia",2020,1693.50111654394,9172.66578148595,79422.8518102186,278890.542039797,1122588.0355097,15056527.240921
"East Asia",2021,1795.34805318867,9830.23460110117,85609.019417635,289534.16384536,1266268.35692267,16763121.8268855
"East Asia",2022,1816.49957268322,9990.84714795502,87268.5550335996,294630.931188585,1302420.73440436,18245094.3201081
"East Asia",2023,1925.04002977715,10707.2392882369,93643.5999169206,314682.02339059,1411785.45935976,19757277.6208839
"East Asia",2024,1947.94611260357,11024.9382381531,96854.2389242261,324866.312889896,1464096.66128648,20445615.4888246
"East Asia",2025,2059.49521641921,11645.8212551317,101228.407189868,334735.128044443,1534580.55016976,21550478.8767515
"East Asia",2026,2352.58233656157,11802.7020563282,99725.6214059122,326655.229065933,1492201.83014981,20924101.3540591
"East Asia",2027,2645.10618797809,11953.7095845011,98174.3446633327,318258.844160904,1448656.01308456,20276629.6152655
"East Asia",2028,2939.73115880209,12110.8041966321,96619.2014598318,310113.056629664,1405280.41191556,19630458.7332343
"East Asia",2029,3235.57896439659,12275.493481266,95044.9975506826,302560.297949136,1360890.77799092,18982175.1426601
"East Asia",2030,3532.96948983562,12427.2668602331,93367.5474937017,295089.785696362,1315148.51663877,18332700.5866715
"East Asia",2031,3821.9134920095,12557.3974759367,91633.3121006195,289490.694963558,1267945.70530295,17652193.794625
"East Asia",2032,4110.92028040964,12686.719098795,90271.161119357,283658.119622665,1220927.54370508,16972738.4982374
"East Asia",2033,4400.13939062523,12820.163452299,88970.2013769874,277179.802956024,1174016.69175265,16294733.195215
"East Asia",2034,4689.86105330883,12964.8959672129,87555.9703995759,270502.245484758,1127181.69664229,15617825.5078599
"East Asia",2035,4980.05791286058,13119.5394043666,86154.3001144637,263847.782743783,1080088.23007431,14941888.4772935
"East Asia",2036,5272.38736190329,13249.2569799085,84572.2200333361,255691.781335791,1032658.61427851,14258510.6769644
"East Asia",2037,5571.00160345647,13384.6755490816,83096.131827316,247798.860640189,986257.609974478,13588479.3073197
"East Asia",2038,5873.21580355277,13523.5182540662,81854.9342072566,239894.591260005,940654.923147758,12921143.6387786
"East Asia",2039,6179.58649240421,13674.0532141633,80945.7032040789,231994.796621162,895319.339051611,12255745.6541043
"East Asia",2040,6490.44947368199,13843.0362722906,80054.339440859,224155.206097089,850102.22940887,11591428.1534476
"East Asia",2041,6806.18431095013,13999.645131801,79178.5632598175,216110.238127715,804920.221801552,10927020.1404699
"East Asia",2042,7128.62616484527,14138.9160043846,78105.2017378481,208601.418053973,759696.840952118,10261481.2157846
"East Asia",2043,7458.29153321177,14286.9218715162,76557.9146474013,201643.450807302,714374.662550258,9593908.29280824
"East Asia",2044,7793.72638835985,14445.6418358489,75174.2182659883,194585.885052083,669187.336634987,8923255.05968647
"East Asia",2045,8135.04651586709,14611.187121987,74027.3902408676,187574.300965997,623624.939876218,8248368.7846326
"East Asia",2046,8481.82380768115,14788.1591639391,73173.593087883,180569.563922882,577476.278072453,7568225.79720061
"East Asia",2047,8834.63818288497,14976.3639802463,72703.5331042798,173059.823819654,530946.608971452,6881776.88499948
"East Asia",2048,9194.83587983588,15169.374243457,71628.8023408376,163580.664070586,484210.855384131,6188109.18363419
"East Asia",2049,9562.56306634999,15368.317070741,70155.9152766749,154833.989390329,437999.764877642,5486205.12484535
"East Asia",2050,9938.39590983069,15576.0956072319,69440.7817018343,148184.81780562,391704.321423444,4775229.77524276
"East Asia",2051,10259.0612994276,16038.8716814174,69826.4628523477,148388.025858278,394570.995418548,4810853.20628136
"East Asia",2052,10587.0424205087,16510.8494156699,70504.0440153339,148614.683280301,397646.351454937,4844676.29516155
"East Asia",2053,10922.5290970329,16992.5577805367,71471.4961784858,148862.516863307,400703.419889858,4876749.63719352
"East Asia",2054,11265.7206646899,17484.463316385,72475.7693344384,149758.066889161,404008.981611302,4906974.99717181
"East Asia",2055,11616.8286747977,17986.448790286,73249.6820595664,151102.502433853,407504.045051916,4935262.50392647
"East Asia",2056,11975.8717036789,18498.9267649624,73837.0157957597,152454.863227088,410837.898801728,4961733.59463579
"East Asia",2057,12343.7948149673,19022.3076360078,74274.6301012193,153560.772644947,414132.052011027,4986326.47448237
"East Asia",2058,12720.0871476396,19556.3545076082,74834.4606681013,153934.655815459,417504.177660568,5008823.79823034
"East Asia",2059,13105.6141795123,20101.6518848189,75599.0212535394,154167.62860332,420400.743285506,5029167.22190828
"East Asia",2060,13500.2990853668,20659.0871861361,76610.8927437711,154346.278435125,422966.704400575,5047418.39319397
"East Asia",2061,13905.0012251851,21228.8455558509,77581.2391595713,154532.987445548,425436.955149393,5063572.00722902
"East Asia",2062,14319.4625389238,21811.6619337395,78206.3256821178,154875.41184948,427207.122864486,5077537.0960469
"East Asia",2063,14744.7383593574,22407.8208474357,78813.8012030627,155339.746113943,428813.182986614,5089220.38781886
"East Asia",2064,15180.2865847725,23017.7309244307,79426.1536250323,156569.459640273,429433.206096011,5098686.8706205
"East Asia",2065,15627.3430485484,23641.7402732187,80551.8715741534,157679.08349745,429882.119107485,5105881.43645916
"East Asia",2066,16085.294128535,24280.0740846583,81729.6885770633,158446.906368563,431483.529989311,5110469.48299786
"East Asia",2067,16554.8843977371,24929.4747298458,82880.7199873211,159032.686652163,433442.557653305,5112349.62650706
"East Asia",2068,17036.6011236563,25560.5471275193,83924.6099376637,159384.548758448,435361.562922955,5111477.76551431
"East Asia",2069,17530.3416534288,26194.5401672892,84956.1695685398,159873.936285079,437064.045874724,5107718.14822683
"East Asia",2070,18036.8933074364,26836.7263303454,86012.9822065503,160676.181439892,438581.950546467,5100839.82459062
"East Asia",2071,18556.4190089018,27492.4970272871,87266.4518039439,161690.03454691,440177.651504873,5090829.19920941
"East Asia",2072,19089.0403073509,28150.0783659217,88321.2789822137,162812.823941765,441611.579246928,5077437.57820955
"East Asia",2073,19635.5494605541,28823.2980730587,89295.167950825,163494.715034806,442950.566378188,5060539.46528819
"East Asia",2074,20195.3581979023,29512.7722735856,90668.4535872762,164133.103892263,443367.155750193,5039945.62721751
"East Asia",2075,20769.2202249721,30210.9478937766,92081.986694182,164623.708027595,443445.096349069,5015510.54265557
"East Asia",2076,21357.9369342036,30912.2052299995,93535.6420776719,165527.904545933,443313.63238216,4987239.11300143
"East Asia",2077,21961.0255329799,31627.8145182423,95051.8153822479,167019.687885145,442956.529966458,4954835.34049453
"East Asia",2078,22578.7790879367,32361.7428267488,96810.3136939558,168466.158014637,442368.932329164,4918199.96568543
"East Asia",2079,23212.2693507454,33109.0267497407,98335.1017255268,169852.507995075,441948.848987812,4877017.97302992
"East Asia",2080,23861.3578097989,33866.1706536895,99568.887493645,171393.863946032,441278.856404494,4831120.94119754
"East Asia",2081,24318.3602415026,34346.5917308044,100037.318094988,170776.019372958,430983.830923211,4656544.16070117
"East Asia",2082,24784.9699094047,34836.7469096725,100579.557360837,170122.142932089,420239.715048343,4476624.93258563
"East Asia",2083,25260.0039236765,35339.419066061,101170.934605164,169419.501261292,409125.955215275,4291240.93106731
"East Asia",2084,25744.8738858447,35846.5226642162,101874.80636342,168510.52052782,397671.890591211,4100226.38151352
"East Asia",2085,26238.7116117368,36358.1650374152,102592.158340792,167414.814198354,385867.859969715,3903482.53232334
"East Asia",2086,26742.3608586151,36880.891168215,103252.420706356,166307.47966845,373698.29552511,3700945.34546724
"East Asia",2087,27254.7703907903,37410.4723582031,103920.722248688,165180.017110983,361152.542422931,3492495.84827223
"East Asia",2088,27777.6881420041,37947.7489490131,104540.51239902,164044.832403537,348223.182903749,3277948.62713194
"East Asia",2089,28311.3023384839,38497.3416557042,105175.783840643,162992.234816554,334988.977733035,3057161.35916698
"East Asia",2090,28856.0848804971,39056.5661482125,105919.918833123,162085.117396391,321140.842392722,2829930.48434164
"East Asia",2091,29411.6092800245,39624.9753517135,106695.553473038,161184.433559106,306867.557810047,2596057.68123917
"East Asia",2092,29978.8288070463,40198.3727034975,107300.281503571,160256.540280224,292207.610578152,2355427.14415977
"East Asia",2093,30557.4535375714,40783.9487344837,107851.108737564,159443.796522388,277142.203214626,2107806.48749009
"East Asia",2094,31147.7232397151,41376.4379097979,108192.790199218,158682.039069044,261624.366997505,1853024.40958668
"East Asia",2095,31723.8893746143,41983.3597072782,108638.671483512,157903.820464686,245678.029442393,1590865.8893185
"East Asia",2096,32283.9795329152,42598.2278618916,109380.384492365,157070.948812668,229305.92721168,1321171.5873261
"East Asia",2097,32852.5851001251,43220.5010098057,110153.689840493,156220.567373615,212492.818009284,1043733.95581943
"East Asia",2098,33430.3143562996,43855.6716936583,110928.877065164,155269.485093128,195228.156172844,758377.557854308
"East Asia",2099,34017.781237047,44499.4959093535,111662.238364097,154195.034318715,177499.292862981,464899.607302667
"East Asia",2100,34614.603767379,45155.4133057385,112303.832227166,153163.504857392,159442.740565632,163149.232466844
"South & South-East Asia",2020,1179.40665405188,2701.99404168117,46910.4214173741,174620.645886788,604949.491687933,9278307.73397903
"South & South-East Asia",2021,1205.03287420851,2775.38491077074,47532.921976415,180815.645908912,643891.59850308,12053352.6450704
"South & South-East Asia",2022,1237.31750886859,2900.57582955668,47873.9673680947,195122.487998479,725483.594084534,13171254.7416688
"South & South-East Asia",2023,1283.12809443124,3035.68684340375,50316.733449137,204187.689462507,757598.6158081,13652853.3436596
"South & South-East Asia",2024,1329.6028607976,3170.41780041885,52984.4830540566,213915.306491713,793545.32340192,14647045.1948694
"South & South-East Asia",2025,1375.94401648812,3308.85230770537,55196.6374538583,222345.850002127,824652.177488324,15610173.7339142
"South & South-East Asia",2026,1571.88411250842,3591.82929505885,56694.1339287062,227249.887714698,838565.345100438,15891767.3579441
"South & South-East Asia",2027,1776.12730877887,3874.21924121951,57891.3337648059,230915.018493853,846861.689508052,16062666.4362496
"South & South-East Asia",2028,1991.61732709367,4175.75588482543,58939.743601277,234074.8818699,851631.462382417,16227393.4062691
"South & South-East Asia",2029,2219.4805100614,4492.76048640259,59808.0509059715,234526.308439604,853952.008093588,16364993.1180707
"South & South-East Asia",2030,2461.97526787908,4823.63339339925,60278.1924622953,234616.345238408,855656.920581421,16474422.4917237
"South & South-East Asia",2031,2712.50628490479,5157.26634953553,60729.8445027688,235191.959137655,852426.513266391,16500226.005719
"South & South-East Asia",2032,2979.26918081449,5511.83566047497,61479.4831398401,235834.972213021,847841.286243903,16501435.1084207
"South & South-East Asia",2033,3262.97393902541,5888.2391812829,62232.0930146683,236515.328141566,841072.663037637,16477658.894067
"South & South-East Asia",2034,3564.9475970123,6283.28823371995,62959.9760181573,236902.3057293,830772.412041681,16425215.3394289
"South & South-East Asia",2035,3883.99698420109,6695.92536203252,63639.9994918404,236774.89309081,818951.588309266,16338939.9491102
"South & South-East Asia",2036,4221.49025941412,7128.21391577889,64257.5771434515,235942.681867264,808601.092636882,16206956.5568565
"South & South-East Asia",2037,4585.52684313112,7594.0071901567,64919.8603466533,234970.04692651,797667.789047464,16058170.9502565
"South & South-East Asia",2038,4971.94202141248,8085.73872776791,65522.7223929314,234136.614659407,786732.854730024,15865114.6050397
"South & South-East Asia",2039,5383.67577963298,8601.59737287362,66125.1002398801,232634.625473141,774357.812388923,15628172.1257309
"South & South-East Asia",2040,5819.70507040536,9145.50258306171,66662.2974312158,230243.930532699,760189.080885909,15345026.2843351
"South & South-East Asia",2041,6284.59547693281,9723.79436026862,67110.148497836,227314.045952616,743976.01263434,15012081.8158185
"South & South-East Asia",2042,6777.88459497343,10334.2668988616,67486.268087191,223760.254673287,724878.387222058,14624586.1165771
"South & South-East Asia",2043,7301.52145875681,10979.4272974352,67795.8453896735,219591.682966132,703422.8344001,14178956.8372031
"South & South-East Asia",2044,7857.2515789799,11661.0583236299,68026.3447211256,214810.633089369,679569.505056599,13670871.1805996
"South & South-East Asia",2045,8447.17891233811,12386.2260008096,68172.5374213729,209344.175080878,652930.384645213,13095662.4535582
"South & South-East Asia",2046,9074.44579482882,13152.0618645016,68228.6394056354,203134.019275152,623413.529237947,12447809.7833619
"South & South-East Asia",2047,9741.42400034532,13958.5688693529,68183.4717771269,196132.686850575,590689.017758197,11721677.9992453
"South & South-East Asia",2048,10450.7456388716,14813.9650756099,68015.9056606505,188285.573982694,554491.742105302,10912091.7943634
"South & South-East Asia",2049,11203.8432431475,15717.6617203444,67667.3087094459,179518.230093487,514537.910801816,10012086.3049291
"South & South-East Asia",2050,12004.1688298155,16668.9250998582,67111.3681913125,169823.978704895,470952.159766065,9015244.22958029
"South & South-East Asia",2051,12288.7085201849,17038.2919003,68084.0146261635,171306.876766678,473754.520283317,9044692.84275318
"South & South-East Asia",2052,12584.7391947387,17424.3251081217,69117.1068781893,172915.737048325,476711.527413471,9075713.30695763
"South & South-East Asia",2053,12896.1736676174,17828.5990656199,70206.5386690021,174630.100389503,479889.23558609,9107717.42409251
"South & South-East Asia",2054,13217.6745572717,18248.854192706,71348.2173769661,176439.217253867,483181.172183851,9140290.23202432
"South & South-East Asia",2055,13554.1262928416,18688.9377875411,72539.3433347179,178322.971488078,486551.216283807,9172901.88149855
"South & South-East Asia",2056,13903.1676227958,19144.785784099,73773.7576954327,180273.742813513,489977.402645444,9205167.99531528
"South & South-East Asia",2057,14264.3413758521,19614.2182634742,75050.8075358324,182283.516260459,493440.146551525,9236760.97504886
"South & South-East Asia",2058,14639.881807643,20103.6888955686,76367.6500813032,184330.943497377,496903.641051632,9267175.43003676
"South & South-East Asia",2059,15025.6129860598,20609.6973802566,77721.9707352996,186417.338109877,500221.143331539,9295981.44206985
"South & South-East Asia",2060,15426.6206175067,21128.3727262857,79113.6449066694,188541.545222192,503487.737495054,9322744.4481253
"South & South-East Asia",2061,15839.6684638844,21666.387512429,80542.469935886,190742.114709627,506710.707655895,9347286.14382185
"South & South-East Asia",2062,16264.7647912134,22223.6869256152,81993.9457648316,192993.721949443,509883.686861811,9368886.69256675
"South & South-East Asia",2063,16705.9023129501,22793.5849084483,83450.0142255158,195264.5239669,513016.29236262,9387524.61344057
"South & South-East Asia",2064,17158.2466583455,23382.2795874434,84939.4156831305,197529.207472153,516057.104828815,9402643.00398475
"South & South-East Asia",2065,17623.4758292682,23989.1199041214,86433.8937754301,199809.472362264,518989.982764453,9414130.77074223
"South & South-East Asia",2066,18103.6878357058,24610.1264644008,87944.3446863912,202093.345372319,521789.048547076,9421358.60803084
"South & South-East Asia",2067,18595.0610815778,25249.6667215614,89481.063449396,204376.016871099,524444.922806504,9424074.44749586
"South & South-East Asia",2068,19101.0402751239,25908.9726245487,91046.7337346158,206658.334113116,526950.38865039,9421924.77131611
"South & South-East Asia",2069,19621.4009397752,26583.8527744131,92635.5763804498,208949.112102458,529284.753798031,9414564.69189408
"South & South-East Asia",2070,20155.8984911362,27276.2067848679,94247.5166011147,211235.468920527,531432.381605823,9401881.28992303
"South & South-East Asia",2071,20707.1572781797,27990.4355548838,95886.3450257412,213509.671038168,533372.817962835,9383262.70691848
"South & South-East Asia",2072,21269.7243354098,28720.3768827556,97565.9866301269,215769.155742144,535085.056690196,9358982.5947766
"South & South-East Asia",2073,21850.4913412231,29469.752241087,99273.6730623573,218016.148187558,536558.65814944,9328297.4910167
"South & South-East Asia",2074,22445.1044524574,30242.6761679737,100999.331979832,220247.768071992,537780.744282869,9290850.79544892
"South & South-East Asia",2075,23056.930568965,31028.6364743574,102743.412087338,222458.331836219,538749.82783804,9246709.44268485
"South & South-East Asia",2076,23630.5614280298,31774.6293449995,104273.74438472,224171.293324596,538457.685872929,9176594.83640721
"South & South-East Asia",2077,24223.6049987437,32538.5777695186,105811.20817158,225863.658230069,537906.725036641,9099762.1642963
"South & South-East Asia",2078,24828.1954153854,33317.0301075341,107363.154563799,227512.769993241,537072.979822641,9015798.65746836
"South & South-East Asia",2079,25450.6290212439,34119.0901494258,108937.872251884,229126.775078626,535953.703632092,8924110.87241587
"South & South-East Asia",2080,26086.4738598607,34938.4313755017,110537.7686521,230702.703585674,534520.642036214,8824476.84017887
"South & South-East Asia",2081,26428.5207925046,35347.4126713122,110392.133592992,227457.606603865,519109.981628643,8458883.32067351
"South & South-East Asia",2082,26777.8942595825,35767.6005479149,110319.730688071,224179.633990227,503438.349138136,8088100.33037362
"South & South-East Asia",2083,27138.4933703423,36194.5057442187,110276.090388923,220860.483717659,487501.042924448,7711614.76900354
"South & South-East Asia",2084,27507.4392171963,36636.11722143,110247.034247209,217464.021888305,471274.332367372,7328968.55536375
"South & South-East Asia",2085,27882.7818756442,37087.1778996673,110239.006955463,214000.619894707,454739.272190999,6940100.07964423
"South & South-East Asia",2086,28269.0772266046,37548.4218414169,110265.430637644,210474.518174107,437871.452702352,6544790.70313947
"South & South-East Asia",2087,28663.2790183671,38020.6028615046,110337.632754372,206884.174735104,420644.418760707,6142661.80914213
"South & South-East Asia",2088,29067.5336626424,38503.96208144,110428.222732085,203226.618355109,403068.885007802,5733456.81702302
"South & South-East Asia",2089,29478.3129229257,38996.2599302017,110556.592413661,199477.872525247,385024.251328317,5316899.62409214
"South & South-East Asia",2090,29898.9083923211,39500.9286807908,110702.677023839,195520.687268516,366598.90467076,4892513.03665992
"South & South-East Asia",2091,30328.3030846023,40016.2585506555,110858.655465025,191539.200856937,347793.780938375,4460093.50663467
"South & South-East Asia",2092,30767.7686952245,40540.926927328,111020.565017513,187470.500765203,328594.449278093,4019677.46486465
"South & South-East Asia",2093,31215.1777830445,41078.2465488156,111256.855151156,183194.573404642,308970.470751515,3570665.74929117
"South & South-East Asia",2094,31671.5357379362,41626.7049280174,111494.455485767,178755.902843759,288925.049098577,3112748.29765729
"South & South-East Asia",2095,32137.9422146024,42186.1825105629,111680.496124801,174235.158819184,268483.990414402,2645764.99796328
"South & South-East Asia",2096,32613.9413312736,42756.7386689238,111848.100702349,169788.70269319,247592.383090302,2169354.82879785
"South & South-East Asia",2097,33099.1585675754,43338.9234949473,112007.006344536,165580.011033871,226232.303387264,1683158.28434305
"South & South-East Asia",2098,33594.3691767798,43932.4088990329,112152.812778145,161571.435070734,204406.035613831,1186929.64990948
"South & South-East Asia",2099,34099.1945830512,44537.844192454,112241.679056253,157456.12977767,182062.464607447,680318.123769255
"South & South-East Asia",2100,34614.603767379,45155.4133057385,112303.832227166,153163.504857392,159442.740565631,163149.232466844
"DE",2020,13642.4882121488,32787.4450538962,166312.019795476,561945.147528703,2068131.11226188,12881815.5310083
"DE",2021,13843.117919581,33730.160594986,170323.932288562,591140.797435072,2062205.25855715,13036441.1709709
"DE",2022,14105.8131078464,34182.0743611674,174465.404209734,608122.295134386,2154720.11047741,13359476.6883761
"DE",2023,13953.4204231387,33719.5322729095,171392.44085719,597309.779128617,2133655.37346946,13117057.7366198
"DE",2024,14188.1762942993,34488.3744592403,179172.066522485,625087.470701388,2233667.6938777,13735074.2432467
"DE",2025,14427.2903416483,35069.6087653541,182191.662354212,635622.101225159,2271311.80765506,13966552.1389831
"DE",2026,14961.0832379916,35325.5523163986,180334.487959669,622579.142248064,2214020.31552073,13592377.0062693
"DE",2027,15493.0887686078,35567.5319028091,178375.337780041,609119.79756317,2155142.25359344,13208243.7813182
"DE",2028,16027.4848107073,35806.0699576529,176369.999995774,595441.010677683,2095385.13726104,12818510.7647674
"DE",2029,16573.3581686362,36061.2636118782,174416.790711714,581873.236369162,2035909.38114569,12430271.6486975
"DE",2030,17131.2143412059,36332.9756511433,172510.817769531,568390.799229573,1976609.22600002,12042847.4092085
"DE",2031,17752.4436003192,36726.3634315708,171137.9275624,556564.170190992,1922893.84042494,11689084.4599413
"DE",2032,18393.3533734542,37144.544622326,169823.332544319,544795.693428638,1869149.86194111,11334661.5124684
"DE",2033,19050.0086693716,37578.1273151094,168518.77032287,532918.084720117,1814781.29904483,10975917.386759
"DE",2034,19722.5209547417,38026.3835207788,167217.402545047,520901.191762761,1759670.15975111,10612105.5495801
"DE",2035,20415.0383367986,38496.2691237262,165945.797898241,508817.999313098,1704045.16733413,10244566.743908
"DE",2036,20979.145223667,38712.6269884107,163536.403411761,493134.677617352,1636156.78683532,9802850.35561916
"DE",2037,21575.2574787348,38981.2775850339,161320.641314763,477966.166272405,1569846.39009615,9370301.31252728
"DE",2038,22177.474348924,39253.2175943241,159086.631247535,462661.210921882,1502929.95800574,8933783.03902034
"DE",2039,22792.5544411585,39540.023278925,156879.667091287,447347.252478217,1435813.10957861,8495687.78477003
"DE",2040,23421.0877484814,39841.8800200074,154696.891227004,432006.45214803,1368419.29095083,8055518.57555677
"DE",2041,24064.0704447818,40159.6439070388,152537.961707577,416627.752418474,1300692.93242417,7612900.8189441
"DE",2042,24721.6712207283,40492.7590102879,150397.034898283,401184.679019406,1232529.52307083,7167171.5707175
"DE",2043,25393.0130609455,40839.0348898736,148262.551838653,385636.536253834,1163783.04102548,6717431.69469708
"DE",2044,26077.4692801852,41196.8383426184,146125.691654185,369951.857905041,1094339.91893596,6262980.54418316
"DE",2045,26776.8391931732,41568.4209250903,143991.658491219,354135.426707856,1024195.47878768,5803744.76748111
"DE",2046,27490.8814176803,41952.7716818033,141853.902390304,338161.718252892,953254.161125471,5339127.84635043
"DE",2047,28220.1123161444,42350.0893634915,139710.223699394,322016.401350277,881453.919084214,4868726.05290733
"DE",2048,28963.1898803572,42757.8211068598,137549.529990674,305665.246781825,808679.714424176,4391846.90539764
"DE",2049,29720.9232442547,43176.7067036126,135371.910362093,289100.833041558,734892.440947494,3908224.1559838
"DE",2050,30494.2461474265,43607.6214948528,133177.646119383,272315.354673633,660049.903960863,3417569.04959663
"DE",2051,30579.4028991625,43658.4709143979,132964.067392662,270586.241305407,652269.444039922,3366445.53254248
"DE",2052,30665.1362951469,43710.0086918279,132751.882261659,268857.494645339,644482.977374344,3315270.0924512
"DE",2053,30749.7513785122,43759.8194945551,132533.75852387,267114.277088839,636654.970230115,3263860.04409162
"DE",2054,30833.3686736203,43808.0830043905,132310.283041583,265357.92216247,628789.025741602,3212235.16344653
"DE",2055,30916.1986602793,43855.1053427315,132082.417386008,263590.489507058,620890.395737017,3160423.42695409
"DE",2056,30999.5388385276,43902.7301381147,131855.730458928,261823.150540911,612985.559182764,3108560.12777234
"DE",2057,31083.8433451403,43951.5967092492,131632.122162292,260059.605882986,605082.974195398,3056687.51503261
"DE",2058,31167.5949723911,43999.557324899,131405.147316414,258287.076114647,597152.774652401,3004654.29889249
"DE",2059,31252.5918456673,44049.1507825965,131182.39000971,256520.475313422,589229.46160747,2952634.13968598
"DE",2060,31338.5045793491,44099.905847157,130962.410026324,254756.85486639,581305.877730565,2900589.94733397
"DE",2061,31424.9149559582,44151.2294790165,130743.422347526,252992.656379665,573373.652230043,2848479.14759648
"DE",2062,31512.6487468312,44204.2774071753,130528.825786024,251234.371368674,565447.246928209,2796372.77739157
"DE",2063,31600.6612769322,44257.5784355618,130314.245461964,249473.468247804,557507.132284449,2744173.18933164
"DE",2064,31690.0710439922,44312.6954668605,130104.264235128,247718.651285739,549572.554896701,2691974.44757868
"DE",2065,31779.7095283566,44367.9886208698,129894.035839651,245960.57840161,541622.446670027,2639672.22471696
"DE",2066,31869.8523459767,44423.8413452982,129684.675724697,244201.335611181,533661.322760042,2587288.26541767
"DE",2067,31960.1465095144,44479.7598370166,129474.732912583,242438.156070303,525683.032354805,2534792.39998196
"DE",2068,32051.6277048769,44537.1830141592,129268.382691356,240678.809328422,517704.275000131,2482264.65476802
"DE",2069,32144.1801287152,44595.9432504605,129065.102602933,238922.190203089,509722.269466465,2429690.31995937
"DE",2070,32237.5950699982,44655.7452757592,128864.007495398,237166.546948301,501732.931351942,2377048.73540236
"DE",2071,32331.5187810553,44716.0950719405,128663.650271162,235409.136548549,493730.211745979,2324310.39231411
"DE",2072,32425.5746767846,44776.4701604552,128462.518745741,233647.159390607,485708.136985506,2271446.81297425
"DE",2073,32520.0686486201,44837.2922767204,128261.819258486,231882.796101811,477671.198160237,2218478.85232136
"DE",2074,32615.1939138725,44898.8254346036,128062.294178779,230117.3406605,469621.909605269,2165417.65056955
"DE",2075,32711.8206945968,44962.2625581453,127867.318765899,228356.755907206,461572.117192409,2112316.67023538
"DE",2076,32809.2050842547,45026.5740239567,127673.926330882,226595.598574309,453510.357200899,2059121.77868473
"DE",2077,32906.5114171512,45090.6108205734,127478.847098692,224828.021219713,445424.784930505,2005778.67840977
"DE",2078,33005.7907187192,45157.1804529893,127290.002399616,223067.933870606,437342.764086876,1952409.87131428
"DE",2079,33107.2085855302,45226.4975967727,127107.932749374,221316.038467342,429264.876037847,1899014.98558391
"DE",2080,33210.2267311287,45297.8155470927,126930.477639722,219568.337488675,421182.598387164,1845553.41817907
"DE",2081,33265.784641081,45269.7585203035,126285.679689068,216290.958436928,407798.241955655,1759824.72432822
"DE",2082,33322.8022513624,45243.8791277858,125648.001453064,213029.781422998,394457.722543513,1674336.79405977
"DE",2083,33381.2242026309,45220.08732211,125017.111332416,209783.930121538,381158.365375621,1589074.11520387
"DE",2084,33440.7345840933,45197.9417355464,124391.715444207,206550.94824709,367894.742776446,1504010.17286908
"DE",2085,33502.0066361698,45178.3389088038,123774.207473132,203334.523814361,354672.443180722,1419163.78477849
"DE",2086,33563.8375256717,45159.643080623,123160.030350364,200126.875248183,341476.872576724,1334472.27229526
"DE",2087,33627.2956420963,45143.2822502322,122553.026008497,196934.039344472,328317.611313226,1249969.98547645
"DE",2088,33693.582315656,45130.8496849666,121957.411918385,193762.368145244,315203.746744152,1165684.92588047
"DE",2089,33762.0848605551,45121.5000740051,121370.766927974,190607.473070407,302126.20268603,1081574.81304359
"DE",2090,33831.4356536091,45113.3889883044,120788.037046708,187461.048197028,289070.479877228,997581.582697656
"DE",2091,33901.9990809271,45106.9928835243,120210.445278753,184324.781102506,276038.410353024,913707.901306371
"DE",2092,33975.4345103883,45104.5031708207,119643.740097632,181207.118225665,263041.280341708,829984.466494293
"DE",2093,34051.368040266,45105.398576789,119086.399310234,178105.191526274,250072.817120075,746380.849867415
"DE",2094,34128.1240365913,45107.4419461201,118532.417811388,175009.620139973,237118.331766923,662845.299899083
"DE",2095,34206.8938200826,45112.196770011,117985.841720467,171926.123991514,224184.596993563,579391.470747998
"DE",2096,34285.6398587143,45116.9639515402,117439.544233561,168844.041419484,211256.63226144,495974.594496209
"DE",2097,34365.1265938308,45122.7471083935,116896.124648309,165767.055524029,198338.832795894,412603.743734546
"DE",2098,34446.5179232385,45131.064470132,116359.459410894,162700.429121082,185436.557376628,329284.327747658
"DE",2099,34530.1431137373,45142.3299407491,115830.516367329,159645.103380338,172549.204883565,246004.530600031
"DE",2100,34614.2350962377,45154.2191914514,115303.25083923,156592.410636009,159666.020565442,162739.630494869
"DK",2020,27277.9834488305,43146.2459580118,113884.199914447,370883.813407966,1788279.82126496,20740249.7477981
"DK",2021,29042.2230315073,45708.4767984,124552.580547342,408346.152112144,2014063.51804144,23842023.0899867
"DK",2022,28317.7162030143,46465.6908698784,125383.416624186,410454.157362743,2022753.39701264,23950063.409917
"DK",2023,28646.2089422331,47280.2700310919,128771.587914461,417236.522310203,1992454.0845281,23394635.2586497
"DK",2024,29675.6257136025,48935.299365188,133404.422364859,432574.6418839,2065305.70121382,24239972.3755949
"DK",2025,30252.6489179796,49886.8143734768,135998.384426989,440985.773915321,2105464.22475209,24711302.8428668
"DK",2026,30796.6736418845,50389.0324068853,137109.427975258,437393.123964787,2068840.95588019,24224799.1614186
"DK",2027,31362.7883062752,50917.4722302015,138285.286576511,433824.69901911,2031830.18963532,23732283.1514722
"DK",2028,31890.7244334935,51374.3669635406,139260.490414437,429449.141654169,1990542.34315543,23188335.6886289
"DK",2029,32401.1142521882,51794.2798539415,140129.616985256,424582.976955229,1946515.30304914,22611084.1318577
"DK",2030,32892.5153867375,52175.7110576356,140889.15173757,419230.818789927,1899814.42098519,22001421.5824934
"DK",2031,33501.9917648966,52735.2360573674,142123.337570835,415115.042600432,1858197.44737865,21449043.6128012
"DK",2032,34114.6669050668,53289.2711570075,143335.521992592,410731.777771547,1814772.59194004,20873902.2582495
"DK",2033,34721.1779752216,53823.3516876099,144486.909315995,405972.986556482,1769072.09325965,20270647.390805
"DK",2034,35320.8682815553,54336.8465141483,145576.074222164,400842.278883787,1721135.46142368,19639807.5575674
"DK",2035,35919.9163174333,54839.5827355497,146629.570637702,395419.175051278,1671324.5486981,18985577.8841516
"DK",2036,36192.6622460788,54838.3002610194,146331.298886571,386233.39333553,1605228.09041216,18145095.8461045
"DK",2037,36530.9656079516,54933.5885197027,146288.754466343,377666.66466593,1541518.57092171,17330973.5923399
"DK",2038,36856.1179327874,55005.7860073693,146182.3434141,368867.249057823,1476628.84197614,16502797.9539368
"DK",2039,37195.6262902554,55096.1316263115,146121.795823829,360115.875243726,1411696.06364752,15673324.2096869
"DK",2040,37549.1047069789,55203.6275509265,146104.155324615,351396.372602333,1346625.21299799,14841385.2451656
"DK",2041,37916.4797799334,55327.7575833864,146127.756438183,342696.140403357,1281336.64465043,14005989.5778053
"DK",2042,38297.8429511615,55468.2555883731,146191.601165019,334004.345626115,1215758.07975554,13166229.0603996
"DK",2043,38693.4967989713,55625.1628970376,146295.503103613,325312.045337606,1149824.25687783,12321272.0671092
"DK",2044,39102.8595250159,55797.2537421814,146435.946552886,316602.985819377,1083444.43924318,11470015.4180532
"DK",2045,39525.0419933634,55982.899324557,146608.384908335,307859.46139057,1016526.07429492,10611349.5129097
"DK",2046,39960.314231433,56182.1448985182,146812.680107616,299073.73541003,949012.500034639,9744551.9208407
"DK",2047,40406.8166739983,56392.0589514712,147040.928617944,290222.638507024,880799.748061786,8868421.7523217
"DK",2048,40865.5420779323,56613.7441424186,147295.78718519,281305.047827143,811856.107687539,7982510.14008406
"DK",2049,41334.6680884238,56844.3966767854,147569.743821307,272300.272745695,742092.717043317,7085803.01850615
"DK",2050,41813.7486354273,57083.1705469663,147860.420017906,263198.588475114,671457.700427593,6177675.6881038
"DK",2051,41724.613953701,56918.0520721646,147398.432246829,261370.114577902,661833.576928948,6062117.43195278
"DK",2052,41632.6798585502,56749.3463614837,146927.337678155,259530.861222666,652208.7247955,5946698.28765905
"DK",2053,41537.2920734224,56576.1706371309,146444.857915427,257677.014255509,642574.60399246,5831346.16742622
"DK",2054,41439.6967709862,56400.231369141,145955.417288381,255816.570197064,632952.211260078,5716257.49828163
"DK",2055,41339.0550057773,56220.3941142835,145456.08586851,253944.565335164,623330.124151754,5601333.94695143
"DK",2056,41235.6081839129,56036.9960326483,144947.742987096,252062.740923427,613713.652422028,5486629.09064243
"DK",2057,41130.2276918648,55851.2287249402,144433.476785162,250176.640418363,604117.167040706,5372276.39420512
"DK",2058,41023.3604993427,55663.7042902834,143914.874265263,248289.132918816,594548.205165241,5258346.38805122
"DK",2059,40915.2305611035,55474.7305964623,143392.734567281,246401.690269121,585010.764881233,5144877.18077178
"DK",2060,40804.4118479462,55282.3791576922,142862.076849655,244505.870160918,575485.397801357,5031701.21859595
"DK",2061,40691.8407923472,55087.9256210599,142326.203203582,242607.486794017,565986.622895279,4918950.37207293
"DK",2062,40578.4156426425,54892.5901073918,141788.26921008,240712.014857489,556527.704979679,4806742.85966203
"DK",2063,40463.3610213226,54695.3267501728,141245.57579479,238814.943155093,547098.581023754,4694993.97172879
"DK",2064,40347.4011592998,54497.1183824845,140700.664119635,236920.659093702,537709.77364166,4583796.86956767
"DK",2065,40230.7303737432,54298.2296452995,140154.219171952,235030.36724235,528364.283200565,4473178.76196695
"DK",2066,40113.3530189002,54098.6681852022,139606.262102205,233144.144681631,519062.500714634,4363144.30509006
"DK",2067,39996.1143701993,53899.5748698707,139059.73772971,231266.930273129,509815.532080034,4253787.54097162
"DK",2068,39878.8737638309,53700.7594401413,138514.154631935,229397.890304797,500621.452691568,4145091.86443509
"DK",2069,39761.8073420858,53502.4584999565,137970.122626979,227538.02083367,491482.362719085,4037074.19633152
"DK",2070,39644.9777314626,53304.7553063472,137427.855604753,225687.650723872,482398.845460011,3929738.51059899
"DK",2071,39528.16021055,53107.3468014486,136886.571507598,223845.474200709,473367.995215566,3823060.39135404
"DK",2072,39412.4529850289,52911.7068921336,136350.06813927,222017.664591611,464402.667822414,3717142.35886533
"DK",2073,39296.207713415,52715.6205356917,135812.635772168,220194.874509158,455483.040023244,3611823.94498513
"DK",2074,39180.2301701117,52520.169090171,135277.06067211,218381.631238962,446618.530154735,3507180.19287954
"DK",2075,39064.8274166044,52325.7626288492,134744.397837187,216579.601469234,437812.348825614,3403234.96946295
"DK",2076,38950.209135622,52132.6796440169,134215.362508369,214789.87856739,429066.399110668,3300000.95655385
"DK",2077,38835.9769271851,51940.3845134438,133688.573807237,213010.19594022,420375.84224593,3197438.77536559
"DK",2078,38723.2970798216,51750.434310379,133168.037240787,211246.870118815,411752.78282937,3095637.95283288
"DK",2079,38611.3601210289,51561.7429492561,132650.95455112,209495.359907796,403187.803696131,2994523.65623438
"DK",2080,38500.6160585639,51374.9082701263,132138.86127557,207758.01642119,394685.018828776,2894123.4739635
"DK",2081,38282.7846254219,51026.2173992964,131195.153262358,204889.556823096,381508.142977633,2740978.64552684
"DK",2082,38066.6669383319,50680.5530737279,130259.82711097,202051.930695794,368488.369263111,2589706.46661531
"DK",2083,37851.6861713152,50337.138792633,129330.880139193,199241.827254044,355618.503847764,2440247.57284372
"DK",2084,37639.2571142884,49997.8471134177,128413.116280993,196466.433785615,342910.159275933,2292672.18452574
"DK",2085,37428.8375654871,49661.9454790534,127504.644055685,193722.560441421,330356.070642037,2146918.21588482
"DK",2086,37220.7742948315,49329.8828164514,126606.606980632,191011.675781239,317957.189768534,2002979.20222311
"DK",2087,37015.1731395817,49001.7870461367,125719.323326051,188333.962600106,305712.09142239,1860831.72800675
"DK",2088,36812.5153988189,48678.2819735266,124844.382661396,185691.480124601,293622.232044872,1720468.51222471
"DK",2089,36613.0012782015,48359.6172801082,123982.413069692,183084.798892064,281686.368472134,1581863.41831758
"DK",2090,36415.5074594703,48044.2953197134,123129.56357966,180507.895174304,269893.230445435,1444935.07140681
"DK",2091,36221.5095118223,47734.2501271236,122290.78039761,177967.711545809,258251.351599146,1309711.99507024
"DK",2092,36030.5044840207,47428.802537624,121464.310191727,175461.299630636,246754.061182343,1176137.45082385
"DK",2093,35842.4933417433,47127.9390134766,120650.106168057,172988.232003495,235398.57245696,1044176.56024938
"DK",2094,35657.8794978568,46832.174618445,119849.474321567,170550.007215291,224184.635954414,913804.846478899
"DK",2095,35476.4293189677,46541.1863283925,119061.574719364,168145.035793068,213107.731609094,784978.1899164
"DK",2096,35298.2911182079,46255.1530584639,118286.852201153,165773.563856175,202165.797314404,657662.966762601
"DK",2097,35122.8594507015,45973.2662759418,117523.226669478,163432.305845149,191352.507202034,531812.1753446
"DK",2098,34950.5400426947,45696.0431294563,116772.008672374,161122.743553228,180667.446498589,407399.150411375
"DK",2099,34781.0430264946,45423.0899838439,116032.180237655,158843.113251985,170106.353813953,284385.982552688
"DK",2100,34614.2350962377,45154.2191914514,115303.25083923,156592.410636009,159666.020565442,162739.630494869
"ES",2020,12290.3213912136,22397.0951758712,99284.7541971514,343623.079565522,1350837.83149297,9819722.77939398
"ES",2021,12979.464392903,24064.1629168509,107472.161866594,390806.479293255,1537602.3848086,11178588.8984738
"ES",2022,13516.0502148305,25691.4670125322,113735.704691605,433021.176154425,1704909.41944808,12398274.005185
"ES",2023,13682.1008383361,25981.7728649269,114857.797589685,418558.016208505,1647666.66278853,11982407.5666889
"ES",2024,14153.0958227289,26859.5911448971,118614.046375725,432233.378589432,1701483.13463499,12373553.3466439
"ES",2025,14442.1612737146,27408.1764102582,121036.641632501,441061.393186239,1736234.54138149,12626273.0924326
"ES",2026,14873.9054260866,27802.0705747276,121033.722256452,435590.055854729,1705233.67037273,12380143.7732892
"ES",2027,15324.4119475887,28220.2411687242,121091.60787387,430194.869642683,1674280.55795542,12133810.9205719
"ES",2028,15771.3861289907,28621.2217370591,121030.636604983,424231.975945947,1640859.43636448,11869020.3684093
"ES",2029,16224.5073842636,29023.1175907968,120929.681049093,417985.39843906,1606082.48679083,11593847.2958949
"ES",2030,16684.305283521,29426.8746618196,120792.676565543,411468.719419314,1570001.86179489,11308668.095488
"ES",2031,17165.9598193828,29858.8699097045,120726.148402391,405038.9132807,1533968.70863398,11023190.3949293
"ES",2032,17658.3966348676,30299.0017641719,120645.074530877,398397.903613417,1496830.00795394,10729073.6823344
"ES",2033,18157.448540247,30739.94151205,120519.464939525,391443.846544101,1458197.74635988,10423524.424547
"ES",2034,18663.2152391996,31181.8756358188,120350.131952764,384179.667118029,1418083.37745843,10106625.7817526
"ES",2035,19178.9104626105,31630.116559044,120157.314486614,376669.021367076,1376719.98839886,9780034.57496533
"ES",2036,19560.444474136,31849.8557826197,119062.334477345,366205.953475791,1324315.09548509,9374416.42175291
"ES",2037,19981.123003004,32128.3718207003,118163.395103603,356258.182712758,1273593.67211392,8980286.73439675
"ES",2038,20407.9985157098,32411.1906882343,117252.916047598,346172.643468844,1222164.05272771,8580644.32938222
"ES",2039,20844.5118231774,32703.5818149257,116349.005441982,335999.144226724,1170194.27247526,8176649.91440108
"ES",2040,21290.7368297757,33005.3446812614,115449.382220225,325724.998984783,1117626.81367126,7767868.641425
"ES",2041,21746.8940905026,33316.5149273154,114552.635590354,315340.152038461,1064413.57523969,7353932.09277833
"ES",2042,22213.2022284849,33637.1255990544,113657.347695449,304834.535699319,1010506.43277692,6934471.73326662
"ES",2043,22690.4242672826,33968.0251640468,112764.809961927,294205.160432507,955880.282199497,6509275.85107711
"ES",2044,23178.3620404578,34308.6031227297,111871.366361503,283435.694835444,900465.621183878,6077827.61372223
"ES",2045,23676.6368559855,34658.0138355419,110972.762542937,272509.006403159,844192.183937154,5639609.86081682
"ES",2046,24185.4632529949,35016.3093861749,110067.774426154,261416.077394716,787016.57497796,5194289.74924291
"ES",2047,24705.7238648633,35384.4981679581,109158.12502007,250154.630175275,728915.000906484,4741661.83818421
"ES",2048,25237.369033224,35762.2263264989,108241.188494593,238711.76408897,669830.904200525,4281302.20783031
"ES",2049,25779.5280418892,36148.0053799347,107311.063029989,227068.077006933,609691.555123789,3812689.9225367
"ES",2050,26333.1725388495,36542.9667502909,106369.826958175,215221.996962927,548474.917198452,3335630.08663382
"ES",2051,26568.2203618842,36829.595085438,106982.641478912,215408.718469276,545663.691643551,3307434.82275506
"ES",2052,26802.605929989,37114.7056178347,107587.684475453,215563.770671752,542721.995483501,3278278.06057283
"ES",2053,27035.581262691,37397.2688726836,108182.006995636,215681.413451451,539635.90774927,3248077.52557808
"ES",2054,27267.8102629321,37678.2106876999,108768.3293464,215767.271506409,536420.138899483,3216923.9524189
"ES",2055,27500.7724539781,37959.5787529413,109352.581350823,215833.1972554,533104.439360259,3184996.73823971
"ES",2056,27732.0834171288,38238.0842750843,109925.302525123,215860.584269092,529643.062958077,3152023.3120248
"ES",2057,27962.6718440079,38515.0158420661,110490.242745513,215857.015220817,526055.319165449,3118121.05877944
"ES",2058,28193.8811148761,38792.227134322,111052.738648284,215833.006990133,522367.13255851,3083444.68219776
"ES",2059,28425.2070351529,39069.0245644251,111610.805444038,215784.705889357,518569.188600675,3047939.24388719
"ES",2060,28656.3630290437,39345.0162734009,112163.335137091,215710.025232989,514656.653816431,3011576.98342254
"ES",2061,28887.424470961,39620.3084889957,112710.646062621,215609.652511179,510631.415638822,2974369.83674192
"ES",2062,29117.7480587657,39894.0223344858,113250.257506281,215478.937053672,506482.772791479,2936256.60720052
"ES",2063,29349.0850851873,40168.5599966298,113789.004357897,215330.959598078,502241.724199901,2897417.93132007
"ES",2064,29581.2552630605,40443.6726693455,114326.170124987,215164.307221622,497904.783950465,2857832.99661606
"ES",2065,29814.5832155967,40719.8021854005,114862.992445043,214981.253686351,493477.02746628,2817530.24217637
"ES",2066,30049.2193439632,40997.1508252072,115400.024086935,214782.746107276,488960.333690483,2776519.28972256
"ES",2067,30285.3691343246,41275.9950978755,115938.021488051,214570.084742644,484357.297548386,2734813.49416306
"ES",2068,30522.2872934234,41555.3158943936,116474.10303801,214337.842456681,479655.347250768,2692340.64852716
"ES",2069,30761.093424357,41836.6347258277,117012.51734917,214093.758700921,474871.531670611,2649195.40803421
"ES",2070,31001.7832052516,42119.9397487671,117553.197207636,213837.541809591,470004.621677568,2605368.657153
"ES",2071,31244.2111708683,42405.0276117604,118095.542366921,213567.937684577,465051.297726298,2560839.79032169
"ES",2072,31488.7056428082,42692.3381741878,118640.744924768,213286.938728443,460015.327671422,2515627.30054767
"ES",2073,31735.7571368974,42982.5291425901,119190.590586773,212997.545822168,454902.448313719,2469759.62581473
"ES",2074,31985.0635684212,43275.1831214812,119743.874541735,212697.36948711,449706.720891246,2423201.15722962
"ES",2075,32237.2808662285,43571.1792827906,120302.981882777,212390.408180893,444435.752846496,2375989.44179018
"ES",2076,32492.8563049264,43871.1114399501,120869.490567649,212079.138945308,439093.623011436,2328141.74370019
"ES",2077,32751.2725549749,44174.2699168019,121441.380954363,211759.694529781,433671.160044426,2279604.59560877
"ES",2078,33013.2347960319,44481.5951707998,122021.176983824,211436.166311217,428175.621384289,2230411.43465546
"ES",2079,33278.2209644087,44792.3719193521,122606.84808928,211104.690584076,422597.924775867,2180509.60556844
"ES",2080,33545.6939337167,45105.8675828599,123196.333549604,210761.438647451,416929.376840124,2129849.82988091
"ES",2081,33594.4161464392,45101.7047551333,122782.237090881,208012.27965541,403958.19585262,2030822.99363604
"ES",2082,33645.0506096889,45100.1533708863,122375.505623197,205276.898320038,391018.61741067,1931976.50638805
"ES",2083,33697.164575219,45100.6221641135,121974.469973044,202552.164076366,378103.43359858,1833269.13216885
"ES",2084,33749.3451013158,45101.2136171981,121573.961017695,199829.302175455,365195.538887468,1734614.58802927
"ES",2085,33803.0007226111,45103.8065685593,121179.023146585,197116.50043843,352309.498937537,1636080.18494975
"ES",2086,33857.120531146,45107.0450164029,120785.971680984,194407.55112192,339433.387618971,1537606.53928857
"ES",2087,33912.1923691437,45111.5749399382,120396.51329035,191705.081702619,326571.323847934,1439209.99996325
"ES",2088,33966.9694726113,45115.7344471621,120006.192818648,189001.895653866,313710.641111398,1340832.68866713
"ES",2089,34021.1651962489,45119.1450570969,119614.016674908,186296.496579544,300849.130084025,1242466.58515582
"ES",2090,34075.2440378401,45122.4252432309,119221.638849533,183591.535577204,287991.376258545,1144132.24799511
"ES",2091,34130.0943457978,45126.7501511279,118832.157217711,180891.746072327,275144.652811011,1045857.73871872
"ES",2092,34185.7284095013,45132.1312590859,118445.573962906,178196.984003347,262308.12920774,947636.441684823
"ES",2093,34241.2432446686,45137.3734522077,118058.734993207,175502.411282469,249474.293897944,849438.941363423
"ES",2094,34296.4376352261,45142.212494833,117670.955147775,172807.040902349,236641.877806791,751261.727431229
"ES",2095,34350.7150980298,45145.8662505431,117280.213227201,170107.99791612,223807.345213478,653096.096180501
"ES",2096,34405.0431468881,45149.6096896558,116889.841480654,167410.222763183,210977.662907688,554965.430103077
"ES",2097,34458.2766752942,45151.9419177331,116495.964981197,164708.223519452,198146.164427179,456853.932411031
"ES",2098,34510.9581341628,45153.5789607832,116100.462175102,162004.822518824,185316.988671534,358776.464394353
"ES",2099,34562.9416181266,45154.3332838843,115702.870856205,159299.482406656,172490.007911699,260736.441608166
"ES",2100,34614.2350962377,45154.2191914514,115303.25083923,156592.410636009,159666.020565442,162739.630494869
"FR",2020,15595.2114345469,28569.2944857795,96761.1865666165,286766.333947715,1159777.63413187,8836020.5544803
"FR",2021,16302.7549354479,30443.8669418646,102466.859330366,337907.107146811,1614419.71550488,16494288.197263
"FR",2022,16361.9761285785,31444.0826766062,107975.76957366,347313.555320522,1532014.75883858,11687230.329648
"FR",2023,16097.0401366019,31419.6001361893,107904.625662552,335260.375812188,1433397.52203605,12532828.7302206
"FR",2024,16914.7662558518,32663.2210622425,114093.127932697,354028.157808542,1514467.47446211,13262615.9712389
"FR",2025,17080.5032556876,32983.2671203402,115211.053681089,357497.053792386,1529306.77473795,13392567.8811736
"FR",2026,17424.6349498374,33127.5570258552,114697.453670703,351077.160077995,1489604.68125359,13015248.0806438
"FR",2027,17780.611205702,33290.3582341368,114239.983521885,344790.978793738,1450371.98812162,12641790.5055649
"FR",2028,18140.5025651229,33456.2238245495,113784.423316393,338469.016746071,1410880.46432635,12265810.1559558
"FR",2029,18514.0279208113,33642.6879967643,113389.607640911,332282.39377541,1371833.11182449,11893393.1496234
"FR",2030,18901.874754586,33850.0959505239,113054.820771267,326219.775848781,1333158.33528233,11523856.5428008
"FR",2031,19447.3580301576,34330.5570005542,113612.490661649,322635.597932799,1304348.33958344,11238922.6078158
"FR",2032,20016.176102657,34838.8300986314,114233.570013741,319088.166634098,1275289.75995715,10950829.1332748
"FR",2033,20604.3810936563,35367.0128671803,114889.910295234,315487.551048387,1245591.32877732,10656133.794161
"FR",2034,21213.0238865041,35916.0998582024,115582.961496897,311828.651259338,1215206.88654035,10354373.4106344
"FR",2035,21846.1798051107,36492.086547197,116330.000001561,308147.68916625,1184247.29329881,10046412.0470495
"FR",2036,22228.8194744536,36640.5950798728,115693.936675973,300697.100689787,1138485.95572342,9612033.87408016
"FR",2037,22669.9520766836,36881.0757795146,115338.095390793,293921.402644053,1095118.10141712,9197420.8832033
"FR",2038,23119.3167406809,37129.2750082702,114993.21880057,287103.862361628,1051378.86358209,8779089.69766551
"FR",2039,23579.9466669506,37389.7209212862,114672.524080489,280273.162621545,1007359.67427968,8357765.29713355
"FR",2040,24052.2010935505,37662.5293264668,114375.285372111,273421.690061229,963014.369663318,7933010.49002719
"FR",2041,24536.4937689744,37947.8958915419,114101.006081037,266542.307065597,918298.22344461,7504399.22673343
"FR",2042,25033.4832450874,38246.382042087,113850.257977295,259630.198796903,873173.929258429,7071564.34213946
"FR",2043,25542.5728213798,38556.6287390706,113617.889448385,252667.46165545,827560.034165935,6633780.75003569
"FR",2044,26063.6936638474,38878.1298961858,113401.402811545,245642.883621489,781399.796359874,6190530.28798172
"FR",2045,26597.3160563279,39211.1989762866,113200.729798625,238550.736156525,734654.720174748,5741441.96089387
"FR",2046,27143.8303243722,39556.0195462123,113015.39634929,231384.258907743,687282.472575723,5286112.56490577
"FR",2047,27702.7632325745,39911.5237676045,112841.371265071,224129.514555841,639219.809400154,4823979.48015635
"FR",2048,28274.365535007,40277.7241822081,112677.775748332,216779.400567864,590425.250942135,4354652.58665725
"FR",2049,28858.5451487306,40654.1507734009,112522.396476045,209324.338376403,540850.947725491,3877696.20700898
"FR",2050,29456.1235421443,41041.6279267168,112376.622733434,201761.570822673,490467.180914763,3392806.68040067
"FR",2051,29622.6571231626,41226.6767769718,112755.935761006,201671.958191083,486871.783840866,3353542.59359083
"FR",2052,29789.0812953174,41411.1596455248,113132.577991674,201570.76758892,483218.513688013,3313751.48891745
"FR",2053,29955.6973151166,41595.4968666075,113507.70194578,201460.077923346,479512.466488069,3273468.79871306
"FR",2054,30122.0794960921,41779.0986027669,113879.701466492,201337.059247967,475746.998457617,3232649.56859243
"FR",2055,30288.1214459607,41961.8200455305,114248.189348587,201201.072620482,471920.802901391,3191285.81002059
"FR",2056,30454.3063637202,42144.3329494584,114615.00088375,201055.38863956,468041.723047362,3149431.32106659
"FR",2057,30619.9277803048,42325.6615649248,114977.48762844,200895.393062004,464099.15905949,3107015.40679244
"FR",2058,30786.5124902762,42507.9180836786,115341.392034227,200731.148044482,460116.484907423,3064195.12721173
"FR",2059,30952.4609854678,42688.8934545037,115700.718510192,200552.209986551,456069.719499645,3020810.58676893
"FR",2060,31118.2319929598,42869.2240451461,116057.201958509,200361.648092835,451966.123775085,2976911.16045686
"FR",2061,31284.7585540786,43050.1960534815,116414.32666527,200165.491369331,447819.360208302,2932587.12443458
"FR",2062,31450.784145487,43230.0802770986,116767.416242118,199955.696919626,443611.424769599,2887720.5308796
"FR",2063,31616.9853269542,43409.8093724116,117118.997288538,199736.636934119,439352.226792092,2842376.86313192
"FR",2064,31784.1133156259,43590.4142068518,117471.849566066,199513.042834881,435052.131204278,2796622.97627774
"FR",2065,31951.0496431457,43770.3597184512,117821.833107941,199277.86412161,430695.674842349,2750359.04620036
"FR",2066,32118.3553750202,43950.4159598452,118171.02472088,199034.637803639,426290.615719862,2703635.15862001
"FR",2067,32286.2459535845,44130.8771277802,118520.213731992,198784.682926403,421839.730308619,2656468.68728139
"FR",2068,32454.2850810364,44311.146261021,118867.795247431,198525.297467428,417337.236529196,2608822.98548938
"FR",2069,32622.3924922622,44491.1146203695,119213.479918079,198256.012696338,412782.217443253,2560692.65851443
"FR",2070,32791.4018658769,44671.9190206331,119560.313345883,197981.890574091,408185.19830355,2512142.92962791
"FR",2071,32960.924994969,44853.0284953066,119906.868597358,197700.532007314,403541.060753018,2463141.43373877
"FR",2072,33131.0692655373,45034.588085118,120253.530389871,197412.55257178,398850.971849913,2413694.84045562
"FR",2073,33301.0352725839,45215.5109652898,120597.396061777,197113.183618666,394105.280107593,2363744.65577999
"FR",2074,33471.60077803,45396.8541974811,120941.287843921,196807.055828332,389313.329835866,2313347.36904463
"FR",2075,33642.5042838204,45578.262202906,121284.255896365,196492.60769859,384471.955590498,2262483.76985392
"FR",2076,33814.1410486443,45760.2697527672,121627.721248821,196172.128973856,379585.577107974,2211179.54627466
"FR",2077,33985.6234839061,45941.6751126047,121968.48817674,195840.455360041,374644.153171053,2159375.94606301
"FR",2078,34156.9954916046,46122.5396379276,122306.725183338,195497.892443381,369648.440025073,2107078.2575978
"FR",2079,34328.7977666179,46303.5945014154,122644.374160364,195147.562832133,364604.433695909,2054321.16239694
"FR",2080,34500.6934468777,46484.3852925295,122980.231392502,194787.550479205,359508.550691623,2001084.44950788
"FR",2081,34508.6191254457,46418.6702018537,122592.211309303,192831.928083066,349236.730367097,1906515.6749318
"FR",2082,34516.6718398826,46353.3580787375,122205.907173969,190883.092766344,338997.652824607,1812242.61941635
"FR",2083,34524.8362016391,46288.4262356404,121821.253486396,188940.906485639,328790.892887691,1718261.95997262
"FR",2084,34533.5653204009,46224.4792367567,121439.83306803,187007.77213739,318620.368150692,1624592.59915585
"FR",2085,34541.0565860804,46159.1032615113,121055.301681697,185073.90303184,308469.317034202,1531148.54227084
"FR",2086,34548.9680803853,46094.5173923616,120673.488337286,183148.269647624,298352.993956123,1438007.39082599
"FR",2087,34556.7880457161,46030.0360351158,120292.590200915,181228.085311394,288266.597628532,1345144.33914089
"FR",2088,34564.1673760591,45965.1943474939,119911.392961714,179311.523662456,278207.239036691,1252546.01065349
"FR",2089,34571.037614316,45899.903114646,119529.669058584,177398.277292485,268174.614244045,1160212.19214951
"FR",2090,34577.6537978551,45834.5025066066,119148.308771749,175489.695683839,258170.912716296,1068153.38002744
"FR",2091,34584.2852174233,45769.3493608905,118768.239365765,173587.142367027,248198.128611658,976377.741848848
"FR",2092,34589.7356191593,45702.8618162258,118385.359671253,171684.646526113,238247.85017741,884853.095666267
"FR",2093,34595.3300878657,45636.7942309987,118004.224184692,169788.877991074,228329.684865426,793617.748870244
"FR",2094,34600.2562159459,45570.074531433,117622.059735971,167895.839691904,218438.219575497,702652.594934171
"FR",2095,34604.3902024352,45502.5429844983,117238.463550855,166005.01778198,208573.122495727,611959.247525607
"FR",2096,34607.4636594527,45433.8510584234,116852.550212771,164115.239460855,198733.369756021,521538.410008801
"FR",2097,34609.8981541666,45364.5567952116,116465.768183426,162228.624183793,188922.004922849,431402.150486642
"FR",2098,34611.9694416998,45295.0238624787,116079.05752783,160346.522759828,179140.83474715,341556.673305784
"FR",2099,34613.3366639957,45224.8079648602,115691.284742037,158467.402426329,169388.334853481,252000.815610052
"FR",2100,34614.2350962377,45154.2191914514,115303.25083923,156592.410636009,159666.020565442,162739.630494869
"GB",2020,15916.0941828763,25791.4211740762,115833.214300182,381809.617273414,1455539.67968415,10632178.1284915
"GB",2021,17397.4247098152,28099.038615155,137344.924811515,439641.918418897,1659351.30372793,11892734.277682
"GB",2022,17639.1479104031,28746.4186014539,138483.239813359,490186.295225867,1851871.90076225,13277369.2624041
"GB",2023,17479.7499152386,28177.3331981084,128449.982187251,461886.836534442,1731608.88912678,12305286.6092505
"GB",2024,18026.2185792368,29294.8913206404,135566.613387449,487681.969583184,1828281.87931259,12996767.8930106
"GB",2025,18204.4874116361,29584.600781781,136907.288458855,492504.861024204,1846362.52526111,13125298.3791504
"GB",2026,18510.2760717376,29819.0566331415,135777.208409241,482332.904770843,1798120.38892009,12759362.120759
"GB",2027,18867.5664447593,30133.7513455686,134989.265515371,473311.292084093,1754057.63834006,12422833.0609629
"GB",2028,19216.1043994484,30431.2553020311,134096.732526619,463844.406552043,1708211.33889854,12073365.3028259
"GB",2029,19566.3608570608,30728.4799068489,133176.982066565,454208.138659939,1661611.73258808,11718273.3480565
"GB",2030,19919.0320429378,31026.5508553275,132235.174863592,444420.919424366,1614327.69407927,11358046.3037636
"GB",2031,20399.5283422433,31519.252459657,132083.492937857,437171.270691386,1576052.28747482,11060711.4544442
"GB",2032,20893.9158936455,32027.3472853778,131942.440507204,429792.779501247,1537017.29414167,10757347.7312367
"GB",2033,21398.4871812385,32544.9036831572,131785.357256131,422191.715103926,1496874.92669557,10445491.0006598
"GB",2034,21913.6442720006,33072.3789507037,131612.704475904,414365.174506806,1455606.74992101,10124993.0309894
"GB",2035,22443.770950621,33616.1826046913,131448.112167006,406381.536544723,1413441.58864748,9797417.86542272
"GB",2036,22805.7278623818,33903.7572845644,130241.813890579,395047.588135942,1359373.65707524,9386724.37026101
"GB",2037,23218.4859865715,34263.9561435848,129287.763513663,384389.952718592,1307458.6110366,8990464.86024496
"GB",2038,23636.719445919,34628.8249999313,128319.644613812,373583.34331277,1254822.25166914,8588707.31578021
"GB",2039,24065.6327564492,35005.8718965966,127364.185458761,362701.811019313,1201705.60877441,8183081.93110434
"GB",2040,24504.7469856527,35394.1857475133,126416.049540709,351723.069919467,1148020.02168984,7772946.81059211
"GB",2041,24954.748198542,35794.5549925392,125476.130239131,340642.737941685,1093736.4890069,7358067.18720287
"GB",2042,25415.9811851993,36207.2632472331,124543.404948771,329450.698876732,1038806.42988146,6938073.47090711
"GB",2043,25888.5820579117,36632.2942585742,123615.794672456,318133.949635548,983171.952625233,6512533.32273954
"GB",2044,26372.6294664567,37069.5544889211,122690.998622663,306679.063807932,926774.198520916,6081008.93978231
"GB",2045,26867.8062028215,37518.4030440121,121764.992830125,295068.648584105,869543.134565812,5642991.49104367
"GB",2046,27374.8998509154,37979.7512324323,120838.883896255,283298.109211595,811447.340313942,5198225.32387511
"GB",2047,27893.5763512642,38452.9435239621,119908.687712945,271350.49289165,752418.9233146,4746217.94086345
"GB",2048,28423.690428835,38937.6022859917,118971.462299775,259211.92336992,692400.41188709,4286548.39114813
"GB",2049,28965.4745108253,39433.8760204605,118025.960547253,246872.581646516,631346.168216338,3818872.16636843
"GB",2050,29518.8329667058,39941.4681105301,117069.618233051,234319.95824283,569203.857541529,3342804.86219328
"GB",2051,29683.7728799886,40139.1783936368,117390.994310102,233839.695210812,564694.728655959,3304588.60276335
"GB",2052,29848.2024159774,40335.9675582738,117707.334023378,233339.181438774,560106.150383329,3265799.52615036
"GB",2053,30011.9486450523,40531.6040675192,118017.983577239,232817.216472719,555435.528352386,3226423.52580162
"GB",2054,30175.1801135933,40726.3178437138,118323.635782001,232275.269273809,550686.675684085,3186483.85463752
"GB",2055,30338.0390358934,40920.3027085803,118624.872861423,231714.566677058,545862.755504786,3145999.73123491
"GB",2056,30499.9788557049,41112.8235558763,118919.585100969,231131.081447769,540954.566436543,3104919.15949675
"GB",2057,30661.4627191992,41304.5073109649,119209.612566794,230528.507568793,535971.114560153,3063295.1450888
"GB",2058,30822.9239132574,41495.939121291,119496.658928798,229910.205326174,530920.414782883,3021174.23878862
"GB",2059,30983.6860646162,41686.2096998276,119778.118868409,229271.220475902,525791.207129954,2978493.03338067
"GB",2060,31144.3381666406,41876.1134253165,120056.294595134,228616.047220394,520594.070327784,2935312.46697744
"GB",2061,31305.1917646488,42066.0698673524,120332.395837573,227947.019646626,515334.414743556,2891663.40223035
"GB",2062,31466.5553823859,42256.4934883119,120607.607029339,227266.376268472,510017.284870521,2847574.08365175
"GB",2063,31627.9788213969,42446.7794624475,120880.199301193,226570.847730619,504635.307263767,2803003.20423053
"GB",2064,31789.5670493081,42637.0690762607,121150.579232029,225861.215016594,499190.281481029,2757960.98974155
"GB",2065,31950.9621087348,42826.8827620207,121417.389628929,225134.97246477,493676.748030293,2712417.57985492
"GB",2066,32113.2882076311,43017.7275949025,121684.905140616,224400.055133733,488112.135531952,2666468.84419419
"GB",2067,32275.5458296927,43208.2638143173,121949.327295218,223649.419127354,482480.99592089,2620029.89766105
"GB",2068,32438.1607841893,43399.061926881,122212.271008119,222886.047550217,476789.834240078,2573136.33977905
"GB",2069,32600.8060636341,43589.6844547767,122472.504602816,222107.695324009,471033.851836199,2525762.2889055
"GB",2070,32764.3062573028,43781.233820254,122733.124344638,221319.97229022,465224.928246971,2477971.37470255
"GB",2071,32928.4044037845,43973.3653961371,122993.151168248,220521.053945147,459359.03347764,2429741.3414587
"GB",2072,33092.6052556799,44165.4173900287,123250.729656733,219707.593592837,453429.129667227,2381034.69078432
"GB",2073,33256.7634831161,44357.1963522909,123505.325174861,218878.66204008,447433.378834371,2331842.10037206
"GB",2074,33420.5520010825,44548.2670357553,123755.736255643,218032.177708684,441367.686027153,2282142.89746116
"GB",2075,33585.2329300201,44740.3123082964,124006.643193151,217176.41048302,435248.873852663,2232024.4094398
"GB",2076,33750.4095334947,44932.8024313906,124256.565058918,216308.708529047,429071.429676224,2181457.52395175
"GB",2077,33916.5247105929,45126.3261101266,124507.120187337,215431.844502689,422840.700873088,2130468.7721684
"GB",2078,34082.4334247141,45319.3591358465,124754.0957001,214538.494436128,416542.193463382,2078984.61044719
"GB",2079,34249.1349462533,45513.230564643,125001.153573117,213634.971464267,410188.219113045,2027066.7252889
"GB",2080,34415.7577118983,45706.7815995786,125245.105128661,212715.797756479,403768.161983582,1974662.21931497
"GB",2081,34428.1972593307,45681.5817960713,124745.241817914,209861.043207662,391316.988316934,1882171.44314511
"GB",2082,34440.8088603374,45656.7022762859,124247.203910643,207013.801567383,378895.546317463,1789895.58484236
"GB",2083,34452.781250783,45631.0675328573,123748.064080319,204169.193094748,366494.896090258,1697792.37267695
"GB",2084,34464.4429449363,45605.1141754848,123249.021996485,201329.270563574,354118.987625526,1605881.36479619
"GB",2085,34476.262739703,45579.4626900667,122751.756091619,198496.783051726,341772.683013781,1514184.73970145
"GB",2086,34487.3530136803,45552.9396813112,122253.10716029,195666.62624653,329447.209488241,1422663.70922556
"GB",2087,34498.2412950925,45526.2435156856,121754.965811859,192841.903857698,317148.082202071,1331343.55548589
"GB",2088,34508.8795985892,45499.31123771,121257.167516273,190022.373600257,304874.971517795,1240223.25162301
"GB",2089,34519.6188766079,45472.6056370444,120760.946303985,187209.972584758,292630.997749365,1149315.55681229
"GB",2090,34529.4881746397,45444.8480592455,120262.910441848,184399.461845166,280408.045059601,1058588.99571173
"GB",2091,34539.4067013342,45417.24987674,119766.282172293,181595.861738722,268214.057138315,968075.292716271
"GB",2092,34549.1489152005,45389.5141971096,119270.275257876,178797.964041967,256047.186272972,877767.413944649
"GB",2093,34558.4708285738,45361.3209746307,118774.053901678,176004.541005704,243905.774339927,787660.271085003
"GB",2094,34568.0192746601,45333.5195498712,118279.845252164,173218.908680499,231794.480049318,697769.298692414
"GB",2095,34576.996400882,45305.0633243207,117784.915790325,170437.050009018,219707.871570259,608077.786105565
"GB",2096,34585.2409892221,45275.7428308395,117288.739479562,167658.294785127,207645.459339855,518586.855348532
"GB",2097,34593.4451982672,45246.4655123439,116793.681064395,164886.092114956,195611.801790036,429309.865218409
"GB",2098,34601.2067442273,45216.7053934519,116298.384862627,162118.537999378,183604.681943271,340242.250767948
"GB",2099,34608.0422534437,45185.8324765213,115801.248062429,159353.485221789,171622.039997853,251382.99624517
"GB",2100,34614.2350962377,45154.2191914514,115303.25083923,156592.410636009,159666.020565442,162739.630494869
"IT",2020,10038.882945671,24899.4911181063,108657.746914449,286219.921608875,805180.077187677,3305713.01262337
"IT",2021,10628.7302800758,27438.2000473044,116859.422908969,334429.705664937,942048.392217146,3869664.46005911
"IT",2022,10691.8643566735,29200.4226750964,122653.03332914,373870.630999176,1054106.66622294,4331664.60407946
"IT",2023,10584.61269695,28523.0214461358,121723.666826565,354732.222080511,999169.017417629,4060074.1443792
"IT",2024,10730.4146993748,28875.2811256815,124817.819258593,363905.256375587,1025112.87684384,4166722.79196561
"IT",2025,10849.1811592342,29194.8787379659,126199.32882146,367933.035378989,1036459.03920103,4212840.94574451
"IT",2026,11429.3840862231,29717.8614682051,126731.695171718,365599.982285465,1023797.53260879,4150856.17718026
"IT",2027,12043.2722832848,30293.1954882027,127426.615761869,363597.564746141,1011842.8356995,4091356.34207793
"IT",2028,12667.607366512,30859.4050731737,128020.113738425,361160.120049507,998444.29977272,4025610.53240525
"IT",2029,13311.5612779155,31439.0777999882,128606.342057058,358554.315498608,984340.840818576,3956600.96638373
"IT",2030,13974.8831455736,32030.5314090262,129176.352452073,355750.293931961,969442.445276918,3883951.56609527
"IT",2031,14613.7021960843,32535.1672543038,129336.32272353,351672.671529761,950833.885303523,3796010.08786913
"IT",2032,15272.5640283233,33056.7275101432,129507.847557386,347490.253543141,931713.069669857,3705611.48845347
"IT",2033,15948.0747449037,33586.762895394,129655.541522437,343102.431963444,911800.596984043,3611627.02586799
"IT",2034,16640.5985391171,34125.4225552396,129778.66629892,338503.945247416,891076.772788898,3513968.23062029
"IT",2035,17353.1120528883,34678.0631476461,129895.960235954,333739.496496201,869651.96360036,3413056.81972848
"IT",2036,17900.1234520307,34882.2395653856,128668.251815941,325416.272535655,838770.42941848,3274688.90868565
"IT",2037,18474.8668049915,35130.7678583829,127581.869646163,317391.80594783,808552.943385808,3138713.38627692
"IT",2038,19063.0225757073,35393.9439586938,126523.110035986,309367.632172494,778210.518477195,3002012.7568804
"IT",2039,19663.3788767715,35668.585267883,125478.346481703,301304.317211697,747632.530736481,2864138.16904254
"IT",2040,20276.2035110188,35954.422279938,124444.765878844,293189.954569604,716779.632994399,2724919.65824875
"IT",2041,20902.4419025348,36252.386953779,123423.713319964,285022.433582622,685636.424976514,2584278.29369028
"IT",2042,21541.7994860882,36561.2293493365,122409.024614733,276782.071611577,654144.779429984,2441973.17553845
"IT",2043,22194.1236591611,36880.0426726881,121395.954171778,268453.176480937,622257.582180322,2297807.77440352
"IT",2044,22860.1381038466,37209.422954874,120384.82904488,260031.645195136,589955.349927289,2151689.20554393
"IT",2045,23540.6445162824,37550.0449666339,119376.098278536,251513.239526329,557217.449027569,2003518.57923774
"IT",2046,24235.0732011894,37900.3880292203,118363.209074897,242878.90108736,523990.264905126,1853078.09631812
"IT",2047,24943.3967645465,38259.8821457356,117342.871472952,234117.181071553,490238.636062271,1700219.80943928
"IT",2048,25666.0967123512,38628.7679090127,116314.369203637,225222.043183044,455939.370523069,1544838.76097959
"IT",2049,26403.3162441597,39006.770081221,115275.412961781,216184.341234641,421062.829645011,1386807.78734894
"IT",2050,27154.4695797141,39392.5774604481,114220.776167978,206989.829185077,385570.437455755,1225972.77694787
"IT",2051,27345.8858186944,39595.9065274649,114580.758125621,206872.799636062,383412.388003331,1214042.28346573
"IT",2052,27537.4928577675,39798.764261065,114937.063512462,206741.366312282,381207.988184488,1201913.41450001
"IT",2053,27728.2370949888,39999.6336229461,115285.3288165,206587.739720804,378943.025718389,1189541.75773435
"IT",2054,27918.890447528,40199.63739216,115628.818764325,206417.866905852,376628.655970798,1176962.98564082
"IT",2055,28109.0467356928,40398.1968389179,115965.887747051,206228.874450262,374259.800676516,1164161.66757134
"IT",2056,28298.6232366957,40595.2015346908,116296.24513902,206020.334773151,371835.913216025,1151136.71826611
"IT",2057,28488.1911777351,40791.4782392183,116622.282271914,205796.561650771,369364.979220474,1137913.39884488
"IT",2058,28677.3728960071,40986.4914188362,116942.484427596,205554.937770728,366842.445156055,1124478.07166382
"IT",2059,28866.6858523158,41180.9864646136,117258.996598135,205299.295618254,364275.31218514,1110852.63782624
"IT",2060,29056.4622935472,41375.4395397492,117573.181465813,205032.044387715,361667.916122607,1097050.4867381
"IT",2061,29246.7242787927,41569.8824224494,117885.1304859,204753.34751035,359020.555592565,1083072.55274159
"IT",2062,29437.6473453608,41764.5644045028,118195.549950637,204464.429486036,356335.371746789,1068925.27870228
"IT",2063,29630.1989758595,41960.8544682953,118508.302678806,204171.933184284,353623.837654059,1054642.79093044
"IT",2064,29824.1244252149,42158.3839004988,118822.322165604,203873.934602205,350882.391332519,1040213.82099113
"IT",2065,30019.6189143888,42357.4215759735,119138.343784254,203571.618106302,348112.865089716,1025643.21815324
"IT",2066,30216.9440712936,42558.3279458635,119457.35374328,203266.573378456,345317.722057826,1010937.51304574
"IT",2067,30416.6969312706,42761.9323874616,119781.643447566,202962.572792689,342503.030812308,996113.49750461
"IT",2068,30618.0365364092,42967.0403029603,120107.82742385,202653.743708771,339658.513955608,981140.222398814
"IT",2069,30820.9870629652,43173.6776055459,120435.952529495,202340.076270108,336783.914156308,966016.245159987
"IT",2070,31025.6762519051,43382.014834933,120766.467642356,202022.231075695,333880.076516704,950743.245911455
"IT",2071,31232.9974119119,43593.2898429006,121102.782717269,201705.786869935,330955.87803366,935345.492569817
"IT",2072,31443.1870242302,43807.8164726981,121445.717549475,201391.926963767,328012.760616189,919825.578240359
"IT",2073,31655.9201550638,44025.1255405854,121793.918487416,201078.22097209,325046.254276286,904169.43947718
"IT",2074,31870.9951810718,44244.9224132904,122146.524615331,200763.086594022,322053.355710873,888367.380904609
"IT",2075,32089.0377256744,44468.0609423731,122505.845819215,200450.153809811,319039.42474637,872432.782071157
"IT",2076,32310.5812306117,44695.2613814856,122873.805008396,200142.352655468,316008.5207445,856374.896294296
"IT",2077,32534.5393470333,44925.002193558,123246.158414289,199832.555642445,312948.786684555,840159.731810397
"IT",2078,32761.1239911846,45157.5621688891,123623.625994783,199521.771191143,309861.353912659,823788.933998907
"IT",2079,32989.5123049044,45391.7943327044,124003.026331888,199204.717530575,306737.603145539,807238.282407086
"IT",2080,33219.8797854271,45627.9310833392,124384.964753527,198882.261992547,303578.570960261,790509.560123856
"IT",2081,33283.4347616948,45594.3012912323,123898.945600936,196699.511837315,296229.602413153,758565.059046454
"IT",2082,33348.3549440718,45562.7472594907,123419.239397617,194529.187813014,288906.266563056,726708.555390412
"IT",2083,33414.0904407219,45532.5032018877,122943.724305835,192367.775173428,281602.849509616,694924.057896841
"IT",2084,33480.9933810426,45504.0373108797,122473.626229033,190217.054315038,274321.555239454,663215.667993831
"IT",2085,33548.4697487146,45476.5303430321,122006.700912712,188073.397850313,267056.735387053,631568.322213272
"IT",2086,33616.9574792385,45450.5668182359,121544.486393042,185939.067486749,259811.277850587,599987.740988372
"IT",2087,33685.714369452,45425.13376739,121084.242299774,183809.756628608,252578.82342956,568458.049008557
"IT",2088,33754.8209844671,45400.335356746,120626.231429857,181685.810016074,245359.682708719,536979.367515009
"IT",2089,33824.2017305616,45376.065186677,120170.155347171,179566.720589913,238152.996300951,505549.186407101
"IT",2090,33893.9090728008,45352.3893086954,119716.174513892,177452.675056319,230958.84954455,474167.091341421
"IT",2091,33964.1662596886,45329.6010303092,119265.045045899,175344.727469821,223778.408634155,442834.707461352
"IT",2092,34035.1684525666,45307.9532650189,118817.407020237,173243.725238723,216612.464008124,411552.489111735
"IT",2093,34106.220228193,45286.5138194809,118370.794149862,171145.992072376,209456.167483174,380310.245708337
"IT",2094,34178.5505553684,45266.9087189203,117929.436974748,169057.57182722,202316.685547821,349120.073839189
"IT",2095,34250.3527823831,45246.7372282445,117487.054170266,166969.359491974,195182.801818637,317961.316552384
"IT",2096,34322.2520531609,45226.827358451,117045.803058548,164884.448387513,188058.220388171,286840.374681732
"IT",2097,34394.7161968413,45207.7919775003,116607.257502149,162805.009746738,180945.268775306,255760.163097029
"IT",2098,34467.5641358599,45189.3870152301,116170.767287177,160730.057888209,173842.596629974,224717.657220689
"IT",2099,34541.0508075038,45171.941067841,115737.157869798,158660.66199618,166751.119626343,193712.957477207
"IT",2100,34614.2350962377,45154.2191914514,115303.25083923,156592.410636009,159666.020565442,162739.630494869
"NL",2020,19257.9349800552,35303.9240861564,132252.858657145,306057.548579249,734951.416441733,2309229.84190652
"NL",2021,21040.4019048496,38659.6915171173,150174.51656245,348764.481001746,845370.140636092,2696250.51616096
"NL",2022,20847.4847479374,38399.1185696362,156796.641539637,347045.826963685,841568.074608522,2685839.84877675
"NL",2023,20375.9394390521,36950.4677599475,157831.76183417,349472.458031064,847364.784869857,2616293.19261563
"NL",2024,20369.8982058817,36918.2625042289,157626.560669585,349002.285094884,846232.140821038,2612856.97026027
"NL",2025,20621.2829531195,37373.8704799923,159571.828766235,353309.319442198,856675.484753088,2645102.21677054
"NL",2026,21275.0128272598,38037.1453091845,160105.000438335,351561.735056331,845910.767801161,2602067.44212644
"NL",2027,21995.1047589015,38803.2111198494,160999.990370557,350517.099893923,836631.694958047,2563291.37148586
"NL",2028,22669.7103205985,39473.4437255993,161426.774194927,348360.607652658,824489.049925642,2515422.02238143
"NL",2029,23318.1180847645,40084.8284595108,161552.198455701,345473.054042952,810431.521981788,2461426.67707565
"NL",2030,23943.3930876924,40644.9106126294,161417.250821041,341956.364004646,794731.15912856,2402182.70788426
"NL",2031,24592.331976568,41234.1599569315,161346.35843732,338504.465059229,779016.170982415,2342635.82804558
"NL",2032,25245.2803257291,41819.0661808199,161205.750876491,334833.02807575,762623.562608724,2280778.61035537
"NL",2033,25896.2347463318,42390.0620649025,160960.368291478,330871.799903431,745399.426230656,2216160.51383882
"NL",2034,26545.7561768845,42948.641981326,160618.69672441,326642.251683237,727401.802331955,2148969.72066645
"NL",2035,27198.821501526,43503.28773697,160214.577717112,322216.290284616,708798.308185917,2079713.66060823
"NL",2036,27648.5323272392,43727.0070163015,158563.398610838,315240.478859621,684483.125785428,1993528.90630749
"NL",2037,28153.9122461154,44035.963529036,157207.138899247,308829.747625322,661342.148510345,1910675.54951214
"NL",2038,28648.7084549454,44324.9016413537,155761.721209565,302216.914283918,637700.660710927,1826261.08341532
"NL",2039,29154.1977120501,44627.0636394471,154345.630508994,295634.451782783,614055.766996667,1741720.45713755
"NL",2040,29671.4559368393,44943.6938446904,152961.069249934,289083.274763125,590400.853366229,1657019.99294446
"NL",2041,30200.6721801929,45274.66067078,151605.385425424,282554.84897768,566709.29158814,1572068.56421305
"NL",2042,30742.515362031,45620.5551477037,150278.363978883,276045.210016164,542963.693036186,1486800.80965035
"NL",2043,31297.3074727271,45981.4400680611,148977.977607838,269546.94539467,519139.566722843,1401131.3270316
"NL",2044,31865.5334882049,46357.6179686996,147702.977341703,263054.053506844,495215.146160492,1314982.08100708
"NL",2045,32446.9932345008,46748.3975708618,146448.963853991,256554.94955562,471158.230345953,1228247.47594127
"NL",2046,33043.0730864308,47155.3829576584,145218.781309007,250050.829830188,446960.348740768,1140884.29016856
"NL",2047,33653.3557363199,47577.5729056627,144007.075457128,243528.464512246,422586.357757797,1052779.41262255
"NL",2048,34277.6839982886,48014.3724498107,142809.939304434,236977.462198848,398007.180352333,963837.239007393
"NL",2049,34916.9434184585,48466.660144335,141627.922224492,230394.961017977,373206.78602394,873994.627337204
"NL",2050,35571.8151212635,48935.0062425949,140460.531383371,223776.140699279,348165.174064133,783177.345349294
"NL",2051,35603.1629145952,48932.7953586958,140190.930241141,222847.828386287,345175.5487489,772837.666060508
"NL",2052,35634.0473681733,48929.9813354492,139919.796835767,221917.451900275,342183.879732582,762496.121415147
"NL",2053,35665.0750802016,48927.3979769409,139649.520564053,220988.810521833,339196.055216588,752165.90287029
"NL",2054,35695.1663315132,48923.5647567619,139375.879722219,220055.231306891,336201.856918017,741824.408399237
"NL",2055,35723.6537859285,48917.5712863582,139096.305568036,219112.705944619,333195.309021398,731458.805265178
"NL",2056,35750.7619818587,48909.7306687714,138811.721279316,218162.751555563,330178.915555841,721075.062030236
"NL",2057,35776.3891464797,48899.9088420866,138521.776565953,217204.875466416,327152.112586729,710672.38406404
"NL",2058,35800.8795730188,48888.5813630074,138227.847611301,216241.291321449,324118.409809061,700258.819591286
"NL",2059,35824.6473553704,48876.317272952,137931.564195578,215274.588863184,321081.815570628,689843.336179015
"NL",2060,35847.5682822114,48862.9497798478,137632.471267952,214304.088028633,318041.410907615,679424.192098179
"NL",2061,35869.0411090716,48847.6630566662,137328.292655216,213326.286679143,314992.131656721,668990.895650063
"NL",2062,35889.8659351066,48831.5509021631,137022.128036239,212346.047491294,311941.309239241,658559.390516057
"NL",2063,35910.0203404513,48814.5850355814,136713.9111099,211363.293019803,308888.91047372,648129.80629466
"NL",2064,35929.1231621599,48796.2500579329,136402.214500037,210375.847748477,305831.855783646,637695.929637855
"NL",2065,35947.2731399389,48776.6836121167,136087.443799343,209384.377764179,302771.243200215,627260.374807422
"NL",2066,35965.0065783668,48756.6160312722,135771.652092846,208392.072059815,299711.780628204,616833.138439911
"NL",2067,35982.5835662031,48736.4008877868,135455.829731897,207400.461956424,296655.706635394,606418.919321112
"NL",2068,35999.2818338317,48715.0611273189,135137.268326888,206405.414632132,293597.155200369,596005.841661079
"NL",2069,36014.8726583876,48692.2904906812,134815.137512535,205405.699464945,290534.497541794,585590.910372148
"NL",2070,36029.6589102566,48668.50188672,134490.600762091,204403.12890262,287470.426090932,575179.883702348
"NL",2071,36043.5598182106,48643.5889831241,134163.380633702,203397.313550186,284404.498005034,564772.146791272
"NL",2072,36056.6130972998,48617.6055884474,133833.642755903,202388.538461928,281337.222411333,554368.998390173
"NL",2073,36069.2182796582,48591.0927412861,133502.890246298,201379.103889927,278271.885560174,543977.146225419
"NL",2074,36080.8438645469,48563.3364114734,133169.173109783,200366.091742702,275204.531480324,533589.058059961
"NL",2075,36092.1669498564,48535.2503878062,132835.01161341,199353.322763304,272140.502319741,523215.341621283
"NL",2076,36101.9181332048,48505.1299580544,132495.753995536,198333.843253257,269070.395827357,512838.161102753
"NL",2077,36110.8568154045,48473.9998692301,132154.225869405,197311.935519543,266000.195135238,502469.385630908
"NL",2078,36120.0867940274,48443.3431186078,131814.478032608,196293.662968277,262938.125324094,492124.689587647
"NL",2079,36129.2043214821,48412.6173527015,131475.029632441,195276.810155696,259881.184942267,481798.363421016
"NL",2080,36139.2390541722,48383.2011806901,131139.617931883,194266.914632134,256836.699292359,471503.866596743
"NL",2081,36040.5086622519,48187.0951446962,130226.652817606,192149.12605592,251486.796850652,454662.81455552
"NL",2082,35942.7725757111,47992.8961338461,129322.292548501,190050.978776379,246185.832549308,437974.83724897
"NL",2083,35847.0179878115,47801.9121971287,128430.0013306,187977.441696073,240939.83297573,421449.504402692
"NL",2084,35753.6964627151,47614.7311943338,127551.272910247,185930.527744015,235750.793452959,405088.645883672
"NL",2085,35662.8791401879,47431.4319613796,126686.223076181,183910.212027886,230618.026633727,388889.198325848
"NL",2086,35573.8023419878,47250.9841021243,125832.011365926,181912.191171191,225535.524621521,372839.255649136
"NL",2087,35486.6926975642,47073.6762969093,124989.332332011,179937.317700073,220503.826899397,356938.190635075
"NL",2088,35402.3709964667,46900.5828782141,124160.951458086,177989.394525996,215526.982309238,341190.741447682
"NL",2089,35320.024684275,46730.6115953179,123343.881994817,176063.944437943,210598.895971186,325585.235529779
"NL",2090,35239.5324529541,46563.5892768998,122537.590344724,174160.048105285,205717.923070628,310117.47130787
"NL",2091,35161.6466155804,46400.496533157,121744.575755047,172281.089548041,200887.477025347,294790.795757084
"NL",2092,35087.4639277696,46242.7628786795,120968.481195418,170432.000583475,196112.529504258,279610.072976106
"NL",2093,35015.905491528,46088.9468267446,120205.417158533,168607.0546112,191385.626813796,264561.942394727
"NL",2094,34947.1853128197,45939.3139176193,119455.978245878,166806.881387581,186706.765012121,249644.093986475
"NL",2095,34882.2396832419,45795.0766090619,118723.205816256,165035.494848415,182079.613392329,234858.756315941
"NL",2096,34820.9990162778,45656.1223049149,118006.678727723,163292.038456125,177502.264325799,220200.293332767
"NL",2097,34763.757935487,45522.8159546248,117307.210177286,161577.36376463,172974.667175643,205665.373534452
"NL",2098,34710.1560537514,45394.6640488794,116623.396766162,159889.259840853,168493.459192173,191246.613101911
"NL",2099,34660.3920349378,45271.905840135,115955.727548361,158228.131270671,164058.109458308,176940.103418657
"NL",2100,34614.2350962377,45154.2191914514,115303.25083923,156592.410636009,159666.020565442,162739.630494869
"NO",2020,34955.6043975371,54714.3067964805,202707.264536033,622684.135408259,2271115.1045095,14484622.16845
"NO",2021,34425.0504975299,56305.0006487666,215215.928361921,664576.979561215,2462860.47037566,16165277.1232995
"NO",2022,32422.5022281029,55986.2776365495,217866.719803285,709186.03138314,2655204.64844699,17439860.6493381
"NO",2023,33587.5144753746,56236.8973450778,215414.673431398,699129.792596865,2612557.21357149,17132046.2949681
"NO",2024,35467.1076043855,58958.4282791398,223674.04531562,725873.123128998,2711793.45574734,17776506.9737086
"NO",2025,35856.0145951167,59604.9243277052,226126.695270578,733832.52977466,2741529.04749965,17971431.4628993
"NO",2026,36371.9459756402,59912.3596638736,224805.410694788,719878.963152789,2670505.42545553,17466588.9675979
"NO",2027,36842.5855731979,60141.9722591787,223177.436286809,704885.632449597,2595510.38243666,16935532.0695515
"NO",2028,37175.1951573703,60145.8124646626,220709.576312379,687231.338701942,2510700.62271316,16340399.8166721
"NO",2029,37399.5684728087,59977.6177341796,217624.732141775,667713.406233915,2419199.44846188,15701966.6993029
"NO",2030,37520.1147996408,59648.8688462201,213985.226597632,646607.008351076,2322177.42758383,15028202.3168638
"NO",2031,38102.8830192588,60055.8540468663,212989.364886957,633506.512770025,2253943.97567063,14540825.4744842
"NO",2032,38686.2559909917,60458.4196062714,211952.209138278,620176.708549844,2184667.55660098,14046224.5818283
"NO",2033,39258.9220384081,60839.1711760668,210814.142021985,606448.884883693,2113766.28525851,13540685.816387
"NO",2034,39819.0635426947,61195.8810815122,209570.30129054,592321.207854257,2041260.57020949,13024399.6101336
"NO",2035,40372.0946696356,61537.4143704739,208253.707798238,577898.46359726,1967537.24180728,12499892.0921014
"NO",2036,40776.6337289019,61650.4036866077,206152.812852758,561251.967716988,1886134.6228944,11926350.7858612
"NO",2037,41179.5856093963,61760.6879832181,204041.354665851,544570.021980014,1804597.28007297,11351921.5778389
"NO",2038,41525.6360665368,61786.0309197483,201651.270459043,527153.361733711,1720646.4311729,10762359.7222807
"NO",2039,41883.3059480861,61829.5846000329,199325.278895144,509925.290362963,1637362.1972153,10177088.8670044
"NO",2040,42253.338015408,61892.0085339848,197063.281372987,492875.383113069,1554685.87958921,9595683.179529
"NO",2041,42634.3309942516,61970.8280791306,194855.233014019,475968.490517186,1472481.1754544,9017238.79451362
"NO",2042,43026.886618344,62066.5356973135,192700.706148002,459194.303721927,1390692.13328757,8441352.69623715
"NO",2043,43430.7231891361,62178.3464884616,190595.291562797,442532.951745482,1309233.64426354,7867444.37987571
"NO",2044,43845.6196430366,62305.5873137219,188535.053616833,425966.293076717,1228027.4372408,7294978.9458826
"NO",2045,44272.8276924226,62449.6844107304,186522.443860338,409490.785323602,1147037.80154642,6723675.59310253
"NO",2046,44711.5241736175,62609.1190324339,184551.02069614,393082.882516868,1066171.60803981,6152913.10547666
"NO",2047,45161.797535608,62783.6857022856,182618.410850502,376728.69031415,985364.843671534,5582246.70543629
"NO",2048,45625.4411233499,62975.539958753,180729.059199353,360428.129802188,904588.862234614,5011429.69293777
"NO",2049,46104.4313964975,63187.0292540757,178887.630130343,344179.858402128,823806.433859964,4440151.07271943
"NO",2050,46599.6257359717,63418.9144769132,177094.006552001,327971.825113295,742949.722762652,3867918.75333179
"NO",2051,46309.6730943718,62978.4894422798,175611.107672774,323889.832243848,729127.466190734,3780277.14387672
"NO",2052,46023.5098130129,62543.8678423344,174147.984154379,319863.305640641,715495.401544358,3693846.91256283
"NO",2053,45739.6776240735,62113.056462737,172699.022494711,315881.598263309,702028.550348076,3608495.07031924
"NO",2054,45458.2422801218,61686.1359477283,171264.39906717,311944.779031408,688726.185935201,3524214.80851879
"NO",2055,45178.6398878443,61262.3329120899,169841.921293265,308048.613480678,675578.120403489,3440951.0459189
"NO",2056,44901.7642867993,60842.8514726584,168434.883470935,304198.84286196,662596.127298406,3358760.85516204
"NO",2057,44627.1585265427,60427.0632436952,167041.494929356,300391.961215543,649771.614818116,3277597.2789164
"NO",2058,44356.0566462094,60016.629678492,165666.295841797,296635.852343442,637120.645607013,3197537.78531058
"NO",2059,44087.1839364979,59609.8153912813,164304.436957711,292921.518309959,624622.777530248,3118475.74617918
"NO",2060,43819.7152749711,59205.4974473413,162952.782544268,289243.151868704,612264.855586005,3040342.6746451
"NO",2061,43553.4465496853,58803.3946021513,161610.528121651,285599.162225557,600042.93045885,2963116.82509893
"NO",2062,43288.8545138736,58404.1450280958,160279.396904088,281992.430062028,587962.463609469,2886822.98392378
"NO",2063,43024.889632612,58006.3273198375,158955.458018162,278415.877858433,576008.115461593,2811383.66587821
"NO",2064,42762.0620382953,57610.6253958282,157640.564184942,274872.635446648,564185.943757231,2736826.87095892
"NO",2065,42501.7133402325,57218.8406097186,156339.610372018,271371.054344602,552512.422047122,2663229.98365703
"NO",2066,42242.3188775604,56828.9131447765,155046.928274156,267901.078492274,540966.282602131,2590487.46296339
"NO",2067,41984.9288672796,56442.2506074221,153766.328901779,264469.134102639,529559.918989598,2518656.41664873
"NO",2068,41729.5158276087,56058.8088197005,152497.651463865,261074.725830624,518291.532367636,2447725.16031948
"NO",2069,41476.2643343549,55678.8284059028,151241.509514348,257718.681797766,507161.943097837,2377694.34728147
"NO",2070,41224.4018011532,55301.2653048925,149995.028302068,254395.893098184,496160.314622232,2308510.08499109
"NO",2071,40973.6731168908,54925.77211741,148757.236570682,251104.554865311,485282.537391007,2240150.9064415
"NO",2072,40724.0049111846,54552.2458888355,147527.829691198,247844.012492539,474526.818723901,2172606.41686924
"NO",2073,40474.9875440872,54180.1338270638,146305.289975779,244611.592287876,463887.571268756,2105849.13605306
"NO",2074,40226.8053928569,53809.6793042416,145090.255318758,241408.255432699,453366.218181152,2039883.88841286
"NO",2075,39979.7813910143,53441.3102132841,143883.856541499,238235.758076559,442965.579538186,1974721.386705
"NO",2076,39734.1572062319,53075.3446847726,142686.92257074,235095.321611085,432687.347413084,1910366.75685425
"NO",2077,39489.0879533934,52710.6496037259,141496.38155593,231981.744382721,422521.407796229,1846773.06437988
"NO",2078,39244.8220905755,52347.5534432066,140313.097385999,228896.344633992,412469.782118805,1783947.52676211
"NO",2079,39000.6984900003,51985.1713362499,139134.681306264,225835.132339577,402524.917996976,1721855.9183939
"NO",2080,38756.9393424624,51623.7974863317,137961.909673995,222799.306734413,392688.714903952,1660505.32777095
"NO",2081,38557.3457852816,51303.6491988637,136799.989838622,219233.167847429,379765.819103822,1576623.35592784
"NO",2082,38356.5309844064,50982.578494915,135639.578686087,215691.384085071,366971.950225695,1493666.23628739
"NO",2083,38154.4371735012,50660.5111092076,134480.492861416,212173.742713412,354307.060821645,1411635.21078525
"NO",2084,37950.576250297,50336.8022988108,133321.039812748,208677.678551162,341767.290332785,1330516.86478034
"NO",2085,37746.2285367333,50013.1531622067,132165.741512169,205210.361213435,329364.752646457,1250360.12002978
"NO",2086,37540.8370479031,49688.8258063281,131012.648573689,201768.767200223,317094.608340079,1171146.66920057
"NO",2087,37334.5424560171,49364.0078781648,129862.264015765,198353.717356332,304958.337573872,1092882.91836336
"NO",2088,37128.0416586676,49039.6209140895,128717.012660933,194968.918364155,292961.651508099,1015589.39694683
"NO",2089,36921.9520723855,48716.4777286469,127579.012674907,191617.492852348,281108.882981742,939279.2691811
"NO",2090,36714.9764113868,48392.8640380398,126443.759945946,188292.592924512,269389.635609529,863915.943424243
"NO",2091,36508.0704884886,48070.0393494038,125314.543565317,184999.106210853,257810.858271045,789521.466421589
"NO",2092,36300.8249876064,47747.4623394512,124189.938773285,181734.852607511,246369.182962536,716083.686364859
"NO",2093,36092.4114564097,47424.0432066621,123067.110362977,178495.67943539,235058.963863406,643586.100442549
"NO",2094,35883.227480578,47100.3059665186,121947.427343431,175283.624383791,223883.112207362,572038.02265026
"NO",2095,35673.4266147599,46776.4524794442,120831.414096061,172099.451115071,212842.647225637,501442.323636731
"NO",2096,35462.9712835277,46452.4334123243,119718.942825897,168942.975561466,201937.332142542,431798.388253929
"NO",2097,35252.5014658296,46129.0862385365,118612.167162407,165817.209745608,191170.645398969,363112.863110677
"NO",2098,35040.925122899,45804.9809113384,117507.403825442,162716.969053505,180536.448702459,295373.005190877
"NO",2099,34828.0816960517,45479.9096363402,116404.131733379,159641.600823747,170034.333561424,228580.354812799
"NO",2100,34614.2350962377,45154.2191914514,115303.25083923,156592.410636009,159666.020565442,162739.630494869
"SE",2020,22997.6441666346,38360.3321840071,121405.070436746,413435.025606893,1700752.54655274,13556744.1545176
"SE",2021,23406.5843363523,40513.4980647061,128405.573772672,430360.799195612,1742722.61380457,13765134.0078424
"SE",2022,23364.0388751909,41574.1620187198,130075.531013903,422566.706066197,1703408.26615657,13451276.4298667
"SE",2023,23242.5755861991,41510.5363729295,123032.68327792,404829.939538495,1663202.07808447,13353436.1398393
"SE",2024,23415.9569475404,41886.6458761287,124269.567847133,408955.421673976,1680165.43215538,13489249.850575
"SE",2025,23835.4043953765,42636.9567325465,126495.59487622,416280.994926615,1710262.04977553,13730881.2917209
"SE",2026,23925.13700505,42314.5697932111,125001.601277252,404944.891447813,1649755.52960089,13212865.3127775
"SE",2027,24009.6593986278,41989.0426096132,123505.170162472,393682.919411515,1589731.87699488,12699138.6057601
"SE",2028,24072.8423884382,41632.6082971672,121925.13045902,382242.380536819,1529184.20708999,12181689.8125531
"SE",2029,24135.3077170824,41281.5817651518,120368.583172983,370968.107734521,1469512.69763403,11671722.013862
"SE",2030,24198.0917465274,40937.5651431903,118840.001311568,359871.474771538,1410756.81414091,11169535.254854
"SE",2031,24566.9346736956,41112.0028705459,118817.263076136,353344.516344664,1369937.64832914,10809416.1272374
"SE",2032,24954.3678277611,41312.3236704287,118863.109692723,346945.270318851,1329430.50059855,10451309.9478877
"SE",2033,25353.523915902,41526.4341569166,118941.874902956,340558.901070068,1288769.08401867,10091485.8635824
"SE",2034,25764.9806573508,41754.8126704976,119054.359962834,334180.666238499,1247917.89924394,9729621.80996248
"SE",2035,26193.2399956551,42004.20811569,119219.135807775,327854.342646092,1207019.17071707,9366772.57228057
"SE",2036,26518.2967335646,42083.4984087012,118895.388015763,320113.167978639,1160726.11319178,8961583.12991986
"SE",2037,26882.8123551363,42221.9850334295,118734.587876647,312756.844076941,1115685.61568458,8565689.64653673
"SE",2038,27251.5331226705,42363.0368759721,118575.880458255,305341.510303684,1070259.65885988,8166370.57175929
"SE",2039,27634.6890846021,42522.3014109958,118462.736627688,297974.967275158,1024814.61401473,7766390.27476277
"SE",2040,28032.2277792895,42699.1321121115,118392.623056449,290641.53091498,979270.097914784,7365066.50036631
"SE",2041,28443.4590851439,42891.9437788093,118360.446379128,283319.777416178,933527.973575297,6961587.9406891
"SE",2042,28869.0295078966,43101.2069070479,118366.838879996,276002.668333439,887539.531825659,6555517.73788987
"SE",2043,29308.6431460633,43325.9776921703,118408.53908619,268673.96040413,841226.079146409,6146196.42801597
"SE",2044,29761.5111142032,43564.6249962567,118480.462867307,261313.99813019,794500.515478865,5732910.040933
"SE",2045,30227.3264511632,43816.2771757934,118579.665185485,253908.801885348,747296.100135804,5315101.21441443
"SE",2046,30705.9971142762,44080.4025176378,118704.159956513,246446.956035037,699555.341973861,4892283.874495
"SE",2047,31197.5438708401,44356.6479734887,118852.46541282,238918.397096277,651225.637699247,4464009.64526804
"SE",2048,31701.1314080599,44643.4663249433,119019.932256006,231307.120190516,602239.703051919,4029734.79487754
"SE",2049,32217.0355090208,44940.9168251324,119206.253100711,223606.343345011,552557.150758961,3589106.09515142
"SE",2050,32745.1732276496,45248.5590606586,119409.796247275,215806.814557663,502131.54355001,3141731.22717144
"SE",2051,32853.9654344776,45354.4469284368,119625.187252052,215336.213071471,497638.30146211,3099734.2549427
"SE",2052,32960.8990480968,45457.5519587744,119832.925244853,214847.629413393,493086.813959241,3057305.82974202
"SE",2053,33065.564373682,45557.317748856,120031.555912667,214338.623467736,488472.147377021,3014418.12193361
"SE",2054,33168.6923030355,45654.7600253103,120223.76802037,213814.165861035,483806.306968338,2971148.04257856
"SE",2055,33269.8551298852,45749.2973682891,120408.041051037,213271.694350101,479084.065111597,2927465.88279361
"SE",2056,33370.1452105055,45842.4388257393,120588.356749253,212718.397075593,474322.115366484,2883475.96177365
"SE",2057,33469.9693389661,45934.7466884995,120766.199226746,212156.959470546,469526.71886374,2839217.506232
"SE",2058,33568.690601457,46025.3500517492,120939.283455621,211583.429987927,464689.385287828,2794640.27027503
"SE",2059,33666.0300305274,46113.8716986947,121106.625889051,210996.191107095,459806.983468532,2749727.24659565
"SE",2060,33762.4024967551,46200.885339707,121269.741147971,210397.988412439,454885.934305068,2704518.74248102
"SE",2061,33858.3533788591,46287.1408727538,121430.602822633,209792.316614512,449934.084151793,2659062.68648921
"SE",2062,33953.3088608355,46371.8567396747,121587.164774922,209175.697611441,444944.20910747,2613317.42978721
"SE",2063,34047.3857743413,46455.1967574875,121739.862735312,208548.964827951,439918.429904963,2567296.98308193
"SE",2064,34141.9921886858,46539.0842010751,121893.739827212,207920.798256119,434875.226308231,2521109.95742918
"SE",2065,34236.2191251205,46622.2795736148,122045.548920371,207285.649913706,429802.956056831,2474688.68433029
"SE",2066,34329.7615239985,46704.3697905582,122194.212083996,206641.735328673,424698.113857173,2428013.87422553
"SE",2067,34423.9817537597,46787.2096460917,122344.584043121,205997.290897342,419577.739844999,2381183.46592636
"SE",2068,34517.9992025015,46869.6011701411,122493.530610578,205347.017802719,414430.949531099,2334135.25946509
"SE",2069,34613.0834983073,46953.2678635627,122645.55550545,204698.457305829,409272.925470663,2286954.58996336
"SE",2070,34708.9106919844,47037.7669394038,122799.497225441,204049.604247675,404099.37362342,2239616.10825619
"SE",2071,34805.1276744705,47122.6178392111,122954.098225419,203398.328699883,398905.902527331,2192094.64367709
"SE",2072,34901.6590091348,47207.7174354825,123109.08795945,202744.163258456,393691.509802309,2144384.27246363
"SE",2073,34997.7164231949,47291.9997508055,123261.686898485,202082.535098625,388447.336199218,2096436.83899821
"SE",2074,35093.8992127228,47376.2761145552,123414.011909946,201416.944939789,383180.242449279,2048290.0210904
"SE",2075,35190.8745432461,47461.4462670367,123568.405432081,200751.197206711,377897.385063115,1999981.66855244
"SE",2076,35288.9086876347,47547.8663272877,123725.790211362,200086.730742091,372601.207589126,1951523.37561147
"SE",2077,35386.5893938842,47633.6315929065,123881.207227513,199415.488688351,367276.542107058,1902834.85979777
"SE",2078,35484.51333859,47719.546286327,124036.749567914,198740.861320996,361929.725739226,1853949.43347751
"SE",2079,35583.1391643369,47806.2260920694,124194.015947454,198065.388064846,356565.28430901,1804889.76422636
"SE",2080,35680.9533106427,47891.6372034947,124347.722331969,197380.635314112,351168.005762316,1755578.69452015
"SE",2081,35613.4539119345,47732.3052223789,123832.060981709,195170.673565957,340975.152987542,1671169.00168959
"SE",2082,35547.6301304309,47575.6445356779,123323.961893235,192981.263675427,330857.328392061,1587339.90692694
"SE",2083,35482.4301179966,47420.2381798986,122819.738361938,190806.449306336,320803.465378659,1504033.57726372
"SE",2084,35419.1724463301,47267.8406963106,122323.923294242,188653.116538834,310824.424272739,1421296.87413605
"SE",2085,35357.2586086397,47117.641842152,121834.402684441,186517.769747179,300913.355885513,1339092.19068926
"SE",2086,35295.7883290209,46968.434433664,121348.043908708,184395.460383428,291061.563836682,1257376.62739481
"SE",2087,35236.7267588337,46822.8257817169,120871.571664265,182296.248305339,281284.181238172,1176211.06607996
"SE",2088,35180.4642138255,46681.3186378217,120406.259957276,180221.727868727,271582.119218061,1095589.77387605
"SE",2089,35125.5759029435,46542.0078237977,119947.172793859,178164.209845723,261942.353670384,1015451.14561198
"SE",2090,35072.7974515173,46405.857516509,119496.779193591,176127.143857344,252368.909256018,935804.013299956
"SE",2091,35021.3627477575,46271.8422307266,119052.420706531,174106.366840186,242854.634739361,856613.990924809
"SE",2092,34971.4337315061,46140.1667441633,118614.610361702,172102.438449795,233399.379805055,777874.203757016
"SE",2093,34922.6526991812,46010.3500368077,118182.097879372,170113.355788822,223999.498702671,699565.985952021
"SE",2094,34875.0275114731,45882.394755919,117754.878408126,168138.951157188,214653.973125267,621680.400022805
"SE",2095,34828.6100675485,45756.3613831334,117333.095368703,166179.266402533,205362.041449464,544209.171211832
"SE",2096,34783.5049904311,45632.3792191869,116917.067976825,164234.582984572,196123.190923309,467144.320901821
"SE",2097,34740.472115329,45511.4351809327,116509.309823575,162308.223793632,186940.332138751,390484.363759511
"SE",2098,34697.7474858018,45391.2090013852,116103.8667178,160391.696093238,177802.668341042,314198.368791171
"SE",2099,34655.4535001826,45271.8577329922,115701.13570666,158485.483704727,168710.401461657,238283.825200799
"SE",2100,34614.2350962377,45154.2191914514,115303.25083923,156592.410636009,159666.020565442,162739.630494869
"OC",2020,12948.099508593,29320.3420546868,140247.491637148,385268.261878698,1259153.19568363,7830394.14161271
"OC",2021,13795.6577297218,30909.2155215563,154024.917423805,425688.867540583,1395723.50532015,8864213.23175436
"OC",2022,14246.4545907065,31716.504598973,155783.567591103,445299.080792268,1505889.52346504,9484388.82484245
"OC",2023,14495.9047250374,32271.7289799476,159704.242604644,425391.190265013,1449697.43095172,9368895.82574577
"OC",2024,14899.3037478358,32500.0165945146,164748.724025995,440976.554365704,1512202.60246663,9578275.92923271
"OC",2025,15257.7342380108,33281.8650000389,168712.061300525,451585.066361436,1548581.45138597,9808699.18889977
"OC",2026,15752.9482322948,33572.2637761845,167228.090646072,443656.493952182,1511573.44477587,9552207.77958723
"OC",2027,16264.7588682242,33888.8953166048,165839.785218384,435934.04318029,1475148.32721685,9299129.63419087
"OC",2028,16767.1844204637,34177.1668043506,164278.193826706,427708.249314756,1436899.06961699,9034276.8505148
"OC",2029,17271.4397941234,34461.3356033187,162665.511257626,419305.155333203,1397941.18386675,8764709.31450915
"OC",2030,17777.4004783091,34741.4812489487,161003.454878591,410731.116999016,1358300.83061726,8490602.54504119
"OC",2031,18239.9562347137,34931.5204299014,158901.747921175,401003.191700563,1314760.40822592,8191920.64227955
"OC",2032,18711.1789048013,35134.5685844008,156843.917904862,391363.173564149,1271448.13414141,7894518.97069122
"OC",2033,19186.0631376746,35340.6923408544,154783.29672345,381691.081377289,1227964.81123452,7595896.55601836
"OC",2034,19665.0259318762,35550.5069483858,152721.901507392,371990.839785113,1184320.23844751,7296107.23459133
"OC",2035,20152.1417379146,35771.0768743283,150688.71975218,362330.905532039,1140726.50226887,6996443.38454193
"OC",2036,20655.3538701437,36015.7146354608,148736.210669034,352831.584937138,1097546.25144435,6699089.7799521
"OC",2037,21217.3271739971,36356.314963928,147149.586914228,344150.244509431,1056770.5370002,6416065.79439498
"OC",2038,21780.2414949866,36690.6551330602,145500.116780671,335259.043662888,1015171.81909481,6127596.48932435
"OC",2039,22355.9453463284,37038.7444799362,143867.389079534,326341.780235443,973307.825334378,5837051.33396564
"OC",2040,22944.8509070711,37400.6541442932,142248.665650159,317386.977585425,931128.906533295,5544092.70159388
"OC",2041,23547.7886815052,37777.1288859099,140643.728989844,308388.709393604,888601.476948621,5248478.03221765
"OC",2042,24164.7082049958,38167.4827766713,139046.946762736,299329.015163084,845656.787080091,4949755.76661577
"OC",2043,24795.7170540752,38571.3242961773,137453.990673515,290193.172754205,802236.566736536,4647539.31421242
"OC",2044,25441.1560688349,38988.6490851174,135862.039683943,280969.885007766,758292.778209932,4341503.49531486
"OC",2045,26101.4324362526,39419.5593164131,134268.669850037,271648.726338777,713779.897804455,4031337.98614893
"OC",2046,26776.6079704344,39863.6430751113,132669.746766955,262215.891468631,668643.786907851,3716684.58629032
"OC",2047,27466.6668129124,40320.4032008503,131061.018976076,252657.683507339,622831.725179334,3397196.43235574
"OC",2048,28172.3225071144,40790.4312630838,129441.873947375,242967.629424928,576309.519408371,3072629.96681099
"OC",2049,28892.9355378679,41272.3593289858,127805.478606457,233127.57489177,529015.250806663,2742593.75295451
"OC",2050,29628.833960464,41766.2606261664,126149.799978611,223128.860488925,480911.238331016,2406831.15914344
"OC",2051,29773.083483978,41912.2970730483,126259.002940033,222576.49675215,476920.772726046,2376841.11459116
"OC",2052,29916.9332670472,42057.4077687671,126363.311762646,222010.763594316,472883.791757068,2346554.93816065
"OC",2053,30059.5879348943,42200.4801957963,126459.416506677,221425.919470944,468788.344833501,2315914.33825203
"OC",2054,30201.9760594772,42342.8248256981,126551.284038986,220829.000478094,464649.670726984,2284995.84496646
"OC",2055,30343.7228791932,42483.9202350831,126637.379189004,220217.380499089,460462.444484289,2253774.00753388
"OC",2056,30485.4390853226,42624.6256731537,126720.28788062,219595.612453766,456236.40031984,2222297.26137403
"OC",2057,30627.042727797,42764.8286029776,126799.687491415,218963.164519928,451970.537789511,2190561.12122381
"OC",2058,30768.3324173612,42904.2505421769,126874.768207879,218318.674658938,447662.185413592,2158553.16216895
"OC",2059,30909.2998806024,43042.8834272448,126945.526519483,217662.183484742,443311.606582339,2126275.33165329
"OC",2060,31050.4586388619,43181.4448865802,127014.093698817,216997.379313943,438926.44505284,2093764.79076639
"OC",2061,31191.9032644058,43320.0668542416,127080.860245998,216324.934899054,434508.083402449,2061028.21772416
"OC",2062,31333.7463505009,43458.9055528655,127146.283565902,215645.626829077,430058.073542492,2028072.94332377
"OC",2063,31475.8409762757,43597.7569137946,127209.764890459,214958.43555272,425574.366476565,1994889.24407621
"OC",2064,31618.4370040864,43736.9668156991,127272.312187334,214265.061447869,421060.317284551,1961492.80287478
"OC",2065,31761.6658566074,43876.7156818276,127334.442391166,213566.355925549,416517.524698405,1927890.77533633
"OC",2066,31905.5413451174,44017.0207225368,127396.194402381,212862.358406315,411945.963319821,1894082.63945088
"OC",2067,32050.4264803129,44158.3801786285,127458.995043504,212155.417267741,407350.036132014,1860088.07473541
"OC",2068,32196.3427674206,44300.8197631627,127522.895326407,211445.562870083,402729.58372516,1825905.47884042
"OC",2069,32342.9252977281,44443.8340698526,127586.42078246,210730.304148319,398079.676198664,1791511.75017242
"OC",2070,32490.6246184958,44588.0394368153,127651.324245903,210012.497184636,393405.551905318,1756929.82268372
"OC",2071,32639.6507674472,44733.7193400651,127718.388927423,209293.363324127,388709.227403722,1722167.58518532
"OC",2072,32790.2853676254,44881.2537557589,127788.66396353,208574.53689784,383993.393886299,1687235.5318222
"OC",2073,32942.246579449,45030.2504552376,127860.994017714,207854.040302086,379254.036551039,1652114.45534946
"OC",2074,33095.1986018254,45180.2456010277,127934.033286457,207129.617039556,374486.757314762,1616784.00971167
"OC",2075,33250.2285822699,45332.717801145,128011.935624648,206407.913213487,369703.247538289,1581293.28545158
"OC",2076,33407.2794673949,45487.580021244,128094.399879176,205688.310173764,364901.850915895,1545632.83771041
"OC",2077,33565.4214867566,45643.5589357741,128177.796294582,204964.873331355,360071.600290085,1509754.30443437
"OC",2078,33725.1631102201,45801.3410712975,128264.023317519,204240.567203509,355217.407677864,1473676.98238393
"OC",2079,33886.8166144384,45961.3433059777,128354.205004687,203517.07656124,350341.764731381,1437409.26405908
"OC",2080,34050.4090937918,46123.5940740057,128448.370716347,202794.326369277,345444.032876352,1400946.24729344
"OC",2081,34062.4104018831,46050.7243919261,127708.271471717,200317.16187131,335717.910017236,1336571.72088746
"OC",2082,34076.1939932348,45980.6197548494,126977.986935857,197860.644160332,326048.632031043,1272525.85979882
"OC",2083,34092.1339112005,45913.7674932332,126258.757719624,195426.447980609,316437.857036655,1208809.97968205
"OC",2084,34110.1231405129,45850.0046056276,125550.021145033,193013.420054319,306882.505832074,1145406.5461667
"OC",2085,34129.5979567485,45788.5566451802,124849.55511979,190617.892915388,297375.661220061,1082284.47338656
"OC",2086,34151.2935895765,45730.3944661708,124159.912287007,188243.528643179,287922.012720075,1019455.76870678
"OC",2087,34174.5560030325,45674.6248040606,123478.560849803,185886.222429222,278514.115350292,956888.18916741
"OC",2088,34199.3108193352,45621.1344474668,122805.110422282,183545.174950527,269149.837613673,894569.604744981
"OC",2089,34225.5618177973,45569.9151281539,122139.457291207,181220.025886701,259827.738611521,832490.427128138
"OC",2090,34253.3641440633,45521.0269271213,121481.680674339,178910.685668693,250546.762658522,770642.286194742
"OC",2091,34283.092414457,45474.9532606223,120832.982013224,176618.698329246,241308.055435111,709023.107434519
"OC",2092,34314.3184173746,45431.1110269916,120191.719001223,174341.426063238,232106.934598334,647613.045711614
"OC",2093,34346.6602803754,45388.9827473326,119556.449279251,172076.588638406,222939.50318225,586396.239081873
"OC",2094,34380.6446323963,45349.2531661721,118928.907339863,169826.504371453,213807.942638974,525373.531608932
"OC",2095,34416.1558124005,45311.7563284438,118308.575062314,167590.218925706,204710.053720021,464533.40725233
"OC",2096,34452.6968454359,45275.8264315523,117693.642772805,165364.983607967,195641.61043438,403860.792908074
"OC",2097,34490.8459546523,45242.2129712337,117085.994329028,163153.277127932,186604.750093698,343354.916808055
"OC",2098,34530.6142108803,45210.9173626853,116485.551819108,160954.777060248,177598.084400192,283006.3498593
"OC",2099,34571.6778614298,45181.5034551367,115891.115048625,158767.623693969,168618.593407928,222803.514407988
"OC",2100,34614.2350962377,45154.2191914514,115303.25083923,156592.410636009,159666.020565442,162739.630494869
"QM",2020,5041.84098723018,16825.3297125327,100787.108020998,358119.427518583,1466722.33408494,12770054.7811102
"QM",2021,5451.05243683425,17877.0320194875,105941.625729796,382350.507022413,1569701.39105778,14058676.6858477
"QM",2022,5500.30599910402,18260.5807182934,113267.493770572,402411.809773324,1702858.95737622,15089094.7489087
"QM",2023,5766.30021676087,18563.7669526816,112102.989606873,402217.197871709,1675707.72138168,15408777.9698248
"QM",2024,5954.77342364946,18942.1151895403,115018.014038314,415309.009383832,1811707.83179048,15989996.9741473
"QM",2025,6190.28943871589,19691.2908791899,119567.067780573,431734.81032578,1883362.31444693,16622414.0453526
"QM",2026,6715.32438207661,20287.7128317684,120562.282468465,431034.617059349,1871655.16034369,16498483.0081225
"QM",2027,7272.58366973833,20929.6089318427,121694.120689098,430599.680241093,1860645.54086755,16379613.9249202
"QM",2028,7842.72886729642,21558.3677201868,122613.792343286,429182.195753395,1844913.54675325,16218026.8130646
"QM",2029,8430.30198695489,22188.2995679172,123407.854180748,427094.153309257,1825819.06461449,16025721.2859372
"QM",2030,9035.70164440531,22820.8936376395,124085.889490527,424371.040851469,1803518.68627465,15804083.6553948
"QM",2031,9610.68307316453,23339.2718925306,124027.701076498,418919.755276961,1769176.49498472,15475830.9179281
"QM",2032,10205.9509616058,23875.1865002262,123961.045228814,413249.96506708,1733502.40257042,15134921.0895228
"QM",2033,10819.4617516652,24422.593611863,123850.340318949,407235.017805236,1695947.59198221,14776519.1163442
"QM",2034,11451.712089586,24981.8288701519,123694.581107086,400866.308300973,1656464.49819477,14400181.3170642
"QM",2035,12104.7517798114,25556.4775692312,123508.358445085,394184.784000346,1615208.09356463,14007219.1408566
"QM",2036,12633.1660861937,25847.9769459381,121879.923143391,382748.710145812,1554123.77132409,13441431.1722977
"QM",2037,13178.8945597456,26163.7289395697,120323.35672777,371448.879031957,1493385.38465211,12878104.8974104
"QM",2038,13737.5495219972,26493.3300915594,118784.181027312,360102.791176874,1432225.4520609,12310534.7785818
"QM",2039,14309.524492787,26836.524731921,117257.156350256,348685.498761241,1370522.99527642,11737624.1425558
"QM",2040,14895.3781186608,27193.4037205429,115738.709968287,337177.358301438,1308178.73480915,11158464.3979347
"QM",2041,15495.4111947243,27563.6066123067,114223.431172812,325553.564997299,1245073.84889238,10571981.5542315
"QM",2042,16110.2717039654,27947.4269885929,112708.778931048,313797.874884128,1181123.23136331,9977390.54959218
"QM",2043,16740.2141767637,28344.4789083356,111189.485331331,301886.48533658,1116213.41276946,9373666.96754192
"QM",2044,17385.6914826292,28754.7547769225,109661.962024694,289800.648307383,1050250.93793425,8759958.1892781
"QM",2045,18047.0342061135,29178.0633602343,108122.007872246,277520.224257211,983137.936393072,8135376.56764371
"QM",2046,18724.3921383199,29613.9569345062,106564.643640622,265023.538212917,914772.407240732,7499004.11473116
"QM",2047,19418.0746274018,30062.2846491473,104986.177415988,252292.720987039,845067.253821647,6850050.34351454
"QM",2048,20128.234172449,30522.6811946439,103382.310906351,239308.851484903,773933.083240977,6187709.95966411
"QM",2049,20855.0938268997,30994.9256213781,101749.426524761,226055.1463036,701289.18260041,5511252.74123771
"QM",2050,21598.6634140871,31478.512911833,100083.146056925,212513.652008861,627052.911817444,4819939.02213515
"QM",2051,21899.3742033141,31852.8491622716,100932.022803828,213250.502013522,625575.334094442,4795725.13964528
"QM",2052,22201.8853782133,32228.3616153323,101776.910220338,213954.748743305,623918.857154363,4769844.97578414
"QM",2053,22506.240493796,32605.1083237243,102617.963914318,214626.632171031,622083.879146134,4742300.49987033
"QM",2054,22812.432074181,32983.0731059757,103455.104218481,215265.895021914,620069.338996729,4713082.49278368
"QM",2055,23120.3682648887,33362.1181623944,104287.872038818,215871.496987073,617871.942723847,4682164.84481612
"QM",2056,23430.3362041863,33742.6525886005,105117.51793949,216445.936989166,615498.527502256,4649598.22301153
"QM",2057,23742.1025922686,34124.3342458497,105942.942797837,216986.845829358,612941.98150911,4615327.53472302
"QM",2058,24056.0966051503,34507.7739963304,106766.010684562,217497.937730519,610212.428328445,4579427.65403125
"QM",2059,24372.2747636975,34892.9012458057,107586.458571632,217978.53372699,607307.451774151,4541878.55526918
"QM",2060,24690.5607397023,35279.5990293147,108403.884031228,218427.683933722,604223.922211453,4502655.03128995
"QM",2061,25011.15680911,35668.1486212147,109219.109126476,218846.908388494,600965.551955241,4461782.89675221
"QM",2062,25334.1441950099,36058.6568287378,110032.41167504,219236.604145359,597532.851682475,4419263.7503508
"QM",2063,25659.7806343375,36451.4803986588,110844.825093184,219598.650709531,593930.288304541,4375128.12954539
"QM",2064,25988.1615907839,36846.7432663145,111656.662294862,219933.459205874,590158.206857322,4329375.63048884
"QM",2065,26319.3828558071,37244.5688980191,112468.229648586,220241.411079843,586216.810723952,4282004.57010902
"QM",2066,26653.8810448218,37645.5612096523,113281.274171818,220525.675484297,582113.599038547,4233066.07186268
"QM",2067,26991.7109851886,38049.7813188958,114095.889872962,220786.138832501,577847.163350123,4182545.53086768
"QM",2068,27333.2473057021,38457.7398655969,114913.511537851,221025.25837059,573422.734554329,4130476.04518454
"QM",2069,27678.5215130492,38869.4617815899,115734.106392774,221242.614673791,568837.876245286,4076834.66644489
"QM",2070,28027.8760809066,39285.4077131385,116558.933564469,221440.239827868,564096.386037864,4021642.84616112
"QM",2071,28381.4935916624,39705.8111680801,117388.561467177,221618.797489872,559198.360348148,3964894.77086237
"QM",2072,28739.3738518965,40130.6487107068,118222.79197853,221777.481018185,554140.096450727,3906557.32264793
"QM",2073,29101.9945238267,40560.5631295008,119063.383861799,221919.135284581,548926.939907362,3846660.85803599
"QM",2074,29469.4192103168,40995.6164240527,119910.370357697,222043.319177721,543555.835652817,3785175.72048802
"QM",2075,29841.7812635281,41435.9670266705,120764.063428143,222150.09636994,538024.91977036,3722080.35926323
"QM",2076,30219.5773715136,41882.2757949613,121626.227715759,222242.163198519,532338.547761318,3657395.57802593
"QM",2077,30602.6282118355,42334.2635576685,122495.880476659,222317.135862987,526488.667852031,3591055.90157872
"QM",2078,30991.4362368643,42792.5946577838,123374.771191639,222377.596565942,520479.017974235,3523076.39797403
"QM",2079,31386.0536802692,43257.3080694498,124262.8254294,222422.767958117,514305.182177938,3453415.65176245
"QM",2080,31786.3460019308,43728.1855961438,125159.231394623,222450.557677221,507959.723432488,3382012.04986302
"QM",2081,31906.31799661,43772.2411770136,124601.030286489,219085.047478477,490557.910796741,3221946.88756035
"QM",2082,32028.8972618238,43819.7856838127,124052.261662076,215734.382085654,473182.135618011,3062019.32576315
"QM",2083,32153.9487862938,43870.6064522611,123512.164516129,212396.68064676,455825.940200226,2902176.52984883
"QM",2084,32281.4733923463,43924.6780371358,122980.515705806,209071.025218888,438485.094054648,2742380.62334995
"QM",2085,32411.3857823864,43981.8584775332,122456.76967417,205755.963242833,421154.303217186,2582587.36476122
"QM",2086,32543.6880733253,44042.1257171963,121940.722073048,202450.641724141,403829.61464896,2422761.31237521
"QM",2087,32678.2685998195,44105.3044346631,121431.748337922,199153.52482973,386505.77820409,2262859.58081041
"QM",2088,32815.3958185822,44171.7329236205,120930.641292365,195865.413172697,369182.130824548,2102866.4223153
"QM",2089,32954.5606859992,44240.702154247,120435.322094135,192582.440430803,351849.141694537,1942715.18608913
"QM",2090,33095.9353865128,44312.4228047554,119946.245596477,189304.90118726,334505.379785382,1782386.77417362
"QM",2091,33239.4896844516,44386.8330718505,119463.120609471,186031.881477843,317147.13512618,1621849.10232663
"QM",2092,33385.05041012,44463.6814959442,118985.152566696,182761.709527258,299769.527615912,1461064.84449815
"QM",2093,33532.4008131969,44542.6614245385,118511.415853169,179492.574028593,282367.740863375,1299998.83809327
"QM",2094,33681.7477977486,44624.0307518438,118042.497367784,176224.993515567,264940.811256582,1138634.89720984
"QM",2095,33832.8483573579,44707.4502071096,117577.397942265,172957.094649962,247484.062009115,976940.068211074
"QM",2096,33985.7926506074,44793.0231987987,117116.29691857,169688.791651037,229995.641074185,814894.48589419
"QM",2097,34140.3308901281,44880.4052195367,116658.203283207,166418.305943252,212471.416676559,652470.320291663
"QM",2098,34296.8141771049,44970.0432391521,116204.192537539,163146.842135531,194911.245341721,489653.450053698
"QM",2099,34454.6895729497,45061.197339846,115752.264268082,159871.251951417,177309.604908156,326414.69121894
"QM",2100,34614.2350962377,45154.2191914514,115303.25083923,156592.410636009,159666.020565442,162739.630494869
"US",2020,10183.3813763644,31389.7977113522,213605.826977106,852402.342319705,3671628.89508471,31615222.3993756
"US",2021,10935.9114204482,33396.9696351188,219561.332039323,904176.058051584,3965187.94540568,38527035.3733051
"US",2022,9400.60224687662,33555.3662796338,229621.481336337,921788.822720565,3955090.27042419,42095938.8253811
"US",2023,9828.89003596954,33880.1598208319,237556.386347079,979648.674154291,4320247.05187939,45552807.4232815
"US",2024,9977.651755456,34393.0824709236,241152.930275138,994480.498870159,4385653.53518522,46242454.4226604
"US",2025,10150.2112023716,34987.8969056588,245323.572555534,1011679.63640867,4461501.63721798,47042198.9472007
"US",2026,10867.1473084409,35156.7115570486,240257.43355455,980886.729752104,4309222.19049635,45389344.7820329
"US",2027,11573.9931748338,35308.2226082951,235117.408403827,949864.282447198,4156055.58891192,43727494.8328765
"US",2028,12273.4373643751,35452.647729395,229977.719142078,918922.461455815,4003376.46906745,42071162.7911934
"US",2029,12967.1354058151,35595.2640343012,224874.201282199,888207.200403069,3851825.32265775,40427093.211697
"US",2030,13653.8090220201,35732.6645158037,219785.678314076,857635.467150437,3701043.13167059,38791521.0889283
"US",2031,14426.9562318513,36099.1916996898,216116.562079756,832620.679205411,3574273.44964725,37407723.6466968
"US",2032,15205.3700200817,36471.3131954923,212452.579518407,807573.054037892,3447269.04389513,36021193.7179222
"US",2033,15990.6151172266,36852.1337370763,208809.286998932,782546.901358197,3320253.03412779,34634236.9458675
"US",2034,16783.3442662525,37242.2877898835,205186.747955926,757535.535743135,3193184.37231621,33246387.3899241
"US",2035,17587.4976546844,37649.3814645132,201622.073366896,732666.301214698,3066581.86572344,31862992.8272099
"US",2036,18485.7539940246,38242.9154217251,198990.250411069,711050.88558108,2953341.24541723,30617657.8484474
"US",2037,19352.048718095,38752.706681919,195842.990975156,687423.531948543,2831417.19164242,29281306.4733269
"US",2038,20232.5664791797,39276.5221957155,192699.053885318,663659.36391244,2708639.2102638,27935233.4821888
"US",2039,21125.7694136304,39810.5240331761,189535.50028204,639670.076365279,2584628.35028492,26575473.2080274
"US",2040,22032.4687730473,40355.6339097332,186353.704318634,615453.274811665,2459360.63158165,25201734.3608613
"US",2041,22953.3080461984,40912.3913568464,183152.892683267,590998.552149307,2332778.14228929,23813371.8947108
"US",2042,23888.7801877334,41481.0358650477,179930.782326077,566290.216416047,2204801.2310534,22409516.0296662
"US",2043,24840.1102105226,42063.0399824263,176690.233458956,541328.237070431,2075410.07592424,20989901.3682146
"US",2044,25806.7750805216,42656.8629352304,173421.154210838,516072.123855761,1944427.99162885,19552670.3112143
"US",2045,26790.0802761564,43264.0771898647,170126.623726136,490521.986035265,1811834.50244824,18097546.9289863
"US",2046,27790.3816941991,43884.6309334841,166802.808107953,464656.515079972,1677526.48471745,16623417.6633776
"US",2047,28808.483951297,44519.1869118633,163448.624835116,438462.17026773,1541429.11333321,15129450.2719788
"US",2048,29845.1358491445,45168.2843251771,160062.31200919,411922.905279471,1403457.00639992,13614702.6131142
"US",2049,30900.9747097345,45832.2699146885,156641.278928805,385020.080745523,1263514.71982991,12078130.3824606
"US",2050,31976.9126792766,46511.8793540325,153184.146269063,357737.651707219,1121514.25348235,10518756.3143208
"US",2051,32052.4026555209,46528.7563593271,152641.968149323,354455.408420906,1105297.57629023,10342777.2338468
"US",2052,32128.6054745816,46546.7300746031,152103.786956172,351183.797743415,1089118.0495546,10167161.9705602
"US",2053,32205.6118497984,46565.9250128457,151569.964947599,347923.504395142,1072977.34577092,9991924.30047098
"US",2054,32283.2953563285,46586.1513836353,151039.839109377,344672.852013817,1056869.83323308,9817009.88723085
"US",2055,32361.8630662247,46607.7012137912,150514.312234431,341433.750008516,1040800.91318727,9642467.03310248
"US",2056,32440.8734604891,46629.9319852703,149991.26624279,338201.245241151,1024755.03777647,9468149.83442303
"US",2057,32521.1647014997,46654.0420204986,149474.513792515,334983.789817547,1008757.37643613,9294289.00555309
"US",2058,32602.8275356432,46680.1501859771,148964.361914345,331781.815938442,992808.446813982,9120886.02763073
"US",2059,32684.9516325279,46706.943913643,148456.562033016,328585.652279964,976878.665717168,8947666.40599793
"US",2060,32767.4448684233,46734.28778037,147950.658974214,325394.204938754,960964.512855671,8774596.75741405
"US",2061,32850.5195594903,46762.48078629,147447.574287029,322209.412926805,945071.440539038,8601725.69486899
"US",2062,32934.1875857757,46791.5348720501,146947.312950804,319031.172032178,929198.781516856,8429045.58796516
"US",2063,33018.0062294043,46820.8172631753,146447.862869447,315855.025847999,913333.277850095,8256434.96254828
"US",2064,33101.6815809064,46849.9106420329,145947.915161609,312678.138698677,897466.689367969,8083819.15156071
"US",2065,33185.7551353793,46879.5809965371,145449.853352491,309505.607417818,881613.614467148,7911329.51256405
"US",2066,33270.0527043128,46909.5794159004,144952.886322177,306335.681106937,865768.848142996,7738918.37222793
"US",2067,33354.4569971427,46939.7389520887,144456.487757634,303167.209971841,849929.018974254,7566555.0494624
"US",2068,33438.4628755721,46969.3491293458,143958.473874478,299995.620690915,834081.33749357,7394125.8285537
"US",2069,33522.2334738405,46998.641735853,143459.572686832,296822.494146292,818230.40913705,7221672.49122155
"US",2070,33605.5842718494,47027.3603123289,142959.016325572,293646.29600317,802372.184853134,7049160.128041
"US",2071,33688.1845113633,47055.0460446212,142455.437088583,290464.315769143,786499.588758689,6876528.10197553
"US",2072,33769.627437615,47081.1375673657,141947.180918919,287273.347543203,770604.501400741,6703708.04147585
"US",2073,33850.4501904366,47106.3911856929,141436.577916645,284078.290760231,754700.688804027,6530822.63684674
"US",2074,33930.4175883448,47130.4848138603,140922.695940894,280877.402380097,738783.961862926,6357837.73720596
"US",2075,34010.0076333089,47154.0875369795,140407.570110224,277674.866891919,722865.768616003,6184853.98358343
"US",2076,34088.5152835171,47176.2262589044,139888.332783345,274465.124621095,706932.022642512,6011752.73008745
"US",2077,34166.2057746524,47197.2753378703,139366.143303285,271250.634855871,690989.704276109,5838596.50590366
"US",2078,34242.3418049749,47216.2239973908,138838.06938874,268025.887498957,675025.472045395,5665276.02753676
"US",2079,34318.0768808005,47234.6712590866,138308.870394739,264800.287561258,659063.784655661,5492000.44195766
"US",2080,34392.180788866,47250.9295698869,137773.643615509,261564.595168411,643082.170727156,5318585.16324004
"US",2081,34419.1574989147,47160.0892710486,136637.716691302,256089.708595129,617621.956985325,5046362.27708742
"US",2082,34445.1498945325,47068.6579090375,135505.250826932,250641.143313812,592297.878044572,4775632.25654828
"US",2083,34468.5429355598,46974.4368825828,134369.973478516,245207.516970297,567083.851862456,4506189.16679419
"US",2084,34490.6475607329,46879.2279814348,133237.143113702,239798.831226312,542004.535077879,4238237.27162616
"US",2085,34510.0482606627,46781.1178687283,132101.394770185,234405.7155861,517039.836376626,3971625.54838236
"US",2086,34528.5111966273,46682.5150157518,130969.628229808,229040.80151353,492219.119655942,3706588.15742637
"US",2087,34545.7731560666,46583.0659832929,129840.868679812,223702.450663226,467539.124767037,3443102.08127436
"US",2088,34561.779678808,46482.70177981,128714.954662981,218390.507773918,443000.016994383,3181171.49748152
"US",2089,34576.0257707389,46380.7497626608,127590.069013036,213102.071954169,418596.649559571,2920764.04069023
"US",2090,34588.6064226046,46277.3469859342,126466.655941795,207838.156416526,394332.127834671,2661908.55002288
"US",2091,34599.4631947979,46172.4242978903,125344.58966768,202598.811317301,370207.62004587,2404620.0560846
"US",2092,34609.0020491166,46066.5313654047,124225.417886874,197386.765389879,346229.077160262,2148943.88200624
"US",2093,34616.8480150984,45959.1753887685,123107.856025088,192200.160143728,322394.028321882,1894870.37454092
"US",2094,34622.7507764228,45850.0336403781,121991.107308368,187038.032348788,298702.092261627,1642406.58939706
"US",2095,34626.5483635642,45738.903325963,120874.714821447,181900.026508966,275154.246309208,1391570.12192672
"US",2096,34628.4715001786,45626.1010594507,119759.59919582,176787.880748187,251754.728721436,1142395.84416145
"US",2097,34628.2884638124,45511.3324397308,118645.065188496,171700.896734842,228504.070383349,894899.69614108
"US",2098,34625.5742397557,45394.0525611177,117529.789680229,166637.574744455,205402.244492053,649100.263693198
"US",2099,34621.3553269136,45275.620087307,116417.382639997,161603.428886871,182457.964316823,405044.722209658
"US",2100,34614.2350962377,45154.2191914514,115303.25083923,156592.410636009,159666.020565442,162739.630494869
"CA",2020,16549.853189207,29871.2060159108,127153.775368381,410959.77054612,1354284.82062183,6238014.94853138
"CA",2021,13656.497693598,31307.9017572398,143068.967542633,487313.070430166,1728883.44276749,8762791.74316341
"CA",2022,13011.8336048079,32544.1621643837,124847.997999044,421145.468244277,1012276.39997469,10476056.5533654
"CA",2023,13087.6653734007,32997.4313018961,127049.901473525,428826.896529872,1030776.49338287,10668102.5193605
"CA",2024,13409.96069565,33940.0392338907,131055.043453601,442461.051368499,1063590.30958705,11007938.1785566
"CA",2025,13496.3393977887,34158.6600491262,131899.21927329,445311.11276924,1070441.30286246,11078844.5320253
"CA",2026,13985.9696938849,34314.5586770336,130994.235476121,436317.901272064,1043292.19612089,10759840.2405109
"CA",2027,14471.6313499626,34455.0840716224,130022.477381373,427070.0424685,1015503.7596936,10434032.0210453
"CA",2028,14955.2548083576,34586.050505646,129007.687498984,417652.783226942,987285.650625515,10103622.3602426
"CA",2029,15438.3163541696,34711.5966695454,127966.406426497,408124.171939868,958779.459858518,9770090.81163516
"CA",2030,15919.8577356951,34830.0837630882,126893.400197687,398470.84881246,929957.088641706,9433174.1588739
"CA",2031,16416.4124047804,34977.3098658392,125918.486263168,389097.950363712,901761.530285496,9102419.96984722
"CA",2032,16914.393452971,35122.8869285734,124929.889075006,379650.029407629,873358.780831869,8769336.84071855
"CA",2033,17413.9856624089,35267.3331103758,123929.679661612,370134.354743648,844766.570813447,8434110.05038372
"CA",2034,17915.657848176,35411.6772859753,122921.611554235,360562.734606338,816012.479882727,8097019.50928145
"CA",2035,18422.0342386928,35561.0121480319,121923.194632247,350985.794066553,787210.291543429,7759188.49090005
"CA",2036,19010.3547974386,35860.7196682738,121426.098526598,342788.829610855,761434.14747777,7450675.27915116
"CA",2037,19628.414960391,36204.5123850126,121055.852700863,334849.20545417,736117.381066765,7145822.19602612
"CA",2038,20255.8950545172,36552.9091906541,120676.624962495,326773.81540195,710376.039806683,6835899.76891266
"CA",2039,20895.8871436814,36911.1383431443,120304.990140482,318604.380702424,684297.15079161,6521717.55355256
"CA",2040,21548.4409055412,37278.7348954909,119938.331242188,310328.828440767,657848.677256361,6202923.24782301
"CA",2041,22214.8474141254,37657.3791531401,119580.928478017,301952.908841384,631036.337109969,5879520.32722875
"CA",2042,22895.4754273253,38047.0895937548,119231.580624571,293467.552118414,603833.657495085,5551202.69963661
"CA",2043,23590.7153397452,38447.92223759,118889.207471894,284864.002666247,576214.832867626,5217670.57521228
"CA",2044,24300.9158181011,38859.8657692069,118552.522045345,276133.016604463,548153.079390387,4878615.3821773
"CA",2045,25026.9502710053,39283.7369068997,118222.739101572,267271.055360568,519632.774494789,4533826.51711313
"CA",2046,25768.486632585,39718.438841945,117895.266842729,258261.211196986,490611.966351461,4182860.79092031
"CA",2047,26525.6726805504,40163.6824026947,117568.066142831,249092.964718406,461061.982331395,3825398.17498346
"CA",2048,27299.7040446334,40620.7607566323,117243.719831706,239765.537647644,430972.10384695,3461266.92201826
"CA",2049,28090.5876910496,41089.1437035075,116919.418552614,230266.442471817,400309.516286468,3090108.18297251
"CA",2050,28898.8976506306,41569.1553026388,116594.843424613,220588.415614173,369050.996177242,2711641.9879833
"CA",2051,29077.9946438235,41754.6345751291,116938.515429523,220280.825734573,366944.266459499,2680439.79448324
"CA",2052,29258.0675336159,41940.8976903038,117282.868688157,219966.294149825,364812.241471597,2648916.63075465
"CA",2053,29438.5128616827,42127.077349697,117625.472369367,219640.231693657,362647.259655433,2617016.36318619
"CA",2054,29618.8213508434,42312.4467480903,117964.301989685,219298.884626471,360443.167935266,2584695.03597986
"CA",2055,29799.7396499366,42498.075157307,118302.34510097,218947.842322956,358209.213040019,2552019.55887873
"CA",2056,29981.9397583676,42684.9182669164,118642.255490312,218591.980331462,355953.310524584,2519045.70853548
"CA",2057,30164.50718348,42871.6704331539,118980.395005761,218224.545577185,353664.378435582,2485694.19358185
"CA",2058,30348.0981073172,43059.2634407702,119319.34756416,217850.266116644,351350.060132131,2452018.5394781
"CA",2059,30532.4187437872,43247.2771786948,119657.940893013,217466.957038465,349006.754943795,2417992.83059951
"CA",2060,30716.5507682204,43434.411262033,119992.577953393,217068.086054989,346623.988015112,2383544.58380877
"CA",2061,30900.6446646507,43620.8828811122,120323.869713733,216654.818749807,344203.725490833,2348688.40444748
"CA",2062,31085.3594289538,43807.6243877263,120654.393162643,216231.82386211,341753.434676746,2313475.76584307
"CA",2063,31270.2360160909,43993.9888859222,120982.366682248,215795.908751506,339268.070148246,2277872.51888287
"CA",2064,31454.6518402557,44179.104128727,121305.40079139,215342.862076226,336741.1004692,2241835.75167502
"CA",2065,31638.476730554,44362.7941705867,121623.02964033,214871.952468912,334171.551357063,2205360.76766482
"CA",2066,31822.0941202307,44545.6031989715,121936.76158387,214385.93595657,331563.871382494,2168478.649994
"CA",2067,32006.2185570043,44728.5344926547,122249.350568608,213889.69683413,328925.690279589,2131240.10812675
"CA",2068,32189.4956144754,44909.6980767725,122555.638156592,213374.249485062,326243.261036024,2093556.83600505
"CA",2069,32371.9437389115,45089.1287499486,122855.742181321,212839.926572864,323517.322613186,2055436.06454506
"CA",2070,32553.8655221108,45267.2561878535,123150.854150518,212288.908217985,320751.399209064,2016902.47144415
"CA",2071,32735.6339671909,45444.6049603698,123442.416100363,211723.763711216,317949.525136544,1977983.09030985
"CA",2072,32917.3177991362,45621.2744541225,123730.708092357,211145.029947611,315112.610340179,1938684.72263034
"CA",2073,33098.2350250927,45796.3246674442,124013.193922418,210548.452976188,312234.442700142,1898970.66006424
"CA",2074,33278.6398559253,45970.1150318608,124290.866480391,209935.828499649,309317.88889644,1858860.60716028
"CA",2075,33459.4994805409,46143.9858783996,124567.360583839,209313.357435869,306372.199750748,1818411.44038345
"CA",2076,33640.7260112861,46317.8160707031,124842.349398153,208680.491596946,303396.574750847,1777618.42957186
"CA",2077,33821.7062450972,46490.763175777,125113.567003957,208033.470055683,300385.59614412,1736450.40211893
"CA",2078,34002.2553806974,46662.5781779317,125380.356092621,207371.272402121,297337.927721916,1694901.20352295
"CA",2079,34183.1263528727,46834.2984748344,125645.514668995,206698.586166189,294260.40438523,1653011.10477388
"CA",2080,34363.6151973031,47004.9618582722,125906.467245369,206011.207850572,291147.105836936,1610747.58999747
"CA",2081,34385.6923762972,46920.6634688688,125385.970728755,203485.624889921,284360.406104864,1535587.60791525
"CA",2082,34406.5813384478,46835.2125739066,124863.604098562,200963.894586915,277592.437558281,1460686.5795932
"CA",2083,34426.6090136264,46749.0611507515,124340.590313858,198448.087856412,270846.261248095,1386063.01023381
"CA",2084,34445.630891659,46662.0181666513,123816.434764606,195937.492458037,264121.05713507,1311714.54379716
"CA",2085,34463.1676612211,46573.4419733873,123289.454747157,193429.55960567,257413.616175247,1237628.02147495
"CA",2086,34479.5383622638,46483.7733761025,122760.842317267,190926.304096254,250726.909436894,1163821.32586894
"CA",2087,34494.6271253228,46392.8640286212,122230.226237898,188427.266868249,244060.573314396,1090295.77911752
"CA",2088,34510.1640881046,46303.0438212529,121703.752808424,185941.967900845,237427.030345888,1017108.04730515
"CA",2089,34524.8778275132,46212.6027878781,121176.91684382,183463.46224395,230817.285360746,944217.94975305
"CA",2090,34536.4261666747,46118.4173557176,120641.558085556,180979.570705726,224216.380240741,871569.08504884
"CA",2091,34547.7761141042,46024.466381722,120108.129270825,178506.232195399,217644.603294863,799247.539125464
"CA",2092,34558.4969819082,45930.1754354251,119575.129564238,176041.205843482,211099.200517876,727242.90296415
"CA",2093,34568.373968437,45835.261741829,119041.829960804,173583.460322015,204579.024765301,655552.458692166
"CA",2094,34577.2445623051,45739.5143470093,118507.69459262,171132.284628332,198083.389878642,584176.135642831
"CA",2095,34585.4329034644,45643.3665136903,117973.857944109,168689.387100204,191614.425844941,513122.393754613
"CA",2096,34592.6076851551,45546.3844638025,117439.208056025,166253.232044336,185170.507661293,442388.618019963
"CA",2097,34599.7277771138,45449.8332134609,116907.01344994,163828.486308803,178756.921511837,371988.747643286
"CA",2098,34606.4991547167,45353.3240682343,116376.267706335,161413.700432581,172371.998091839,301917.979899935
"CA",2099,34611.205133751,45254.6117855267,115841.221765288,159000.972904467,166007.463680716,232164.363684574
"CA",2100,34614.2350962377,45154.2191914514,115303.25083923,156592.410636009,159666.020565442,162739.630494869
"AU",2020,10957.1722898448,33710.8998358096,139911.845286887,431370.366029901,1666073.34093871,3223929.53060392
"AU",2021,11067.8227558137,33638.0077554857,151651.078575873,490499.196545364,1858536.87099894,3452913.05320238
"AU",2022,10843.9506813387,33605.7450557431,147758.380383329,475683.592802626,1808580.65888997,3561117.98081173
"AU",2023,10937.3497072555,34226.8287258891,152909.963633967,487668.983307129,1721787.56213723,3378178.85277836
"AU",2024,11005.5414234858,34798.841528786,155387.668908583,495844.41242643,1750314.7555613,3433141.66681747
"AU",2025,11132.9533525898,35201.7101709688,157186.602908537,501584.838153042,1770578.27290805,3472887.38997862
"AU",2026,11631.9209591056,35099.1869626066,154472.839885067,487402.057623702,1710240.4058322,3350606.704053
"AU",2027,12128.5635672492,35004.0232905448,151811.691319041,473435.527666047,1650755.84129044,3230034.14313117
"AU",2028,12607.0289607639,34871.3855916436,149010.064244511,459086.475131152,1590043.2740976,3107099.72490237
"AU",2029,13068.3815543919,34708.5148101748,146105.494962246,444487.417626623,1528594.18135182,2982776.52098994
"AU",2030,13511.7612586057,34516.6020737718,143108.552915545,429684.937297773,1466596.90686083,2857443.10721794
"AU",2031,13925.5865761579,34270.2573441586,139920.941598493,414402.282732181,1403143.18824645,2729344.25524482
"AU",2032,14322.0047092578,34003.9868278608,136691.502271435,399101.580656267,1339840.45760626,2601623.71948611
"AU",2033,14701.303749831,33720.3766869036,133434.032212246,383832.365096443,1276873.81102455,2474648.47500448
"AU",2034,15063.4713520024,33420.9958555151,130157.696150108,368629.166447003,1214374.97100102,2348680.65026672
"AU",2035,15410.8382656578,33112.2393963133,126889.741448486,353575.727745176,1152633.58878377,2224286.09908102
"AU",2036,16028.2568784613,33388.229881417,125871.502324972,344816.469004832,1111464.90606881,2139613.97513549
"AU",2037,16689.4436147304,33739.6365142233,125105.464874255,336654.979721624,1072021.28788589,2058178.11356427
"AU",2038,17357.1070434577,34086.8224899992,124287.417911395,328246.33672674,1031554.20909937,1974677.00038134
"AU",2039,18036.6776811336,34440.5887953063,123457.038538819,319696.211357989,990397.739371075,1889750.98941445
"AU",2040,18728.6477948272,34801.3970908766,122614.918200851,311002.89198891,948539.142629315,1803372.53782223
"AU",2041,19434.4496203677,35171.3648751997,121767.274857328,302178.294493295,906005.739515478,1715589.59182925
"AU",2042,20154.190038226,35550.0603253008,120911.146746029,293210.437503713,862750.529711084,1626308.16188618
"AU",2043,20887.9417020194,35937.0392052929,120043.645317281,284087.888215586,818729.035102059,1535439.42978138
"AU",2044,21635.7502796838,36331.8581444942,119162.001611216,274799.878762084,773899.651772676,1442900.41655229
"AU",2045,22398.3331523097,36735.2200977452,118267.252803394,265344.573250693,728246.328288719,1348655.97557326
"AU",2046,23177.0241765032,37148.7552412498,117363.204160652,255725.609248444,681766.085503114,1252694.20937645
"AU",2047,23970.8505563324,37570.3372745372,116441.636100312,245919.87946343,634383.16151046,1154868.73728503
"AU",2048,24781.094254453,38001.4850149493,115505.927430784,235929.833946356,586090.707646007,1055160.19536573
"AU",2049,25608.235192288,38442.3880787586,114555.141983586,225748.1205074,536854.65219171,953498.646937028
"AU",2050,26452.0812364732,38892.2357095935,113585.386594477,215361.647916363,486627.540879195,849790.537631292
"AU",2051,26678.9079688003,39142.0062796178,114073.077703099,215381.338276409,483839.055019095,843227.353750924
"AU",2052,26906.1755473867,39391.3863381175,114556.629170191,215381.953297245,480972.323552224,836506.520345873
"AU",2053,27133.8147492169,39640.2777639279,115035.764990047,215363.009186389,478026.377033618,829626.418457087
"AU",2054,27362.8937440858,39890.2413822979,115515.015585488,215332.990995695,475020.060140735,822619.760172648
"AU",2055,27593.0572028343,40140.7539972336,115992.85076276,215288.989223536,471946.772932007,815475.004758151
"AU",2056,27823.3903122184,40390.4846412889,116465.424047008,215223.862937546,468790.856046483,808165.09117831
"AU",2057,28054.127526675,40639.7783996392,116933.744330719,215139.529020761,465556.653329515,800697.61249297
"AU",2058,28286.163896059,40889.9324014711,117401.545460581,215042.863191258,462259.063128008,793098.204093536
"AU",2059,28518.2068102187,41139.0770937809,117863.456770269,214924.017103799,458876.879769494,785330.461060872
"AU",2060,28749.9916251423,41386.8383432267,118318.428823037,214781.162794106,455406.479323821,777388.357793444
"AU",2061,28982.4841332745,41634.6127053416,118770.472600545,214621.651872566,451863.680298425,769299.043784666
"AU",2062,29215.6234126559,41882.3132657254,119219.341944378,214445.046349286,448247.582969666,761061.001637374
"AU",2063,29449.6067759902,42130.2232575438,119665.844193792,214252.802672181,444561.245732414,752679.433139879
"AU",2064,29683.2845343185,42376.7005524988,120105.322801237,214036.613355011,440787.529579709,744125.384652841
"AU",2065,29916.7889766893,42621.9429867019,120538.365173543,213797.628162793,436929.145265335,735403.657341738
"AU",2066,30151.3942483036,42867.7701962441,120970.130452227,213545.048297663,433005.065842606,726546.296785601
"AU",2067,30387.2467175959,43114.3867417571,121401.185327427,213279.83318493,429017.099097619,717556.244600448
"AU",2068,30623.5589410529,43360.673301885,121828.371823417,212996.410769327,424953.955413662,708414.563638582
"AU",2069,30859.8174777158,43605.9068818386,122249.670568046,212691.297174715,420808.8424225,699110.038007712
"AU",2070,31095.6967305248,43849.6352691831,122663.837413298,212362.419981453,416577.974262084,689636.592748223
"AU",2071,31330.9685664915,44091.5470852946,123070.032396167,212008.446457566,412259.152998109,679990.875980161
"AU",2072,31565.9895606711,44332.1546525289,123469.717267378,211632.019009462,407857.94516571,670182.366810747
"AU",2073,31801.3746530445,44572.3282577055,123865.335963271,211237.405522177,403382.848994145,660225.220790304
"AU",2074,32037.302640634,44812.3210950504,124257.59996425,210825.850261031,398836.348172665,650123.579155257
"AU",2075,32273.6170709818,45051.9163293054,124645.914100172,210396.367382553,394216.661560383,639874.598437522
"AU",2076,32509.5017432969,45289.9797519815,125027.156017195,209943.748459795,389514.248064042,629462.949041244
"AU",2077,32746.4413286205,45528.5852374065,125407.067699632,209477.702127949,384747.356419231,618918.293162124
"AU",2078,32983.3770700165,45766.2609101873,125781.595381121,208991.458908232,379903.559742122,608220.645331837
"AU",2079,33220.3803414332,46003.1116372845,126151.045115171,208485.598294279,374984.164961398,597372.286334923
"AU",2080,33457.5790483487,46239.3195745171,126515.931847975,207961.032846479,369991.034380226,586376.348892001
"AU",2081,33533.8569795407,46206.7759513089,126003.090086987,205424.76280381,359364.467523976,564892.471080887
"AU",2082,33608.5994806056,46172.3846284702,125486.035448644,202884.934568518,348743.726952214,543427.057583126
"AU",2083,33681.2638356711,46135.4184041249,124962.848409583,200338.67332861,338124.710506931,521974.375941709
"AU",2084,33751.847814061,46095.8967865567,124433.651743335,197786.458167449,327509.271737297,500538.123935925
"AU",2085,33819.7634952519,46053.0414870097,123896.421127037,195225.381770357,316893.755317819,479113.660451546
"AU",2086,33886.4442887675,46008.8277349588,123356.543244183,192664.227540456,306293.531829819,457725.15079063
"AU",2087,33951.9632576583,45963.3660873034,122814.350024356,190103.65868986,295710.205859978,436375.460393573
"AU",2088,34017.122745421,45917.7502177939,122272.787226636,187548.330914567,285151.387440594,415076.138868635
"AU",2089,34080.3019228406,45869.7996918634,121726.072012959,184989.470123365,274604.107496788,393808.637787217
"AU",2090,34141.187473392,45819.1139928401,121173.208346872,182425.837914814,264067.602884832,372572.841180638
"AU",2091,34200.2770427464,45766.3824121848,120616.086909899,179860.560895536,253547.504118766,351377.72403067
"AU",2092,34257.1165595415,45711.0163889394,120053.217069914,177291.667238632,243042.030499157,330221.775857874
"AU",2093,34310.9931357056,45652.0897062271,119482.245878499,174716.013595865,232548.204989926,309102.264404345
"AU",2094,34361.5743422487,45589.191449399,118902.198047966,172132.592244989,222066.38465395,288021.38799384
"AU",2095,34408.862999399,45522.3588681979,118313.277950577,169542.148473027,211599.373557681,266984.712933967
"AU",2096,34455.1303322883,45454.6213303628,117723.437815236,166956.409467212,201163.181833356,246013.92699525
"AU",2097,34500.1712781615,45385.7163961962,117132.023972421,164374.558044486,190757.284631647,225108.903783869
"AU",2098,34542.055465157,45313.1212655981,116532.579265851,161787.760245586,180372.392503221,204259.801281497
"AU",2099,34579.4900644289,45235.1753953009,115920.947879009,159190.73364393,170004.699458797,183464.833709533
"AU",2100,34614.2350962377,45154.2191914514,115303.25083923,156592.410636009,159666.020565442,162739.630494869
"NZ",2020,11558.5745295108,26174.6153757174,118047.412702088,455888.288022391,2081638.42521667,18620005.4860621
"NZ",2021,11389.4324796689,25680.4452138164,114169.518214903,537911.183097827,3125685.49561958,47606397.423711
"NZ",2022,13158.8828194041,27362.5530811985,118066.674013622,428185.803053142,1846522.63117173,14902945.0949026
"NZ",2023,13178.9467563882,27736.0971006062,120381.586169591,437062.841872456,1885317.45772361,15217106.5685694
"NZ",2024,12694.9937682523,26746.5782298323,117621.622753195,427975.907524354,1848273.98917416,14923500.1005882
"NZ",2025,12960.7311433528,27306.4497525337,120083.731979564,436934.49358969,1886962.8997255,15235885.582333
"NZ",2026,13333.1171321717,27530.5662150754,119388.996649194,429100.477742962,1842705.85434191,14855810.1350168
"NZ",2027,13736.4201786025,27809.7364721287,118906.133815952,421941.903783709,1801178.2275174,14497363.8026821
"NZ",2028,14148.7128200953,28097.2860585947,118428.458113027,414702.219993266,1759103.88380186,14134074.7969014
"NZ",2029,14574.2904330919,28401.1468245465,117987.499231364,407485.565710177,1716911.76964717,13769361.2144957
"NZ",2030,15013.9388835733,28721.9576272101,117583.017939799,400281.443210632,1674537.6349735,13402663.0391881
"NZ",2031,15430.2416181831,28988.5450197736,116924.979520496,392107.041147705,1627879.51547325,13001170.4225867
"NZ",2032,15854.7950921267,29262.1206821962,116266.507377356,383832.645226605,1580596.2061573,12594208.2362119
"NZ",2033,16289.6086139223,29545.9947547994,115619.390410478,375492.409815246,1532818.03542158,12182791.3455969
"NZ",2034,16735.6627380555,29841.420442141,114986.703185152,367089.827691915,1484544.97076322,11766886.5265597
"NZ",2035,17196.8569280042,30154.6882174752,114390.336972052,358686.325269211,1436006.48156414,11348268.499247
"NZ",2036,17594.8306401956,30349.7884903881,113319.373540733,348698.254157626,1380904.36431765,10877263.4054082
"NZ",2037,18049.6792427894,30636.2644057985,112564.943439658,339592.542158171,1329083.61469706,10431599.0490526
"NZ",2038,18517.0658736564,30935.7540370949,111827.561016362,330421.971837007,1276733.47557484,9981116.67052466
"NZ",2039,18994.7868116561,31244.0561217371,111090.074860972,321128.317986564,1223610.70860361,9523870.20656466
"NZ",2040,19483.0929980022,31561.2031864918,110351.140411475,311701.990703653,1169664.66929933,9059430.61472244
"NZ",2041,19982.5535922141,31887.7352672951,109611.156446872,302138.200778627,1114862.41498814,8587505.17372647
"NZ",2042,20493.5389841836,32223.8498130036,108869.243612427,292428.22977817,1059155.45133246,8107678.68396344
"NZ",2043,21015.6615983235,32568.5599368845,108120.551298338,282552.815829877,1002457.42517675,7619246.99704772
"NZ",2044,21548.895014742,32921.4881669828,107362.454685808,272499.361523165,944707.946959595,7121709.45790859
"NZ",2045,22093.818209353,33283.1915645496,106595.416462266,262263.275566163,885874.860730089,6614779.54920173
"NZ",2046,22650.8274034572,33653.9264522665,105818.829522212,251836.872264196,825914.214962707,6098078.93180951
"NZ",2047,23219.6481953332,34032.9538229012,105028.961635405,241205.048416488,764757.791861832,5571050.27029538
"NZ",2048,23801.8740826976,34422.2768161831,104230.561949004,230372.263609602,702399.662852955,5033590.77320292
"NZ",2049,24396.7760585061,34820.4801228664,103417.768051774,219318.328849369,638754.882304728,4485019.45656073
"NZ",2050,25005.9162622709,35229.4509712925,102594.669914618,208044.833346905,573804.198388936,3925123.93147571
"NZ",2051,25260.0975720233,35539.8513966637,103284.73808924,208424.294259026,571255.484325592,3895414.07229409
"NZ",2052,25515.3710560233,35850.9664309165,103973.192415428,208782.863012157,568587.03544249,3864673.09468218
"NZ",2053,25772.2381805612,36163.497147203,104662.050269236,209124.514733556,565809.40732915,3832971.8109931
"NZ",2054,26032.0049802978,36479.2683394295,105356.557609772,209459.562239024,562949.897464073,3800493.03735402
"NZ",2055,26293.4608462766,36796.5731462149,106051.737906166,209777.886130633,559980.497651924,3767044.84799983
"NZ",2056,26555.6989974721,37114.1384208711,106743.903099506,210072.101007976,556881.167506703,3732491.27985797
"NZ",2057,26819.0096234432,37432.36844164,107434.210105426,210344.455540891,553657.76581867,3696871.23830473
"NZ",2058,27084.0932374024,37752.2372890072,108125.438084511,210600.311009587,550324.112133385,3660275.95374154
"NZ",2059,27350.7551135817,38073.4676742739,108816.766292638,210837.94000244,546875.219742703,3622670.55522054
"NZ",2060,27618.5178440975,38395.3907915896,109506.264026118,211053.508357771,543300.799204094,3583985.63222404
"NZ",2061,27886.9153142581,38717.3570469552,110192.071332353,211243.395972886,539591.400302827,3544158.36458889
"NZ",2062,28157.5775249921,39041.6266207293,110880.607798335,211419.845917179,535778.05913827,3503391.73038269
"NZ",2063,28430.6756175173,39368.4276922066,111572.479941849,211583.811612974,531862.430624656,3461693.72220522
"NZ",2064,28705.1891098613,39696.3393528754,112263.625103781,211727.413688855,527824.048456145,3418928.66089985
"NZ",2065,28982.8562859959,40027.758240326,112960.788088201,211863.21054378,523693.60521311,3375293.03241461
"NZ",2066,29262.5347421321,40361.0951785013,113659.431908514,211982.435810098,519448.452082738,3330637.12911436
"NZ",2067,29543.6033413042,40695.4873393622,114357.098807673,212080.367637527,515076.489677978,3284881.33907478
"NZ",2068,29825.1631859368,41029.6942958534,115050.292917017,212150.472453269,510561.656013052,3237922.47539778
"NZ",2069,30108.4683834023,41365.4400618994,115743.842857171,212201.626198212,505925.203625009,3189894.8953633
"NZ",2070,30392.8143819532,41701.7522143252,116435.007234946,212228.701260043,501154.511189627,3140717.45567663
"NZ",2071,30678.9155482753,42039.6077445767,117126.499231394,212236.570070062,496260.798330527,3090459.32847273
"NZ",2072,30968.2095207154,42380.9683943183,117823.746340761,212234.877439312,491265.867548947,3039253.2704888
"NZ",2073,31260.0626194966,42724.9547502055,118524.247373783,212218.836654168,486157.522379426,2987019.28508775
"NZ",2074,31552.6698810451,43069.0931641252,119221.109168095,212175.950455837,480906.51494738,2933575.12573905
"NZ",2075,31846.580173218,43414.1315799436,119916.396323956,212109.864033436,475520.99016178,2878969.9907269
"NZ",2076,32142.0131101985,43760.3658145548,120610.909403296,212021.910330978,470003.6004499,2823218.52805583
"NZ",2077,32440.0957357279,44109.3240093122,121308.831017478,211919.294823095,464369.720346521,2766410.54777398
"NZ",2078,32739.4338507496,44459.1026814306,122004.890149572,211792.627142883,458598.027512835,2708415.8210569
"NZ",2079,33039.4652017635,44808.9364325393,122696.977662612,211638.201801855,452680.316533759,2649185.09697092
"NZ",2080,33340.9225283726,45159.8178403053,123387.805953739,211460.669457708,446626.419169072,2588775.40379281
"NZ",2081,33412.2459191441,45169.5982361086,123009.610456432,208754.474839375,432326.160200378,2467612.91573068
"NZ",2082,33482.8952966135,45178.4614547959,122628.889251966,206043.851299,418016.128141169,2346391.91298798
"NZ",2083,33551.7983702248,45184.9686774406,122241.774479341,203322.492116278,403684.345585787,2225048.95897374
"NZ",2084,33619.8126382078,45190.2859866945,121851.4736789,200596.003685151,389343.109912431,2103657.36638086
"NZ",2085,33687.7089585333,45195.4543509365,121460.816352881,197869.160556645,375002.194208585,1982272.39513222
"NZ",2086,33755.418228247,45200.3820803657,121069.560885662,195141.593906336,360661.008241605,1860891.46566629
"NZ",2087,33822.6456138681,45204.6764852241,120676.665401984,192411.675997514,346316.772353291,1739501.40126177
"NZ",2088,33890.4894245516,45209.8062892522,120286.054580763,189685.684420621,331980.874753114,1618159.87073352
"NZ",2089,33956.9286085498,45213.0757668574,119890.557786599,186952.320083967,317633.579522373,1496770.88779361
"NZ",2090,34022.6379307071,45215.3921550688,119492.622464517,184215.618045473,303282.744449107,1375377.03503442
"NZ",2091,34088.3757381639,45217.7667464726,119094.937667952,181479.810415227,288935.738310839,1254014.02473995
"NZ",2092,34153.2599245965,45219.031291988,118694.435276334,178740.268439385,274585.409877467,1132652.11065433
"NZ",2093,34216.3465178231,45217.9445131159,118287.8978472,175992.362669663,260225.670988306,1011272.45462136
"NZ",2094,34278.1489132919,45215.1967466885,117877.187999917,173239.165537592,245862.511618419,889907.55007346
"NZ",2095,34339.1979679415,45211.4961758202,117464.19004211,170483.649045869,231501.13568021,768582.775251114
"NZ",2096,34397.8870674783,45204.7367167056,117043.476326857,167718.171824829,217132.329964955,647275.607995146
"NZ",2097,34455.0183879134,45195.9875823732,116617.887421028,164947.191391963,202763.796450908,526023.054873735
"NZ",2098,34510.1879369622,45184.7308184775,116186.144542727,162169.209443347,188395.262278937,404836.427033552
"NZ",2099,34562.8773437726,45170.3028004721,115746.614059403,159382.338883852,174026.548364813,283731.658441417
"NZ",2100,34614.2350962377,45154.2191914514,115303.25083923,156592.410636009,159666.020565442,162739.630494869
"OH",2020,523.949734114651,2013.88460482829,48571.8012881847,201772.514127993,973293.857904485,4495592.14970309
"OH",2021,487.897315580793,1887.93099082626,48481.0786008566,201739.936271576,1131563.88116098,5070861.00325371
"OH",2022,498.10090480768,1914.65625796683,50073.9294070349,212327.729797903,1164011.60433251,5352759.11508153
"OH",2023,514.586691449176,1985.98654552555,50340.7037417282,203301.088992197,1090357.71789909,4848872.30478788
"OH",2024,542.065526967854,2095.12569708515,47869.4413734804,192240.568664342,881163.344285474,3964627.41191006
"OH",2025,544.57528754165,2104.82611817834,48091.0766383547,193130.641498556,885243.12599182,3982983.61623071
"OH",2026,655.99433401537,2238.58926276928,48077.8229793942,192050.915359439,878424.653276756,3950444.01497959
"OH",2027,771.809603329023,2375.38709967929,47989.6025885332,190621.869439699,869917.136824361,3910217.38328474
"OH",2028,891.825275434204,2514.8923492331,47823.3792511742,188832.79582557,859674.200281462,3862097.75262449
"OH",2029,1015.12998963551,2654.97364512226,47544.8383711129,186550.699277197,847094.999640511,3803390.460352
"OH",2030,1141.26786787954,2795.12686473773,47155.4671204735,183785.901464384,832234.766410034,3734351.89597373
"OH",2031,1252.9225668651,2895.91947518862,46038.5998201414,178156.985599674,804351.060360626,3606820.86493181
"OH",2032,1364.5028385899,2995.41767954273,44881.7491472272,172364.01818119,775709.060319774,3475871.72247523
"OH",2033,1475.87347047248,3093.60807981701,43689.8737507141,166428.673475755,746411.319899226,3341969.08142845
"OH",2034,1586.81809400088,3190.2868885869,42464.8569126433,160360.701548043,716506.512645014,3205335.90436025
"OH",2035,1696.1345966423,3283.34783661552,41184.835797699,154081.085002521,685648.444264725,3064430.47917247
"OH",2036,1819.91674646416,3403.29167324013,40218.9118980744,148962.494652585,659929.330271458,2946464.8253063
"OH",2037,1951.54564455499,3535.62447882224,39350.5746815373,144173.778623579,635609.284624272,2834681.55052097
"OH",2038,2087.98633377869,3674.07319766894,38492.9208339559,139384.808113381,611209.475993392,2722461.14599713
"OH",2039,2227.9668468684,3816.14199034886,37613.9503081451,134475.441892188,586194.459909113,2607409.65470631
"OH",2040,2371.69052087436,3962.07598430526,36713.6725336229,129443.847992662,560552.434068639,2489470.58417409
"OH",2041,2519.33707866446,4112.06799786077,35791.3046082469,124285.147209358,534257.87403033,2368525.94601825
"OH",2042,2671.07915772291,4266.29210488878,34845.7246979678,118993.129086023,507279.207776865,2244430.59610844
"OH",2043,2827.1893302679,4425.07384367512,33876.8440985858,113564.920329083,479598.681247935,2117100.08965954
"OH",2044,2987.80598225868,4588.51696016639,32882.5757358664,107990.64870984,451168.328903697,1986315.91203641
"OH",2045,3153.23081637843,4756.97349333057,31862.5462912842,102266.000272227,421963.251097852,1851960.92853106
"OH",2046,3323.64152159719,4930.5966592924,30814.7398578209,96381.0343947194,391934.523766615,1713811.66960955
"OH",2047,3499.25359609241,5109.59427166484,29737.4415507974,90326.7028377046,361036.736817668,1571659.90232377
"OH",2048,3680.36544845559,5294.28963008282,28629.4559130219,84095.3346419897,329229.502484731,1425318.70575391
"OH",2049,3867.29299443537,5485.02101595982,27489.3850779996,77678.2638216504,296467.540404097,1274578.81537887
"OH",2050,4060.28322466255,5682.02068854333,26315.0669571851,71064.309854369,262695.054327873,1119184.65788343
"OH",2051,4313.22761770225,6027.80969646329,27682.7817586174,74372.2258977733,273878.697700804,1165542.13275341
"OH",2052,4580.2076785196,6392.2857489314,29109.7800215725,77795.2607323954,285366.080011001,1213043.28169634
"OH",2053,4862.00508866816,6776.4685774802,30598.6665656148,81336.9546087189,297160.825354859,1261691.862833
"OH",2054,5159.55100803307,7181.58109217157,32152.8157486359,85002.6430813158,309272.428310691,1311515.69920164
"OH",2055,5473.70171881459,7608.73621563198,33774.9439837976,88795.6398108182,321702.245575142,1362507.12379357
"OH",2056,5805.46780455207,8059.25581872196,35468.5359680731,92721.0042187424,334457.196188588,1414681.06741468
"OH",2057,6155.94621833077,8534.57522103644,37237.3899823598,96784.293080657,347545.091228581,1468055.0928586
"OH",2058,6526.27242155708,9036.17624500982,39085.308754331,100990.727194628,360971.557390536,1522636.29315683
"OH",2059,6917.59315873635,9565.5493351556,41015.9302646514,105344.74477012,374738.413946863,1578414.41121923
"OH",2060,7331.06679331963,10124.194035631,43032.7301750464,109850.008341952,388843.699271543,1635361.95403248
"OH",2061,7768.00574005496,10713.8154467811,45139.8498508924,114511.505863694,403289.072107844,1693465.2736455
"OH",2062,8229.69265318289,11336.0697860232,47340.9976473257,119332.715048224,418069.685277536,1752681.86460971
"OH",2063,8717.62914040607,11992.9069344728,49640.8780725872,124319.203381522,433186.790739388,1812993.19902069
"OH",2064,9233.41286875838,12686.3998009873,52044.4399006193,129476.660952554,448640.639253402,1874374.68796794
"OH",2065,9778.71509362058,13418.712800512,54556.7280314385,134810.496846115,464428.978790431,1936789.27228665
"OH",2066,10355.1927714013,14191.9809231011,57182.3822455744,140324.582564535,480542.672302211,2000169.07697873
"OH",2067,10964.5309978136,15008.3681036658,59925.8784325036,146021.855461378,496967.798348542,2064424.2002075
"OH",2068,11608.6803747605,15870.3916440173,62792.8096973671,151907.413143754,513696.100643577,2129486.01134255
"OH",2069,12289.38510612,16780.2757767646,65787.2909884566,157982.162014725,530703.289717276,2195216.90534835
"OH",2070,13008.9898723458,17741.0539506657,68916.296888791,164253.265787369,547984.238755601,2261556.01907685
"OH",2071,13769.550331524,18755.3524101395,72184.8377972076,170722.454670945,565513.385682224,2328354.99517172
"OH",2072,14573.7511926579,19826.6417781002,75600.808812001,177397.556554037,583283.125366478,2395536.32136181
"OH",2073,15423.5203399654,20957.3489500929,79167.7105472814,184275.256743605,601246.626113359,2462857.78797296
"OH",2074,16321.671737487,22151.0931972337,82893.2060878209,191361.237983616,619384.240458978,2530185.5005018
"OH",2075,17271.0424372293,23411.5093190153,86784.5512319322,198659.292525998,637667.191461862,2597344.02600497
"OH",2076,18274.5302873285,24742.2987569696,90848.7839335694,206171.755718151,656058.964244125,2664122.06081986
"OH",2077,19334.9747077635,26147.0681217295,95092.1298567798,213898.153747618,674510.99259198,2730254.89982745
"OH",2078,20455.8320348641,27630.2421095034,99523.3116938418,221842.624873957,692985.987499119,2795518.75797308
"OH",2079,21640.2536030077,29195.8150535454,104148.957952636,230003.485257701,711424.686591682,2859595.67759194
"OH",2080,22892.0809021261,30848.6946590738,108978.429704876,238383.959723648,729779.281714539,2922208.24024225
"OH",2081,23363.6281671964,31429.4245163793,109407.46624803,235813.135442488,710175.959359855,2826221.58784142
"OH",2082,23846.3071071141,32023.405785034,109831.441050006,233119.03834973,689820.121475105,2726662.48172621
"OH",2083,24340.714698227,32631.3852040974,110251.280185823,230299.991459813,668694.254470943,2623442.33910818
"OH",2084,24846.8813266416,33253.3467592314,110665.237913416,227348.522534733,646763.267868065,2516402.44035844
"OH",2085,25364.8007127305,33889.226197621,111071.432810705,224256.937664328,623991.643725917,2405382.72858813
"OH",2086,25894.758424697,34539.3496043874,111469.274983128,221020.179019605,600351.301993287,2290251.98770116
"OH",2087,26436.6385545583,35203.506900245,111856.424356782,217629.671633515,575804.436119652,2170841.60580201
"OH",2088,26990.5971722334,35881.8515912754,112231.738575867,214079.272928871,550320.058924208,2047009.34262191
"OH",2089,27556.6230766739,36574.3147725439,112593.378494991,210361.508460474,523863.748898641,1918600.16454539
"OH",2090,28135.4109176967,37281.7639017954,112942.373320708,206474.22750493,496414.204013985,1785506.83352885
"OH",2091,28726.9492277738,38004.127269919,113276.801494026,202409.618514817,467935.446431763,1647567.30242156
"OH",2092,29330.4287111493,38740.2804660486,113591.687694454,198154.628555916,438380.262168826,1504581.7015338
"OH",2093,29946.6190553909,39491.1890895229,113888.31954759,193707.481231951,407727.856723226,1356443.87339325
"OH",2094,30575.1515957055,40256.3143852683,114163.549706933,189058.601023588,375939.919240042,1202987.00103014
"OH",2095,31216.6444042227,41036.4187011827,114417.979241893,184204.77778952,342991.493548079,1044088.60185972
"OH",2096,31870.8620333125,41831.1399217911,114648.99941366,179137.429464487,308846.692521933,879590.643463255
"OH",2097,32537.4910478125,42640.0165524904,114853.819871678,173847.94325115,273470.760426217,709341.4505639
"OH",2098,33216.9707050619,43463.575368635,115032.369410545,168331.984353887,236836.454629976,533211.109046437
"OH",2099,33908.8683287771,44301.2012903186,115181.525674648,162580.669161453,198909.713022893,351052.990910814
"OH",2100,34614.2350962378,45154.2191914515,115303.25083923,156592.410636009,159666.020565442,162739.630494869
"AR",2020,1745.99506100466,9490.32690713306,100036.327340602,320029.105029631,752755.676042172,2102654.4440432
"AR",2021,1936.26213758927,11406.8607599003,101615.459430734,432320.118878472,642649.027848947,1767208.06923418
"AR",2022,1987.17725810332,11486.7396959857,132095.417251709,337848.406653854,392177.838054068,1076312.96304389
"AR",2023,1987.64923643151,10817.9165707909,116326.497490286,668003.153386252,962302.625546283,2314739.04689656
"AR",2024,1980.87550222169,10490.7820053647,114858.465748814,660176.895290545,950945.12563187,2275491.82788885
"AR",2025,1973.90617744214,10453.8722314264,114454.358599936,657854.191420425,947599.410355656,2267485.95292902
"AR",2026,2361.96076626037,10911.2979163109,115078.952697615,655591.194982065,943577.681039518,2255326.23832888
"AR",2027,2771.98285945945,11396.6981472177,115767.384144566,653371.404441768,939576.041879736,2243074.3248534
"AR",2028,3200.11762560681,11890.3515253465,116305.636780791,649967.25204892,933826.586293312,2226500.93639743
"AR",2029,3646.30826585604,12392.4825114525,116697.609253622,645403.070463442,926364.614535993,2205691.37583486
"AR",2030,4110.58546528693,12903.4979084495,116948.425697593,639709.206821905,917233.956346945,2180750.90999839
"AR",2031,4581.02474789832,13388.7340607972,116756.732763052,631257.923585902,904103.541105023,2146146.80368877
"AR",2032,5067.67113376972,13882.3936515719,116444.881099796,621832.420287376,889532.900531303,2107973.53939028
"AR",2033,5571.05847099109,14385.900477099,116024.608552549,611495.021613069,873611.140213389,2066442.10766141
"AR",2034,6091.39727045909,14899.5844614091,115497.373703618,600251.23558715,856345.819755328,2021569.35165644
"AR",2035,6629.4939567849,15425.1077654619,114874.217507217,588154.966259904,837813.3405112,1973533.94915771
"AR",2036,7118.01983141717,15812.4829804396,113079.797273016,569782.220687578,810299.296697761,1904204.23607049
"AR",2037,7616.82758856487,16207.6488618514,111242.64934603,550992.946781929,782163.013627563,1833311.51090299
"AR",2038,8129.09425240025,16616.7352705496,109400.541551024,531965.04208802,753655.640778027,1761439.76427185
"AR",2039,8653.79875280003,17036.7217047727,107526.953216181,512554.817433839,724571.341049237,1688100.24324777
"AR",2040,9191.41740739307,17467.9041605744,105619.016135301,492737.630329854,694873.556462468,1613201.93469987
"AR",2041,9742.62390531546,17910.9338237178,103675.857544167,472497.779517988,664538.279210611,1536682.76101907
"AR",2042,10307.9961306969,18366.2404474918,101694.964869326,451811.186084676,633529.570360499,1458452.54883808
"AR",2043,10888.2990941693,18834.5572028367,99675.2609723963,430659.502678631,601819.419000706,1378439.0040353
"AR",2044,11484.1157304455,19316.2590053505,97613.4090490174,409013.614043109,569364.59273699,1296534.37140133
"AR",2045,12096.3741822686,19812.2762962045,95508.662656862,386854.631298682,536135.982651325,1212662.67113264
"AR",2046,12725.4364526174,20322.5709081164,93355.2392053181,364142.154507651,502074.462478719,1126679.3176167
"AR",2047,13372.353631366,20848.2119545754,91152.5045165086,340856.062744921,467148.904200758,1038502.68611995
"AR",2048,14037.6116427062,21389.3372791927,88895.2853550995,316957.699062718,431302.463159804,947992.888233575
"AR",2049,14722.2238096394,21946.887054911,86581.7308356438,292420.209582266,394494.346820551,855045.286075986
"AR",2050,15426.6457375452,22520.9356802028,84206.2395643419,267202.832210169,356664.724512152,759513.000259961
"AR",2051,15680.8102953865,22843.3643689798,84927.8954220691,267600.803452966,356749.765323661,758091.576372357
"AR",2052,15942.1043100019,23174.9103739346,85670.793825586,268015.951491476,356845.888458596,756651.207198
"AR",2053,16210.288452101,23515.1735060422,86432.9328543189,268439.947038774,356941.509733452,755165.550006376
"AR",2054,16485.380106241,23864.128805129,87213.7181481834,268868.945148078,357031.034917547,753621.032736463
"AR",2055,16767.0860592891,24221.3030813405,88010.9311965542,269294.149610701,357102.308542351,751990.282759909
"AR",2056,17055.1388594059,24586.2644522382,88822.5447567328,269707.515100924,357144.21137204,750248.25602107
"AR",2057,17349.2982433368,24958.6239439371,89646.7240380023,270101.732156044,357146.635926635,748372.169009476
"AR",2058,17649.846895988,25338.7467567359,90484.3619222755,270477.786269735,357110.461897882,746362.329928339
"AR",2059,17956.5970729708,25726.3213135029,91333.9202319009,270829.337438607,357026.882510337,744198.749027285
"AR",2060,18269.4464417246,26121.1609039755,92194.3294256375,271151.539602103,356889.08673641,741865.692292894
"AR",2061,18588.5825826032,26523.4941971389,93065.9948757957,271443.92115207,356696.030506769,739359.447416445
"AR",2062,18913.7334822993,26932.8937460261,93947.0163500522,271699.271532105,356437.810657831,736657.925638583
"AR",2063,19245.1260922538,27349.6448263939,94838.0022154349,271917.729420588,356114.189752271,733759.103687627
"AR",2064,19582.5061390478,27773.3480984621,95737.1793214919,272092.573486789,355715.937923096,730642.399397744
"AR",2065,19926.0112254155,28204.1622734081,96644.7213574619,272222.713812381,355241.213334679,727302.500612476
"AR",2066,20275.9045406701,28642.4223823817,97561.3914016009,272308.657530285,354690.241483734,723738.26613603
"AR",2067,20631.8598085474,29087.6299304616,98485.1048791841,272342.92702282,354052.83769767,719927.276995879
"AR",2068,20993.9032952802,29539.78658246,99415.5029296995,272322.956155667,353325.240062648,715860.313231248
"AR",2069,21362.5837638824,29999.62790471,100354.683348068,272252.850505488,352512.327120458,711545.602813149
"AR",2070,21737.1315555545,30466.0360330556,101298.52354367,272119.751638595,351596.987990548,706946.897517871
"AR",2071,22118.2973107003,30940.0286384978,102250.050592127,271930.223187984,350587.266523789,702078.750149477
"AR",2072,22505.8665214567,31421.2681914889,103207.759852413,271678.542080017,349475.299818822,696923.613330607
"AR",2073,22899.8446575233,31909.7264714035,104171.185447971,271361.821076014,348256.901706496,691471.379305494
"AR",2074,23300.4415333471,32405.6598418493,105140.788882105,270979.581281981,346930.974670437,685718.064915768
"AR",2075,23707.6993278623,32909.090178144,106116.25680332,270529.283450841,345493.764971714,679654.368067647
"AR",2076,24121.3482713033,33419.6071648008,107095.890946429,270004.897112385,343937.071793703,673262.281836712
"AR",2077,24541.9469139374,33937.9492136565,108081.685855956,269409.754926593,342264.636973777,666547.236439962
"AR",2078,24969.3714700924,34463.9075354762,109072.581401996,268739.400259246,340470.254087462,659495.089909281
"AR",2079,25403.6467279089,34997.4797718127,110068.185114127,267991.08773306,338549.904846851,652096.014852739
"AR",2080,25844.772173972,35538.6289623833,111067.998387545,267161.826058822,336499.264148662,644339.607488895
"AR",2081,26228.7118452888,35966.0074781297,111340.973692908,262847.576551333,329518.89124447,625087.128630827
"AR",2082,26618.1037893317,36398.8222367876,111609.159753216,258419.934101026,322364.003538279,605379.850565102
"AR",2083,27012.7166091402,36836.7234295807,111871.129201761,253873.902472168,315027.8218986,585202.941732151
"AR",2084,27413.0380900801,37280.3433684683,112128.452082945,249211.358648491,307512.119489843,564557.54805412
"AR",2085,27818.4842419203,37728.8541082179,112378.277599103,244424.214021004,299806.325372528,543421.969879785
"AR",2086,28229.7555678991,38183.1742925974,112623.005438785,239516.036112082,291914.247091272,521800.887369309
"AR",2087,28646.1034139013,38642.2580521304,112859.193567988,234477.734377934,283824.182465993,499670.932337193
"AR",2088,29068.5009756918,39107.3874300988,113090.255092535,229314.74190765,275542.110806158,477040.26606135
"AR",2089,29496.1281533358,39577.4248401512,113312.530306099,224017.767174507,267056.177148765,453885.609813379
"AR",2090,29929.7768789148,40053.4022471567,113528.642018713,218590.301454005,258369.90231746,430210.36891795
"AR",2091,30369.073717909,40534.7855314032,113736.703098486,213026.786398035,249475.968357808,405999.324002228
"AR",2092,30814.6186778259,41022.3422917831,113938.505338093,207328.691904851,240375.343114909,381250.965273555
"AR",2093,31266.5602818654,41516.2329054922,114134.086560847,201493.941367289,231064.736697873,355956.426399016
"AR",2094,31724.5160314018,42015.9130682979,114321.551890986,195517.070472269,221536.984641605,330100.915320651
"AR",2095,32188.7337559769,42521.6769754386,114501.328457857,189396.803806431,211789.764112904,303677.257315741
"AR",2096,32660.0972638897,43034.6540571453,114676.038593717,183135.20444293,201824.353111616,276682.873235565
"AR",2097,33137.9633321804,43553.9555554997,114842.859513191,176725.271186171,191631.867663302,249100.501553871
"AR",2098,33622.9226137486,44080.3195772552,115003.315123797,170167.007650022,181211.173081295,220923.633212088
"AR",2099,34114.8713676785,44613.5690128074,115156.4878015,163456.503449075,170556.814258103,192139.805822656
"AR",2100,34614.2350962377,45154.2191914514,115303.25083923,156592.410636009,159666.020565442,162739.630494869
"BR",2020,1683.87682514607,5514.5718203197,110220.112130336,339610.384474432,917856.028728678,2567501.02990639
"BR",2021,1215.16971565781,5473.80435248686,118467.498388907,381860.075875547,1013095.01523254,3072277.76645595
"BR",2022,1263.84515545629,5528.03746504175,128643.056020714,471442.46512966,673931.909002687,2009571.46603781
"BR",2023,1315.3813632229,5637.07047322721,131711.725339581,456465.869379237,766660.890844727,2178293.49721346
"BR",2024,1387.80616280141,5726.96383557172,135905.511994572,471409.666114828,791783.743248549,2239968.78044805
"BR",2025,1391.02820571231,5740.26001750403,136221.041211268,472504.12888171,793622.012356498,2245169.27293983
"BR",2026,1656.59177949155,6028.800370176,135165.301552787,466830.879491036,783239.036722207,2213407.52589664
"BR",2027,1932.79615880418,6331.09533051696,134140.773609538,461190.768103747,772879.8160145,2181623.77933037
"BR",2028,2217.03725809766,6637.48235528823,132928.76425277,454827.92252502,761275.927133066,2146232.84934648
"BR",2029,2508.48243473016,6946.30064160853,131507.238684967,447670.333980288,748308.301617716,2106903.14049495
"BR",2030,2807.12536428786,7258.3998102581,129904.931472805,439819.854428531,734148.937374675,2064123.82798809
"BR",2031,3103.58972585623,7551.54303864899,127755.229692258,430045.823863098,716748.216826676,2012145.18790506
"BR",2032,3406.24075481325,7849.02900988216,125501.182779633,419857.073890586,698628.5145905,1958069.8643734
"BR",2033,3715.38314953117,8151.62183836508,123156.095260643,409298.524536498,679864.756875187,1902108.36573991
"BR",2034,4031.13387135275,8459.54961095725,120722.887854086,398379.672590933,660472.625246773,1844304.30237956
"BR",2035,4353.46220488513,8772.70816464499,118199.309800482,387092.767211635,640439.125221026,1784620.97950641
"BR",2036,4715.44884542447,9155.29999142094,116401.105933783,378087.210924879,624137.71568434,1735217.08851311
"BR",2037,5095.25538723585,9559.84817690286,114619.032168538,369009.108939058,607659.888344355,1685161.53411656
"BR",2038,5488.25054567426,9976.63515281311,112714.440451714,359400.941053351,590247.126846742,1632336.24935172
"BR",2039,5895.81255935426,10407.7863518322,110702.900299622,349307.838815482,571971.466018644,1576934.48523579
"BR",2040,6318.62833101073,10854.0366880467,108581.298154984,338713.771642897,552803.759375431,1518867.57498259
"BR",2041,6757.33178024387,11315.9951226295,106344.438822859,327595.719371552,532703.218732368,1458014.19142824
"BR",2042,7212.65744369003,11794.4144057152,103987.882415992,315932.605579006,511632.033477632,1394260.62813991
"BR",2043,7685.32800483138,12289.9974076995,101505.995902779,303699.212826919,489545.436691227,1327473.49632063
"BR",2044,8176.08502904666,12803.4534307387,98892.5991011109,290868.247711345,466395.099013095,1257509.1175136
"BR",2045,8685.72062806923,13335.5484033891,96141.3680927228,277411.539695013,442131.057074947,1184218.74112512
"BR",2046,9215.06695566829,13887.0857896212,93245.619623905,263299.353694876,416700.584578808,1107445.42243928
"BR",2047,9765.00139507131,14458.9130924254,90198.3195568838,248500.38227081,390048.1634103,1027023.89681349
"BR",2048,10336.3049452048,15051.714068128,86990.8384856814,232978.367473605,362110.208095686,942766.76908422
"BR",2049,10929.869731858,15666.321088265,83615.0395381562,216697.98760261,332824.377762178,854489.248199644
"BR",2050,11546.6409525714,16303.6230206532,80062.5357300469,199622.64855618,302126.022470706,761999.530009464
"BR",2051,11837.2090480973,16688.4886957011,81225.5308510915,201628.342675597,304633.409949275,766684.535406045
"BR",2052,12134.984565585,17082.4272188378,82401.4990785654,203627.544181267,307108.024826299,771215.685505536
"BR",2053,12439.9002352294,17485.3089899693,83588.8136378286,205614.979040483,309541.165366597,775568.800742356
"BR",2054,12752.3695036175,17897.6801169774,84789.0786001582,207593.321353474,311936.095741526,779749.684093796
"BR",2055,13072.3096686093,18319.3884072971,86000.5332918091,209556.935003425,314283.549529086,783732.680034973
"BR",2056,13399.9031263571,18750.6537905745,87223.1817388938,211504.506764844,316580.757393535,787508.37817431
"BR",2057,13735.0869355916,19191.352359256,88455.4131265105,213430.787646682,318819.046784785,791052.645512871
"BR",2058,14078.2303387125,19641.9641773148,89698.403395062,215337.256611691,320999.797626391,794366.298688422
"BR",2059,14429.362848297,20102.4934620807,90951.1017363298,217219.975875495,323116.27159705,797429.927106779
"BR",2060,14788.5646303847,20573.015140015,92212.7813291385,219075.786873712,325162.892823939,800226.999607027
"BR",2061,15156.0873877086,21053.8422569794,93483.7677668581,220904.011269111,327137.75426874,802749.974686563
"BR",2062,15531.9598199018,21544.9769877073,94762.9746131036,222700.590964167,329033.916919314,804978.877874948
"BR",2063,15916.3169440335,22046.5690318983,96049.9656992912,224462.99796114,330846.703645741,806899.272200585
"BR",2064,16309.622973228,22559.2228449458,97346.2501574362,226193.200510724,332578.033160483,808512.707217961
"BR",2065,16711.802874611,23082.794909235,98650.0482930872,227885.4392888,334218.407796655,809792.80525105
"BR",2066,17122.9947698729,23617.4368017419,99960.8614511426,229536.942313673,335762.729058655,810723.904933924
"BR",2067,17543.3182155015,24163.2739576557,101278.06465855,231144.625180592,337205.427097678,811289.160726622
"BR",2068,17973.3567405601,24721.0695540068,102603.667545276,232711.361004925,338549.587454687,811492.436209383
"BR",2069,18413.0235469617,25290.6621055654,103935.763407015,234231.026097383,339785.132827618,811305.804374752
"BR",2070,18862.7185997611,25872.5589757626,105275.202201903,235703.72087152,340911.02246923,810722.939474732
"BR",2071,19322.2742472882,26466.4875458195,106619.618167283,237122.283661658,341915.671100177,809712.306629332
"BR",2072,19792.5313087744,27073.5564468772,107972.207136777,238491.917703318,342805.320147049,808284.578668853
"BR",2073,20273.1589306613,27693.2680587732,109329.653958318,239803.285458241,343565.2041827,806400.550620437
"BR",2074,20764.7446870903,28326.3806585748,110693.640613749,241058.069751478,344196.386682173,804058.301736424
"BR",2075,21267.2829859593,28972.8406606512,112062.596820438,242250.747806296,344689.559264579,801231.408212667
"BR",2076,21781.271157699,29633.2793133158,113437.592016224,243381.489017017,345043.503029527,797912.218248262
"BR",2077,22306.6142463895,30307.5200886089,114816.544806864,244443.610144976,345247.220551955,794070.256876562
"BR",2078,22843.9464838061,30996.3771459115,116201.125582854,245438.413370341,345300.991395188,789700.981416992
"BR",2079,23393.160595982,31699.6558659532,117589.144125793,246358.919544352,345193.35575943,784772.705685508
"BR",2080,23954.9057329242,32418.1866664522,118982.213173992,247206.118010997,344924.019836104,779279.130913564
"BR",2081,24410.4528395664,32969.9385918907,119074.804473607,244218.668297786,338501.171142062,757180.161456248
"BR",2082,24873.4680721052,33529.941871529,119142.301359293,241087.956175794,331813.822824663,734266.164938491
"BR",2083,25344.4535560168,34098.8384182286,119185.937044305,237814.696393378,324861.662313252,710532.026594992
"BR",2084,25823.0955497071,34676.1699936634,119203.025202008,234391.65478488,317633.423980235,685948.350053433
"BR",2085,26309.7900293559,35262.4334518134,119194.224648375,230818.283582705,310126.984683821,660505.765058176
"BR",2086,26804.1650215606,35857.0949182743,119156.666049889,227087.12404642,302330.875807963,634174.788063829
"BR",2087,27306.6805573454,36460.7358205444,119091.25558649,223198.038618526,294243.473027173,606946.928246692
"BR",2088,27817.2739182093,37073.236896415,118996.529155322,219146.296484157,285856.978066579,578800.536968085
"BR",2089,28336.0017652114,37694.6389399239,118871.565317279,214928.220622578,277165.010757215,549716.993654073
"BR",2090,28862.8079415628,38324.8329957064,118714.980389561,210539.317388863,268160.15343391,519675.676807964
"BR",2091,29398.1290353146,38964.3643401185,118527.415762381,205978.681700745,258839.556731129,488664.809173507
"BR",2092,29942.3132378864,39613.6576846946,118309.042337965,201244.384903383,249198.910452475,456669.203177605
"BR",2093,30494.7719063497,40271.8978468731,118056.313849714,196328.146831064,239226.014634921,423659.118984757
"BR",2094,31056.0271633114,40939.7401304115,117770.104578641,191229.265002915,228918.103180637,389622.296273988
"BR",2095,31626.0821236158,41617.1525464921,117449.21644171,185943.471967408,218267.960999455,354538.190794769
"BR",2096,32205.080839519,42304.2888292639,117092.983524222,180467.359982813,207269.398158183,318387.987475226
"BR",2097,32793.3686541511,43001.5659418628,116701.432061664,174798.508573274,195917.282631204,281154.185622578
"BR",2098,33390.6977332819,43708.621830828,116272.437467753,168931.194129022,184202.699954111,242813.520348748
"BR",2099,33997.5345927086,44426.0307942191,115806.404990368,162863.457104867,172120.92972117,203348.64172307
"BR",2100,34614.2350962377,45154.2191914514,115303.25083923,156592.410636009,159666.020565442,162739.630494869
"CL",2020,2448.80495364228,8340.56926799827,133562.518402143,652654.351008443,1297662.72042845,5640612.8918801
"CL",2021,3698.20692084814,9554.7255857875,149470.239362498,590588.078872255,1525616.97052978,5236178.58484162
"CL",2022,2562.30833375548,8922.00463802254,169105.968837208,402629.461235838,1807884.21043973,5895651.89575936
"CL",2023,2519.81166099443,8977.27114723272,172286.544628559,410301.888725632,1842494.8461407,5992579.25579647
"CL",2024,2640.81124882975,8864.07430499031,173069.326784955,412536.321343148,1852510.65833623,6035958.1585294
"CL",2025,2677.79654554059,8988.21813328636,175493.210887056,418314.007368848,1878455.58582354,6120493.43287979
"CL",2026,3042.44793201209,9332.04741304219,172710.837206381,410216.565592779,1835358.93046994,5975643.67345694
"CL",2027,3406.42000527016,9662.4351080634,169545.603191306,401187.938468146,1787995.34497137,5816834.97904745
"CL",2028,3769.27434917642,9981.77821613347,166086.046213935,391445.608176549,1737371.04340779,5647365.32522816
"CL",2029,4130.41089532078,10291.1479658882,162386.368943448,381123.91126293,1684112.8783788,5469292.68825482
"CL",2030,4489.15914258403,10590.9702069527,158483.760976718,370315.950266249,1628659.41019929,5284059.48119313
"CL",2031,4818.56254342375,10822.3583436299,153569.338630029,357146.229659396,1562830.41237055,5065171.4287611
"CL",2032,5143.32510237457,11047.5150624539,148634.078202959,343942.397149965,1496919.74716115,4846064.32014104
"CL",2033,5463.39930303443,11266.8296382202,143691.500633527,330737.595460844,1431080.44236193,4627239.52129991
"CL",2034,5779.0390101215,11481.189009893,138759.29893056,317574.056466942,1365502.40834193,4409315.98453147
"CL",2035,6090.65192068071,11691.6217052949,133853.88746,304490.340320397,1300356.19984245,4192847.71035426
"CL",2036,6525.18887128322,12134.3276305433,131538.056605187,297279.064746005,1260200.55791666,4056897.56783599
"CL",2037,6970.95653594412,12587.1744931822,129122.937659574,289785.247430359,1218565.29850198,3915987.76331062
"CL",2038,7428.48948568226,13050.9141486178,126611.963660641,282015.336055692,1175471.39833798,3770181.39773562
"CL",2039,7899.30294466449,13527.9173210093,124022.128969809,274005.318962978,1131059.68791464,3619923.66764313
"CL",2040,8383.94835382257,14018.7372022488,121350.233553722,265745.407933954,1085276.28258823,3465032.4714218
"CL",2041,8883.07371675475,14524.0648886263,118593.760935999,257227.134104764,1038071.79743726,3305339.4315104
"CL",2042,9397.45702754847,15044.7704538934,115750.91274998,248443.311912994,989400.641090255,3140687.23551522
"CL",2043,9927.95710738127,15581.8109724988,112819.600949424,239385.758483645,939211.333458167,2970898.4565055
"CL",2044,10474.7892259588,16135.1103520961,109789.72342203,230029.06435581,887383.661119609,2795577.38850875
"CL",2045,11038.8122319206,16705.601677355,106658.463915395,220363.270776644,833857.985064331,2614519.89951907
"CL",2046,11621.0542281493,17294.4342847341,103423.43235222,210378.849076257,778573.905188367,2427517.60679412
"CL",2047,12222.1051017856,17902.0700840402,100077.269388481,200055.729907494,721429.683103246,2234231.37996115
"CL",2048,12842.8414181353,18529.3848898394,96614.7811522783,189378.092769611,662338.464131034,2034367.82380984
"CL",2049,13483.7241939985,19176.6401756466,93027.1991362354,178322.895802329,601186.937891763,1827551.27170491
"CL",2050,14146.3751462501,19845.7380642611,89313.4564155238,166881.700418343,537910.113172142,1613552.14245677
"CL",2051,14426.4201155166,20210.5454945545,90230.827571584,168110.843822928,539028.409491907,1614300.98406977
"CL",2052,14713.3344853214,20584.0538390624,91163.1935309683,169351.828969904,540090.026092777,1614792.89220094
"CL",2053,15007.1157812308,20966.2286156999,92109.5986304411,170602.334317001,541084.337698982,1614993.11521352
"CL",2054,15307.4855352329,21356.6506896095,93067.4215441293,171856.969838554,541991.08520001,1614838.23848394
"CL",2055,15614.321881391,21755.1216114378,94035.0596912347,173112.266150194,542796.300687085,1614283.81090445
"CL",2056,15927.9784740565,22162.1058435646,95013.7857293191,174370.053852747,543502.675286889,1613334.96404911
"CL",2057,16247.8593284826,22576.7459966329,95999.1914845629,175621.728367276,544080.316449585,1611900.05328871
"CL",2058,16574.6293246715,22999.9391322892,96994.3928502134,176872.494995748,544542.386198647,1610015.24667089
"CL",2059,16907.8733662777,23431.0810650067,97996.1066653096,178115.841531151,544865.679404764,1607608.90744972
"CL",2060,17247.3348805941,23869.7904102494,99002.0630565853,179347.156183573,545033.158156812,1604627.93661003
"CL",2061,17593.3801298884,24316.5488276986,100013.599423682,180568.382053771,545047.826536417,1601078.35897636
"CL",2062,17945.7209868295,24770.9323449017,101028.297586692,181774.659266428,544892.017167472,1596905.34329642
"CL",2063,18304.2017074387,25232.7018830783,102044.550163861,182962.62866226,544552.816344363,1592068.24115829
"CL",2064,18668.7523845065,25701.7379509463,103061.266496547,184129.882205178,544020.29185259,1586535.27042015
"CL",2065,19040.1865071025,26179.1364551718,104082.208612108,185282.665970031,543309.984005705,1580348.83847612
"CL",2066,19417.7961671108,26663.8986713286,105102.73703679,186412.214167896,542393.069498127,1573421.96400573
"CL",2067,19802.4090512642,27157.1371094196,106126.602965942,187524.695359374,541284.502956199,1565794.98979977
"CL",2068,20193.9658191278,27658.7438300933,107152.683267857,188617.58428913,539973.642784459,1557433.70200156
"CL",2069,20592.7182698343,28169.0372377226,108181.511537071,189691.275897157,538458.231652396,1548328.09441314
"CL",2070,20998.333786121,28687.5358845832,109210.538423005,190740.750566196,536720.587743236,1538423.75104725
"CL",2071,21411.1158585403,29214.628877661,110240.568871278,191766.878898092,534759.803068664,1527714.5448096
"CL",2072,21831.0374617007,29750.2531328057,111270.669249102,192767.481436141,532566.302101627,1516169.41521242
"CL",2073,22258.4775905655,30294.898673742,112301.969413537,193743.949347734,530140.347419097,1503785.28154741
"CL",2074,22692.9466121413,30847.872487823,113331.192724288,194690.054596342,527461.244677357,1490499.49997193
"CL",2075,23134.4952037236,31409.2187436267,114357.842919879,195604.404619707,524521.776896661,1476287.92188862
"CL",2076,23583.190434329,31979.0037867904,115381.502412522,196485.739710125,521315.072376584,1461127.3584133
"CL",2077,24039.4968434461,32557.8321176665,116403.673437483,197336.051215395,517842.767661135,1445018.33659354
"CL",2078,24503.3576029501,33145.6002032192,117423.27545594,198152.90870355,514094.616153242,1427927.90931469
"CL",2079,24974.9541544447,33742.5271084096,118440.378582713,198935.830116654,510065.469260384,1409837.33850888
"CL",2080,25454.1841117068,34348.4480116951,119453.694197381,199682.041572902,505744.239253748,1390711.39760663
"CL",2081,25860.1232776457,34833.3761045598,119453.363333853,198220.194263692,492464.215238511,1343024.57329646
"CL",2082,26271.4145770932,35324.0765347165,119434.196477587,196693.15094649,478798.130881452,1294018.50082379
"CL",2083,26688.0882639806,35820.5698495344,119395.720912959,195099.649984134,464739.700934711,1243672.29355014
"CL",2084,27109.626851678,36322.1427757398,119335.054486309,193434.525571636,450273.561408567,1191941.04387459
"CL",2085,27535.8779956871,36828.5756088473,119251.054012262,191695.538288075,435391.887763789,1138800.72528427
"CL",2086,27967.2095924707,37340.344931516,119144.843810056,189884.105741788,420095.243516238,1084249.35745079
"CL",2087,28403.9512526192,37857.8731457287,119017.292232984,188001.159148214,404382.576766834,1028280.07069706
"CL",2088,28845.0811653795,38379.7817866594,118863.615844285,186038.711441274,388233.717651647,970837.470520768
"CL",2089,29292.1690402976,38908.1442449231,118689.822753595,184005.764156985,371664.6367922,911957.510856857
"CL",2090,29744.6096585367,39442.1359542034,118492.834156179,181896.987706029,354660.636434312,851598.376835481
"CL",2091,30203.4566009918,39983.1340270236,118276.242013651,179717.349317494,337227.499412829,789768.042791567
"CL",2092,30667.9952882215,40530.1697703337,118036.558791907,177460.916294833,319349.525677363,726422.55020617
"CL",2093,31139.456488571,41084.8478261561,117777.857210622,175133.19050135,301032.088999559,661566.69242532
"CL",2094,31616.2062922581,41644.9890611666,117493.24860261,172723.254170059,282251.45363791,595139.767111372
"CL",2095,32099.5832728819,42212.337846555,117187.137435151,170237.030144308,263013.184109054,527146.071158482
"CL",2096,32589.3752808102,42786.5913921094,116858.027616955,167671.633667022,243307.458241241,457555.661397557
"CL",2097,33085.9038256291,43368.1486104673,116506.368818597,165027.004124892,223128.798618357,386347.26730726
"CL",2098,33588.7606446557,43956.4510370737,116130.016371782,162299.381005296,202466.531037844,313490.195803841
"CL",2099,34098.2113450256,44551.8244717781,115729.228028155,159488.436889826,181314.856334679,238962.704434871
"CL",2100,34614.2350962377,45154.2191914514,115303.25083923,156592.410636009,159666.020565442,162739.630494869
"CO",2020,1154.84873213245,5066.43644815899,81761.3206030445,189942.444293626,460526.957281459,1425432.83489332
"CO",2021,1104.69167297169,5482.20475732232,87735.4787299528,208485.671040717,367536.010457112,1159197.45590218
"CO",2022,1022.10919371589,5263.02320386647,98815.4894867816,297358.798038491,908613.113637691,2044099.025899
"CO",2023,1141.42651956541,5707.28061333807,93093.710349916,197141.413720551,579932.074338377,2030375.11460717
"CO",2024,1137.16656023924,5749.68764064584,93329.0386283941,197562.946417446,581202.237054689,2042816.16498552
"CO",2025,1153.71739943486,5833.37120899255,94687.3918939841,200438.367372913,589661.318689664,2072548.24033408
"CO",2026,1425.57244168576,6143.75917171354,94664.3110692094,199672.594277131,584941.900867502,2052695.19776113
"CO",2027,1713.52292295176,6481.98395640645,94838.4122000735,199288.152017397,581220.193248173,2036184.62662755
"CO",2028,2013.31725719376,6827.42949483651,94879.243168704,198586.118510855,576442.107107862,2015799.49474218
"CO",2029,2324.63791046351,7179.59529792755,94783.935661089,197561.166427044,570594.531522339,1991497.11022802
"CO",2030,2647.92895562313,7540.25951829474,94579.1308451779,196269.376227688,563841.364464614,1963852.11015908
"CO",2031,2980.67607139473,7902.81768948806,94186.6772082069,194549.428559907,555722.185838354,1931264.9472044
"CO",2032,3325.98784944733,8276.27541264553,93720.830756271,192638.663696181,546919.659462678,1896114.46142433
"CO",2033,3684.57205428733,8661.88736319861,93190.9045600419,190555.2303537,537481.789702583,1858562.24862209
"CO",2034,4056.99390736069,9060.37562751197,92598.4614768892,188300.998005419,527409.125761134,1818603.68591112
"CO",2035,4443.55972297891,9471.82653250686,91937.9471117144,185863.223625211,516660.789626387,1776090.6075197
"CO",2036,4824.86050514036,9856.08718156936,90833.3716206348,182485.057812085,503144.635018167,1723847.42235755
"CO",2037,5221.3702403758,10257.5504556671,89724.1036174569,179056.741662656,489342.57422579,1670416.16292935
"CO",2038,5631.17113382883,10671.5500190273,88558.3242082878,175471.971608693,474953.537093636,1614754.05920763
"CO",2039,6055.02363735802,11099.0244876764,87337.4459206692,171731.779758918,459973.823262265,1556839.18748041
"CO",2040,6493.62233077344,11540.7177036533,86060.377416466,167831.991092922,444384.734269077,1496597.33283935
"CO",2041,6947.52698200522,11997.0949773174,84723.4234325765,163763.190054334,428153.089084886,1433904.61372815
"CO",2042,7417.47425859722,12468.9084412375,83324.654508992,159519.289671688,411254.090516131,1368664.75183999
"CO",2043,7904.21365979014,12956.8934636641,81861.4807563704,155092.749945399,393658.477523314,1300765.52878275
"CO",2044,8408.50101497366,13461.7637262633,80330.70489563,150474.708954433,375332.975705418,1230080.45520848
"CO",2045,8931.07298311202,13984.1765982659,78728.4087610581,145654.806136663,356239.996016423,1156468.00123049
"CO",2046,9472.69082514833,14524.8084615827,77050.4816008797,140622.202262336,336340.296978405,1079780.50563848
"CO",2047,10034.226007486,15084.4831956504,75293.2581518838,135366.725106008,315595.649651568,999872.608949009
"CO",2048,10616.4693477461,15663.8784963635,73451.94446191,129875.989415922,293961.921028461,916579.00263863
"CO",2049,11220.158945816,16263.5815415648,71521.1145229489,124136.390568316,271391.798907326,829723.74403809
"CO",2050,11846.2663011916,16884.5055386993,69496.572311733,118136.352238415,247841.958377973,739142.284466545
"CO",2051,12125.9040571901,17253.6416162201,70519.3501765466,119597.566083383,249718.982995047,742534.010194697
"CO",2052,12413.4080349096,17632.8029641597,71563.3736564697,121083.712783156,251600.404079019,745849.913151548
"CO",2053,12708.668857369,18021.7899095526,72627.0822710434,122591.727097941,253478.023174156,749062.261521243
"CO",2054,13011.9127802171,18420.8795870037,73710.8515847942,124121.820047236,255350.451783645,752163.5152156
"CO",2055,13322.9853655111,18829.8095411849,74812.8870537133,125670.542110654,257208.743531819,755123.820058906
"CO",2056,13642.2386320536,19249.0339746822,75934.256230377,127239.260039983,259053.84643807,757942.440593247
"CO",2057,13969.3891601375,19678.1092747816,77072.4641545735,128823.358950024,260874.477515447,760582.755064258
"CO",2058,14304.840054087,20117.5605449663,78228.8379573401,130424.628832153,262672.395526833,763046.302632296
"CO",2059,14648.3529213938,20567.0090582759,79401.1617003397,132038.935783544,264437.355159347,765299.609311671
"CO",2060,15000.2438443863,21026.8561029727,80590.2565594508,133667.21177764,266169.323891725,767338.888387985
"CO",2061,15360.5139398532,21497.0598699698,81795.2181806079,135307.510467923,267862.465849212,769143.482252721
"CO",2062,15729.2568882583,21977.7084568116,83015.6427464603,136958.717282911,269512.608410576,770697.541885608
"CO",2063,16106.556593228,22468.8760567685,84251.0697271778,138619.62153535,271115.378548781,771984.622892476
"CO",2064,16492.539410273,22970.6958156419,85501.2550182675,140289.365788431,272667.081570932,772990.187384063
"CO",2065,16887.292373819,23483.2456539267,86765.7410282285,141966.737421435,274163.310709202,773697.635238915
"CO",2066,17291.0274318183,24006.7767292776,88044.7021833868,143651.552911658,275601.624249729,774095.866773016
"CO",2067,17703.6774083728,24541.1519960324,89336.877586745,145341.279632452,276975.041187772,774160.966735754
"CO",2068,18125.4978449457,25086.6822260954,90642.644524425,147036.055152498,278281.691690428,773883.352104376
"CO",2069,18556.7547229595,25643.6909846759,91962.3977310257,148736.02703326,279519.642622177,773253.094648199
"CO",2070,18997.4270434287,26212.1041734653,93295.0869996017,150438.993760538,280682.491788803,772247.790282205
"CO",2071,19447.6138763518,26792.013873222,94640.2625058436,152143.727698396,281765.680018159,770850.15994131
"CO",2072,19907.8954803094,27384.1738020453,95999.789387553,153852.708289152,282771.448045082,769061.38992487
"CO",2073,20377.9089489027,27988.038004558,97370.9361908356,155561.021835789,283688.32816346,766845.128358941
"CO",2074,20858.2712149345,28604.4078798387,98755.6868503565,157271.306453785,284518.708609702,764202.657321125
"CO",2075,21348.8275622459,29233.0236797678,100152.310332081,158980.249834936,285254.056202687,761105.587559419
"CO",2076,21850.0371021943,29874.4667966439,101561.968311774,160689.138872147,285894.123744688,757547.711482129
"CO",2077,22361.9310919162,30528.7313571639,102983.78584822,162396.011023811,286432.757775888,753506.897895435
"CO",2078,22884.8437885111,31196.2248972088,104418.27817695,164101.092935756,286867.652278452,748971.106380302
"CO",2079,23418.9764599502,31877.1718497509,105865.315653297,165803.575789642,287194.589228361,743923.077546495
"CO",2080,23964.7259972705,32572.0615475457,107325.624062101,167503.973686994,287411.563805595,738351.108906994
"CO",2081,24417.7420009111,33115.0518909131,107827.892822326,167389.896741958,283025.334382588,717572.335069609
"CO",2082,24878.8194577738,33666.9490538845,108323.238002401,167239.704367264,278459.025463263,696062.879665571
"CO",2083,25347.6414638899,34227.2825306762,108809.405433959,167049.387336222,273703.465913886,673793.980663255
"CO",2084,25824.2410535815,34796.0577930561,109285.715550692,166817.398274756,268753.729107575,650747.826194322
"CO",2085,26308.9230542818,35373.6460968885,109752.629859998,166543.925899452,263607.658258502,626913.245614107
"CO",2086,26801.5392126869,35959.8080430572,110208.688998193,166226.224680211,258258.358990818,602267.571934826
"CO",2087,27302.2715396481,36554.7488340204,110653.822801626,165863.664350826,252702.319669666,576796.268339747
"CO",2088,27810.7333757902,37157.9125443478,111085.661774132,165452.171615193,246930.800198963,550472.907901182
"CO",2089,28327.882582225,37770.5409366317,111507.233649737,164995.729513041,240947.170521051,523298.285235421
"CO",2090,28853.4480219774,38392.2306180766,111916.592237025,164490.870073924,234743.470985812,495247.392344007
"CO",2091,29387.912897383,39023.583581028,112314.752230217,163938.50087076,228318.103898524,466308.964354048
"CO",2092,29930.9856327044,39664.1706021472,112699.716812295,163335.098985399,221663.127624969,436458.294419372
"CO",2093,30482.9191832271,40314.2864879966,113071.590377929,162680.222371637,214774.960490244,405679.773850544
"CO",2094,31044.5210167372,40974.9559662707,113432.462145394,161976.23344879,207653.464305014,373963.534106453
"CO",2095,31614.8460770062,41644.8875048167,113777.951875452,161216.20898871,200286.354076486,341277.094486538
"CO",2096,32195.0653439818,42325.5820802628,114111.402660023,160404.248277623,192675.444863297,307613.27351834
"CO",2097,32784.9787529104,43016.7303593152,114431.133303761,159537.265573925,184813.286551452,272948.040119705
"CO",2098,33384.7436073105,43718.4938558805,114736.75086046,158614.002059292,176694.706692152,237261.269284309
"CO",2099,33994.1800886551,44430.5926465127,115026.704513631,157631.598832147,168312.753391411,200530.457218994
"CO",2100,34614.2350962377,45154.2191914514,115303.25083923,156592.410636009,159666.020565442,162739.630494869
"MX",2020,732.194413069991,4435.4431944747,128276.189716544,454207.184484844,1319689.96559537,2404671.93094315
"MX",2021,754.256020490893,4915.36601765298,133996.757340369,438342.080656622,1133942.50824152,2678386.33748234
"MX",2022,790.175674425369,5374.35140652227,136452.79500843,406395.516481723,926384.699066993,2993120.16031603
"MX",2023,785.662960496159,5433.84199890966,138879.843777331,413710.195246013,943125.111213824,2968462.85651267
"MX",2024,798.948551163615,5493.59219066982,140707.438781828,419208.379392675,955659.085146752,3006293.81746812
"MX",2025,802.9894278932,5521.37737009442,141419.100896021,421328.627789982,960492.563539024,3021498.88006146
"MX",2026,1104.99192546142,5880.94681439807,141358.520553765,419483.881804223,954530.428303093,2999720.38626121
"MX",2027,1422.69100876794,6259.63923539248,141308.261572742,417583.807237566,948351.301056862,2977102.93135076
"MX",2028,1754.008727111,6646.12513860995,140994.114893611,414814.323220722,940102.368528498,2947823.18002742
"MX",2029,2098.41984174715,7039.89100776695,140419.654333517,411189.080058608,929817.918664423,2911994.44898482
"MX",2030,2455.8791376503,7441.92935413275,139617.338294643,406806.044139299,917722.616594205,2870325.78018592
"MX",2031,2816.34866443267,7825.00771696925,138115.281661484,400299.837436575,900746.598545518,2813233.62803022
"MX",2032,3188.03294932907,8216.71904957596,136464.613381881,393284.497192334,882539.857639794,2752149.32745573
"MX",2033,3571.39245509458,8618.21757854737,134684.034146384,385813.788082911,863222.901441384,2687448.42666786
"MX",2034,3966.87366620564,9030.3595072802,132783.521258847,377915.289573507,842856.337152328,2619317.68499905
"MX",2035,4374.8711436068,9453.73210752458,130766.639509705,369597.561776588,821457.50415478,2547807.9058128
"MX",2036,4788.29076636892,9873.40118513004,128433.611495386,360298.215122278,797778.964535548,2469054.51014281
"MX",2037,5219.85444722514,10316.1084216763,126141.462527493,351022.063136996,774049.228109864,2389960.97313117
"MX",2038,5665.74089067717,10772.9264448961,123755.198472358,341383.734049673,749407.521403854,2307850.03269221
"MX",2039,6127.33282269932,11245.8815434821,121286.326271424,331410.258848668,723907.811924278,2222878.28723066
"MX",2040,6605.32185798387,11735.5617376912,118727.406070743,321075.432535856,697486.096864506,2134837.06068216
"MX",2041,7100.78670073239,12243.212754187,116077.024502089,310369.062398089,670112.825960571,2043622.52904749
"MX",2042,7614.44631991408,12769.3966717629,113325.921709588,299259.313667268,641710.943377423,1948984.57748199
"MX",2043,8147.29628576702,13315.1278913153,110468.596707586,287724.145280264,612224.236632602,1850736.10763071
"MX",2044,8700.24274918425,13881.2354266439,107497.118885731,275734.69388459,581581.380031415,1748643.23439092
"MX",2045,9274.10254070768,14468.3882114921,104401.909157766,263257.62497761,549701.319697293,1642442.26939278
"MX",2046,9869.70883066504,15077.2753368161,101173.406954368,250259.5698608,516502.829470545,1531868.81998408
"MX",2047,10487.7515065968,15708.3654961663,97800.5359717288,236703.385344629,481896.861081716,1416635.23339392
"MX",2048,11129.4701006484,16362.9466038946,94277.2205745077,222563.95747388,445818.760409929,1296525.38391863
"MX",2049,11795.1373293025,17040.8627671826,90588.5018451058,207794.750581701,408160.363167144,1171195.43453308
"MX",2050,12485.7954739615,17743.1046491515,86726.408529615,192366.029628927,368847.564200769,1040401.39320063
"MX",2051,12766.1747521402,18111.3009808051,87736.1087268222,193862.436648779,370663.120140354,1043366.76357691
"MX",2052,13053.5670647481,18488.3307478138,88759.3993997482,195361.155323227,372443.646684307,1046152.59289039
"MX",2053,13348.0655515195,18874.2887166597,89795.7617235878,196860.111020871,374183.856063078,1048741.28629325
"MX",2054,13649.4463600295,19268.8218383019,90842.5572377289,198352.592726215,375869.662934721,1051090.62272689
"MX",2055,13957.8113229276,19672.0386837349,91899.3725071795,199836.795238748,377496.346713485,1053184.71064872
"MX",2056,14273.4682602797,20084.3372511045,92967.1227333262,201313.779425291,379064.567509122,1055022.60092532
"MX",2057,14596.2426821872,20505.4356890556,94043.5449035168,202777.692858649,380561.922859566,1056566.89424636
"MX",2058,14926.2462471541,20935.4555985995,95128.2648944877,204226.794601866,381983.78288525,1057801.8884018
"MX",2059,15263.6775074796,21374.6397711643,96221.4410941761,205660.468562307,383327.594678931,1058717.57632921
"MX",2060,15608.2590474797,21822.5642731898,97320.2252544445,207071.666987324,384578.809542776,1059270.80298109
"MX",2061,15960.6507769771,22280.1165818418,98427.64131678,208465.861131858,385746.165675654,1059482.63056645
"MX",2062,16320.5285348837,22746.8073324787,99540.5472611059,209835.376138463,386813.946695542,1059306.68145238
"MX",2063,16688.2978892657,23223.1659887424,100660.306498807,211182.084178929,387784.109069525,1058745.1327011
"MX",2064,17063.8430008246,23708.9945549772,101785.079204962,212501.08401112,388646.091914808,1057765.81583014
"MX",2065,17447.5531754314,24204.7973328784,102916.052186357,213793.805645511,389400.93237541,1056368.16847997
"MX",2066,17839.390241192,24710.4836923524,104051.831913416,215056.263913978,390039.721375697,1054524.46719232
"MX",2067,18239.6921601796,25226.4840689779,105193.22054434,216289.013445657,390561.786105305,1052229.26197576
"MX",2068,18648.7581577584,25753.1730894255,106340.727553232,217491.940956187,390965.146542332,1049473.36132017
"MX",2069,19066.4536627308,26290.3252751633,107492.356219302,218659.775970581,391238.503733993,1046222.45331522
"MX",2070,19493.2611852208,26838.5664194859,108649.600930674,219794.361446223,391383.304815397,1042476.35092906
"MX",2071,19929.289334897,27398.0048652433,109811.7895863,220893.076152664,391392.921007345,1038213.07741845
"MX",2072,20374.7443517632,27968.8826544972,110978.771935491,221954.332509784,391262.529876404,1033415.39190453
"MX",2073,20829.6853815074,28551.2391022282,112149.571486143,222974.865177341,390984.311638631,1028058.04827534
"MX",2074,21294.5003456318,29145.5636119385,113324.964414605,223954.875564341,390556.497121709,1022131.64664526
"MX",2075,21769.3237463812,29751.9967104176,114504.31547164,224891.710859277,389972.236324952,1015613.25756942
"MX",2076,22254.6058692456,30371.1093997787,115688.61616811,225785.87746435,389230.10011445,1008493.9395447
"MX",2077,22750.4277382172,31002.9665172649,116876.869297579,226633.927249231,388321.724202051,1000746.51364843
"MX",2078,23256.9493882283,31647.7403991168,118068.478209512,227433.183061459,387240.056019342,992347.160112131
"MX",2079,23774.8139874413,32306.2592525342,119265.250280043,228185.545784493,385985.751614257,983291.614792548
"MX",2080,24303.7623799499,32978.1225583494,120464.385511871,228884.012416486,384544.25980398,973536.534999065
"MX",2081,24739.3311612539,33498.1465778166,120421.304647715,226356.736741759,376250.700252834,943089.461142436
"MX",2082,25182.8098898033,34027.0783096864,120360.820651201,223733.52801141,367691.911428313,911727.960858296
"MX",2083,25634.3935492408,34565.1403864088,120282.599221734,221012.306515057,358862.008330079,879431.552760309
"MX",2084,26093.5600856839,35111.5892144715,120182.960768921,218184.868311778,349745.200511819,846155.574281563
"MX",2085,26560.7092210705,35666.9255700025,120062.596077145,215251.092778919,340338.913292694,811887.968752365
"MX",2086,27035.9974211995,36231.3205743775,119921.003321287,212208.607886486,330636.813550523,776607.220692464
"MX",2087,27519.3096573349,36804.5813067166,119756.46996435,209052.891136741,320629.203306638,740283.875248519
"MX",2088,28011.240928729,37387.4645310801,119570.376010532,205784.821935096,310314.675745064,702907.636300804
"MX",2089,28511.6107599973,37979.688425528,119360.681565272,202399.252508545,299682.476924828,664446.362935436
"MX",2090,29020.291300983,38581.0438212489,119125.646193373,198891.64694577,288722.951864101,624870.862165167
"MX",2091,29537.8051376873,39192.1866580924,118866.211408782,195261.963154395,277432.999304777,584166.206636788
"MX",2092,30064.1625434208,39813.0897581888,118581.1529818,191506.458985755,265803.988282688,542305.073015489
"MX",2093,30599.5500382828,40443.9595578038,118269.94853609,187622.535106243,253828.892195736,499263.462629374
"MX",2094,31143.9537282315,41084.7369761781,117931.281658665,183606.304873854,241498.888059303,455013.684486435
"MX",2095,31697.8295715329,41735.9824810008,117565.606569249,179456.625925584,228808.737403588,409534.726528607
"MX",2096,32261.1969933534,42397.6790639117,117171.67466121,175169.632348718,215749.473143638,362798.115172739
"MX",2097,32834.159724201,43069.9209011047,116748.55563059,170741.952438381,202312.775492865,314776.588261848
"MX",2098,33417.3743677066,43753.5258104851,116297.235880076,166172.94154471,188493.39236068,265447.115007197
"MX",2099,34010.8469357007,44448.4557866201,115816.313598448,161458.34635898,174281.546405545,214778.798348045
"MX",2100,34614.2350962377,45154.2191914514,115303.25083923,156592.410636009,159666.020565442,162739.630494869
"OD",2020,455.300768002971,3328.61871522929,72581.4139816041,313446.005296501,911939.941115485,11303080.7773782
"OD",2021,516.337928421581,3716.97111293228,74281.9134669384,296666.962935624,903744.179872571,14408987.7387367
"OD",2022,534.532131241862,4014.08795651127,79754.9579769472,259784.3261769,1017453.21141839,15075370.0847041
"OD",2023,531.727583143855,4101.42000352536,83655.8214214364,282072.690511953,941759.679173104,15169751.1210219
"OD",2024,544.058762467434,4147.62574705847,86478.469220901,290825.512721813,972436.73313151,15026800.8421196
"OD",2025,552.458358480466,4211.65997110173,87813.5900853948,295315.499807155,987449.956463293,15258796.1065092
"OD",2026,768.065306790705,4441.77811607719,87272.3382620739,292001.303928594,974016.258073537,15036315.372135
"OD",2027,992.822609284899,4686.33871858082,86823.2789850933,288938.687874725,961331.732753876,14824828.5981148
"OD",2028,1224.83923972238,4933.76689992204,86235.8069104896,285355.13306615,946818.028548024,14584523.1483406
"OD",2029,1463.56433462584,5183.26529561646,85506.1473206996,281241.540880068,930450.38300516,14315052.2207371
"OD",2030,1709.0761954878,5436.23602796455,84666.5759652365,276707.305071545,912595.917064512,14022097.3191179
"OD",2031,1958.88917540083,5686.02370339082,83624.7632105602,271454.916072782,892280.299934587,13690731.904468
"OD",2032,2215.69176255994,5941.81552979065,82529.5495345474,265972.969907456,871118.440140343,13345791.5725077
"OD",2033,2479.85402462845,6204.32773695146,81387.9175711683,260282.724317816,849177.915034507,12988298.3994149
"OD",2034,2751.64261176792,6473.88391155756,80200.1581470225,254383.350893776,826453.110731644,12618147.6268026
"OD",2035,3030.94706578117,6749.92913551487,78955.7858016392,248239.890718333,802827.612479842,12233543.3546544
"OD",2036,3332.54943814226,7063.61182410941,77996.249733511,242914.449904985,781717.12100319,11886408.3378532
"OD",2037,3653.17365505967,7404.04155881264,77147.6836430749,237837.205229681,761239.746730994,11547810.6458971
"OD",2038,3985.96923604075,7755.51577824584,76220.6368456094,232409.637222656,739454.980933728,11188148.9246937
"OD",2039,4333.05267828017,8121.66175681939,75243.4943703236,226713.98483524,716616.995556938,10811219.0403292
"OD",2040,4695.1898245061,8503.20136770293,74211.9814290796,220730.464435671,692651.126597299,10415813.3219119
"OD",2041,5073.19912522857,8900.91757000095,73121.8127648339,214438.897875843,667480.825237529,10000691.3910755
"OD",2042,5467.94490686431,9315.63748194901,71968.4696359345,207817.998843769,641025.328841158,9564544.53486869
"OD",2043,5880.33812759997,9748.23130098075,70747.1514551183,200845.202994916,613199.081576007,9105986.68071614
"OD",2044,6311.26726343432,10199.4987637203,69451.9697553404,193494.394138789,583904.819198033,8623451.89256409
"OD",2045,6761.75672329177,10670.4309139287,68077.8332339373,185741.243887768,553049.849428551,8115435.9809221
"OD",2046,7232.75774333482,11161.8686263096,66618.0593542301,177556.503417754,520525.705765527,7580195.29669521
"OD",2047,7725.33526094024,11674.8042550518,65066.4220628685,168911.703034971,486225.336692175,7016000.51946282
"OD",2048,8240.55477031563,12210.2011598121,63415.9652161236,159775.882634521,450033.308168029,6420992.44572559
"OD",2049,8779.44734309183,12768.9483322876,61658.8923933416,150115.455025943,411825.714830144,5793182.94827968
"OD",2050,9343.17053852908,13352.0990915991,59787.8118801346,139897.348580104,371479.044189919,5130581.54252949
"OD",2051,9614.9422953056,13716.110802833,60926.7196611015,141922.479165043,375408.873862987,5173314.14021372
"OD",2052,9895.54068756364,14091.5010030868,62091.6843195485,143976.146513285,379341.093024439,5215494.57368395
"OD",2053,10185.2656115306,14478.6431496332,63283.2675332962,146058.217920413,383272.075296296,5257046.65201652
"OD",2054,10484.3075446677,14877.7532380893,64501.3038585337,148166.830573041,387193.535242357,5297829.31883051
"OD",2055,10792.9161841887,15289.1300803653,65745.9621493697,150300.856278678,391099.03040903,5337726.11276538
"OD",2056,11111.3033567347,15713.0173012347,67017.1426399772,152458.510284448,394980.311539392,5376595.112803
"OD",2057,11439.6795930265,16149.65546054,68314.7073998384,154637.886692487,398828.735641054,5414288.38543629
"OD",2058,11778.3376092124,16599.3997429106,69638.9748528142,156838.073278825,402638.130519668,5450690.78412834
"OD",2059,12127.5684000688,17062.6009470537,70990.2049766098,159057.970500111,406401.71217601,5485677.80034087
"OD",2060,12487.5976616022,17539.5162437736,72368.2322367449,161295.474993286,410110.012625194,5519087.70909005
"OD",2061,12858.8144424661,18030.630594321,73773.7971926005,163550.455159039,413758.463857597,5550823.78258777
"OD",2062,13241.4091088735,18536.148064356,75206.4438014343,165820.059192786,417335.455096556,5580693.46210975
"OD",2063,13635.775225618,19056.5558245754,76666.8369923204,168103.867099632,420835.400411892,5608583.95075116
"OD",2064,14042.2174758262,19592.2143038471,78155.0797494641,170400.151258384,424249.258086289,5634334.85405712
"OD",2065,14460.9785313771,20143.3956837518,79670.8873900892,172706.286699406,427565.62567806,5657753.34902651
"OD",2066,14892.4530516629,20710.5822391428,81214.7727528485,175021.327956744,430777.138202665,5678699.00800669
"OD",2067,15336.9919752249,21294.1929207513,82786.9481243169,177343.604153731,433874.4543256,5697003.70790335
"OD",2068,15794.96601564,21894.6719077303,84387.6776732282,179671.486224966,436848.163657348,5712496.93597225
"OD",2069,16266.8850950386,22512.653716732,86017.9045309449,182004.707980439,439691.963775558,5725047.02994431
"OD",2070,16752.9328688412,23148.3185358739,87676.777854179,184339.118742715,442389.946240888,5734395.30792842
"OD",2071,17253.6797422054,23802.3795086005,89365.4355200416,186674.703025003,444936.010537473,5740409.1979623
"OD",2072,17769.4777212792,24475.2450146441,91083.7987383055,189008.791290381,447317.444967745,5742868.29851642
"OD",2073,18300.7902095295,25167.4746404014,92832.3048242496,191339.711915118,449523.713136111,5741578.46788282
"OD",2074,18848.0048752503,25879.5210717179,94610.9392296049,193664.770896939,451541.642902642,5736309.79179898
"OD",2075,19411.6553421673,26612.0348742306,96420.35783747,195982.562029005,453360.846017362,5726865.73614405
"OD",2076,19992.079522954,27365.3953078192,98260.1705387165,198289.451591894,454965.517151345,5712978.91954936
"OD",2077,20589.8257008994,28140.2674389501,100130.968208016,200583.711967558,456344.031526209,5694432.67545253
"OD",2078,21205.2937303745,28937.110347154,102032.542856203,202861.907187447,457480.592144361,5670955.61693202
"OD",2079,21838.9866649487,29756.5215776278,103965.124889673,205121.390447028,458360.962102858,5642293.63450517
"OD",2080,22491.5585353652,30599.3011144688,105929.582822793,207360.65839158,458973.149625955,5608217.31815513
"OD",2081,22979.7342798901,31192.9761240003,106493.086273804,205949.836223744,449051.29413265,5421941.33310555
"OD",2082,23478.9966377522,31799.3937127146,107051.164020879,204444.908102783,438695.34916595,5228201.23908909
"OD",2083,23989.7008975991,32418.9680389372,107603.785064728,202843.344871461,427893.040395428,5026783.1903188
"OD",2084,24511.9533628919,33051.7746108997,108149.747943067,201140.329331116,416627.037724831,4817411.64657322
"OD",2085,25045.8781887744,33697.9130422467,108687.930802348,199331.193648259,404880.324160393,4599814.72601272
"OD",2086,25591.5515101458,34357.4183544475,109217.003809961,197410.889200852,392635.111101493,4373711.79989953
"OD",2087,26149.3065161036,35030.6703636027,109736.726571057,195376.32440246,379877.466797466,4138864.82402918
"OD",2088,26719.4847209542,35718.0574968082,110246.831030511,193224.256668757,366592.863330578,3895025.96381772
"OD",2089,27302.1554830175,36419.6025883996,110745.882352423,190949.325973276,352762.536533267,3641899.93126018
"OD",2090,27897.5431307328,37135.535324506,111233.07750894,188547.267044855,338369.761238689,3379212.67837378
"OD",2091,28506.173585405,37866.4848439965,111708.766492613,186015.68438644,323400.903345443,3106717.90669582
"OD",2092,29128.0608274156,38612.3971885066,112171.21788869,183348.585611263,307835.658924278,2824100.17367425
"OD",2093,29763.4107774523,39373.4735390576,112619.456720168,180541.245374244,291655.950518218,2531065.71296914
"OD",2094,30412.6567632811,40150.2144178123,113053.331745516,177590.192647003,274845.508261194,2227333.5785436
"OD",2095,31075.9895539288,40942.7974841487,113471.725008111,174490.318466581,257385.125043005,1912593.5170186
"OD",2096,31753.6135963714,41751.4177401136,113873.551795384,171236.533792669,239255.515726894,1586533.15337546
"OD",2097,32445.9645372564,42576.5728043887,114258.522588441,167824.880820325,220438.748561296,1248845.64406313
"OD",2098,33153.2817141054,43418.5000453495,114625.591363408,164250.164275517,200914.811117042,899205.019307254
"OD",2099,33875.9053203452,44277.5675936637,114974.028254344,160507.577704059,180663.929330152,537282.269500234
"OD",2100,34614.2350962376,45154.2191914512,115303.250839229,156592.410636008,159666.020565441,162739.630494868
"AE",2020,7664.16830561329,28493.362453435,366837.620062029,1018857.29451647,3040767.23091837,16947686.7743019
"AE",2021,7786.13993388577,28923.8479826258,372781.2699263,1035413.82836428,3090145.03168907,17222810.3262874
"AE",2022,7914.24717589808,29821.3461108677,386535.30271149,1074023.35122228,3205749.23262697,17867993.653919
"AE",2023,8195.69697446179,30969.8640312373,401916.237072643,1116817.83885978,3333551.2676246,18580477.2792208
"AE",2024,7793.81883023569,29379.1388363013,380371.155204871,1056723.8528277,3154026.83967114,17579510.3570112
"AE",2025,7738.09124153749,29169.0712685224,377651.414375423,1049168.03538818,3131474.82578773,17453812.8338803
"AE",2026,8552.90048488315,29579.3079501582,368325.503512822,1018152.59686866,3029304.92345297,16861671.1125766
"AE",2027,9365.57875410154,29992.770722851,359103.286869488,987446.840577505,2928099.94056403,16275003.489253
"AE",2028,10173.9421583246,30401.8466447037,349889.606263619,956787.59234605,2827076.60896583,15689449.562532
"AE",2029,10978.6373638894,30808.7831133406,340712.512357108,926252.415745158,2726465.74826841,15106294.2238472
"AE",2030,11778.5482573733,31210.6305629596,331540.734618279,895756.850314168,2626019.80315875,14524168.3996296
"AE",2031,12386.0659783759,31136.2367732443,317572.581309671,852414.094533139,2488126.5376104,13735445.5428519
"AE",2032,12968.079834509,31052.6984502429,303964.514417496,810238.64514139,2354031.09037899,12968631.8785401
"AE",2033,13525.6844130924,30961.5713213993,290722.538399019,769242.250937326,2223759.25857757,12223849.2854257
"AE",2034,14059.4880139081,30863.140371907,277839.298413208,729400.625839159,2097231.31324731,11500636.2670828
"AE",2035,14572.1169376859,30761.9638118847,265344.428890178,690785.847841732,1974643.12266757,10800039.0040826
"AE",2036,15295.1240055989,31127.8976160463,257104.609727761,663366.766143845,1884295.57575339,10276362.8657015
"AE",2037,15986.9316925223,31437.0260138416,248463.75490952,634950.228039435,1791190.17550393,9737833.54219582
"AE",2038,16692.4980820596,31780.1861458157,240165.427243107,607451.058537186,1700758.55496276,9214055.01375037
"AE",2039,17400.7965803265,32133.6449142949,232000.434915279,580322.312789581,1611432.54572019,8696438.79837256
"AE",2040,18112.4667346679,32497.4704504406,223956.774878196,553526.149186487,1523090.75247661,8184288.31313948
"AE",2041,18828.2457205835,32871.9485496067,216024.435227497,527029.969277078,1435626.88708416,7676989.89608355
"AE",2042,19548.6441302255,33257.0003316916,208191.374629157,500796.475786941,1348922.40183303,7173865.72570965
"AE",2043,20274.4349956475,33653.0370123089,200449.15140647,474797.413880015,1262883.93792187,6674374.12095276
"AE",2044,21005.9359276628,34059.7358611995,192785.227003336,448995.032938965,1177393.33860048,6177843.56088291
"AE",2045,21743.552887871,34476.983205495,185189.087585653,423356.969384094,1092348.07878883,5683688.59371104
"AE",2046,22487.5160108284,34904.4382139994,177649.67435058,397850.181589785,1007645.18068398,5191324.95696297
"AE",2047,23238.1562513043,35341.973849166,170157.782056517,372446.458349752,923195.484367575,4700243.98763345
"AE",2048,23995.4169720823,35788.9242330242,162702.301407974,347114.068399989,838902.649369913,4209904.86015233
"AE",2049,24757.8975948551,36242.7322594258,155265.099517904,321807.86029195,754641.729373395,3719634.36665979
"AE",2050,25525.0743262174,36702.3063181956,147836.899186087,296503.754828448,670344.038591262,3229057.19921499
"AE",2051,25680.7569628595,36858.8599893721,147497.069893882,294733.938133535,663509.796458864,3187298.16258377
"AE",2052,25835.5925935755,37013.7932818576,147144.910352251,292932.883748674,656587.989388388,3145064.46888178
"AE",2053,25989.7112524793,37167.3024101736,146781.34413899,291102.593415439,649583.531902177,3102381.00481934
"AE",2054,26143.913849065,37320.539804274,146411.024898798,289252.413620606,642517.588829966,3059349.82786062
"AE",2055,26298.1876444213,37473.4901844235,146033.934882372,287382.357880992,635390.318589907,3015972.10000373
"AE",2056,26452.5346536484,37626.1593523147,145650.139335035,285492.604013952,628202.245446316,2972250.72803389
"AE",2057,26607.5277784598,37779.3636419556,145262.81921612,283589.411542138,620967.208052916,2928251.39629125
"AE",2058,26763.0274321018,37932.9037405456,144871.191850318,281671.233324985,613681.767434664,2883957.72276369
"AE",2059,26919.8359691042,38087.9144664437,144479.556037926,279746.385793646,606363.93083264,2839453.96903512
"AE",2060,27077.9133571648,38244.3329019485,144087.581123601,277814.119182437,599011.777717161,2794730.18056094
"AE",2061,27237.4489573863,38402.4200242984,143696.15533483,275876.032154929,591628.446574728,2749799.99101861
"AE",2062,27399.2048074742,38563.2410408178,143309.129242543,273939.353953549,584228.996731855,2704731.93323809
"AE",2063,27562.9448736434,38726.4514987447,142925.042406629,272001.073653603,576806.407940521,2659491.52585909
"AE",2064,27729.3463201931,38892.990230196,142547.173831413,270067.204036658,569372.806781118,2614132.60514873
"AE",2065,27898.1716981499,39062.509038159,142174.023347349,268134.626855974,561920.858414655,2568618.94987379
"AE",2066,28069.4879565325,39235.0876677346,141805.673957574,266203.241451774,554449.639854466,2522943.94444029
"AE",2067,28243.5165607115,39411.0209978554,141442.973655224,264274.367537972,546961.1428217,2477114.08838114
"AE",2068,28420.8437341325,39591.11009046,141088.545470716,262352.588963026,539463.968369072,2431165.31523943
"AE",2069,28600.9282336607,39774.582722189,140739.365777307,260431.938937442,531944.880268286,2385034.65726945
"AE",2070,28784.4101634853,39962.3120675322,140398.270756979,258517.342104226,524413.024334363,2338759.96795278
"AE",2071,28970.5208360917,40153.2129252736,140061.178879938,256600.93731975,516851.473486191,2292262.34744171
"AE",2072,29160.7181412395,40349.2883258023,139734.813649954,254694.701369338,509283.379555387,2245641.07126177
"AE",2073,29353.7632844249,40548.802876586,139412.846175621,252786.682496914,501683.652135969,2198781.30122357
"AE",2074,29550.4880373898,40752.8883099866,139098.908415803,250883.12584189,494063.705197591,2151729.57882629
"AE",2075,29750.6051953322,40961.1283308031,138791.275580269,248980.518365641,486415.456373178,2104446.53444416
"AE",2076,29954.2526992227,41173.6938651887,138490.240813272,247079.004655753,478738.078407044,2056924.58246702
"AE",2077,30161.6665512516,41390.8893764686,138196.527517842,245179.471536265,471032.107908861,2009161.72678885
"AE",2078,30373.1025413634,41613.0445423797,137910.913967838,243282.863518959,463298.075598974,1961155.51766895
"AE",2079,30587.9771902363,41839.3390120934,137630.364412802,241383.39329749,455523.681569019,1912849.15281032
"AE",2080,30806.8097232383,42070.463727653,137356.859568015,239484.133600769,447713.530268445,1864257.50387788
"AE",2081,30965.2681343948,42184.7414208973,136179.607180092,235286.634871384,433443.132835866,1780602.30789673
"AE",2082,31125.4789425808,42301.2061384708,135006.366380534,231091.801583495,419164.755340987,1696864.97526564
"AE",2083,31288.5572471635,42421.3551009696,133841.637059783,226906.941992519,404890.451260597,1613089.62460738
"AE",2084,31454.6106038813,42545.3086242664,132685.408729076,222731.479826638,390617.472324986,1529258.50803694
"AE",2085,31623.1657735838,42672.4023370376,131535.23738551,218560.773622564,376336.002514039,1445326.45540634
"AE",2086,31794.9435626339,42803.5857488378,130393.694161494,214398.574396524,362050.862882781,1361305.27334121
"AE",2087,31970.2947409916,42939.3026623624,129261.693372461,210245.736557531,347761.435594954,1277184.03173574
"AE",2088,32148.8521635894,43079.0309571938,128137.215470959,206098.303371192,333459.019074265,1192921.57595221
"AE",2089,32331.0453290577,43223.3185655705,127021.463369524,201957.561338878,319143.590416462,1108508.65005575
"AE",2090,32517.0904459852,43372.4240842155,125914.724747046,197823.241945226,304812.341534965,1023924.86069055
"AE",2091,32706.8425002874,43526.1232439651,124815.869079863,193692.823047596,290458.907123771,939137.47710378
"AE",2092,32900.5850013649,43684.763007569,123725.418787918,189566.371018277,276080.882405679,854126.944854546
"AE",2093,33099.1322918473,43849.3906554964,122645.809292851,185446.770865821,261679.584666488,768883.370025828
"AE",2094,33301.2855744699,44018.3832871944,121571.957590945,181325.458626706,247239.897068067,683347.177586732
"AE",2095,33508.2044338024,44193.2431403897,120507.533803073,177207.125181631,232765.474291334,597514.287661148
"AE",2096,33719.8087953658,44373.827990593,119451.574490944,173089.40026833,218249.817415895,511349.837756461
"AE",2097,33936.124228422,44560.1358330728,118403.512539816,168970.519559007,203687.305582757,424821.660529499
"AE",2098,34157.3992287864,44752.4569966492,117363.551577975,164849.808374208,189073.593928616,337900.030316438
"AE",2099,34383.5069945535,44950.5888816455,116330.58322547,160724.715933063,174402.062233809,250550.395155087
"AE",2100,34614.2350962377,45154.2191914514,115303.25083923,156592.410636009,159666.020565442,162739.630494869
"DZ",2020,2963.30976087726,5516.68498621601,57721.7418480739,246480.631681754,1035017.49150071,8059495.30697177
"DZ",2021,3018.53947036377,5598.93772119375,58493.7580807153,249763.626758001,1048819.17454329,8167160.08248736
"DZ",2022,3065.84591908324,5687.9819571069,59389.0004564859,253575.323251586,1064834.47907468,8291934.58601323
"DZ",2023,3143.80918239473,5859.57374762423,61389.3124402698,262161.631398464,1100856.85473571,8572068.8578963
"DZ",2024,3122.88489003352,5862.15959664048,62372.1738473529,266594.172764088,1119853.43703917,8723403.39938756
"DZ",2025,3136.28817388945,5887.3197264081,62639.8724594458,267738.383164958,1124659.79847169,8760843.86103409
"DZ",2026,3320.84918416972,6112.28495394484,62795.6807512106,266343.605846196,1115748.09288699,8684798.40186757
"DZ",2027,3513.12493481333,6345.85988276279,62934.9296650119,264778.441932538,1105973.10221916,8601707.90868619
"DZ",2028,3705.393154053,6574.09368495193,62919.2264911673,262460.613438804,1092902.61246637,8492655.71669601
"DZ",2029,3897.51443096387,6797.22299526091,62760.2682856614,259448.569606905,1076794.66765119,8359679.10695629
"DZ",2030,4091.32601304609,7018.83550221689,62498.7854634731,255918.758119532,1058393.94242611,8208586.4993345
"DZ",2031,4288.90241831648,7242.67303133657,62171.7834258485,252026.764460937,1038350.15882127,8044430.77042121
"DZ",2032,4491.53297591079,7470.9346610268,61798.585378581,247851.428623131,1016988.93294414,7869736.33225096
"DZ",2033,4699.77073342723,7704.48282127142,61385.1304426938,243415.155010654,994399.960648267,7685192.31156758
"DZ",2034,4913.89363075151,7943.68948102475,60932.6175311895,238720.527566356,970590.332472475,7490845.77429311
"DZ",2035,5133.56259110029,8187.92632808927,60434.5123867011,233739.756171131,945443.519255274,7285789.43141315
"DZ",2036,5382.43868402062,8474.38862925192,60153.5649019927,229473.420965174,922981.109059055,7100956.77003828
"DZ",2037,5629.45280379089,8753.32751553618,59718.3702132588,224479.465335811,897361.037608661,6891306.96605307
"DZ",2038,5891.44768104356,9051.05025850474,59311.0353378933,219446.199897165,871341.200787702,6678033.85682035
"DZ",2039,6165.09680842141,9362.00019679793,58885.1065960735,214186.735936952,844153.837300273,6455194.26243842
"DZ",2040,6451.03210966827,9686.83577145611,58437.8678761129,208680.511439578,815699.311857222,6221983.26373252
"DZ",2041,6749.76826582255,10026.0259191822,57965.1500500075,202901.27254602,785854.848480092,5977417.34848072
"DZ",2042,7062.07459931721,10380.4074440915,57464.6693155273,196828.955535336,754520.905836167,5720687.99074121
"DZ",2043,7388.59639625192,10750.6157988328,56932.5794844782,190437.352731783,721572.925524925,5450793.50435144
"DZ",2044,7729.91629898987,11137.1845269891,56364.2389658254,183697.122744314,686873.579792651,5166633.58809604
"DZ",2045,8086.67278788503,11540.7198110503,55755.1863095742,176579.148318859,650285.673791405,4867107.22121479
"DZ",2046,8459.4080617434,11961.6824111182,55100.0632816345,169051.078142709,611659.315108466,4551016.39766107
"DZ",2047,8848.56764973645,12400.3940940054,54392.8151117176,161078.304166989,570836.198963152,4217099.89715431
"DZ",2048,9254.90476590101,12857.6055902229,53629.2136966172,152631.505115962,527676.493716506,3864232.2964076
"DZ",2049,9678.86711510859,13333.6337586696,52802.9864124395,143674.989249552,482017.116481371,3491114.66439066
"DZ",2050,10120.8459610151,13828.7202725585,51907.627343151,134172.589516981,433693.760843184,3096440.21678688
"DZ",2051,10406.0579767863,14206.4830561709,53023.456409096,136268.131687486,438535.285426236,3125558.33559365
"DZ",2052,10699.1085265208,14594.3304935401,54161.3075699942,138379.271611723,443325.99397068,3154028.13383344
"DZ",2053,11000.2798375228,14992.6239386222,55321.9230201309,140506.324522821,448062.978103328,3181817.77037039
"DZ",2054,11310.196030082,15402.1892308867,56507.7210500419,142653.76214615,452756.333732686,3208987.03513018
"DZ",2055,11628.720997601,15822.8151561304,57717.2700231171,144816.21642333,457384.624543854,3235371.35893182
"DZ",2056,11956.3042051076,16255.0874188857,58952.049075831,146995.632902517,461949.539353021,3260969.82630159
"DZ",2057,12293.0439765627,16699.1129023449,60211.764426347,149189.438099078,466438.31580779,3285678.78471781
"DZ",2058,12639.2954200627,17155.3467854616,61497.3647781542,151398.100786752,470847.610349905,3309460.65888876
"DZ",2059,12995.4071082417,17624.234004911,62809.7271751716,153621.817812482,475172.988074925,3332269.4826649
"DZ",2060,13361.6246184074,18106.0785933949,64149.1953273376,155859.395865849,479405.492231754,3354026.92531336
"DZ",2061,13738.3861946671,18601.4445804725,65517.0064901323,158111.736262887,483542.409876943,3374697.74930656
"DZ",2062,14126.1667430633,19110.9438853799,66914.5219100458,160379.91524396,487581.236884809,3394247.20228972
"DZ",2063,14525.5817808229,19635.3766484393,68343.7105356682,162666.321943442,491523.081070755,3412664.53818357
"DZ",2064,14936.8349792941,20174.9842839922,69804.545397277,164968.450857873,495353.876913376,3429832.50517133
"DZ",2065,15360.4912285322,20730.4950709493,71298.657719351,167287.640701127,499070.902179,3445711.7857715
"DZ",2066,15796.9648371731,21302.4320307653,72826.9206949871,169623.303235289,502665.285487475,3460219.38356018
"DZ",2067,16246.6761111173,21891.3247405449,74390.1906533993,171974.698379612,506127.399467504,3473266.15667774
"DZ",2068,16710.280836986,22498.0182817575,75990.3501134306,174343.325918102,509453.845906156,3484804.5865358
"DZ",2069,17188.0764306848,23122.8730922,77627.5894623483,176726.643347654,512628.972758064,3494701.95683735
"DZ",2070,17680.7049464424,23766.7119005089,79303.6164798459,179125.461672907,515646.57459806,3502889.06823913
"DZ",2071,18188.7578258766,24430.287018634,81019.8427015613,181539.742817061,518497.497312878,3509275.09289539
"DZ",2072,18713.458255589,25115.1964197529,82780.4103289088,183975.349045959,521188.822171692,3513877.11842644
"DZ",2073,19254.725988697,25821.2852768058,84583.5948408458,186424.838242011,523689.182564413,3516450.57753634
"DZ",2074,19812.9857130117,26549.0760507871,86429.8942578414,188885.678585684,525981.039234515,3516843.85991203
"DZ",2075,20389.0007457427,27299.5431647128,88321.23161204,191358.31303695,528054.732558026,3514956.71757517
"DZ",2076,20982.8255828373,28072.7098738793,90256.3983671041,193836.235227721,529880.945676752,3510556.46824145
"DZ",2077,21595.1949764194,28869.5089680957,92237.0954077941,196319.141956604,531447.185895629,3503521.44873143
"DZ",2078,22227.2119098625,29691.3624356683,94266.5071606787,198809.644028551,532748.124229173,3493774.78163069
"DZ",2079,22879.1008934801,30538.515511591,96343.9971248599,201302.031907423,533755.349330414,3481085.53943567
"DZ",2080,23551.7991297512,31412.1634522718,98471.893210331,203796.688210211,534456.29504335,3465325.07521171
"DZ",2081,23990.6683691128,31960.6117919557,99234.7448074144,202386.077001045,521610.858687704,3350244.00532088
"DZ",2082,24439.7176381137,32521.4598354925,100005.930562237,200897.269844042,508268.340891522,3230924.85751429
"DZ",2083,24899.7624094036,33095.7542918639,100787.670724882,199331.545524762,494421.949232478,3107288.32155462
"DZ",2084,25370.9728404277,33683.6805841696,101579.470053063,197684.514405341,480049.877595697,2979157.22553799
"DZ",2085,25853.8660137391,34285.8836172343,102382.189993151,195954.333001519,465136.196660129,2846389.7190789
"DZ",2086,26348.2910782332,34902.1208618066,103193.998724859,194133.861072755,449651.934496172,2708762.33391435
"DZ",2087,26854.4461245424,35532.6128469051,104014.455320533,192218.647183248,433574.589935473,2566091.538773
"DZ",2088,27372.4720653733,36177.5037998497,104842.878602788,190203.739375596,416880.339088826,2418185.19095911
"DZ",2089,27902.1026538558,36836.4000307816,105677.034136721,188081.386851976,399539.290166957,2264816.22639402
"DZ",2090,28444.7289100039,37511.0953548765,106520.952012613,185854.950574048,381545.021888372,2105890.04978777
"DZ",2091,28999.773512624,38200.7830515906,107371.151338876,183514.251130474,362861.735551408,1941142.90403892
"DZ",2092,29567.7480939292,38906.0931115629,108228.248616429,181056.318642003,343468.652629215,1770394.90916091
"DZ",2093,30149.3806378518,39627.9373974392,109093.570616146,178479.1113801,323345.77096774,1593465.45659604
"DZ",2094,30744.2460124919,40365.7100797685,109964.211995594,175773.471647038,302459.452907409,1410102.99903529
"DZ",2095,31352.4480194823,41119.5019632212,110839.22232891,172933.5721411,280782.605710641,1220090.815903
"DZ",2096,31975.1910284919,41890.8455945472,111721.493175399,169959.418923606,258296.954634629,1023246.83551467
"DZ",2097,32612.2602356894,42679.4099256042,112608.831690385,166842.863496377,234970.084806407,819322.489410973
"DZ",2098,33264.232542569,43485.9006192587,113501.796553526,163579.894149814,210775.664131026,608092.081644685
"DZ",2099,33931.3083981807,44310.5290090189,114399.598068602,160164.337645943,185683.616527484,389312.331178935
"DZ",2100,34614.2350962377,45154.2191914514,115303.25083923,156592.410636009,159666.020565442,162739.630494869
"EG",2020,3460.46144187667,6534.98926514892,85272.7833702818,287136.175449261,933359.554276359,5144257.49494826
"EG",2021,3643.10491152065,6893.87750868569,89980.056730034,302977.323772708,984858.063477897,5428116.50351603
"EG",2022,3786.46915474912,7192.35494020334,94094.7534628697,316859.208812439,1030000.36623265,5677011.1365402
"EG",2023,3840.77903762436,7297.02657948568,95333.5190874122,321000.894919258,1043473.29637813,5751338.10625841
"EG",2024,3830.59374847635,7305.27270845525,95813.1005062468,322680.31302751,1048953.10503286,5781667.19198919
"EG",2025,3955.49106549501,7543.46266575329,98937.1068546699,333201.372685144,1083154.44224047,5970179.67010345
"EG",2026,4351.57557342103,8113.3667344724,102171.118878071,342032.47257262,1108755.60254599,6104911.18477931
"EG",2027,4726.32273788948,8626.13340614319,104279.717821541,346890.693661942,1121166.46564957,6166374.26719545
"EG",2028,5087.82282699327,9100.5873915277,105587.448011726,348906.766622524,1124119.63595024,6175259.2399071
"EG",2029,5443.99230545384,9553.53176322544,106353.692703202,348973.194651366,1120544.98904074,6147773.78286926
"EG",2030,5798.70811587706,9993.40922198422,106713.169337946,347555.334955758,1111972.85651145,6092388.92358186
"EG",2031,6142.97124254589,10406.1600066017,106552.406132001,344305.499903233,1097324.95402586,6003268.00880465
"EG",2032,6489.61190564945,10814.9396043229,106145.083032866,340130.806202779,1079528.10100181,5896498.06509138
"EG",2033,6838.45673493064,11220.0235853612,105508.675157496,335096.841441968,1058805.6602919,5773331.08134001
"EG",2034,7188.83817748496,11620.8375674557,104651.624914937,329239.800371215,1035286.99530717,5634504.11704481
"EG",2035,7539.95103068957,12016.5892554091,103580.53636495,322590.181987904,1009083.7009943,5480657.8283726
"EG",2036,7917.94419236029,12448.8776475242,102651.929893475,316256.810942647,983661.778811766,5330611.89934216
"EG",2037,8288.84885159062,12863.8258511579,101408.51056949,308820.751022387,954591.274682506,5160324.11864915
"EG",2038,8671.63670270286,13291.4349596431,100102.464946356,301062.665609953,924306.421576093,4982999.0852531
"EG",2039,9066.15385239649,13731.262059826,98724.5673298651,292949.824252284,892698.318065326,4798031.41257103
"EG",2040,9472.86532862809,14183.8231001548,97273.1040509138,284472.335056314,859728.595441264,4605196.86289068
"EG",2041,9892.14210599767,14649.4822935563,95745.0031515865,275616.038656972,825345.475355606,4404198.23692466
"EG",2042,10324.5360432797,15128.8638418969,94138.6596801284,266370.772266431,789508.748026462,4194799.17730201
"EG",2043,10770.4472818156,15622.3566775848,92450.619267883,256720.745299164,752160.814768021,3976669.34114046
"EG",2044,11230.4676768724,16130.6202507516,90678.8011468656,246653.73669512,713254.087635458,3749530.29279831
"EG",2045,11705.1040911985,16654.1784249311,88819.9522056998,236153.871587402,672729.544974371,3513041.48718694
"EG",2046,12194.8036970604,17193.4622666782,86870.0832772344,225203.029937777,630521.219027666,3266824.81687283
"EG",2047,12700.2398317945,17749.21416826,84826.5448296799,213786.270287922,586571.464945792,3010543.92250024
"EG",2048,13221.9135664326,18321.9228646259,82685.072353419,201884.044016273,540808.91521658,2743789.38229398
"EG",2049,13760.3475808042,18912.101211715,80441.3269628189,189476.362165245,493160.484664391,2466141.71929463
"EG",2050,14316.1271299943,19520.3414398703,78091.0970825622,176543.220568984,443552.369305184,2177176.12028041
"EG",2051,14601.791381868,19893.6887937113,79067.8130223967,177927.981094083,445182.248421681,2180263.93896223
"EG",2052,14893.9804191929,20275.3558168275,80059.3588055849,179316.873164015,446756.486190518,2182903.25765642
"EG",2053,15192.7429262236,20665.3908130601,81065.3495288521,180708.105658738,448268.514054887,2185056.33971227
"EG",2054,15498.1166958894,21063.8272218791,82085.3403820819,182099.751320749,449711.419841015,2186683.75763527
"EG",2055,15810.0378174029,21470.56035203,83118.3513746614,183488.700727033,451075.383562276,2187731.97641962
"EG",2056,16128.6348615235,21885.7471273828,84164.4223226618,184874.107300396,452356.174642965,2188174.64210632
"EG",2057,16453.9573424233,22309.4368732895,85223.1688883653,186254.175590575,453547.201049384,2187973.86934343
"EG",2058,16785.9194200606,22741.4954738444,86293.5086016338,187625.588762269,454638.176189898,2187073.97758282
"EG",2059,17124.7026907906,23182.1513648406,87375.742110479,188988.049685621,455626.159591285,2185454.7053321
"EG",2060,17470.3438121629,23631.4362998795,88469.4134550633,190339.598878952,456504.142357027,2183076.10846257
"EG",2061,17822.8407493163,24089.3297285109,89573.8719480041,191677.859754692,457264.119572737,2179893.49184724
"EG",2062,18182.3977534251,24556.0898544311,90689.5014285795,193002.666076868,457903.351200083,2175887.23666585
"EG",2063,18548.8527863321,25031.4798638981,91814.8469571726,194309.920082269,458409.72591338,2170993.07037896
"EG",2064,18922.611865627,25516.0297621733,92951.2738220934,195601.505647925,458785.275572601,2165213.79057492
"EG",2065,19303.2913566941,26009.2040280406,94096.2422437321,196871.047921965,459012.561885228,2158460.0241092
"EG",2066,19690.9135497258,26511.015408639,95249.2388947843,198116.487467196,459084.39161393,2150691.0994433
"EG",2067,20086.1046717731,27022.2891903566,96412.6511021942,199341.765067116,459007.394742568,2141930.87063469
"EG",2068,20488.3120594875,27542.2634453864,97583.16343133,200538.959538396,458760.713348793,2132074.41566348
"EG",2069,20898.085013339,28071.6589001417,98762.7555038732,201711.106815518,458348.741924841,2121134.71630077
"EG",2070,21315.0249609195,28609.9218990162,99948.8864246682,202851.9433112,457754.577290511,2109025.70490937
"EG",2071,21739.4683881339,29157.4864396912,101142.49903851,203962.336755641,456977.56104416,2095736.60929315
"EG",2072,22171.4781010628,29714.4185069757,102343.228823964,205040.461900025,456010.858736258,2081227.90911277
"EG",2073,22611.069676467,30280.7207298973,103550.491140768,206084.048967971,454846.638343186,2065455.50427564
"EG",2074,23058.2690382873,30856.4096688327,104763.75141256,207090.932334671,453477.309234081,2048376.42568991
"EG",2075,23513.2870794777,31441.7492655033,105983.31031758,208060.588721015,451898.854660341,2029963.77923605
"EG",2076,23976.115789307,32036.7102677681,107208.464657419,208990.494630747,450102.837282623,2010170.57900265
"EG",2077,24447.0760935323,32641.7028000669,108439.976811859,209880.974472835,448086.929670421,1988977.05287276
"EG",2078,24925.9731974831,33256.4477847774,109676.299527206,210727.844065786,445839.078021163,1966319.94024072
"EG",2079,25413.0267259785,33881.2195796516,110917.727498924,211530.490697327,443354.870400842,1942169.95431547
"EG",2080,25908.0665898561,34515.7726344349,112162.842511025,212285.013800205,440622.947361929,1916467.19436904
"EG",2081,26300.5349374486,35000.0817858389,112474.777787444,210400.798184643,430073.079040082,1849233.37302868
"EG",2082,26697.6604228998,35489.6643476268,112773.376441982,208431.581922287,419186.45768975,1780019.33597992
"EG",2083,27099.4680343459,35984.541440905,113058.308802694,206375.959962753,407958.071403862,1708796.5458767
"EG",2084,27505.822622044,36484.521774231,113328.58536622,204231.338093824,396380.600107761,1635526.94085598
"EG",2085,27916.8700171676,36989.7872710884,113584.392800095,201997.276345386,384451.002384641,1560190.44913468
"EG",2086,28332.2474322407,37499.8459632807,113823.849338547,199669.658100424,372159.244478513,1482738.64076357
"EG",2087,28752.4358185516,38015.3236316327,114048.498807117,197250.444922029,359506.821361129,1403169.73329432
"EG",2088,29177.0347913099,38535.6794419675,114256.340664212,194735.373872211,346483.606119248,1321435.56862143
"EG",2089,29606.0019626426,39060.8472648983,114446.843880532,192122.819945796,333084.562627364,1237508.89420959
"EG",2090,30039.2508368586,39590.7031929244,114619.321881093,189410.92691059,319304.344286253,1151361.65205433
"EG",2091,30477.2893314906,40125.9065065325,114775.347951436,186601.556378828,305143.820867322,1062987.99717659
"EG",2092,30920.1185734483,40666.4472680571,114914.515388182,183693.204370541,290597.900851802,972359.450245957
"EG",2093,31366.7545736793,41211.0213768127,115032.809245632,180678.709064363,275652.891600126,879420.226269804
"EG",2094,31818.1894446224,41760.9238128001,115133.562075877,177562.660670564,260313.713820016,784176.914274669
"EG",2095,32273.7986625839,42315.3246503512,115214.145351657,174340.218458651,244570.679903942,686588.535793965
"EG",2096,32733.6796134629,42874.3429967211,115274.598057588,171010.773638136,228420.694996279,586635.741522623
"EG",2097,33197.4992008532,43437.5342675161,115313.448630775,167571.488428003,211857.727752197,484291.84442968
"EG",2098,33665.653512585,44005.4088854214,115331.790758875,164023.324832731,194880.802439199,379543.042514537
"EG",2099,34137.8575100407,44577.5858427572,115328.344821187,160363.779606939,177484.504966286,272365.08549577
"EG",2100,34614.2350962378,45154.2191914515,115303.25083923,156592.410636009,159666.020565442,162739.630494869
"IR",2020,1670.23041746429,4874.35203937794,54789.2542470983,143162.492819577,257337.20864541,859008.80447059
"IR",2021,1879.77395121675,5098.24601481486,59551.0575614908,159173.59911653,289775.947515433,943279.789215011
"IR",2022,2122.95916555937,5408.5377921315,59589.7953964685,195631.026090585,308599.071294065,919377.59120071
"IR",2023,2241.15527289418,5471.82949086307,66552.6598270713,191912.909656493,346598.883688029,1115590.6935846
"IR",2024,2234.38072712848,5455.26232665747,66339.1047508734,191292.965824601,345478.334752141,1111981.64382603
"IR",2025,2264.84007100307,5529.62911165356,67243.4473185504,193900.694290971,350187.936509654,1127140.30987623
"IR",2026,2439.09173204474,5726.00519593537,67106.7382469705,192482.774527446,346910.445452287,1114547.2710755
"IR",2027,2620.7428214785,5930.77913079578,66965.5901153683,191008.84694266,343501.553565048,1101445.03095923
"IR",2028,2809.54112583338,6142.88458006908,66802.0695695582,189425.185985508,339862.821863181,1087512.72645375
"IR",2029,3005.37891886939,6361.72438698565,66605.2318644538,187698.738462938,335933.510230743,1072551.87352671
"IR",2030,3208.3598837934,6587.22669870777,66370.621056437,185815.202921204,331686.773126214,1056473.16528854
"IR",2031,3396.13148027414,6774.54734731185,65660.1499123331,182554.811306358,324950.132075639,1032370.92179346
"IR",2032,3586.83213246718,6962.28134586636,64880.4381739874,179064.647037481,317777.435444798,1006805.03654805
"IR",2033,3780.60237979581,7150.86387942137,64037.7926062994,175363.307482463,310202.558429016,979885.364118981
"IR",2034,3977.41349761133,7340.36695521092,63134.6555386072,171458.470491872,302239.812091126,951659.235408827
"IR",2035,4176.48098559197,7529.48717313142,62161.9220768824,167326.616503403,293848.634467226,922001.555184663
"IR",2036,4433.12630121984,7815.94985482406,61896.3911791196,165040.804113041,288656.164191992,902253.694586627
"IR",2037,4688.36465410519,8091.95392988168,61426.2633736502,162133.634598162,282319.536779937,878760.497485084
"IR",2038,4960.59315148803,8389.5336609394,60999.1007276365,159261.394937873,275983.710004698,855092.260383378
"IR",2039,5245.25035780971,8700.13152947778,60539.2681435006,156217.513764106,269283.68270111,830097.178382724
"IR",2040,5543.05496745362,9024.46448641866,60044.0458934291,152989.510706956,262193.668122102,803682.992755284
"IR",2041,5854.50461281856,9362.8662330293,59507.778415878,149557.139049372,254674.342958346,775715.271211124
"IR",2042,6180.3026041416,9715.99235285494,58926.73731725,145904.903473884,246694.400927769,746083.777022573
"IR",2043,6521.08326604912,10084.3693742697,58296.0588056587,142014.210639057,238217.063860574,714661.01257254
"IR",2044,6877.46262050084,10468.4833055774,57610.4322612275,137865.197365768,229203.273273737,681312.177835295
"IR",2045,7249.8413292692,10868.4879849891,56862.6419557902,133433.372356766,219606.218081303,645879.247453174
"IR",2046,7639.36107273909,11285.6426406671,56051.156760067,128707.490753188,209400.808340819,608267.829316994
"IR",2047,8046.06491843531,11719.5541704698,55165.7045001387,123655.705329965,198527.968455398,568283.332615499
"IR",2048,8470.80279693222,12171.0297190866,54202.1247198883,118260.352393692,186951.830175687,525798.995350541
"IR",2049,8914.03914698192,12640.3051936621,53153.3879870647,112497.148719845,174625.727778103,480656.602934193
"IR",2050,9376.10729402557,13127.4388240514,52011.8741813367,106340.744372246,161501.514708116,432694.445408063
"IR",2051,9652.23204611226,13496.475025517,53136.418546501,108219.78557961,163940.395951354,437821.832529421
"IR",2052,9937.22099220379,13876.9716476581,54288.1046906315,110131.588622875,166406.588659636,442946.277872622
"IR",2053,10231.791194148,14269.887424989,55469.8620299863,112081.061176185,168906.478170308,448081.267069914
"IR",2054,10535.4873958641,14674.5434585006,56678.203109364,114060.080361548,171426.748021779,453187.798916447
"IR",2055,10848.5809269866,15091.2752684042,57913.6045203061,116068.559341179,173966.218447907,458259.158963653
"IR",2056,11171.2821215177,15520.3321042754,59176.1843031529,118105.657368897,176522.544137897,463285.4402775
"IR",2057,11503.8734410197,15962.062215968,60466.414588804,120171.210169174,179094.360262376,468259.203825179
"IR",2058,11846.5493177818,16416.6902898909,61784.2719031387,122264.032664802,181678.744263867,473168.811952959
"IR",2059,12199.7416780803,16884.7687714276,63130.9399805159,124385.294231942,184276.237024725,478011.525380173
"IR",2060,12563.4779581519,17366.2884020351,64505.4658516842,126531.906175648,186881.021750255,482767.941435073
"IR",2061,12937.8648080633,17861.3495352982,65907.3059528536,128701.585879847,189488.475271668,487421.751701679
"IR",2062,13323.5536172625,18370.8033266649,67338.6630162975,130897.381376087,192101.78946219,491976.63387089
"IR",2063,13720.9101921878,18895.103616146,68800.2141682919,133119.281987676,194719.57058629,496424.182352588
"IR",2064,14130.2198410106,19434.5914902376,70292.1888688388,135366.360607377,197339.031968565,500752.255726117
"IR",2065,14551.9642733213,19989.8763651297,71815.7518848489,137639.44331862,199959.892449617,504954.892631376
"IR",2066,14986.509041948,20561.4055112995,73371.4348675193,139938.073365175,202579.934048825,509020.981409405
"IR",2067,15434.3002845013,21149.7346619187,74960.1153330562,142262.39675066,205197.751144478,512941.237360844
"IR",2068,15895.8994335306,21755.5748642758,76583.1687304681,144613.43138224,207813.117986918,516709.047531542
"IR",2069,16371.6759871689,22379.3715756667,78240.9785051472,146990.241990368,210422.916580234,520310.301280356
"IR",2070,16862.0694163609,23021.663877267,79934.2155392693,149392.377059365,213024.660998589,523732.233414225
"IR",2071,17367.7700129384,23683.3305277607,81664.6755906586,151821.409964412,215618.669045482,526968.669739637
"IR",2072,17889.175573077,24364.8479321203,83432.6980347769,154276.107893633,218201.166016025,530003.045548047
"IR",2073,18427.1462491803,25067.3194477427,85240.7143664959,156759.027744065,220773.651116377,532831.292811699
"IR",2074,18981.6892075871,25790.6844573738,87087.1264586981,159265.212112277,223326.926783057,535423.110589343
"IR",2075,19554.0803825989,26536.6047676701,88976.1231849138,161800.244402405,225866.529229776,537783.349733646
"IR",2076,20144.5813673178,27305.3596498953,90907.1391485145,164360.887993064,228385.488511,539886.369317324
"IR",2077,20754.0352558688,28098.0146420299,92882.1881375304,166948.512407786,230883.171395251,541721.271855374
"IR",2078,21382.7555558619,28914.9144239986,94900.8240485469,169559.950871348,233352.542151502,543261.657343406
"IR",2079,22031.9059872307,29757.5507342336,96966.3128807695,172198.589986708,235795.494637016,544501.580199132
"IR",2080,22701.875957506,30626.3640331845,99078.386461392,174861.375929333,238204.916983617,545413.596499591
"IR",2081,23159.4377336644,31188.7349929224,99802.3516638166,174469.616172948,235761.583028757,532599.192000511
"IR",2082,23630.3815731347,31767.3020204645,100541.6646134,174048.47706323,233213.636919559,519301.059706446
"IR",2083,24114.965075639,32362.3348973214,101295.647379815,173594.398643356,230553.525575101,505491.684089237
"IR",2084,24612.9451791544,32973.4312969858,102061.513913504,173100.201274106,227768.880410797,491132.959979016
"IR",2085,25124.7234805303,33601.0543038358,102839.192502656,172563.365744771,224853.53275113,476200.415604303
"IR",2086,25650.7774580014,34245.7656062595,103628.855321052,171981.688801512,221801.613391967,460669.769833139
"IR",2087,26190.9103645362,34907.224935456,104427.908615365,171348.317283209,218601.183735879,444503.84623464
"IR",2088,26745.7408111492,35586.1796937454,105237.031927252,170661.800978276,215247.237522519,427679.723704858
"IR",2089,27315.3832396322,36282.7030310945,106054.841356507,169917.227511178,211730.257553778,410164.92907338
"IR",2090,27899.6794340687,36996.5065467393,106878.908691567,169108.032445219,208038.694615834,391923.162611039
"IR",2091,28499.3984013075,37728.5317590003,107710.366349054,168233.297953711,204167.962408077,372931.310594519
"IR",2092,29114.485797516,38478.6262326589,108547.142894886,167286.962641876,200107.052140379,353153.7630697
"IR",2093,29744.6821327034,39246.3683736021,109386.447692716,166261.926787948,195843.80477074,332553.275279878
"IR",2094,30390.9168174812,40032.905966022,110229.878380471,165157.785649817,191373.980664608,311106.195360993
"IR",2095,31052.9733108172,40837.8726952184,111074.770061051,163967.580497751,186685.520281456,288775.156418153
"IR",2096,31731.260256589,41661.7259922406,111920.730321815,162687.76520082,181770.328788334,265529.283045778
"IR",2097,32426.2157483248,42504.9594131562,112767.411714597,161314.763394648,176620.144809612,241336.844564203
"IR",2098,33138.3679254808,43368.1816685639,113614.713184621,159845.241313663,171226.81753412,216165.532004521
"IR",2099,33867.6763140414,44251.2551179567,114460.533032416,158272.965070391,165578.966983749,189978.370534705
"IR",2100,34614.2350962377,45154.2191914514,115303.25083923,156592.410636009,159666.020565442,162739.630494869
"MA",2020,1272.29560067092,3451.18791926163,40819.6843778786,87549.8260967443,256067.357613735,1567574.22149777
"MA",2021,1344.44904033583,3677.89757497521,43617.8970535799,93558.6869106989,273660.498903169,1675356.50612104
"MA",2022,1384.854811163,3783.4525863296,44781.5030592361,96043.6688982656,280909.681520774,1719657.76143366
"MA",2023,1434.82673052535,3920.7357769145,46460.8938763038,99649.3919234085,291460.935555621,1784279.81723806
"MA",2024,1477.96168286444,4047.3896498495,48510.8439725905,104085.570718203,304447.888416422,1864056.74754723
"MA",2025,1515.36221168831,4149.81078499507,49738.4341322696,106719.5059771,312152.088165374,1911227.59705184
"MA",2026,1678.61725514081,4363.40874272713,50295.2495416353,107487.104530539,312993.891036352,1912548.92473118
"MA",2027,1853.56726755959,4592.80772249727,50902.2295274271,108332.654301638,313966.168361289,1914402.74875606
"MA",2028,2038.38362299945,4832.25188379324,51483.9667492727,109092.991546172,314587.172820268,1913827.17113064
"MA",2029,2232.72376310137,5080.38084768473,52020.5327276608,109724.584913411,314727.037888774,1910020.11986734
"MA",2030,2437.38174134908,5338.56337638935,52521.4194093895,110246.326448147,314436.179051669,1903277.04863548
"MA",2031,2650.45182827783,5602.29293656078,52938.7245669103,110556.739489987,313422.060993041,1891818.5316548
"MA",2032,2873.50339469073,5874.78714933666,53301.7460638964,110716.710070743,311856.281578179,1876677.48766996
"MA",2033,3106.99946955703,6156.67473321371,53612.5342323545,110729.467924958,309744.445008239,1857877.73504689
"MA",2034,3351.21895091645,6448.17422134157,53869.0300800521,110589.597825133,307067.434536408,1835293.27615622
"MA",2035,3605.59996628747,6747.92518939062,54056.4574970723,110265.722039721,303734.542535429,1808371.65772759
"MA",2036,3862.78966005046,7042.3447909638,54068.2429340187,109541.162517673,299151.379862388,1773581.16173261
"MA",2037,4129.02271917883,7343.35595378549,54003.0958902204,108618.289198271,293878.913186506,1734271.88764507
"MA",2038,4409.03442520397,7659.12204780789,53917.6384736898,107609.80268214,288217.911559346,1692206.50049832
"MA",2039,4702.42838184849,7988.37112012858,53795.0258330197,106479.219372961,282060.540721266,1646721.6982245
"MA",2040,5009.84859962305,8331.70096848457,53632.4197918417,105218.316917592,275375.742793813,1597608.18278382
"MA",2041,5332.00906839004,8689.80092157737,53427.2202791557,103819.200712136,268132.816819502,1544657.19807578
"MA",2042,5669.59717372926,9063.29018246463,53176.0101429941,102272.228006162,260295.964962709,1487628.82593274
"MA",2043,6023.32178311184,9452.80150536413,52875.1461582117,100567.188155105,251827.456153889,1426270.56820624
"MA",2044,6393.95491525899,9859.04556492756,52521.1037317912,98693.9512283153,242689.224256619,1360326.31535179
"MA",2045,6782.23225864925,10282.654849145,52109.6039404077,96640.8077651081,232838.711099776,1289512.80396903
"MA",2046,7188.88326896428,10724.2362896632,51635.9887205497,94395.2192886573,222230.882639109,1213531.47217796
"MA",2047,7614.7153450908,11184.4978804741,51095.8470079226,91944.9716938786,210820.978072354,1132083.58613935
"MA",2048,8060.50867447842,11664.0898608012,50484.2193445221,89276.7049010396,198560.985412906,1044850.7810394
"MA",2049,8526.96293252156,12163.5339088506,49795.3940937335,86375.6131023632,185399.216483641,951493.692694766
"MA",2050,9014.84218564756,12683.4366374793,49023.893374569,83227.2248352712,171284.411660292,851674.080387092
"MA",2051,9301.33822523459,13068.1370930974,50203.7826101672,85027.3063096656,174146.028810164,862630.655878845
"MA",2052,9596.46378467383,13463.9132122002,51408.6841644173,86858.0845695405,177021.958583354,873468.736034203
"MA",2053,9900.51566747887,13871.1384256992,52639.3039574743,88720.2704876466,179911.639275457,884177.668914304
"MA",2054,10213.7278787807,14290.0964428697,53895.9782811241,90613.9323250884,182813.123966168,894739.671527128
"MA",2055,10536.3441970809,14721.0832787126,55179.0668595923,92539.1621698114,185724.44851836,905136.618108576
"MA",2056,10868.6948572055,15164.5141693426,56489.3498356267,94496.7391432405,188644.951831533,915356.431489117
"MA",2057,11211.0346934766,15620.697242445,57827.1762615818,96486.6992075887,191572.396421623,925379.014090141
"MA",2058,11563.7376319142,16090.1048840488,59193.4750036106,98510.0262549869,194506.344464774,935192.629813981
"MA",2059,11926.970046997,16572.9187477064,60588.0726065957,100565.846939245,197442.594673609,944767.057783749
"MA",2060,12301.1549528938,17069.6758750164,62012.0742079922,102655.395723742,200381.022743602,954091.336095807
"MA",2061,12686.5356646594,17580.6616325987,63465.6314260604,104778.301023137,203318.251925938,963138.535951913
"MA",2062,13083.5720966114,18106.4598629231,64949.9448537866,106935.902868207,206254.140604792,971896.698867209
"MA",2063,13492.6364077562,18647.5302572697,66465.7237959181,109128.699685775,209186.783760786,980344.976516407
"MA",2064,13914.0988223227,19204.3276527925,68013.6231889083,111357.074061972,212113.940213556,988460.469639296
"MA",2065,14348.0674470946,19776.9434504573,69592.9825704981,113619.234520566,215029.13980404,996200.203508209
"MA",2066,14795.3546282007,20366.4382685329,71206.5267374841,115918.898060155,217936.258008122,1003568.79821366
"MA",2067,15256.3877155968,20973.3381452344,72855.0326510101,118256.553153889,220832.851005291,1010540.71449118
"MA",2068,15731.3857458311,21597.8806585415,74538.2395839627,120630.977687642,223713.166661779,1017074.78661864
"MA",2069,16220.8463819628,22240.6844833802,76257.1775014668,123043.020201301,226575.213758678,1023146.60624723
"MA",2070,16725.3729054854,22902.5100049892,78013.3090433885,125494.187709578,229418.04033538,1028735.7063114
"MA",2071,17245.4285763414,23583.922491301,79807.3741834474,127984.781191474,232238.298851043,1033810.04393205
"MA",2072,17781.4718821044,24285.4780993053,81640.0376568269,130514.947434045,235032.214549241,1038335.02547671
"MA",2073,18334.0514280421,25007.8533809451,83512.3227260098,133085.371268059,237796.826704855,1042278.96652176
"MA",2074,18903.922059666,25752.0027132711,85426.1203324584,135698.074267563,240531.359620041,1045618.85011886
"MA",2075,19491.4887082981,26518.3998832162,87381.6596106646,138352.386205041,243230.035253785,1048308.87250095
"MA",2076,20097.3681619244,27307.8045028999,89380.0699334982,141049.029954575,245889.381075624,1050312.51390424
"MA",2077,20722.1625277902,28120.952782771,91422.3443512732,143788.466630701,248505.259907053,1051589.46091367
"MA",2078,21366.783157923,28958.9967264435,93510.7607240624,146573.125463621,251076.700113827,1052111.70529125
"MA",2079,22031.4829604792,29822.1916469812,95644.627172939,149400.722010273,253594.391320911,1051815.06351926
"MA",2080,22717.0749989754,30711.5492806268,97825.6463250512,152272.68706991,256055.216288019,1050660.50635393
"MA",2081,23196.7662097575,31301.1845886358,98680.6706144002,152782.781109665,253195.329002214,1021264.74272754
"MA",2082,23686.8643011737,31902.8454191595,99538.4788345367,153268.711941307,250165.742658935,990559.517091713
"MA",2083,24187.5487158431,32516.7169088086,100398.662096466,153729.041972332,246960.411386058,958502.784333359
"MA",2084,24699.0381606473,33143.0359225557,101260.952755593,154162.534593551,243573.541792869,925053.129240163
"MA",2085,25221.5938517687,33782.0949339573,102125.227962919,154568.152640203,239999.558376272,890169.472506298
"MA",2086,25755.6453273142,34434.4097365583,102992.002570842,154945.792497765,236234.187873865,853814.807109978
"MA",2087,26301.5727850357,35100.4269529582,103861.528222934,155294.90644923,232272.254439415,815947.682355783
"MA",2088,26859.6950419802,35780.5086503147,104733.759871224,155614.463008979,228107.669340387,776522.429525601
"MA",2089,27430.0330677951,36474.6186875148,105607.46150236,155901.639001144,223731.612430521,735483.509092444
"MA",2090,28012.6008170599,37182.7123308128,106481.385221583,156153.605181376,219135.309638114,692775.837942759
"MA",2091,28608.3445963475,37905.9809826162,107357.797829136,156372.664012159,214317.079975753,648366.140013057
"MA",2092,29217.210339494,38644.2849197947,108235.096176524,156555.391005838,209266.957007943,602193.530220826
"MA",2093,29839.9825773882,39398.5931140199,109114.77383168,156702.83310948,203980.913353892,554213.987442429
"MA",2094,30476.6032267614,40168.7576531137,109995.153620658,156811.412149123,198448.549950604,504364.023886681
"MA",2095,31127.7355516035,40955.5812585734,110877.159444886,156881.25616746,192664.148489194,452591.987778055
"MA",2096,31793.5601947601,41759.2276943496,111759.914660825,156909.878839707,186618.447353176,398835.740001742
"MA",2097,32474.9896585513,42580.8197242488,112645.068750733,156898.301886381,180306.16328132,343040.341602964
"MA",2098,33171.8686457693,43420.0752554139,113530.469237692,156842.168865244,173715.414473617,285135.393975587
"MA",2099,33884.9060192368,44277.8438841645,114416.932603425,156741.234651613,166838.922277791,225058.41132546
"MA",2100,34614.2350962378,45154.2191914515,115303.25083923,156592.410636009,159666.020565442,162739.630494869
"SA",2020,5568.28149350209,17494.8594305048,308699.790304919,1279529.87956814,4835893.22355904,29870888.3219473
"SA",2021,5781.11787166787,18252.4407645966,322375.064948881,1336265.16019835,5050219.90840296,31194581.9038151
"SA",2022,5949.48962371324,19080.1625971795,339150.277597855,1406223.23869898,5314918.35008507,32830177.2417907
"SA",2023,5679.78269330004,17921.0819497925,316318.429338592,1311060.90013526,4954884.85117824,30605555.077859
"SA",2024,5696.32110489497,18088.9088698092,321228.580810387,1331730.34958838,5032987.78802654,31087968.5612503
"SA",2025,5683.95895185939,18049.6523293899,320531.450714971,1328840.22909121,5022065.20060283,31020501.4683947
"SA",2026,6273.44677265533,18337.7126534351,308856.450680375,1272577.95701496,4798865.64848664,29621693.902066
"SA",2027,6818.4085987469,18540.1340489052,296251.698995999,1212737.88699853,4562516.60587432,28142372.9504326
"SA",2028,7339.58473122273,18722.9668066379,283892.136847541,1154191.9562934,4331431.76775039,26696279.489391
"SA",2029,7839.48021133465,18892.3756000311,271868.260959491,1097306.45618933,4106983.50807909,25291867.6930838
"SA",2030,8317.3027142394,19045.7338520487,260132.256183727,1041882.60900203,3888419.85203617,23924491.3268773
"SA",2031,8692.79746750331,19007.2196174176,246399.60886482,978841.639090405,3641956.85311022,22386477.1857866
"SA",2032,9038.75163426757,18950.8387118898,233154.713638281,918199.653620475,3405067.01133653,20908560.516343
"SA",2033,9356.16736788748,18877.5514371621,220391.067981569,859918.66673015,3177591.94057074,19489734.7383987
"SA",2034,9645.26285598936,18786.7549707966,208084.231438699,803890.924188358,2959115.76148707,18127414.5563956
"SA",2035,9907.55872867427,18680.4712382655,196240.354553636,750127.994019338,2749663.46396795,16821718.6387898
"SA",2036,10503.5996189703,19217.4283169448,191403.254267747,723345.868109647,2639399.67593913,16123397.5611712
"SA",2037,11101.6053055621,19752.065837452,186434.231651297,695974.349194605,2526851.29536174,15410856.0902599
"SA",2038,11716.4320855279,20310.6833008037,181579.005014807,668928.508405299,2415337.33304335,14704329.7726911
"SA",2039,12341.952235624,20881.5070421269,176709.963118723,641717.443902755,2303053.81047999,13992773.4369623
"SA",2040,12978.8709591452,21465.237125461,171823.219662222,614317.404412736,2189900.69364876,13275549.6158639
"SA",2041,13627.7921066212,22062.3874112827,166913.019646496,586697.564732023,2075752.11923462,12551863.023501
"SA",2042,14289.3258264747,22673.4770338007,161973.545622974,558826.767674837,1960480.87101046,11820909.8300181
"SA",2043,14964.0954597174,23299.0410929865,156998.988811461,530673.763313245,1843959.20924719,11081882.6422952
"SA",2044,15652.553946978,23939.3488793961,151981.738555331,502201.197931339,1726038.16322556,10333846.4272764
"SA",2045,16355.4658878554,24595.1515434456,146917.357840072,473382.354587201,1606605.57316132,9576087.0701441
"SA",2046,17072.8229658522,25266.0375644128,141794.45625286,444168.100291975,1485473.1818681,8807436.83933006
"SA",2047,17805.2619042821,25952.588882531,136608.102869779,414530.846042182,1362527.11427813,8027174.03676851
"SA",2048,18552.6969243883,26654.3402977811,131347.992619525,384426.912797506,1237601.00838099,7234268.61911317
"SA",2049,19315.4301550576,27371.4252449029,126007.738921857,353825.724105177,1110573.79567715,6427962.26286706
"SA",2050,20092.9874273204,28102.9044087194,120576.665728217,322685.831000467,981292.608219538,5607317.92913913
"SA",2051,20316.8123075983,28378.2300362095,120849.965460608,321657.790099027,974501.88790692,5559836.05281851
"SA",2052,20543.7876551933,28657.3555612437,121124.971693194,320606.030988548,967580.130059521,5511465.88681383
"SA",2053,20773.7727208017,28940.0730848293,121400.526684274,319526.940399893,960515.274203487,5462135.97512044
"SA",2054,21006.8208214932,29226.4458811116,121676.630002281,318419.990289018,953304.617184379,5411828.27251419
"SA",2055,21242.9287914603,29516.4584904605,121952.94979713,317283.778059447,945942.822116607,5360509.74515388
"SA",2056,21482.3014759038,29810.3842624928,122230.342250454,316119.981462066,938433.713207074,5308199.21911311
"SA",2057,21724.6974667936,30107.8767592898,122507.109287019,314923.645972767,930761.369430792,5254803.69517445
"SA",2058,21970.4099346887,30409.3313171514,122784.593197263,313697.678022667,922933.200977805,5200362.13418698
"SA",2059,22219.3590855563,30714.6257636498,123062.01541171,312439.501089143,914940.345977877,5144821.46622137
"SA",2060,22471.4821055262,31023.6620731994,123338.710535165,311146.860071659,906774.958637413,5088134.51890756
"SA",2061,22727.0478452804,31336.8001053384,123615.833456477,309822.091696721,898442.574660145,5030329.20557209
"SA",2062,22985.5842199778,31653.3776431073,123890.496235676,308457.376858769,889919.227673594,4971268.13112547
"SA",2063,23247.8054895723,31974.3675378016,124166.243706534,307060.982938317,881227.519525854,4911074.43355338
"SA",2064,23512.9770728586,32298.7476444415,124438.817190431,305621.758761507,872334.051364102,4849558.47722605
"SA",2065,23781.7938954053,32627.4621973408,124711.600828589,304147.468205988,863259.740880834,4786833.41417088
"SA",2066,24053.9178987202,32960.0353755506,124982.480933925,302632.314826134,853986.669785571,4722796.16575313
"SA",2067,24329.4652870141,33296.6154766011,125251.75127229,301076.421104574,844513.828267059,4657437.68812351
"SA",2068,24608.9729563913,33637.9251887052,125521.832931274,299484.949382937,834854.172255817,4590825.51860274
"SA",2069,24891.7285135668,33982.9781866215,125788.736129214,297847.691352652,824977.635127627,4522790.16377086
"SA",2070,25177.8142813904,34331.8766794219,126052.588163479,296164.384599406,814882.162815088,4453316.91159536
"SA",2071,25467.8469354999,34685.4502035339,126316.154597723,294440.892523837,804582.383265276,4382481.7644748
"SA",2072,25761.823687273,35043.6817264741,126579.04627975,292675.561219294,794071.991333042,4310245.6725533
"SA",2073,26059.5855305345,35406.3421400956,126840.118582184,290865.01425504,783340.066946556,4236544.69139728
"SA",2074,26361.1057253647,35773.3830085265,127098.898060972,289007.469893157,772380.119809183,4161339.19529309
"SA",2075,26667.28018563,36146.0068140247,127359.326604834,287111.118367817,761212.143402397,4084731.79582829
"SA",2076,26977.3155305007,36523.1234035918,127617.196279359,285165.60804393,749806.552665315,4006557.9240088
"SA",2077,27291.3830732509,36904.9523658909,127872.967449196,283171.237370646,738162.310811521,3926807.05067783
"SA",2078,27610.0437136241,37292.2385506475,128128.881640132,281132.155960062,726288.185644101,3845520.15633736
"SA",2079,27933.3185098291,37684.9951254764,128384.603384252,279046.706520261,714177.555449392,3762655.65686231
"SA",2080,28261.2488319124,38083.2626713627,128639.890868483,276913.435963023,701824.322790595,3678174.73492753
"SA",2081,28556.580368158,38414.800154616,128100.155916466,271666.789867023,677950.230535769,3522999.06149286
"SA",2082,28854.7507752125,38749.3452051602,127550.147046216,266347.736341434,653762.405862265,3365809.12789199
"SA",2083,29154.9866332142,39085.8516755573,126986.232329876,260948.215536058,629239.79569465,3206492.81941773
"SA",2084,29457.8507685742,39425.0689630873,126410.717399859,255472.635037297,604392.132314099,3045097.05402942
"SA",2085,29762.8482823133,39766.328233119,125821.294645352,249915.908343421,579206.215881623,2881551.77684164
"SA",2086,30070.2106164718,40109.9340415662,125218.809892669,244279.405981812,553684.35418914,2715865.77015283
"SA",2087,30380.3457683475,40456.4240782726,124604.777002077,238565.642482531,527830.993138945,2548056.85851126
"SA",2088,30692.3740584948,40804.6206176948,123975.4096588,232766.939591235,501627.89536878,2378032.93688034
"SA",2089,31007.0778111468,41155.5596942876,123333.753244081,226888.73496398,475085.947785588,2205842.83703089
"SA",2090,31324.3316872384,41509.0678502406,122679.107978077,220929.241986131,448199.89664703,2031456.96275922
"SA",2091,31643.9562363912,41864.901231765,122010.599280326,214886.452791892,420964.328874215,1854846.0234467
"SA",2092,31965.3645727999,42222.2794417547,121325.85231014,208755.89820268,393369.582354026,1675964.1118407
"SA",2093,32289.3360534132,42582.2288702738,120627.738830907,202542.294999913,365423.818124124,1494843.21963077
"SA",2094,32615.0056987534,42943.604351234,119912.901035632,196239.671329762,337115.153573694,1311430.31452442
"SA",2095,32943.233207921,43307.5352676636,119184.426892558,189852.885253128,308451.268545674,1125752.48150694
"SA",2096,33273.3459303434,43673.1326540233,118439.749784111,183377.485374064,279423.660958817,937773.061157966
"SA",2097,33605.6044542273,44040.7361522464,117679.729387944,176814.614428234,250033.394255709,747492.418903161
"SA",2098,33940.13693848,44410.5100428129,116904.71029733,170164.496531214,220279.696065931,554902.698053104
"SA",2099,34276.0164520086,44781.2391682422,116111.435309315,163422.205906115,190155.482861127,359982.120985022
"SA",2100,34614.2350962377,45154.2191914514,115303.25083923,156592.410636009,159666.020565442,162739.630494869
"TR",2020,4429.66876645348,9498.67872992694,165369.683650095,514578.346605815,1381862.53151369,5324874.5005331
"TR",2021,5103.73613653619,10807.3864261996,179330.682911694,517260.3810293,1285542.47005939,4563310.58630429
"TR",2022,4462.66510527003,10769.4179012461,197223.369070285,670450.684498563,1989205.40401199,8762435.48271455
"TR",2023,4466.02732744111,10378.6012012883,207138.998802325,748432.605962233,2362353.68810434,11380622.348402
"TR",2024,4856.5279763638,11514.789274721,215361.130036848,698815.07327334,1957046.1935277,7937903.94034993
"TR",2025,5074.43895724023,12031.4544803271,225024.32055431,730170.699928711,2044858.28021343,8294075.35378831
"TR",2026,5541.44446782232,12565.3252337438,223682.754661243,722438.426957391,2018872.27309877,8181143.1189818
"TR",2027,6024.28246102755,13115.2855226397,222218.41618436,714181.372609047,1991254.57095271,8061310.89866825
"TR",2028,6524.16893566275,13683.3634683534,220652.347823386,705462.778706424,1962175.82485722,7935259.63436688
"TR",2029,7042.22289631554,14271.1629466429,218993.820045331,696306.54304041,1931695.03451075,7803214.85077456
"TR",2030,7578.80329933047,14878.65286893,217224.825459328,686649.035544276,1899627.33837788,7664415.15074844
"TR",2031,8120.72718608158,15480.0542264619,214971.422412721,675309.151400083,1862706.40794469,7505684.04519954
"TR",2032,8680.27653342497,16099.6588322792,212592.558026278,663423.165165794,1824077.92659016,7339717.20356786
"TR",2033,9258.72965077496,16739.2892658236,210098.452246843,651017.118507886,1783805.69679244,7166757.542436
"TR",2034,9856.97003577054,17399.9381912972,207485.900544699,638074.118381875,1741834.08359642,6986564.92719298
"TR",2035,10477.1995665905,18084.8305987047,204775.798991957,624650.208875355,1698304.96388771,6799688.60746238
"TR",2036,10984.6349860959,18565.4445932211,199492.618558658,603249.221444384,1632912.96824788,6524964.59537759
"TR",2037,11510.5864234518,19072.167803217,194346.302848383,582187.488742058,1568336.65517294,6253315.35094507
"TR",2038,12046.764283329,19590.3224898331,189160.643648784,560922.570170032,1503094.50499675,5978797.10482733
"TR",2039,12595.5804647625,20123.4460075077,183958.71307237,539516.477021674,1437343.70385718,5702018.76425064
"TR",2040,13157.7579933071,20672.2098842579,178732.472586023,517936.980333824,1370986.11652637,5422568.59022531
"TR",2041,13733.9226410094,21237.1257586038,173472.289769726,496147.095846325,1303910.82454195,5139983.92273783
"TR",2042,14325.0559934677,21819.2482769315,168172.749729202,474121.752938285,1236038.00283199,4853924.26997226
"TR",2043,14931.4818431836,22418.6144253081,162820.109893863,451812.052755597,1167225.18901519,4563802.19766429
"TR",2044,15553.7992426133,23035.6970698804,157404.498215526,429180.378330432,1097359.87840009,4269148.93479756
"TR",2045,16192.3681098662,23670.6224147378,151913.911179576,406183.494794579,1026315.4976434,3969441.54087567
"TR",2046,16848.1869822307,24324.458470645,146342.653900813,382795.264897607,954009.031887962,3664326.2337358
"TR",2047,17521.4797804418,24997.1415346363,140677.789189598,358970.205217615,880308.611931258,3353260.33342406
"TR",2048,18211.8585716427,25687.7719614447,134902.888822316,334655.127284415,805065.434500225,3035640.54892987
"TR",2049,18919.5907514873,26396.4253782183,129008.337592182,309815.540654089,728178.690311534,2711050.65745762
"TR",2050,19645.0033010244,27123.2747451923,122985.472678543,284419.786271273,649555.167481836,2379104.67456941
"TR",2051,19860.2601946078,27391.2862250537,123210.623562682,283722.105496929,645770.425468765,2360570.20062945
"TR",2052,20082.3808724664,27668.2787300434,123459.685467527,283059.034200617,642027.514702809,2342109.60669533
"TR",2053,20310.923665352,27953.6182473983,123728.962218885,282421.013771451,638302.787401185,2323632.40283867
"TR",2054,20545.1228044838,28246.2280122211,124012.910262271,281794.410425023,634563.643504304,2305016.06588032
"TR",2055,20784.8485513375,28545.9094436059,124309.969221759,281174.80348763,630798.526456699,2286215.15373884
"TR",2056,21029.034832804,28851.1802965594,124613.067057701,280545.405938072,626968.321188439,2267084.74421404
"TR",2057,21278.013013208,29162.4798542738,124923.577498282,279908.634068191,623077.177916644,2247637.12129288
"TR",2058,21531.1656471843,29478.9466358981,125237.289279509,279254.373419144,619101.322195409,2227783.76762106
"TR",2059,21788.766025372,29800.9410862476,125555.264183287,278584.374896133,615043.485413802,2207531.98535211
"TR",2060,22050.186918327,30127.5918596471,125873.369819745,277888.858549058,610880.930647554,2186797.64051144
"TR",2061,22315.9914647208,30459.6560206161,126194.345440463,277173.305838329,606624.641439287,2165617.68949006
"TR",2062,22585.4994779004,30796.1923083501,126513.850234086,276427.588445486,602251.325619644,2143906.47709314
"TR",2063,22859.1982102061,31137.8535956524,126834.170766861,275656.165244505,597769.675076968,2121692.65935595
"TR",2064,23136.1809158224,31483.3932589517,127149.834023229,274846.600149366,593151.685837121,2098874.51440411
"TR",2065,23417.2026185934,31833.8288023075,127464.607837519,274006.565897519,588413.008702942,2075505.3744034
"TR",2066,23702.4026668804,32189.3375929285,127778.786701989,273136.116268298,583552.638271921,2051579.15142972
"TR",2067,23991.7247146544,32549.830865752,128091.596009717,272233.001970661,578564.614024819,2027072.25807494
"TR",2068,24285.0062919644,32915.0764479144,128401.716543355,271293.844234691,573440.629775377,2001953.01406933
"TR",2069,24582.1589836055,33284.9434301457,128708.254948512,270316.208178377,568174.46128071,1976197.2074777
"TR",2070,24883.0980089835,33659.3064042218,129010.359193458,269297.774639203,562760.184829091,1949781.80440317
"TR",2071,25188.0283880326,34038.4321485043,129308.686458926,268239.383578921,557198.495919735,1922706.74511918
"TR",2072,25497.1139597548,34422.5308683922,129603.647051175,267141.315899094,551488.834623236,1894967.41719646
"TR",2073,25810.7053333692,34812.0639265516,129896.562456303,266005.679590593,545634.309848975,1866571.57169085
"TR",2074,26128.5044560076,35206.6169386937,130185.456317483,264827.784207087,539623.994007637,1837478.72481172
"TR",2075,26450.7346458034,35606.4790359886,130470.988423612,263608.354228858,533458.100307079,1807686.58437963
"TR",2076,26777.5458580239,36011.8396491076,130753.42040736,262347.259696723,527135.009929705,1777186.40254768
"TR",2077,27109.5795456274,36423.5479206859,131035.364645255,261049.018758005,520662.301521629,1746000.09577078
"TR",2078,27446.9799882425,36841.7824896235,131316.933576864,259713.033049815,514037.064624095,1714113.71222866
"TR",2079,27789.5307362118,37266.2376659855,131596.508934373,258335.274416404,507249.585904001,1681490.57959615
"TR",2080,28137.010941937,37696.6031164862,131872.49986205,256911.837736774,500290.54028484,1648095.67631395
"TR",2081,28420.0293349462,38022.1561367282,131136.864043483,252488.844736741,485293.978617664,1582730.89996709
"TR",2082,28706.4649638686,38351.6064411883,130391.056695829,248008.066317632,470103.822092429,1516525.66004874
"TR",2083,28997.1569015022,38686.0617784607,129638.379680366,243475.020647465,454728.86391078,1449504.04172569
"TR",2084,29291.8113200155,39025.1145253405,128876.918766761,238885.199680597,439158.662700104,1381627.49056103
"TR",2085,29590.2993247517,39368.5788839976,128105.565648259,234235.713182281,423386.029383926,1312868.42086723
"TR",2086,29892.5439609018,39716.3392116653,127323.477315016,229524.219467601,407404.910777973,1243203.15815281
"TR",2087,30198.8891854857,40068.8390946726,126531.603195817,224751.607446408,391214.986590738,1172625.51809443
"TR",2088,30509.8502113344,40426.7467587284,125731.510737044,219919.702352251,374817.18831937,1101132.0109932
"TR",2089,30824.132263415,40788.3318863352,124917.299233043,215017.251596045,358190.122501611,1028653.45853447
"TR",2090,31142.575738412,41154.695168182,124091.937118323,210048.63133401,341339.307081093,955200.527298502
"TR",2091,31465.7390716203,41526.5594243264,123257.067007472,205015.628512796,324265.204587161,880767.196461574
"TR",2092,31794.1599663644,41904.616461634,122414.109845565,199919.41770806,306966.699643033,805341.283402518
"TR",2093,32127.3302137636,42288.1779064834,121560.395336376,194754.378504234,289431.954611868,728881.559070453
"TR",2094,32465.6551471355,42677.7600483096,120696.794235223,189520.715392616,271658.182370906,651370.877059244
"TR",2095,32810.0470427858,43074.5421835086,119825.931369876,184221.148468125,253645.569389368,572797.073124383
"TR",2096,33159.6895633848,43477.4312116145,118944.003371531,178848.300895733,235379.820666148,493113.230817908
"TR",2097,33514.9460178827,43886.8845538029,118051.585354551,173401.658125002,216856.443385774,412295.820849595
"TR",2098,33875.6660560347,44302.6856958436,117147.392647096,167877.876416188,198067.130676114,330312.988405054
"TR",2099,34241.8156629548,44724.7713476427,116230.584433482,162274.329744803,179004.659435767,247135.664128226
"TR",2100,34614.2350962378,45154.2191914515,115303.25083923,156592.410636009,159666.020565442,162739.630494869
"OE",2020,298.30669508486,2876.49475326743,101010.260728269,404364.986937838,1592064.87719953,11705099.2434218
"OE",2021,279.825445805498,2727.88415363644,101061.484804756,405576.765858467,1606951.09017133,12938517.3582647
"OE",2022,277.060069378984,2646.28684992617,106039.639637174,422345.319727599,1699037.01256925,12715403.8172899
"OE",2023,265.644589189808,2511.33361827514,105854.181237252,431932.044072626,1739581.07770746,14836413.9405325
"OE",2024,252.287536321821,2382.29514159,103613.930528403,442338.050068798,1850775.76006718,17551505.1437641
"OE",2025,250.683463022015,2367.14823388067,102955.14118878,439525.613648244,1839008.31398588,17439910.6465369
"OE",2026,460.162817027992,2614.45714748758,102353.662646749,434895.628579523,1816591.59577591,17219022.5442654
"OE",2027,677.532947622572,2869.1821318033,101634.437158426,429683.026184912,1791619.1388312,16973575.6654532
"OE",2028,903.150354877577,3132.77723239937,100848.156862653,424101.937656557,1764983.52034368,16712025.4342395
"OE",2029,1136.97056191078,3404.65386215314,99968.1157332482,418038.151454073,1736206.57403407,16429836.436293
"OE",2030,1379.36548036448,3685.68484367564,99014.957428741,411576.65292427,1705639.24273761,16130324.1154583
"OE",2031,1624.51803478613,3961.37053293803,97623.3563821118,403206.003691636,1667028.6726857,15754384.5939126
"OE",2032,1877.5786898957,4246.284317845,96203.636924623,394637.334285509,1627474.44709295,15369182.1103514
"OE",2033,2139.19665055627,4541.32215046092,94760.417611137,385884.125000233,1587023.76098748,14975139.1193218
"OE",2034,2410.00649583874,4847.2489275302,93292.6632477828,376935.728124757,1545622.86840958,14571720.8531687
"OE",2035,2690.20804446246,5163.9439104273,91781.9481397871,367711.090504892,1502929.1053868,14155668.0874654
"OE",2036,2992.94126053696,5515.23507248047,90606.7601854877,359706.565628288,1465026.98212192,13784201.2635841
"OE",2037,3307.63467871978,5879.49183791403,89339.4429773704,351189.614449317,1424804.97170174,13390254.5956312
"OE",2038,3639.63715323949,6265.65746178575,88096.2075230353,342606.828354236,1384058.53111062,12990655.5806179
"OE",2039,3986.55382703844,6668.74903742409,86776.031969394,333547.942857921,1341102.09717819,12569504.0614636
"OE",2040,4349.17012774785,7089.61736010934,85372.8332853718,323979.165664516,1295782.73069704,12125318.1674153
"OE",2041,4728.21293665718,7529.00099501624,83878.5385975011,313858.734636304,1247914.92110085,11656309.2567639
"OE",2042,5124.48629398321,7987.75285307753,82286.0174200754,303148.178898403,1197325.84821315,11160806.0880837
"OE",2043,5538.86349985144,8466.81803441678,80588.462068004,291809.736233697,1143844.66866427,10637153.4713962
"OE",2044,5972.26307081723,8967.19170512479,78778.7690402273,279803.932474579,1087292.71315916,10083620.1927934
"OE",2045,6425.67899715309,9489.96241794906,76849.8325288607,267090.545709866,1027487.09440888,9498432.06677136
"OE",2046,6899.88338149811,10035.8752169549,74791.1017610809,253616.734333222,964195.204765327,8879351.79728694
"OE",2047,7395.74319574556,10605.8130428569,72593.049761274,239333.124345525,897197.612059643,8224263.39953383
"OE",2048,7914.38483372075,11201.0203355124,70248.1691771701,224196.475651036,826296.875625565,7531249.42350814
"OE",2049,8456.69868138318,11822.3891296388,67745.9373537584,208152.910997732,751254.348423562,6798010.64652515
"OE",2050,9023.4019661292,12470.5690340715,65074.4268690869,191144.215426854,671815.683918927,6022105.64369338
"OE",2051,9297.39607508653,12834.4210526044,66308.8395285978,193764.826882209,678869.396774361,6078331.71342563
"OE",2052,9580.6717914088,13210.3179308263,67571.0174066792,196413.893531109,685909.184423608,6134063.04698411
"OE",2053,9873.66897821947,13598.8306701229,68862.2856018878,199092.803734209,692934.55398132,6189277.78340946
"OE",2054,10176.6093664323,14000.2279875405,70182.3550481553,201798.148889763,699928.033243715,6243801.47272849
"OE",2055,10489.4002909178,14414.3457585511,71528.7525136505,204520.217562034,706850.239334169,6297264.04480554
"OE",2056,10812.2903289203,14841.4894031657,72901.3625517668,207256.084027475,713685.339081264,6349505.55306371
"OE",2057,11145.5666121135,15282.0162455738,74300.2787329852,210003.342939433,720419.127506563,6400379.99407073
"OE",2058,11489.3703682296,15736.0826037117,75724.5742755676,212756.635054597,727027.110250746,6449649.43210515
"OE",2059,11844.214598959,16204.3531513851,77175.7309761549,215517.306411253,733507.567260645,6497277.50473695
"OE",2060,12210.490416887,16687.3235031136,78654.3212917622,218283.990945142,739849.158086829,6543141.32681882
"OE",2061,12588.076890822,17184.7885347421,80157.5712745723,221045.962608879,746008.652031725,6586835.42186422
"OE",2062,12977.1880887774,17697.0012751152,81684.8814180707,223798.555023801,751963.413945662,6628136.64988625
"OE",2063,13378.4810790666,18224.8175733153,83238.3756274255,226544.462323618,757715.307588276,6667037.02574165
"OE",2064,13792.2086247774,18768.5398990685,84817.5313960341,229278.9703948,763240.942311166,6703304.72907991
"OE",2065,14218.7820457706,19328.685435908,86422.7486592889,231999.775005792,768524.754591771,6736776.01405768
"OE",2066,14658.5659416355,19905.7062135572,88054.0611247512,234703.456488149,773547.175269904,6767250.95196482
"OE",2067,15111.4898020897,20499.4625997253,89708.8486787535,237379.456268224,778264.952061751,6794321.8916956
"OE",2068,15578.0458541366,21110.578601261,91387.844840456,240026.111198413,782664.047794339,6817836.40960064
"OE",2069,16058.996357459,21740.0416862099,93093.2434543812,242645.387291087,786741.763964217,6837739.12131053
"OE",2070,16554.6958407589,22388.2843657225,94824.725270291,245232.448118841,790472.736532289,6853775.50598377
"OE",2071,17065.7952147842,23056.1383151354,96583.5857234752,247786.491472564,793844.260052881,6865799.57696181
"OE",2072,17592.6055508103,23743.9737037131,98369.0779017526,250301.269859362,796825.678666007,6873508.29892531
"OE",2073,18135.7448550181,24452.5735884258,100182.102595117,252774.60857577,799399.005342552,6876706.85560868
"OE",2074,18695.3362215124,25182.05181351,102020.730649708,255197.02256987,801522.709522394,6874996.36919044
"OE",2075,19271.8048853878,25932.9288925098,103884.666409744,257563.085468313,803167.939125845,6868086.45974831
"OE",2076,19865.9677880113,26706.2504180848,105775.624756657,259872.172566822,804320.349853843,6855809.10379728
"OE",2077,20478.3447820571,27502.6594638105,107693.5817432,262119.098916719,804950.743717268,6837866.94277458
"OE",2078,21109.672549586,28323.0881086147,109639.543629958,264300.982399028,805036.464688007,6814016.2216093
"OE",2079,21761.2048171841,29169.1584854831,111617.018378737,266420.625760176,804571.268156866,6784148.70803033
"OE",2080,22433.5284322822,30041.5940829729,113625.85584077,268471.647331512,803519.977610977,6747907.69807686
"OE",2081,22917.6448937648,30646.209733184,113891.317451496,264878.464240632,781507.99991564,6520130.78181618
"OE",2082,23413.3666021974,31264.9463924216,114144.479658292,261119.026652558,758632.472394628,6283706.56203783
"OE",2083,23920.6782480132,31897.7402822421,114383.098669838,257183.851859411,734853.860791352,6038260.51016314
"OE",2084,24440.1085009354,32545.2530214249,114607.532469912,253069.308308369,710149.352809243,5783555.5147678
"OE",2085,24972.5311907634,33208.602237648,114819.576526656,248774.561097486,684502.906438789,5519405.22092662
"OE",2086,25517.5115784872,33887.1623768005,115014.857547673,244285.086174834,657859.872767025,5245308.06825457
"OE",2087,26074.6840289596,34580.4036331647,115189.512868892,239587.875997707,630170.968652073,4960810.71060203
"OE",2088,26644.8549750649,35289.3520357421,115344.929273401,234681.000100067,601416.52652597,4665695.02438978
"OE",2089,27228.9923442741,36015.2424146497,115482.937977037,229562.857130579,571575.940660228,4359727.67504994
"OE",2090,27826.2113524675,36756.856467596,115597.382980382,224215.669748767,540587.382901566,4042356.56283051
"OE",2091,28437.3857212273,37515.3028358956,115689.616639336,218636.701873222,508426.842552159,3713319.72494899
"OE",2092,29063.3290884683,38291.6059318876,115760.498344127,212821.688554774,475064.761868066,3372304.91194031
"OE",2093,29703.5233000105,39085.0332084835,115805.468139484,206756.119893319,440447.748503614,3018825.74532777
"OE",2094,30357.9490217675,39895.5121151341,115822.092525792,200429.738126081,404533.076732407,2652477.57102238
"OE",2095,31027.416738442,40724.0603104857,115811.088226141,193837.696674045,367288.795723438,2272925.55558288
"OE",2096,31712.8093886834,41571.7860340531,115773.21633562,186974.631123899,328679.743833694,1879801.5687403
"OE",2097,32413.3017016766,42437.5562689879,115702.902045969,179824.677322238,288651.259309377,1472619.18518303
"OE",2098,33130.2609538875,43323.111418436,115602.537128796,172384.736242406,247170.726009245,1051015.5063772
"OE",2099,33863.8084202884,44228.5567503999,115469.875866562,164643.981639715,204191.016851929,614538.62214454
"OE",2100,34614.2350962377,45154.2191914514,115303.25083923,156592.410636009,159666.020565442,162739.630494869
"CD",2020,125.398732305129,408.355958122569,7995.9240011428,23998.8686829558,72529.7649625468,324798.550576171
"CD",2021,127.853408733103,416.015009274786,8147.70055686237,24453.9310903655,73905.436310336,330960.37635336
"CD",2022,134.249595174067,435.177061111489,8511.16404991408,25542.7024187978,77194.7233282024,345687.499089085
"CD",2023,145.991009267519,476.605896598148,9330.5150378229,28004.0630749469,84634.8511491246,379007.820536588
"CD",2024,149.6474888688,489.042242733214,9646.5238729795,28970.0372465589,87555.528192455,392100.468143623
"CD",2025,152.976952018293,499.922800355889,9861.14655725285,29614.5831202048,89503.5254950141,400824.196616793
"CD",2026,186.723503518098,560.149254124781,10478.0595535568,31327.5681743897,94449.6744575429,422567.796676591
"CD",2027,224.859170289846,626.022657665188,11107.1445749303,33052.8364752725,99392.8191906341,444227.272462167
"CD",2028,268.038919026121,698.664285192699,11758.8921553247,34819.048439985,104414.876964436,466161.192829308
"CD",2029,315.598199691015,775.754009637613,12385.8439145159,36483.264863665,109083.160891651,486430.647423785
"CD",2030,367.749165911489,857.558507007892,12988.392784334,38045.4750814158,113395.670156694,505023.209027472
"CD",2031,425.464476728106,946.007355677217,13590.3504839721,39573.7034981554,117552.230154028,522823.606931391
"CD",2032,489.210716204158,1041.64706535812,14191.3363135084,41064.0765404183,121536.619914608,539751.248964788
"CD",2033,559.119909728212,1144.29515574141,14780.7465891582,42483.0362266654,125244.585035226,555334.262972409
"CD",2034,635.121795903381,1253.4362482794,15345.1550613834,43789.4638525025,128550.534736769,569007.892757422
"CD",2035,715.625154554503,1365.75305809013,15840.607044066,44856.6111799651,131080.087990683,579110.845300846
"CD",2036,840.227055337886,1554.56300079299,17073.4639818077,47949.5823981684,139420.235750532,614685.92578478
"CD",2037,979.119626446408,1760.08541629535,18293.8455441945,50921.3914817331,147255.822388571,647757.728469471
"CD",2038,1140.56190568457,1995.99944781076,19619.7152579214,54089.1514088019,155483.831473822,682235.050735852
"CD",2039,1326.37784556488,2263.70928316976,21026.7883375617,57367.2145233391,163824.387588579,716827.497947095
"CD",2040,1540.1621952515,2567.57607696643,22516.8213307481,60740.2413058443,172197.048185001,751114.800094485
"CD",2041,1786.05462005049,2912.59610241749,24091.0283665799,64188.0658599774,180501.497792804,784578.380275314
"CD",2042,2068.78787201116,3304.43670231929,25749.404498944,67683.3247959558,188609.821360339,816565.765257316
"CD",2043,2393.79817128437,3749.57011608194,27490.7769105904,71190.9777585403,196364.008212713,846277.563622825
"CD",2044,2767.29170455648,4255.3294551877,29312.0683794963,74665.6452160305,203567.16165472,872726.788591397
"CD",2045,3196.35830941873,4830.03518727397,31207.996720217,78050.0219700324,209977.573522887,894710.330846181
"CD",2046,3689.12559865476,5483.17410125001,33170.9004416211,81273.4473462138,215302.90463271,910780.258128294
"CD",2047,4254.84709476325,6225.47023901765,35189.6611990203,84248.0632707748,219187.571720293,919185.565973401
"CD",2048,4904.05181845201,7069.04408449046,37249.0828509275,86866.0294235474,221202.809732455,917824.994685332
"CD",2049,5648.79436280642,8027.70680303996,39329.7287521121,88997.5749704248,220838.370411967,904205.603060078
"CD",2050,6502.65688685751,9116.88902171674,41405.6300668152,90483.8993140774,217480.70770219,875344.444252268
"CD",2051,6700.33309070414,9381.13886857262,42262.7907564032,91992.6589950319,220279.128388747,884774.428730009
"CD",2052,6907.99887836164,9658.67767999778,43161.2467885336,93571.4123557154,223199.773793298,894594.475374847
"CD",2053,7125.97190681924,9949.89833956121,44101.3869414992,95219.5262365594,226237.753201874,904777.438926805
"CD",2054,7354.59042099829,10255.2206648069,45083.6709727206,96936.4680353992,229388.29364487,915296.373552893
"CD",2055,7594.02700136206,10574.8318812082,46107.4936124636,98719.3685218341,232640.985050175,926101.598092114
"CD",2056,7844.66012233631,10909.2049061369,47173.4679449957,100567.936837801,235991.423455948,937167.182394442
"CD",2057,8106.76869194501,11258.6722262829,48281.5470357307,102480.416160774,239431.627740428,948452.679638396
"CD",2058,8380.77219728815,11623.759919332,49432.469979866,104456.668368589,242957.282411543,959931.898715183
"CD",2059,8667.06716990232,12004.9598716341,50626.7672153897,106496.042652172,246562.71087727,971572.884862361
"CD",2060,8965.98265698829,12402.668426798,51864.5105817796,108596.859805442,250239.705190759,983333.36286928
"CD",2061,9278.0178890536,12817.5153657121,53146.6947831869,110759.311458338,253984.222513548,995187.087676823
"CD",2062,9603.3630408266,13249.7011977379,54472.4721600872,112979.677049219,257783.075802348,1007071.58270473
"CD",2063,9942.74843524909,13700.1700901122,55844.0096646828,115260.438375105,261637.109724673,1018978.90845051
"CD",2064,10296.3921917895,14169.1569058867,57260.4873368104,117597.799064948,265532.645254108,1030843.92213876
"CD",2065,10664.9465832166,14657.4924315404,58723.452088992,119992.774267904,269466.748201806,1042642.91275877
"CD",2066,11048.8517925874,15165.712539342,60233.1763493591,122443.662962696,273430.112676906,1054326.87065084
"CD",2067,11448.7834546058,15694.6736114808,61791.1329201779,124951.116093887,277418.469590114,1065865.69430015
"CD",2068,11865.1975649274,16244.9274548996,63397.5007957824,127513.052295413,281421.198628976,1077204.19722842
"CD",2069,12298.8618266106,16817.4498155054,65054.0364488102,130130.467832892,285434.236823518,1088311.72596503
"CD",2070,12750.1829904255,17412.7190985082,66760.4695887455,132800.176352327,289444.02815637,1099120.65832983
"CD",2071,13191.4688687467,17992.8854816085,68370.8361397529,135230.758752614,292812.74863295,1107202.44972766
"CD",2072,13649.4096926119,18594.3721042643,70024.0379400879,137697.581826319,296138.233268282,1114821.57659259
"CD",2073,14124.7866228251,19218.1696142854,71721.7936707575,140201.447191838,299415.696644231,1121943.91381764
"CD",2074,14618.3133468466,19865.1725751069,73465.346141197,142742.074584921,302637.657674338,1128524.27530808
"CD",2075,15130.5122980968,20536.012089105,75254.8661193052,145316.973287773,305791.622936208,1134497.96625447
"CD",2076,15662.2074730291,21231.7255012066,77091.9291051378,147926.254563956,308870.290114809,1139818.83202773
"CD",2077,16214.1968420581,21953.3104123003,78977.8435406436,150569.354110472,311864.524206066,1144432.87884265
"CD",2078,16787.0993174673,22701.5180088565,80912.921854327,153243.661836727,314760.570290016,1148268.1762228
"CD",2079,17381.611097635,23477.2008232969,82897.7503094235,155946.967972442,317545.185554309,1151253.85819147
"CD",2080,17998.6163931134,24281.4615299371,84933.6933983835,158678.383231092,320207.437212582,1153326.44357202
"CD",2081,18574.0064523015,25012.9449091127,86255.3339427297,159441.076017889,317211.370305889,1130573.08732376
"CD",2082,19170.8704913012,25770.9149892334,87600.9934440158,160153.967771828,313863.19804094,1105887.86214168
"CD",2083,19790.2902765952,26556.7010540883,88971.7261423091,160814.068085601,310143.704119602,1079166.78586363
"CD",2084,20432.9958258246,27371.1531015713,90366.7784994114,161414.828026908,306026.009913447,1050277.00843773
"CD",2085,21099.5579045935,28214.903522523,91784.5594184643,161948.02849582,301479.586371914,1019071.79292896
"CD",2086,21790.8177532493,29088.9426870558,93224.5389752691,162407.169455775,296476.673213478,985412.528001874
"CD",2087,22507.42483983,29993.9999082821,94685.2093749293,162783.834663072,290985.406023215,949145.194114886
"CD",2088,23250.4541600806,30931.3669628762,96166.7095441092,163072.24195341,284978.060065625,910127.580730345
"CD",2089,24021.0284093951,31902.3915788633,97669.1420046632,163266.220938417,278425.276188057,868209.345835276
"CD",2090,24819.9069159944,32907.9320345516,99190.9182281554,163356.470857291,271291.455199786,823217.874934228
"CD",2091,25648.0785210435,33949.146109013,100731.217374178,163334.739020012,263542.086586701,774981.767748118
"CD",2092,26506.4849420522,35027.123084929,102288.842954307,163191.88323517,255140.366038259,723320.046488771
"CD",2093,27396.571009855,36143.6103026685,103864.328791584,162921.205591026,246052.326466929,668056.426002988
"CD",2094,28319.5000756394,37299.9744388575,105456.851575287,162513.437355454,236238.719041869,608995.349579766
"CD",2095,29276.3360954538,38497.4441604033,107064.996964985,161958.056211877,225657.368232268,545929.671920876
"CD",2096,30268.3233393855,39737.4785421784,108687.801463691,161244.892272167,214265.507824545,478646.686337251
"CD",2097,31296.3119041109,41021.0122927397,110322.671985036,160361.013375169,202015.547483433,406918.288925397
"CD",2098,32362.5101768293,42350.7533721985,111971.582488051,159299.763470257,188866.565407895,330524.578150073
"CD",2099,33467.8662862278,43727.7476812109,113631.746796799,158047.046733225,174766.489179159,249215.678165656
"CD",2100,34614.2350962377,45154.2191914514,115303.25083923,156592.410636009,159666.020565442,162739.630494869
"CI",2020,826.087098855017,2426.35846159194,29402.1610027272,63985.014034821,147745.334724825,447453.931413472
"CI",2021,876.53487737918,2550.74573223532,30421.2638556684,65993.0963533459,151734.488983424,456666.487601144
"CI",2022,912.316561494568,2654.124671745,31634.5916904437,68621.4608984698,157774.369877019,474833.067936848
"CI",2023,976.87925093044,2844.8565995974,33940.4677605056,73626.9558922494,169285.202348603,509484.293506519
"CI",2024,989.90189729265,2903.52102676476,35072.5114561024,76110.1576210834,175005.711324294,526865.654023337
"CI",2025,1033.10541621094,3030.2430039148,36603.2246675326,79431.9278325053,182643.70310983,549860.306638158
"CI",2026,1196.31502122091,3314.02952208141,38543.8746109482,83319.5583488724,190889.88330389,573586.561540535
"CI",2027,1380.24945498712,3628.20660688251,40619.686343768,87450.0160758228,199586.354565105,598497.002660575
"CI",2028,1581.44758370432,3960.84407750436,42672.9842143562,91478.1790514246,207933.231359939,622173.495685234
"CI",2029,1800.06774388887,4310.95586730549,44680.790161134,95351.7741042789,215805.1619322,644230.480680299
"CI",2030,2037.8987600636,4681.53932698346,46662.1465067745,99108.3886469809,223280.57721452,664891.39179267
"CI",2031,2294.77789603268,5070.8847017602,48586.9973366761,102680.7521544,230200.416095724,683670.414818752
"CI",2032,2575.59048373574,5488.35756832605,50530.5991964101,106223.933618935,236903.594944552,701559.883437172
"CI",2033,2882.31723235878,5936.14286812975,52491.6882014686,109729.170403018,243357.079927239,718439.903949495
"CI",2034,3216.92176958866,6416.21755877962,54465.2835512235,113179.371657933,249508.126303007,734130.351301469
"CI",2035,3580.61083743605,6928.96150673583,56431.8658114076,116526.931133941,255236.037509184,748250.040660901
"CI",2036,3959.11154059753,7445.70266719858,58145.7527608907,119260.60828994,259412.176464262,757475.543027502
"CI",2037,4366.42746397369,7992.68278400404,59810.7544075397,121798.053315904,262944.149843077,764455.609959649
"CI",2038,4810.6768507186,8582.95486638479,61502.452620155,124285.416738794,266129.766579055,770026.134548849
"CI",2039,5293.7620789325,9217.56483505946,63198.8873568627,126667.513518054,268826.018129252,773731.009182859
"CI",2040,5819.06486533014,9900.09308385178,64894.9441013289,128922.717659176,270960.64564643,775316.944676377
"CI",2041,6390.29739440149,10634.4646805633,66584.9058737788,131027.058396252,272453.778332199,774504.212711507
"CI",2042,7011.46159344596,11424.8596237406,68261.5958698495,132952.408989301,273213.874413431,770974.593447781
"CI",2043,7687.01062139307,12275.9584594956,69917.6043272495,134668.770379044,273142.161439253,764383.457120257
"CI",2044,8421.74309791483,13192.7420010024,71543.7082609889,136141.0245053,272125.561832139,754339.08613363
"CI",2045,9220.66427006679,14180.2646180978,73127.5102087231,137326.280057541,270031.231441836,740387.251080459
"CI",2046,10089.4100482376,15244.3027481481,74656.7301346371,138180.027599761,266718.596503343,722044.091627308
"CI",2047,11034.2525541751,16391.3157204692,76118.3091486585,138654.102481527,262034.472499082,698781.108818231
"CI",2048,12061.91993597,17628.1421913715,77496.4589410137,138692.82553461,255804.989802725,670002.125376277
"CI",2049,13179.7645695742,18962.2288769028,78773.4056506676,138234.177842803,247837.354224378,635047.093470707
"CI",2050,14395.462434003,20401.1752079088,79927.1432233181,137205.633553044,237911.780954038,593170.216370873
"CI",2051,14628.8769746079,20700.0863575862,80594.7354132275,138013.756997936,238398.781851155,592460.903549711
"CI",2052,14870.91178792,21010.3347964539,81292.8588567123,138864.972571604,238935.288348723,591821.969704327
"CI",2053,15121.5015584734,21331.7794574631,82020.1949653983,139756.502721426,239515.093375644,591235.012943288
"CI",2054,15380.8005094257,21664.5895919531,82776.6281066524,140687.626338445,240135.532447075,590690.414973264
"CI",2055,15648.8688815044,22008.8014732577,83561.5250404372,141656.736033029,240792.410405228,590174.754047273
"CI",2056,15925.2793820734,22363.7667432291,84371.6697558994,142657.857492158,241474.140545556,589656.559530796
"CI",2057,16210.2165874212,22729.6991193428,85207.1437235064,143690.623325818,242178.71330012,589127.933463053
"CI",2058,16504.1856656182,23107.260106306,86069.6792481974,144757.430566247,242908.724616643,588592.065123242
"CI",2059,16806.8847852686,23495.9792945032,86956.7597785949,145853.507158259,243654.676653834,588022.700684602
"CI",2060,17118.2837808913,23895.7685195171,87867.3227546364,146976.547784874,244411.269746312,587403.886950103
"CI",2061,17438.8278092857,24307.2028840552,88802.7405911011,148128.317325708,245179.964865104,586735.901725638
"CI",2062,17768.64623869,24730.4147966266,89762.7277541065,149307.785860282,245957.515638465,586007.578286549
"CI",2063,18107.7691532165,25165.3981289273,90746.4901921618,150513.073507179,246739.264053172,585204.36115906
"CI",2064,18456.4498664145,25612.4567921651,91754.3487145111,151744.147213269,247523.573223765,584318.845955457
"CI",2065,18814.8407370641,26071.753253835,92786.0957083299,153000.084080687,248307.310001414,583339.996021581
"CI",2066,19183.0591263624,26543.4008377625,93841.3382078762,154279.647847592,249086.8109102,582255.479906774
"CI",2067,19560.9313000913,27027.1102362823,94918.2622815729,155579.267971502,249854.648984368,581044.180618503
"CI",2068,19948.2787099141,27522.5873951487,96015.0681842047,156895.420263423,250603.53716444,579685.455228756
"CI",2069,20345.2929041021,28030.0500574281,97131.7606978158,158227.543636396,251330.962116122,578169.796525636
"CI",2070,20751.9044454191,28549.3558837399,98267.0884006018,159573.024259905,252031.131680247,576480.112745153
"CI",2071,21129.4666007495,29027.3666105977,99238.6343683339,160636.011431308,252237.836994043,573552.476703477
"CI",2072,21514.5652584939,29514.4527275885,100220.385651754,161699.504669197,252399.386197691,570415.406144746
"CI",2073,21907.6314230484,30011.1705193641,101213.660500937,162765.188999304,252517.137316909,567068.996937447
"CI",2074,22309.045376665,30518.0039060192,102219.486056244,163834.244616846,252591.559207062,563511.098995408
"CI",2075,22719.3824199814,31035.7006607605,103239.725371964,164909.153927318,252625.019536056,559743.540716291
"CI",2076,23138.4073808822,31563.8989542164,104272.510122794,165986.407188892,252610.613936682,555747.385751976
"CI",2077,23565.1944316726,32101.2983275077,105312.928894088,167057.696441336,252534.26977128,551488.248704698
"CI",2078,24001.4193606891,32650.1448116727,106367.745805725,168133.26727263,252410.056703863,546993.432636841
"CI",2079,24446.1577143511,33209.139837765,107432.055940095,169204.82226668,252223.918732521,542228.590161178
"CI",2080,24900.2363797351,33779.3680388866,108508.731204336,170276.367019179,251980.300158812,537199.539467853
"CI",2081,25286.0462737234,34232.1856458905,108799.161021769,169779.260387167,248424.213461066,522665.256421496
"CI",2082,25681.3224864819,34696.1764793359,109097.954455664,169272.746531404,244787.512042434,507794.695853209
"CI",2083,26085.9144132637,35171.0775234941,109403.298140864,168753.187133277,241062.465392738,492565.592592757
"CI",2084,26499.3450938418,35656.1891716483,109712.077535285,168214.984907874,237238.689427227,476950.629163243
"CI",2085,26922.6334376681,36152.8265579868,110027.410168045,167662.125884585,233319.400680396,460950.050934627
"CI",2086,27356.737019158,36662.21244614,110351.96566791,167097.769487014,229306.226175034,444559.811633917
"CI",2087,27801.2830898169,37183.780983399,110682.933467816,166516.692570435,225189.030997495,427752.374353352
"CI",2088,28255.9594837912,37717.0521221037,111017.838338477,165914.247087396,220958.675939708,410502.681555373
"CI",2089,28721.8746363737,38263.4425571479,111359.79594334,165294.147582037,216617.18085792,392806.46773517
"CI",2090,29199.1825639895,38823.0892917635,111708.05969248,164654.251167747,212158.499589072,374643.755389053
"CI",2091,29687.9990971702,39396.0780433168,112061.72677493,163992.176785901,207576.254165966,355993.91054384
"CI",2092,30188.0557161216,39981.9852748504,112418.458963882,163303.454934481,202861.461722549,336831.943033847
"CI",2093,30698.8987722822,40580.1464538824,112775.311298191,162582.801025384,198004.338798763,317132.155779544
"CI",2094,31221.208055993,41191.3979725108,113133.555010025,161831.051339401,193002.693544955,296881.421733342
"CI",2095,31755.4339302441,41816.2681264404,113493.523474372,161047.612859836,187852.344574327,276062.681918506
"CI",2096,32301.7576160153,42454.9278914162,113854.530847257,160230.398423154,182547.210963415,254655.595749887
"CI",2097,32860.0782344631,43107.177328473,114214.894113781,159375.915108404,177079.602273192,232637.551843764
"CI",2098,33431.4028416183,43774.2691529531,114576.765852309,158486.009002318,171447.71621592,209993.530141938
"CI",2099,34016.3791349096,44456.9774955745,114940.90839762,157560.464969236,165647.056639388,186703.646102543
"CI",2100,34614.2350962377,45154.2191914514,115303.25083923,156592.410636009,159666.020565442,162739.630494869
"ET",2020,498.274694016259,1419.45860876293,13916.1097626453,31375.9931685442,71862.5494284996,212605.338406295
"ET",2021,532.455987030469,1475.45342830872,13891.513887537,30240.7231111827,66881.8497734066,188214.231844091
"ET",2022,555.739393494757,1517.97187466748,14239.1446459454,30983.8193557508,68511.5747125301,192780.174043177
"ET",2023,583.892136487311,1595.25116232893,14978.7208410822,32595.9607534219,72077.8011010024,202817.01805307
"ET",2024,618.676536264203,1691.48755793993,15889.3180633382,34578.7541340009,76462.9574589034,215157.065125579
"ET",2025,647.286977187758,1769.70970152015,16624.1130153364,36177.8343388763,79998.9553495427,225106.914748504
"ET",2026,734.021742847066,1917.00639818905,17447.0084926528,37797.3705959989,83241.3951495761,233710.490796192
"ET",2027,831.503299522799,2080.50544967308,18339.8377274421,39543.9725220228,86715.1094306286,242888.523054183
"ET",2028,939.84233776908,2258.89208527414,19280.1546068004,41365.7088734832,90299.1648603085,252291.354509022
"ET",2029,1058.31241492214,2449.17503792924,20233.5861515666,43185.8600598884,93820.1232586586,261425.131605304
"ET",2030,1187.52013691998,2651.8132790592,21196.9566317404,44995.2282179711,97253.1222164322,270212.948605875
"ET",2031,1330.58661240689,2872.67002067959,22208.6773979578,46872.314997823,100761.681204117,279099.467129762
"ET",2032,1487.72941988504,3110.83434941753,23250.7927704744,48775.1741501097,104247.36733722,287798.989939074
"ET",2033,1660.23093973459,3367.71891269868,24323.5058655452,50700.2567770245,107694.438561941,296255.098369082
"ET",2034,1849.38822914978,3644.65163853021,25425.444700659,52640.3482018135,111078.57599348,304386.516687747
"ET",2035,2055.32500316854,3940.61506108704,26538.589412572,54553.6485988729,114302.236469712,311910.920262876
"ET",2036,2303.40758244521,4301.88962788829,27953.6720359271,57028.8719717203,118580.21894093,322112.994668127
"ET",2037,2574.92284207511,4689.92964637882,29387.3578692277,59473.4704802412,122649.818932194,331512.710040681
"ET",2038,2877.26456046024,5116.43772962714,30896.4454343555,61994.8227392134,126716.37912747,340638.582259316
"ET",2039,3212.21000770688,5582.34782512108,32465.2076176459,64551.2200150817,130672.868126793,349166.708843602
"ET",2040,3583.23869555236,6091.48743172951,34094.1100221793,67132.836472128,134476.117450639,356942.695182097
"ET",2041,3994.23627199895,6648.11764456261,35783.4668673919,69728.2265825809,138076.824794499,363790.967704224
"ET",2042,4449.48471608175,7256.88476845181,37532.8517708639,72323.0017168898,141416.546238428,369506.185383412
"ET",2043,4953.83914953969,7923.077805066,39342.1063280738,74901.5943411066,144430.74539107,373860.511379299
"ET",2044,5512.62729841944,8652.42320004063,41209.8466065121,77444.1405398262,147042.162360792,376585.357333586
"ET",2045,6131.57652966952,9450.94679232886,43132.5498028831,79924.6094939491,149156.909199355,377360.752193758
"ET",2046,6817.29318640795,10325.6880268229,45107.5412718789,82316.1671256656,150674.081642634,375838.935359198
"ET",2047,7576.91009647693,11284.1042360786,47129.6955747899,84584.6984041504,151472.822963896,371610.087042084
"ET",2048,8418.41981835489,12334.5412038249,49193.1070035603,86691.6029292697,151416.844439543,364212.497206895
"ET",2049,9350.29702033673,13485.6352339319,51288.1848753018,88588.301966053,150343.917449344,353105.513747846
"ET",2050,10381.9163637873,14746.9022444704,53403.7329714284,90219.7087419109,148071.460269793,337682.058330246
"ET",2051,10603.7470747379,15038.5221650478,54177.7279203737,91303.8199451541,149281.309426151,339263.065613605
"ET",2052,10838.2443250072,15347.2140612563,55002.4922804886,92464.9426327996,150595.23605205,341035.254924257
"ET",2053,11084.9990311039,15672.3226241201,55874.7611358905,93696.8545436658,152001.22759035,342967.506384636
"ET",2054,11344.2186360822,16014.0671889834,56794.4238056739,94998.6517216428,153495.973487236,345048.490367534
"ET",2055,11615.4830089815,16371.7814566678,57758.2320661461,96364.184861198,155067.694967654,347247.856091937
"ET",2056,11899.2471367196,16746.0350521009,58767.3277564432,97794.6533227068,156716.50120294,349562.005895673
"ET",2057,12195.3273639797,17136.4969758085,59819.6696821745,99285.9412318052,158433.936196244,351968.136597222
"ET",2058,12503.0589824012,17542.1635767708,60910.90876403,100830.135225383,160205.569844461,354430.35557617
"ET",2059,12823.3129316382,17964.1888436005,62044.2252634997,102431.816743452,162036.905104962,356957.04108544
"ET",2060,13156.2312573345,18402.7004592399,63219.1915009254,104089.558105673,163923.801965046,359535.034150018
"ET",2061,13501.6196974855,18857.3558815017,64433.7668131816,105799.277872758,165857.94640244,362142.032172299
"ET",2062,13859.089391914,19327.5435021853,65685.024449498,107555.467611033,167828.860616279,364751.166766086
"ET",2063,14228.8225694425,19813.4508605988,66972.7868728557,109357.148675463,169833.208955597,367351.252756062
"ET",2064,14611.0081851636,20315.2739674797,68296.8942148256,111203.361963279,171867.661579411,369931.063880226
"ET",2065,15006.031962188,20833.4810885986,69658.0855272831,113094.598062799,173931.092268193,372484.035891474
"ET",2066,15413.8312579359,21367.9163933517,71054.9933391774,115027.910476151,176017.043733299,374992.088189083
"ET",2067,15834.9285865729,21919.2352138505,72488.9471852037,117004.718459846,178125.738380046,377451.368945637
"ET",2068,16269.4683292012,22487.5666117743,73959.501087385,119023.544967859,180252.908155012,379848.329904437
"ET",2069,16717.1454588099,23072.4188865976,75464.1724657059,121079.639821221,182389.339801555,382159.028043898
"ET",2070,17178.4418767153,23674.3879711842,77004.0551920035,123174.007863391,184534.534076237,384377.879930378
"ET",2071,17614.4685313442,24239.8868191149,78404.9458967597,125028.081450815,186271.378495335,385636.571339512
"ET",2072,18062.7970770078,24820.7075537594,79835.4653308762,126911.723853278,188004.551751713,386778.892641342
"ET",2073,18523.3898151244,25416.7360789387,81294.4728829971,128822.431820916,189728.476901996,387789.087171934
"ET",2074,18996.6996111412,26028.531332187,82782.9794930456,130761.110530808,191442.59416888,388661.646631967
"ET",2075,19483.5061529108,26657.0964061064,84303.3633350117,132730.783851442,193149.334089228,389396.874782592
"ET",2076,19983.3502467973,27301.7362718899,85852.5936035963,134725.92446044,194838.587665475,389969.571463818
"ET",2077,20496.5746405034,27962.8541834311,87431.1262494913,136746.50691069,196508.285507825,390370.822391917
"ET",2078,21023.7404502032,28641.1488121893,89040.3096811175,138793.872953766,198158.244076228,390595.273276084
"ET",2079,21563.9905285541,29335.3857028695,90675.470126399,140859.965642674,199774.829481783,390610.982130659
"ET",2080,22118.4778742955,30047.0683430264,92340.4389877671,142949.979589989,201363.310454237,390423.226386688
"ET",2081,22593.5745518633,30627.5171491965,93308.3335155213,143686.61607911,200282.755170282,383222.122656244
"ET",2082,23082.9787602798,31225.0441698409,94299.0907803744,144430.991561552,199136.201663982,375707.685293639
"ET",2083,23586.4954171173,31839.2877308916,95310.3849830604,145178.371880378,197913.828889337,367853.273329017
"ET",2084,24103.8383352573,32469.7669723675,96339.5815303594,145923.598510981,196605.367263574,359631.735872485
"ET",2085,24636.1638140632,33117.9446408762,97389.8184920061,146670.262344965,195212.351589393,351037.555382079
"ET",2086,25184.4000344905,33784.9658544979,98463.1605867779,147420.201886049,193733.595827791,342059.330505716
"ET",2087,25747.1247065856,34468.8201583175,99552.4452805948,148161.410336083,192149.632321727,332653.157566578
"ET",2088,26324.0865356013,35169.0785755378,100655.253747872,148889.115774527,190450.882280026,322793.577496583
"ET",2089,26916.8396440964,35887.7232461998,101776.056025006,149608.724400143,188640.751647631,312477.047199389
"ET",2090,27526.9435455872,36626.7278760901,102919.098275392,150325.111035642,186721.38396532,301696.33714268
"ET",2091,28154.1971147535,37385.712828772,104081.87697323,151033.152004068,184682.091419675,290422.359039437
"ET",2092,28797.6911981922,38163.3638144343,105259.357597444,151724.12415526,182508.002101312,278620.048336595
"ET",2093,29458.5570117979,38961.0761677295,106454.052256517,152400.258372733,180197.647869969,266275.444351038
"ET",2094,30137.9281043661,39780.2377180141,107668.315897728,153063.417054039,177748.693407686,253372.065875677
"ET",2095,30835.615097698,40620.4831367222,108899.668236707,153708.493149264,175150.420508019,239880.635972735
"ET",2096,31552.4111484082,41482.7423455305,110149.113531369,154335.310879685,172397.769625387,225779.745308928
"ET",2097,32289.024666576,42367.8273504992,111417.258602783,154943.046473744,169484.677417983,211045.818894186
"ET",2098,33044.4525610586,43274.3030753227,112698.78345719,155522.614880985,166395.984745449,195643.771734063
"ET",2099,33818.5609554281,44201.8823344591,113991.482456055,156069.366429749,163121.707233183,179545.96559585
"ET",2100,34614.2350962377,45154.2191914514,115303.25083923,156592.410636009,159666.020565442,162739.630494869
"KE",2020,745.213882860375,2015.13297645237,24993.6904725695,57677.823228085,134728.425708644,406717.722311811
"KE",2021,748.146498110696,1937.17185943386,31308.1486819679,83925.5135578586,225576.536703087,837967.163838528
"KE",2022,792.34636293312,2066.76407987211,29242.4089822784,73657.4364038642,187188.531055669,639320.180605397
"KE",2023,806.528188452952,2112.46933640768,29951.4134135673,75450.6698180381,191752.839377442,654921.898632978
"KE",2024,837.848664063023,2198.96790834779,31204.2364916105,78607.8572838302,199776.623982648,682320.708473505
"KE",2025,860.111663792363,2257.3980569512,32033.3837330683,80696.595716553,205085.013333161,700451.077834487
"KE",2026,980.542943875744,2445.58208003204,33233.0449946004,83344.0009119505,211146.205621907,720081.722748272
"KE",2027,1112.9630508637,2649.43182725829,34473.3182468249,86047.4229995642,217267.360779821,739784.875359489
"KE",2028,1257.92175190067,2868.95350736648,35737.7700430617,88761.2545287936,223325.077673364,759127.039726018
"KE",2029,1415.01723323477,3102.15812623826,36987.4301131453,91384.5861832172,229058.028651219,777207.848654526
"KE",2030,1584.442533543,3348.68033124018,38207.0862117409,93876.5413536967,234357.780763714,793649.657000784
"KE",2031,1765.78463506963,3607.02085351361,39370.6873819171,96170.2772786026,239052.291706785,807861.391109389
"KE",2032,1962.94835811962,3884.45840377299,40547.37098004,98431.259968119,243546.594410445,821201.542580875
"KE",2033,2177.46028015202,4182.88225967158,41739.5981670837,100659.486041533,247829.637794148,833614.639060164
"KE",2034,2410.82580573509,4504.00559550254,42945.9450030262,102844.811852143,251863.971334225,844954.033807408
"KE",2035,2663.69090514091,4847.87403475861,44148.0870339366,104936.241954858,255511.389402141,854733.883243541
"KE",2036,2972.27903818477,5277.77703161144,45878.6566738048,108182.439322813,261779.537805785,872960.453671344
"KE",2037,3303.6446464552,5731.25218534971,47527.3358090144,111116.257260244,267064.95437504,887527.407969965
"KE",2038,3668.60004963087,6225.87437404398,49219.2921224708,114021.36076755,272032.215499203,900614.101840449
"KE",2039,4069.01778013678,6762.95855792738,50931.7908898955,116829.931559239,276490.192312439,911537.610598919
"KE",2040,4508.311242273,7346.33909657326,52660.3150905938,119515.577175554,280345.085103582,919934.662984462
"KE",2041,4990.25861994295,7980.25375522119,54399.7015923404,122048.654437359,283491.943485606,925399.265032028
"KE",2042,5519.05710346711,8669.40667963199,56144.1223284128,124395.989555494,285813.541253438,927478.19287112
"KE",2043,6099.25744475519,9418.84215862281,57885.8164689375,126517.81767531,287172.835872263,925645.619912685
"KE",2044,6735.8864592146,10234.1183755495,59615.8568115551,128369.280604495,287416.004227289,919312.247994068
"KE",2045,7434.43426258742,11121.26381022,61323.4149513498,129898.546079201,286367.610185245,907808.718006911
"KE",2046,8201.03325595179,12087.0222005276,62996.6523166977,131048.393796229,283833.463011309,890393.490378086
"KE",2047,9042.3215458625,13138.6198013351,64620.8632187454,131751.905832819,279590.320529143,866218.729709532
"KE",2048,9965.55823873747,14283.9154320803,66178.8498197529,131932.964300023,273386.358279729,834330.629856175
"KE",2049,10978.7617528452,15531.5726295484,67651.170276219,131506.317275216,264940.341712377,793664.988580115
"KE",2050,12090.4579826514,16890.6757588293,69013.877387689,130372.693903789,253930.656539261,743012.061512916
"KE",2051,12303.1548789363,17165.8245141596,69662.9425036491,131178.381983023,254501.869786402,742592.707051638
"KE",2052,12530.118770138,17460.2137342668,70375.6963692719,132091.175944903,255250.345245461,742626.354234044
"KE",2053,12771.0366810396,17773.3373146379,71148.5831901335,133103.042068056,256157.310224678,743051.526609771
"KE",2054,13025.5797144382,18104.6699778839,71978.0351700144,134205.982656142,257204.201533814,743807.652622016
"KE",2055,13293.4919163521,18453.7907346533,72860.9621405783,135392.947872853,258374.410360919,744840.105978882
"KE",2056,13574.4483075523,18820.1853775162,73793.9624440195,136656.360853903,259650.447137251,746091.988580206
"KE",2057,13868.5147131966,19203.8837765697,74775.8167297382,137992.731231518,261022.696094489,747529.26211553
"KE",2058,14175.2990259832,19604.2826822884,75802.861872342,139394.078772235,262473.096988524,749093.809008653
"KE",2059,14494.6128501602,20021.0635578243,76872.6007046988,140854.628171823,263987.889737741,750740.105787986
"KE",2060,14826.1945725391,20453.8087561292,77982.1997279418,142368.029489909,265552.339163756,752420.077753622
"KE",2061,15169.8055902702,20902.1347055548,79129.0063552488,143928.31142584,267152.535126547,754088.247708254
"KE",2062,15525.3798592511,21365.8974920859,80311.3167304246,145531.26792754,268777.941669748,755708.877304246
"KE",2063,15892.7417529676,21844.8035766658,81526.890487121,147171.745658404,270416.334988772,757241.618796397
"KE",2064,16271.8211763854,22338.7060145845,82774.0681742173,148845.672699388,272057.559660361,758652.097162005
"KE",2065,16662.5333214588,22847.4386797989,84051.1416325235,150548.911366936,273691.394478861,759905.875423485
"KE",2066,17065.0398184117,23371.1740294094,85357.6630375504,152279.595937475,275311.784866968,760980.166751913
"KE",2067,17479.2416881819,23909.7274791202,86691.8777397717,154033.526500541,276908.449179523,761840.48460683
"KE",2068,17905.4135230806,24463.4259944988,88053.8978765796,155809.832014835,278477.1203536,762468.958577582
"KE",2069,18343.1770373756,25031.7043128792,89440.6190543219,157601.944785414,280003.336944097,762819.776822755
"KE",2070,18792.6543763413,25614.6822177658,90851.431977544,159407.741616243,281480.655781675,762869.251971895
"KE",2071,19206.679202054,26148.1003305461,92059.0621775567,160829.103515333,282207.759596159,760720.548980156
"KE",2072,19630.903011418,26694.2160003622,93285.0721148951,162255.542917146,282874.386460873,758247.481387729
"KE",2073,20065.3938237536,27253.0818324791,94528.7602869992,163684.92372496,283474.450936152,755428.210578964
"KE",2074,20510.3470288608,27824.9231998403,95790.0193657015,165116.133413185,284003.626522502,752245.553017277
"KE",2075,20965.9026164175,28409.8895757106,97068.4642165868,166547.563250295,284456.688117142,748679.83799344
"KE",2076,21432.6692141821,29008.7642557191,98365.8484189419,167981.24561589,284834.55516634,744727.389474254
"KE",2077,21910.3556765623,29621.1107202213,99679.7449729821,169412.026395369,285125.837415122,740352.048041436
"KE",2078,22399.4282523212,30247.5174524283,101011.199932826,170840.6796715,285329.189294692,735543.899363128
"KE",2079,22900.0348172162,30888.1410374471,102359.77285303,172265.417572671,285438.859575962,730281.36203581
"KE",2080,23412.3885055746,31543.2255024369,103725.300075177,173684.903876038,285449.807649509,724544.579786389
"KE",2081,23849.5807254918,32077.5974392012,104258.201059543,173231.175057794,281099.352404934,704552.758751209
"KE",2082,24298.7864589032,32626.5113253356,104802.098912585,172755.376125427,276604.208273311,683924.522088683
"KE",2083,24759.6071988253,33189.3693108711,105353.662378554,172250.427902666,271948.720747033,662610.154666614
"KE",2084,25232.9843106544,33767.3711084792,105915.300274042,171718.674841397,267132.219644249,640596.725810572
"KE",2085,25718.6638092651,34360.1119531466,106484.279814152,171153.999800058,262140.524201069,617837.994609583
"KE",2086,26216.8275352145,34967.771584672,107059.730284815,170553.337665187,256964.293013586,594299.565192374
"KE",2087,26727.6460034712,35590.5139864413,107640.718012431,169913.505644102,251593.95845294,569946.385991033
"KE",2088,27251.8283715986,36229.2186615281,108228.433999658,169234.627750617,246024.715687249,544753.826523447
"KE",2089,27788.9344031772,36883.2343563587,108819.434508289,168509.505865253,240240.900595016,518672.608696228
"KE",2090,28339.0428752053,37552.6023171149,109412.401532401,167734.334829906,234231.979435061,491665.369566731
"KE",2091,28902.7216726979,38238.0111148487,110007.884843238,166908.150225813,227991.319151843,463702.740355683
"KE",2092,29479.8786762104,38939.2736366789,110603.857795851,166026.006791768,221506.636758888,434743.22718888
"KE",2093,30070.9698024281,39656.9272178775,111200.364282322,165086.083615697,214769.866350095,404753.761758194
"KE",2094,30675.8149110474,40390.6688134631,111795.055961069,164082.962214165,207768.122475574,373691.756121993
"KE",2095,31294.8155014334,41140.9624437857,112387.73565822,163014.418038804,200492.675913433,341522.458449504
"KE",2096,31928.9193497917,41908.9867616162,112980.077666955,161880.834174434,192937.674211318,308214.921227185
"KE",2097,32577.5162892704,42693.8718763714,113568.15021594,160674.449191949,185087.207366144,273720.930221043
"KE",2098,33241.0671905142,43496.155288271,114151.851915489,159393.038583479,176932.116810414,238003.577742322
"KE",2099,33920.0125263875,44316.3450595588,114730.940748737,158034.094182279,168462.648751013,201024.124923463
"KE",2100,34614.2350962377,45154.2191914514,115303.25083923,156592.410636009,159666.020565442,162739.630494869
"ML",2020,359.045178582735,964.408232633269,11935.2530841558,25499.2947802959,55258.9629837079,151289.364233417
"ML",2021,357.948855281161,964.79718839419,11999.1943480348,25666.9187186417,55687.3627545583,152712.105961558
"ML",2022,360.873584238278,973.34111454947,12159.5003968556,26017.9665950167,56446.9967895375,154797.512347881
"ML",2023,374.671287948304,1006.72853262236,12563.254443328,26880.155435729,58316.7753701746,159923.631846987
"ML",2024,377.201006768072,1014.65238676187,12699.5525450079,27177.2597491642,58960.8264570662,161692.061546181
"ML",2025,381.530623209195,1026.29884468994,12845.3214865197,27489.2077782611,59637.5949678345,163548.00730324
"ML",2026,446.644499474233,1143.24332507695,13762.9917245847,29343.604854351,63442.1394580687,173647.514533617
"ML",2027,519.836632657896,1271.00467368366,14713.6760414596,31248.1355987307,67314.4729807088,183870.315361558
"ML",2028,601.580156250595,1409.75285301409,15689.1574451877,33183.1423384854,71207.8079620823,194081.774849007
"ML",2029,691.180738142626,1557.05815932537,16653.7536893083,35071.2079196473,74952.0785083002,203812.286304738
"ML",2030,789.922890570055,1715.19041496361,17624.7541096214,36947.1031522771,78618.2686155761,213249.712831928
"ML",2031,899.68130127624,1887.38070292606,18625.6044984346,38857.5963504873,82301.0392822726,222643.25555321
"ML",2032,1022.60865178196,2077.05455498473,19676.9937933264,40842.5158252512,86077.9176248401,232191.953764475
"ML",2033,1160.15031675002,2285.88798756777,20779.1499225123,42898.1908178077,89932.6347694729,241838.502350751
"ML",2034,1313.81139840216,2515.54833159874,21930.6035223409,45016.9999564787,93839.7151720152,251499.376604994
"ML",2035,1483.87203768355,2765.30986317204,23108.3948629903,47147.0279469366,97680.9748315512,260841.986361427
"ML",2036,1690.89260739858,3071.42713892238,24587.5762361066,49841.0737268029,102584.173023167,272849.759087118
"ML",2037,1914.65555919734,3394.44083337333,26014.2711545798,52369.8945222242,107023.261833147,283423.338750496
"ML",2038,2167.87727659766,3755.74112292823,27535.9796065306,55025.0480955389,111582.652531224,294091.867749382
"ML",2039,2451.99693883782,4155.78223504785,29126.3327690384,57743.6805405103,116113.154098063,304426.606314433
"ML",2040,2770.68796770992,4598.79327382447,30785.2422039285,60514.9763611773,120570.08025047,314272.581944268
"ML",2041,3128.12721435401,5089.58525491404,32512.6583269545,63326.751298374,124902.875504858,323454.296080091
"ML",2042,3528.9931872878,5633.50856228977,34307.6835656058,66163.4834516094,129050.701874753,331763.404500077
"ML",2043,3978.51362047726,6236.49536421873,36168.3008392549,69005.5714061742,132940.508211297,338952.932011346
"ML",2044,4482.53077325018,6905.12735380207,38091.2091338468,71828.7794824884,136485.421499989,344732.241709371
"ML",2045,5047.5679849144,7646.70108690745,40071.5748075078,74603.4917860323,139582.701658671,348760.774052538
"ML",2046,5680.94578534044,8469.36356146757,42103.0704983866,77294.4631741871,142112.537617016,350643.73125563
"ML",2047,6390.80745860486,9382.10515404737,44177.0754104929,79858.965296074,143933.740456572,349919.831288508
"ML",2048,7186.27716233527,10394.9481073888,46282.8127255003,82246.6353835556,144882.5260892,346056.610767703
"ML",2049,8077.46511982015,11518.9037927787,48406.2827791829,84397.0866261479,144767.118081714,338435.298627676
"ML",2050,9075.61079377404,12766.1310563605,50530.1176038611,86239.1705327669,143365.295859258,326342.791355184
"ML",2051,9309.90257424916,13077.3930704436,51433.8156821514,87573.4301314086,145062.331541848,329166.762242931
"ML",2052,9553.65944034093,13401.1089553484,52371.3787887458,88955.7086443305,146814.707943411,332067.878647526
"ML",2053,9807.20917677757,13737.6890671445,53343.5213370137,90386.6487498446,148622.049519894,335042.406476996
"ML",2054,10070.6265774858,14087.1878391293,54349.5479547519,91864.4864315843,150479.97822446,338077.497586831
"ML",2055,10344.3295044553,14450.1388865016,55390.5990928635,93390.5522908887,152389.163985308,341171.602001065
"ML",2056,10628.4717806388,14826.7048080843,56466.3536980559,94963.6870519844,154346.148678466,344313.795295255
"ML",2057,10923.2959069737,15217.1711041812,57576.9442312872,96583.4845667204,156348.673902645,347495.779713767
"ML",2058,11229.0284970074,15621.7998731677,58722.3916170804,98249.3363459023,158394.114873418,350708.363665062
"ML",2059,11546.1114897559,16041.1512047902,59903.8084733385,99962.4414393831,160482.712347773,353948.600553598
"ML",2060,11874.6551845854,16475.3222961442,61120.5399011062,101721.02328476,162609.863024277,357202.721915142
"ML",2061,12215.1233070059,16924.8997882534,62373.7301625242,103526.288390493,164775.703492003,360467.311599862
"ML",2062,12567.689424663,17390.0659525835,63662.9907503854,105376.870261437,166976.200512033,363729.676167689
"ML",2063,12932.63730953,17871.1546544319,64988.4717627123,107272.28270648,169208.68679343,366980.03710762
"ML",2064,13310.3105186708,18368.5807689521,66350.5885815301,109212.457204807,171471.101521312,370209.821227006
"ML",2065,13701.3010433039,18883.0996490472,67750.9431583272,111199.24825077,173764.325075793,373416.640604645
"ML",2066,14105.7711198425,19414.8714448919,69188.9485253702,113230.88035564,176083.4682958,376585.502506207
"ML",2067,14524.2113092887,19964.5070720682,70665.6033349123,115308.158345892,178427.616433159,379709.832766352
"ML",2068,14957.1544854272,20532.6726338174,72182.0469833315,117432.078014686,180796.048898392,382783.253307464
"ML",2069,15404.563817814,21119.2500189875,73736.6225769406,119599.057787571,183180.924012059,385784.150162536
"ML",2070,15867.039131936,21724.9937581625,75330.7163787233,121810.449416875,185581.949247427,388706.793255938
"ML",2071,16313.3168864173,22307.0843243045,76815.5988453313,123825.571983022,187631.953777934,390781.075007682
"ML",2072,16773.2099378546,22906.3326661316,78332.6235922903,125872.881957026,189678.697766464,392734.735885168
"ML",2073,17246.8333306683,23522.8346139927,79880.9860612899,127950.255937018,191716.772390416,394551.71732473
"ML",2074,17735.0008319652,24157.6375596874,81463.0867942251,130060.684899652,193748.380221847,396231.510282428
"ML",2075,18237.4778370429,24810.3576251251,83076.4399404661,132199.313815302,195763.91645735,397749.193043269
"ML",2076,18755.1328060667,25482.1118997088,84723.5921130146,134369.30069723,197765.655352563,399104.008968887
"ML",2077,19288.6296310265,26173.7345175311,86406.0560314737,136572.093579453,199753.16508508,400289.31398507
"ML",2078,19838.0034566952,26885.2036130917,88122.4661049212,138804.551234732,201719.193735676,401284.552890022
"ML",2079,20404.1055989332,27617.6024739401,89875.0614022438,141069.196679923,203664.684181326,402085.388573361
"ML",2080,20986.8564920923,28370.7508829288,91661.9034562692,143361.945126352,205580.901456018,402668.06054587
"ML",2081,21491.3620818531,28998.3715711696,92674.4770459145,144157.449588519,204567.8130133,395704.852516604
"ML",2082,22011.5883524052,29645.0154932242,93706.9149379163,144951.726242173,203464.710112184,388361.324339406
"ML",2083,22547.7322265067,30310.8530710855,94757.9798406522,145741.451791861,202263.033878893,380611.943237418
"ML",2084,23100.1277545937,30996.2381368387,95826.9903788898,146524.143952182,200955.353677115,372433.20651863
"ML",2085,23669.2402612792,31701.6984177807,96913.7604515076,147298.043386145,199535.134368679,363803.039065284
"ML",2086,24255.2388786044,32427.3624792012,98016.8374899909,148059.427952484,197993.075311699,354694.062641519
"ML",2087,24859.390197216,33174.8231955104,99139.1401571361,148811.132937857,196328.515962186,345094.057886444
"ML",2088,25482.1475442139,33944.5792928612,100280.150057874,149550.694041151,194533.40405217,334976.807928677
"ML",2089,26123.5178362021,34736.533060951,101437.553137285,150272.940470634,192596.084868989,324309.684005751
"ML",2090,26784.5629734324,35551.9885454947,102613.108641292,150978.718487385,190512.565583891,313072.830224877
"ML",2091,27465.3301276389,36390.8967791846,103804.554063391,151662.855675805,188270.964403858,301232.653501625
"ML",2092,28166.9056528041,37254.5843761892,105013.525780761,152325.854118819,185866.379566542,288766.557418089
"ML",2093,28889.9848153596,38143.8530387884,106240.034692235,152965.728291305,183290.4915257,275645.596656231
"ML",2094,29635.5515719123,39059.8801686014,107485.033718655,153581.754984322,180536.214214808,261841.908822078
"ML",2095,30404.0451498286,40003.1190993781,108747.36630283,154170.090184983,177592.474065526,247320.948713064
"ML",2096,31195.5070549849,40973.4985058019,110024.423339725,154724.806370631,174445.72436432,232044.516595794
"ML",2097,32011.3799084534,41972.7855395476,111318.497795285,155246.837259084,171090.055601416,215984.281835384
"ML",2098,32852.7605466035,43002.2835020574,112630.451073578,155734.929638515,167516.56451609,199106.378939268
"ML",2099,33720.0698680931,44062.4044743336,113958.685809819,156184.311295435,163712.194044145,181370.869422506
"ML",2100,34614.2350962377,45154.2191914514,115303.25083923,156592.410636009,159666.020565442,162739.630494869
"NE",2020,270.877620660549,692.258201592372,9230.4284912537,23704.1594955727,61538.6228834082,219446.597762513
"NE",2021,277.94857477896,699.434963093335,8673.23201095397,22119.7663173088,57010.4597039282,201083.311880694
"NE",2022,298.548803124387,754.750402032633,9391.85545635611,23957.0578824791,61749.5722971822,217805.164050333
"NE",2023,294.117482978479,749.250585101419,9376.86742037839,23921.8287966772,61658.0536548149,217481.613375477
"NE",2024,308.788976243136,786.707752820078,9846.21183954766,25119.2440938126,64744.4251461817,228367.884278768
"NE",2025,316.335044380173,805.933019145782,10086.8298380815,25733.0986743386,66326.6249047045,233948.652206577
"NE",2026,363.075367779301,885.577994844553,10671.4085875994,27098.3853070315,69622.0699308415,245205.447011345
"NE",2027,416.521194122398,975.591855253237,11315.5696099634,28594.2103043991,73215.9098899662,257452.262669829
"NE",2028,477.491228058225,1076.89428412839,12018.6334455448,30215.1124282466,77087.4578311289,270605.280362007
"NE",2029,545.01444103064,1186.43304711417,12736.3538357605,31846.3637342356,80937.7259864179,283604.522695599
"NE",2030,620.268989733138,1306.13257133618,13481.5563251332,33517.2407664709,84836.0677512184,296684.590839899
"NE",2031,706.743868850282,1442.42718851357,14309.1122520383,35359.8821940327,89109.1532779191,310974.881239274
"NE",2032,804.446191982987,1594.14087517493,15191.8201802265,37301.0755103367,93561.509139799,325774.804021364
"NE",2033,914.804025841151,1763.02898774522,16131.9667223609,39340.6349610251,98181.9823650588,341027.498652027
"NE",2034,1039.37161428757,1950.95361403227,17130.9296673602,41475.3698010045,102950.457383245,356642.493374403
"NE",2035,1178.42803924983,2157.31348683255,18167.466095501,43646.8909739582,107708.998225818,372050.501862367
"NE",2036,1350.18625695068,2413.68096364305,19481.7146142347,46420.4255926849,113830.404025728,391955.699657089
"NE",2037,1537.16463189346,2686.47117869589,20767.8350684328,49050.7419927442,119455.946183143,409903.865936249
"NE",2038,1750.63818916605,2994.30265788448,22153.2003440824,51830.4791787362,125282.601306235,428259.341404356
"NE",2039,1991.90282248918,3337.58981312301,23612.8170161027,54686.645554509,131105.867920707,446273.938206353
"NE",2040,2264.52633432904,3720.53388124469,25148.1658516478,57607.3916070158,136867.491823616,463696.691574861
"NE",2041,2572.55416366527,4147.87389819866,26760.3599487613,60577.7590050413,142497.356259196,480228.47579029
"NE",2042,2920.52683796052,4624.88029860166,28449.5329471409,63577.9572333415,147908.751637156,495504.846134086
"NE",2043,3313.61213642271,5157.53014336974,30215.344068162,66584.1358018127,152999.450442122,509098.327638841
"NE",2044,3757.6114232181,5752.47458416106,32056.062143254,69565.8918705919,157645.007272374,520494.329947482
"NE",2045,4259.05440956154,6417.14559068797,33968.4933372013,72485.6552643821,161696.410131657,529081.609473431
"NE",2046,4825.32036828734,7159.89468533973,35947.9395668625,75298.0386762987,164977.441398713,534141.378249772
"NE",2047,5464.66100692539,7989.97852110456,37987.2580897946,77947.2061409267,167277.483007404,534821.249748001
"NE",2048,6186.41041232552,8917.81857299387,40077.2351264336,80366.9465058444,168350.145816583,530127.843641729
"NE",2049,7001.07281452307,9955.0687939443,42205.8025308551,82478.1765342845,167905.949889536,518899.51644567
"NE",2050,7920.24223564692,11114.4458052441,44356.2773448754,84184.5613022033,165601.23399857,499767.567668503
"NE",2051,8141.57312450224,11409.6512817112,45242.381880386,85586.2511124065,167690.940033184,504638.232682295
"NE",2052,8373.51559574403,11718.9503047145,46169.5941087948,87051.4420207352,169870.95406161,509707.006288947
"NE",2053,8616.09546219097,12042.3250487785,47136.8171556445,88577.0685163075,172132.90092679,514943.569634024
"NE",2054,8869.69193026299,12380.2512964298,48144.8802711324,90163.6787083636,174475.413771037,520338.538833894
"NE",2055,9134.44389118175,12732.8675659283,49193.2661428254,91809.2644794309,176892.095989917,525867.347864291
"NE",2056,9410.56999781737,13100.4229324049,50281.8726316193,93512.5806988284,179377.992326433,531509.652480626
"NE",2057,9698.23041650524,13483.0841009828,51410.2632516952,95271.7422844802,181926.875816202,537241.242927541
"NE",2058,9997.7889441625,13881.2998866838,52579.0582220397,97086.8033665628,184536.176057999,543048.604534889
"NE",2059,10309.575173973,14295.4695867279,53788.6512991984,98957.3606058041,187202.356813925,548915.166014461
"NE",2060,10633.7424733905,14725.74664131,55038.4823829392,100881.226528344,189918.434706802,554814.087325054
"NE",2061,10970.824809917,15172.8103387742,56329.9334615894,102859.749491318,192684.023990466,560737.669890071
"NE",2062,11320.9930270959,15636.8351659833,57662.4624339081,104890.712888388,195491.933108907,566658.120909583
"NE",2063,11684.6578550755,16118.3259007005,59036.7250048246,106974.05803745,198338.940294064,572559.036286911
"NE",2064,12062.1602113797,16617.6888294365,60452.9738794549,109108.951868432,201220.277752159,578419.297331629
"NE",2065,12453.8660021235,17135.3628288169,61911.544830775,111294.67389661,204131.291723627,584217.898425069
"NE",2066,12860.1410322449,17671.7846907374,63412.7284422946,113530.382511525,207067.005892627,589932.67922088
"NE",2067,13281.7778012147,18227.9748831339,64958.8580498437,115818.838193713,210028.874450195,595559.476682089
"NE",2068,13718.8401722476,18803.9502910457,66548.6206903755,118156.225221036,213006.235803303,601059.328107546
"NE",2069,14171.6390339442,19400.0661967652,68181.8972823628,120540.843556329,215992.232126779,606403.980100381
"NE",2070,14640.9770432628,20017.3487662077,69860.8815256061,122975.03293551,218987.118749705,611584.853186982
"NE",2071,15096.7144836457,20614.5675237726,71441.2297099741,125204.215309997,221536.292619574,615329.332343995
"NE",2072,15567.6751511424,21231.1124525,73060.0567895539,127469.360783546,224067.854425752,618830.623535714
"NE",2073,16054.1607688084,21867.327226039,74717.221140057,129768.749346499,226574.961431272,622060.635853434
"NE",2074,16556.7407265113,22523.9182526412,76413.7843024217,132102.710047476,229054.242786073,625000.554188392
"NE",2075,17075.9740111728,23201.5746206701,78150.6870479431,134471.293190891,231501.661243749,627629.298363996
"NE",2076,17612.3793633942,23900.9277241559,79928.6168045251,136874.046108906,233912.13735787,629922.529403772
"NE",2077,18166.4676777833,24622.5955491547,81748.1619865588,139310.284573426,236280.032148411,631853.995974961
"NE",2078,18738.5753766684,25366.9572044493,83609.0707713981,141777.838115268,238597.041554208,633389.959862725
"NE",2079,19329.6084161108,26135.1603475016,85513.5763444073,144278.694276706,240861.709937406,634514.488203797
"NE",2080,19939.9389491466,26927.626538562,87461.4503732051,146810.587218701,243065.212028114,635191.55230874
"NE",2081,20471.2369210144,27594.971861196,88640.2148744675,147624.051365732,241271.640162368,622479.417382015
"NE",2082,21019.7614420881,28283.2517605529,89841.0494786026,148420.443100642,239303.942668798,608939.509827357
"NE",2083,21586.6320151468,28993.8684040043,91066.3460490365,149201.229180399,237157.680195641,594542.67823062
"NE",2084,22172.0720320867,29727.0131670356,92314.5509392336,149961.238404166,234817.382572378,579230.840661188
"NE",2085,22776.6950937847,30483.3990252958,93585.6991161557,150697.841793544,232271.45339091,562955.181635605
"NE",2086,23400.9093342445,31263.4601307954,94878.8932275977,151406.813945873,229505.568360381,545659.540359429
"NE",2087,24045.4546357688,32068.0707532863,96194.509886501,152085.884609976,226508.146201595,527293.661806138
"NE",2088,24711.2203915118,32898.2988343069,97533.3923901154,152733.375568668,223268.070158618,507807.18709565
"NE",2089,25398.6039893414,33754.5517756914,98894.3151528443,153344.226051406,219768.866353893,487136.379209994
"NE",2090,26108.2658196232,34637.5838770897,100277.016219661,153914.800617187,215995.902735212,465220.990556191
"NE",2091,26841.3308121877,35548.7602796094,101682.892468415,154443.865095575,211937.490079231,442005.824619346
"NE",2092,27598.0815691329,36488.3239127128,103109.997515787,154924.928928459,207574.194695034,417417.895265567
"NE",2093,28379.5899515758,37457.5586318563,104559.274512934,155355.772778717,202892.093764817,391394.629329074
"NE",2094,29186.7836751093,38457.5505013957,106030.962422038,155732.922498089,197874.990809491,363867.010738929
"NE",2095,30020.0664450726,39488.6898518976,107523.27530312,156049.781740004,192502.266015097,334756.370219521
"NE",2096,30880.6731853774,40552.456865107,109037.323049668,156303.85611625,186758.045512295,303991.213905817
"NE",2097,31769.705392307,41650.1478197812,110573.54492398,156491.439145001,180624.215809125,271493.600229849
"NE",2098,32687.5348536881,42782.0962711719,112129.700940169,156604.854588951,174077.512813902,237175.761331894
"NE",2099,33635.3614083529,43949.7165358607,113706.322519912,156640.207479068,167098.586025353,200954.159376355
"NE",2100,34614.2350962377,45154.2191914514,115303.25083923,156592.410636009,159666.020565442,162739.630494869
"NG",2020,783.740389170325,2462.58520118143,26058.6388078991,64390.7593719827,161657.089935128,545230.640684169
"NG",2021,801.491046492183,2486.01075594706,25920.2676248931,66148.7293356296,171776.394039589,609318.070316378
"NG",2022,814.705433049301,2502.36023222917,25738.1436581003,67798.2946856578,181984.49311252,678566.181200778
"NG",2023,822.337255961922,2516.61697458811,25851.8898759342,68085.183401514,182740.011654599,681359.965915446
"NG",2024,822.824644883535,2530.40452596078,26253.8920496337,69191.4614761725,185698.544179258,692384.886314143
"NG",2025,820.783795947063,2524.12837293381,26188.7746178688,69019.8461490859,185237.956764006,690667.566630477
"NG",2026,948.66465051325,2748.87774899861,27549.5926521825,72201.3049171413,193059.982574618,718643.000271215
"NG",2027,1081.7440930484,2967.66950187616,28722.1479527177,74833.8699440425,199315.565518639,740623.010451846
"NG",2028,1221.53182873364,3186.08516869338,29769.7605880545,77086.675531328,204462.625803964,758321.597605951
"NG",2029,1368.08389178748,3404.9842899055,30705.308532197,78995.3126123845,208599.60551471,772110.657284266
"NG",2030,1522.49431993621,3627.51722615349,31560.2442821097,80642.1589747325,211946.682861543,782809.62228159
"NG",2031,1686.85627918251,3858.58985885895,32376.6452929339,82134.4293606074,214785.094616059,791456.289615853
"NG",2032,1861.79175777456,4099.12776787739,33158.4263328916,83480.0688423709,217131.966780028,798107.547131003
"NG",2033,2047.51503503538,4349.0812476064,33900.9881606217,84665.2533286971,218947.184702747,802608.824190061
"NG",2034,2244.05514888545,4608.05076098658,34597.3686428655,85670.4596417125,220176.27299091,804753.557009633
"NG",2035,2450.29640185914,4873.43176491274,35225.3072878425,86439.0069253573,220670.623639644,803993.487553784
"NG",2036,2748.95431876706,5304.71866958114,36892.9104859554,89663.29377692,227252.801744765,825097.236647529
"NG",2037,3061.85334529149,5741.68881609442,38399.8696335012,92372.6258847749,232290.885293891,840174.787915138
"NG",2038,3408.37094703016,6219.96419263233,39977.662052406,95119.4596114759,237165.668310906,854205.329579507
"NG",2039,3789.83355334419,6739.41504855223,41600.6890393311,97826.2164795793,241651.048028934,866316.123690836
"NG",2040,4209.7239119862,7303.77637114733,43267.5087020326,100472.334850271,245662.1831576,876141.606967233
"NG",2041,4671.91942055351,7917.2063775033,44976.5157150658,103034.923005983,249104.618217865,883274.790788541
"NG",2042,5180.58285227353,8584.07182171396,46724.4130742037,105485.023108012,251864.772578711,887232.655628394
"NG",2043,5740.42931673101,9309.37303472615,48508.340573476,107792.269327059,253820.758719802,887493.693083116
"NG",2044,6356.54188342456,10098.4004631256,50323.5993863091,109919.428205242,254828.679904509,883448.393841101
"NG",2045,7034.5365559476,10956.9788652427,52164.6693991167,111824.447490169,254727.010109537,874413.721296479
"NG",2046,7780.58830570354,11891.4724497967,54024.8308092437,113459.278831641,253333.115790528,859619.614041721
"NG",2047,8601.37864734072,12908.6738696903,55895.3017344574,114767.725633919,250437.693361696,838188.600156052
"NG",2048,9504.30963902549,14016.0996746157,57766.2139423265,115687.143120293,245807.789991637,809144.500924815
"NG",2049,10497.4005913965,15221.7972662133,59625.3279264679,116145.351364232,239179.048456927,771384.394832908
"NG",2050,11589.2953121052,16534.3308343742,61457.6775761499,116059.611495473,230252.804929476,723667.54005351
"NG",2051,11837.8226244594,16860.9230640499,62324.0933754762,117291.264425966,231697.41258011,725964.777472905
"NG",2052,12096.4572148634,17200.8678619556,63226.8827498101,118576.174530069,233209.57121221,728388.751771976
"NG",2053,12365.1698103425,17554.0610600763,64164.8834055492,119911.244620839,234780.908339785,730908.14594762
"NG",2054,12643.9382271784,17920.4094864667,65136.9848749328,121293.488132381,236403.30242485,733492.502408534
"NG",2055,12932.8995205288,18300.0461621357,66142.9051279142,122721.468624177,238071.671852387,736120.838325514
"NG",2056,13232.1479208788,18693.043002799,67182.1349112197,124193.320444265,239780.083209657,738769.493109641
"NG",2057,13541.7232492356,19099.394977604,68253.8873953714,125706.66356798,241521.606847492,741411.729500029
"NG",2058,13861.5494356798,19518.9341568537,69356.8005859874,127258.067102491,243287.315447121,744014.72744588
"NG",2059,14191.7899130199,19951.8306576217,70490.7236724216,128846.334649076,245072.584457292,746558.897611903
"NG",2060,14532.8484337848,20398.5910762715,71656.677254964,130472.38967897,246876.767115145,749036.640885516
"NG",2061,14884.3751044245,20858.6628846164,72851.9451019908,132130.331551956,248686.252778401,751400.903933911
"NG",2062,15246.6811676461,21332.4223600875,74077.0840883652,133820.232074971,250498.764454877,753639.097346994
"NG",2063,15619.9045277732,21820.0015025127,75331.7806570837,135540.562990044,252308.958661879,755729.236273771
"NG",2064,16004.1926744818,22321.5451022758,76615.7578039012,137289.852275008,254111.571896568,757649.516303027
"NG",2065,16399.3179572401,22836.6748977982,77926.9453490278,139063.417354484,255895.40519281,759360.452896777
"NG",2066,16805.6049650055,23365.7830644468,79265.9202212025,140861.322463695,257658.054326905,760848.804793163
"NG",2067,17223.2039395366,23909.0175502924,80632.4076057188,142682.088601575,259394.214507587,762092.576190249
"NG",2068,17652.2323494731,24466.480212268,82025.9696397062,144523.938487406,261098.01295597,763068.039530659
"NG",2069,18092.6276255994,25038.0233800385,83445.3320286385,146383.621274851,262760.915182246,763743.689407965
"NG",2070,18544.6727330976,25623.9779901261,84890.8210424633,148260.701028622,264379.458452841,764102.809059052
"NG",2071,18966.867378157,26167.0282644702,86172.8986435065,149824.603892105,265365.367670711,762448.19461079
"NG",2072,19398.8061019434,26721.9184756761,87473.3756081398,151393.44251113,266287.458719923,760427.708963827
"NG",2073,19840.7898010136,27289.0131720767,88792.8028694779,152967.3213041,267143.627540445,758029.54926485
"NG",2074,20292.9920213059,27868.4999966698,90131.133234715,154545.284335163,267929.837228756,755236.221444721
"NG",2075,20755.5907409155,28460.5717424685,91488.3240804202,156126.367333746,268641.992457733,752029.953751367
"NG",2076,21228.701830998,29065.3352162244,92864.0457299559,157709.101840379,269275.091206478,748390.334890265
"NG",2077,21712.2465385142,29682.6307273399,94257.1166941725,159290.572304925,269821.659363745,744290.079537787
"NG",2078,22207.1609274804,30313.6850257116,95670.7463600428,160875.267547431,270286.720829999,739736.261232416
"NG",2079,22712.9875714863,30957.8184095327,97102.0717423448,162457.389208893,270657.804767594,734687.512787075
"NG",2080,23230.3425990774,31615.8165355084,98552.8534213481,164038.912126499,270935.495751046,729138.186300798
"NG",2081,23678.2131800444,32153.7087854179,99296.7054039487,163982.202205489,267214.300252289,709339.26563523
"NG",2082,24137.102594481,32704.368843087,100051.341216628,163903.167029671,263343.399988647,688833.123469414
"NG",2083,24607.4840228468,33268.3621676185,100817.501073479,163801.619510226,259318.510125875,667597.504566102
"NG",2084,25090.1013170416,33846.6148623747,101596.948720036,163678.936471876,255137.537412746,645614.995767032
"NG",2085,25584.4954212666,34438.4262491524,102386.511535723,163528.465154893,250785.650059246,622835.314296749
"NG",2086,26090.6869731851,35043.7465276105,103185.020155106,163346.851551502,246253.364882929,599222.302326327
"NG",2087,26609.4931114408,35663.5943186369,103994.432665413,163135.665415043,241538.541546721,574757.433483065
"NG",2088,27140.8967884314,36297.864351258,104813.352335629,162891.09871212,236630.735231918,549401.390863007
"NG",2089,27685.2547910919,36946.9516514427,105641.831535809,162611.602132257,231522.80235095,523122.58358673
"NG",2090,28242.7600141292,37611.0301329422,106479.258648398,162294.556239491,226205.930079085,495885.193525371
"NG",2091,28813.8798227933,38290.637489883,107326.028875095,161938.840928438,220673.28750471,467657.402544363
"NG",2092,29398.9331015633,38986.1105079094,108181.926372884,161542.340159997,214916.457991504,438403.284741256
"NG",2093,29997.5375155211,39696.8557327169,109044.149334262,161099.069150313,208921.855237957,408076.292801266
"NG",2094,30610.8424846426,40424.3079891695,109915.484227489,160611.325479166,202686.717237189,376651.308046524
"NG",2095,31239.1320583418,41168.7503066337,110795.465002888,160076.461942046,196201.428708362,344088.312043266
"NG",2096,31882.4345215564,41930.1275701515,111682.701017205,159490.472076996,189454.632803968,310343.957440513
"NG",2097,32541.7861064811,42709.7085609314,112579.304923308,158854.315072408,182440.749467671,275383.903086494
"NG",2098,33216.4590053863,43506.4417644794,113481.20483184,158160.111129562,175143.676045257,239156.48462527
"NG",2099,33907.4086735763,44321.4850249505,114390.154535238,157408.204012153,167556.765276134,201624.352009762
"NG",2100,34614.2350962377,45154.2191914514,115303.25083923,156592.410636009,159666.020565442,162739.630494869
"RW",2020,354.567746416063,912.862767683492,15368.4594580853,47791.3816153933,149268.419513589,699672.438332251
"RW",2021,387.568724892722,997.781529171874,16835.0110864268,51537.5049194131,158346.839242853,722778.126841437
"RW",2022,422.708791804014,1069.02931091879,17937.6309188156,54035.5120259687,163266.323125688,725573.945048895
"RW",2023,472.5976867802,1179.49112662688,19743.929154494,58525.1236053649,173866.943508705,752208.412041406
"RW",2024,516.158498289519,1290.6185991559,21628.3798648358,64114.3339765579,190473.136949206,824060.573664936
"RW",2025,541.491709235535,1353.96253969281,22689.9071115094,67261.0843500846,199821.614546444,864505.709052864
"RW",2026,621.749545467676,1482.64596364268,23730.8943204814,70024.8357084796,207500.867441439,896810.777625212
"RW",2027,710.618424803488,1622.60876108967,24802.0583630344,72832.1746288704,215233.94262928,929217.931839415
"RW",2028,808.547626101886,1774.0150128659,25891.2852916301,75642.8990143656,222894.32566768,961167.584567273
"RW",2029,914.984872748952,1934.95147045171,26958.2647982747,78335.1329345933,230116.014195296,991069.477727765
"RW",2030,1030.41566154798,2105.94008810595,28001.0220045682,80899.9261231835,236867.310842343,1018777.6493343
"RW",2031,1156.81851445414,2290.42931986732,29054.1255697486,83433.047339392,243421.666967485,1045456.03892274
"RW",2032,1295.17079387422,2489.57583800713,30117.0158817715,85927.0789250516,249747.545491476,1070951.78634588
"RW",2033,1446.5971569936,2704.73824795621,31189.9396448145,88376.2491030638,255817.071027057,1095125.75122832
"RW",2034,1612.2496007819,2937.23929363416,32270.9277532267,90767.7513398064,261580.699818934,1117743.71800956
"RW",2035,1791.86015455325,3185.80454170596,33329.2585674252,93007.8115306268,266755.383444808,1137573.40015428
"RW",2036,2031.7907285184,3530.35295316884,35146.3489092,97251.7406454413,277478.438910939,1180707.93038029
"RW",2037,2288.59435155618,3891.29020841282,36838.3220515869,101009.342570975,286566.259829754,1216438.69278189
"RW",2038,2576.64325024634,4292.18171164245,38608.4076332162,104827.713623434,295552.866878072,1251244.65009235
"RW",2039,2897.70107932909,4734.20606016767,40426.2907039811,108602.53241368,304104.488284372,1283640.55893719
"RW",2040,3255.56253705318,5221.82470551042,42288.8492212559,112302.0534616,312089.709892613,1312993.74890994
"RW",2041,3654.12921388065,5759.46250287332,44187.6396200283,115877.396835937,319323.971038107,1338437.74111702
"RW",2042,4097.68437654055,6351.95290491941,46112.6096518584,119272.472151786,325597.261769832,1358988.9916879
"RW",2043,4591.54862255526,7005.52043854743,48058.3841559026,122439.672690981,330715.898637565,1373719.25027544
"RW",2044,5141.18531666534,7726.34659863562,50012.6690167699,125309.091790957,334416.996256307,1381395.76973914
"RW",2045,5752.59900633962,8521.18257756352,51960.5776881401,127799.632520273,336398.641867373,1380606.96142813
"RW",2046,6432.94509146065,9398.21816597954,53889.035423244,129829.130522907,336345.130157911,1369863.20898154
"RW",2047,7190.24241034958,10366.5907074108,55782.0769258335,131301.432904833,333890.25676395,1347440.96516529
"RW",2048,8033.65521286561,11436.7483951409,57621.6393127574,132107.219829923,328617.236599546,1311378.03918748
"RW",2049,8972.06588617276,12618.3866059579,59376.2995786828,132097.352306998,319990.633851881,1259198.29848888
"RW",2050,10015.290662091,13922.2066108591,61010.8981360995,131105.668246853,307414.629706037,1188147.41643578
"RW",2051,10244.4975018858,14223.9100976957,61861.6014351457,132413.15393616,309295.670976319,1192823.48232454
"RW",2052,10484.2908183534,14539.6300398764,62754.2265264312,133789.190101217,311288.439770035,1197824.06181703
"RW",2053,10734.5166218808,14869.1065448145,63686.3571427522,135227.173967456,313374.244041067,1203069.88222524
"RW",2054,10996.1342595408,15213.6215631105,64662.1721280141,136734.496408684,315566.797579772,1208606.02879539
"RW",2055,11269.5115109925,15573.6338187027,65682.2178714427,138310.715113938,317861.384589544,1214406.22028338
"RW",2056,11553.6434245889,15947.7053855019,66739.0517778677,139938.576610781,320214.681532299,1220296.73317533
"RW",2057,11848.192427319,16335.3254280052,67829.2764797267,141609.500809874,322603.658023374,1226182.17983775
"RW",2058,12156.6420521162,16741.2478857288,68971.2584688135,143360.231617107,325108.272181307,1232358.02360184
"RW",2059,12477.0978738787,17162.807473437,70152.4299653454,145162.781958172,327660.669361856,1238557.12356333
"RW",2060,12807.2919792589,17596.8382951098,71358.5470170441,146986.134442868,330187.190304543,1244492.75245934
"RW",2061,13151.0698411052,18048.5792175946,72609.5938660539,148869.949131556,332773.355961543,1250479.08221174
"RW",2062,13506.2581262335,18514.9946858914,73891.8661341393,150784.333207884,335348.064506409,1256239.09599157
"RW",2063,13872.5936951406,18995.6788226588,75202.4678935814,152721.829929759,337891.023812821,1261688.21771086
"RW",2064,14252.497334596,19493.8987925658,76552.9866290603,154704.324841785,340446.6900229,1266983.24653128
"RW",2065,14645.2292269024,20008.5892774753,77937.7253919284,156718.440204434,342981.110767143,1271987.29874761
"RW",2066,15049.9448404002,20538.5471339246,79350.5988765964,158750.201848242,345459.477054431,1276561.366341
"RW",2067,15467.8807658461,21085.4117984128,80796.574699029,160807.836730186,347895.508437051,1280746.27686119
"RW",2068,15900.4547250798,21651.0623460546,82281.3319938632,162900.726842763,350304.781771804,1284588.17291099
"RW",2069,16344.7154638978,22231.4273449025,83787.8951742951,164993.350382697,352606.183654823,1287778.32193207
"RW",2070,16803.1834565848,22829.887842059,85327.6626040864,167106.426581146,354839.706073777,1290452.48257055
"RW",2071,17240.7029005233,23398.6769656054,86722.0484774519,168890.14009922,356262.360538753,1289908.1832101
"RW",2072,17690.3290757664,23982.7100706754,88139.0490448753,170673.655780178,357573.505743878,1288689.75854455
"RW",2073,18153.0117536226,24583.2287014958,89581.9109374112,172461.527426866,358778.305496958,1286805.09328899
"RW",2074,18627.959104533,25199.1133198573,91045.2035263885,174241.506042802,359846.720451182,1284135.20027823
"RW",2075,19115.8274982008,25831.2064422806,92530.6708430139,176015.18820354,360777.598667636,1280664.90794326
"RW",2076,19616.7315586223,26479.6159459778,94037.3514166414,177778.924110054,361558.777979131,1276339.31818858
"RW",2077,20132.0548145943,27146.1605112457,95570.3012173097,179540.360779127,362200.866195757,1271183.3957956
"RW",2078,20662.9224372555,27832.3033359151,97133.1203774367,181304.129406506,362707.655957854,1265196.32629762
"RW",2079,21208.8353809076,28537.3162577836,98721.6580163138,183060.250286267,363053.334842444,1258273.06385673
"RW",2080,21771.3400125292,29263.2237887636,100341.299973002,184816.447512403,363247.253605313,1250430.56659994
"RW",2081,22256.1610815161,29867.691903292,101053.857943174,184209.442421456,356957.842786957,1215467.32485384
"RW",2082,22755.4489164893,30489.8436795489,101776.283512142,183548.96599417,350373.107283832,1178990.54828692
"RW",2083,23270.055319224,31130.7467329809,102510.009244451,182834.51230732,343483.703613221,1140946.26358386
"RW",2084,23797.4669625851,31786.9677658954,103241.674683235,182039.232051025,336230.910767943,1101116.78865762
"RW",2085,24338.5622137888,32459.6186908308,103973.111877694,181163.704517869,328608.445937357,1059461.1095889
"RW",2086,24897.3112137915,33153.9221934252,104718.953308541,180230.25815651,320647.920452084,1016055.98174244
"RW",2087,25476.4689997098,33873.4540673055,105487.790939236,179249.540261272,312356.512656158,970890.202048007
"RW",2088,26072.2512459548,34613.0876188486,106260.889404151,178185.410705038,303658.858177894,923693.020458103
"RW",2089,26685.7005459899,35374.1263873804,107039.898707572,177036.929278624,294542.543516092,874394.105696631
"RW",2090,27313.8431793284,36152.5507713754,107810.385297015,175776.592908075,284951.074778823,822792.616437522
"RW",2091,27952.9377452163,36943.351224435,108555.729077626,174374.575813204,274827.918936443,768699.399531521
"RW",2092,28612.3928164617,37758.9020331625,109310.522462247,172883.531638332,264247.194757985,712292.880439218
"RW",2093,29294.4048390027,38602.0013317086,110079.917041272,171306.67885616,253198.580030945,653494.038419357
"RW",2094,29992.6351115633,39464.201143093,110837.020005511,169597.412006581,241598.247824048,592034.616898822
"RW",2095,30711.5622175745,40351.3162036943,111595.860766995,167773.232732089,229458.456123599,527898.976574628
"RW",2096,31451.2046794766,41263.276640722,112353.468176546,165824.813649558,216750.637238461,460962.040506943
"RW",2097,32207.3605437517,42194.4845617858,113092.089355427,163721.490923818,203419.925625224,391049.05417087
"RW",2098,32985.0173251296,43151.3966773713,113826.741849684,161480.87418105,189474.245835372,318117.586757711
"RW",2099,33788.5200068861,44139.5941010947,114569.096138354,159113.921683625,174907.157857488,242072.385301661
"RW",2100,34614.2350962377,45154.2191914514,115303.25083923,156592.410636009,159666.020565442,162739.630494869
"SD",2020,189.848014647973,538.149881375396,6305.24620984651,19858.0462283899,63234.9454539987,308715.850794
"SD",2021,179.382805864343,511.695498450881,6022.05482406191,18972.1328993668,60419.8231100263,294982.706169234
"SD",2022,175.580039841099,494.680170110561,5747.11405600401,18089.8743127657,57595.5299222437,281168.038307024
"SD",2023,154.96918351985,443.586953826133,5236.7028296678,16501.3600178292,52554.7028578849,256589.661507878
"SD",2024,116.982920332624,334.399301664497,3943.60082617311,12425.8633038589,39573.9448328011,193211.779090392
"SD",2025,111.395408825363,318.427226931214,3755.24072254745,11832.3608164826,37683.7554657357,183983.311926671
"SD",2026,137.02546642189,370.896433833316,4212.72927176978,13193.9447144531,41889.0618130027,204276.423993599
"SD",2027,167.170338661057,430.344666569697,4706.55490607649,14647.2471260802,46349.1174674346,225745.339865802
"SD",2028,203.406474303675,499.898183877474,5262.88214956973,16269.4061979273,51300.8937305565,249531.199534218
"SD",2029,245.989226777927,579.08916645326,5866.90425774884,18009.1646164007,56573.5965995143,274786.401876847
"SD",2030,295.82725576364,669.061032321414,6520.82842500073,19867.8893884318,62162.4150356749,301470.785642453
"SD",2031,354.227544706679,771.707649610431,7232.70134397921,21863.8554535387,68113.9398089247,329790.697583076
"SD",2032,422.312014652295,888.324935121394,8002.98328316073,23991.1687947086,74397.353728219,359573.765193676
"SD",2033,501.321032334725,1020.33965701298,8832.06651773977,26242.9228729543,80977.3055945383,390623.0976817
"SD",2034,592.588566414714,1169.24782010463,9719.62162305678,28609.1749988047,87807.5246006487,422686.217372726
"SD",2035,696.051750531835,1333.75639048936,10641.7648316903,31010.3915752865,94627.6944529964,454479.416742127
"SD",2036,816.466630870913,1521.75669671866,11647.3196133673,33578.4903223534,101821.994974108,487812.971871178
"SD",2037,943.800978809962,1713.52392121147,12573.1053606047,35833.7106397648,107918.911063749,515605.162455829
"SD",2038,1094.47702216186,1938.19953970966,13624.7191700249,38355.4557830207,114651.522486891,546113.274992389
"SD",2039,1267.77771625123,2192.55250138657,14754.8944473273,40990.2539507556,121523.605445134,576901.051255631
"SD",2040,1467.05726721709,2480.62343567604,15968.2568591264,43731.361754067,128478.717692941,607629.313766669
"SD",2041,1696.15118146713,2806.98623164995,17269.1860714356,46568.022841324,135442.325854597,637860.897710283
"SD",2042,1959.44318887101,3176.81842612446,18661.7080424392,49484.6638644753,142318.482610452,667043.04151963
"SD",2043,2261.99323222785,3596.06322501831,20149.8247812027,52461.1501752644,148989.356227181,694502.752582855
"SD",2044,2609.5834350005,4071.44843146713,21736.8652425024,55470.3083457905,155306.631355685,719403.533726855
"SD",2045,3008.82955550646,4610.60743327917,23425.3795094549,58476.8333628196,161086.783131343,740720.044114495
"SD",2046,3467.31264799816,5222.22168438072,25217.0051642131,61435.9688153591,166105.399703834,757207.698427377
"SD",2047,3993.65522861332,5916.07078605108,27111.7576839352,64290.6267793978,170086.952984353,767350.80236143
"SD",2048,4597.83393075877,6703.42690499077,29108.8091779068,66971.9227109546,172703.354966629,769349.778779189
"SD",2049,5291.22055304317,7597.02739058224,31205.0430252261,69394.0651221329,173556.770173358,761035.593542449
"SD",2050,6086.65251675187,8611.09718788433,33393.9299438869,71450.1263479026,172165.018184742,739796.43391571
"SD",2051,6285.09939171011,8878.47385520489,34221.2005406379,72904.3212812884,174906.130719574,749740.699020574
"SD",2052,6493.84356693026,9159.60403880973,35089.0418394688,74426.0872303245,177763.601953773,760073.249764825
"SD",2053,6713.21484539301,9454.89335634927,35998.071346233,76015.3057374109,180733.66905049,770769.555852086
"SD",2054,6943.5864159961,9764.8063028828,36949.0956717253,77672.2038580926,183813.258969246,781807.707825231
"SD",2055,7185.34825029315,10089.8284703976,37942.9617698795,79397.0324799843,186999.205164759,793165.031528112
"SD",2056,7438.65637621541,10430.1148506484,38979.2403485068,81187.3205935893,190281.803654846,804790.8122868
"SD",2057,7703.94190386522,10786.2049617382,40058.9204989916,83043.5222702609,193658.133682864,816662.845895112
"SD",2058,7981.68027026424,11158.6974312274,41183.1640914125,84966.3762070356,197125.754882066,828760.498418837
"SD",2059,8272.24545198101,11548.0460626056,42352.5512636934,86955.3461285268,200679.08157119,841049.444529012
"SD",2060,8576.04717399897,11954.7521713481,43567.7984036172,89010.1149539198,204312.881536728,853496.457694089
"SD",2061,8893.70984018315,12379.6133169811,44830.6536257345,91132.3966419298,208026.390308325,866086.484539485
"SD",2062,9225.66198405737,12823.1505411107,46141.8019481914,93321.6444622874,211813.42973725,878781.289894771
"SD",2063,9572.36727597413,13285.9310046162,47502.0509720337,95577.4891824126,215668.044586998,891543.104052545
"SD",2064,9934.18373644987,13768.3725483004,48911.6315546821,97898.3310584868,219581.323050052,904321.47317546
"SD",2065,10311.6683160769,14271.166307746,50371.7068046353,100284.372758577,223548.232030341,917081.493809382
"SD",2066,10705.6930964368,14795.4353747235,51884.8975155076,102738.608196637,227569.67279519,929811.859736171
"SD",2067,11116.8919584236,15341.9681297144,53452.5622492589,105261.384513265,231640.299218649,942474.732694404
"SD",2068,11545.3431897872,15910.7832343211,55073.3301371731,107847.593968608,235742.5512311,954982.027132633
"SD",2069,11991.7972999001,16502.8247520062,56749.0174705467,110498.343064398,239872.38105563,967300.206097682
"SD",2070,12457.4370280857,17119.6258600738,58483.3743526606,113218.347376774,244033.160652997,979424.54578165
"SD",2071,12915.3737061879,17724.1882984599,60149.2582741865,115760.187104047,247688.169139143,989191.710356079
"SD",2072,13391.4909566616,18352.0404135662,61867.3588129502,118356.341293806,251335.387420753,998591.983396142
"SD",2073,13886.4176437743,19003.9516803164,63638.7761672263,121006.325466114,254966.7920474,1007574.40279683
"SD",2074,14400.6663395393,19680.5288158961,65464.007047067,123708.405628281,258571.449532284,1016075.74426498
"SD",2075,14935.1375455301,20382.9050628328,67345.2405957768,126463.942423956,262144.611422374,1024056.30283354
"SD",2076,15490.1200916781,21111.3742511123,69281.8173757199,129268.814385651,265669.799704159,1031429.5301027
"SD",2077,16066.9600354573,21867.6679850612,71277.745686696,132127.519117119,269148.000261722,1038175.97487828
"SD",2078,16666.6965266796,22653.0917675375,73335.5082814969,135041.481316181,272573.256323074,1044247.46354089
"SD",2079,17289.7861111692,23468.1537225424,75454.9166027434,138007.044352459,275928.899186982,1049553.47663912
"SD",2080,17937.0330688015,24313.8310960852,77637.2435048985,141023.139262432,279203.192991028,1054021.55974113
"SD",2081,18508.1159577144,25037.398491462,79121.0410781241,142205.652482786,277240.50350548,1034017.40544459
"SD",2082,19101.5107469087,25788.355496654,80645.6110234507,143376.793391303,275012.230493587,1012299.3344386
"SD",2083,19718.3001297144,26568.0110762544,82212.5383821537,144534.693068832,272501.164935857,988762.848744989
"SD",2084,20359.231793851,27377.2143476555,83821.8459001986,145674.472876074,269683.649942751,963277.67767992
"SD",2085,21024.748883219,28216.4000747811,85472.2080306923,146788.758956055,266530.957250431,935694.021516515
"SD",2086,21715.2339601825,29085.9195476014,87162.010520227,147869.61247737,263013.124645062,905857.084557071
"SD",2087,22432.3226758778,29987.7975460925,88894.5725069723,148917.305015002,259114.309105234,873659.121512707
"SD",2088,23175.9473113392,30921.7715579475,90666.2635002462,149920.132369908,254796.800543054,838915.230065054
"SD",2089,23947.5811315333,31889.6342956341,92479.4661404747,150876.307320255,250039.662120319,801495.456961501
"SD",2090,24748.1668238725,32892.4606567326,94334.2936996564,151779.962034992,244813.996276733,761240.142367314
"SD",2091,25578.5654041309,33931.2101792782,96230.4149908532,152624.282092044,239088.635140769,717979.896311975
"SD",2092,26440.8105418071,35008.3889588085,98171.734103802,153408.859584259,232841.434163023,671568.680645237
"SD",2093,27335.7082700371,36124.863039047,100157.311125989,154125.206758046,226036.297585204,621813.776113541
"SD",2094,28262.8048702057,37279.831613463,102181.550276086,154757.59860688,218626.271660111,568491.629748237
"SD",2095,29225.0293948825,38476.9548859915,104251.066174703,155308.767115928,210590.353684657,511445.663653346
"SD",2096,30224.4861116949,39718.7832541604,106369.063770783,155775.496185021,201896.462805863,450479.521669315
"SD",2097,31261.6648531516,41005.7320151488,108532.801848052,156145.363649791,192498.82898135,385358.447502079
"SD",2098,32338.2421625203,42339.7686472511,110743.572750453,156411.585467731,182358.04048384,315857.629053991
"SD",2099,33455.5100039451,43722.3451184385,113001.117440409,156564.732923777,171429.942660718,241735.792189119
"SD",2100,34614.2350962377,45154.2191914514,115303.25083923,156592.410636009,159666.020565442,162739.630494869
"ZA",2020,1699.13375426288,3473.96675410646,72308.5517835809,209169.332287641,652087.729352332,2933872.48947926
"ZA",2021,1650.28418242214,3524.21004353385,76376.8061929107,221164.166818336,689790.171041125,3104171.03996227
"ZA",2022,1633.68812811502,3520.52787912307,76267.5634611017,220744.710978351,688314.618433782,3097189.39395317
"ZA",2023,1618.89997148743,3510.9686579071,76107.164580837,220159.055796448,686260.875929109,3087440.82880123
"ZA",2024,1471.79459154089,3299.28821936492,89166.472840824,243015.667028648,702373.575155002,2806851.85085343
"ZA",2025,1465.46678554378,3285.10332162124,88783.1121838229,241970.850038522,699353.803410612,2794784.12477472
"ZA",2026,1721.01791599765,3662.38723679682,92317.3256959786,250652.53583638,722679.920351021,2885135.10674205
"ZA",2027,1995.37911391944,4057.767728144,95520.707519545,258315.590174249,742844.605464311,2962499.5760094
"ZA",2028,2287.37110803116,4469.14799534962,98355.2140273876,264858.985547407,759560.802015587,3025738.39678954
"ZA",2029,2595.86754222141,4894.79295164279,100800.858086185,270232.0873345,772689.295885193,3074306.80949974
"ZA",2030,2920.61208356306,5334.71788922413,102878.147728333,274493.65538874,782405.243884638,3108913.42605511
"ZA",2031,3255.1980124966,5777.95203988645,104406.099977325,277166.916317781,787361.2767845,3124223.52569539
"ZA",2032,3606.79847226978,6238.08117865961,105666.924207178,279008.886569762,789722.832578106,3128854.16884519
"ZA",2033,3975.20061917786,6714.79234764474,106657.754712419,280012.553767323,789471.126222699,3122732.69149565
"ZA",2034,4359.94595234312,7207.38732738154,107370.948706069,280158.689954508,786553.560452161,3105653.73180895
"ZA",2035,4760.14506748454,7714.51701918008,107792.005267865,279410.907138084,780870.786363169,3077229.71381382
"ZA",2036,5221.66943035703,8309.33031574637,108886.81443708,280257.411580244,779346.311907334,3064693.73320037
"ZA",2037,5710.33976789069,8934.80597503946,109781.900233998,280412.8629678,775551.917879599,3042644.25227103
"ZA",2038,6232.93417146686,9600.95590978167,110571.310667312,280108.394848342,770108.839919044,3013487.94144714
"ZA",2039,6790.44411644066,10308.475499953,111221.816615522,279246.021944323,762720.086895391,2976015.57638582
"ZA",2040,7385.3862924486,11060.3934430767,111726.264924645,277793.550224131,753269.016342831,2929722.74035549
"ZA",2041,8020.39771930795,11859.8407317298,112074.563135947,275709.961041839,741611.968539022,2873994.59573024
"ZA",2042,8698.21054701603,12710.0173973258,112253.572153794,272945.231529859,727577.957195165,2808104.98835121
"ZA",2043,9421.64453744824,13614.1864894786,112247.312548672,269440.9495085,710970.544511514,2731224.09942472
"ZA",2044,10193.8692192666,14576.053330847,112040.11490429,265137.886610006,691587.847409183,2642495.34142353
"ZA",2045,11018.212078018,15599.4789989826,111613.763159643,259968.909902943,669203.345816192,2540960.76545115
"ZA",2046,11898.3355503036,16688.7291741251,110949.181321511,253862.860013474,643575.755719099,2425598.34896181
"ZA",2047,12837.9007473105,17847.9961787515,110022.913167319,246736.297545281,614427.665317797,2295240.66284041
"ZA",2048,13840.3195807083,19081.0682076355,108805.843353773,238491.110503171,581440.650557237,2148558.64702042
"ZA",2049,14909.4044463396,20392.2404757556,107269.24913825,229028.357917328,544290.363185779,1984193.84166821
"ZA",2050,16049.780637322,21786.8602953239,105386.606973384,218251.349585093,502652.005867735,1800774.70757465
"ZA",2051,16238.6153633908,22026.3422072084,105596.999599905,217931.370610918,500067.293965781,1787752.09018126
"ZA",2052,16443.9699007541,22287.9242108723,105896.022208994,217780.375763053,497836.154094485,1775923.63935691
"ZA",2053,16664.488927318,22569.7224699158,106272.084587951,217772.38707189,495893.927292528,1765047.8767742
"ZA",2054,16899.8902465485,22871.3115495323,106720.745645095,217896.30750831,494210.411081709,1755007.14154507
"ZA",2055,17149.6089381482,23191.8853366504,107235.897642208,218137.727789686,492748.11518861,1745658.35753014
"ZA",2056,17411.8613758388,23528.9936285243,107804.056662055,218467.422453886,491436.550126508,1736742.51571604
"ZA",2057,17686.4010919932,23882.2694897707,108421.627059783,218876.493722439,490251.674796813,1728166.2611574
"ZA",2058,17973.0530290859,24251.4437204991,109085.530925677,219357.151874037,489172.087709147,1719845.87393022
"ZA",2059,18270.6792493661,24634.9499155277,109786.970300874,219890.203402371,488151.204700783,1711609.61781393
"ZA",2060,18578.7532061522,25032.0502788668,110521.080704017,220464.541373874,487160.920214446,1703351.66081599
"ZA",2061,18896.9301199101,25442.2541295374,111284.21404087,221071.594723582,486179.010051683,1694987.32474604
"ZA",2062,19224.8859856027,25865.1003839038,112072.943963782,221703.314252444,485184.60507491,1686437.09787112
"ZA",2063,19562.7299323483,26300.711819999,112886.437800866,222356.838373064,484168.334293028,1677661.74601035
"ZA",2064,19909.7636446265,26748.1262949243,113719.242110675,223020.236008396,483101.16129285,1668554.07195945
"ZA",2065,20265.1804435037,27206.2391320723,114565.470775792,223680.88471594,481952.957877458,1659003.98633751
"ZA",2066,20628.8025765881,27674.7927135521,115422.959215569,224333.569623141,480709.923619097,1648958.40309623
"ZA",2067,21001.0205364917,28154.2921095965,116292.743871775,224979.315866325,479371.677786489,1638410.37508741
"ZA",2068,21381.7247111485,28644.571153368,117173.043664588,225613.655866224,477926.026305155,1627312.33746861
"ZA",2069,21770.508921261,29145.0672798365,118060.507634909,226229.14794044,476354.602911061,1615595.99274073
"ZA",2070,22168.2242797712,29656.9016658883,118958.636881562,226831.510468688,474666.830970524,1603287.47113862
"ZA",2071,22516.4352474001,30101.9329748376,119555.956791564,226828.707500568,471628.82910483,1586230.30842733
"ZA",2072,22870.926188898,30554.8290527581,120154.192036037,226798.204521458,468454.666383827,1568537.97982086
"ZA",2073,23230.6822068151,31014.2221455847,120747.284813594,226727.901068202,465117.562453301,1550116.75915789
"ZA",2074,23597.8623052879,31482.9827780201,121345.732372596,226636.835884207,461654.761810131,1531086.62959679
"ZA",2075,23972.1594367791,31960.685937273,121947.017048904,226519.426870319,458052.508287872,1511396.47606798
"ZA",2076,24353.0844931269,32446.6653206648,122547.783059276,226368.618503579,454294.293621705,1490986.62996106
"ZA",2077,24741.292359146,32941.7797048321,123150.485591684,226188.14117325,450385.398013102,1469869.26496657
"ZA",2078,25136.9151551993,33446.1901137068,123754.872789702,225976.651651149,446320.71886,1448022.00962464
"ZA",2079,25540.2061632963,33960.2183724527,124361.264153738,225733.825386703,442097.097246456,1425428.6363483
"ZA",2080,25950.8396096858,34483.4161318239,124967.146343081,225454.182662304,437701.241243473,1402040.15841875
"ZA",2081,26308.1314318788,34923.7325303815,124583.00871427,222654.654188657,426353.643778798,1351408.51827931
"ZA",2082,26673.926473953,35374.6750693462,124198.709903695,219813.690762952,414810.120140286,1299870.31163482
"ZA",2083,27048.0980353677,35836.050954233,123812.147036025,216926.004540337,403056.210949727,1247369.09208005
"ZA",2084,27429.7612195263,36306.6648760901,123417.870023279,213980.573112162,391067.177372258,1193817.54856912
"ZA",2085,27818.8004288175,36786.3436871269,123014.128379942,210973.043563705,378831.214863501,1139169.76722852
"ZA",2086,28216.3625438007,37276.5830043574,122604.712721193,207908.520852503,366353.368079679,1083430.15156869
"ZA",2087,28622.3665224337,37777.2523604115,122187.841219741,204782.397604143,353620.782952896,1026548.08392632
"ZA",2088,29036.2712250245,38287.6153726882,121759.850074719,201587.005091156,340615.599318523,968459.175369617
"ZA",2089,29457.8413475351,38807.3415816435,121318.519494605,198317.250956972,327324.878057283,909114.604884208
"ZA",2090,29887.1830333917,39336.5513998941,120863.100294107,194970.522181669,313740.005674461,848478.228834302
"ZA",2091,30324.8517498395,39875.9558735044,120394.614394669,191547.008046721,299856.706141805,786525.132810061
"ZA",2092,30770.4919144931,40425.0667874819,119910.389265757,188040.925980109,285661.055611511,723204.199762198
"ZA",2093,31223.1512598808,40982.6147559746,119405.59395278,184443.314929982,271134.967877665,658455.831597823
"ZA",2094,31684.0737756771,41550.2153438017,118883.931358952,180758.565789125,256280.54121186,592271.225243671
"ZA",2095,32152.6891174751,42127.1013564981,118342.085481091,176980.126149558,241083.454813805,524600.643702715
"ZA",2096,32628.1361081391,42712.1278411936,117775.871252638,173100.407629049,225528.869587311,455396.296388141
"ZA",2097,33111.509855693,43306.7127234073,117188.286501721,169122.540968806,209616.47066476,384641.731034452
"ZA",2098,33603.3724530625,43911.5726134456,116580.187126985,165046.217827692,193340.459896993,312305.814376227
"ZA",2099,34104.4897513105,44527.6878738541,115952.982532447,160871.700380302,176694.9452445,238354.209889771
"ZA",2100,34614.2350962377,45154.2191914514,115303.25083923,156592.410636009,159666.020565442,162739.630494869
"OJ",2020,273.007028345073,1027.23039258381,21237.8329350372,74028.011054411,240370.94473445,1510291.87466348
"OJ",2021,277.685872683381,1042.67583544481,21388.5298504152,75272.3389837039,246121.605378486,1528885.22214424
"OJ",2022,278.660943997302,1050.22215990381,21387.0912538731,74497.3338984499,242440.264897567,1562557.19398491
"OJ",2023,279.586609630602,1056.29151836642,21565.6463112786,74334.9370745184,245273.701367412,1576430.76708001
"OJ",2024,279.340244345348,1069.90916658727,22419.0091066517,76695.1109078617,254519.548173174,1626939.03928072
"OJ",2025,281.501355369569,1078.18650056128,22592.4533872852,77288.4613220681,256488.634305843,1639525.82534072
"OJ",2026,356.057677098385,1211.52035405515,23939.5907272237,81482.8237843304,269781.143040491,1723000.36316805
"OJ",2027,440.445946019633,1357.13007435307,25302.7304766177,85662.8720047334,282921.628675015,1805254.06897756
"OJ",2028,534.799876277373,1513.98270318836,26645.5433006513,89700.1199626412,295477.336321428,1883505.52633568
"OJ",2029,638.78890760464,1680.27851005126,27925.2457023598,93446.7539999989,306955.535711839,1954599.86979128
"OJ",2030,753.100607298142,1857.28249419619,29155.3387063109,96945.2376138668,317491.510481816,2019388.43018896
"OJ",2031,878.895915996718,2047.12845933988,30358.553992397,100267.043070364,327312.923993964,2079303.78161105
"OJ",2032,1017.76232561073,2252.53042335466,31559.7683749544,103488.114677488,336657.942119819,2135835.29396337
"OJ",2033,1170.68337291372,2474.52170007597,32754.6524620086,106586.2036825,345441.472998036,2188412.21702861
"OJ",2034,1338.62382244409,2714.03606970893,33936.5285930021,109530.952754395,353551.401936257,2236290.79416858
"OJ",2035,1521.56289212172,2970.04689954782,35074.8839847235,112215.401420583,360628.871279702,2277167.84341082
"OJ",2036,1752.02589688258,3303.12412251687,36830.5949600689,116726.251144478,373335.213072186,2352995.8189618
"OJ",2037,2004.27072705073,3659.89389239192,38515.0457937273,120830.795912137,384447.213287559,2418046.27502172
"OJ",2038,2287.68720772734,4056.07040552258,40265.0577651567,124942.003395827,395251.953848482,2480347.77944061
"OJ",2039,2604.46472744466,4493.33797455005,42052.2349127076,128944.498556774,405338.956903482,2537210.71708306
"OJ",2040,2958.37412122788,4976.06012996011,43872.2182083364,132795.945759851,414526.222334731,2587372.7999606
"OJ",2041,3353.59371747148,5509.0360389027,45719.0839381509,136445.595406883,422599.194405619,2629352.59743798
"OJ",2042,3794.78696543867,6097.60282111295,47585.6342971474,139834.747484263,429311.497060113,2661452.32280942
"OJ",2043,4287.14741901732,6747.67675250346,49463.0148982485,142895.086399398,434378.868111454,2681717.77305689
"OJ",2044,4836.44938450386,7465.80212881611,51340.3594133461,145547.070452164,437473.216951557,2687898.92046273
"OJ",2045,5449.1097279161,8259.21530161982,53204.4901121068,147698.437519585,438216.954392945,2677411.97320257
"OJ",2046,6132.21490691931,9135.85388083046,55039.2141518525,149241.541013262,436173.763349861,2647279.45403343
"OJ",2047,6893.66917525044,10104.546294847,56825.7023626686,150053.617018984,430847.928454313,2594122.20496092
"OJ",2048,7742.20367188103,11174.9863628406,58541.3839089289,149992.839048559,421670.995334074,2514073.51958181
"OJ",2049,8687.42712805879,12357.7736246522,60159.3288513288,148895.787106696,407992.737801719,2402719.89351372
"OJ",2050,9739.91144450527,13664.502788069,61647.8574066061,146575.462545038,389073.588570547,2255050.30137113
"OJ",2051,9956.94456136163,13949.4284055266,62425.8294221653,147750.423328606,390723.020101615,2260232.58190438
"OJ",2052,10186.7952545465,14251.5666606524,63261.4872668789,149035.987046844,392608.216697909,2266609.07837517
"OJ",2053,10429.2467655107,14570.5473599666,64151.4458770292,150421.825058779,394696.796169263,2273977.31161118
"OJ",2054,10684.219305188,14906.1939656868,65093.2326852151,151899.829903392,396962.3846627,2282169.96126144
"OJ",2055,10951.7786090349,15258.5341628303,66085.2980583209,153464.090606908,399384.443300498,2291053.53978664
"OJ",2056,11231.7768763393,15627.298874422,67124.8265837292,155105.783806578,401934.91406774,2300451.6094706
"OJ",2057,11524.1320550392,16012.3123262482,68209.4513272265,156817.18907108,404588.746340579,2310205.4008508
"OJ",2058,11828.8364582893,16413.5033547389,69337.2845940515,158591.735107119,407323.960890007,2320174.00895372
"OJ",2059,12146.1743390863,16831.2061887173,70508.1591368669,160426.796941874,410128.739553808,2330274.48590596
"OJ",2060,12476.2001357908,17265.4356934737,71720.5460887446,162316.617489178,412983.179532975,2340377.70890965
"OJ",2061,12818.7550489543,17715.9124151955,72971.7143483105,164252.748197998,415860.597401471,2350316.3384505
"OJ",2062,13173.9935478356,18182.7912090672,74260.7576047118,166230.9002028,418744.961544808,2359983.61116511
"OJ",2063,13542.022846154,18666.1614222473,75586.4944674484,168246.157808976,421618.635725639,2369263.6398933
"OJ",2064,13923.0923438007,19166.308108484,76948.5286135288,170295.341786904,424468.30964101,2378064.76610283
"OJ",2065,14317.5735741299,19683.6831859981,78347.1002591855,172376.631753939,427283.943268459,2386313.28259502
"OJ",2066,14725.4269881815,20218.1722554696,79780.164658149,174483.133544212,430042.810390664,2393864.28276462
"OJ",2067,15146.7426729836,20769.839722672,81246.4041891582,176609.576035906,432726.262671762,2400595.80887524
"OJ",2068,15581.830898131,21339.0516442131,82745.6739767511,178753.226268908,435321.844310418,2406420.17163153
"OJ",2069,16031.0549099877,21926.2451087702,84278.0642159154,180911.796650366,437818.034442393,2411254.3639469
"OJ",2070,16494.5919532629,22531.6013552189,85842.6431334141,183080.745650776,440197.71239321,2414984.06386056
"OJ",2071,16933.1046114406,23101.3923420466,87234.895811218,184824.181542272,441413.520978944,2411865.62096998
"OJ",2072,17384.3660599559,23687.2283393675,88651.7745234808,186562.663236815,442477.884718956,2407457.39949322
"OJ",2073,17848.8271983649,24289.6701739601,90093.9475890663,188295.30413013,443383.059117575,2401698.45143295
"OJ",2074,18326.6567173446,24908.8927063459,91560.6003413823,190018.035099892,444113.599875588,2394485.42946111
"OJ",2075,18817.965464722,25544.9918147333,93050.6180264822,191726.148312905,444652.530138833,2385706.58882591
"OJ",2076,19323.091669404,26198.3715942955,94563.99659172,193417.204694003,444988.085050296,2375277.97930634
"OJ",2077,19842.6125986005,26869.7582539661,96101.8416158717,195090.946596839,445113.295306652,2363140.48145631
"OJ",2078,20376.8868240517,27559.5790848091,97664.1150403541,196744.669731763,445015.290581418,2349202.54171277
"OJ",2079,20925.9360759598,28267.8047057133,99249.1309614202,198372.300257098,444673.450569448,2333331.24598299
"OJ",2080,21490.1742883232,28994.9354783212,100857.061644802,199971.475281566,444075.465621472,2315437.26091519
"OJ",2081,21985.6838344309,29610.0754823491,101555.789665992,198871.796337526,435143.924287938,2245757.74428224
"OJ",2082,22495.8713298191,30243.0355909958,102262.985526644,197696.612219347,425803.69110624,2173088.98721915
"OJ",2083,23021.3215479904,30894.5213989175,102978.853693869,196442.448280834,416036.917594526,2097301.84401898
"OJ",2084,23562.1512339313,31564.6074066323,103701.413624719,195101.515218888,405816.219724121,2018217.61379933
"OJ",2085,24118.810452443,32253.8142295225,104430.139261628,193668.739776929,395119.806799872,1935685.19927258
"OJ",2086,24691.5950327455,32962.453849277,105163.764360482,192137.55616496,383922.508513283,1849535.6496166
"OJ",2087,25280.4706188493,33690.3969675172,105899.601346335,190498.776456564,372193.843341149,1759574.14340325
"OJ",2088,25885.889439256,34438.1634167718,106637.021555543,188746.951703449,359910.736471991,1665641.286016
"OJ",2089,26508.5491406229,35206.5963213171,107376.30959924,186878.079373776,347052.373670926,1567586.08131398
"OJ",2090,27148.8427554721,35996.130127377,108116.390928875,184885.569714042,333592.476297459,1465230.04215923
"OJ",2091,27806.8626361557,36806.7992989932,108854.95349386,182760.644602081,319500.598696439,1358375.42106943
"OJ",2092,28483.0891442452,37639.1517454113,109591.199709371,180497.060430004,304750.700806215,1246843.08710159
"OJ",2093,29178.2354571649,38494.0398269554,110325.130156511,178089.706287211,289318.083217939,1130456.71622838
"OJ",2094,29892.6339738473,39371.8097231162,111055.189000552,175530.737652005,273172.896078654,1009016.40617011
"OJ",2095,30626.8742492335,40273.144477678,111780.719800589,172813.623540974,256286.979903301,882326.70025704
"OJ",2096,31381.5475757105,41198.7259679067,112500.967340229,169931.473781486,238630.950998549,750184.239690455
"OJ",2097,32157.1172386801,42149.0649003666,113214.622509064,166876.371573387,220173.332795826,612375.419043287
"OJ",2098,32953.9672806861,43124.5660358448,113920.033844832,163639.766466067,200881.359456038,468680.330312992
"OJ",2099,33772.9041720035,44126.1845192314,114616.936555868,160214.947166876,180723.972388927,318879.502548811
"OJ",2100,34614.2350962377,45154.2191914514,115303.25083923,156592.410636009,159666.020565442,162739.630494869
"RU",2020,3486.38126035157,14278.2247712434,151938.301082293,781923.485466526,3974204.26620425,16902587.3382995
"RU",2021,3583.36727466508,15064.4972759456,162881.932251393,838410.083525601,4261239.66784387,18123335.2051697
"RU",2022,3633.16193840422,14724.9696333521,159571.116923732,821134.007847928,4173243.27757929,17748924.1127975
"RU",2023,3792.98437469634,15376.3989494066,166376.940768079,856063.93822887,4350708.83242885,18503647.0089333
"RU",2024,3966.88335905485,16105.7834785664,174344.507607423,897099.981780967,4559310.8625919,19390847.5166182
"RU",2025,4035.93613802218,16386.1418874171,177379.376964119,912716.081662529,4638676.21234922,19728390.0623292
"RU",2026,4527.26121824861,16646.9074436878,173412.09448623,884362.831867028,4483011.34623491,19056957.2381557
"RU",2027,4999.4774485252,16849.5518022113,168891.859799111,853253.440445666,4313468.81166902,18326607.742225
"RU",2028,5462.78684238447,17038.5920258244,164312.692666989,821944.09172099,4143060.49785023,17592698.1810625
"RU",2029,5917.38714219631,17216.6716369756,159710.416728843,790627.545932289,3972778.34277802,16859457.25241
"RU",2030,6362.53524356033,17383.0892616457,155086.507209842,759321.99631165,3802730.25467273,16127356.4275507
"RU",2031,6780.78679531205,17494.1288788963,150073.891881446,726262.77063104,3624128.49314592,15359168.0048209
"RU",2032,7189.22486951831,17599.4611160067,145133.161702469,693729.726445439,3448428.61294242,14603506.1318376
"RU",2033,7588.54997761053,17700.6954280245,140276.904346714,661781.981438274,3275922.83151936,13861606.9322299
"RU",2034,7978.84079015745,17797.7743164349,135503.021530956,630407.013096546,3106544.99209353,13133186.9994908
"RU",2035,8360.63636485,17891.6486235318,130816.959328028,599627.177375594,2940400.45814374,12418687.7464598
"RU",2036,8916.40432252779,18357.703843476,128851.2691262,581315.228788192,2835392.40864103,11962394.4086553
"RU",2037,9485.60070638799,18836.9174684635,126866.05618213,562713.448682951,2728635.47847595,11498439.1423921
"RU",2038,10066.8168766935,19325.8484463213,124832.991712424,543686.500010124,2619457.04185256,11023973.5875858
"RU",2039,10662.7345734223,19829.1347339309,122777.807802607,524338.172644233,2508342.90075928,10541030.0374845
"RU",2040,11274.0640734422,20347.3281614713,120697.346742901,504641.541572647,2395140.66118023,10048947.733726
"RU",2041,11901.8199999719,20881.4930288519,118591.166448811,484580.344028224,2279747.2939971,9547271.95309952
"RU",2042,12546.5131711982,21431.7594781556,116453.064252449,464113.764031278,2161942.39618531,9035054.79447886
"RU",2043,13208.8444894116,21998.600912063,114278.875406,443209.509977899,2041546.02998835,8511518.13686671
"RU",2044,13889.5098334895,22582.4742249753,112064.27168092,421834.466861483,1918374.09881505,7975866.192694
"RU",2045,14589.4984424873,23184.2963771114,109807.042663173,399963.070140484,1792276.00402012,7427441.68483481
"RU",2046,15309.4027202548,23804.3220716747,107501.524743651,377556.331297335,1663039.25171595,6865329.23107723
"RU",2047,16049.2670653136,24441.984448577,105138.656154154,354564.2017561,1530404.49798809,6288421.79181356
"RU",2048,16809.7111968508,25097.6520636494,102714.017290304,330954.107609153,1394191.8694562,5695942.73652636
"RU",2049,17591.0327257406,25771.2215959805,100221.353673463,306687.860694585,1254198.53487482,5087022.31933904
"RU",2050,18393.7585063849,26462.9534735483,97656.1281952764,281733.513686558,1110249.5989034,4460906.53711143
"RU",2051,18651.4967191548,26784.3106746109,98295.6031263687,281704.193818408,1105264.4527295,4435779.5984566
"RU",2052,18913.8606806684,27111.2458880584,98943.7611177302,281659.103775947,1100111.0976046,4409865.79360116
"RU",2053,19180.0134260205,27442.5351221517,99595.8658496528,281583.826882026,1094730.76510954,4382926.94830118
"RU",2054,19450.2269575717,27778.5472371641,100253.030252365,281480.722345568,1089130.53982931,4354989.21209219
"RU",2055,19724.5534234015,28119.3350991392,100915.204551495,281348.80671293,1083304.36402095,4326025.96132525
"RU",2056,20003.2465525122,28465.2381597442,101583.358686025,281189.908460107,1077256.92362832,4296053.3864806
"RU",2057,20286.7777855425,28816.9027997245,102259.525736897,281008.684745006,1071003.43229061,4265129.3291536
"RU",2058,20574.2288312302,29173.0003449528,102938.719229576,280790.46419576,1064485.33125764,4233017.72755229
"RU",2059,20865.8586673136,29533.8780389906,103621.94051594,280537.175031462,1057707.72323057,4199736.47145722
"RU",2060,21162.3420495152,29900.4682208819,104312.205573165,280256.061786293,1050695.37314779,4165381.10383325
"RU",2061,21463.6072670418,30272.6439309786,105008.782994536,279944.112713908,1043434.06960287,4129892.07206385
"RU",2062,21768.7253122432,30649.07221067,105706.793519743,279587.38771085,1035869.23197678,4093050.44576738
"RU",2063,22078.3578061837,31030.6651467367,106409.163409903,279192.821107801,1028024.26927413,4054946.18013719
"RU",2064,22392.3532541306,31417.1877379029,107114.837064375,278756.721438654,1019882.95548821,4015512.32305991
"RU",2065,22710.5579719978,31808.403660587,107822.774197433,278275.51068497,1011429.6916528,3974684.63019873
"RU",2066,23033.3388159203,32204.8061404261,108534.412974354,277752.02773678,1002672.26108772,3932490.81134027
"RU",2067,23361.3762521809,32607.3228430518,109252.609695719,277192.567951439,993630.418939024,3889004.95188924
"RU",2068,23693.9954566148,33014.986747349,109973.838234433,276587.104267704,984265.029223882,3844070.2022804
"RU",2069,24030.6987132861,33427.0839201101,110695.487467001,275928.184318639,974546.933245229,3797569.62408904
"RU",2070,24371.8408010138,33844.0892051787,111418.91660492,275218.381077688,964482.767310463,3749526.21476427
"RU",2071,24717.2244455695,34265.7090111212,112142.934195903,274453.886788554,954056.56331294,3699874.80802958
"RU",2072,25067.7195493757,34693.1287714511,112871.184539513,273642.710255911,943293.373964095,3648709.25186845
"RU",2073,25424.006242338,35127.263867406,113606.348203521,272790.192602085,932208.031897116,3596082.63702665
"RU",2074,25784.7069685032,35566.1854205875,114341.892731239,271879.496773375,920739.405360582,3541754.80338353
"RU",2075,26150.7107076695,36011.0986732072,115081.451121736,270918.309490718,908910.52565371,3485810.6897582
"RU",2076,26521.5802815137,36461.377808192,115822.748710293,269900.187758724,896696.312351034,3428149.84919701
"RU",2077,26897.4097253941,36917.1303572907,116565.875603969,268824.339533977,884090.910815915,3368745.89718364
"RU",2078,27277.96398691,37378.0123174825,117309.497850626,267686.695269774,871077.709243756,3307531.48718153
"RU",2079,27663.479989356,37844.3277187314,118054.330427829,266487.921746651,857655.70836048,3244498.80792724
"RU",2080,28054.5126871619,38316.813079026,118802.407389617,265231.541380149,843832.694382402,3179672.76448903
"RU",2081,28359.5610515458,38639.4222762275,118708.194733675,260553.268373697,813947.473924854,3047612.26422299
"RU",2082,28667.5566851688,38964.8286521925,118608.358385938,255804.078237698,783640.677810738,2913709.16010799
"RU",2083,28978.2059318429,39292.6206754703,118501.500668467,250980.353730849,752899.129560176,2777911.63856802
"RU",2084,29291.1423515611,39622.2923819605,118385.989026451,246078.189661448,721709.530380376,2640168.4542888
"RU",2085,29606.4345314057,39953.9297474975,118262.000397642,241097.615144476,690070.744352658,2500473.73417992
"RU",2086,29923.9916959163,40287.4034334629,118129.071400173,236037.341073893,657977.815408947,2358807.69490521
"RU",2087,30244.7811004194,40624.0064842083,117990.884863722,230904.257510698,625448.191931311,2215230.28596578
"RU",2088,30567.9929344909,40962.638602593,117844.09610817,225691.170103464,592459.901043747,2069659.89814229
"RU",2089,30893.5479641708,41303.1865239419,117688.295204569,220396.923840308,559008.46284934,1922078.60661698
"RU",2090,31221.1529739002,41645.2526531617,117522.282901474,215018.978112276,525086.253633357,1772458.27960054
"RU",2091,31551.0668298296,41989.1778040757,117346.967545958,209558.755212324,490695.764976542,1620805.66936869
"RU",2092,31882.9238426826,42334.4704308592,117160.917183482,204013.434208371,455829.284431961,1467093.35100661
"RU",2093,32216.6392212366,42681.0156072898,116963.785742809,198382.284369183,420484.627822669,1311313.27658668
"RU",2094,32553.6193119141,43030.6705028561,116760.590926472,192673.484981685,384677.667797779,1153512.09735442
"RU",2095,32892.4348761452,43381.5359003289,116546.059161097,186877.773187872,348387.364165831,993621.459905875
"RU",2096,33232.5660416969,43732.9262294047,116318.349655924,180992.202139087,311608.245690073,831625.809583979
"RU",2097,33575.0450167477,44086.1999581701,116081.077003509,175022.402908201,274350.039672304,667551.184585036
"RU",2098,33919.5658881154,44440.9504328969,115833.110290234,168966.381084603,236608.181760457,501382.694687821
"RU",2099,34265.8486891189,44796.8085077555,115573.458994361,162822.554061535,198379.748045787,333112.059297257
"RU",2100,34614.2350962378,45154.2191914515,115303.25083923,156592.410636009,159666.020565442,162739.630494869
"OA",2020,1744.4062684942,7095.15051241071,60654.7874529244,209560.501425158,704090.897503332,3959409.54137612
"OA",2021,1817.06923273794,7072.87971250788,61206.3051956944,212649.072004705,716830.516374822,4042701.48997482
"OA",2022,1925.01803364539,6692.0390426389,61098.9031674195,216084.602936338,738394.904089889,4473853.65746079
"OA",2023,1971.98294685956,7075.61520169362,65350.5733655493,226248.518501537,777822.065058929,4638152.91552088
"OA",2024,2091.81867591192,7536.18152633461,70037.2685207471,238299.348828114,890213.968094015,5045956.11677038
"OA",2025,2107.24180452825,7591.74633139879,70553.6583076682,240056.346960163,896777.579311407,5083160.31189373
"OA",2026,2387.95686191222,7982.99858110927,71817.5112185816,242519.150551605,902662.616508718,5110732.20002289
"OA",2027,2677.36157145666,8362.60965892769,72808.8733281938,243927.552495431,904379.111521269,5114275.00157818
"OA",2028,2974.51716353259,8731.2594128164,73549.6026069337,244367.960106719,902271.573036342,5095779.38046405
"OA",2029,3279.84323453952,9093.08644830548,74088.210917616,244013.217394868,896999.738638582,5059009.40683035
"OA",2030,3594.17359974607,9452.33349072879,74468.866971038,243017.277488934,889145.353395047,5007274.1164575
"OA",2031,3903.69998557752,9775.67352994317,74444.665237925,240588.708536848,875839.657748416,4924465.87596199
"OA",2032,4222.35795352154,10102.0473414306,74334.4048382374,237778.833626842,860949.848169095,4832399.81294522
"OA",2033,4550.35047595304,10432.1613752356,74144.556276598,234609.594944926,844557.761419309,4731539.56732347
"OA",2034,4887.64107284531,10766.0733155209,73876.3791206278,231085.838496895,826682.511784221,4621995.24826027
"OA",2035,5233.98025111766,11103.3744722743,73527.9504203802,227202.47394356,807307.703929153,4503678.49656541
"OA",2036,5598.48636542782,11462.8885851145,73220.5451985692,223330.570876452,787744.546272122,4383890.68484461
"OA",2037,5966.65947214401,11814.1868947178,72754.8137788975,218856.476553896,765817.22632143,4250502.27306957
"OA",2038,6352.39841719837,12185.1884249578,72305.4650157221,214308.984358737,743382.707708552,4113832.27451521
"OA",2039,6753.02938769973,12569.6013625459,71826.8082689885,209542.533863264,719915.084178258,3970930.89669255
"OA",2040,7169.27433543837,12968.0403644035,71316.9567756209,204544.819588287,695357.766365981,3821458.84249
"OA",2041,7601.91332435142,13381.1846267809,70774.0695241998,199303.262590515,669652.369042992,3665065.2840561
"OA",2042,8051.62971786521,13809.5060059706,70194.9181827022,193800.981552817,642725.188702196,3501313.88176748
"OA",2043,8519.207569523,14253.6267490212,69576.8596248877,188022.457021875,614506.473936701,3329788.71590911
"OA",2044,9005.4900861282,14714.2349089242,68917.298743592,181951.896433943,584924.665514827,3150062.2450501
"OA",2045,9511.21477204354,15191.8151667423,68212.4292406037,175569.911984016,553895.722167604,2961637.83215658
"OA",2046,10037.1068394659,15686.8183907385,67458.1706427362,168856.21402724,521332.289615509,2764000.15893549
"OA",2047,10583.9828678753,16199.8244971191,66650.8761776991,161791.39557535,487149.240971834,2556644.66518193
"OA",2048,11152.6632478752,16731.3988073114,65786.655073557,154355.135507118,451257.882986704,2339046.31134689
"OA",2049,11743.8172664474,17281.8664397239,64860.5479315863,146524.378071676,413560.932947846,2110634.20894445
"OA",2050,12358.0721854544,17851.4927946705,63867.3911268819,138275.644327747,373960.017429076,1870832.14257077
"OA",2051,12653.6970494018,18243.9656892996,64941.7582090276,139938.176704339,376574.820836383,1879377.69335255
"OA",2052,12956.8934704074,18645.9234051148,66036.2006748499,141616.29023062,379152.699417088,1887547.91592344
"OA",2053,13267.8387135957,19057.5713886852,67150.9705949533,143309.558955768,381689.745921911,1895316.62094026
"OA",2054,13586.5133252849,19478.8317127845,68285.3137555113,145015.393457597,384176.245131277,1902628.66693094
"OA",2055,13913.034582079,19909.822893212,69439.1685799793,146732.683425367,386606.423947032,1909448.49392625
"OA",2056,14247.5966433166,20350.7725790233,70612.8455668271,148461.087143454,388976.483089518,1915750.16382313
"OA",2057,14590.2724579977,20801.7341212507,71806.0391922807,150198.94440182,391279.100630138,1921490.21959429
"OA",2058,14941.1658925678,21262.8046776542,73018.5925101538,151944.900269729,393507.733757856,1926628.98986003
"OA",2059,15300.6254238847,21734.4283613903,74251.5289139561,153700.032643486,395662.071323106,1931157.14027257
"OA",2060,15668.6450337395,22216.5436042992,75504.1236281945,155461.757308774,397732.246233603,1935018.36949535
"OA",2061,16045.3918718686,22709.3345837286,76776.4891077028,157229.218238799,399712.825731632,1938177.98280458
"OA",2062,16431.0288476311,23212.9783578714,78068.7028543673,159001.464653219,401598.066703759,1940599.60242168
"OA",2063,16825.9370863278,23727.9586438074,79381.8578438605,160779.580015528,403387.261672131,1942270.91951707
"OA",2064,17230.0684987888,24254.1516996111,80714.9934899565,162560.44266842,405069.013771384,1943127.79576583
"OA",2065,17643.7184606494,24791.9175077637,82068.761347332,164344.182925136,406640.044990271,1943145.07997546
"OA",2066,18067.0405702453,25341.4148348097,83443.127278975,166129.515355835,408093.44361732,1942279.91278808
"OA",2067,18500.3812753956,25903.0715560311,84838.9296167901,167916.861736199,409426.399702781,1940508.71272316
"OA",2068,18943.8082419688,26476.9230968588,86255.700484495,169704.012740405,410629.545911703,1937776.43921493
"OA",2069,19397.706806154,27063.4480743389,87694.4079114603,171491.566640894,411700.253863218,1934059.70612787
"OA",2070,19862.3810993512,27663.0088723396,89155.6142771609,173279.263979196,412633.63366453,1929323.95378617
"OA",2071,20337.7653615164,28275.4513164094,90638.2033007476,175063.551820096,413416.854992464,1923497.22873921
"OA",2072,20824.2308602996,28901.2290898894,92143.0098065208,176844.651515456,414046.019082771,1916549.18428295
"OA",2073,21321.8635257342,29540.3976384924,93669.5768355058,178620.255230467,414511.145838501,1908420.87938827
"OA",2074,21831.1730529969,30193.5983600692,95219.2939455097,180391.550232533,414810.282113868,1899090.09367219
"OA",2075,22352.3133369271,30860.9772300492,96791.9551039507,182156.625155297,414934.103789832,1888500.16432334
"OA",2076,22885.5634459489,31542.8520033153,98387.8826340776,183914.539072353,414875.419365715,1876603.91167956
"OA",2077,23431.2431518758,32239.5945209904,100007.547417225,185664.58226078,414627.40619812,1863355.38321338
"OA",2078,23989.5742515265,32951.4397729463,101650.975333985,187405.171311512,414181.133317757,1848698.69252827
"OA",2079,24560.5713405886,33678.3372984673,103317.303211055,189133.063966817,413523.937707104,1832561.10095046
"OA",2080,25144.6663005782,34420.8084796744,105007.41859296,190848.214479785,412650.117221021,1814900.63381025
"OA",2081,25548.7799713096,34885.4949785765,105533.883361032,189702.341313269,403069.970276993,1751348.91646839
"OA",2082,25959.737046506,35357.415599071,106060.93220714,188506.834931591,393211.269618091,1686055.73460659
"OA",2083,26378.059521776,35837.2342567944,106590.08056885,187263.246315174,383073.30428269,1619005.70546531
"OA",2084,26803.6258669371,36324.7363994254,107120.188729028,185968.359249312,372645.25325649,1550139.57629173
"OA",2085,27236.3851566086,36819.8053358013,107650.427692728,184619.550982102,361917.675760593,1479404.45748543
"OA",2086,27676.1196041075,37322.100782828,108179.334947828,183213.162019863,350879.276679583,1406740.47161572
"OA",2087,28123.1417210138,37831.9994320883,108707.545076444,181749.131505175,339525.823112653,1332116.63479242
"OA",2088,28577.4576464768,38349.4634182684,109234.476701824,180225.3035834,327848.940743757,1255484.91958877
"OA",2089,29039.0232436675,38874.3882037419,109759.366707802,178639.243195117,315839.824175213,1176795.92309965
"OA",2090,29507.7957905836,39406.6724092823,110281.473913476,176988.58416986,303489.914991826,1096001.6242877
"OA",2091,29984.1884106342,39946.8231881304,110801.757732408,175273.683381466,290795.30035757,1013070.68855544
"OA",2092,30467.9340785726,40494.439125345,111318.632300882,173490.80613655,277745.025816029,927946.254236986
"OA",2093,30959.2118580439,41049.7143651431,111832.176623192,171638.88494111,264332.692436693,840587.842591328
"OA",2094,31458.2731002022,41612.9370864292,112342.707033174,169717.166745768,250552.186327116,750955.037904202
"OA",2095,31965.1283298369,42184.0751961987,112849.657435384,167723.517975657,236395.162787997,658999.887054045
"OA",2096,32479.5602768238,42762.7972465858,113351.674108965,165654.669961549,221851.823993044,564671.064697384
"OA",2097,33001.6009010613,43349.1025046483,113848.306939709,163508.747846545,206914.546522359,467924.278145397
"OA",2098,33531.2621471593,43942.9642561608,114339.040828152,161283.792348911,191575.638192173,368715.275357923
"OA",2099,34068.6877257759,44544.5285556227,114823.811146125,158978.482181168,175828.175827365,267001.345774658
"OA",2100,34614.2350962377,45154.2191914514,115303.25083923,156592.410636009,159666.020565442,162739.630494869
"CN",2020,1630.96762420211,8328.50799792779,64811.3201666453,181982.077230092,1089294.74273364,14872118.718531
"CN",2021,1735.97089583862,8947.08931291253,69921.8709338739,197006.288864843,1184276.29102873,16589458.0267511
"CN",2022,1758.22338545872,9063.72156616293,71871.886023649,204442.88349293,1223559.07459011,17165731.9358298
"CN",2023,1863.56268762011,9732.1192178211,77584.2065041917,220827.217224136,1321685.43622453,18541315.4601682
"CN",2024,1911.82946930925,10035.0092650773,80204.2978911159,228245.064772681,1366194.90710429,19167198.7472009
"CN",2025,2025.1850905976,10630.0020341176,84959.7471418947,241778.102911619,1447198.92706625,20303654.5646391
"CN",2026,2315.894693986,10780.0002469519,83683.6688800574,236417.977410073,1407278.40749289,19722650.5879923
"CN",2027,2606.21296148318,10921.0428392016,82323.5990620786,230810.158111887,1365835.97101788,19120189.6863907
"CN",2028,2898.43360915829,11064.4838274999,80969.0510720352,225208.520618121,1324387.3237052,18517526.2142512
"CN",2029,3191.97642737503,11207.8461520739,79601.2495612739,219560.348251761,1282620.15944817,17910287.2829673
"CN",2030,3486.98423781824,11351.7448757187,78224.868284284,213878.772462165,1240612.31189448,17299562.821403
"CN",2031,3772.81372053795,11463.8513719883,76623.8600449717,207578.538660442,1194994.71154243,16638444.1690109
"CN",2032,4058.8049364649,11576.7621959931,75029.2001393404,201296.314893357,1149484.65894765,15978833.6925557
"CN",2033,4345.17949366218,11690.9272560874,73443.2013963764,195037.786833943,1104112.12390128,15321141.0043188
"CN",2034,4632.0563258409,11806.445377402,71865.7085179795,188801.852373824,1058867.51681184,14665223.5713947
"CN",2035,4919.51934800946,11923.3185842969,70295.9490393435,182585.762390735,1013731.88521305,14010808.8271034
"CN",2036,5207.57521689628,12041.3772187924,68732.1989538422,176384.353659684,968673.158530301,13357443.7204678
"CN",2037,5502.08738600159,12173.4458436742,67244.6663030691,170374.86918719,924650.002193787,12718304.8274879
"CN",2038,5800.37644422575,12312.1372188189,65786.3187955066,164431.853196439,880949.510222438,12083491.9314633
"CN",2039,6102.8426990706,12457.5441097703,64354.2852043797,158544.611431076,837496.231355465,11451915.9221552
"CN",2040,6410.00597734281,12610.0066145776,62946.9875428433,152705.652490267,794231.72108323,10822720.5058076
"CN",2041,6722.32732379683,12769.7304063266,61562.0866332527,146905.537536237,751086.869926863,10194902.4123168
"CN",2042,7040.12742980094,12936.6597855608,60196.0092946001,141131.913204276,707977.830376648,9567258.83459937
"CN",2043,7363.82962001378,13110.9510713814,58846.2892492674,135375.165698624,664835.292289929,8938785.94876713
"CN",2044,7693.90335552302,13292.8423287499,57510.8250122457,129626.517800219,621594.039284229,8308534.92408789
"CN",2045,8030.57970634675,13482.1640432337,56185.7751784802,123873.300857971,578170.36771715,7675310.39745933
"CN",2046,8374.23086950173,13679.0144570529,54868.5875503627,118105.920766477,534496.283027085,7038130.20157404
"CN",2047,8725.10292183835,13883.2981135314,53556.0041505057,112313.363271082,490497.957372471,6395937.4553999
"CN",2048,9083.6347611159,14095.2444972012,52246.1280455742,106487.624038584,446115.665441626,5747862.67612235
"CN",2049,9449.77972937874,14314.3407001096,50934.3777682615,100615.328431438,401267.824884355,5092757.21653219
"CN",2050,9824.1755577304,14541.1482738641,49620.2304335825,94691.4883485081,355908.711531186,4429937.19786145
"CN",2051,10143.2342040387,14978.0508023794,50885.6344233523,96737.4127569639,361104.794558469,4484003.32885814
"CN",2052,10469.4470191893,15423.5036541075,52167.2101537851,98792.9220174512,366193.0684533,4536115.69095341
"CN",2053,10803.2729340024,15878.1266479609,53466.6933948676,100860.708027693,371179.456090992,4586330.15960689
"CN",2054,11144.7639142866,16341.9372810406,54783.7648278613,102939.541359489,376055.144638264,4634519.21026982
"CN",2055,11494.0107700698,16815.0099194889,56118.2952020492,105028.548765444,380812.615858253,4680571.24420607
"CN",2056,11851.4479822239,17297.9200556089,57471.8171210961,107129.949520583,385455.442157081,4724510.43885633
"CN",2057,12217.4272929637,17791.117611905,58845.4148875467,109245.074993584,389983.639590299,4766315.77447655
"CN",2058,12592.1000421366,18294.7574491811,60239.1758969753,111373.370428491,394390.245174825,4805879.83307093
"CN",2059,12975.5815022476,18808.9409602113,61653.0045589922,113513.931003129,398666.974284652,4843078.72136037
"CN",2060,13368.5771005999,19334.6223704229,63089.5835851092,115670.938006882,402823.200198369,4878002.12513686
"CN",2061,13771.178326853,19871.8615896884,64548.63576348,117843.074480656,406848.646120543,4910499.4699038
"CN",2062,14183.9606273918,20421.4150166036,66032.1340597443,120033.110551855,410746.997753873,4940588.01741912
"CN",2063,14607.0443108755,20983.3786961187,67539.8829728621,122239.817142495,414507.848571138,4968113.62137254
"CN",2064,15040.9401472879,21558.4077344523,69073.4743374382,124465.179013815,418131.539982262,4993050.24833473
"CN",2065,15485.9946747298,22146.9168002093,70633.6964124547,126709.675081761,421612.940347648,5015304.53756713
"CN",2066,15942.3203717078,22748.983172079,72220.2438810556,128971.791814308,424940.067701393,5034700.57974857
"CN",2067,16410.3548266306,23365.1466263851,73834.2703043449,131252.60444272,428109.35027673,5051161.53068938
"CN",2068,16890.5424839522,23995.9522182454,75476.9161976815,133553.112491841,431116.588253294,5064601.26763025
"CN",2069,17383.1928875169,24641.7492941402,77148.6795196272,135873.130635728,433953.407997357,5074882.90641385
"CN",2070,17888.1596722567,25302.2395902361,78848.021815885,138208.87123747,436599.814952862,5081733.081802
"CN",2071,18406.2946416386,25978.5365586333,80577.8028054339,140564.254066512,439060.147883526,5085161.58010212
"CN",2072,18937.566585941,26670.5007319572,82336.9516012836,142936.262189241,441316.487168728,5084917.36627411
"CN",2073,19482.1771180289,27378.3213594828,84125.4176497556,145323.659947393,443356.487090498,5080814.01294553
"CN",2074,20040.4346191193,28102.3361059477,85943.595507988,147725.96074604,445169.938947339,5072688.80576412
"CN",2075,20612.5125193584,28842.6912356702,87791.279835429,150141.620284128,446743.247314397,5060339.38113381
"CN",2076,21198.9461995768,29600.0374864804,89669.7873309205,152571.672554869,448070.301993479,5043647.16008885
"CN",2077,21799.8913398288,30374.4913499345,91578.7887304907,155014.300245763,449136.234488797,5022392.88288163
"CN",2078,22415.5399400649,31166.2191734716,93518.1000043519,157467.92247293,449926.78962889,4996363.75247816
"CN",2079,23046.1547211436,31975.4843676191,95487.8197745257,159931.418291988,450428.903850695,4965359.51861451
"CN",2080,23692.1512826702,32802.7601424936,97488.6574462492,162404.660332662,450632.085273881,4929206.99377674
"CN",2081,24143.2794490886,33322.6473238326,98319.6438015935,162447.631632647,440363.50763922,4757025.16871703
"CN",2082,24602.9158464667,33851.2640581768,99155.7723613873,162460.095617835,429707.68314774,4578863.75921694
"CN",2083,25071.3375431017,34388.9206343226,99997.4652809218,162441.816334483,418656.683552387,4394594.12900016
"CN",2084,25548.6153630791,34935.6418508894,100844.296681243,162391.145915902,407198.669195552,4204044.89336623
"CN",2085,26035.1012688979,35491.8358249292,101696.939459106,162308.190977522,395326.080494741,4007088.09557625
"CN",2086,26531.2867823428,36058.0957371822,102556.56085611,162193.777108219,383032.543197265,3803604.07898654
"CN",2087,27037.3877910421,36634.6344873909,103423.207109727,162046.87967483,370306.682655219,3593419.25981136
"CN",2088,27553.607300662,37221.6454111631,104296.854526248,161866.33540608,357136.568068998,3376352.98276841
"CN",2089,28080.5450216465,37819.8542322878,105178.946638087,161653.20921867,343514.778239419,3152264.27951352
"CN",2090,28618.114105432,38429.056514057,106068.30174543,161404.454119561,329424.506951553,2920921.19054521
"CN",2091,29166.3702111622,39049.2414806044,106964.288832246,161117.89377583,314851.002084162,2682112.14022653
"CN",2092,29725.8616008326,39681.0564880318,107868.069868313,160794.032658087,299784.579547306,2435667.32908533
"CN",2093,30296.4363847519,40324.2098358487,108778.222823275,160429.459127109,284207.697921285,2181348.34952205
"CN",2094,30878.5394344328,40979.2056411404,109695.483347522,160023.966294543,268108.690283606,1918963.66118492
"CN",2095,31471.910445226,41645.6094753516,110618.05553286,159573.61417666,251469.280963756,1648271.04175865
"CN",2096,32076.730172557,42323.5743261908,111545.730707047,159076.809130736,234275.398493194,1369060.96622488
"CN",2097,32693.1172818278,43013.170164745,112478.07358922,158531.617792276,216512.321351781,1081118.4850757
"CN",2098,33321.5406846033,43714.9260864026,113415.837422806,157937.756186167,198167.344771326,784235.957553858
"CN",2099,33961.8877953129,44428.6049032468,114357.762830638,157292.084843467,179223.691900265,478183.393194278
"CN",2100,34614.2350962377,45154.2191914514,115303.25083923,156592.410636009,159666.020565442,162739.630494869
"JP",2020,6315.60742166084,23770.7538351774,178773.365729,361421.119813447,484929.384965005,564334.803816681
"JP",2021,6719.49803130718,24536.9482806695,183214.060369807,370160.570115314,496517.121231876,577756.077283436
"JP",2022,6920.22768333434,25585.1806178374,192353.953320413,388695.829171958,521292.341556328,606552.578069456
"JP",2023,7312.67297581728,27286.9986386374,204706.700653603,413646.491997524,554743.029926591,645474.942265787
"JP",2024,7302.56138213977,27370.2485677917,208092.022026555,420857.319539157,564496.997807662,656857.431851827
"JP",2025,7411.12994608391,27777.1672400629,211185.765552616,427114.28506354,572889.48164938,666623.055769293
"JP",2026,7895.11926765146,27883.5016043422,207390.9864456,417892.896029823,559503.813803298,650581.906906085
"JP",2027,8400.0566647547,28050.3756583756,204008.029796212,409488.121421739,547202.768418945,635797.943080602
"JP",2028,8907.87137179616,28211.2068779866,200533.771078083,400883.452255876,534623.582679897,620685.74508605
"JP",2029,9422.42543006203,28378.5463042265,197058.44762112,392259.647167934,522007.562766608,605525.576185573
"JP",2030,9945.64637658541,28557.045930665,193610.493450567,383671.88292413,509427.185390845,590401.070343462
"JP",2031,10598.3072784204,29076.5861141582,192366.97068836,379411.974994281,502565.951985118,581892.177086208
"JP",2032,11269.453362576,29602.2057936689,190999.297186288,374843.735117833,495253.511624567,572841.028067848
"JP",2033,11960.4027012657,30136.5700248541,189521.602127923,369993.678434004,487524.074196629,563286.810420737
"JP",2034,12672.1418691156,30681.1261279061,187938.823090218,364869.752842503,479386.960030036,553239.756141141
"JP",2035,13407.2896236235,31240.9096262496,186276.360301571,359519.000374536,470902.420218003,542768.671767211
"JP",2036,13981.9703156527,31401.392069228,182122.946686479,349313.475012206,456026.541395559,524915.612767088
"JP",2037,14579.1568255097,31601.0208096015,178145.298184782,339422.484681176,441545.626885751,507509.820639071
"JP",2038,15183.9073540216,31804.567204508,174131.574422069,329436.405557779,426922.618878593,489932.027913799
"JP",2039,15800.0698411817,32019.4718669995,170119.525633339,319425.262794164,412247.284440847,472284.786298445
"JP",2040,16428.5629598368,32246.491086574,166107.658868066,309383.603460613,397510.709360151,454556.990830674
"JP",2041,17069.7177909203,32485.173720905,162087.983062986,299293.733515772,382688.152886301,436719.39167157
"JP",2042,17724.1115483476,32735.5794332513,158055.28092789,289143.195879681,367761.653427819,418750.51511625
"JP",2043,18392.8702979916,32998.7485308049,154008.889117192,278927.768692333,352723.654228338,400640.701324455
"JP",2044,19076.7406600682,33274.9465749305,149943.999222751,268635.433244682,337556.526170699,382368.746540018
"JP",2045,19775.9325122471,33563.5023612549,145851.57842558,258246.600709822,322233.126507518,363902.669750894
"JP",2046,20490.9834839,33864.3596387767,141725.615628628,247747.237956333,306733.399010847,345218.568744151
"JP",2047,21222.6252962744,34177.7830812867,137561.44381095,237125.661995845,291040.197594215,326295.816801852
"JP",2048,21972.0470197734,34504.7317717813,133356.926592593,226374.384384926,275141.395018335,307119.349309571
"JP",2049,22738.9329894243,34843.7685725609,129100.452900021,215469.692161752,259005.033750023,287651.910763146
"JP",2050,23523.9162406833,35195.0141724982,124786.869934793,204399.124460398,242613.058862773,267871.878465092
"JP",2051,23728.9950035089,35414.7532352775,124977.885199215,204288.313407031,242137.531714678,267168.95951623
"JP",2052,23935.6863170877,35635.8304971003,125166.389873789,204168.162930354,241646.675124846,266446.920586032
"JP",2053,24143.4204731971,35857.3902739885,125349.327625437,204033.650637487,241134.51460416,265699.158386348
"JP",2054,24352.045299731,36079.2038238641,125525.880193058,203883.431014466,240599.448851632,264923.902713264
"JP",2055,24561.5589750638,36301.2668405676,125696.021634133,203717.453877192,240041.41205678,264121.077675809
"JP",2056,24771.7047476919,36523.1991935918,125858.431209788,203533.575359309,239457.875361741,263287.899313563
"JP",2057,24982.6655574736,36745.2711370076,126014.043836973,203333.310061048,238850.622908264,262426.33047285
"JP",2058,25194.3056089855,36967.2826439932,126162.171520102,203115.546340765,238218.347635393,261534.934430043
"JP",2059,25406.379078455,37188.8745553861,126301.599087475,202878.33573616,237558.770878582,260611.21290686
"JP",2060,25619.2589998668,37410.5948440866,126434.200967267,202624.699214772,236875.438354904,259659.060064094
"JP",2061,25833.2706454132,37632.9166640718,126561.563616402,202357.169700925,236171.303219889,258681.708943902
"JP",2062,26047.6639915813,37854.7459421971,126679.997427815,202069.840211947,235439.464995882,257671.597975244
"JP",2063,26263.26322433,38077.281353598,126793.519967582,201769.124003573,234687.399981547,256636.911518585
"JP",2064,26480.1125488543,38300.5820389236,126902.293677957,201455.253115353,233915.35596171,255577.908865155
"JP",2065,26697.6212786061,38523.7904524074,127003.455001332,201123.664559904,233118.020366376,254488.777866463
"JP",2066,26916.4449843942,38747.8512108569,127100.108652178,200779.267661564,232301.077333406,253375.720487682
"JP",2067,27137.1679322187,38973.5976268535,127194.933491819,200426.251714458,231469.338096577,252243.96546874
"JP",2068,27359.8077264973,39201.0432737528,127287.891443339,200064.492244135,230622.604486359,251093.267934008
"JP",2069,27583.9389875422,39429.568382181,127376.897546255,199690.655154417,229756.984869328,249919.365110012
"JP",2070,27810.1850541787,39660.0545563821,127464.733229791,199309.048281857,228877.391025124,248727.5759841
"JP",2071,28039.2946541673,39893.5535805077,127554.665680593,198924.690379798,227989.509754445,247524.039672872
"JP",2072,28271.2601519274,40130.0338270178,127646.446327646,198537.075998558,227092.661304277,246307.96438516
"JP",2073,28505.6645397277,40368.8842271734,127737.995229769,198142.860654479,226182.926602846,245075.049239618
"JP",2074,28743.8374312279,40611.9671644484,127835.058673201,197750.839288221,225270.243601455,243836.00763398
"JP",2075,28984.753531428,40857.8082758281,127932.811782623,197353.398879459,224345.811469252,242581.244247816
"JP",2076,29228.9169755503,41107.0977560947,128033.26910613,196953.527563662,223412.923951351,241314.264892371
"JP",2077,29476.1326949892,41359.5383725343,128135.340427795,196549.413392261,222469.409077756,240032.660474669
"JP",2078,29726.8030458168,41615.6719814782,128240.540936462,196143.245712217,221517.628017649,238738.915180144
"JP",2079,29980.3118619644,41874.6128826028,128345.974551497,195730.456751502,220552.30188943,237427.274413248
"JP",2080,30236.5603880702,42136.2045015082,128451.026545963,195309.996671863,219572.149729176,236096.305825478
"JP",2081,30444.9627491316,42282.0009012795,127846.966779321,193512.929440034,216783.388078302,232678.12565131
"JP",2082,30654.9573682197,42429.0422394413,127239.641003533,191704.979401019,213977.216595913,229238.400033959
"JP",2083,30866.4290636223,42577.1573103169,126628.449771313,189885.170127388,211152.48073622,225775.856517904
"JP",2084,31079.4051632713,42726.3731378521,126013.39528719,188053.437787453,208309.049976359,222290.322675997
"JP",2085,31293.7705930673,42876.5212781783,125393.905459024,186208.86341444,205445.848247236,218780.618012147
"JP",2086,31509.2330751255,43027.1935686751,124768.729791727,184349.540414101,202560.727549438,215244.43038677
"JP",2087,31726.2587853076,43179.0195429186,124139.641628579,182478.043009628,199656.475049888,211684.698389902
"JP",2088,31943.973498182,43330.8021615664,123503.145810418,180589.185832919,196727.374087015,208095.336759202
"JP",2089,32162.9161527412,43483.2708058708,122861.308815011,178685.979393216,193776.694067023,204479.798114627
"JP",2090,32382.185615234,43635.2047190073,122210.663090726,176763.364017958,190798.932861868,200832.267849572
"JP",2091,32602.6185475574,43787.7331970918,121554.38565885,174825.947811402,187799.076349873,197158.000782392
"JP",2092,32823.3195449098,43939.6520585344,120889.121786277,172868.894836507,184771.9195836,193451.526775874
"JP",2093,33044.787212454,44091.6328837638,120216.750193342,170894.920436094,181720.39166877,189715.927916931
"JP",2094,33267.0559278412,44243.7211042348,119537.391428661,168904.192865279,178644.66860781,185951.386271692
"JP",2095,33490.3084447754,44396.158255577,118851.686534087,166897.606996473,175545.686612386,182158.870385664
"JP",2096,33713.4932652377,44547.5518637843,118155.918700751,164869.95393906,172417.97677375,178332.711095377
"JP",2097,33937.7330270784,44699.3909537938,117454.080321176,162826.845898414,169267.447675499,174479.042825223
"JP",2098,34162.7992468422,44851.3715756948,116745.349600834,160767.121140794,166092.870067995,170596.585746288
"JP",2099,34388.2381947676,45002.8988978003,116028.184826703,158688.663085684,162892.063506927,166683.104004651
"JP",2100,34614.2350962377,45154.2191914514,115303.25083923,156592.410636009,159666.020565442,162739.630494869
"KR",2020,6983.149902014,21881.5578705599,148688.075235229,536283.491149634,1017948.88385923,1478557.99924843
"KR",2021,8434.85120771006,22395.9067218398,138024.441192844,588292.959450574,1947507.5298736,6956253.07459043
"KR",2022,9076.67429735635,23650.5192542118,131402.12960174,437506.090086545,1994693.1941454,37179020.5371066
"KR",2023,9377.30260769987,24150.2473413132,130946.628704801,435457.254557487,1984660.41508906,36984507.1198352
"KR",2024,9546.47691011626,24694.6905093592,135818.183166429,451851.085566389,2059534.49236382,38383306.7885844
"KR",2025,9808.67293422144,25372.9354502966,139548.458530075,464261.271987892,2116100.04638858,39437512.4947033
"KR",2026,10316.6784198722,25724.4894702597,138596.841996037,456172.43297627,2067215.29022186,38465451.204114
"KR",2027,10858.865904166,26145.1674699343,137967.557882425,449057.259235797,2022527.59538937,37570387.0748829
"KR",2028,11414.2722933812,26579.5782343949,137352.4708665,441884.666688301,1977322.75397654,36664388.1774145
"KR",2029,11986.5417645136,27034.9509052431,136784.753514263,434753.777169741,1932025.12961064,35755224.0564293
"KR",2030,12576.8921154033,27512.359665767,136264.091149156,427652.926147043,1886555.63986747,34841289.2948568
"KR",2031,13202.4053051991,28046.4930996383,135952.795778431,421073.525250117,1843035.55868998,33961515.8421368
"KR",2032,13846.9900048772,28599.7113565976,135655.796707781,414386.978299848,1798649.49456532,33063686.1200792
"KR",2033,14512.7992789729,29175.1711678188,135383.223573657,407614.645274812,1753464.68634423,32148900.3403792
"KR",2034,15200.8852028235,29773.575723055,135132.894208782,400738.943800383,1707375.79834835,31215067.4635389
"KR",2035,15914.8652395934,30400.490394928,134924.050795466,393804.495090711,1660538.87382632,30264855.3158901
"KR",2036,16473.5928516768,30716.4711948155,133276.879709434,382548.633631921,1595136.85863216,28974394.0096682
"KR",2037,17062.0242657846,31080.3066053051,131806.031376089,371731.145617492,1531371.14310206,27712591.4402912
"KR",2038,17664.3092120707,31460.6758128234,130368.260653657,360924.981694749,1467416.08381924,26446036.8026989
"KR",2039,18280.2943308577,31856.381456744,128954.582321951,350096.154181744,1403106.77026597,25171605.9370309
"KR",2040,18910.66662501,32267.7809578731,127562.706742665,339229.784660433,1338357.66389501,23887614.6967978
"KR",2041,19555.9509592548,32694.9500824009,126189.208132911,328307.91947384,1273070.92897903,22592158.4850929
"KR",2042,20217.3992948485,33139.1683846324,124835.252021946,317324.416940193,1207194.11674563,21284135.6678984
"KR",2043,20895.3006713699,33600.087017084,123495.633058439,306256.351290565,1140609.04322957,19961274.1713053
"KR",2044,21590.1439439609,34077.7162194014,122166.647865872,295084.986621435,1073214.65205217,18621611.1260851
"KR",2045,22302.6086036592,34572.3777605094,120845.762105569,283794.547466688,1004921.1134406,17263381.3827002
"KR",2046,23032.9471105789,35083.736589717,119528.171283844,272363.996174928,935620.202910035,15884505.3520813
"KR",2047,23781.6327098922,35611.826594631,118210.494000947,260775.995488901,865218.038386062,14483157.9294505
"KR",2048,24548.8102088738,36156.2103206822,116887.890305412,249010.290303595,793612.16019219,13057378.1223563
"KR",2049,25335.0971839,36717.1775074483,115558.03375753,237052.45212893,720720.477571742,11605553.1327292
"KR",2050,26140.5347959169,37294.190458822,114216.03625719,224882.924238177,646445.809634296,10125830.9870128
"KR",2051,26295.0735828799,37454.2444377675,114377.828392505,224195.223953233,640318.942144885,9996453.90304563
"KR",2052,26447.990812947,37611.5462137217,114528.807184937,223478.926156388,634079.733663464,9865074.54659939
"KR",2053,26600.07904291,37767.2350549789,114672.508151123,222741.134288333,627749.190408196,9732026.67917567
"KR",2054,26752.28152834,37922.6565411533,114813.051435312,221989.958198701,621350.614920075,9597675.22831542
"KR",2055,26904.2394040888,38077.3047792987,114948.920818822,221222.514033516,614876.135783115,9461900.26598149
"KR",2056,27055.5963179048,38230.6806378461,115078.638052306,220436.045593433,608318.466689211,9324592.78526853
"KR",2057,27205.8151549865,38382.0331185132,115199.98626419,219626.442701508,601666.842921582,9185592.6243517
"KR",2058,27355.7522310458,38532.5787035432,115316.662718749,218800.898288916,594941.583591355,9045215.18012427
"KR",2059,27505.7823580824,38682.8490191899,115430.27865234,217962.532956969,588151.445492521,8903595.89786723
"KR",2060,27657.025818096,38834.4190858247,115545.531240174,217120.20766992,581320.302422944,8761095.87103072
"KR",2061,27809.4378227205,38987.2206831023,115662.188065763,216273.392846567,574446.335234178,8617684.21539975
"KR",2062,27963.273813527,39141.60627648,115781.263536069,215423.886470448,567533.890398153,8473422.39661105
"KR",2063,28118.1922115091,39297.0917678393,115901.292599406,214568.857686741,560575.051939914,8328188.20357922
"KR",2064,28274.487524941,39454.0836781287,116023.446079954,213710.384471677,553574.855794683,8182052.97264196
"KR",2065,28433.206951514,39614.0346871516,116151.94825704,212856.095721913,546552.392808285,8035292.88587249
"KR",2066,28593.9145628257,39776.3253601895,116284.915633075,212002.324533959,539497.293561157,7887746.89810602
"KR",2067,28755.8019835731,39939.8228105254,116418.989567837,211142.797832166,532392.927107875,7739165.78698929
"KR",2068,28920.7021790003,40107.0641411547,116561.516464082,210290.681961542,525271.787312312,7590015.43332502
"KR",2069,29086.6743088341,40275.3454332748,116704.568857802,209431.451471508,518096.586576499,7439747.72889092
"KR",2070,29254.4830185517,40445.7198184118,116851.166750418,208570.423468188,510880.015045488,7288540.56628335
"KR",2071,29424.9113524155,40619.259406554,117004.348751907,207712.83061423,503634.020755383,7136556.1939997
"KR",2072,29597.5468857294,40795.3820413416,117162.365891101,206855.333263705,496349.432306052,6983654.40359373
"KR",2073,29773.5560709732,40975.6820526068,117329.721433826,206005.635187292,489043.599128716,6830068.34927865
"KR",2074,29951.7716648801,41158.5372666308,117501.681648378,205155.133936832,481694.753574932,6675480.90006198
"KR",2075,30133.0759288726,41345.1474441652,117681.600539244,204309.45167404,474315.008620107,6520049.20280634
"KR",2076,30317.0524346916,41534.9259128342,117867.721803409,203465.254231091,466895.290740694,6363635.24331351
"KR",2077,30503.8375753314,41728.0457992368,118060.45900989,202622.998468976,459435.439125912,6206224.63648267
"KR",2078,30693.5605740007,41924.6694291138,118260.189541406,201783.060477043,451935.021502869,6047798.42889962
"KR",2079,30886.6944720977,42125.4271127281,118468.60154889,200948.02187947,444398.397908704,5888400.27456068
"KR",2080,31082.2874772836,42329.0050444291,118681.911071036,200111.166716594,436809.291460592,5727799.59549352
"KR",2081,31230.9861517805,42436.7627839404,118444.609259929,197905.525143436,423299.409643982,5458469.25336481
"KR",2082,31381.9322902557,42547.2465873365,118213.045649229,195703.18221316,409766.018682813,5188505.09365367
"KR",2083,31535.8404056895,42661.4057665394,117989.746763212,193507.945564282,396215.251429339,4917964.44048589
"KR",2084,31692.2661327889,42778.6170616172,117772.862016628,191316.349845292,382637.881828374,4646708.69815227
"KR",2085,31851.4314623929,42899.1602417792,117563.047459509,189129.0715802,369033.317437103,4374708.16301538
"KR",2086,32012.6350287481,43022.0717876772,117357.553904795,186941.315755706,355390.323048655,4101807.3632205
"KR",2087,32176.1014803119,43147.6384083519,117157.075766113,184753.886860133,341708.890293966,3827987.48457367
"KR",2088,32341.873482235,43275.9008669218,116961.628610741,182566.480703911,327986.763802158,3553202.08290937
"KR",2089,32510.9136636065,43408.1279517345,116774.529851543,180383.887484498,314230.530934577,3277496.52416177
"KR",2090,32682.2742660865,43543.0323507526,116592.189372875,178200.118274786,300427.429083531,3000706.74321266
"KR",2091,32856.7890583116,43681.7063354494,116417.423806165,176019.099270448,286582.065113438,2722851.13406032
"KR",2092,33034.8753021052,43824.6803553397,116251.505249876,173842.255169406,272694.080425016,2443888.22572348
"KR",2093,33216.6287712926,43972.0548378034,116094.544472015,171669.20102468,258759.881388301,2163741.70774962
"KR",2094,33402.5976566412,44124.5270845486,115948.21619072,169501.822167386,244779.063905574,1882358.37124425
"KR",2095,33592.720160824,44281.9845094646,115812.042881765,167338.771693583,230746.078892061,1599637.79432612
"KR",2096,33787.5741802297,44445.1570480078,115687.746235996,165181.865104716,216659.652095918,1315507.74942242
"KR",2097,33987.2710058178,44614.1561166438,115575.410085164,163030.478751009,202514.737984578,1029863.01972283
"KR",2098,34191.5011874665,44788.541173304,115473.690371143,160881.98200856,188303.839459277,742586.693911583
"KR",2099,34400.63910245,44968.7693610708,115383.568796571,158737.025903417,174023.54123884,453582.718583586
"KR",2100,34614.2350962377,45154.2191914514,115303.25083923,156592.410636009,159666.020565442,162739.630494869
"TW",2020,6221.29404863839,25376.8810668958,256189.288857136,876693.618022751,3958093.35726555,58273401.7209492
"TW",2021,6230.74699292661,26953.2040772999,273465.524065718,936025.337753631,4226336.51660653,62224278.77816
"TW",2022,6216.54284881046,27231.9374216795,281541.293704289,969912.20602083,4387584.19126602,64079892.1638182
"TW",2023,6451.7845339891,28939.8085552103,301126.032133779,1038084.34542206,4696151.80339441,68583922.8734453
"TW",2024,6741.53138550026,30185.5861124313,315546.978887752,1087979.83717827,4921840.71345474,71880748.2938998
"TW",2025,7000.16593717507,31343.6368704566,327652.737468437,1129719.48968883,5110663.99314414,74638407.3547221
"TW",2026,7874.15841300473,31626.5121192348,318818.609247716,1091295.21158894,4918700.8451507,71763193.9202999
"TW",2027,8701.3512022254,31777.8359726062,308862.620812701,1049173.97046358,4710402.92520266,68650960.5809213
"TW",2028,9515.97135257043,31942.7601188047,299275.811286078,1008478.97094476,4508906.2858202,65639436.5222123
"TW",2029,10321.227636318,32125.9778411698,290075.82208894,969249.81492105,4314341.74663009,62730341.2366044
"TW",2030,11117.9144787006,32324.2173825699,281206.272751088,931277.125340607,4125728.00320266,59909208.4553249
"TW",2031,11911.9054383349,32549.1783504918,272742.04885087,894787.071304075,3944015.26672491,57189627.1571899
"TW",2032,12699.187762408,32784.6896584357,264519.9387789,859220.85349485,3766684.59569808,54534845.0755063
"TW",2033,13481.5242072721,33032.3367312827,256536.030433572,824551.145407906,3593580.85730578,51942472.0163992
"TW",2034,14260.3893887973,33292.8784969192,248779.277791126,790727.040612097,3424444.56356306,49408602.8937483
"TW",2035,15039.5225715892,33572.1372081607,241275.076122796,757812.141271499,3259508.88058215,46936427.2995317
"TW",2036,15974.3565432616,34199.8778544327,236281.307363951,732788.040390477,3128527.851961,44953254.5293324
"TW",2037,16924.8775438375,34847.1998351475,231327.70383444,707791.286315629,2997417.4442395,42967191.7988785
"TW",2038,17888.007752746,35506.3681495513,226353.043981176,682624.056834826,2865312.94922187,40965729.9303845
"TW",2039,18868.7881323702,36186.3463097274,221406.832962662,657427.187605804,2732783.49932044,38956912.0480269
"TW",2040,19868.7566454504,36888.4854017743,216485.216938136,632175.24711146,2599686.3922248,36938544.7485074
"TW",2041,20888.4848869098,37612.3076252594,211573.337032802,606810.339951394,2465744.54494667,34906521.4080467
"TW",2042,21928.6895372146,38357.7170058374,206659.456037058,581284.746433333,2330725.56975925,32857382.8634796
"TW",2043,22991.3299869848,39126.8078949192,201743.775328207,555584.507917362,2194532.95174678,30789587.6657457
"TW",2044,24076.9031634528,39919.0933175103,196812.396171699,529655.752846207,2056909.43561144,28699325.1849436
"TW",2045,25186.3486340099,40734.9117867908,191856.293142669,503458.875265689,1917656.52354855,26583620.0727877
"TW",2046,26320.3786358892,41574.2662116679,186865.14848555,476951.310231855,1776565.74048203,24439364.7428385
"TW",2047,27479.9111360218,42437.5287536587,181830.71192649,450096.410457411,1633452.624441,22263791.4069556
"TW",2048,28665.5248580187,43324.5748548755,176742.860839894,422853.315691481,1488118.7619855,20053948.7122166
"TW",2049,29877.7618800913,44235.2810219593,171592.020096358,395183.415720956,1340376.74355524,17807049.2727252
"TW",2050,31117.0425447148,45169.3981133865,166368.663335951,367049.188678471,1190046.17858579,15520416.494461
"TW",2051,31153.8583688111,45132.0838631406,165322.016852583,362996.919291535,1170704.38312882,15233947.8747185
"TW",2052,31189.4032840788,45093.2956282874,164273.656733778,358947.992231288,1151398.77409868,14948091.0109914
"TW",2053,31223.6501086553,45053.0016970321,163223.543772057,354902.469757875,1132130.08277806,14662858.3606005
"TW",2054,31255.7783789598,45010.0282043968,162167.525853016,350851.520076191,1112870.84477363,14377898.1900901
"TW",2055,31286.8073326152,44965.8545550895,161111.05076883,346807.16006952,1093660.01318198,14093718.4760887
"TW",2056,31317.2494031813,44921.2215091588,160056.815974396,342775.281682676,1074516.47985702,13810564.4397617
"TW",2057,31346.9048881891,44875.8445210797,159003.826943448,338753.793352578,1055433.82867939,13528354.4169185
"TW",2058,31374.8924424411,44828.4673232704,157947.687893112,334733.440413307,1036383.6325002,13246726.3698232
"TW",2059,31402.0402587236,44780.2812292215,156892.677605927,330723.45375492,1017395.07542268,12966056.8084569
"TW",2060,31428.0305653718,44730.8372798292,155837.265864517,326720.693922872,998458.820644329,12686228.6072152
"TW",2061,31453.1079355518,44680.4887869791,154782.736864592,322727.961322878,979583.83076834,12407358.0105407
"TW",2062,31477.9090496307,44630.1422694442,153732.252345475,318751.891853155,960790.411892635,12129703.1806018
"TW",2063,31502.9014957905,44580.4580318454,152688.059567833,314797.089246233,942092.229449226,11853435.3862191
"TW",2064,31528.5952567946,44532.1512528775,151652.541126592,310868.327787695,923503.046205336,11578724.652608
"TW",2065,31554.7486951264,44484.8721193274,150624.418071468,306962.803995464,905013.837449515,11305453.6377729
"TW",2066,31581.6103928244,44438.9632889279,149604.770322896,303082.551196208,886629.952738455,11033685.2547172
"TW",2067,31610.0772340427,44395.6754106802,148597.690708208,299235.61451888,868373.971796574,10763694.6577614
"TW",2068,31639.4842444298,44354.0603372087,147599.858579339,295414.996773555,850224.379063489,10495207.7010482
"TW",2069,31670.4921061141,44315.0319711047,146614.187801949,291626.259632193,832196.120982537,10228402.2953802
"TW",2070,31703.9907446261,44279.8176754854,145644.553348997,287876.714349822,814308.49668168,9963505.83924905
"TW",2071,31739.3585252385,44247.5285874223,144687.816591797,284159.695648464,796540.818790396,9700253.62045133
"TW",2072,31776.4752106307,44217.9801818127,143743.197812877,280473.291429352,778886.205117642,9438552.11649052
"TW",2073,31816.2334774713,44192.3962881839,142814.483562021,276824.473293957,761362.339057525,9178604.81590247
"TW",2074,31859.5212724507,44171.9853430892,141905.318268783,273219.735518425,743984.773569447,8920584.20767147
"TW",2075,31905.3954522944,44155.4129929356,141011.134952677,269649.668912452,726725.374771062,8664136.45957542
"TW",2076,31955.7002931718,44145.2053329389,140139.724521277,266128.560924876,709620.140521764,8409674.10377667
"TW",2077,32009.7932109367,44140.4410962924,139287.809021461,262649.400600998,692647.126416484,8156915.28233787
"TW",2078,32067.9071897877,44141.4109929803,138455.983446251,259212.588532383,675804.385180329,7905816.69545094
"TW",2079,32130.0726845138,44148.1255128723,137643.948636973,255816.817090328,659085.372447558,7656280.28041921
"TW",2080,32197.4570232309,44162.1545546826,136856.238694764,252469.696617254,642506.246161469,7408469.79524189
"TW",2081,32274.7890013035,44150.9590429396,135578.254899539,247279.092923985,617238.953408857,7032395.66344329
"TW",2082,32356.3091714204,44145.9367306046,134323.94636962,242142.520928268,592153.242342017,6658724.99512464
"TW",2083,32442.546552801,44147.7566894678,133094.787135789,237061.334105522,567246.744348066,6287389.63175018
"TW",2084,32533.0491213803,44155.7498466912,131888.183461502,232029.56197457,542499.219072274,5918120.73194934
"TW",2085,32628.1119223591,44170.2657717405,130704.634283483,227046.793417929,517903.952954487,5550801.06149312
"TW",2086,32728.7784642212,44192.6614055816,129547.556513633,222117.535916251,493464.773017814,5185421.03548068
"TW",2087,32833.9480784249,44221.3923553958,128411.796129616,217231.442827116,469151.77899555,4821610.80610257
"TW",2088,32943.1465120697,44255.7718641816,127294.840356885,212383.002383889,444947.214592676,4459139.4266924
"TW",2089,33057.0215363518,44296.6239660135,126198.559492113,207574.10778437,420849.270513439,4097939.46665947
"TW",2090,33175.3035903943,44343.5385727623,125121.254805943,202800.650246364,396843.340597107,3737813.34886165
"TW",2091,33298.141916341,44396.668418107,124062.848630217,198061.231001819,372920.52154734,3378620.86485541
"TW",2092,33426.336127169,44457.030024442,123025.640482802,193358.153873885,349078.426630673,3020276.52538098
"TW",2093,33559.2566149191,44523.7340253727,122006.600786452,188685.206804247,325298.594614308,2662548.82484819
"TW",2094,33696.2956743142,44595.9291270992,121002.903095006,184036.746483745,301564.837439358,2305238.27120862
"TW",2095,33837.8246617225,44674.0652483541,120015.311525942,179412.746641699,277870.976788314,1948230.68095917
"TW",2096,33984.2762660943,44758.6689930005,119044.748969722,174813.294192055,254210.357477184,1591400.9972046
"TW",2097,34135.247854209,44849.1646753543,118089.182964954,170234.073583026,230569.587465576,1234577.87120224
"TW",2098,34290.2306897653,44944.8433666806,117146.298423414,165670.544753953,206935.966922722,877606.814542083
"TW",2099,34449.9975710341,45046.6789033783,116218.199954261,161124.509260088,183305.223525267,520376.328119014
"TW",2100,34614.2350962377,45154.2191914514,115303.25083923,156592.410636009,159666.020565442,162739.630494869
"OB",2020,856.230795043394,2286.22810958011,132692.275458617,547116.11680195,1411015.32242115,6378369.50503994
"OB",2021,838.934056526008,2253.7512761516,144039.430834068,592538.985457533,1512943.59221421,6708457.83627602
"OB",2022,849.064494750285,2280.79958709287,141436.277199817,580520.634679906,1482035.69932434,6750298.76065314
"OB",2023,898.397867936188,2410.80505151134,162233.581584536,642832.501068239,1657297.44309634,7945813.27929821
"OB",2024,663.15012638819,1815.55469017367,176058.885599941,698618.569659192,1783103.0045601,8807999.73481451
"OB",2025,675.720785274383,1849.97030406144,179396.253877038,711861.567558594,1816903.465025,8974963.97975719
"OB",2026,996.000325064893,2237.52780056085,174930.767560908,691174.050054624,1761735.0686763,8696274.91337204
"OB",2027,1311.06242985373,2614.28220978952,169716.826558669,667537.708426976,1699057.14956851,8380534.95436601
"OB",2028,1624.1982462828,2988.93115491911,164570.981349794,644190.796044993,1637133.27585356,8068559.7307761
"OB",2029,1935.37790091961,3361.31456730815,159470.982466286,621044.550028308,1575736.51693107,7759227.28507175
"OB",2030,2245.14029038969,3732.28760305969,154446.457469716,598212.773161781,1515154.33424393,7453949.76600424
"OB",2031,2563.03547116144,4117.07953824906,150036.101134224,577766.838463423,1460620.73713524,7178443.88902325
"OB",2032,2882.29373811412,4503.79616039578,145657.089280191,557434.319700626,1406367.8721146,6904301.9442006
"OB",2033,3203.1789185146,4892.7577779481,141305.937679637,537198.952667493,1352352.28288024,6631304.19828387
"OB",2034,3525.86414149838,5284.14814605855,136975.524153689,517030.715335283,1298495.93932375,6359061.5437484
"OB",2035,3850.24781138167,5677.75425027472,132650.789274829,496870.245533212,1244647.64486655,6086827.9361413
"OB",2036,4198.37887509126,6105.60364186364,129002.326285009,479206.628108578,1197023.26829172,5844950.38200531
"OB",2037,4553.46848094411,6542.39070321435,125351.483571866,461472.221335835,1149169.28883124,5601811.05649608
"OB",2038,4916.6497953223,6989.62012958925,121706.879477026,443691.532318421,1101140.52755985,5357660.6014194
"OB",2039,5287.00653904201,7445.87645278921,118025.18846015,425699.271815112,1052520.40041895,5110455.00700755
"OB",2040,5664.936730227,7911.65198539609,114302.815856688,407477.552232424,1003260.36249141,4859946.93860043
"OB",2041,6050.39316431417,8386.81930438249,110527.560883186,388977.970683359,953236.882551926,4605526.21146816
"OB",2042,6443.95052695492,8872.12195079665,106700.215629876,370198.636626726,902441.120869958,4347138.6899473
"OB",2043,6846.39998599413,9368.58983359871,102823.018943804,351141.542323716,850872.666039062,4084768.0069903
"OB",2044,7258.23977937148,9876.84012166007,98891.6344445681,331784.949983554,798472.422825748,3818112.82593837
"OB",2045,7679.4862853154,10396.8348079736,94895.2569966317,312085.481245776,745129.274679005,3546623.2187021
"OB",2046,8110.57363264204,10929.1088094838,90829.5887741478,292022.117044137,690786.411974723,3270010.31559376
"OB",2047,8551.5770690404,11473.7137533808,86686.3691122068,271561.141782193,635357.034616679,2987843.4019946
"OB",2048,9003.43107270154,12031.8557597369,82466.3503484532,250697.338014637,578821.284038485,2700007.32056442
"OB",2049,9467.07852739458,12604.7402322453,78168.1761890811,229416.977105509,521137.463537763,2406278.7406573
"OB",2050,9942.47451255362,13192.2520328085,73781.3555031712,207678.476822239,462199.479610005,2106133.69081512
"OB",2051,10227.4625539926,13565.7187896398,75041.6709982286,210212.109708519,466698.307719691,2123224.30145568
"OB",2052,10517.3283797602,13945.429483646,76296.4458474407,212680.625896883,470996.538730172,2139234.30916223
"OB",2053,10812.832845215,14332.3885932753,77550.3991390499,215096.208628803,475120.050400816,2154277.93379135
"OB",2054,11114.3511154334,14727.0882397188,78805.2778912792,217462.544984995,479075.665191881,2168382.12609954
"OB",2055,11421.9004400485,15129.5458566601,80060.2125056891,219776.00359925,482853.970543763,2181500.0149436
"OB",2056,11735.9731009405,15540.4079516007,81317.6341725879,222041.97793138,486465.33986402,2193673.99405173
"OB",2057,12056.8876415394,15960.0902695257,82578.6415858216,224262.059480935,489911.627450181,2204907.46516389
"OB",2058,12384.9516875996,16388.993644334,83844.1747069479,226437.300744519,493193.38435284,2215197.58136106
"OB",2059,12720.6941987101,16827.8112692321,85116.5746724667,228572.411919236,496318.980139656,2224576.16007803
"OB",2060,13064.5027267265,17277.0485277172,86397.1000182094,230669.016479648,499289.870374299,2233043.38064998
"OB",2061,13416.4886481059,17736.845142663,87685.1033987954,232723.54359903,502096.141940323,2240548.19084643
"OB",2062,13777.156157948,18207.8599082939,88982.4604955407,234739.059109713,504742.129032457,2247102.89598055
"OB",2063,14147.15013332,18690.9367535696,90291.8110685305,236720.447467765,507235.839918302,2252735.42648626
"OB",2064,14525.8511344435,19185.2487894716,91607.6474116924,238651.124853542,509539.151255976,2257268.42871171
"OB",2065,14913.6715377237,19691.3326367213,92931.1010742649,240531.988064016,511651.486215489,2260691.57917983
"OB",2066,15311.2490125618,20210.0217306839,94264.5882167064,242367.090335929,513578.776218659,2263022.66589794
"OB",2067,15718.6023893117,20741.332008268,95606.5935683677,244150.202883037,515304.951063605,2264181.8574573
"OB",2068,16136.4458645259,21286.1967880107,96959.7980153461,245885.764384181,516836.395579989,2264187.7983264
"OB",2069,16565.2127568728,21845.1779682527,98325.0294546026,247573.272255558,518168.806174168,2263011.35144363
"OB",2070,17004.9779888205,22418.3644070215,99700.9135604697,249206.567797578,519285.90138137,2260570.62428915
"OB",2071,17456.325235832,23006.515494844,101089.026368217,250786.818084884,520186.603115136,2256849.71085857
"OB",2072,17919.1560727427,23609.491142774,102486.90118472,252305.019835185,520848.557948138,2251739.82423332
"OB",2073,18393.9515770451,24227.9148638258,103895.399403484,253760.383993816,521266.396646343,2245205.6910713
"OB",2074,18881.335375837,24862.5972781627,105316.06786387,255153.609055257,521437.563843797,2237223.37436706
"OB",2075,19381.6451241142,25513.9717451784,106748.730656105,256481.018228181,521350.299525128,2227728.58726612
"OB",2076,19895.2910163302,26182.5667292569,108193.540821711,257739.612257134,520994.072301621,2216661.8061862
"OB",2077,20422.145483519,26868.2027297926,109647.679683603,258919.236081169,520343.784366268,2203901.19723982
"OB",2078,20963.8063041815,27572.9698893351,111117.538291783,260031.394088651,519417.748230977,2189508.3983279
"OB",2079,21520.4226084093,28297.0513091569,112601.521178379,261068.389361155,518195.229463988,2173378.14631949
"OB",2080,22092.0991605046,29040.5717289664,114097.796111934,262021.968252403,516654.377953234,2155400.46312631
"OB",2081,22576.115178018,29664.4010931704,114325.698931468,258672.280027472,504712.180523209,2087561.11781252
"OB",2082,23073.2210448565,30305.0202158568,114544.906174126,255172.547131867,492294.874064619,2017134.55064615
"OB",2083,23582.8622037127,30961.6860069723,114749.972597968,251505.864414388,479363.061144462,1943935.93040993
"OB",2084,24105.1176559714,31634.4883184526,114938.746015062,247662.924832939,465892.375482943,1867843.29963859
"OB",2085,24640.4601336261,32324.0336205328,115110.934020549,243638.396164775,451865.880280304,1788764.31789481
"OB",2086,25189.8134002301,33031.5191085836,115268.177409165,239430.710250896,437273.129878224,1706630.58232332
"OB",2087,25753.5305877199,33757.3923707319,115409.26152662,235031.897744267,422091.272103922,1621322.65900852
"OB",2088,26332.1989919877,34502.4073937133,115533.922223797,230435.730786873,406300.280491461,1532730.84933198
"OB",2089,26926.0730624492,35266.8813275587,115640.303921365,225632.544388027,389873.651020765,1440719.44337254
"OB",2090,27535.3872014348,36051.1048807267,115726.431185125,220612.37049391,372784.2437547,1345149.94883729
"OB",2091,28160.7009656188,36855.7941629495,115791.638123573,215367.618004613,355008.736945394,1245896.86968961
"OB",2092,28803.1657274431,37682.4387540853,115837.494965532,209894.432394305,336529.249259173,1142850.89980144
"OB",2093,29462.8006178293,38531.0455808631,115860.767689763,204179.705062458,317312.103388824,1035845.10982211
"OB",2094,30139.7059316726,39401.7279876475,115858.591291311,198211.089319072,297325.006504437,924717.948345484
"OB",2095,30834.4805711488,40295.2510598234,115830.001017256,191979.45181905,276540.416358294,809322.330138038
"OB",2096,31548.9606334595,41213.9952927731,115778.426022952,185482.347330036,254939.289673226,689530.797759729
"OB",2097,32283.2812258428,42158.1167869494,115700.631359747,178705.642410988,232484.519012056,565157.354008985
"OB",2098,33038.7363650048,43129.2846345367,115597.461276715,171641.321771045,209146.582569121,436032.529847888
"OB",2099,33815.3401191751,44127.4956468433,115465.022671003,164273.684227981,184885.204038835,301956.84608461
"OB",2100,34614.2350962377,45154.2191914514,115303.25083923,156592.410636009,159666.020565442,162739.630494869
"BD",2020,1473.45745051794,3277.44171287569,30033.8575201849,130928.275300535,438781.592307958,2148153.59916962
"BD",2021,1559.3323264571,3480.53779955401,31918.9208766715,139150.553718954,466339.749166299,2283075.79493538
"BD",2022,1649.80277856153,3680.26650460298,33746.8415023167,147116.605898076,493036.272162653,2413771.73011086
"BD",2023,1734.1326887406,3884.03880048432,35651.688657105,155428.725415246,520898.511635961,2550189.23414022
"BD",2024,1754.96093157942,3931.33581315292,36087.0285239121,157325.557317507,527255.039738654,2581310.0962795
"BD",2025,1850.3532443029,4145.02673274041,38048.5679794465,165877.114502043,555914.4114265,2721619.28237572
"BD",2026,2033.8460611272,4412.66414034421,39180.4812048107,169279.308252824,565699.544265178,2766784.09535287
"BD",2027,2233.54858765078,4701.95573093049,40375.7582793385,172801.109032315,575720.26839069,2812822.17598043
"BD",2028,2446.592594099,5005.69402631383,41561.0127014978,176114.220317514,584867.523324753,2854288.88832583
"BD",2029,2672.88699692368,5323.03892247662,42722.6569143741,179152.608441816,592912.835061539,2890053.52409296
"BD",2030,2913.55320524191,5655.62237720161,43867.5404595937,181936.729367838,599914.835932397,2920386.31185465
"BD",2031,3167.79779790184,6001.31918516245,44972.9420246404,184363.809803902,605525.17365641,2943575.15736055
"BD",2032,3439.54903935517,6366.96998199646,46083.5552061264,186607.760397499,610304.597482712,2962327.90730277
"BD",2033,3730.22910133345,6754.30142519691,47201.7495965953,188663.318423022,614219.018706828,2976449.78458596
"BD",2034,4041.09201599789,7164.63926021672,48325.9905894667,190507.941122185,617176.163470151,2985460.68840378
"BD",2035,4372.61177039879,7597.89118644224,49444.7694368195,192079.12187776,618953.537774614,2988249.286843
"BD",2036,4709.67040668791,8027.43956582421,50380.7157353449,192681.053330667,617300.960903568,2973937.78214302
"BD",2037,5074.55187862127,8491.23765417613,51371.6765085216,193222.789294199,615130.0973065,2956552.28137562
"BD",2038,5464.01512703908,8982.58352272245,52361.2915537568,193464.588771307,611643.784126192,2932200.74553691
"BD",2039,5878.87029980083,9501.83754771242,53339.4326139976,193346.753768702,606625.553649267,2899795.6054708
"BD",2040,6320.872885654,10050.8830402794,54304.4566683657,192840.223025979,599954.907563422,2858707.76790965
"BD",2041,6791.85739118368,10631.6504796275,55253.9541886586,191911.206083423,591494.034409365,2808220.8972347
"BD",2042,7293.86616422291,11246.3168570413,56185.7546148771,190524.613162128,581098.298266565,2747581.0600364
"BD",2043,7828.76996440128,11896.7153475502,57094.9061062184,188633.662636863,568584.33691749,2675845.50376767
"BD",2044,8398.89325660961,12585.3007400124,57978.5161818632,186196.332572981,553780.289115827,2592120.23765343
"BD",2045,9006.44258496242,13314.2657518691,58831.305992613,183160.219680893,536479.525446938,2495341.09444598
"BD",2046,9653.9195718268,14086.1653232239,59648.5614298414,179472.189778604,516469.598344903,2384409.71234847
"BD",2047,10343.7531592546,14903.3676260758,60423.6326832735,175070.41378145,493508.650392837,2258083.28840277
"BD",2048,11078.8537981499,15768.858465824,61151.2806186459,169894.286169635,467353.727220648,2115104.83870159
"BD",2049,11861.849524968,16685.1339754147,61823.0920092832,163870.891433644,437722.231130099,1954026.02782417
"BD",2050,12695.8560230192,17655.3040394747,62431.8657921329,156927.483775376,404326.7368392,1773365.73819085
"BD",2051,12970.2030081622,18015.7356016201,63392.6376248471,158400.271430858,406397.31223846,1778645.76047538
"BD",2052,13258.4401135772,18394.6426092022,64406.2316984637,159968.267588972,408644.455914461,1784548.64458863
"BD",2053,13560.3418909761,18791.6508347418,65470.4212342837,161623.162169344,411041.79251779,1790947.76323578
"BD",2054,13875.9783852339,19206.7970627341,66584.4341762924,163360.305620739,413572.38538398,1797757.90293715
"BD",2055,14204.9494378382,19639.4680720346,67745.2576241751,165169.589038888,416205.548631703,1804834.24529788
"BD",2056,14547.3283023947,20089.7074954904,68952.1792478512,167046.619625452,418925.202239714,1812095.76426079
"BD",2057,14903.0060026966,20557.3076425992,70203.6291283039,168984.942438174,421710.12407927,1819439.25777179
"BD",2058,15271.8957276897,21042.0925564471,71498.1631024341,170978.459293579,424540.085622721,1826766.04573976
"BD",2059,15653.6302536179,21543.5014001955,72833.0514875837,173018.067388714,427387.531598822,1833946.22759555
"BD",2060,16048.7052723934,22062.1623694853,74209.6059798132,175104.332122847,430248.920177895,1840953.24753313
"BD",2061,16456.7533431245,22597.5158371149,75625.1236682021,177228.285531883,433097.167104501,1847659.54337405
"BD",2062,16877.9989925607,23149.8168749448,77079.6558748205,179387.502277021,435921.349314224,1854006.90082946
"BD",2063,17312.4653730452,23719.0437384951,78572.3230036757,181577.361058132,438705.149263046,1859914.02647451
"BD",2064,17760.2325882599,24305.2529464879,80102.5082906306,183793.85942837,441433.767413728,1865306.11618629
"BD",2065,18221.4599320093,24908.6092424676,81669.9494006626,186033.800936027,444094.325551581,1870116.45019888
"BD",2066,18696.5213124792,25529.5699106855,83275.3305258313,188296.104228734,446678.911837134,1874299.0256734
"BD",2067,19185.3594184412,26168.0022666868,84917.3939882892,190575.240364102,449168.948298015,1877762.80727857
"BD",2068,19687.8259676345,26823.6504996928,86594.4970327363,192864.863566401,451544.028850254,1880409.35124011
"BD",2069,20204.6790490939,27497.4936767447,88308.9833482241,195167.506419464,453804.533163938,1882226.77233193
"BD",2070,20735.7838041683,28189.2928647299,90059.2432289641,197476.826247886,455929.916803681,1883115.6973092
"BD",2071,21281.7246555558,28899.7871684429,91846.7948012238,199793.34952365,457915.516925946,1883042.40304254
"BD",2072,21842.370970391,29628.7427356576,93670.0344859595,202110.713418035,459740.67211161,1881906.85975195
"BD",2073,22418.0870570879,30376.5976174044,95529.4909111501,204427.182652831,461395.304587937,1879652.50413733
"BD",2074,23009.1759005023,31143.7051936618,97425.4023374083,206740.319241041,462867.575725549,1876215.15938433
"BD",2075,23615.7144344362,31930.1119166771,99357.0322014641,209045.566767215,464140.796002803,1871510.71179865
"BD",2076,24187.5472104359,32668.0197624852,101113.653175203,210900.37737025,464234.17330241,1861588.98778924
"BD",2077,24773.4935754068,33423.4553659373,102901.017997639,212738.666446805,464113.342514245,1850349.30241998
"BD",2078,25374.2233701473,34197.269904933,104720.941215741,214561.405604627,463774.238839794,1837759.34539276
"BD",2079,25989.6191862176,34989.2512811185,106571.946228612,216362.701484547,463197.685487724,1823726.20488024
"BD",2080,26619.765859454,35799.4605115985,108453.401191761,218138.420685089,462368.375245437,1808172.47468374
"BD",2081,26943.4788771722,36177.1976032232,108711.300294385,215550.133990475,449777.137578741,1739889.160032
"BD",2082,27275.273969862,36564.7512665236,108982.741667458,212932.31555689,436993.483071795,1670505.4184411
"BD",2083,27615.3915815197,36962.4016977136,109267.909960442,210283.008750891,424007.940717035,1599969.943245
"BD",2084,27963.6370924328,37369.8461873389,109565.257590021,207596.890790377,410804.174399128,1528205.30373041
"BD",2085,28320.1268051826,37787.1990393459,109874.4829311,204871.084071476,397370.891590026,1455153.41983156
"BD",2086,28684.3903052631,38213.7924670782,110193.022029633,202098.535648626,383688.807228519,1380727.25372729
"BD",2087,29056.5399042112,38649.7381837294,110520.608137557,199276.587822756,369747.437356039,1304872.80525976
"BD",2088,29436.1159984351,39094.3878815679,110854.812326411,196398.725666879,355529.246578865,1227511.51197917
"BD",2089,29823.8671215824,39548.6995393881,111197.787638052,193466.654004361,341031.844015724,1148617.9307852
"BD",2090,30219.2758995736,40011.9493772719,111546.910666886,190473.586489917,326237.39280213,1068113.05419511
"BD",2091,30622.5008009955,40484.3117409538,111902.113001781,187417.294471206,311136.387270471,985946.892439567
"BD",2092,31033.0665413939,40965.1235542714,112261.018223414,184291.709498824,295713.017866551,902049.721436446
"BD",2093,31451.938993796,41455.6254836533,112626.488041667,181099.443996702,279965.633408146,816395.817282972
"BD",2094,31878.8307603488,41955.4015486333,112996.808700984,177835.461267657,263879.922700212,728919.470028564
"BD",2095,32313.801817976,42464.4949736866,113371.535101471,174496.846994551,247445.091360109,639566.091392212
"BD",2096,32757.1092636686,42983.207600797,113750.905928035,171081.71278124,230651.720522509,548284.330715654
"BD",2097,33208.7985316861,43511.5623760419,114134.403556911,167586.959564731,213488.535317856,455017.482425377
"BD",2098,33668.355033343,44048.8496459867,114519.60711277,164006.768234512,195941.029355505,359702.994943072
"BD",2099,34137.0445745418,44596.690042297,114910.16935385,160344.080325817,178005.36318683,262298.85208418
"BD",2100,34614.2350962377,45154.2191914514,115303.25083923,156592.410636009,159666.020565442,162739.630494869
"IN",2020,1184.14763365899,2462.84227898998,43025.6410364066,151753.659185553,568398.177721623,4942868.96732338
"IN",2021,1229.29079414728,2535.34549223392,44943.6383763263,158546.701392962,594666.881893996,5179030.8976445
"IN",2022,1280.66609406549,2668.18886497385,45016.5054322153,175995.496456664,740845.805009164,7168762.34355259
"IN",2023,1345.7251573011,2817.19000249197,47686.5002866692,186455.993443297,784891.17964282,7595564.2358199
"IN",2024,1427.74631137333,2993.40480429426,50651.7976893511,198037.596176948,833637.313310636,8067227.760118
"IN",2025,1496.98644656387,3138.573278328,53108.2125942381,207641.6482574,874065.476082768,8458456.88554029
"IN",2026,1685.71186294379,3412.63124275833,54867.7589422486,213215.970173263,895314.759168233,8657957.17746748
"IN",2027,1876.8403610709,3679.72803499094,56225.5842475125,217090.884143122,909191.790289965,8785510.13247938
"IN",2028,2085.07787159024,3969.35398769375,57648.9431396968,221078.853598647,923301.666655733,8914643.70233003
"IN",2029,2308.84824434343,4277.52393810613,59054.2974964259,224845.958876484,936226.357006799,9031601.07950362
"IN",2030,2548.93904381764,4605.02228383368,60434.4099369377,228354.601748449,947791.800161864,9134654.14572482
"IN",2031,2795.0577795787,4933.06597124903,61537.6115494318,230650.816097373,954033.226020371,9185576.22959983
"IN",2032,3058.58467530575,5281.9737299934,62623.9318282411,232713.26307935,959005.788062888,9223431.10055053
"IN",2033,3340.75079771054,5653.19461093698,63691.1051532577,234520.937231079,962600.440833956,9247106.4361947
"IN",2034,3642.52581237695,6047.69065083638,64730.0693500609,236026.91502352,964600.149049963,9254447.95856712
"IN",2035,3964.29459616582,6465.45829217811,65721.5865242231,237147.28314918,964636.914672839,9241853.63409167
"IN",2036,4298.43602500594,6893.70809154703,66524.7017463544,237365.158790169,960593.022342614,9188990.81126858
"IN",2037,4661.3090245878,7358.35563803097,67379.5915459714,237529.628932737,955889.980722635,9128547.28738475
"IN",2038,5046.11732644081,7847.76164385316,68151.0571956098,237140.100568119,948468.093566611,9040722.66605517
"IN",2039,5456.1335337061,8366.46480550348,68860.9408431033,236257.047854384,938539.611748365,8927453.82551795
"IN",2040,5893.07699612585,8916.45020337597,69504.5071363833,234844.575713751,925923.926979505,8786911.33026776
"IN",2041,6358.69749609858,9499.69579646905,70075.2219689096,232858.995221136,910406.330683965,8616932.17540955
"IN",2042,6854.71807178745,10118.0934220017,70564.382916537,230247.817333497,891734.522813439,8414988.06290113
"IN",2043,7383.13589099132,10773.8970834558,70964.3859499907,226960.566395131,869660.805925784,8178584.51714134
"IN",2044,7946.0136579802,11469.405656558,71266.1968655183,222940.182131431,843908.078921082,7904937.85381137
"IN",2045,8545.60311841198,12207.1414415096,71460.4704695444,218126.532786835,814183.161030258,7591100.06498441
"IN",2046,9184.11329686366,12989.515426531,71535.4635580203,212449.877577583,780152.026248181,7233726.78126437
"IN",2047,9863.87156030616,13819.0625963351,71478.594183577,205835.864496761,741458.976412848,6829257.65073417
"IN",2048,10587.7002495373,14698.9627583979,71278.8939008524,198212.233406952,697749.960391969,6374128.44864008
"IN",2049,11358.1058683662,15631.900250696,70920.9550966498,189491.156963428,648608.434282492,5864178.6041708
"IN",2050,12178.0252155827,16621.1078768605,70390.2818756132,179584.577035995,593610.439057074,5295157.9567611
"IN",2051,12471.6501653189,17007.4126146916,71501.1381553819,181467.10055409,597357.285084178,5319855.31147166
"IN",2052,12776.5379188973,17408.4589055154,72651.510269342,183408.917873769,601192.094570559,5344956.5869522
"IN",2053,13092.7288974922,17824.2676779088,73840.2422915815,185404.824745201,605091.797611887,5370235.31479524
"IN",2054,13420.4283769047,18255.0842671098,75067.1070577901,187451.947301514,609040.925473333,5395532.47210289
"IN",2055,13759.6392799485,18700.8784015024,76330.7310546096,189544.524800645,613014.565225995,5420605.13766977
"IN",2056,14110.5897402356,19161.9259764075,77630.9933759833,191679.912496314,616997.896281263,5445299.68535672
"IN",2057,14473.3706274253,19638.3159578454,78966.9965420662,193853.51170149,620969.710418613,5469405.76010773
"IN",2058,14848.1065729025,20130.1830247679,80338.0233430026,196061.159503084,624910.177037248,5492725.07420537
"IN",2059,15234.8601760914,20637.5776171995,81743.0152669576,198297.850229246,628796.752662691,5515035.39709821
"IN",2060,15633.8193112898,21160.7198059993,83181.5831228634,200560.19691929,632612.013098323,5536159.34827844
"IN",2061,16045.190597692,21699.8545289878,84653.4169730266,202844.967591403,636338.923574659,5555922.58806193
"IN",2062,16469.0045411119,22254.988177343,86157.2628150012,205146.641617689,639953.196281847,5574087.1773672
"IN",2063,16905.6316002152,22826.5863734295,87693.6387791441,207463.906606844,643443.639357586,5590529.12670836
"IN",2064,17355.0892839772,23414.6372944007,89261.1964481803,209790.969744113,646784.983828686,5605001.45768299
"IN",2065,17817.7387065389,24019.5925983876,90860.3508178947,212126.17579199,649964.697148136,5617367.49053594
"IN",2066,18293.6845284449,24641.5572982112,92490.1714785153,214464.659238659,652960.213481325,5627403.08364209
"IN",2067,18783.1785392244,25280.8343400945,94150.4617754262,216803.237238188,655754.036363195,5634927.57928274
"IN",2068,19286.3286092869,25937.5324018382,95840.280795329,219136.970324031,658323.232811584,5639713.12836963
"IN",2069,19803.5140144153,26612.1247794513,97560.0206762867,221463.937476442,660653.851966456,5641608.49705876
"IN",2070,20334.9850784166,27304.9103776412,99309.3934603208,223780.58848024,662726.83328116,5640417.84295959
"IN",2071,20880.9084519141,28016.0751514023,101087.67832509,226082.35117195,664519.952595192,5635917.85905179
"IN",2072,21441.9934637784,28746.5322780551,102896.745386268,228370.377771877,666027.602852765,5628025.34479968
"IN",2073,22018.1528246975,29496.1251876294,104734.570930835,230637.039728009,667218.153439214,5616435.53929949
"IN",2074,22609.7432575544,30265.2924083189,106601.254949573,232879.408101135,668073.638697403,5600958.98800523
"IN",2075,23217.4088611981,31054.8557648754,108498.196216939,235097.279542737,668583.572584838,5581467.56515939
"IN",2076,23794.6990236322,31802.6906221607,110208.576239915,236821.350243869,667414.868963447,5546838.74526892
"IN",2077,24386.6790498186,32569.083844258,111943.355457982,238509.466498621,665871.816434813,5507970.15541703
"IN",2078,24993.5559187578,33354.2746729498,113701.974921126,240157.3535219,663932.873043241,5464643.51401116
"IN",2079,25615.5273751375,34158.4895565734,115483.814591358,241760.56815958,661575.907728417,5416635.16971706
"IN",2080,26253.0545180471,34982.3054276756,117289.413285476,243317.034096423,658785.078635902,5363772.16513936
"IN",2081,26592.6915021681,35395.1040519337,117192.84149189,239727.880945991,638224.128932348,5149711.45894141
"IN",2082,26940.0332635203,35817.417746089,117100.190606566,236082.81802847,617306.88073168,4931868.08488233
"IN",2083,27295.0123961564,36249.1306812427,117010.103910776,232376.814441127,596012.620958644,4710042.88494176
"IN",2084,27657.514228429,36690.0650937777,116921.056010781,228604.578584211,574320.216173676,4484034.50685034
"IN",2085,28027.9057140179,37140.6824659,116833.57089703,224764.855406962,552218.774340363,4253722.02434268
"IN",2086,28406.4779428555,37601.3420897942,116747.78893499,220855.500187299,529694.694357579,4018961.16223353
"IN",2087,28792.9429114159,38071.6362438447,116661.451230743,216869.78552619,506723.230023058,3779522.3353476
"IN",2088,29187.6760777614,38552.0355434064,116575.030528173,212806.162681982,483292.094564413,3535270.68186278
"IN",2089,29590.8251474031,39042.7083323041,116488.031146252,208661.176995792,459384.170737095,3286033.4298275
"IN",2090,30002.081070765,39543.2204827486,116398.166630644,204428.183453114,434975.381944844,3031588.36730258
"IN",2091,30421.8200034653,40054.0421165566,116305.85509063,200105.398712777,410052.418235184,2771790.63238505
"IN",2092,30850.7681530152,40576.1020205614,116212.762783725,195692.965715719,384605.063674578,2506511.42657848
"IN",2093,31288.6513863197,41109.0110392123,116116.6961793,191184.299787794,358608.981300586,2235524.59484671
"IN",2094,31735.2152547713,41652.407746279,116015.610550766,186573.252738315,332041.424827076,1958618.69263226
"IN",2095,32191.2803847413,42207.3420460066,115911.403403238,181860.047064866,304891.113300216,1675650.74087417
"IN",2096,32656.8084672952,42773.734746394,115802.761368676,177039.559868069,277136.502444728,1386412.30931912
"IN",2097,33131.369730589,43350.9950405925,115687.028442283,172104.736017695,248753.546023698,1090686.34152885
"IN",2098,33615.7790217926,43940.161667568,115565.935711053,167055.157561401,219728.284447909,788303.984870304
"IN",2099,34110.0172125343,44541.1804064807,115438.231675919,161885.779925791,190039.225456994,479056.543927823
"IN",2100,34614.2350962377,45154.2191914514,115303.25083923,156592.410636009,159666.020565442,162739.630494869
"ID",2020,1442.15955234467,4147.1456151803,51999.8914541816,204367.304773798,651528.320946049,3367551.41923131
"ID",2021,1502.23573414289,4320.88587870012,54106.2285429052,212591.959505755,677665.040530837,3502492.45183476
"ID",2022,1515.67498260987,4519.84497414507,57749.4302198707,227143.876038483,724165.379016466,3743054.71839352
"ID",2023,1529.49088473699,4571.19534923744,58530.4877371155,230235.943815034,734020.822477253,3793997.76221277
"ID",2024,1550.53036126895,4640.01941571685,59474.5173413734,233953.332299306,745866.025991357,3855215.07281421
"ID",2025,1604.43410695096,4801.32836702281,61542.1319701547,242086.65315566,771795.845608033,3989240.5250242
"ID",2026,1836.72874957116,5147.30891255841,63207.1828445948,246861.754491497,784990.140125662,4053479.66057803
"ID",2027,2081.96477288965,5499.63339040093,64696.6797498157,250781.693130222,795269.895727911,4102286.99745202
"ID",2028,2337.85058795829,5853.1734425114,65958.6057342097,253650.640617712,802020.842051359,4132507.11776488
"ID",2029,2604.23602847993,6208.83943181871,67015.4151283957,255563.835881734,805554.512192121,4145765.68465953
"ID",2030,2881.37641458807,6568.21191555205,67893.8436313769,256630.598328685,806224.172161595,4143897.90963242
"ID",2031,3161.01009211986,6913.91360636563,68429.4228955775,256241.299523776,802128.958347203,4117161.9491383
"ID",2032,3455.04644492738,7273.58866979128,68913.0707430021,255499.679840675,796741.239220014,4083415.04471333
"ID",2033,3764.55811489708,7648.82483571656,69352.2709587088,254426.933216758,790119.15578572,4042939.32025669
"ID",2034,4090.47276190451,8040.75965026856,69748.6075446755,253020.962823578,782246.500976649,3995632.42601563
"ID",2035,4433.25799109152,8449.56261553706,70094.4981021878,251245.691367257,773001.109765323,3940848.97327512
"ID",2036,4802.49717230029,8892.31152689278,70516.8230535122,249541.263643179,763718.788852317,3885361.90766723
"ID",2037,5196.66515625451,9364.2805761026,70953.725311443,247663.532005531,753620.231781963,3825141.33400256
"ID",2038,5612.47613853301,9858.2583787895,71333.5652375883,245344.013390116,741864.72321847,3755871.50750186
"ID",2039,6051.00396272705,10375.2891457696,71652.5201870377,242556.64520192,728356.566185809,3677033.19413216
"ID",2040,6513.63507809735,10916.8976649715,71909.3190751488,239283.089773723,713022.047847133,3588215.63279057
"ID",2041,7001.60839803364,11484.2866752006,72099.5104215805,235493.105945786,695750.20009596,3488816.85272307
"ID",2042,7516.44820596393,12079.0713494056,72220.4268456085,231161.226452485,676442.708427281,3378295.28013435
"ID",2043,8059.40963146134,12702.3691430978,72265.4623335543,226248.054806117,654958.639017493,3255892.54088623
"ID",2044,8632.13943272882,13355.8732687447,72230.6616275809,220721.591492167,631177.175472566,3120947.48297528
"ID",2045,9236.41750283823,14041.4117175786,72111.7058816478,214547.066840479,604967.137778094,2972742.39783582
"ID",2046,9873.91717172632,14760.5826437318,71902.0366651286,207681.354021196,576171.220033316,2810425.54784048
"ID",2047,10546.2201615132,15514.7997217529,71593.4421276187,200075.277891383,544613.354784493,2633049.23773578
"ID",2048,11255.6698698184,16306.5458945595,71181.8176385348,191689.669536025,510142.343085534,2439780.59103384
"ID",2049,12004.1149573979,17137.5041840924,70658.203933147,182469.722649807,472561.087745682,2229557.21074097
"ID",2050,12793.6146394999,18009.612838833,70013.9397166953,172359.897779209,431667.975701591,2001289.10773241
"ID",2051,13017.5028583732,18298.5791139997,70695.4996680544,173104.349096243,431827.024425882,1997790.73192745
"ID",2052,13265.5549541492,18620.715989547,71491.7652079523,174101.081062468,432562.902986834,1996830.0452938
"ID",2053,13535.9824163313,18973.3787059022,72390.3119646685,175314.980816067,433779.402307065,1997940.46400539
"ID",2054,13827.4851587422,19354.6218911221,73381.633995745,176718.541535733,435400.13236208,2000749.2014721
"ID",2055,14138.2981523537,19761.8619599985,74454.0189055088,178279.404816391,437337.612696801,2004834.68704326
"ID",2056,14467.7622302555,20194.0740216569,75601.8470540178,179980.281492916,439542.231254303,2009951.23290929
"ID",2057,14814.7871405694,20649.6386328527,76817.3946187144,181799.140056629,441953.298725042,2015803.78150761
"ID",2058,15178.7457298139,21127.5905080368,78095.518855554,183720.383327741,444526.386913572,2022173.02882578
"ID",2059,15558.6231959825,21626.431396834,79429.2197166184,185724.295290454,447207.58068311,2028797.74550338
"ID",2060,15954.0528959775,22145.5714958211,80814.9619039368,187799.548058805,449963.714314902,2035512.25862053
"ID",2061,16364.1362298982,22683.6873075828,82246.6131699902,189928.9600535,452747.947396841,2042089.94500383
"ID",2062,16789.2008899429,23241.1605483505,83724.3156242522,192110.046285515,455548.876958916,2048465.07416264
"ID",2063,17228.4324060425,23816.7923328898,85242.5257078345,194327.294643752,458324.246089529,2054433.27226997
"ID",2064,17681.5768952861,24410.1645929903,86798.5950063071,196572.023758211,461048.363435952,2059865.62082405
"ID",2065,18148.2863589515,25020.7321422516,88389.4714543878,198834.749815334,463693.877407286,2064626.37209932
"ID",2066,18628.6818933738,25648.5989575282,90014.4380891579,201111.33914909,466246.107737411,2068636.71698791
"ID",2067,19122.5656353502,26293.43024932,91671.2447733631,203394.248307891,468682.500598142,2071782.99756949
"ID",2068,19629.3573854679,26954.3683543531,93355.8673547816,205672.113125085,470971.931915684,2073914.30293458
"ID",2069,20149.6949492095,27632.2308067006,95070.1299194836,207946.563299265,473113.256289172,2075012.34054641
"ID",2070,20682.9396216448,28326.0829203619,96809.7988539826,210205.909090021,475074.881541626,2074924.89184314
"ID",2071,21229.6397826204,29036.6188822192,98576.2615103586,212450.79544439,476853.361166252,2073623.40617255
"ID",2072,21789.3218784861,29763.1336517492,100366.129178321,214671.511481132,478421.874204135,2070977.32631438
"ID",2073,22362.1976502106,30505.8610494768,102179.227494192,216865.339203113,479769.431856061,2066925.32004188
"ID",2074,22947.9861586821,31264.362764494,104013.130244206,219024.779936557,480874.466216499,2061360.47057986
"ID",2075,23547.4694364843,32039.6493863078,105870.243858699,221152.541697704,481737.883340108,2054272.38399948
"ID",2076,24091.3518611519,32737.4987737512,107440.347327372,222603.392041122,480960.174431321,2039710.28963636
"ID",2077,24648.2128368947,33451.2889932761,109033.148143715,224027.146802764,479963.011062271,2023754.24460053
"ID",2078,25217.9910940047,34180.8829904976,110647.256815852,225418.575483522,478729.986949002,2006319.97343699
"ID",2079,25801.5686842777,34927.4216782642,112285.409802311,226780.825437289,477262.426727513,1987397.32962057
"ID",2080,26398.6214489998,35690.4097162389,113945.023443367,228106.146150782,475538.379813241,1966878.23827924
"ID",2081,26716.6485390428,36052.1558947035,113902.178984799,224939.113338624,462013.0187413,1890279.10132134
"ID",2082,27045.8644569506,36427.8949935599,113884.095733696,221770.424249117,448369.111149213,1812846.22644238
"ID",2083,27385.7116480488,36816.8058375969,113886.969139817,218589.419591088,434577.598408279,1734439.02390664
"ID",2084,27736.5351119978,37219.2850639519,113910.840091475,215393.028799939,420624.996393667,1654980.58810416
"ID",2085,28096.949869951,37633.4097790003,113948.684161619,212164.911960512,406472.123273322,1574293.58877594
"ID",2086,28467.4949074305,38059.8440053848,114001.485793605,208904.118682303,392110.434527342,1492323.10151697
"ID",2087,28847.7157499065,38497.921599143,114066.210491925,205602.238955432,377517.150741753,1408959.25259957
"ID",2088,29237.2286129223,38947.0758993926,114140.210045416,202251.812740543,362671.869868926,1324103.18573098
"ID",2089,29636.3487358721,39407.6742783728,114223.624520641,198850.46351157,347563.667937132,1237691.90616212
"ID",2090,30044.4135048431,39878.7839713884,114312.827697692,195389.264228546,332170.187496237,1149621.76064662
"ID",2091,30461.5518407369,40360.5280445664,114407.312980458,191864.8867526,316479.291238557,1059827.03500854
"ID",2092,30887.4843461052,40852.4890321547,114505.050093297,188271.472399183,300474.734034127,968228.508762611
"ID",2093,31322.4785425694,41354.9748909319,114606.078920135,184606.674346474,284146.171182761,874767.126748962
"ID",2094,31766.3621109687,41867.7120869833,114708.814025835,180865.486681197,267479.050523136,779370.41768533
"ID",2095,32219.2789588942,42390.845423788,114812.844121059,177044.838708549,250461.921195912,681975.953440443
"ID",2096,32680.7386967278,42923.6859631328,114915.514249964,173138.243807401,233078.627871582,582509.058919906
"ID",2097,33150.8608342793,43466.3495445588,115016.391257154,169142.769140787,215318.415175284,480911.400248264
"ID",2098,33629.9763882661,44019.2283931136,115115.756393778,165056.479904172,197171.637433617,377126.336359633
"ID",2099,34117.7816164714,44581.8829569252,115211.69897304,160874.245858654,178624.666900963,271088.751084767
"ID",2100,34614.2350962377,45154.2191914514,115303.25083923,156592.410636009,159666.020565442,162739.630494869
"MM",2020,862.349994218956,2217.33783412937,21838.8860347568,92257.5513026296,316294.576417068,1730425.36809423
"MM",2021,871.91993186593,2231.95977165054,21883.1120445247,92391.5408453086,316714.286166197,1732647.49913844
"MM",2022,889.292168147242,2276.63383010996,22330.4784126217,94283.8476479362,323202.619273149,1768148.09678067
"MM",2023,908.019189321814,2325.09650320382,22792.8278229472,96231.1701117611,329875.866227026,1804647.65375077
"MM",2024,882.930696355899,2265.34299153575,22288.4225267306,94121.4206145259,322644.431095255,1765101.75152959
"MM",2025,905.16901705105,2322.40004498083,22849.7996427197,96492.0509987088,330770.856372816,1809559.25988455
"MM",2026,1045.59181180511,2567.82998233438,24399.0843576505,102165.462485108,349226.900524824,1908657.44908348
"MM",2027,1192.01608487297,2810.59228105478,25785.9906585192,107016.475601385,364707.733531937,1991184.92718597
"MM",2028,1347.56279997853,3058.76494272982,27090.5283570726,111383.496062511,378374.005703353,2063492.45099689
"MM",2029,1512.81266199514,3313.67675249875,28324.5569921999,115315.386107999,390391.822843694,2126486.11774067
"MM",2030,1688.5900232267,3576.99466873365,29501.1010296021,118863.756095217,400934.232296233,2181105.32809967
"MM",2031,1871.23239425627,3840.97321385003,30556.3976555708,121771.838334452,409135.31064425,2222639.73181237
"MM",2032,2068.52884685413,4121.60379629812,31617.694914521,124546.773077237,416699.019460386,2260346.23837135
"MM",2033,2281.49642144399,4419.96107437006,32684.0011436674,127172.759869944,423557.937109747,2293831.01470537
"MM",2034,2511.02580399414,4736.81438824466,33751.4628913331,129622.056040367,429603.867530381,2322477.46894063
"MM",2035,2756.9050230864,5070.87435000101,34801.77617122,131811.724952883,434546.066917646,2344682.88133477
"MM",2036,3014.86478572431,5413.73344106195,35771.4073966043,133492.737684953,437552.870228439,2355938.88875619
"MM",2037,3299.50480170448,5790.89787286401,36821.2430962204,135254.062139725,440539.983399993,2366531.21398558
"MM",2038,3605.12740847714,6190.82394561225,37860.8763901254,136737.186217904,442305.003848287,2369931.89354589
"MM",2039,3935.48327406655,6618.89513406639,38911.3272387945,137998.795675566,443005.62332438,2366934.59227437
"MM",2040,4292.53314112746,7077.16386290466,39970.3467830236,139006.858897253,442506.310577634,2356749.36625611
"MM",2041,4678.45516709914,7567.93528253684,41035.8736750601,139727.827601844,440663.699666824,2338538.44285076
"MM",2042,5095.59320918802,8093.66807276147,42105.3104532962,140123.834452391,437317.272781596,2311365.79412237
"MM",2043,5546.45430250181,8656.96353785057,43175.3828342108,140152.065308563,432287.170040843,2274185.08263186
"MM",2044,6033.76443048772,9260.64573792267,44242.4536921244,139765.608747796,425376.557734701,2225851.59243166
"MM",2045,6560.47978220177,9907.76706594926,45302.4023120059,138912.76982113,416369.074576517,2165107.87875278
"MM",2046,7129.69634074413,10601.4629011961,46349.8470819981,137534.443004365,405020.574590924,2090540.00583709
"MM",2047,7744.88739920446,11345.300304416,47379.6117751398,135568.331549133,391071.33877534,2000640.10926208
"MM",2048,8409.68706841749,12142.9411842868,48385.0588908562,132943.563574601,374229.507877922,1893719.32042471
"MM",2049,9128.04280630181,12998.3604112171,49358.9302791232,129582.931173253,354177.261474558,1767938.75027395
"MM",2050,9904.26808739872,13915.9061391709,50293.3768955825,125402.44999509,330568.661960714,1621296.47635306
"MM",2051,10195.634864405,14305.6839326214,51432.3078773919,127504.863155172,334684.882287836,1637990.21299658
"MM",2052,10497.6517080047,14709.3647079545,52606.8887174274,129656.264670945,338853.085168075,1654749.81200513
"MM",2053,10810.6588674145,15127.3713620136,53817.8886920524,131856.497570429,343068.844403504,1671543.73112021
"MM",2054,11134.9716539183,15560.0898931696,55065.9181340974,134104.938618984,347326.369443849,1688333.40503974
"MM",2055,11471.0200746974,16008.0645238443,56352.1189171663,136402.179784021,351622.860097952,1705094.41288455
"MM",2056,11819.1589992722,16471.7320866454,57677.2197780784,138747.714515483,355952.488166843,1721787.15859152
"MM",2057,12179.7710119615,16951.565906501,59042.047653799,141141.189032404,360309.650104988,1738372.71154503
"MM",2058,12553.2862017178,17448.1030752073,60447.6189476801,143582.609914878,364689.475625912,1754815.2064179
"MM",2059,12940.0492288391,17961.7595187842,61894.4965411341,146070.810230868,369083.918442918,1771062.99866123
"MM",2060,13340.3928726118,18492.9327689965,63383.1534317755,148604.334950054,373484.049112056,1787059.80902565
"MM",2061,13754.8924850735,19042.3543628254,64915.1759052692,151184.248421468,377887.083435146,1802778.28244604
"MM",2062,14183.9761244444,19610.5486321232,66491.3979317874,153809.729706785,382285.249207118,1818166.55505694
"MM",2063,14628.1300377838,20198.1178063084,68112.8818941356,156480.382197629,386671.61202769,1833176.1839843
"MM",2064,15087.9070890273,20805.75313926,69780.9489649645,159196.282469978,391040.152092646,1847762.39655083
"MM",2065,15563.5919574343,21433.7732657754,71495.6313123664,161954.450732459,395377.09767591,1861843.14738867
"MM",2066,16055.915292068,22083.1088755895,73258.972902628,164756.376115831,399679.39908561,1875386.38432392
"MM",2067,16565.3232296823,22754.295367867,75071.6504691362,167600.306465062,403935.786853502,1888320.53590858
"MM",2068,17092.188755197,23447.7653745521,76933.9695294333,170483.564560067,408132.55401,1900562.07832238
"MM",2069,17637.3626965894,24164.604340497,78848.3393140031,173408.019875907,412266.627870151,1912076.33305506
"MM",2070,18201.2976328726,24905.3475779549,80815.3104941461,176371.262188745,416324.339594065,1922778.33181609
"MM",2071,18784.6007013641,25670.7392586596,82836.074351099,179372.166332277,420294.804064872,1932595.27954939
"MM",2072,19387.7114051427,26461.2913565047,84911.0288743816,182407.754583873,424162.495285973,1941432.21419255
"MM",2073,20011.4661421662,27278.0546573283,87042.2601040854,185478.549511805,427919.743853869,1949229.34830353
"MM",2074,20656.5294172741,28121.8410240834,89231.0262853909,188583.107219263,431553.885310213,1955902.85824809
"MM",2075,21323.5851318826,28993.4850201973,91478.6050617119,191719.86093612,435051.600183181,1961364.89634051
"MM",2076,21975.7293876477,29842.7736716219,93626.0685080646,194554.169440964,437649.92617526,1962165.5324337
"MM",2077,22648.8842856883,30718.5185198898,95826.9773751092,197406.465068161,440072.772391802,1961559.2420184
"MM",2078,23343.5614893743,31621.3206572804,98081.8828999432,200273.690681297,442303.511094183,1959443.47235152
"MM",2079,24060.6277919433,32552.2590635948,100392.773321643,203155.579101387,444331.335527172,1955740.46173157
"MM",2080,24800.9306755514,33512.3817031293,102761.471360659,206051.30439827,446143.683642381,1950363.14741651
"MM",2081,25183.6665857877,33966.7835147838,103256.702432096,204150.644152486,435070.668699953,1881196.10609182
"MM",2082,25576.2203014554,34432.937394882,103766.303443191,202208.991799099,423741.052378596,1810406.49307401
"MM",2083,25978.4326557208,34910.5722606117,104288.641799328,200220.491901281,412135.948499666,1737893.22234486
"MM",2084,26390.8118746496,35400.3146048185,104824.776509021,198184.490504074,400247.262944745,1663600.98344759
"MM",2085,26813.5112837904,35902.3115520709,105374.299417605,196097.400671322,388060.57245723,1587446.86121603
"MM",2086,27246.7828837035,36416.8414316347,105937.174211384,193956.28285304,375562.619369735,1509352.33140086
"MM",2087,27690.7573331558,36944.0190706701,106512.869822698,191757.22672635,362738.095254906,1429230.05730621
"MM",2088,28146.1889983307,37484.7895111096,107103.221039312,189500.486252633,349579.314622307,1347021.86849878
"MM",2089,28613.1130073466,38039.1353081059,107707.245617008,187181.099579585,336068.339156197,1262627.87785301
"MM",2090,29091.9613115485,38607.5661732577,108325.448241816,184796.669038221,322191.779095503,1175965.08869911
"MM",2091,29582.6428512776,39189.8957885376,108956.352287437,182341.317010393,307929.894935098,1086926.28177904
"MM",2092,30086.2399586295,39787.4913091917,109602.785685236,179816.318382024,293274.878249409,995445.786743963
"MM",2093,30602.8375180179,40400.3940253106,110263.824698622,177216.436852138,278207.254504346,901414.190070865
"MM",2094,31132.5255527326,41028.6521683689,110938.566839421,174536.478608389,262707.640880071,804722.478332408
"MM",2095,31675.8461844545,41672.908872476,111627.704921502,171773.711187334,246760.210703335,705271.893378159
"MM",2096,32233.5358569597,42334.0585329312,112332.54028966,168926.100600574,230349.395202664,602961.061527293
"MM",2097,32805.8092157054,43012.3057802381,113052.478377576,165988.517410291,213454.621153478,497671.797579592
"MM",2098,33393.4353534127,43708.5800627108,113788.798328509,162958.465276253,196058.314032978,389290.961810423
"MM",2099,33996.040390209,44422.3115410455,114538.828051684,159827.606855269,178135.257884949,277686.944621156
"MM",2100,34614.2350962377,45154.2191914514,115303.25083923,156592.410636009,159666.020565442,162739.630494869
"PK",2020,1186.2424298555,2607.02740322871,24290.2862966175,103767.648452558,341271.842372073,1633134.68701454
"PK",2021,1233.22592677418,2721.10447294881,25397.1050492821,108504.214609728,356852.294207506,1707696.47149729
"PK",2022,1249.70246073271,2774.57774024444,25976.7979194384,111015.077911342,365140.58732122,1747402.75525998
"PK",2023,1248.29403664016,2783.58679558409,26117.9870234758,111627.24413354,367155.25896257,1757064.95964129
"PK",2024,1233.44515828778,2745.59238211964,25731.7076248802,109968.692664071,361697.817578399,1730942.90937732
"PK",2025,1260.96008442754,2806.83934644255,26305.7145274095,112421.805748189,369766.347150802,1769555.70540124
"PK",2026,1404.38322492666,3030.33111100486,27475.908383676,116413.505089401,381828.455438276,1825474.69885162
"PK",2027,1562.35746719551,3273.52937205332,28708.3588347788,120537.584548169,394184.653444686,1882561.95257553
"PK",2028,1731.06748319336,3527.43973431236,29913.9280038207,124407.811381343,405558.994369921,1934701.83096673
"PK",2029,1909.71599754051,3790.05529705047,31071.5657913867,127931.777132666,415644.950521757,1980423.03559479
"PK",2030,2100.23702961405,4064.87504451688,32206.2839760922,131207.878032434,424757.175638864,2021216.17760273
"PK",2031,2301.69788699819,4349.66204417743,33295.5658157674,134138.19023671,432571.796925389,2055528.29792908
"PK",2032,2519.05454910216,4653.28110239475,34401.5748227771,136965.54005251,439863.349313729,2087025.1585949
"PK",2033,2753.55266645265,4977.14211002538,35524.3689192634,139675.81051146,446570.21551192,2115386.18795902
"PK",2034,3006.29049097776,5322.31738004865,36660.750781377,142240.872945798,452584.586799161,2140069.58179548
"PK",2035,3277.28903541363,5687.96546313354,37794.2604589793,144581.021271932,457634.40540546,2159756.63246872
"PK",2036,3549.58857809581,6044.43270189759,38725.1515860982,145927.957556811,459282.891517302,2162938.55243857
"PK",2037,3842.80704799501,6425.4054131591,39672.7749165895,147113.901061655,460156.072476502,2161994.26483387
"PK",2038,4156.17404675886,6828.69195757333,40611.988223803,148026.377253895,459878.696329238,2155118.97299749
"PK",2039,4491.3133485228,7256.15596763292,41543.3571314394,148649.350020383,458378.511025751,2141933.89721981
"PK",2040,4849.59929315902,7709.17807302365,42463.6177491201,148951.178447508,455532.743548948,2121819.84615422
"PK",2041,5232.61524989573,8189.41545190351,43370.2761086379,148901.522697489,451220.797278528,2094164.4852926
"PK",2042,5641.98527718611,8698.52439635005,44259.9471027747,148465.270540868,445305.359693321,2058273.76006538
"PK",2043,6079.49637813956,9238.34952562999,45129.3273621269,147605.821119736,437642.279070863,2013417.59841523
"PK",2044,6546.89481658696,9810.60861150924,45973.5756186187,146279.619950826,428064.129593793,1958753.8658256
"PK",2045,7046.22034522913,10417.3986274322,46788.758723826,144444.10465845,416403.694640972,1893436.26118423
"PK",2046,7579.47968045137,11060.6975148529,47569.3888075573,142049.588998239,402469.81958347,1816503.0677689
"PK",2047,8148.74177217101,11742.5125268655,48309.1984496067,139041.904050966,386055.388927339,1726914.12727185
"PK",2048,8756.21776743974,12464.995327932,49001.6122733089,135363.750742433,366941.074097019,1623567.58937483
"PK",2049,9404.35799047553,13230.5728540284,49640.1527500872,130955.538088386,344897.143284494,1505306.970134
"PK",2050,10095.7410042338,14041.7803917221,50217.6482651311,125752.842166048,319675.995378764,1370886.93107122
"PK",2051,10375.8079675783,14414.4333985533,51289.5742663933,127690.876555289,323256.358572363,1383293.23402098
"PK",2052,10668.2920704199,14803.4817090588,52406.6139232821,129703.193840671,326955.756457881,1396057.18228391
"PK",2053,10973.2841330487,15208.9966339843,53568.1724746723,131785.873056095,330759.83464117,1409107.61432674
"PK",2054,11290.9740569976,15631.1865475352,54774.1338328377,133936.158982504,334657.142767953,1422385.69213921
"PK",2055,11621.4544473424,16070.1245458657,56023.8988544551,136150.08887034,338633.164641552,1435819.43862288
"PK",2056,11964.9929183447,16526.1253397245,57317.7046911027,138425.714659472,342678.362130925,1449357.91032018
"PK",2057,12321.5410992071,16999.0664826365,58654.2611499578,140757.366768189,346773.922798223,1462910.79975903
"PK",2058,12691.4199157956,17489.3352252767,60034.0399482879,143143.61339391,350911.492558544,1476431.96013582
"PK",2059,13074.781725845,17997.085249801,61456.6911862074,145581.004461515,355077.657376701,1489853.70051982
"PK",2060,13471.9013013263,18522.6380790829,62922.4278186901,148067.392372447,359262.121197715,1503121.27836846
"PK",2061,13882.9592565439,19066.1846991825,64431.0025039011,150599.495593041,363451.739166417,1516167.80839121
"PK",2062,14308.3725006632,19628.2396176861,65983.2456292279,153176.504535832,367639.241077055,1528950.7018593
"PK",2063,14748.3332897179,20209.0074290843,67578.9186077192,155795.045383651,371811.041435901,1541400.73275117
"PK",2064,15202.9299628211,20808.5498179733,69217.2968546901,158450.599101106,375950.773022498,1553437.02958046
"PK",2065,15672.6015855321,21427.4079450479,70899.241759004,161142.249693301,380050.563100296,1565013.69279803
"PK",2066,16157.7896361286,22066.1240947954,72625.584247894,163868.906221623,384101.91620746,1576081.76266786
"PK",2067,16658.8009347711,22725.0546955685,74396.512734898,166627.932212802,388092.522400548,1586576.17207584
"PK",2068,17175.8633719175,23404.4472976411,76211.8401907688,169415.790908696,392007.855077594,1596422.50560422
"PK",2069,17709.4117567401,24104.8302583151,78072.2758778031,172230.881090513,395837.750642932,1605563.83779413
"PK",2070,18259.5032649337,24826.2164242961,79976.8356797138,175067.790960584,399563.134245166,1613906.72658892
"PK",2071,18826.7145474576,25569.3243706253,81926.7999973054,177926.037233624,403176.120777891,1621402.78400302
"PK",2072,19411.5502953593,26334.7721660004,83923.0833011301,180804.201709551,406666.41499048,1627993.21313219
"PK",2073,20014.1299998226,27122.6534404329,85964.8994050022,183697.107921332,410015.070617806,1633584.09510352
"PK",2074,20635.2527003079,27933.9815999433,88054.3594086345,186605.712671386,413216.708548878,1638135.26013808
"PK",2075,21275.2243989118,28769.099231898,90191.4059803443,189526.202564056,416255.013899203,1641562.24842966
"PK",2076,21894.7829440221,29574.9001045974,92209.3188424535,192107.478946755,418357.245068583,1640813.52002309
"PK",2077,22531.4086048982,30402.057077569,94266.8106732502,194682.576507338,420253.810484177,1638766.92858585
"PK",2078,23185.4317466468,31250.9517222558,96364.0423242972,197248.453591821,421930.763713858,1635349.06132425
"PK",2079,23857.6018131331,32122.5284929014,98502.8787484786,199805.451887389,423381.164263806,1630513.05771772
"PK",2080,24548.7294862539,33017.8104377891,100685.364329414,202354.071555712,424597.949768879,1624210.38578081
"PK",2081,24960.2354329146,33517.7666199978,101355.011243013,200830.929584592,414952.669696727,1570207.90005309
"PK",2082,25380.7740378976,34028.4051878937,102033.806050199,199247.555750111,405004.2793626,1514577.16971483
"PK",2083,25810.5682717858,34549.9804430792,102721.795877196,197601.60058121,394742.354513502,1457263.74533868
"PK",2084,26249.5426917528,35082.3465259102,103417.826790387,195888.365195623,384151.685999566,1398195.2580983
"PK",2085,26697.9981317782,35625.8608648009,104122.23485324,194105.995110651,373222.695531522,1337319.98358234
"PK",2086,27156.2691611297,36180.9238709873,104835.449007696,192252.694334974,361945.63942775,1274584.80046633
"PK",2087,27623.4292201983,36746.2561179922,105553.037153403,190317.774851222,350294.088581385,1209877.99319518
"PK",2088,28100.4120514034,37323.057219382,106277.758625813,188303.766102368,338266.570320296,1143175.94418272
"PK",2089,28586.9397936446,37910.9128741164,107007.701754086,186204.650547706,325845.567630163,1074398.67400757
"PK",2090,29083.470505964,38510.3860458153,107743.73461535,184019.324964042,313022.363820494,1003495.85824054
"PK",2091,29590.3812905958,39121.9294935081,108486.368163291,181745.897711333,299786.428982849,930409.814919965
"PK",2092,30106.9410648695,39744.5305746194,109232.045648313,179375.647454565,286115.926978328,855047.634753906
"PK",2093,30634.0541500729,40379.338700091,109983.203474237,176909.884663455,272005.546146257,777367.616503768
"PK",2094,31171.0912192872,41025.4781309489,110736.703056932,174340.730727015,257435.223819575,697283.648690176
"PK",2095,31718.6805263511,41683.731323912,111493.931355985,171667.620390797,242396.23722019,614742.373307571
"PK",2096,32276.8537690928,42354.0935212376,112254.116770952,168886.462274047,226874.290222935,529673.954742027
"PK",2097,32844.8180733394,43035.4798574218,113013.656223309,165989.025535777,210849.887795741,441997.918900683
"PK",2098,33423.4313176432,43728.9718775244,113774.692884156,162975.741776117,194315.22328385,351661.294062115
"PK",2099,34012.8649289952,44434.7482217611,114536.941939747,159843.25474165,177256.996374594,258596.603783903
"PK",2100,34614.2350962377,45154.2191914514,115303.25083923,156592.410636009,159666.020565442,162739.630494869
"PH",2020,1380.12946631455,3538.27432991882,37918.639690954,143016.589369827,429423.964108539,1967422.79187116
"PH",2021,1440.27175210469,3698.09146654611,39664.5257444018,149614.81969293,449251.164449618,2058284.34308562
"PH",2022,1544.87686021149,3974.29265379259,42753.025454699,161316.808419421,484419.338589954,2219446.33506826
"PH",2023,1632.51185975035,4192.49071869729,45118.7825936612,170254.660689384,511268.487624922,2342500.59686011
"PH",2024,1675.23952158768,4327.18920725064,46813.278167521,176738.771242641,530797.636999397,2432099.99345855
"PH",2025,1741.49903128979,4498.33932134832,48664.8491333185,183729.189136311,551791.883329787,2528295.04559076
"PH",2026,1937.19972338031,4780.26383733058,49829.4668750431,186717.987780739,559198.840314754,2559359.73434325
"PH",2027,2150.96166120952,5087.6894677346,51091.6002593419,189941.732546441,567162.946313792,2592705.38770768
"PH",2028,2377.60156155157,5406.65720870425,52295.4247602763,192808.531090521,573902.573551048,2620161.30450792
"PH",2029,2615.96002523222,5734.17156286838,53408.5276574225,195196.007836379,579050.187604479,2640043.44277215
"PH",2030,2867.18425892888,6072.55382040942,54450.6079896973,197174.491288106,582812.499303539,2653290.69398022
"PH",2031,3126.58192097278,6411.86150685147,55332.4703232564,198420.950191111,584234.639483741,2655555.86926937
"PH",2032,3401.11554210458,6766.54576515953,56180.6578663997,199390.882792012,584659.801249578,2652948.02642897
"PH",2033,3691.78011498634,7137.85700161756,56997.5694446186,200085.034121661,584080.959310654,2645418.01287405
"PH",2034,3999.29088914822,7526.42360247058,57779.7226502904,200482.578573761,582427.011371266,2632624.36958906
"PH",2035,4323.67197537274,7931.58231925814,58513.8240121538,200528.758571825,579528.412145748,2613780.91906302
"PH",2036,4659.67275608449,8343.32739711215,59121.6202386326,199950.537354274,574590.117865136,2585290.51017498
"PH",2037,5013.48030757497,8772.60988515591,59679.1646777961,199003.365145902,568344.011669912,2550441.95249374
"PH",2038,5389.50932775642,9226.39155686711,60224.3184994891,197802.209957874,561104.200937559,2510617.38728407
"PH",2039,5787.72515922017,9703.63106965988,60737.7895770666,196268.241681135,552627.255254776,2464689.18871129
"PH",2040,6209.41208313992,10205.5878981426,61215.8500311823,194374.425531864,542817.537314059,2412192.6981336
"PH",2041,6655.96322330386,10733.6458617359,61654.7949530334,192092.825919207,531575.603860113,2352643.802715
"PH",2042,7128.8522561205,11289.260370066,62050.5430303958,189393.226621509,518794.204299925,2285520.86234583
"PH",2043,7629.67496213753,11874.020417324,62398.9249349377,186243.934044038,504360.374917892,2210273.72256275
"PH",2044,8160.05171626602,12489.491782922,62694.7887130596,182608.998478047,488147.76081354,2126289.75589894
"PH",2045,8721.67309025462,13137.2912798381,62932.4358385378,178449.586129124,470020.430865046,2032910.78223679
"PH",2046,9316.12445792872,13818.8260001598,63104.4218389555,173720.66209308,449824.265458099,1929396.07932933
"PH",2047,9945.26274576027,14535.8625377342,63204.3081034046,168378.835516157,427407.682570389,1815012.15707911
"PH",2048,10611.0304657589,15290.2358717215,63225.1082927443,162377.686033694,402608.929995691,1688976.96332409
"PH",2049,11315.1503323868,16083.4138536257,63157.55606988,155663.448871997,375245.606255748,1550416.41016906
"PH",2050,12059.6469486276,16917.2562113679,62993.3534325293,148183.572020438,345136.229425476,1398455.63699686
"PH",2051,12347.6368368492,17297.9649919765,64049.4384320497,149883.396807325,347692.16920206,1405498.70313439
"PH",2052,12649.7245584443,17697.4326786784,65159.5748853928,151676.087352933,350403.083618548,1413024.91094955
"PH",2053,12965.5756340342,18115.1203725942,66320.6740012695,153552.029558984,353242.380415334,1420916.59381755
"PH",2054,13295.0144635351,18550.714072624,67530.5158197448,155503.721270008,356188.508147876,1429076.79772657
"PH",2055,13637.7922206267,19003.799735915,68786.5494762769,157522.972215324,359218.474177649,1437403.11046788
"PH",2056,13993.5150718444,19473.7640333764,70085.5461633054,159600.136490809,362306.144399814,1445780.97861007
"PH",2057,14362.279373853,19960.6784405338,71426.7830260938,161731.367649791,365438.721543816,1454149.48495349
"PH",2058,14743.9442099637,20464.2850288223,72808.364091567,163910.17563226,368597.458535559,1462424.09423291
"PH",2059,15138.3852304528,20984.3504800272,74228.50630248,166130.382165187,371764.417064619,1470523.74320176
"PH",2060,15545.3967367899,21520.5303651326,75685.0595309268,168385.04674419,374920.064604712,1478361.33667797
"PH",2061,15965.097966872,22072.9315741317,77177.4842922746,170670.866026524,378053.068715573,1485882.36478943
"PH",2062,16397.3966907964,22641.3687305059,78704.2208279515,172982.28419245,381147.114657074,1493012.75324579
"PH",2063,16842.3701033762,23225.8913279516,80264.5404912325,175315.606212011,384190.053024879,1499694.9070068
"PH",2064,17300.3869471872,23826.9504129952,81859.0944945502,177670.132654021,387176.263737125,1505896.62982417
"PH",2065,17770.829807921,24443.6385502121,83483.8621839743,180035.01301138,390077.984155775,1511499.5492367
"PH",2066,18254.3297980741,25076.7683518982,85140.740386068,182412.259449846,392895.518913458,1516494.55225738
"PH",2067,18750.7689414861,25726.1208199161,86828.0828925134,184796.196858756,395612.425800121,1520807.40318424
"PH",2068,19260.2791205791,26391.8207077673,88545.4186886531,187183.687200074,398217.764969213,1524385.20079378
"PH",2069,19782.950862829,27073.9358111769,90292.0810507467,189571.167598197,400699.670651912,1527171.44224022
"PH",2070,20318.7853058594,27772.411671297,92066.9968040618,191954.224897979,403044.485997194,1529102.81444219
"PH",2071,20868.2565660624,28487.8400433504,93871.230712378,194332.892951115,405247.870367381,1530151.29358805
"PH",2072,21431.1218622836,29219.832561495,95702.5945471737,196700.413954761,407291.203865163,1530234.63258423
"PH",2073,22007.7009861911,29968.7691344892,97561.4362859483,199055.291952469,409166.862388049,1529312.16367533
"PH",2074,22598.102784856,30734.7411600209,99447.1445324042,201394.023573639,410862.99240182,1527327.13520883
"PH",2075,23202.6353458385,31518.1104985157,101359.974751818,203714.840325204,412371.236814629,1524235.67749845
"PH",2076,23780.7386820326,32263.7909904513,103122.932829554,205662.416208228,412973.160761692,1517384.53324393
"PH",2077,24372.4307138124,33026.1539987139,104911.059522593,207589.019073109,413382.825235789,1509415.72843091
"PH",2078,24977.8901123225,33805.3865200738,106724.062918647,209491.81791362,413589.80109125,1500277.94845386
"PH",2079,25597.7570991324,34602.2988118528,108563.596094573,211371.741624094,413590.957904822,1489946.00828987
"PH",2080,26231.8216317038,35416.5494999467,110427.662354165,213222.518874798,413368.873075137,1478342.66386885
"PH",2081,26576.5005606049,35817.1661396115,110632.196069521,210910.556231428,402988.205519215,1424484.28234211
"PH",2082,26928.4331432019,36226.3268222886,110843.213334338,208558.879403893,392416.725110594,1369620.59201354
"PH",2083,27288.349344293,36644.9724105649,111062.926739582,206169.89228485,381655.020925802,1313742.1496565
"PH",2084,27655.822710742,37072.4871860296,111288.772002018,203736.973426394,370686.61680636,1256779.70659243
"PH",2085,28030.6079229986,37508.5024682279,111518.995150631,201255.169795742,359498.497293897,1198677.03242025
"PH",2086,28413.1965968381,37953.6368294416,111754.796036768,198724.909468054,348087.376678909,1139410.7006727
"PH",2087,28803.4950938688,38407.7243799931,111995.020725496,196142.314412568,336442.141420301,1078930.76605116
"PH",2088,29201.4720507266,38870.6835643813,112238.782336867,193504.032883879,324552.721445562,1017191.08078317
"PH",2089,29607.292241577,39342.6942981602,112485.955340995,190808.043515078,312411.321441853,954152.768792876
"PH",2090,30021.0627589794,39823.8590116743,112736.178949576,188051.887107681,300009.333073181,889774.147898891
"PH",2091,30442.6547155834,40313.9672086106,112988.208291597,185231.634808771,287335.816142227,824006.664016886
"PH",2092,30872.0496055643,40812.956025968,113241.236276234,182344.144667649,274381.228743191,756806.402797859
"PH",2093,31309.9422049583,41321.7046539778,113497.054712555,179390.415994962,261142.146689013,688145.907954291
"PH",2094,31756.2854171559,41840.1091673455,113754.688777982,176366.88009025,247607.976562113,617976.868593805
"PH",2095,32210.9088931883,42367.9045077994,114012.74633817,173269.382989438,233767.4708292,546249.997691933
"PH",2096,32674.0626927816,42905.379719336,114271.345020879,170096.121207397,219612.708265982,472924.413345955
"PH",2097,33145.7306803716,43452.4732254191,114529.650872205,166843.820917223,205133.716960697,397954.168771107
"PH",2098,33626.30028167,44009.6523076387,114788.220692162,163511.224553669,190322.975818338,321297.945702107
"PH",2099,34115.8116191123,44576.9276473381,115046.386162182,160095.223503799,175170.49632059,242908.782194697
"PH",2100,34614.2350962377,45154.2191914514,115303.25083923,156592.410636009,159666.020565442,162739.630494869
"TH",2020,1268.05664415571,7139.92438824526,94296.3580757338,269002.25600749,750512.932815346,2937561.65055745
"TH",2021,1728.85975105967,6125.36609666782,94042.7877941041,287878.945726541,886981.685222054,7909501.56459114
"TH",2022,1819.42645264838,6372.26500340353,97551.9037550993,298583.399022944,919891.503046474,8202559.72016518
"TH",2023,1747.67541676561,6383.41789594823,99629.4060248397,305249.471234427,940713.835970191,8389323.99708112
"TH",2024,1775.05232247557,6597.47366355209,103513.611614811,317175.803612252,977495.842286706,8717644.86415941
"TH",2025,1815.91085581155,6749.33572091362,105896.310027325,324476.623977471,999996.050281789,8918309.47487733
"TH",2026,2135.09069000363,7184.60726662729,107390.372226699,327285.249928593,1005747.20951588,8958256.04658535
"TH",2027,2467.42650406662,7617.60973230467,108485.353299292,328750.512944568,1007160.40607384,8958742.31878627
"TH",2028,2810.39575309337,8044.49538272195,109160.152527537,328820.781277407,1004097.89689717,8918623.34935097
"TH",2029,3163.66458892029,8467.97659441338,109485.409639024,327721.814959307,997270.734958956,8844300.26531546
"TH",2030,3527.35697918131,8890.9746068543,109524.437299198,325653.406589648,987304.171738332,8741386.43931535
"TH",2031,3884.42725350948,9274.57727008687,108840.345068757,321334.463794503,970344.57429498,8575883.04188631
"TH",2032,4253.7298854156,9668.79605784637,108075.259620598,316685.252758668,952232.354374307,8399573.78433481
"TH",2033,4636.10368199234,10075.116182187,107240.887189259,311737.796795803,933059.890323463,8213257.87123747
"TH",2034,5032.42784752413,10494.8945765094,106344.943449524,306511.235837056,912878.778719621,8017366.59579081
"TH",2035,5443.79316079406,10929.7485858522,105395.493565718,301024.541614552,891738.063613895,7812300.5424437
"TH",2036,5857.34684868585,11354.0882637463,104148.603154231,294582.52942295,867581.057920053,7580052.49989142
"TH",2037,6281.65869571441,11785.8538403997,102786.926132442,287712.095279957,841977.785225011,7334414.34905648
"TH",2038,6722.6145481269,12235.8131395039,101400.495497267,280662.939452853,815654.828074482,7081698.21388287
"TH",2039,7179.53057552773,12701.9020920752,99960.3188455389,273347.351467641,788343.720864568,6819517.03914448
"TH",2040,7653.39177222642,13185.2103957331,98465.227364929,265755.692465459,760004.813350177,6547478.37187384
"TH",2041,8145.20262823936,13686.7966265164,96912.8281178773,257874.32872723,730585.743025492,6265074.82220971
"TH",2042,8655.81124786126,14207.4087870254,95297.7781427305,249681.22503622,700009.3018697,5971581.50788289
"TH",2043,9186.51164045518,14748.4899068254,93618.8033670368,241164.546648917,668225.996740279,5666506.18231777
"TH",2044,9738.40248781122,15311.0997597249,91871.0511872622,232302.301267175,635156.355708668,5349094.414621
"TH",2045,10312.2633877009,15895.7680209139,90046.0109494078,223062.833062455,600693.661615837,5018358.69809251
"TH",2046,10909.1241100471,16503.4078368612,88137.3073688054,213419.742060399,564745.28213116,4673428.88682539
"TH",2047,11529.9794709965,17134.8578561341,86137.7899718704,203344.383585139,527211.881363415,4313375.88730465
"TH",2048,12175.454221938,17790.4006315653,84037.403720935,192801.143329937,487975.812733356,3937119.68093321
"TH",2049,12846.3210594712,18470.5530832699,81827.529440114,181758.063322845,446929.477785496,3543665.09607905
"TH",2050,13542.8451872974,19175.1189257557,79496.6908240395,170177.194507068,403951.350984486,3131910.47273027
"TH",2051,13809.313910343,19521.9400983449,80366.3869591167,171325.868978036,405002.36889018,3131562.77489483
"TH",2052,14100.4180330356,19902.555755874,81355.9296821111,172705.670540311,406542.267341714,3134702.49574602
"TH",2053,14413.8120835706,20313.5087232758,82448.4452778103,174277.289023891,408470.241964007,3140510.08337616
"TH",2054,14747.1782811103,20751.4030183241,83627.7237102185,176003.349532765,410691.291268724,3148217.10773462
"TH",2055,15098.779335881,21213.679883569,84881.3115389408,177854.877300194,413131.195542522,3157220.53480461
"TH",2056,15467.2163674298,21698.2716366877,86199.0136343745,179808.011006529,415728.528803179,3167019.8485646
"TH",2057,15850.4289219474,22202.1971131922,87567.2809192618,181832.253265198,418407.390511442,3177008.78704823
"TH",2058,16247.7515250389,22724.4447798368,88980.6275005569,183914.238688688,421132.244057014,3186892.50364764
"TH",2059,16658.2969479477,23263.700008349,90432.5138652737,186038.601145443,423863.402200414,3196347.00624032
"TH",2060,17081.2514055114,23818.7589198812,91916.9857394142,188191.385564617,426564.89901386,3205079.04032411
"TH",2061,17515.8676147006,24388.5178301642,93428.6167811668,190359.908256778,429204.118367233,3212823.00599586
"TH",2062,17961.5352455473,24972.0703961629,94962.8627787245,192533.454200231,431753.305886902,3219351.9543467
"TH",2063,18417.6804082785,25568.5665700475,96515.5005564097,194702.105609203,434186.858087998,3224456.92338781
"TH",2064,18884.3790681772,26178.0624742454,98085.8036219071,196863.103501096,436495.39721695,3228050.86207612
"TH",2065,19361.0811036715,26799.7475846391,99669.8221331805,199007.252606687,438655.357693156,3229942.24579109
"TH",2066,19847.1731310551,27432.728954816,101263.397865387,201125.078904435,440642.905456516,3229939.46211867
"TH",2067,20343.321118997,28077.8848501061,102868.965994254,203220.28180494,442463.26527797,3228064.98553498
"TH",2068,20848.2394476192,28733.3990323328,104479.072283208,205276.998995281,444079.007488492,3224029.74688643
"TH",2069,21362.4240880773,29399.9178482809,106095.354114081,207297.427512497,445492.273435519,3217834.76228992
"TH",2070,21885.905872373,30077.4449581978,107717.080852809,209279.067280008,446694.929156776,3209405.81463698
"TH",2071,22418.6599211676,30765.9077923058,109343.255261777,211218.90954783,447677.779031667,3198661.19481168
"TH",2072,22960.7873846401,31465.4071443069,110973.504108898,213115.162474842,448434.236657791,3185538.00685632
"TH",2073,23511.8901004219,32175.3601851408,112605.055346917,214961.445519102,448948.107345787,3169905.37050573
"TH",2074,24072.5212499319,32896.4876523567,114239.731461266,216760.197209732,449221.742022533,3151764.08282017
"TH",2075,24642.5364551917,33628.554563159,115875.988373889,218507.396941961,449243.916272146,3131018.59669354
"TH",2076,25146.452682783,34268.6587339206,117161.302426832,219541.390422897,447662.559697158,3098294.02601031
"TH",2077,25659.8375777789,34920.0284368672,118453.396017376,220539.788731237,445878.964383163,3063404.40816995
"TH",2078,26182.3666170199,35582.1838327238,119749.900301617,221497.04461777,443878.84352223,3026233.29954372
"TH",2079,26714.4883429525,36255.6971195351,121052.014809742,222414.254105561,441661.340274439,2986756.52005551
"TH",2080,27256.6494340069,36941.1350815316,122360.864887218,223292.289475894,439224.914112502,2944943.81514277
"TH",2081,27537.1674523623,37245.5632509911,121893.321418842,220120.645795142,426595.348819476,2821158.9030758
"TH",2082,27828.0177657122,37563.0601441777,121450.856305423,216966.162342256,413920.68980991,2696589.16947092
"TH",2083,28128.6404551208,37892.7990777791,121029.410059434,213819.355601415,401176.56150111,2571036.17177869
"TH",2084,28438.828650499,38234.4352744564,120626.585974482,210673.880958289,388345.0508421,2444346.56126424
"TH",2085,28758.2797927323,38587.4989055393,120239.663463397,207522.944653617,375407.752429878,2316366.0813875
"TH",2086,29087.4124684738,38952.490146744,119868.991331954,204365.128630392,362356.21340344,2187003.40199847
"TH",2087,29425.2151957675,39327.994482829,119509.033961529,201188.995435319,349164.253991603,2056060.46208818
"TH",2088,29771.8633977005,39714.1922118049,119159.269271114,197991.834102065,335821.695003277,1923439.35514972
"TH",2089,30127.3224936943,40110.9831407658,118818.326534339,194769.511344056,322315.907757088,1789027.88224273
"TH",2090,30490.8139434671,40517.2797389328,118481.97289955,191513.312185513,308627.018981705,1652676.08745147
"TH",2091,30863.6692915889,40934.8018536496,118154.252940602,188228.022204769,294757.288307522,1514355.34723979
"TH",2092,31244.5300368284,41361.6956649974,117828.78009805,184901.600170406,280681.964449657,1373893.18657451
"TH",2093,31634.3501690348,41799.1773147759,117508.086306427,181536.316026555,266399.033290319,1231236.45492361
"TH",2094,32033.018585935,42247.0495728355,117190.609423302,178127.891392946,251896.143665291,1086278.258582
"TH",2095,32440.3754535248,42705.0529778312,116874.655503365,174671.924123309,237161.022799419,938914.19878173
"TH",2096,32856.3721772513,43173.0765893741,116558.978859753,171164.761451851,222182.682795178,789047.33407017
"TH",2097,33282.0456951793,43652.4344777431,116246.15347665,167608.306572028,206957.165646032,636604.000079099
"TH",2098,33716.7818571352,44142.269957418,115932.867885775,163995.772141886,191469.068555904,481468.368047151
"TH",2099,34160.7804332931,44642.7966694162,115618.717174262,160324.67157604,175708.682821763,323545.864222167
"TH",2100,34614.2350962377,45154.2191914514,115303.25083923,156592.410636009,159666.020565442,162739.630494869
"VN",2020,1510.24311468903,4759.92878656933,49021.6629363361,175888.112892292,544483.05363676,2905374.41122809
"VN",2021,1539.44863625585,4828.92909564959,49607.8135418573,177960.391928497,550871.259964552,2939422.56874602
"VN",2022,1641.08744970899,5187.02493999062,53525.0796046107,192136.393473388,594852.920580284,3174308.25604198
"VN",2023,1719.50323308445,5421.136681896,55814.0134761118,200257.427139371,619918.782986141,3307897.35906343
"VN",2024,1814.97036044234,5746.63482656294,59380.0910346,213081.569338225,659615.299468444,3519744.04250628
"VN",2025,1913.42331916453,6058.36068925594,62601.1605236492,224640.166331182,695396.091963185,3710672.34771843
"VN",2026,2184.03682806413,6486.10837310672,64682.1808481589,230395.482799582,711047.757191502,3789601.28700896
"VN",2027,2469.39244744815,6916.9065862106,66556.9150791327,235236.458818102,723648.916221807,3851785.94784579
"VN",2028,2759.28647877969,7324.75595900611,67991.0960031238,238347.614582396,730706.990500767,3883993.25917549
"VN",2029,3053.87941437459,7714.80907701555,69063.2820501442,240029.38594896,733175.438049323,3891360.60060863
"VN",2030,3353.15925743912,8090.62333145816,69829.8301190645,240498.353681723,731742.843128719,3877600.75047396
"VN",2031,3638.43143133685,8411.77853782503,69975.3998825928,238697.848738439,723232.873128352,3825965.38956833
"VN",2032,3930.29692076387,8731.32540530053,69981.7889086467,236308.176615454,712785.654941794,3763752.28301227
"VN",2033,4228.30299605461,9049.10295650239,69854.2700398454,233353.336503807,700481.899453277,3691405.71831579
"VN",2034,4531.73595235941,9364.39175488157,69593.8056002425,229842.928469495,686359.094790677,3609142.2087493
"VN",2035,4839.35759103666,9675.47889014647,69194.7292227715,225765.428486852,670392.703033102,3516854.42915766
"VN",2036,5205.40258266354,10088.3324901672,69393.5994294017,223501.538608155,659620.740028818,3451394.3758396
"VN",2037,5599.55770299707,10537.4789156186,69680.1597474016,221341.971677658,648905.820614188,3385674.94448014
"VN",2038,6015.04116790739,11008.1230270462,69937.9312946398,218895.398622086,637070.23178234,3313483.21323427
"VN",2039,6453.38575270194,11501.9495702002,70167.0517596191,216149.669732453,624060.379961128,3234499.31632862
"VN",2040,6915.80267920096,12019.9671876017,70362.5369462815,213075.620590091,609771.726125572,3148135.19820397
"VN",2041,7403.69506727248,12563.4666345827,70520.5435371986,209646.881871687,594106.741851569,3053836.73106223
"VN",2042,7918.51431816818,13133.7532827032,70636.625623947,205834.370177417,576958.799596759,2950999.75500579
"VN",2043,8461.6767276829,13732.0140123802,70705.0729232641,201604.435694951,558207.099011905,2838944.40475691
"VN",2044,9034.4946262279,14359.223513361,70718.6202848994,196918.315929784,537715.603078705,2716910.76257421
"VN",2045,9638.40026719268,15016.5167153935,70670.4620226937,191738.021345781,515349.560458059,2584143.42388617
"VN",2046,10274.8529621657,15705.0331687354,70553.3983802975,186023.824864144,490968.432206003,2439855.23424532
"VN",2047,10944.7538285404,16425.0403620836,70356.0989182919,179724.749572609,464401.370812148,2283106.88684327
"VN",2048,11649.4951083607,17177.5589598448,70070.6449469668,172798.861558959,435501.477380804,2113078.28990938
"VN",2049,12389.6977249982,17962.4677581103,69684.4068028126,165192.510924272,404092.14443036,1928804.73247932
"VN",2050,13166.4478967905,18780.3610276883,69188.017296986,156860.731019894,370019.821824076,1729436.43423966
"VN",2051,13462.8229632094,19171.2469868543,70242.5909216994,158460.107291942,372208.944030363,1735261.83674852
"VN",2052,13771.2137963706,19577.9941370188,71340.136125573,160125.15817725,374489.463359745,1741337.67471671
"VN",2053,14091.4093297206,20000.22873627,72478.3965879661,161848.962432604,376841.440246718,1747560.69982044
"VN",2054,14423.5070555044,20438.0170555421,73656.7357000799,163628.268254407,379253.585556691,1753868.07988219
"VN",2055,14767.3608310879,20891.0805927196,74873.2798769922,165457.087558027,381708.291875839,1760167.83109001
"VN",2056,15123.2067725291,21359.682875958,76128.1134939515,167333.791377452,384198.074676595,1766414.83819861
"VN",2057,15490.6959649613,21843.2610951969,77418.3751181202,169250.274311171,386700.576685408,1772495.59784649
"VN",2058,15869.8434170819,22341.7687299659,78743.0714339432,171202.596628417,389203.127679304,1778341.49519603
"VN",2059,16260.9797185775,22855.603428194,80102.7732322245,173190.216357686,391700.775656121,1783919.16387352
"VN",2060,16664.3465280585,23385.0357945879,81497.5809249664,175211.520288165,394186.032031585,1789183.35497826
"VN",2061,17079.8149183676,23929.8158022281,82925.7732558758,177260.963068487,396642.528592784,1794048.4187062
"VN",2062,17507.3454973842,24489.8205697794,84386.0905393272,179334.031756485,399056.304376324,1798439.87829633
"VN",2063,17947.2959072153,25065.4828024911,85879.1900101208,181430.292665955,401422.487350798,1802324.25294192
"VN",2064,18400.1180735895,25657.3642446848,87406.1384042142,183550.105228636,403737.805691167,1805674.78789543
"VN",2065,18865.5920928333,26265.0880802267,88964.7833982318,185687.020779607,405983.908384658,1808396.9778233
"VN",2066,19344.0495878931,26889.0468136101,90555.5967658792,187840.108450111,408154.597109437,1810450.71591818
"VN",2067,19835.8566491392,27529.6786428415,92179.176630149,190008.637608873,410243.973382713,1811796.8168231
"VN",2068,20341.142128724,28187.090608975,93834.988653675,192189.489904813,412240.865966904,1812372.45153445
"VN",2069,20860.3366644267,28861.8069513807,95523.875005396,194382.338236067,414140.028623067,1812140.64949383
"VN",2070,21393.6971792405,29554.1090178729,97245.8422168881,196585.082510764,415932.275967394,1811046.70556581
"VN",2071,21941.4199292694,30264.1930754847,99000.600961309,198794.987984057,417606.997771769,1809029.45603919
"VN",2072,22503.6044311052,30992.1212898126,100787.414892819,201008.402991674,419151.614050495,1806019.06822092
"VN",2073,23080.9533746467,31738.7852073053,102608.228377344,203226.983933064,420564.526329047,1801992.75184799
"VN",2074,23673.9044504201,32504.7074393653,104463.736163884,205449.779090005,421838.433946729,1796902.31760322
"VN",2075,24282.6862923429,33290.1211762637,106353.672909726,207673.878028462,422961.851929725,1790681.23253746
"VN",2076,24857.9951847004,34027.4550274959,108062.4301332,209478.896302022,423080.058036601,1779715.58750197
"VN",2077,25447.9717762287,34782.7326165063,109801.259863583,211278.104590869,423036.522041403,1767582.08040297
"VN",2078,26053.3290800892,35556.8534416811,111572.05380986,213072.871634845,422828.630219958,1754252.23900649
"VN",2079,26675.1909588913,36351.2718406834,113378.370367617,214867.569941548,422459.304071123,1739719.14840531
"VN",2080,27313.8295442016,37166.2748877298,115220.043967572,216659.31253462,421916.708305605,1723913.50963653
"VN",2081,27584.1807228876,37450.9233792115,115046.914950705,213758.024048143,410053.31434344,1654498.9262397
"VN",2082,27863.778965158,37747.1143730456,114896.376691659,210867.023920215,398132.300188579,1584587.18384276
"VN",2083,28152.8168389962,38055.0370771338,114768.092095963,207983.424424989,386142.605342173,1514114.76546034
"VN",2084,28451.5405927941,38374.9519176832,114661.921702712,205104.652972181,374073.646711091,1443019.64542523
"VN",2085,28759.912346845,38706.7351344648,114576.565850914,202226.030553646,361910.920668102,1371224.39067456
"VN",2086,29077.8950181751,39050.2655804764,114510.752375836,199342.97719122,349640.230600115,1298653.20735882
"VN",2087,29405.6311812624,39405.6643675793,114463.932198603,196452.204401352,337249.730413362,1225239.35119871
"VN",2088,29743.4945273337,39773.3610811451,114436.436316448,193551.892581382,324729.985757323,1150924.41973433
"VN",2089,30091.4374663071,40153.2199680204,114426.943364503,190637.359673901,312066.578162215,1075631.63487446
"VN",2090,30449.1163710633,40544.7127003028,114433.04491435,187702.196646912,299242.491124572,999276.181641324
"VN",2091,30817.400199472,40948.9270809458,114456.913407224,184747.560683319,286252.915163136,921814.604139164
"VN",2092,31196.1763891608,41365.6407754832,114496.982242841,181768.365141725,273082.780362204,843167.922349375
"VN",2093,31585.7888517645,41795.2377888881,114553.376946754,178762.247476087,259721.217347968,763270.597413954
"VN",2094,31986.0238387343,42237.3630224948,114624.181752057,175723.616783367,246152.541638754,682042.37659681
"VN",2095,32396.8187421493,42691.8639366892,114708.069530934,172647.893091737,232362.805967959,599409.325205314
"VN",2096,32818.7151858365,43159.3843055394,114805.853667543,169533.7206899,218342.410246377,515308.760288716
"VN",2097,33251.0298907078,43638.9555301115,114914.038586706,166373.324019791,204073.311759239,429657.184177151
"VN",2098,33694.400702614,44131.3476600834,115033.770100162,163165.828394551,189546.499606453,342393.149934917
"VN",2099,34148.5329284758,44636.1060252278,115162.957834133,159905.641746837,174747.0762672,253442.280272102
"VN",2100,34614.2350962377,45154.2191914514,115303.25083923,156592.410636009,159666.020565442,162739.630494869
"OI",2020,903.249744547651,3376.09995675159,100622.714905598,439493.475616806,1414079.87134714,6652682.82366471
"OI",2021,773.744528089539,3317.31600557247,104891.455210591,461801.288685156,1556384.37601259,7244143.09310856
"OI",2022,673.451329643534,3068.92890267496,102073.713071574,456315.771881808,1507320.23958144,6588317.82369682
"OI",2023,699.291576073189,3251.95970627904,102427.880294704,458438.096140643,1502654.60741809,6552007.34446698
"OI",2024,764.515628561092,3446.31027480339,107406.967240853,489477.427343718,1600670.87283894,7063746.58052386
"OI",2025,779.749018022081,3514.97988031335,109547.10944551,499230.531145041,1632565.11004467,7204495.57072747
"OI",2026,1044.62542664395,3817.94375987035,108606.821039942,491981.136799953,1606026.34174721,7083025.71553148
"OI",2027,1315.68467524712,4123.73631051301,107462.899646919,483720.432113935,1576100.83047814,6946487.81261194
"OI",2028,1593.34304224789,4435.10729346342,106211.218630744,474888.238369099,1544229.63889905,6801245.52638167
"OI",2029,1877.21689396214,4751.4691530098,104846.770397759,465465.533301827,1510354.19013471,6647045.9374782
"OI",2030,2167.87340275048,5074.56341059749,103414.332310272,455653.665371557,1475130.33545743,6486779.32804246
"OI",2031,2473.0204074491,5421.26659268669,102231.666979459,446841.303823281,1443042.45532992,6340147.90510018
"OI",2032,2787.74786751096,5778.62996712086,101002.237829191,437707.621211515,1409800.42169632,6188264.25684774
"OI",2033,3112.7408628786,6147.6729027226,99733.7083686865,428280.659339196,1375489.36030013,6031493.93213233
"OI",2034,3448.50781102063,6528.96634504884,98423.8207937688,418544.403884042,1340051.43205804,5869573.27762909
"OI",2035,3795.42328150107,6922.81549612648,97065.9690829159,408464.14790022,1303368.74303514,5701975.26839777
"OI",2036,4217.11469723409,7441.1539252712,97110.8871334648,404069.40374934,1284602.92715554,5612405.36478871
"OI",2037,4659.32657566343,7980.94644769966,96996.5929972166,398712.73494183,1262465.64454982,5507609.99938695
"OI",2038,5129.86209289541,8554.96956015634,96860.2883893859,392944.885223199,1238686.72569938,5395113.43753508
"OI",2039,5626.79187523264,9158.96636987775,96621.0426092968,386411.807382894,1212122.4916665,5269890.33391078
"OI",2040,6151.64694413293,9794.71016085049,96274.3674365233,379075.987159334,1182633.96524771,5131302.32177403
"OI",2041,6705.60144255849,10463.361404496,95808.2803198148,370869.070161837,1149984.48241356,4978284.8103236
"OI",2042,7289.87575852049,11166.1502675168,95211.3538988334,361724.770480019,1113943.70234563,4809800.43487872
"OI",2043,7906.49673149427,11905.5155928937,94481.5550461044,351611.540947529,1074387.17280106,4625267.25719276
"OI",2044,8557.22698331845,12683.4240843428,93610.5126397892,340471.342361531,1031106.09319957,4423734.62378897
"OI",2045,9243.53698624327,13501.3753949983,92585.2025572922,328227.758177779,983834.267362975,4204002.74835558
"OI",2046,9967.92402880282,14362.3398061728,91401.6365303012,314835.044168097,932395.765123901,3965254.75441089
"OI",2047,10731.7124489601,15267.5370416876,90042.4801525772,300198.401095197,876465.479920448,3706032.73589137
"OI",2048,11536.460258289,16218.5279977867,88492.7336346267,284231.299833985,815743.086229452,3424984.66483774
"OI",2049,12384.8807671576,17218.4755396313,86745.3082698786,266871.267913433,749995.466871847,3121037.48130109
"OI",2050,13277.8498202058,18267.9442100582,84778.3732201133,248007.560994516,678849.715564769,2792529.01768116
"OI",2051,13539.2555467014,18607.994415889,85608.327120361,249000.977592227,679433.879401274,2791010.11935387
"OI",2052,13818.7774868235,18972.3071426306,86525.6006144164,250201.36736352,680512.435441035,2791392.44951431
"OI",2053,14115.9514688941,19360.1749582884,87524.2835042275,251586.403653286,682016.77380359,2793380.00161211
"OI",2054,14429.0568199709,19769.1725676794,88590.9077933389,253112.445263622,683821.125031746,2796443.80927058
"OI",2055,14757.4117141989,20198.3071944436,89718.7776785843,254755.900109584,685854.952581326,2800282.76392093
"OI",2056,15100.7926422991,20647.2173843172,90904.1562485501,256501.88761102,688071.648016442,2804694.3403168
"OI",2057,15458.6592702155,21115.1109743006,92141.5057101033,258330.638522634,690411.786508127,2809424.329196
"OI",2058,15829.6006580557,21600.0115821213,93420.3108958666,260208.816901752,692780.287588496,2814074.56499697
"OI",2059,16212.81838689,22100.7862332483,94733.9970349455,262114.66429949,695113.835880271,2818377.68943329
"OI",2060,16608.7765571788,22618.0262335767,96083.5058270973,264047.479568703,697405.368534843,2822295.20003454
"OI",2061,17017.5684996141,23151.8165499742,97467.573211386,266000.38514829,699631.327675204,2825721.49530471
"OI",2062,17439.6251444909,23702.7010874661,98886.8535393028,267971.710121633,701781.803735004,2828606.00930693
"OI",2063,17875.1490905878,24270.9120249964,100340.646776567,269955.998438434,703836.789770973,2830857.12308997
"OI",2064,18323.589234549,24855.658692813,101824.044718118,271936.516493506,705746.947033514,2832265.38170999
"OI",2065,18784.8177860365,25456.7275740488,103334.617196174,273903.395543911,707481.155401582,2832695.22404754
"OI",2066,19257.1034728367,26071.7354640089,104861.255147437,275824.043547711,708950.063594174,2831778.83600676
"OI",2067,19740.4817232947,26700.6982552207,106402.778199623,277692.602861769,710134.059080556,2829428.96486229
"OI",2068,20237.2603453448,27346.7027803178,107970.140881704,279534.656149169,711093.547441067,2825876.42543477
"OI",2069,20746.9658590921,28009.0697363097,109559.126319935,281335.826776259,711786.139425431,2820941.26510362
"OI",2070,21269.3055033506,28687.3665141141,111166.588339127,283084.728089652,712177.418352719,2814475.93857908
"OI",2071,21803.8252057955,29380.9451241214,112788.631458209,284768.261242596,712228.995008259,2806317.87085192
"OI",2072,22349.9630183733,30089.0151058047,114420.926041682,286372.49262643,711900.843128136,2796298.94282047
"OI",2073,22910.1321889013,30814.7909689197,116074.355279691,287921.523334876,711247.418441322,2784622.01383592
"OI",2074,23482.7175744533,31556.0624323307,117739.114658859,289387.540208191,710193.883168087,2770981.6045637
"OI",2075,24066.5456549655,32311.2205579645,119407.951754776,290749.738312838,708683.901532813,2755147.09488845
"OI",2076,24605.1175859048,33004.4510817688,120802.249867122,291333.460407618,705079.752783169,2730765.37380773
"OI",2077,25156.9574570036,33714.3615954723,122213.854485166,291852.571692853,701127.235719174,2704635.53567245
"OI",2078,25720.9358155334,34439.403253314,123635.771582532,292286.983875466,696771.917719448,2676534.68186047
"OI",2079,26298.3989162673,35181.3450086438,125073.032267292,292645.320800501,692028.334160839,2646505.94443655
"OI",2080,26889.8702790365,35940.8502204854,126526.54241435,292926.066688649,686886.135899033,2614495.36168207
"OI",2081,27190.503269338,36294.9156321168,125896.205777582,286722.975389837,663419.067924991,2506042.92684711
"OI",2082,27499.6128100247,36659.7030120554,125279.732345342,280491.613858919,639772.182795025,2396662.62472023
"OI",2083,27818.0609201412,37036.3247859277,124679.476477361,274233.485065805,615941.58063764,2286323.6917916
"OI",2084,28147.2777884335,37426.6436704119,124100.075420821,267954.471168912,591931.926524048,2175024.31175411
"OI",2085,28486.5034632949,37829.6050130886,123536.287496012,261638.572600315,567698.435352417,2062578.43560712
"OI",2086,28832.3397945686,38240.6610537249,122971.874335667,255247.618077178,543150.513155208,1948638.90756971
"OI",2087,29187.4061426414,38663.2584558301,122416.833457373,248799.353870359,518319.619162003,1833303.69762715
"OI",2088,29552.2370025825,39098.0688348715,121871.847789399,242291.111062051,493191.502273054,1716501.42333649
"OI",2089,29925.1153586306,39542.7858867573,121328.35215511,235701.932700025,467714.900002655,1598032.41786824
"OI",2090,30307.9005386633,39999.8350656621,120792.538593824,229040.223045455,441898.365230155,1477905.31816216
"OI",2091,30699.8114409074,40468.1499282027,120259.771464688,222293.022333294,415707.31905515,1355979.52339875
"OI",2092,31099.1634400042,40945.480068767,119722.177743032,215442.228123964,389099.547306897,1232094.85651405
"OI",2093,31507.7075466247,41434.1042489334,119185.35773999,208494.684394293,362079.586146363,1106243.89799084
"OI",2094,31924.926849775,41933.3119174223,118646.037797217,201440.860304521,334621.415795138,978319.737596861
"OI",2095,32350.5276584637,42442.6891401122,118101.920193672,194273.311865444,306703.585402923,848232.159885458
"OI",2096,32784.6828242909,42962.4356761963,117552.479211834,186987.715673262,278310.11512369,715907.814329467
"OI",2097,33228.2996822804,43493.712127989,116999.751827024,179583.609004765,249430.180811102,581284.617807524
"OI",2098,33681.424451037,44036.5483157064,116442.587265174,172055.153621973,220044.123062972,444274.941111686
"OI",2099,34143.7388824088,44590.4983645554,115878.61003254,164394.813117147,190130.439127385,304788.724641455
"OI",2100,34614.2350962377,45154.2191914514,115303.25083923,156592.410636009,159666.020565442,162739.630494869
