source,country,year,n_decreases,worst_drop
cash_constant,OE,2100,83,-102750
cash_constant,OB,2096,79,-392344
cash_constant,OI,2100,79,-47687
cash_constant,OB,2097,78,-401506
cash_constant,OB,2098,78,-410954
cash_constant,OB,2099,78,-420702
cash_constant,OB,2100,78,-430769
cash_constant,OI,2099,78,-20232
cash_constant,OB,2091,77,-350312
cash_constant,OB,2092,77,-358262
cash_constant,OB,2093,77,-366434
cash_constant,OB,2094,77,-374826
cash_constant,OB,2095,77,-383456
cash_constant,OE,2099,77,-100588
cash_constant,OB,2089,76,-335053
cash_constant,OB,2090,76,-342581
cash_constant,OE,2098,76,-98479
cash_constant,OI,2097,76,-19710
cash_constant,OI,2098,76,-19968
cash_constant,OE,2097,75,-96422
cash_constant,OI,2092,75,-18492
cash_constant,OI,2094,75,-18966
cash_constant,OI,2095,75,-19208
cash_constant,OI,2096,75,-21807
cash_constant,OB,2088,74,-327723
cash_constant,OI,2086,74,-17180
cash_constant,OI,2087,74,-17388
cash_constant,OI,2091,74,-18262
cash_constant,OI,2093,74,-18727
cash_constant,OI,2084,73,-16779
cash_constant,OI,2085,73,-16978
cash_constant,OB,2087,72,-320584
cash_constant,OE,2096,72,-94411
cash_constant,OI,2083,72,-16584
cash_constant,OI,2088,72,-17600
cash_constant,OI,2090,72,-18037
cash_constant,OB,2084,71,-300249
cash_constant,OB,2085,71,-306853
cash_constant,OB,2086,71,-313628
cash_constant,OI,2089,71,-17816
cash_constant,OB,2081,70,-281351
cash_constant,OB,2082,70,-287499
cash_constant,OB,2083,70,-293798
cash_constant,OI,2082,70,-16395
cash_constant,OB,2079,69,-268147
cash_constant,OB,2080,69,-275358
cash_constant,OI,2078,69,-16431
cash_constant,OI,2079,69,-15732
cash_constant,OI,2080,69,-16029
cash_constant,OI,2081,69,-16209
cash_constant,OB,2059,68,-160186
cash_constant,OB,2060,68,-164302
cash_constant,OB,2061,68,-168524
cash_constant,OB,2062,68,-172856
cash_constant,OB,2063,68,-177306
cash_constant,OB,2064,68,-181865
cash_constant,OB,2065,68,-186548
cash_constant,OB,2066,68,-191361
cash_constant,OB,2067,68,-196297
cash_constant,OB,2068,68,-201366
cash_constant,OB,2069,68,-206573
cash_constant,OB,2070,68,-211923
cash_constant,OB,2071,68,-217455
cash_constant,OB,2072,68,-223157
cash_constant,OB,2073,68,-229022
cash_constant,OB,2074,68,-235047
cash_constant,OB,2075,68,-241242
cash_constant,OB,2076,68,-247693
cash_constant,OB,2077,68,-254317
cash_constant,OB,2078,68,-261134
cash_constant,OE,2094,68,-90525
cash_constant,OE,2095,68,-92446
cash_constant,OI,2065,68,-11378
cash_constant,OI,2066,68,-11646
cash_constant,OI,2067,68,-11925
cash_constant,OI,2068,68,-12667
cash_constant,OI,2069,68,-13462
cash_constant,OI,2070,68,-14317
cash_constant,OI,2071,68,-14709
cash_constant,OI,2073,68,-15471
cash_constant,OI,2074,68,-15843
cash_constant,OI,2075,68,-16204
cash_constant,OI,2076,68,-16500
cash_constant,OI,2077,68,-16792
cash_constant,OE,2091,67,-85009
cash_constant,OE,2092,67,-86809
cash_constant,OE,2093,67,-88647
cash_constant,OI,2055,67,-9089
cash_constant,OI,2056,67,-9284
cash_constant,OI,2057,67,-9488
cash_constant,OI,2058,67,-9698
cash_constant,OI,2059,67,-9917
cash_constant,OI,2060,67,-10142
cash_constant,OI,2061,67,-10374
cash_constant,OI,2062,67,-10614
cash_constant,OI,2063,67,-10861
cash_constant,OI,2064,67,-11116
cash_constant,OI,2072,67,-15092
cash_constant,OB,2057,66,-152258
cash_constant,OB,2058,66,-156170
cash_constant,OE,2090,66,-83250
cash_constant,OI,2053,66,-8722
cash_constant,OI,2054,66,-8901
cash_constant,OB,2050,65,-127201
cash_constant,OB,2051,65,-130564
cash_constant,OB,2052,65,-133989
cash_constant,OB,2053,65,-137475
cash_constant,OB,2054,65,-141051
cash_constant,OB,2055,65,-144709
cash_constant,OB,2056,65,-148445
cash_constant,OE,2087,65,-78199
cash_constant,OE,2088,65,-79845
cash_constant,OE,2089,65,-81530
cash_constant,OI,2050,65,-8242
cash_constant,OI,2051,65,-8392
cash_constant,OI,2052,65,-8553
cash_constant,OB,2049,64,-121898
cash_constant,OE,2086,63,-76588
cash_constant,OI,2049,63,-7746
cash_constant,OB,2048,62,-116836
cash_constant,OE,2082,62,-70478
cash_constant,OE,2083,62,-71956
cash_constant,OE,2084,62,-73467
cash_constant,OE,2085,62,-75010
cash_constant,OB,2043,61,-94280
cash_constant,OB,2044,61,-98443
cash_constant,OB,2045,61,-102786
cash_constant,OB,2046,61,-107296
cash_constant,OD,2096,61,-523739
cash_constant,OD,2099,61,-556069
cash_constant,OD,2100,61,-567346
cash_constant,OI,2047,61,-6841
cash_constant,OI,2048,61,-7281
cash_constant,OB,2047,60,-111977
cash_constant,OD,2093,60,-493421
cash_constant,OD,2095,60,-513424
cash_constant,OD,2097,60,-534281
cash_constant,OD,2098,60,-545053
cash_constant,OE,2069,60,-49157
cash_constant,OE,2070,60,-50571
cash_constant,OE,2071,60,-52038
cash_constant,OE,2076,60,-60129
cash_constant,OE,2077,60,-61914
cash_constant,OE,2078,60,-63756
cash_constant,OE,2079,60,-65655
cash_constant,OE,2080,60,-67613
cash_constant,OE,2081,60,-69030
cash_constant,OB,2042,59,-90314
cash_constant,OD,2089,59,-455747
cash_constant,OD,2090,59,-464882
cash_constant,OD,2092,59,-483717
cash_constant,OD,2094,59,-503319
cash_constant,OE,2052,59,-30783
cash_constant,OE,2053,59,-31606
cash_constant,OE,2054,59,-32461
cash_constant,OE,2055,59,-33345
cash_constant,OE,2056,59,-34257
cash_constant,OE,2057,59,-35196
cash_constant,OE,2058,59,-36168
cash_constant,OE,2059,59,-37173
cash_constant,OE,2060,59,-38210
cash_constant,OE,2061,59,-39282
cash_constant,OE,2062,59,-40386
cash_constant,OE,2063,59,-41525
cash_constant,OE,2064,59,-42700
cash_constant,OE,2065,59,-43912
cash_constant,OE,2066,59,-45165
cash_constant,OE,2067,59,-46456
cash_constant,OE,2068,59,-47786
cash_constant,OE,2072,59,-53554
cash_constant,OE,2073,59,-55120
cash_constant,OE,2074,59,-56734
cash_constant,OE,2075,59,-58395
cash_constant,OI,2046,59,-6429
cash_constant,OB,2040,58,-82901
cash_constant,OD,2091,58,-474206
cash_constant,OE,2047,58,-25036
cash_constant,OE,2048,58,-26348
cash_constant,OE,2049,58,-27737
cash_constant,OE,2050,58,-29215
cash_constant,OE,2051,58,-29986
cash_constant,AR,2099,57,-26093
cash_constant,AR,2100,57,-26552
cash_constant,OB,2041,57,-86522
cash_constant,OD,2088,57,-446792
cash_constant,OE,2044,57,-21520
cash_constant,OE,2045,57,-22625
cash_constant,OE,2046,57,-23796
cash_constant,OI,2045,57,-6039
cash_constant,AR,2093,56,-33899
cash_constant,AR,2095,56,-27578
cash_constant,AR,2096,56,-24828
cash_constant,AR,2097,56,-25199
cash_constant,AR,2098,56,-25641
cash_constant,OB,2039,56,-79370
cash_constant,OD,2085,56,-420968
cash_constant,OE,2043,56,-20483
cash_constant,AR,2092,55,-37316
cash_constant,AR,2094,55,-30605
cash_constant,OB,2038,55,-75940
cash_constant,OD,2086,55,-429406
cash_constant,OD,2087,55,-438015
cash_constant,OE,2042,55,-19514
cash_constant,OB,2033,54,-74630
cash_constant,OB,2035,54,-67192
cash_constant,OB,2036,54,-69541
cash_constant,OB,2037,54,-72688
cash_constant,OD,2082,54,-396597
cash_constant,OD,2083,54,-404567
cash_constant,OE,2041,54,-18609
cash_constant,OI,2044,54,-5674
cash_constant,AR,2090,53,-33513
cash_constant,AR,2091,53,-35965
cash_constant,OB,2032,53,-78481
cash_constant,OB,2034,53,-70869
cash_constant,OD,2084,53,-412693
cash_constant,OE,2038,53,-16202
cash_constant,OE,2039,53,-16963
cash_constant,OE,2040,53,-17766
cash_constant,OI,2042,53,-5012
cash_constant,OI,2043,53,-5331
cash_constant,AR,2089,52,-30976
cash_constant,BR,2100,52,-98820
cash_constant,OB,2030,52,-86464
cash_constant,OB,2031,52,-82424
cash_constant,AR,2086,51,-26322
cash_constant,AR,2087,51,-25663
cash_constant,AR,2088,51,-28357
cash_constant,BR,2094,51,-83563
cash_constant,BR,2099,51,-104882
cash_constant,OB,2029,51,-90684
cash_constant,OD,2081,51,-388783
cash_constant,OE,2037,51,-15501
cash_constant,OI,2041,51,-4713
cash_constant,AR,2082,50,-26001
cash_constant,AR,2083,50,-27932
cash_constant,AR,2084,50,-29858
cash_constant,AR,2085,50,-29125
cash_constant,BR,2095,50,-83052
cash_constant,BR,2096,50,-92986
cash_constant,BR,2098,50,-114491
cash_constant,OB,2027,50,-99516
cash_constant,OB,2028,50,-95032
cash_constant,OD,2079,50,-370884
cash_constant,OD,2080,50,-381120
cash_constant,OI,2040,50,-4435
cash_constant,AR,2080,49,-22128
cash_constant,AR,2081,49,-24065
cash_constant,BR,2093,49,-83921
cash_constant,BR,2097,49,-104958
cash_constant,OD,2077,49,-351244
cash_constant,OD,2078,49,-360928
cash_constant,OE,2036,49,-14842
cash_constant,AR,2057,48,-13530
cash_constant,AR,2058,48,-13715
cash_constant,AR,2059,48,-13900
cash_constant,AR,2060,48,-14087
cash_constant,AR,2061,48,-14276
cash_constant,AR,2062,48,-14467
cash_constant,AR,2063,48,-14660
cash_constant,AR,2064,48,-14855
cash_constant,AR,2065,48,-15053
cash_constant,AR,2066,48,-15254
cash_constant,AR,2067,48,-15491
cash_constant,AR,2068,48,-15701
cash_constant,AR,2069,48,-15910
cash_constant,AR,2077,48,-18533
cash_constant,AR,2078,48,-18667
cash_constant,AR,2079,48,-19914
cash_constant,BR,2092,48,-84399
cash_constant,OD,2076,48,-341823
cash_constant,AR,2050,47,-12278
cash_constant,AR,2051,47,-12454
cash_constant,AR,2052,47,-12631
cash_constant,AR,2053,47,-12808
cash_constant,AR,2054,47,-12987
cash_constant,AR,2055,47,-13167
cash_constant,AR,2056,47,-13348
cash_constant,AR,2070,47,-16116
cash_constant,AR,2071,47,-16629
cash_constant,AR,2072,47,-17084
cash_constant,AR,2073,47,-17483
cash_constant,AR,2074,47,-17825
cash_constant,AR,2075,47,-18112
cash_constant,AR,2076,47,-18349
cash_constant,BR,2088,47,-85945
cash_constant,BR,2089,47,-85916
cash_constant,BR,2090,47,-85686
cash_constant,BR,2091,47,-84989
cash_constant,OD,2075,47,-332661
cash_constant,OE,2035,47,-14211
cash_constant,OI,2038,47,-3927
cash_constant,OI,2039,47,-4172
cash_constant,AR,2049,46,-11976
cash_constant,OD,2074,46,-323858
cash_constant,OI,2037,46,-3699
cash_constant,BR,2078,45,-72231
cash_constant,BR,2079,45,-72399
cash_constant,BR,2080,45,-72541
cash_constant,BR,2081,45,-72377
cash_constant,BR,2082,45,-74800
cash_constant,BR,2083,45,-77166
cash_constant,BR,2084,45,-79436
cash_constant,BR,2085,45,-81596
cash_constant,BR,2086,45,-83639
cash_constant,BR,2087,45,-85550
cash_constant,OB,2026,45,-103927
cash_constant,OD,2070,45,-291066
cash_constant,OD,2071,45,-298896
cash_constant,OD,2072,45,-306976
cash_constant,OD,2073,45,-315301
cash_constant,OI,2036,45,-3486
cash_constant,AR,2048,44,-11791
cash_constant,BR,2046,44,-72511
cash_constant,BR,2049,44,-56440
cash_constant,BR,2053,44,-55976
cash_constant,BR,2054,44,-56701
cash_constant,BR,2055,44,-57436
cash_constant,BR,2056,44,-58182
cash_constant,BR,2057,44,-58939
cash_constant,BR,2058,44,-59709
cash_constant,BR,2059,44,-60494
cash_constant,BR,2060,44,-61291
cash_constant,CO,2094,44,-76435
cash_constant,CO,2095,44,-87788
cash_constant,CO,2096,44,-96127
cash_constant,CO,2097,44,-104264
cash_constant,CO,2098,44,-104830
cash_constant,CO,2099,44,-98348
cash_constant,CO,2100,44,-95360
cash_constant,OD,2069,44,-283501
cash_constant,OI,2035,44,-3285
cash_constant,AR,2047,43,-11755
cash_constant,BR,2044,43,-86694
cash_constant,BR,2045,43,-79449
cash_constant,BR,2047,43,-66069
cash_constant,BR,2048,43,-60161
cash_constant,BR,2050,43,-53651
cash_constant,BR,2051,43,-54551
cash_constant,BR,2052,43,-55261
cash_constant,BR,2061,43,-62103
cash_constant,BR,2062,43,-62930
cash_constant,BR,2063,43,-63772
cash_constant,BR,2064,43,-64628
cash_constant,BR,2065,43,-65500
cash_constant,BR,2066,43,-66387
cash_constant,BR,2067,43,-67288
cash_constant,BR,2068,43,-68204
cash_constant,BR,2069,43,-69133
cash_constant,BR,2070,43,-70076
cash_constant,BR,2071,43,-70415
cash_constant,BR,2072,43,-70738
cash_constant,BR,2073,43,-71040
cash_constant,BR,2074,43,-71322
cash_constant,BR,2075,43,-71584
cash_constant,BR,2076,43,-71823
cash_constant,BR,2077,43,-72039
cash_constant,CO,2092,43,-88088
cash_constant,CO,2093,43,-81983
cash_constant,OD,2066,43,-262052
cash_constant,OD,2067,43,-268999
cash_constant,OD,2068,43,-276147
cash_constant,OE,2034,43,-13588
cash_constant,OI,2032,43,-2776
cash_constant,OI,2033,43,-2943
cash_constant,OI,2034,43,-3110
cash_constant,BR,2042,42,-93327
cash_constant,BR,2043,42,-90046
cash_constant,CO,2091,42,-94536
cash_constant,OD,2058,42,-213174
cash_constant,OD,2059,42,-218681
cash_constant,OD,2060,42,-224347
cash_constant,OD,2061,42,-230183
cash_constant,OD,2062,42,-236191
cash_constant,OD,2063,42,-242376
cash_constant,OD,2064,42,-248739
cash_constant,OD,2065,42,-255297
cash_constant,OE,2033,42,-12996
cash_constant,OI,2031,42,-2612
cash_constant,AR,2046,41,-11700
cash_constant,BR,2041,41,-96538
cash_constant,KR,2100,41,-55246
cash_constant,OD,2050,41,-174628
cash_constant,OD,2051,41,-178954
cash_constant,OD,2052,41,-183412
cash_constant,OD,2053,41,-187996
cash_constant,OD,2054,41,-192737
cash_constant,OD,2055,41,-197630
cash_constant,OD,2056,41,-202664
cash_constant,OD,2057,41,-207836
cash_constant,AR,2042,40,-10649
cash_constant,AR,2043,40,-11022
cash_constant,AR,2045,40,-11532
cash_constant,BR,2040,40,-99682
cash_constant,CO,2075,40,-55463
cash_constant,CO,2076,40,-56847
cash_constant,CO,2077,40,-58393
cash_constant,CO,2078,40,-60098
cash_constant,CO,2079,40,-61963
cash_constant,CO,2080,40,-63983
cash_constant,CO,2089,40,-100818
cash_constant,CO,2090,40,-99299
cash_constant,OE,2031,40,-11827
cash_constant,OE,2032,40,-12409
cash_constant,OI,2030,40,-2453
cash_constant,AR,2044,39,-11310
cash_constant,BR,2033,39,-126789
cash_constant,CO,2073,39,-53475
cash_constant,CO,2074,39,-54220
cash_constant,CO,2081,39,-65643
cash_constant,CO,2082,39,-67284
cash_constant,CO,2083,39,-68901
cash_constant,CO,2084,39,-73836
cash_constant,CO,2085,39,-79321
cash_constant,CO,2086,39,-84836
cash_constant,CO,2087,39,-90372
cash_constant,CO,2088,39,-95919
cash_constant,OE,2030,39,-11266
cash_constant,AR,2041,38,-10172
cash_constant,BR,2030,38,-137359
cash_constant,BR,2031,38,-135809
cash_constant,BR,2032,38,-132879
cash_constant,BR,2034,38,-120765
cash_constant,BR,2037,38,-108682
cash_constant,BR,2038,38,-105752
cash_constant,BR,2039,38,-102753
cash_constant,CO,2071,38,-52586
cash_constant,CO,2072,38,-53036
cash_constant,JP,2100,38,-60677
cash_constant,OH,2100,38,-8489
cash_constant,AR,2040,37,-10207
cash_constant,BR,2027,37,-141436
cash_constant,BR,2028,37,-140191
cash_constant,BR,2029,37,-138834
cash_constant,BR,2035,37,-114828
cash_constant,BR,2036,37,-111540
cash_constant,CO,2049,37,-37001
cash_constant,CO,2050,37,-35451
cash_constant,CO,2051,37,-36346
cash_constant,CO,2052,37,-37257
cash_constant,CO,2053,37,-38186
cash_constant,CO,2054,37,-38935
cash_constant,CO,2055,37,-39662
cash_constant,CO,2056,37,-40402
cash_constant,CO,2057,37,-41152
cash_constant,CO,2058,37,-41915
cash_constant,CO,2059,37,-42691
cash_constant,CO,2060,37,-43481
cash_constant,CO,2061,37,-44283
cash_constant,CO,2062,37,-45099
cash_constant,CO,2063,37,-45928
cash_constant,CO,2064,37,-46772
cash_constant,CO,2065,37,-47630
cash_constant,CO,2066,37,-48501
cash_constant,CO,2067,37,-49387
cash_constant,CO,2068,37,-50286
cash_constant,CO,2069,37,-51200
cash_constant,CO,2070,37,-52127
cash_constant,JP,2099,37,-59681
cash_constant,OA,2099,37,-53944
cash_constant,OA,2100,37,-70319
cash_constant,OE,2029,37,-10949
cash_constant,OI,2029,37,-3916
cash_constant,JP,2098,36,-58691
cash_constant,KR,2097,36,-7687
cash_constant,OD,2047,36,-149668
cash_constant,OD,2048,36,-157527
cash_constant,OD,2049,36,-165824
cash_constant,OH,2099,36,-7994
cash_constant,AR,2038,35,-11164
cash_constant,AR,2039,35,-10659
cash_constant,BR,2026,35,-142046
cash_constant,CL,2097,35,-65945
cash_constant,CL,2098,35,-67883
cash_constant,CL,2100,35,-71862
cash_constant,JP,2095,35,-55766
cash_constant,JP,2096,35,-56734
cash_constant,JP,2097,35,-57709
cash_constant,KR,2098,35,-9792
cash_constant,OA,2098,35,-18410
cash_constant,OD,2046,35,-142217
cash_constant,OH,2098,35,-11962
cash_constant,OI,2027,35,-5719
cash_constant,OI,2028,35,-6714
cash_constant,CL,2099,34,-69855
cash_constant,CO,2048,34,-38911
cash_constant,JP,2092,34,-72460
cash_constant,JP,2093,34,-65958
cash_constant,JP,2094,34,-58749
cash_constant,OA,2097,34,-21065
cash_constant,OE,2028,34,-10714
cash_constant,AR,2037,33,-11720
cash_constant,CL,2093,33,-88384
cash_constant,CL,2094,33,-78947
cash_constant,CL,2095,33,-69455
cash_constant,CL,2096,33,-64042
cash_constant,CO,2044,33,-55426
cash_constant,CO,2045,33,-51175
cash_constant,CO,2046,33,-45613
cash_constant,CO,2047,33,-41090
cash_constant,KR,2091,33,-6528
cash_constant,KR,2096,33,-9624
cash_constant,KR,2099,33,-15617
cash_constant,OE,2027,33,-10579
cash_constant,OH,2097,33,-10217
cash_constant,AR,2036,32,-12324
cash_constant,CL,2086,32,-48606
cash_constant,CL,2087,32,-57988
cash_constant,CL,2088,32,-67211
cash_constant,CL,2089,32,-76239
cash_constant,CL,2090,32,-85057
cash_constant,CL,2091,32,-92509
cash_constant,CL,2092,32,-90243
cash_constant,CO,2042,32,-60770
cash_constant,CO,2043,32,-58028
cash_constant,JP,2088,32,-71866
cash_constant,JP,2089,32,-75227
cash_constant,JP,2090,32,-74092
cash_constant,JP,2091,32,-73170
cash_constant,KR,2089,32,-5906
cash_constant,KR,2090,32,-4638
cash_constant,KR,2092,32,-4628
cash_constant,KR,2093,32,-2934
cash_constant,OA,2096,32,-12232
cash_constant,OD,2045,32,-135156
cash_constant,AR,2034,31,-14811
cash_constant,AR,2035,31,-12971
cash_constant,CL,2056,31,-23681
cash_constant,CL,2057,31,-24168
cash_constant,CL,2058,31,-24663
cash_constant,CL,2059,31,-25164
cash_constant,CL,2060,31,-25671
cash_constant,CL,2061,31,-26186
cash_constant,CL,2062,31,-26706
cash_constant,CL,2063,31,-27233
cash_constant,CL,2064,31,-27767
cash_constant,CL,2065,31,-28375
cash_constant,CL,2066,31,-29090
cash_constant,CL,2067,31,-29809
cash_constant,CL,2068,31,-30529
cash_constant,CL,2070,31,-31974
cash_constant,CL,2071,31,-33486
cash_constant,CL,2072,31,-34846
cash_constant,CL,2073,31,-36052
cash_constant,CL,2074,31,-37103
cash_constant,CL,2079,31,-40115
cash_constant,CL,2080,31,-40277
cash_constant,CL,2081,31,-40184
cash_constant,CL,2083,31,-41032
cash_constant,CL,2084,31,-41560
cash_constant,CL,2085,31,-42134
cash_constant,CO,2034,31,-86843
cash_constant,CO,2035,31,-82887
cash_constant,IT,2099,31,-494979
cash_constant,IT,2100,31,-479976
cash_constant,JP,2081,31,-38356
cash_constant,JP,2082,31,-38663
cash_constant,JP,2083,31,-38997
cash_constant,JP,2084,31,-40528
cash_constant,JP,2085,31,-48733
cash_constant,JP,2086,31,-56694
cash_constant,JP,2087,31,-64404
cash_constant,KR,2086,31,-3571
cash_constant,KR,2087,31,-3157
cash_constant,KR,2088,31,-5912
cash_constant,KR,2095,31,-8518
cash_constant,OA,2088,31,-15530
cash_constant,OA,2090,31,-15033
cash_constant,OA,2091,31,-13526
cash_constant,OA,2092,31,-10768
cash_constant,OA,2093,31,-10794
cash_constant,OA,2094,31,-10966
cash_constant,OA,2095,31,-11141
cash_constant,OH,2096,31,-8096
cash_constant,CL,2049,30,-18363
cash_constant,CL,2050,30,-20886
cash_constant,CL,2051,30,-21337
cash_constant,CL,2052,30,-21794
cash_constant,CL,2053,30,-22256
cash_constant,CL,2054,30,-22725
cash_constant,CL,2055,30,-23200
cash_constant,CL,2069,30,-31251
cash_constant,CL,2075,30,-37998
cash_constant,CL,2076,30,-38750
cash_constant,CL,2077,30,-39353
cash_constant,CL,2078,30,-39807
cash_constant,CL,2082,30,-40546
cash_constant,CO,2032,30,-90345
cash_constant,CO,2033,30,-90153
cash_constant,CO,2036,30,-79501
cash_constant,CO,2037,30,-76169
cash_constant,CO,2038,30,-72902
cash_constant,CO,2039,30,-69719
cash_constant,CO,2040,30,-66629
cash_constant,CO,2041,30,-63640
cash_constant,JP,2067,30,-50440
cash_constant,JP,2068,30,-49710
cash_constant,JP,2069,30,-48983
cash_constant,JP,2070,30,-48259
cash_constant,JP,2071,30,-47373
cash_constant,JP,2072,30,-46571
cash_constant,JP,2073,30,-45844
cash_constant,JP,2074,30,-44520
cash_constant,JP,2075,30,-43027
cash_constant,JP,2076,30,-41591
cash_constant,JP,2077,30,-40195
cash_constant,JP,2078,30,-38838
cash_constant,JP,2079,30,-38067
cash_constant,JP,2080,30,-38075
cash_constant,KR,2083,30,-2676
cash_constant,KR,2084,30,-4543
cash_constant,KR,2085,30,-4034
cash_constant,KR,2094,30,-12755
cash_constant,OA,2089,30,-15260
cash_constant,OH,2093,30,-6335
cash_constant,OH,2094,30,-7005
cash_constant,OH,2095,30,-9393
cash_constant,AR,2033,29,-16819
cash_constant,CL,2048,29,-16120
cash_constant,IT,2097,29,-449982
cash_constant,JP,2060,29,-55650
cash_constant,JP,2061,29,-54898
cash_constant,JP,2062,29,-54148
cash_constant,JP,2063,29,-53401
cash_constant,JP,2064,29,-52656
cash_constant,JP,2065,29,-51914
cash_constant,JP,2066,29,-51175
cash_constant,KR,2076,29,-2567
cash_constant,KR,2077,29,-2585
cash_constant,KR,2078,29,-2602
cash_constant,KR,2079,29,-2619
cash_constant,KR,2080,29,-2637
cash_constant,KR,2081,29,-2650
cash_constant,KR,2082,29,-2663
cash_constant,OA,2087,29,-15842
cash_constant,OH,2092,29,-6737
cash_constant,ZA,2099,29,-12590
cash_constant,ZA,2100,29,-32510
cash_constant,CL,2032,28,-28778
cash_constant,CL,2033,28,-28993
cash_constant,CL,2034,28,-40566
cash_constant,CL,2041,28,-22408
cash_constant,CL,2042,28,-18214
cash_constant,CL,2043,28,-17099
cash_constant,CL,2047,28,-19527
cash_constant,CO,2027,28,-91354
cash_constant,CO,2028,28,-90657
cash_constant,CO,2029,28,-89929
cash_constant,CO,2030,28,-89165
cash_constant,CO,2031,28,-89045
cash_constant,IT,2083,28,-377457
cash_constant,IT,2084,28,-373463
cash_constant,IT,2087,28,-378516
cash_constant,IT,2088,28,-373928
cash_constant,IT,2089,28,-370782
cash_constant,IT,2090,28,-369026
cash_constant,IT,2095,28,-356787
cash_constant,IT,2096,28,-377583
cash_constant,IT,2098,28,-505175
cash_constant,JP,2057,28,-57916
cash_constant,JP,2058,28,-57159
cash_constant,JP,2059,28,-56404
cash_constant,KR,2050,28,-2205
cash_constant,KR,2051,28,-2219
cash_constant,KR,2052,28,-2232
cash_constant,KR,2053,28,-2245
cash_constant,KR,2054,28,-2258
cash_constant,KR,2055,28,-2271
cash_constant,KR,2056,28,-2284
cash_constant,KR,2057,28,-2297
cash_constant,KR,2058,28,-2310
cash_constant,KR,2059,28,-2322
cash_constant,KR,2060,28,-2336
cash_constant,KR,2061,28,-2349
cash_constant,KR,2062,28,-2362
cash_constant,KR,2063,28,-2376
cash_constant,KR,2064,28,-2389
cash_constant,KR,2065,28,-2402
cash_constant,KR,2066,28,-2417
cash_constant,KR,2067,28,-2431
cash_constant,KR,2068,28,-2444
cash_constant,KR,2069,28,-2460
cash_constant,KR,2070,28,-2473
cash_constant,KR,2071,28,-2489
cash_constant,KR,2072,28,-2504
cash_constant,KR,2073,28,-2520
cash_constant,KR,2074,28,-2535
cash_constant,KR,2075,28,-2551
cash_constant,OA,2086,28,-16192
cash_constant,OD,2044,28,-137298
cash_constant,OH,2091,28,-7199
cash_constant,OI,2026,28,-2830
cash_constant,AR,2031,27,-20576
cash_constant,AR,2032,27,-18985
cash_constant,CL,2029,27,-37035
cash_constant,CL,2030,27,-31997
cash_constant,CL,2031,27,-28418
cash_constant,CL,2039,27,-31832
cash_constant,CL,2040,27,-26955
cash_constant,CL,2044,27,-23733
cash_constant,CL,2045,27,-29384
cash_constant,CL,2046,27,-25526
cash_constant,IT,2082,27,-381749
cash_constant,IT,2085,27,-369750
cash_constant,IT,2091,27,-368610
cash_constant,IT,2094,27,-359380
cash_constant,KR,2046,27,-1971
cash_constant,KR,2047,27,-2027
cash_constant,KR,2048,27,-2085
cash_constant,KR,2049,27,-2143
cash_constant,MX,2097,27,-44531
cash_constant,OE,2026,27,-7950
cash_constant,OH,2090,27,-4157
cash_constant,QM,2100,27,-19889
cash_constant,US,2098,27,-382547
cash_constant,AR,2029,26,-23209
cash_constant,AR,2030,26,-21929
cash_constant,CL,2027,26,-40622
cash_constant,CL,2028,26,-39264
cash_constant,CL,2035,26,-50622
cash_constant,CL,2036,26,-48225
cash_constant,CL,2037,26,-42491
cash_constant,CL,2038,26,-37018
cash_constant,CO,2026,26,-91511
cash_constant,ES,2097,26,-6795
cash_constant,IT,2072,26,-430711
cash_constant,IT,2073,26,-430569
cash_constant,IT,2074,26,-430114
cash_constant,IT,2075,26,-427575
cash_constant,IT,2076,26,-416072
cash_constant,IT,2077,26,-406897
cash_constant,IT,2080,26,-391272
cash_constant,IT,2081,26,-386349
cash_constant,IT,2086,26,-372133
cash_constant,IT,2092,26,-367250
cash_constant,IT,2093,26,-365738
cash_constant,JP,2056,26,-58674
cash_constant,MX,2100,26,-34200
cash_constant,OA,2073,26,-7457
cash_constant,OA,2074,26,-7630
cash_constant,OA,2084,26,-17001
cash_constant,OA,2085,26,-16579
cash_constant,OH,2089,26,-3792
cash_constant,US,2100,26,-383546
cash_constant,AR,2027,25,-25520
cash_constant,AR,2028,25,-24405
cash_constant,CI,2098,25,-25799
cash_constant,CI,2100,25,-49799
cash_constant,CL,2026,25,-40599
cash_constant,DE,2097,25,-8023
cash_constant,IR,2100,25,-145921
cash_constant,IT,2066,25,-409620
cash_constant,IT,2067,25,-410081
cash_constant,IT,2068,25,-410939
cash_constant,IT,2069,25,-420036
cash_constant,IT,2070,25,-430067
cash_constant,IT,2071,25,-430543
cash_constant,IT,2078,25,-399844
cash_constant,IT,2079,25,-394702
cash_constant,JP,2048,25,-71133
cash_constant,JP,2049,25,-66120
cash_constant,JP,2050,25,-61455
cash_constant,JP,2051,25,-61616
cash_constant,JP,2052,25,-61704
cash_constant,JP,2053,25,-60947
cash_constant,JP,2054,25,-60189
cash_constant,JP,2055,25,-59431
cash_constant,KR,2042,25,-1766
cash_constant,KR,2043,25,-1814
cash_constant,KR,2044,25,-1865
cash_constant,KR,2045,25,-1918
cash_constant,MX,2094,25,-22089
cash_constant,MX,2095,25,-34157
cash_constant,MX,2096,25,-47912
cash_constant,MX,2098,25,-32469
cash_constant,MX,2099,25,-33093
cash_constant,OA,2067,25,-6507
cash_constant,OA,2068,25,-6655
cash_constant,OA,2069,25,-6808
cash_constant,OA,2070,25,-6964
cash_constant,OA,2071,25,-7124
cash_constant,OA,2072,25,-7288
cash_constant,OA,2075,25,-7806
cash_constant,OA,2076,25,-7989
cash_constant,OA,2077,25,-8177
cash_constant,OA,2078,25,-8367
cash_constant,OA,2079,25,-8564
cash_constant,OA,2080,25,-8763
cash_constant,OA,2081,25,-9455
cash_constant,OA,2082,25,-13158
cash_constant,OA,2083,25,-16845
cash_constant,OD,2043,25,-147168
cash_constant,US,2093,25,-379786
cash_constant,US,2094,25,-380384
cash_constant,US,2099,25,-383054
cash_constant,ZA,2098,25,-13461
cash_constant,AU,2100,24,-50221
cash_constant,CI,2099,24,-44419
cash_constant,DE,2096,24,-7996
cash_constant,DE,2100,24,-100470
cash_constant,ES,2096,24,-6780
cash_constant,ES,2100,24,-15590
cash_constant,IR,2099,24,-152271
cash_constant,IT,2051,24,-479424
cash_constant,IT,2052,24,-469126
cash_constant,IT,2053,24,-459731
cash_constant,IT,2054,24,-451248
cash_constant,IT,2055,24,-443644
cash_constant,IT,2056,24,-436894
cash_constant,IT,2057,24,-430977
cash_constant,IT,2058,24,-425859
cash_constant,IT,2059,24,-421515
cash_constant,IT,2060,24,-417909
cash_constant,IT,2061,24,-415004
cash_constant,IT,2062,24,-412758
cash_constant,IT,2063,24,-411144
cash_constant,IT,2064,24,-410111
cash_constant,IT,2065,24,-409616
cash_constant,JP,2044,24,-88021
cash_constant,JP,2045,24,-84261
cash_constant,JP,2046,24,-80197
cash_constant,JP,2047,24,-75822
cash_constant,MX,2027,24,-42591
cash_constant,MX,2028,24,-42544
cash_constant,MX,2029,24,-43428
cash_constant,MX,2069,24,-27152
cash_constant,MX,2070,24,-26683
cash_constant,MX,2071,24,-26163
cash_constant,MX,2072,24,-25638
cash_constant,MX,2073,24,-25107
cash_constant,MX,2092,24,-25042
cash_constant,MX,2093,24,-21698
cash_constant,OA,2050,24,-4455
cash_constant,OA,2051,24,-4554
cash_constant,OA,2052,24,-4655
cash_constant,OA,2053,24,-4758
cash_constant,OA,2054,24,-4865
cash_constant,OA,2055,24,-4973
cash_constant,OA,2056,24,-5085
cash_constant,OA,2057,24,-5199
cash_constant,OA,2058,24,-5316
cash_constant,OA,2059,24,-5436
cash_constant,OA,2060,24,-5559
cash_constant,OA,2061,24,-5685
cash_constant,OA,2062,24,-5814
cash_constant,OA,2063,24,-5946
cash_constant,OA,2064,24,-6081
cash_constant,OA,2065,24,-6219
cash_constant,OA,2066,24,-6361
cash_constant,OH,2086,24,-4215
cash_constant,OH,2087,24,-3097
cash_constant,US,2077,24,-365722
cash_constant,US,2081,24,-370499
cash_constant,US,2090,24,-377827
cash_constant,US,2091,24,-378504
cash_constant,US,2092,24,-379158
cash_constant,US,2095,24,-380957
cash_constant,US,2097,24,-382038
cash_constant,CA,2098,23,-24622
cash_constant,CA,2099,23,-38084
cash_constant,CA,2100,23,-53172
cash_constant,CI,2095,23,-31880
cash_constant,CI,2096,23,-26646
cash_constant,CI,2097,23,-22795
cash_constant,DE,2088,23,-7792
cash_constant,DE,2090,23,-7841
cash_constant,DE,2091,23,-7867
cash_constant,DE,2092,23,-7892
cash_constant,DE,2093,23,-7918
cash_constant,DE,2098,23,-8721
cash_constant,DE,2099,23,-71584
cash_constant,ES,2090,23,-6693
cash_constant,IR,2093,23,-27516
cash_constant,IR,2094,23,-35609
cash_constant,IR,2095,23,-42388
cash_constant,IT,2050,23,-490660
cash_constant,KR,2038,23,-1584
cash_constant,KR,2039,23,-1627
cash_constant,KR,2040,23,-1673
cash_constant,KR,2041,23,-1718
cash_constant,MX,2026,23,-44436
cash_constant,MX,2030,23,-47399
cash_constant,MX,2031,23,-52392
cash_constant,MX,2032,23,-57222
cash_constant,MX,2033,23,-61840
cash_constant,MX,2062,23,-30282
cash_constant,MX,2063,23,-29858
cash_constant,MX,2064,23,-29425
cash_constant,MX,2065,23,-28984
cash_constant,MX,2066,23,-28534
cash_constant,MX,2067,23,-28079
cash_constant,MX,2068,23,-27618
cash_constant,MX,2074,23,-24573
cash_constant,MX,2075,23,-24033
cash_constant,MX,2076,23,-23503
cash_constant,MX,2077,23,-22969
cash_constant,MX,2082,23,-21763
cash_constant,MX,2083,23,-24407
cash_constant,MX,2084,23,-26966
cash_constant,MX,2085,23,-27621
cash_constant,MX,2086,23,-26680
cash_constant,MX,2087,23,-31876
cash_constant,MX,2088,23,-37635
cash_constant,MX,2089,23,-37540
cash_constant,MX,2090,23,-35500
cash_constant,MX,2091,23,-32513
cash_constant,OA,2048,23,-4016
cash_constant,OA,2049,23,-4230
cash_constant,OH,2084,23,-6244
cash_constant,OH,2085,23,-5208
cash_constant,OH,2088,23,-3439
cash_constant,QM,2099,23,-22780
cash_constant,US,2068,23,-354355
cash_constant,US,2069,23,-355597
cash_constant,US,2070,23,-356834
cash_constant,US,2071,23,-358092
cash_constant,US,2072,23,-359355
cash_constant,US,2075,23,-363116
cash_constant,US,2076,23,-364423
cash_constant,US,2078,23,-367003
cash_constant,US,2079,23,-368277
cash_constant,US,2080,23,-369532
cash_constant,US,2082,23,-371442
cash_constant,US,2089,23,-377124
cash_constant,US,2096,23,-381507
cash_constant,AR,2026,22,-26393
cash_constant,AU,2099,22,-23816
cash_constant,CI,2093,22,-37376
cash_constant,CI,2094,22,-34323
cash_constant,DE,2086,22,-7743
cash_constant,DE,2087,22,-7785
cash_constant,DE,2089,22,-7816
cash_constant,DE,2095,22,-7970
cash_constant,ES,2091,22,-6707
cash_constant,ES,2092,22,-6722
cash_constant,ES,2098,22,-6809
cash_constant,IR,2092,22,-18203
cash_constant,IR,2096,22,-69743
cash_constant,IR,2097,22,-88604
cash_constant,IR,2098,22,-125791
cash_constant,IT,2047,22,-696746
cash_constant,IT,2048,22,-624255
cash_constant,IT,2049,22,-560835
cash_constant,JP,2041,22,-107018
cash_constant,JP,2042,22,-101707
cash_constant,JP,2043,22,-96330
cash_constant,MA,2097,22,-7555
cash_constant,MA,2098,22,-13762
cash_constant,MA,2100,22,-30276
cash_constant,MX,2034,22,-66206
cash_constant,MX,2078,22,-22431
cash_constant,MX,2079,22,-21892
cash_constant,MX,2080,22,-21352
cash_constant,MX,2081,22,-20501
cash_constant,NG,2100,22,-58583
cash_constant,OA,2044,22,-3254
cash_constant,OA,2045,22,-3430
cash_constant,OA,2046,22,-3616
cash_constant,OA,2047,22,-3811
cash_constant,OC,2096,22,-23594
cash_constant,OC,2098,22,-82494
cash_constant,OC,2099,22,-52659
cash_constant,OC,2100,22,-59892
cash_constant,OD,2040,22,-170872
cash_constant,OD,2041,22,-167982
cash_constant,OD,2042,22,-157595
cash_constant,OH,2079,22,-1465
cash_constant,OH,2080,22,-1565
cash_constant,OH,2081,22,-1631
cash_constant,OH,2082,22,-2912
cash_constant,OH,2083,22,-4703
cash_constant,US,2052,22,-334741
cash_constant,US,2053,22,-335911
cash_constant,US,2054,22,-337099
cash_constant,US,2055,22,-338299
cash_constant,US,2056,22,-339498
cash_constant,US,2057,22,-340700
cash_constant,US,2058,22,-341922
cash_constant,US,2059,22,-343153
cash_constant,US,2060,22,-344386
cash_constant,US,2061,22,-345624
cash_constant,US,2062,22,-346867
cash_constant,US,2063,22,-348112
cash_constant,US,2064,22,-349351
cash_constant,US,2065,22,-350601
cash_constant,US,2066,22,-351855
cash_constant,US,2067,22,-353108
cash_constant,US,2073,22,-360619
cash_constant,US,2074,22,-361870
cash_constant,US,2083,22,-372345
cash_constant,US,2084,22,-373220
cash_constant,US,2085,22,-374048
cash_constant,US,2086,22,-374853
cash_constant,US,2087,22,-375637
cash_constant,US,2088,22,-376394
cash_constant,AU,2090,21,-30384
cash_constant,AU,2091,21,-29814
cash_constant,AU,2096,21,-22455
cash_constant,AU,2098,21,-23366
cash_constant,CI,2092,21,-30437
cash_constant,DE,2094,21,-7943
cash_constant,ES,2085,21,-6617
cash_constant,ES,2086,21,-6633
cash_constant,ES,2088,21,-6663
cash_constant,ES,2089,21,-6678
cash_constant,ES,2093,21,-6737
cash_constant,ES,2094,21,-6752
cash_constant,ES,2095,21,-6766
cash_constant,ES,2099,21,-6823
cash_constant,IT,2046,21,-803477
cash_constant,JP,2029,21,-160659
cash_constant,JP,2030,21,-159168
cash_constant,JP,2031,21,-157559
cash_constant,JP,2032,21,-155107
cash_constant,JP,2033,21,-147949
cash_constant,JP,2034,21,-141492
cash_constant,JP,2035,21,-138195
cash_constant,JP,2036,21,-133050
cash_constant,JP,2037,21,-127892
cash_constant,JP,2038,21,-122715
cash_constant,JP,2039,21,-117515
cash_constant,JP,2040,21,-112285
cash_constant,KR,2035,21,-1462
cash_constant,KR,2036,21,-1501
cash_constant,KR,2037,21,-1542
cash_constant,MX,2038,21,-64039
cash_constant,MX,2039,21,-58243
cash_constant,MX,2061,21,-30669
cash_constant,NG,2098,21,-45716
cash_constant,NG,2099,21,-61189
cash_constant,NZ,2097,21,-4344
cash_constant,NZ,2098,21,-4876
cash_constant,OA,2043,21,-3086
cash_constant,OC,2097,21,-41537
cash_constant,OD,2038,21,-174963
cash_constant,OD,2039,21,-173168
cash_constant,OH,2062,21,-2046
cash_constant,OH,2074,21,-1049
cash_constant,OH,2075,21,-2871
cash_constant,OH,2076,21,-3371
cash_constant,OH,2077,21,-2625
cash_constant,OH,2078,21,-1721
cash_constant,OJ,2100,21,-26753
cash_constant,QM,2098,21,-19645
cash_constant,US,2050,21,-332400
cash_constant,US,2051,21,-333569
cash_constant,AU,2085,20,-15270
cash_constant,AU,2086,20,-16793
cash_constant,AU,2087,20,-22388
cash_constant,AU,2088,20,-27717
cash_constant,AU,2089,20,-31079
cash_constant,AU,2094,20,-23609
cash_constant,AU,2095,20,-21997
cash_constant,AU,2097,20,-22912
cash_constant,CA,2097,20,-21528
cash_constant,CD,2100,20,-71782
cash_constant,CI,2089,20,-23476
cash_constant,CI,2090,20,-24814
cash_constant,CI,2091,20,-23183
cash_constant,DE,2085,20,-7719
cash_constant,ES,2069,20,-6718
cash_constant,ES,2070,20,-7170
cash_constant,ES,2071,20,-7233
cash_constant,ES,2072,20,-7544
cash_constant,ES,2073,20,-7470
cash_constant,ES,2074,20,-7382
cash_constant,ES,2075,20,-7282
cash_constant,ES,2076,20,-7191
cash_constant,ES,2077,20,-7089
cash_constant,ES,2079,20,-6484
cash_constant,ES,2080,20,-6540
cash_constant,ES,2081,20,-6555
cash_constant,ES,2087,20,-6648
cash_constant,IR,2083,20,-8114
cash_constant,IR,2084,20,-9066
cash_constant,IR,2085,20,-14350
cash_constant,IR,2086,20,-19662
cash_constant,IR,2091,20,-15395
cash_constant,IT,2045,20,-927214
cash_constant,JP,2026,20,-164131
cash_constant,JP,2027,20,-163215
cash_constant,JP,2028,20,-162004
cash_constant,KR,2033,20,-1357
cash_constant,KR,2034,20,-1408
cash_constant,MA,2099,20,-25973
cash_constant,ML,2100,20,-30046
cash_constant,MX,2035,20,-70278
cash_constant,MX,2037,20,-70030
cash_constant,MX,2040,20,-52657
cash_constant,MX,2041,20,-47304
cash_constant,MX,2042,20,-42200
cash_constant,MX,2043,20,-40678
cash_constant,MX,2044,20,-43930
cash_constant,MX,2059,20,-29900
cash_constant,MX,2060,20,-30286
cash_constant,NL,2092,20,-78110
cash_constant,NL,2093,20,-79331
cash_constant,OA,2041,20,-2776
cash_constant,OA,2042,20,-2926
cash_constant,OC,2095,20,-17527
cash_constant,OD,2029,20,-186450
cash_constant,OD,2030,20,-182448
cash_constant,OD,2032,20,-179046
cash_constant,OD,2033,20,-179024
cash_constant,OD,2034,20,-178619
cash_constant,OD,2035,20,-177810
cash_constant,OD,2036,20,-177242
cash_constant,OD,2037,20,-176306
cash_constant,OH,2057,20,-675
cash_constant,OH,2061,20,-1701
cash_constant,OH,2063,20,-2435
cash_constant,OH,2065,20,-2763
cash_constant,OH,2066,20,-1367
cash_constant,QM,2093,20,-19059
cash_constant,QM,2094,20,-19174
cash_constant,US,2048,20,-303969
cash_constant,US,2049,20,-318027
cash_constant,AU,2084,19,-15083
cash_constant,AU,2092,19,-29367
cash_constant,AU,2093,19,-28522
cash_constant,CI,2087,19,-19495
cash_constant,CI,2088,19,-18452
cash_constant,DE,2073,19,-7360
cash_constant,DE,2081,19,-7623
cash_constant,DE,2084,19,-7695
cash_constant,DK,2097,19,-14922
cash_constant,DK,2100,19,-14777
cash_constant,ES,2065,19,-5780
cash_constant,ES,2066,19,-5827
cash_constant,ES,2067,19,-5900
cash_constant,ES,2068,19,-6297
cash_constant,ES,2078,19,-6979
cash_constant,ES,2084,19,-6602
cash_constant,ET,2097,19,-11419
cash_constant,ET,2098,19,-25708
cash_constant,IR,2072,19,-6036
cash_constant,IR,2073,19,-6212
cash_constant,IR,2074,19,-6393
cash_constant,IR,2075,19,-6581
cash_constant,IR,2076,19,-6776
cash_constant,IR,2077,19,-6979
cash_constant,IR,2078,19,-7187
cash_constant,IR,2079,19,-7402
cash_constant,IR,2080,19,-7624
cash_constant,IR,2081,19,-7783
cash_constant,IR,2082,19,-7946
cash_constant,IR,2087,19,-22922
cash_constant,IR,2088,19,-21263
cash_constant,IR,2089,19,-18828
cash_constant,IR,2090,19,-16791
cash_constant,MA,2096,19,-8358
cash_constant,MX,2036,19,-74253
cash_constant,MX,2045,19,-46478
cash_constant,MX,2046,19,-47883
cash_constant,MX,2049,19,-27443
cash_constant,MX,2050,19,-26461
cash_constant,MX,2051,19,-26828
cash_constant,MX,2052,19,-27201
cash_constant,MX,2053,19,-27579
cash_constant,MX,2054,19,-27962
cash_constant,MX,2055,19,-28348
cash_constant,MX,2056,19,-28735
cash_constant,MX,2057,19,-29124
cash_constant,MX,2058,19,-29512
cash_constant,NG,2097,19,-41921
cash_constant,NL,2094,19,-94668
cash_constant,NO,2096,19,-4982
cash_constant,OC,2091,19,-14216
cash_constant,OC,2092,19,-14273
cash_constant,OC,2093,19,-19801
cash_constant,OC,2094,19,-18718
cash_constant,OD,2026,19,-197871
cash_constant,OD,2027,19,-194254
cash_constant,OD,2028,19,-190381
cash_constant,OD,2031,19,-178703
cash_constant,OH,2055,19,-320
cash_constant,OH,2056,19,-579
cash_constant,OH,2058,19,-886
cash_constant,OH,2059,19,-1124
cash_constant,OH,2060,19,-1395
cash_constant,OH,2064,19,-2874
cash_constant,OH,2067,19,-1605
cash_constant,OJ,2099,19,-9328
cash_constant,QM,2091,19,-18832
cash_constant,QM,2092,19,-18945
cash_constant,QM,2095,19,-19554
cash_constant,QM,2097,19,-20887
cash_constant,SE,2099,19,-164946
cash_constant,SE,2100,19,-215140
cash_constant,US,2046,19,-276642
cash_constant,US,2047,19,-290180
cash_constant,CA,2096,18,-24647
cash_constant,CI,2086,18,-19081
cash_constant,DE,2071,18,-7296
cash_constant,DE,2072,18,-7328
cash_constant,DE,2074,18,-7392
cash_constant,DE,2075,18,-7425
cash_constant,DE,2076,18,-7460
cash_constant,DE,2077,18,-7494
cash_constant,DE,2078,18,-7528
cash_constant,DE,2079,18,-7564
cash_constant,DE,2080,18,-7600
cash_constant,DE,2082,18,-7648
cash_constant,DE,2083,18,-7672
cash_constant,DK,2095,18,-15026
cash_constant,DK,2096,18,-14973
cash_constant,DK,2098,18,-14872
cash_constant,ES,2055,18,-5321
cash_constant,ES,2056,18,-5366
cash_constant,ES,2057,18,-5412
cash_constant,ES,2058,18,-5457
cash_constant,ES,2059,18,-5504
cash_constant,ES,2060,18,-5549
cash_constant,ES,2061,18,-5595
cash_constant,ES,2062,18,-5641
cash_constant,ES,2063,18,-5687
cash_constant,ES,2064,18,-5733
cash_constant,ES,2082,18,-6570
cash_constant,ES,2083,18,-6586
cash_constant,ET,2096,18,-12777
cash_constant,ET,2099,18,-45738
cash_constant,ET,2100,18,-46403
cash_constant,IR,2049,18,-3138
cash_constant,IR,2050,18,-3305
cash_constant,IR,2051,18,-3393
cash_constant,IR,2052,18,-3483
cash_constant,IR,2053,18,-3576
cash_constant,IR,2054,18,-3672
cash_constant,IR,2055,18,-3772
cash_constant,IR,2056,18,-3874
cash_constant,IR,2057,18,-3980
cash_constant,IR,2058,18,-4089
cash_constant,IR,2059,18,-4202
cash_constant,IR,2060,18,-4318
cash_constant,IR,2061,18,-4438
cash_constant,IR,2062,18,-4562
cash_constant,IR,2063,18,-4689
cash_constant,IR,2064,18,-4821
cash_constant,IR,2065,18,-4956
cash_constant,IR,2066,18,-5096
cash_constant,IR,2067,18,-5240
cash_constant,IR,2068,18,-5389
cash_constant,IR,2069,18,-5543
cash_constant,IR,2070,18,-5701
cash_constant,IR,2071,18,-5866
cash_constant,IT,2034,18,-1207708
cash_constant,IT,2035,18,-1189466
cash_constant,IT,2036,18,-1161700
cash_constant,IT,2042,18,-1069036
cash_constant,IT,2043,18,-1054528
cash_constant,IT,2044,18,-1034517
cash_constant,MA,2094,18,-10147
cash_constant,MA,2095,18,-8873
cash_constant,ML,2097,18,-16540
cash_constant,ML,2098,18,-21738
cash_constant,ML,2099,18,-32369
cash_constant,MX,2047,18,-40341
cash_constant,MX,2048,18,-33515
cash_constant,NG,2084,18,-46654
cash_constant,NG,2085,18,-46554
cash_constant,NL,2090,18,-73695
cash_constant,NL,2091,18,-77081
cash_constant,NO,2095,18,-4994
cash_constant,NO,2097,18,-4969
cash_constant,NO,2100,18,-40778
cash_constant,NZ,2092,18,-6737
cash_constant,NZ,2100,18,-5196
cash_constant,OC,2085,18,-14720
cash_constant,OC,2086,18,-14519
cash_constant,OC,2087,18,-14352
cash_constant,OC,2088,18,-14217
cash_constant,OC,2089,18,-14113
cash_constant,OC,2090,18,-14161
cash_constant,OH,2072,18,-919
cash_constant,OH,2073,18,-981
cash_constant,QM,2089,18,-18607
cash_constant,QM,2090,18,-18719
cash_constant,QM,2096,18,-19407
cash_constant,SE,2096,18,-10679
cash_constant,SE,2098,18,-56251
cash_constant,TH,2095,18,-32923
cash_constant,US,2043,18,-237460
cash_constant,US,2044,18,-250282
cash_constant,US,2045,18,-263346
cash_constant,ZA,2090,18,-10550
cash_constant,ZA,2092,18,-10844
cash_constant,ZA,2093,18,-11237
cash_constant,ZA,2094,18,-16856
cash_constant,ZA,2095,18,-17170
cash_constant,ZA,2096,18,-26705
cash_constant,ZA,2097,18,-22669
cash_constant,AU,2080,17,-19152
cash_constant,AU,2081,17,-18289
cash_constant,AU,2082,17,-17480
cash_constant,AU,2083,17,-16726
cash_constant,DE,2048,17,-6315
cash_constant,DE,2049,17,-6497
cash_constant,DE,2050,17,-6685
cash_constant,DE,2051,17,-6713
cash_constant,DE,2052,17,-6741
cash_constant,DE,2053,17,-6769
cash_constant,DE,2054,17,-6796
cash_constant,DE,2055,17,-6823
cash_constant,DE,2056,17,-6851
cash_constant,DE,2057,17,-6879
cash_constant,DE,2058,17,-6907
cash_constant,DE,2059,17,-6936
cash_constant,DE,2060,17,-6964
cash_constant,DE,2061,17,-6993
cash_constant,DE,2062,17,-7023
cash_constant,DE,2063,17,-7052
cash_constant,DE,2064,17,-7081
cash_constant,DE,2065,17,-7112
cash_constant,DE,2066,17,-7142
cash_constant,DE,2067,17,-7172
cash_constant,DE,2068,17,-7202
cash_constant,DE,2069,17,-7233
cash_constant,DE,2070,17,-7264
cash_constant,DK,2090,17,-15300
cash_constant,DK,2091,17,-15244
cash_constant,DK,2092,17,-15188
cash_constant,EG,2100,17,-83627
cash_constant,ES,2053,17,-5229
cash_constant,ES,2054,17,-5274
cash_constant,GB,2097,17,-7567
cash_constant,GB,2100,17,-7587
cash_constant,IR,2047,17,-2830
cash_constant,IR,2048,17,-2979
cash_constant,IT,2030,17,-1268677
cash_constant,IT,2031,17,-1255067
cash_constant,IT,2032,17,-1240424
cash_constant,IT,2033,17,-1224669
cash_constant,MA,2093,17,-8489
cash_constant,NG,2086,17,-45656
cash_constant,NG,2087,17,-44822
cash_constant,NG,2090,17,-42732
cash_constant,NG,2094,17,-43318
cash_constant,NG,2096,17,-42592
cash_constant,NL,2085,17,-57659
cash_constant,NL,2088,17,-67386
cash_constant,NO,2098,17,-7958
cash_constant,NZ,2090,17,-5975
cash_constant,NZ,2091,17,-7830
cash_constant,NZ,2093,17,-5840
cash_constant,NZ,2096,17,-4338
cash_constant,NZ,2099,17,-4357
cash_constant,OA,2040,17,-2634
cash_constant,OC,2082,17,-13718
cash_constant,OC,2083,17,-13774
cash_constant,OC,2084,17,-14955
cash_constant,OH,2053,17,-286
cash_constant,OH,2054,17,-302
cash_constant,OH,2069,17,-754
cash_constant,OH,2070,17,-806
cash_constant,OH,2071,17,-860
cash_constant,SE,2085,17,-10720
cash_constant,SE,2086,17,-10715
cash_constant,SE,2087,17,-10710
cash_constant,SE,2088,17,-10706
cash_constant,SE,2089,17,-10701
cash_constant,SE,2095,17,-10681
cash_constant,US,2041,17,-212534
cash_constant,US,2042,17,-224882
cash_constant,ZA,2091,17,-10696
cash_constant,AU,2073,16,-14606
cash_constant,AU,2074,16,-14666
cash_constant,AU,2075,16,-14720
cash_constant,AU,2078,16,-16959
cash_constant,AU,2079,16,-19347
cash_constant,CA,2095,16,-37272
cash_constant,CD,2098,16,-21134
cash_constant,CI,2080,16,-15937
cash_constant,CI,2081,16,-18149
cash_constant,CI,2082,16,-17525
cash_constant,CI,2083,16,-16939
cash_constant,CI,2084,16,-16392
cash_constant,CI,2085,16,-15887
cash_constant,DE,2047,16,-6136
cash_constant,DK,2082,16,-15773
cash_constant,DK,2088,16,-15416
cash_constant,DK,2089,16,-15358
cash_constant,DK,2093,16,-15133
cash_constant,DK,2094,16,-15079
cash_constant,ES,2051,16,-5137
cash_constant,ES,2052,16,-5183
cash_constant,ET,2095,16,-18902
cash_constant,GB,2095,16,-7554
cash_constant,GB,2098,16,-7574
cash_constant,IR,2046,16,-2689
cash_constant,IT,2028,16,-1294287
cash_constant,IT,2029,16,-1281917
cash_constant,IT,2040,16,-1081843
cash_constant,IT,2041,16,-1078108
cash_constant,KR,2029,16,-1171
cash_constant,KR,2030,16,-1209
cash_constant,KR,2031,16,-1257
cash_constant,KR,2032,16,-1306
cash_constant,MA,2092,16,-9502
cash_constant,ML,2095,16,-14348
cash_constant,ML,2096,16,-15362
cash_constant,NG,2081,16,-44532
cash_constant,NG,2082,16,-45307
cash_constant,NG,2083,16,-46016
cash_constant,NG,2088,16,-44053
cash_constant,NG,2089,16,-43356
cash_constant,NG,2091,16,-42189
cash_constant,NG,2092,16,-43324
cash_constant,NG,2093,16,-44292
cash_constant,NG,2095,16,-42931
cash_constant,NL,2084,16,-54256
cash_constant,NL,2087,16,-64482
cash_constant,NL,2089,16,-70461
cash_constant,NL,2100,16,-129165
cash_constant,NO,2089,16,-5066
cash_constant,NZ,2088,16,-4279
cash_constant,NZ,2089,16,-5744
cash_constant,NZ,2094,16,-7720
cash_constant,NZ,2095,16,-4330
cash_constant,OA,2037,16,-2243
cash_constant,OA,2038,16,-2366
cash_constant,OA,2039,16,-2497
cash_constant,OC,2081,16,-13663
cash_constant,OH,2050,16,-245
cash_constant,OH,2051,16,-257
cash_constant,OH,2052,16,-272
cash_constant,OH,2068,16,-708
cash_constant,OJ,2098,16,-8132
cash_constant,SE,2083,16,-10730
cash_constant,SE,2084,16,-10725
cash_constant,SE,2090,16,-10698
cash_constant,SE,2091,16,-10695
cash_constant,SE,2092,16,-10691
cash_constant,SE,2097,16,-10677
cash_constant,TH,2089,16,-27425
cash_constant,TH,2090,16,-27862
cash_constant,TH,2091,16,-31048
cash_constant,TH,2092,16,-33845
cash_constant,TH,2096,16,-30350
cash_constant,US,2039,16,-188438
cash_constant,US,2040,16,-200409
cash_constant,ZA,2087,16,-10126
cash_constant,ZA,2089,16,-10406
cash_constant,AU,2068,15,-11768
cash_constant,AU,2069,15,-11927
cash_constant,AU,2070,15,-12088
cash_constant,AU,2071,15,-13095
cash_constant,AU,2072,15,-14539
cash_constant,AU,2076,15,-14780
cash_constant,AU,2077,15,-14835
cash_constant,CA,2085,15,-11235
cash_constant,CA,2087,15,-8587
cash_constant,CA,2093,15,-45885
cash_constant,CI,2079,15,-11100
cash_constant,DE,2044,15,-5627
cash_constant,DE,2045,15,-5792
cash_constant,DE,2046,15,-5962
cash_constant,DK,2083,15,-15713
cash_constant,DK,2084,15,-15653
cash_constant,DK,2085,15,-15593
cash_constant,DK,2086,15,-15534
cash_constant,DK,2087,15,-15475
cash_constant,DK,2099,15,-14824
cash_constant,ES,2050,15,-5091
cash_constant,GB,2088,15,-7504
cash_constant,GB,2091,15,-7527
cash_constant,GB,2096,15,-7560
cash_constant,IR,2044,15,-2430
cash_constant,IR,2045,15,-2555
cash_constant,IT,2026,15,-1314178
cash_constant,IT,2027,15,-1305880
cash_constant,IT,2037,15,-1132795
cash_constant,IT,2038,15,-1102718
cash_constant,IT,2039,15,-1080318
cash_constant,MA,2088,15,-9037
cash_constant,MA,2089,15,-8902
cash_constant,MA,2090,15,-8252
cash_constant,MA,2091,15,-10675
cash_constant,ML,2087,15,-24475
cash_constant,ML,2088,15,-23729
cash_constant,ML,2089,15,-23040
cash_constant,ML,2090,15,-21224
cash_constant,ML,2091,15,-19682
cash_constant,ML,2092,15,-18648
cash_constant,ML,2093,15,-17743
cash_constant,ML,2094,15,-16581
cash_constant,NG,2078,15,-42857
cash_constant,NG,2079,15,-43288
cash_constant,NG,2080,15,-43695
cash_constant,NL,2072,15,-21737
cash_constant,NL,2073,15,-23740
cash_constant,NL,2074,15,-25749
cash_constant,NL,2075,15,-27763
cash_constant,NL,2080,15,-41889
cash_constant,NL,2081,15,-44779
cash_constant,NL,2082,15,-47809
cash_constant,NL,2083,15,-50971
cash_constant,NL,2086,15,-61169
cash_constant,NL,2095,15,-110600
cash_constant,NL,2099,15,-132899
cash_constant,NO,2085,15,-5605
cash_constant,NO,2086,15,-5097
cash_constant,NO,2087,15,-5087
cash_constant,NO,2088,15,-5076
cash_constant,NO,2090,15,-5055
cash_constant,NO,2092,15,-5031
cash_constant,NO,2093,15,-5020
cash_constant,NO,2094,15,-5007
cash_constant,NO,2099,15,-38145
cash_constant,NZ,2086,15,-4263
cash_constant,NZ,2087,15,-4271
cash_constant,OA,2036,15,-2126
cash_constant,OC,2078,15,-13407
cash_constant,OC,2079,15,-13508
cash_constant,OC,2080,15,-13609
cash_constant,OH,2045,15,-463
cash_constant,OH,2046,15,-228
cash_constant,OH,2047,15,-186
cash_constant,OH,2049,15,-223
cash_constant,OJ,2097,15,-6224
cash_constant,PH,2100,15,-100038
cash_constant,QM,2059,15,-13239
cash_constant,QM,2060,15,-13424
cash_constant,QM,2061,15,-13610
cash_constant,QM,2062,15,-13799
cash_constant,QM,2063,15,-13988
cash_constant,QM,2064,15,-14180
cash_constant,QM,2065,15,-14374
cash_constant,QM,2066,15,-14570
cash_constant,QM,2067,15,-14768
cash_constant,QM,2068,15,-14969
cash_constant,QM,2072,15,-15799
cash_constant,QM,2073,15,-16016
cash_constant,QM,2074,15,-16235
cash_constant,QM,2075,15,-16457
cash_constant,QM,2076,15,-16685
cash_constant,QM,2077,15,-16918
cash_constant,QM,2078,15,-17154
cash_constant,QM,2079,15,-17393
cash_constant,QM,2081,15,-17740
cash_constant,QM,2082,15,-17846
cash_constant,QM,2087,15,-18386
cash_constant,QM,2088,15,-18496
cash_constant,SE,2081,15,-10741
cash_constant,SE,2082,15,-10735
cash_constant,SE,2093,15,-10688
cash_constant,SE,2094,15,-10684
cash_constant,TH,2088,15,-28655
cash_constant,TH,2093,15,-36252
cash_constant,TH,2094,15,-36130
cash_constant,TR,2098,15,-12961
cash_constant,TR,2099,15,-50981
cash_constant,TR,2100,15,-91925
cash_constant,US,2038,15,-176617
cash_constant,ZA,2088,15,-10265
cash_constant,AU,2059,14,-10139
cash_constant,AU,2060,14,-10452
cash_constant,AU,2061,14,-10724
cash_constant,AU,2062,14,-10866
cash_constant,AU,2063,14,-11011
cash_constant,AU,2064,14,-11157
cash_constant,AU,2065,14,-11306
cash_constant,AU,2066,14,-11456
cash_constant,AU,2067,14,-11611
cash_constant,CA,2084,14,-12741
cash_constant,CA,2086,14,-9852
cash_constant,CA,2094,14,-42250
cash_constant,CD,2097,14,-10967
cash_constant,DE,2041,14,-5157
cash_constant,DE,2042,14,-5309
cash_constant,DE,2043,14,-5465
cash_constant,DK,2074,14,-15974
cash_constant,DK,2075,14,-15957
cash_constant,DK,2076,14,-15944
cash_constant,DK,2078,14,-15918
cash_constant,DK,2081,14,-15833
cash_constant,DZ,2100,14,-8865
cash_constant,ES,2046,14,-4654
cash_constant,ES,2047,14,-4759
cash_constant,ES,2048,14,-4866
cash_constant,ES,2049,14,-4976
cash_constant,GB,2086,14,-7490
cash_constant,GB,2087,14,-7498
cash_constant,GB,2089,14,-7512
cash_constant,GB,2090,14,-7519
cash_constant,GB,2092,14,-7533
cash_constant,GB,2093,14,-7540
cash_constant,GB,2099,14,-7581
cash_constant,KR,2028,14,-1134
cash_constant,ML,2077,14,-8520
cash_constant,ML,2078,14,-10006
cash_constant,ML,2079,14,-11599
cash_constant,ML,2080,14,-13304
cash_constant,ML,2081,14,-15377
cash_constant,ML,2082,14,-17505
cash_constant,ML,2083,14,-19685
cash_constant,ML,2084,14,-21919
cash_constant,ML,2085,14,-24205
cash_constant,ML,2086,14,-25275
cash_constant,NE,2094,14,-7593
cash_constant,NL,2061,14,-16678
cash_constant,NL,2062,14,-16712
cash_constant,NL,2063,14,-16746
cash_constant,NL,2064,14,-16780
cash_constant,NL,2065,14,-16812
cash_constant,NL,2066,14,-16846
cash_constant,NL,2067,14,-16878
cash_constant,NL,2068,14,-16912
cash_constant,NL,2069,14,-16943
cash_constant,NL,2070,14,-17784
cash_constant,NL,2071,14,-19750
cash_constant,NL,2079,14,-37837
cash_constant,NL,2096,14,-125617
cash_constant,NL,2097,14,-133029
cash_constant,NL,2098,14,-131828
cash_constant,NO,2070,14,-5218
cash_constant,NO,2074,14,-5191
cash_constant,NO,2075,14,-5183
cash_constant,NO,2076,14,-5177
cash_constant,NO,2079,14,-5158
cash_constant,NO,2080,14,-7673
cash_constant,NO,2082,14,-6004
cash_constant,NO,2084,14,-6421
cash_constant,NO,2091,14,-5043
cash_constant,NZ,2070,14,-3856
cash_constant,NZ,2075,14,-4029
cash_constant,NZ,2076,14,-4064
cash_constant,NZ,2077,14,-4100
cash_constant,NZ,2078,14,-5288
cash_constant,NZ,2079,14,-8592
cash_constant,NZ,2080,14,-9970
cash_constant,NZ,2083,14,-6390
cash_constant,NZ,2084,14,-4916
cash_constant,NZ,2085,14,-4616
cash_constant,OA,2034,14,-1900
cash_constant,OA,2035,14,-2014
cash_constant,OC,2050,14,-10902
cash_constant,OC,2051,14,-10988
cash_constant,OC,2052,14,-11074
cash_constant,OC,2053,14,-11159
cash_constant,OC,2054,14,-11245
cash_constant,OC,2055,14,-11331
cash_constant,OC,2056,14,-11417
cash_constant,OC,2057,14,-11503
cash_constant,OC,2058,14,-11588
cash_constant,OC,2059,14,-11674
cash_constant,OC,2060,14,-11760
cash_constant,OC,2061,14,-11847
cash_constant,OC,2062,14,-11933
cash_constant,OC,2063,14,-12021
cash_constant,OC,2064,14,-12108
cash_constant,OC,2065,14,-12196
cash_constant,OC,2066,14,-12284
cash_constant,OC,2067,14,-12373
cash_constant,OC,2068,14,-12461
cash_constant,OC,2069,14,-12551
cash_constant,OC,2070,14,-12641
cash_constant,OC,2071,14,-12732
cash_constant,OC,2072,14,-12825
cash_constant,OC,2073,14,-12919
cash_constant,OC,2074,14,-13013
cash_constant,OC,2075,14,-13108
cash_constant,OC,2076,14,-13208
cash_constant,OC,2077,14,-13306
cash_constant,OH,2048,14,-204
cash_constant,PH,2097,14,-41536
cash_constant,PH,2098,14,-51923
cash_constant,PK,2100,14,-8645
cash_constant,QM,2056,14,-12695
cash_constant,QM,2057,14,-12874
cash_constant,QM,2058,14,-13056
cash_constant,QM,2069,14,-15171
cash_constant,QM,2070,14,-15376
cash_constant,QM,2071,14,-15587
cash_constant,QM,2080,14,-17635
cash_constant,QM,2083,14,-17953
cash_constant,QM,2084,14,-18060
cash_constant,QM,2086,14,-18277
cash_constant,SE,2078,14,-10657
cash_constant,SE,2079,14,-10701
cash_constant,SE,2080,14,-10745
cash_constant,TH,2075,14,-23957
cash_constant,TH,2076,14,-25091
cash_constant,TH,2081,14,-30602
cash_constant,TH,2082,14,-31703
cash_constant,TH,2085,14,-33338
cash_constant,TH,2086,14,-31612
cash_constant,TH,2087,14,-30051
cash_constant,TH,2100,14,-37545
cash_constant,TW,2094,14,-5547
cash_constant,US,2036,14,-153567
cash_constant,US,2037,14,-165016
cash_constant,AU,2057,13,-9509
cash_constant,AU,2058,13,-9825
cash_constant,CA,2083,13,-14368
cash_constant,CA,2088,13,-6305
cash_constant,CA,2089,13,-5265
cash_constant,CI,2076,13,-7026
cash_constant,CI,2077,13,-7067
cash_constant,CI,2078,13,-7100
cash_constant,DK,2071,13,-16022
cash_constant,DK,2072,13,-16006
cash_constant,DK,2073,13,-15989
cash_constant,DK,2077,13,-15931
cash_constant,DK,2079,13,-15905
cash_constant,DK,2080,13,-15894
cash_constant,ET,2091,13,-25316
cash_constant,ET,2092,13,-24275
cash_constant,ET,2093,13,-22715
cash_constant,ET,2094,13,-20850
cash_constant,GB,2067,13,-6926
cash_constant,GB,2068,13,-6964
cash_constant,GB,2070,13,-7039
cash_constant,GB,2078,13,-7356
cash_constant,GB,2085,13,-7482
cash_constant,GB,2094,13,-7547
cash_constant,IR,2042,13,-2203
cash_constant,IR,2043,13,-2313
cash_constant,KE,2096,13,-20906
cash_constant,KE,2098,13,-37641
cash_constant,KE,2099,13,-59406
cash_constant,KE,2100,13,-61025
cash_constant,KR,2027,13,-1102
cash_constant,MA,2081,13,-10444
cash_constant,MA,2082,13,-10206
cash_constant,MA,2083,13,-9977
cash_constant,MA,2084,13,-9760
cash_constant,MA,2086,13,-9760
cash_constant,MA,2087,13,-9233
cash_constant,ML,2074,13,-6990
cash_constant,ML,2076,13,-7417
cash_constant,NE,2095,13,-11362
cash_constant,NG,2075,13,-43850
cash_constant,NG,2076,13,-43282
cash_constant,NG,2077,13,-42702
cash_constant,NL,2059,13,-16609
cash_constant,NL,2060,13,-16644
cash_constant,NL,2076,13,-29790
cash_constant,NL,2077,13,-31805
cash_constant,NL,2078,13,-33803
cash_constant,NO,2068,13,-5234
cash_constant,NO,2069,13,-5226
cash_constant,NO,2071,13,-5212
cash_constant,NO,2072,13,-5205
cash_constant,NO,2073,13,-5198
cash_constant,NO,2077,13,-5171
cash_constant,NO,2078,13,-5164
cash_constant,NO,2081,13,-6813
cash_constant,NO,2083,13,-5248
cash_constant,NZ,2069,13,-3822
cash_constant,NZ,2071,13,-3890
cash_constant,NZ,2072,13,-4214
cash_constant,NZ,2073,13,-4148
cash_constant,NZ,2074,13,-4067
cash_constant,NZ,2081,13,-8701
cash_constant,NZ,2082,13,-7508
cash_constant,OA,2033,13,-1791
cash_constant,OC,2048,13,-9943
cash_constant,OC,2049,13,-10417
cash_constant,OH,2044,13,-744
cash_constant,OJ,2089,13,-5032
cash_constant,OJ,2090,13,-5145
cash_constant,OJ,2091,13,-5261
cash_constant,OJ,2096,13,-8829
cash_constant,PH,2094,13,-19874
cash_constant,QM,2055,13,-12517
cash_constant,QM,2085,13,-18167
cash_constant,SE,2066,13,-10158
cash_constant,SE,2067,13,-10197
cash_constant,SE,2068,13,-10236
cash_constant,SE,2069,13,-10276
cash_constant,SE,2070,13,-10316
cash_constant,SE,2071,13,-10358
cash_constant,SE,2072,13,-10399
cash_constant,SE,2073,13,-10440
cash_constant,SE,2074,13,-10482
cash_constant,SE,2075,13,-10524
cash_constant,SE,2076,13,-10568
cash_constant,SE,2077,13,-10612
cash_constant,TH,2074,13,-22846
cash_constant,TH,2077,13,-26204
cash_constant,TH,2078,13,-27295
cash_constant,TH,2079,13,-28359
cash_constant,TH,2080,13,-29395
cash_constant,TH,2083,13,-32696
cash_constant,TH,2084,13,-33585
cash_constant,TW,2093,13,-7591
cash_constant,TW,2098,13,-3971
cash_constant,TW,2099,13,-4860
cash_constant,TW,2100,13,-4014
cash_constant,US,2028,13,-66381
cash_constant,US,2029,13,-76239
cash_constant,US,2030,13,-86412
cash_constant,US,2031,13,-97483
cash_constant,US,2032,13,-108629
cash_constant,US,2033,13,-119793
cash_constant,US,2034,13,-130961
cash_constant,US,2035,13,-142228
cash_constant,ZA,2086,13,-9989
cash_constant,AE,2097,12,-2555
cash_constant,AU,2050,12,-7187
cash_constant,AU,2051,12,-7534
cash_constant,AU,2052,12,-7875
cash_constant,AU,2053,12,-8211
cash_constant,AU,2054,12,-8541
cash_constant,AU,2055,12,-8867
cash_constant,AU,2056,12,-9190
cash_constant,CA,2078,12,-15477
cash_constant,CA,2080,12,-14337
cash_constant,CA,2081,12,-12923
cash_constant,CA,2082,12,-11597
cash_constant,CA,2090,12,-12925
cash_constant,CA,2091,12,-26797
cash_constant,CA,2092,12,-39805
cash_constant,CI,2073,12,-5216
cash_constant,CI,2074,12,-5699
cash_constant,CI,2075,12,-6978
cash_constant,DE,2040,12,-5009
cash_constant,DK,2053,12,-16296
cash_constant,DK,2054,12,-16285
cash_constant,DK,2055,12,-16274
cash_constant,DK,2056,12,-16263
cash_constant,DK,2057,12,-16250
cash_constant,DK,2058,12,-16236
cash_constant,DK,2059,12,-16223
cash_constant,DK,2060,12,-16208
cash_constant,DK,2061,12,-16192
cash_constant,DK,2062,12,-16177
cash_constant,DK,2063,12,-16160
cash_constant,DK,2064,12,-16144
cash_constant,DK,2065,12,-16126
cash_constant,DK,2066,12,-16109
cash_constant,DK,2067,12,-16091
cash_constant,DK,2068,12,-16074
cash_constant,DK,2069,12,-16056
cash_constant,DK,2070,12,-16038
cash_constant,EG,2090,12,-5157
cash_constant,EG,2091,12,-7656
cash_constant,EG,2092,12,-13102
cash_constant,EG,2093,12,-18754
cash_constant,EG,2096,12,-15997
cash_constant,EG,2098,12,-36430
cash_constant,EG,2099,12,-59328
cash_constant,ES,2041,12,-4173
cash_constant,ES,2042,12,-4264
cash_constant,ES,2043,12,-4357
cash_constant,ES,2044,12,-4453
cash_constant,ES,2045,12,-4552
cash_constant,ET,2090,12,-26871
cash_constant,GB,2057,12,-6553
cash_constant,GB,2058,12,-6590
cash_constant,GB,2059,12,-6627
cash_constant,GB,2060,12,-6665
cash_constant,GB,2061,12,-6702
cash_constant,GB,2062,12,-6739
cash_constant,GB,2063,12,-6775
cash_constant,GB,2064,12,-6813
cash_constant,GB,2065,12,-6850
cash_constant,GB,2066,12,-6888
cash_constant,GB,2069,12,-7001
cash_constant,GB,2071,12,-7078
cash_constant,GB,2072,12,-7117
cash_constant,GB,2073,12,-7156
cash_constant,GB,2074,12,-7195
cash_constant,GB,2075,12,-7234
cash_constant,GB,2076,12,-7274
cash_constant,GB,2077,12,-7315
cash_constant,GB,2079,12,-7397
cash_constant,GB,2080,12,-7801
cash_constant,GB,2081,12,-7447
cash_constant,GB,2083,12,-7465
cash_constant,GB,2084,12,-7473
cash_constant,IR,2040,12,-2006
cash_constant,IR,2041,12,-2101
cash_constant,KE,2095,12,-22549
cash_constant,KE,2097,12,-19391
cash_constant,MA,2078,12,-8916
cash_constant,MA,2079,12,-9733
cash_constant,MA,2080,12,-10615
cash_constant,MA,2085,12,-9555
cash_constant,ML,2073,12,-6770
cash_constant,ML,2075,12,-7202
cash_constant,NG,2074,12,-44411
cash_constant,NL,2058,12,-16572
cash_constant,NZ,2063,12,-3625
cash_constant,NZ,2064,12,-3657
cash_constant,NZ,2065,12,-3691
cash_constant,NZ,2066,12,-3723
cash_constant,NZ,2067,12,-3757
cash_constant,NZ,2068,12,-3789
cash_constant,OA,2031,12,-1580
cash_constant,OA,2032,12,-1684
cash_constant,OC,2046,12,-9029
cash_constant,OC,2047,12,-9481
cash_constant,OJ,2092,12,-7818
cash_constant,OJ,2093,12,-6974
cash_constant,OJ,2094,12,-6021
cash_constant,OJ,2095,12,-7459
cash_constant,PH,2092,12,-15094
cash_constant,PH,2093,12,-13059
cash_constant,PH,2096,12,-35518
cash_constant,PK,2098,12,-3963
cash_constant,QM,2048,12,-10621
cash_constant,QM,2049,12,-11126
cash_constant,QM,2050,12,-11647
cash_constant,QM,2051,12,-11818
cash_constant,QM,2052,12,-11990
cash_constant,QM,2053,12,-12164
cash_constant,QM,2054,12,-12340
cash_constant,RU,2099,12,-68349
cash_constant,SE,2047,12,-9022
cash_constant,SE,2048,12,-9182
cash_constant,SE,2049,12,-9346
cash_constant,SE,2050,12,-9517
cash_constant,SE,2051,12,-9559
cash_constant,SE,2052,12,-9600
cash_constant,SE,2053,12,-9642
cash_constant,SE,2054,12,-9682
cash_constant,SE,2055,12,-9723
cash_constant,SE,2056,12,-9762
cash_constant,SE,2057,12,-9802
cash_constant,SE,2058,12,-9842
cash_constant,SE,2059,12,-9883
cash_constant,SE,2060,12,-9921
cash_constant,SE,2061,12,-9961
cash_constant,SE,2062,12,-10000
cash_constant,SE,2063,12,-10040
cash_constant,SE,2064,12,-10079
cash_constant,SE,2065,12,-10118
cash_constant,TH,2035,12,-49253
cash_constant,TH,2036,12,-49410
cash_constant,TH,2037,12,-49472
cash_constant,TH,2038,12,-49435
cash_constant,TH,2039,12,-49289
cash_constant,TH,2040,12,-49022
cash_constant,TH,2041,12,-48625
cash_constant,TH,2042,12,-48088
cash_constant,TH,2043,12,-43746
cash_constant,TH,2044,12,-37992
cash_constant,TH,2045,12,-32690
cash_constant,TH,2046,12,-31060
cash_constant,TH,2047,12,-29844
cash_constant,TH,2048,12,-28612
cash_constant,TH,2049,12,-27362
cash_constant,TH,2050,12,-22970
cash_constant,TH,2051,12,-22837
cash_constant,TH,2052,12,-22755
cash_constant,TH,2053,12,-22712
cash_constant,TH,2054,12,-22697
cash_constant,TH,2055,12,-22704
cash_constant,TH,2056,12,-22724
cash_constant,TH,2057,12,-22750
cash_constant,TH,2058,12,-22781
cash_constant,TH,2059,12,-22811
cash_constant,TH,2060,12,-22836
cash_constant,TH,2061,12,-22858
cash_constant,TH,2062,12,-22872
cash_constant,TH,2063,12,-22877
cash_constant,TH,2064,12,-22873
cash_constant,TH,2065,12,-22860
cash_constant,TH,2066,12,-22836
cash_constant,TH,2067,12,-22803
cash_constant,TH,2068,12,-22759
cash_constant,TH,2069,12,-22707
cash_constant,TH,2070,12,-22645
cash_constant,TH,2071,12,-22535
cash_constant,TH,2072,12,-22412
cash_constant,TH,2073,12,-22276
cash_constant,TH,2097,12,-30464
cash_constant,TH,2098,12,-46073
cash_constant,TH,2099,12,-41306
cash_constant,TR,2091,12,-5071
cash_constant,TR,2093,12,-5185
cash_constant,TR,2096,12,-5814
cash_constant,TR,2097,12,-16333
cash_constant,TW,2078,12,-3833
cash_constant,TW,2090,12,-3824
cash_constant,TW,2091,12,-3841
cash_constant,TW,2092,12,-5538
cash_constant,US,2027,12,-56910
cash_constant,VN,2092,12,-3868
cash_constant,VN,2093,12,-3532
cash_constant,VN,2097,12,-3722
cash_constant,VN,2098,12,-3772
cash_constant,ZA,2080,12,-9220
cash_constant,ZA,2081,12,-9342
cash_constant,ZA,2082,12,-9467
cash_constant,ZA,2083,12,-9595
cash_constant,ZA,2084,12,-9723
cash_constant,ZA,2085,12,-9856
cash_constant,AE,2091,11,-4688
cash_constant,AE,2092,11,-3626
cash_constant,AE,2098,11,-11481
cash_constant,BD,2093,11,-3754
cash_constant,BD,2098,11,-4730
cash_constant,CA,2075,11,-5097
cash_constant,CA,2076,11,-7922
cash_constant,CA,2077,11,-12649
cash_constant,CA,2079,11,-14916
cash_constant,CD,2089,11,-6194
cash_constant,CD,2096,11,-7712
cash_constant,CD,2099,11,-59834
cash_constant,CI,2071,11,-3616
cash_constant,CI,2072,11,-5158
cash_constant,DK,2048,11,-15849
cash_constant,DK,2049,11,-16080
cash_constant,DK,2050,11,-16319
cash_constant,DK,2051,11,-16313
cash_constant,DK,2052,11,-16305
cash_constant,DZ,2099,11,-3639
cash_constant,EG,2094,11,-14823
cash_constant,EG,2095,11,-10454
cash_constant,EG,2097,11,-27284
cash_constant,ES,2040,11,-4086
cash_constant,ET,2089,11,-28602
cash_constant,GB,2050,11,-6291
cash_constant,GB,2051,11,-6328
cash_constant,GB,2052,11,-6366
cash_constant,GB,2053,11,-6404
cash_constant,GB,2054,11,-6440
cash_constant,GB,2055,11,-6478
cash_constant,GB,2056,11,-6516
cash_constant,GB,2082,11,-7456
cash_constant,ID,2097,11,-2843
cash_constant,ID,2098,11,-5047
cash_constant,IR,2039,11,-1915
cash_constant,KR,2026,11,-1004
cash_constant,MA,2060,11,-3961
cash_constant,MA,2061,11,-4272
cash_constant,MA,2062,11,-4487
cash_constant,MA,2063,11,-4506
cash_constant,MA,2064,11,-4508
cash_constant,MA,2065,11,-4493
cash_constant,MA,2066,11,-4459
cash_constant,MA,2067,11,-4401
cash_constant,MA,2068,11,-4318
cash_constant,MA,2069,11,-4205
cash_constant,MA,2070,11,-4208
cash_constant,MA,2071,11,-4514
cash_constant,MA,2072,11,-5016
cash_constant,MA,2073,11,-5566
cash_constant,MA,2074,11,-6164
cash_constant,MA,2075,11,-6816
cash_constant,MA,2076,11,-7460
cash_constant,MA,2077,11,-8160
cash_constant,ML,2071,11,-6308
cash_constant,ML,2072,11,-6542
cash_constant,MM,2098,11,-3075
cash_constant,NE,2092,11,-4395
cash_constant,NE,2093,11,-4042
cash_constant,NE,2100,11,-64623
cash_constant,NG,2072,11,-45501
cash_constant,NG,2073,11,-44961
cash_constant,NL,2032,11,-37109
cash_constant,NL,2033,11,-30464
cash_constant,NL,2034,11,-24520
cash_constant,NL,2035,11,-19310
cash_constant,NL,2036,11,-13967
cash_constant,NL,2037,11,-12828
cash_constant,NL,2038,11,-13047
cash_constant,NL,2039,11,-13274
cash_constant,NL,2043,11,-14245
cash_constant,NL,2044,11,-14509
cash_constant,NL,2045,11,-14781
cash_constant,NL,2046,11,-15062
cash_constant,NL,2047,11,-15351
cash_constant,NL,2048,11,-15648
cash_constant,NL,2049,11,-15954
cash_constant,NL,2050,11,-16271
cash_constant,NL,2051,11,-16310
cash_constant,NL,2052,11,-16348
cash_constant,NL,2053,11,-16387
cash_constant,NL,2054,11,-16425
cash_constant,NL,2055,11,-16463
cash_constant,NL,2056,11,-16501
cash_constant,NL,2057,11,-16537
cash_constant,NO,2059,11,-5304
cash_constant,NO,2060,11,-5297
cash_constant,NO,2061,11,-5288
cash_constant,NO,2062,11,-5280
cash_constant,NO,2063,11,-5273
cash_constant,NO,2064,11,-5264
cash_constant,NO,2065,11,-5257
cash_constant,NO,2066,11,-5249
cash_constant,NO,2067,11,-5241
cash_constant,NZ,2045,11,-2889
cash_constant,NZ,2046,11,-2952
cash_constant,NZ,2047,11,-3016
cash_constant,NZ,2048,11,-3082
cash_constant,NZ,2049,11,-3150
cash_constant,NZ,2050,11,-3221
cash_constant,NZ,2051,11,-3250
cash_constant,NZ,2052,11,-3281
cash_constant,NZ,2053,11,-3311
cash_constant,NZ,2054,11,-3342
cash_constant,NZ,2055,11,-3373
cash_constant,NZ,2056,11,-3404
cash_constant,NZ,2057,11,-3435
cash_constant,NZ,2058,11,-3466
cash_constant,NZ,2059,11,-3498
cash_constant,NZ,2060,11,-3529
cash_constant,NZ,2061,11,-3561
cash_constant,NZ,2062,11,-3593
cash_constant,OA,2030,11,-1479
cash_constant,OH,2043,11,-190
cash_constant,OJ,2087,11,-5205
cash_constant,OJ,2088,11,-5022
cash_constant,PH,2089,11,-13631
cash_constant,PH,2090,11,-17742
cash_constant,PH,2091,11,-20929
cash_constant,PH,2095,11,-28113
cash_constant,QM,2046,11,-9652
cash_constant,QM,2047,11,-10130
cash_constant,SA,2093,11,-2399
cash_constant,SA,2094,11,-3413
cash_constant,SA,2095,11,-4034
cash_constant,SD,2096,11,-3906
cash_constant,SD,2097,11,-4032
cash_constant,SD,2100,11,-55187
cash_constant,TH,2026,11,-72394
cash_constant,TH,2027,11,-72482
cash_constant,TH,2028,11,-69144
cash_constant,TH,2029,11,-65657
cash_constant,TH,2030,11,-62067
cash_constant,TH,2031,11,-58522
cash_constant,TH,2032,11,-54922
cash_constant,TH,2033,11,-51297
cash_constant,TH,2034,11,-49029
cash_constant,TR,2089,11,-4958
cash_constant,TR,2090,11,-5015
cash_constant,TR,2092,11,-5127
cash_constant,TR,2094,11,-5244
cash_constant,TW,2076,11,-4656
cash_constant,TW,2077,11,-4243
cash_constant,TW,2095,11,-4282
cash_constant,TW,2096,11,-9046
cash_constant,US,2026,11,-38196
cash_constant,VN,2091,11,-5004
cash_constant,VN,2096,11,-3814
cash_constant,ZA,2073,11,-8273
cash_constant,ZA,2074,11,-8399
cash_constant,ZA,2075,11,-8529
cash_constant,ZA,2077,11,-8798
cash_constant,ZA,2078,11,-8937
cash_constant,ZA,2079,11,-9077
cash_constant,AE,2089,10,-3004
cash_constant,AE,2090,10,-3476
cash_constant,AE,2093,10,-3425
cash_constant,AE,2094,10,-7191
cash_constant,AE,2096,10,-3352
cash_constant,AU,2049,10,-5082
cash_constant,BD,2090,10,-2993
cash_constant,BD,2091,10,-3973
cash_constant,BD,2092,10,-5071
cash_constant,BD,2094,10,-4056
cash_constant,BD,2097,10,-2995
cash_constant,CA,2070,10,-4957
cash_constant,CA,2071,10,-4984
cash_constant,CA,2072,10,-5013
cash_constant,CA,2073,10,-5041
cash_constant,CA,2074,10,-5069
cash_constant,CD,2026,10,-636
cash_constant,CD,2027,10,-818
cash_constant,CD,2028,10,-787
cash_constant,CD,2029,10,-765
cash_constant,CD,2080,10,-4722
cash_constant,CD,2081,10,-4864
cash_constant,CD,2084,10,-5320
cash_constant,CD,2085,10,-5482
cash_constant,CD,2086,10,-6963
cash_constant,CD,2087,10,-6707
cash_constant,CD,2088,10,-6057
cash_constant,CD,2090,10,-7319
cash_constant,CD,2091,10,-6589
cash_constant,CD,2092,10,-6798
cash_constant,CI,2068,10,-1168
cash_constant,CI,2069,10,-2282
cash_constant,CI,2070,10,-3494
cash_constant,CN,2098,10,-4956
cash_constant,DE,2039,10,-4864
cash_constant,DK,2044,10,-14989
cash_constant,DK,2045,10,-15194
cash_constant,DK,2046,10,-15405
cash_constant,DK,2047,10,-15624
cash_constant,DZ,2092,10,-4782
cash_constant,DZ,2093,10,-7587
cash_constant,DZ,2094,10,-5947
cash_constant,DZ,2098,10,-3427
cash_constant,EG,2088,10,-5003
cash_constant,EG,2089,10,-5079
cash_constant,ES,2033,10,-3492
cash_constant,ES,2034,10,-3585
cash_constant,ES,2035,10,-3682
cash_constant,ES,2036,10,-3760
cash_constant,ES,2037,10,-3838
cash_constant,ES,2038,10,-3918
cash_constant,ES,2039,10,-4001
cash_constant,ET,2083,10,-17973
cash_constant,ET,2084,10,-17212
cash_constant,ET,2085,10,-16490
cash_constant,ET,2086,10,-17443
cash_constant,ET,2087,10,-22203
cash_constant,ET,2088,10,-27001
cash_constant,FR,2098,10,-15823
cash_constant,FR,2100,10,-144857
cash_constant,GB,2048,10,-6042
cash_constant,GB,2049,10,-6164
cash_constant,IN,2094,10,-5099
cash_constant,IR,2034,10,-1543
cash_constant,IR,2035,10,-1608
cash_constant,IR,2036,10,-1678
cash_constant,IR,2037,10,-1752
cash_constant,IR,2038,10,-1831
cash_constant,KE,2078,10,-8186
cash_constant,KE,2079,10,-8686
cash_constant,KE,2080,10,-9148
cash_constant,KE,2081,10,-8838
cash_constant,KE,2083,10,-8332
cash_constant,KE,2084,10,-8141
cash_constant,KE,2085,10,-7994
cash_constant,KE,2086,10,-7642
cash_constant,KE,2090,10,-6830
cash_constant,KE,2091,10,-7134
cash_constant,KE,2092,10,-9079
cash_constant,KE,2093,10,-12806
cash_constant,MA,2057,10,-3126
cash_constant,MA,2058,10,-3389
cash_constant,MA,2059,10,-3668
cash_constant,MM,2091,10,-3134
cash_constant,NE,2096,10,-17765
cash_constant,NG,2071,10,-46029
cash_constant,NL,2027,10,-112888
cash_constant,NL,2028,10,-95185
cash_constant,NL,2029,10,-78302
cash_constant,NL,2030,10,-62323
cash_constant,NL,2031,10,-47568
cash_constant,NL,2040,10,-13506
cash_constant,NL,2041,10,-13744
cash_constant,NL,2042,10,-13990
cash_constant,NO,2043,10,-4748
cash_constant,NO,2044,10,-4832
cash_constant,NO,2045,10,-4918
cash_constant,NO,2046,10,-5005
cash_constant,NO,2047,10,-5097
cash_constant,NO,2048,10,-5190
cash_constant,NO,2049,10,-5286
cash_constant,NO,2050,10,-5387
cash_constant,NO,2051,10,-5377
cash_constant,NO,2052,10,-5367
cash_constant,NO,2053,10,-5356
cash_constant,NO,2054,10,-5347
cash_constant,NO,2055,10,-5338
cash_constant,NO,2056,10,-5329
cash_constant,NO,2057,10,-5320
cash_constant,NO,2058,10,-5312
cash_constant,NZ,2026,10,-1856
cash_constant,NZ,2027,10,-1986
cash_constant,NZ,2028,10,-2020
cash_constant,NZ,2029,10,-2056
cash_constant,NZ,2030,10,-2097
cash_constant,NZ,2031,10,-2147
cash_constant,NZ,2032,10,-2199
cash_constant,NZ,2033,10,-2251
cash_constant,NZ,2034,10,-2303
cash_constant,NZ,2035,10,-2355
cash_constant,NZ,2036,10,-2403
cash_constant,NZ,2037,10,-2451
cash_constant,NZ,2038,10,-2500
cash_constant,NZ,2039,10,-2551
cash_constant,NZ,2040,10,-2603
cash_constant,NZ,2041,10,-2657
cash_constant,NZ,2042,10,-2712
cash_constant,NZ,2043,10,-2769
cash_constant,NZ,2044,10,-2829
cash_constant,OC,2044,10,-8155
cash_constant,OC,2045,10,-8587
cash_constant,OH,2035,10,-38
cash_constant,OH,2036,10,-41
cash_constant,OH,2037,10,-42
cash_constant,OH,2038,10,-54
cash_constant,OJ,2080,10,-4567
cash_constant,OJ,2081,10,-4223
cash_constant,OJ,2082,10,-4848
cash_constant,OJ,2086,10,-5975
cash_constant,PH,2087,10,-6245
cash_constant,PH,2088,10,-9801
cash_constant,PH,2099,10,-92952
cash_constant,PK,2094,10,-4101
cash_constant,QM,2038,10,-6271
cash_constant,QM,2039,10,-6656
cash_constant,QM,2040,10,-7050
cash_constant,QM,2041,10,-7452
cash_constant,QM,2042,10,-7867
cash_constant,QM,2043,10,-8294
cash_constant,QM,2044,10,-8734
cash_constant,QM,2045,10,-9186
cash_constant,RU,2094,10,-85184
cash_constant,RU,2095,10,-78501
cash_constant,SA,2098,10,-2758
cash_constant,SA,2099,10,-4530
cash_constant,SE,2026,10,-6381
cash_constant,SE,2027,10,-6687
cash_constant,SE,2035,10,-7498
cash_constant,SE,2036,10,-7599
cash_constant,SE,2037,10,-7704
cash_constant,SE,2038,10,-7813
cash_constant,SE,2039,10,-7928
cash_constant,SE,2040,10,-8046
cash_constant,SE,2041,10,-8170
cash_constant,SE,2042,10,-8298
cash_constant,SE,2043,10,-8432
cash_constant,SE,2044,10,-8572
cash_constant,SE,2045,10,-8717
cash_constant,SE,2046,10,-8867
cash_constant,TR,2077,10,-4307
cash_constant,TR,2078,10,-4364
cash_constant,TR,2079,10,-4423
cash_constant,TR,2080,10,-4481
cash_constant,TR,2081,10,-4533
cash_constant,TR,2082,10,-4585
cash_constant,TR,2083,10,-4637
cash_constant,TR,2086,10,-4795
cash_constant,TR,2095,10,-5302
cash_constant,TW,2071,10,-3578
cash_constant,TW,2073,10,-3597
cash_constant,TW,2075,10,-3618
cash_constant,TW,2079,10,-6511
cash_constant,TW,2080,10,-7234
cash_constant,TW,2081,10,-6075
cash_constant,TW,2082,10,-4999
cash_constant,TW,2083,10,-4007
cash_constant,TW,2084,10,-7410
cash_constant,TW,2087,10,-5838
cash_constant,TW,2088,10,-6784
cash_constant,TW,2089,10,-5599
cash_constant,TW,2097,10,-8307
cash_constant,VN,2088,10,-3317
cash_constant,VN,2089,10,-3359
cash_constant,VN,2090,10,-3741
cash_constant,VN,2094,10,-6897
cash_constant,VN,2095,10,-4116
cash_constant,VN,2100,10,-42078
cash_constant,ZA,2054,10,-6114
cash_constant,ZA,2056,10,-6289
cash_constant,ZA,2057,10,-6383
cash_constant,ZA,2058,10,-6480
cash_constant,ZA,2059,10,-6581
cash_constant,ZA,2060,10,-6687
cash_constant,ZA,2061,10,-6795
cash_constant,ZA,2062,10,-6906
cash_constant,ZA,2063,10,-7022
cash_constant,ZA,2064,10,-7139
cash_constant,ZA,2065,10,-7260
cash_constant,ZA,2066,10,-7384
cash_constant,ZA,2067,10,-7510
cash_constant,ZA,2068,10,-7640
cash_constant,ZA,2069,10,-7772
cash_constant,ZA,2070,10,-7907
cash_constant,ZA,2071,10,-8027
cash_constant,ZA,2072,10,-8149
cash_constant,ZA,2076,10,-8662
cash_constant,AE,2077,9,-2455
cash_constant,AE,2078,9,-4984
cash_constant,AE,2095,9,-4630
cash_constant,AE,2100,9,-63109
cash_constant,AU,2029,9,-2433
cash_constant,AU,2030,9,-2447
cash_constant,AU,2031,9,-2742
cash_constant,AU,2045,9,-3177
cash_constant,AU,2046,9,-3250
cash_constant,AU,2047,9,-3559
cash_constant,AU,2048,9,-4198
cash_constant,BD,2089,9,-3852
cash_constant,BD,2095,9,-7639
cash_constant,BD,2100,9,-6477
cash_constant,CA,2062,9,-4734
cash_constant,CA,2063,9,-4762
cash_constant,CA,2064,9,-4790
cash_constant,CA,2065,9,-4817
cash_constant,CA,2066,9,-4846
cash_constant,CA,2067,9,-4873
cash_constant,CA,2068,9,-4902
cash_constant,CA,2069,9,-4928
cash_constant,CD,2078,9,-4424
cash_constant,CD,2079,9,-4570
cash_constant,CD,2082,9,-5010
cash_constant,CD,2083,9,-5162
cash_constant,CD,2093,9,-9088
cash_constant,CD,2095,9,-7518
cash_constant,CI,2067,9,-694
cash_constant,CN,2084,9,-2314
cash_constant,DE,2036,9,-4590
cash_constant,DE,2037,9,-4654
cash_constant,DE,2038,9,-4723
cash_constant,DK,2038,9,-13921
cash_constant,DK,2039,9,-14083
cash_constant,DK,2040,9,-14250
cash_constant,DK,2041,9,-14422
cash_constant,DK,2042,9,-14604
cash_constant,DK,2043,9,-14792
cash_constant,DZ,2088,9,-2960
cash_constant,DZ,2091,9,-4088
cash_constant,EG,2087,9,-4926
cash_constant,ES,2027,9,-3014
cash_constant,ES,2028,9,-3074
cash_constant,ES,2029,9,-3141
cash_constant,ES,2030,9,-3215
cash_constant,ES,2031,9,-3306
cash_constant,ES,2032,9,-3398
cash_constant,ET,2074,9,-11259
cash_constant,ET,2075,9,-11515
cash_constant,ET,2076,9,-11773
cash_constant,ET,2077,9,-12019
cash_constant,ET,2078,9,-12255
cash_constant,ET,2079,9,-12755
cash_constant,ET,2080,9,-15568
cash_constant,ET,2081,9,-18700
cash_constant,ET,2082,9,-18768
cash_constant,FR,2085,9,-9507
cash_constant,FR,2095,9,-7629
cash_constant,FR,2096,9,-7706
cash_constant,FR,2097,9,-10730
cash_constant,FR,2099,9,-111945
cash_constant,GB,2027,9,-3999
cash_constant,GB,2028,9,-4064
cash_constant,GB,2029,9,-4138
cash_constant,GB,2030,9,-4220
cash_constant,GB,2046,9,-5807
cash_constant,GB,2047,9,-5923
cash_constant,ID,2090,9,-4093
cash_constant,IN,2091,9,-2910
cash_constant,IN,2092,9,-2953
cash_constant,IN,2093,9,-4179
cash_constant,IN,2098,9,-3222
cash_constant,IN,2099,9,-5334
cash_constant,IR,2031,9,-1352
cash_constant,IR,2032,9,-1416
cash_constant,IR,2033,9,-1479
cash_constant,KE,2076,9,-5626
cash_constant,KE,2077,9,-7434
cash_constant,KE,2082,9,-8565
cash_constant,KE,2087,9,-6976
cash_constant,KE,2088,9,-6393
cash_constant,KE,2089,9,-6577
cash_constant,KE,2094,9,-18290
cash_constant,ML,2064,9,-2838
cash_constant,ML,2065,9,-3277
cash_constant,ML,2066,9,-3752
cash_constant,ML,2067,9,-4262
cash_constant,ML,2068,9,-4816
cash_constant,ML,2069,9,-5415
cash_constant,ML,2070,9,-6066
cash_constant,MM,2089,9,-3459
cash_constant,MM,2090,9,-2911
cash_constant,MM,2093,9,-5350
cash_constant,MM,2097,9,-2763
cash_constant,NE,2077,9,-2516
cash_constant,NE,2078,9,-2662
cash_constant,NE,2079,9,-3486
cash_constant,NE,2080,9,-4969
cash_constant,NE,2081,9,-4842
cash_constant,NE,2082,9,-4306
cash_constant,NE,2085,9,-2723
cash_constant,NE,2086,9,-3769
cash_constant,NE,2087,9,-6751
cash_constant,NE,2088,9,-7356
cash_constant,NE,2090,9,-6199
cash_constant,NE,2091,9,-5129
cash_constant,NG,2069,9,-45994
cash_constant,NG,2070,9,-46546
cash_constant,NL,2026,9,-130600
cash_constant,NO,2040,9,-4516
cash_constant,NO,2041,9,-4591
cash_constant,NO,2042,9,-4668
cash_constant,OA,2028,9,-1348
cash_constant,OA,2029,9,-1408
cash_constant,OC,2027,9,-3034
cash_constant,OC,2041,9,-6922
cash_constant,OC,2042,9,-7323
cash_constant,OC,2043,9,-7734
cash_constant,OH,2039,9,-66
cash_constant,OH,2040,9,-78
cash_constant,OH,2041,9,-92
cash_constant,OH,2042,9,-105
cash_constant,OJ,2083,9,-6956
cash_constant,OJ,2084,9,-7603
cash_constant,OJ,2085,9,-6775
cash_constant,PK,2093,9,-5302
cash_constant,PK,2097,9,-2683
cash_constant,RU,2090,9,-113521
cash_constant,RU,2091,9,-114517
cash_constant,RU,2093,9,-94236
cash_constant,RU,2096,9,-73251
cash_constant,RU,2097,9,-59771
cash_constant,RU,2098,9,-54566
cash_constant,RW,2089,9,-1525
cash_constant,RW,2090,9,-3796
cash_constant,RW,2091,9,-2791
cash_constant,RW,2096,9,-1080
cash_constant,SA,2092,9,-4900
cash_constant,SA,2096,9,-4748
cash_constant,SD,2084,9,-3758
cash_constant,SD,2095,9,-4018
cash_constant,SD,2098,9,-8391
cash_constant,SE,2028,9,-6747
cash_constant,SE,2029,9,-6821
cash_constant,SE,2030,9,-6904
cash_constant,SE,2031,9,-7016
cash_constant,SE,2032,9,-7133
cash_constant,SE,2033,9,-7251
cash_constant,SE,2034,9,-7373
cash_constant,TR,2046,9,-2545
cash_constant,TR,2047,9,-2669
cash_constant,TR,2048,9,-2797
cash_constant,TR,2049,9,-2929
cash_constant,TR,2050,9,-3065
cash_constant,TR,2051,9,-3100
cash_constant,TR,2052,9,-3137
cash_constant,TR,2053,9,-3175
cash_constant,TR,2054,9,-3213
cash_constant,TR,2055,9,-3253
cash_constant,TR,2056,9,-3293
cash_constant,TR,2057,9,-3334
cash_constant,TR,2058,9,-3376
cash_constant,TR,2059,9,-3419
cash_constant,TR,2060,9,-3462
cash_constant,TR,2061,9,-3507
cash_constant,TR,2062,9,-3551
cash_constant,TR,2063,9,-3596
cash_constant,TR,2064,9,-3642
cash_constant,TR,2065,9,-3689
cash_constant,TR,2066,9,-3736
cash_constant,TR,2067,9,-3784
cash_constant,TR,2068,9,-3833
cash_constant,TR,2069,9,-3882
cash_constant,TR,2070,9,-3931
cash_constant,TR,2071,9,-3983
cash_constant,TR,2072,9,-4035
cash_constant,TR,2073,9,-4087
cash_constant,TR,2074,9,-4140
cash_constant,TR,2075,9,-4195
cash_constant,TR,2076,9,-4250
cash_constant,TR,2084,9,-4689
cash_constant,TR,2085,9,-4742
cash_constant,TR,2087,9,-4849
cash_constant,TR,2088,9,-4904
cash_constant,TW,2069,9,-3560
cash_constant,TW,2070,9,-3569
cash_constant,TW,2072,9,-3587
cash_constant,TW,2074,9,-3607
cash_constant,TW,2085,9,-9856
cash_constant,TW,2086,9,-7751
cash_constant,VN,2087,9,-4634
cash_constant,ZA,2050,9,-5824
cash_constant,ZA,2051,9,-5888
cash_constant,ZA,2052,9,-5959
cash_constant,ZA,2053,9,-6034
cash_constant,ZA,2055,9,-6199
cash_constant,AE,2074,8,-2662
cash_constant,AE,2075,8,-2589
cash_constant,AE,2076,8,-2430
cash_constant,AE,2081,8,-3626
cash_constant,AE,2082,8,-4280
cash_constant,AE,2087,8,-5729
cash_constant,AE,2088,8,-4305
cash_constant,AU,2026,8,-2297
cash_constant,AU,2027,8,-2410
cash_constant,AU,2028,8,-2421
cash_constant,AU,2032,8,-2489
cash_constant,AU,2033,8,-2509
cash_constant,AU,2034,8,-2524
cash_constant,AU,2035,8,-2540
cash_constant,AU,2036,8,-2598
cash_constant,AU,2037,8,-2655
cash_constant,AU,2038,8,-2714
cash_constant,AU,2039,8,-2776
cash_constant,AU,2040,8,-2838
cash_constant,AU,2041,8,-2901
cash_constant,AU,2042,8,-2967
cash_constant,AU,2043,8,-3035
cash_constant,AU,2044,8,-3105
cash_constant,BD,2088,8,-5611
cash_constant,BD,2096,8,-7014
cash_constant,CA,2033,8,-3082
cash_constant,CA,2034,8,-3136
cash_constant,CA,2035,8,-3190
cash_constant,CA,2036,8,-3256
cash_constant,CA,2037,8,-3323
cash_constant,CA,2050,8,-4405
cash_constant,CA,2051,8,-4431
cash_constant,CA,2052,8,-4459
cash_constant,CA,2053,8,-4486
cash_constant,CA,2054,8,-4513
cash_constant,CA,2055,8,-4540
cash_constant,CA,2056,8,-4567
cash_constant,CA,2057,8,-4595
cash_constant,CA,2058,8,-4623
cash_constant,CA,2059,8,-4650
cash_constant,CA,2060,8,-4678
cash_constant,CA,2061,8,-4706
cash_constant,CD,2030,8,-750
cash_constant,CD,2031,8,-755
cash_constant,CD,2032,8,-761
cash_constant,CD,2033,8,-767
cash_constant,CD,2034,8,-772
cash_constant,CD,2035,8,-781
cash_constant,CD,2066,8,-3029
cash_constant,CD,2067,8,-3125
cash_constant,CD,2068,8,-3225
cash_constant,CD,2069,8,-3329
cash_constant,CD,2070,8,-3438
cash_constant,CD,2071,8,-3545
cash_constant,CD,2072,8,-3657
cash_constant,CD,2073,8,-3773
cash_constant,CD,2074,8,-3893
cash_constant,CD,2075,8,-4017
cash_constant,CD,2076,8,-4148
cash_constant,CD,2077,8,-4284
cash_constant,CD,2094,8,-7323
cash_constant,CI,2062,8,-269
cash_constant,CI,2063,8,-275
cash_constant,CI,2064,8,-356
cash_constant,CI,2065,8,-474
cash_constant,CI,2066,8,-586
cash_constant,CN,2079,8,-2629
cash_constant,CN,2080,8,-2714
cash_constant,CN,2081,8,-2480
cash_constant,CN,2082,8,-2532
cash_constant,CN,2083,8,-2040
cash_constant,CN,2085,8,-6314
cash_constant,CN,2091,8,-1953
cash_constant,CN,2097,8,-3373
cash_constant,CN,2099,8,-4327
cash_constant,CN,2100,8,-1705
cash_constant,DE,2026,8,-3750
cash_constant,DE,2027,8,-3943
cash_constant,DE,2028,8,-3992
cash_constant,DE,2029,8,-4047
cash_constant,DE,2030,8,-4109
cash_constant,DE,2031,8,-4189
cash_constant,DE,2032,8,-4271
cash_constant,DE,2033,8,-4354
cash_constant,DE,2034,8,-4440
cash_constant,DE,2035,8,-4528
cash_constant,DK,2030,8,-12347
cash_constant,DK,2031,8,-12565
cash_constant,DK,2032,8,-12789
cash_constant,DK,2033,8,-13015
cash_constant,DK,2034,8,-13244
cash_constant,DK,2035,8,-13479
cash_constant,DK,2036,8,-13622
cash_constant,DK,2037,8,-13768
cash_constant,DZ,2087,8,-4115
cash_constant,DZ,2090,8,-4258
cash_constant,DZ,2095,8,-4672
cash_constant,DZ,2096,8,-7250
cash_constant,EG,2086,8,-5594
cash_constant,ES,2026,8,-2794
cash_constant,ET,2067,8,-7666
cash_constant,ET,2068,8,-8152
cash_constant,ET,2069,8,-8478
cash_constant,ET,2070,8,-8804
cash_constant,ET,2071,8,-10426
cash_constant,ET,2072,8,-10715
cash_constant,ET,2073,8,-10993
cash_constant,FR,2081,8,-6323
cash_constant,FR,2082,8,-9773
cash_constant,FR,2083,8,-9669
cash_constant,FR,2084,8,-9581
cash_constant,FR,2086,8,-9448
cash_constant,FR,2087,8,-9403
cash_constant,FR,2088,8,-9372
cash_constant,FR,2089,8,-9355
cash_constant,FR,2090,8,-9350
cash_constant,FR,2091,8,-7320
cash_constant,FR,2092,8,-7397
cash_constant,GB,2026,8,-3759
cash_constant,GB,2031,8,-4320
cash_constant,GB,2032,8,-4423
cash_constant,GB,2033,8,-4528
cash_constant,GB,2034,8,-4635
cash_constant,GB,2035,8,-4744
cash_constant,GB,2036,8,-4827
cash_constant,GB,2037,8,-4912
cash_constant,GB,2038,8,-4999
cash_constant,GB,2039,8,-5090
cash_constant,GB,2040,8,-5183
cash_constant,GB,2041,8,-5279
cash_constant,GB,2042,8,-5378
cash_constant,GB,2043,8,-5480
cash_constant,GB,2044,8,-5585
cash_constant,GB,2045,8,-5694
cash_constant,ID,2088,8,-5503
cash_constant,ID,2089,8,-4687
cash_constant,ID,2091,8,-3570
cash_constant,ID,2092,8,-4394
cash_constant,ID,2093,8,-3200
cash_constant,ID,2094,8,-2976
cash_constant,ID,2095,8,-6465
cash_constant,ID,2100,8,-106832
cash_constant,IN,2090,8,-3812
cash_constant,IN,2095,8,-5565
cash_constant,IN,2096,8,-3128
cash_constant,IN,2100,8,-89122
cash_constant,IR,2027,8,-1213
cash_constant,IR,2028,8,-1228
cash_constant,IR,2029,8,-1255
cash_constant,IR,2030,8,-1290
cash_constant,KE,2075,8,-4025
cash_constant,MA,2047,8,-1503
cash_constant,MA,2048,8,-1585
cash_constant,MA,2051,8,-1812
cash_constant,MA,2052,8,-1999
cash_constant,MA,2053,8,-2201
cash_constant,MA,2054,8,-2415
cash_constant,MA,2055,8,-2639
cash_constant,MA,2056,8,-2876
cash_constant,ML,2056,8,-1071
cash_constant,ML,2057,8,-1148
cash_constant,ML,2058,8,-1215
cash_constant,ML,2059,8,-1269
cash_constant,ML,2060,8,-1356
cash_constant,ML,2061,8,-1689
cash_constant,ML,2062,8,-2046
cash_constant,ML,2063,8,-2428
cash_constant,MM,2088,8,-3810
cash_constant,MM,2092,8,-4738
cash_constant,MM,2094,8,-3764
cash_constant,MM,2100,8,-784
cash_constant,NE,2075,8,-2197
cash_constant,NE,2076,8,-2360
cash_constant,NE,2083,8,-3772
cash_constant,NE,2084,8,-3244
cash_constant,NE,2089,8,-7110
cash_constant,NE,2097,8,-35978
cash_constant,NE,2098,8,-47367
cash_constant,NE,2099,8,-66506
cash_constant,NG,2065,8,-44341
cash_constant,NG,2066,8,-44669
cash_constant,NG,2067,8,-45053
cash_constant,NG,2068,8,-45496
cash_constant,NO,2036,8,-4236
cash_constant,NO,2037,8,-4302
cash_constant,NO,2038,8,-4371
cash_constant,NO,2039,8,-4443
cash_constant,OA,2027,8,-1302
cash_constant,OC,2026,8,-2842
cash_constant,OC,2028,8,-3081
cash_constant,OC,2029,8,-3132
cash_constant,OC,2030,8,-3191
cash_constant,OC,2031,8,-3293
cash_constant,OC,2032,8,-3640
cash_constant,OC,2033,8,-3987
cash_constant,OC,2034,8,-4333
cash_constant,OC,2035,8,-4682
cash_constant,OC,2036,8,-5040
cash_constant,OC,2037,8,-5401
cash_constant,OC,2038,8,-5769
cash_constant,OC,2039,8,-6147
cash_constant,OC,2040,8,-6530
cash_constant,OH,2034,8,-37
cash_constant,OJ,2071,8,-3971
cash_constant,OJ,2072,8,-5165
cash_constant,OJ,2073,8,-5822
cash_constant,OJ,2074,8,-6037
cash_constant,OJ,2075,8,-6233
cash_constant,OJ,2076,8,-6435
cash_constant,OJ,2077,8,-6618
cash_constant,OJ,2078,8,-6126
cash_constant,OJ,2079,8,-5391
cash_constant,PH,2084,8,-2193
cash_constant,PH,2086,8,-6407
cash_constant,PK,2091,8,-3505
cash_constant,PK,2092,8,-5884
cash_constant,PK,2096,8,-5909
cash_constant,PK,2099,8,-1587
cash_constant,QM,2026,8,-1749
cash_constant,QM,2027,8,-2474
cash_constant,QM,2028,8,-2721
cash_constant,QM,2029,8,-2995
cash_constant,QM,2030,8,-3293
cash_constant,QM,2031,8,-3646
cash_constant,QM,2032,8,-4011
cash_constant,QM,2033,8,-4386
cash_constant,QM,2034,8,-4771
cash_constant,QM,2035,8,-5170
cash_constant,QM,2036,8,-5531
cash_constant,QM,2037,8,-5896
cash_constant,RU,2082,8,-103029
cash_constant,RU,2083,8,-102720
cash_constant,RU,2086,8,-100145
cash_constant,RU,2087,8,-102391
cash_constant,RU,2089,8,-111158
cash_constant,RU,2092,8,-104583
cash_constant,RU,2100,8,-92962
cash_constant,RW,2088,8,-2002
cash_constant,RW,2092,8,-2240
cash_constant,RW,2098,8,-18269
cash_constant,RW,2100,8,-74454
cash_constant,SA,2075,8,-1451
cash_constant,SA,2076,8,-4048
cash_constant,SA,2077,8,-3762
cash_constant,SA,2080,8,-2810
cash_constant,SA,2081,8,-6757
cash_constant,SA,2082,8,-5963
cash_constant,SA,2083,8,-4598
cash_constant,SA,2086,8,-1070
cash_constant,SA,2097,8,-5880
cash_constant,SA,2100,8,-34540
cash_constant,SD,2073,8,-3014
cash_constant,SD,2074,8,-3526
cash_constant,SD,2075,8,-3858
cash_constant,SD,2076,8,-4199
cash_constant,SD,2077,8,-4530
cash_constant,SD,2078,8,-4851
cash_constant,SD,2079,8,-5159
cash_constant,SD,2080,8,-5450
cash_constant,SD,2081,8,-5039
cash_constant,SD,2082,8,-4619
cash_constant,SD,2083,8,-4191
cash_constant,SD,2085,8,-4879
cash_constant,SD,2086,8,-6881
cash_constant,SD,2087,8,-5919
cash_constant,SD,2090,8,-3236
cash_constant,SD,2094,8,-6671
cash_constant,TR,2045,8,-2425
cash_constant,VN,2084,8,-3165
cash_constant,VN,2086,8,-6251
cash_constant,ZA,2026,8,-1430
cash_constant,ZA,2027,8,-1734
cash_constant,ZA,2028,8,-1776
cash_constant,ZA,2029,8,-1832
cash_constant,ZA,2030,8,-1901
cash_constant,ZA,2031,8,-1999
cash_constant,ZA,2032,8,-2102
cash_constant,ZA,2033,8,-2210
cash_constant,ZA,2034,8,-2319
cash_constant,ZA,2035,8,-2435
cash_constant,ZA,2036,8,-2564
cash_constant,ZA,2037,8,-2701
cash_constant,ZA,2038,8,-2849
cash_constant,ZA,2039,8,-3010
cash_constant,ZA,2040,8,-3182
cash_constant,ZA,2041,8,-3367
cash_constant,ZA,2042,8,-3567
cash_constant,ZA,2043,8,-3783
cash_constant,ZA,2044,8,-4017
cash_constant,ZA,2045,8,-4267
cash_constant,ZA,2046,8,-4536
cash_constant,ZA,2047,8,-4826
cash_constant,ZA,2048,8,-5136
cash_constant,ZA,2049,8,-5467
cash_constant,AE,2072,7,-1270
cash_constant,AE,2073,7,-1283
cash_constant,AE,2079,7,-4665
cash_constant,AE,2080,7,-4336
cash_constant,AE,2083,7,-8323
cash_constant,AE,2084,7,-6965
cash_constant,AE,2086,7,-4348
cash_constant,BD,2087,7,-7536
cash_constant,BR,2025,7,-5115
cash_constant,CA,2026,7,-2657
cash_constant,CA,2027,7,-2808
cash_constant,CA,2028,7,-2842
cash_constant,CA,2029,7,-2879
cash_constant,CA,2030,7,-2921
cash_constant,CA,2031,7,-2975
cash_constant,CA,2032,7,-3028
cash_constant,CA,2038,7,-3393
cash_constant,CA,2039,7,-3464
cash_constant,CA,2040,7,-3538
cash_constant,CA,2041,7,-3612
cash_constant,CA,2042,7,-3690
cash_constant,CA,2043,7,-3770
cash_constant,CA,2044,7,-3853
cash_constant,CA,2045,7,-3939
cash_constant,CA,2046,7,-4027
cash_constant,CA,2047,7,-4117
cash_constant,CA,2048,7,-4210
cash_constant,CA,2049,7,-4306
cash_constant,CD,2036,7,-791
cash_constant,CD,2037,7,-806
cash_constant,CD,2038,7,-825
cash_constant,CD,2039,7,-852
cash_constant,CD,2065,7,-2937
cash_constant,CI,2050,7,-218
cash_constant,CI,2051,7,-222
cash_constant,CI,2052,7,-225
cash_constant,CI,2053,7,-229
cash_constant,CI,2054,7,-233
cash_constant,CI,2055,7,-237
cash_constant,CI,2056,7,-241
cash_constant,CI,2057,7,-246
cash_constant,CI,2058,7,-250
cash_constant,CI,2059,7,-255
cash_constant,CI,2060,7,-259
cash_constant,CI,2061,7,-264
cash_constant,CN,2074,7,-2083
cash_constant,CN,2075,7,-2202
cash_constant,CN,2076,7,-2321
cash_constant,CN,2077,7,-2432
cash_constant,CN,2078,7,-2535
cash_constant,CN,2086,7,-5353
cash_constant,CN,2087,7,-4452
cash_constant,CN,2088,7,-4086
cash_constant,CN,2089,7,-4830
cash_constant,CN,2090,7,-3313
cash_constant,CN,2092,7,-4099
cash_constant,CN,2096,7,-1583
cash_constant,DK,2026,7,-11384
cash_constant,DK,2027,7,-11865
cash_constant,DK,2028,7,-12011
cash_constant,DK,2029,7,-12172
cash_constant,DZ,2086,7,-5342
cash_constant,DZ,2089,7,-4266
cash_constant,DZ,2097,7,-5860
cash_constant,EG,2076,7,-4082
cash_constant,EG,2077,7,-4163
cash_constant,EG,2078,7,-6021
cash_constant,EG,2084,7,-4702
cash_constant,EG,2085,7,-6863
cash_constant,ET,2052,7,-629
cash_constant,ET,2053,7,-929
cash_constant,ET,2054,7,-1245
cash_constant,ET,2055,7,-1579
cash_constant,ET,2056,7,-1934
cash_constant,ET,2057,7,-2310
cash_constant,ET,2058,7,-2708
cash_constant,ET,2059,7,-3131
cash_constant,ET,2060,7,-3581
cash_constant,ET,2061,7,-4058
cash_constant,ET,2062,7,-4566
cash_constant,ET,2063,7,-5107
cash_constant,ET,2064,7,-5684
cash_constant,ET,2065,7,-6301
cash_constant,ET,2066,7,-6960
cash_constant,FR,2067,7,-5863
cash_constant,FR,2068,7,-5896
cash_constant,FR,2069,7,-5929
cash_constant,FR,2070,7,-5963
cash_constant,FR,2071,7,-5997
cash_constant,FR,2072,7,-6031
cash_constant,FR,2073,7,-6066
cash_constant,FR,2074,7,-6100
cash_constant,FR,2075,7,-6135
cash_constant,FR,2076,7,-6171
cash_constant,FR,2077,7,-6207
cash_constant,FR,2078,7,-6242
cash_constant,FR,2079,7,-6278
cash_constant,FR,2080,7,-6314
cash_constant,FR,2093,7,-7475
cash_constant,FR,2094,7,-7552
cash_constant,ID,2096,7,-5595
cash_constant,ID,2099,7,-68953
cash_constant,IN,2089,7,-5855
cash_constant,IR,2026,7,-911
cash_constant,KE,2072,7,-1307
cash_constant,KE,2073,7,-1405
cash_constant,KE,2074,7,-2607
cash_constant,MA,2026,7,-467
cash_constant,MA,2027,7,-619
cash_constant,MA,2028,7,-623
cash_constant,MA,2029,7,-636
cash_constant,MA,2046,7,-1425
cash_constant,MA,2049,7,-1813
cash_constant,MA,2050,7,-1763
cash_constant,ML,2054,7,-886
cash_constant,ML,2055,7,-983
cash_constant,MM,2087,7,-5124
cash_constant,MM,2095,7,-7244
cash_constant,MM,2096,7,-6709
cash_constant,NE,2026,7,-47
cash_constant,NE,2027,7,-61
cash_constant,NE,2028,7,-59
cash_constant,NE,2029,7,-56
cash_constant,NE,2030,7,-56
cash_constant,NE,2074,7,-2037
cash_constant,NO,2026,7,-3591
cash_constant,NO,2027,7,-3731
cash_constant,NO,2028,7,-3759
cash_constant,NO,2029,7,-3796
cash_constant,NO,2030,7,-3838
cash_constant,NO,2031,7,-3897
cash_constant,NO,2032,7,-3961
cash_constant,NO,2033,7,-4027
cash_constant,NO,2034,7,-4097
cash_constant,NO,2035,7,-4171
cash_constant,OH,2032,7,-32
cash_constant,OH,2033,7,-34
cash_constant,OJ,2027,7,-619
cash_constant,OJ,2028,7,-605
cash_constant,OJ,2029,7,-598
cash_constant,OJ,2065,7,-2845
cash_constant,OJ,2066,7,-2918
cash_constant,OJ,2067,7,-2993
cash_constant,OJ,2068,7,-3071
cash_constant,OJ,2069,7,-3150
cash_constant,OJ,2070,7,-3233
cash_constant,PH,2026,7,-46472
cash_constant,PH,2027,7,-47622
cash_constant,PH,2028,7,-48302
cash_constant,PH,2029,7,-49048
cash_constant,PH,2030,7,-49854
cash_constant,PH,2031,7,-50748
cash_constant,PH,2032,7,-51682
cash_constant,PH,2033,7,-52645
cash_constant,PH,2034,7,-55589
cash_constant,PH,2035,7,-59246
cash_constant,PH,2036,7,-63369
cash_constant,PH,2037,7,-63069
cash_constant,PH,2038,7,-51430
cash_constant,PH,2039,7,-39472
cash_constant,PH,2040,7,-27334
cash_constant,PH,2041,7,-15182
cash_constant,PH,2042,7,-3212
cash_constant,PH,2073,7,-839
cash_constant,PH,2074,7,-1532
cash_constant,PH,2075,7,-2868
cash_constant,PH,2076,7,-4394
cash_constant,PH,2077,7,-6015
cash_constant,PH,2078,7,-7733
cash_constant,PH,2079,7,-8360
cash_constant,PH,2080,7,-8511
cash_constant,PH,2081,7,-7355
cash_constant,PH,2082,7,-6255
cash_constant,PH,2083,7,-3520
cash_constant,PH,2085,7,-5784
cash_constant,PK,2087,7,-4266
cash_constant,PK,2088,7,-3659
cash_constant,PK,2089,7,-3673
cash_constant,PK,2090,7,-3074
cash_constant,PK,2095,7,-6364
cash_constant,RU,2072,7,-104874
cash_constant,RU,2073,7,-106180
cash_constant,RU,2074,7,-107290
cash_constant,RU,2077,7,-109143
cash_constant,RU,2078,7,-109336
cash_constant,RU,2079,7,-107187
cash_constant,RU,2080,7,-102861
cash_constant,RU,2081,7,-103075
cash_constant,RU,2084,7,-102138
cash_constant,RU,2085,7,-101282
cash_constant,RU,2088,7,-107442
cash_constant,RW,2081,7,-2041
cash_constant,RW,2082,7,-1273
cash_constant,RW,2083,7,-700
cash_constant,RW,2084,7,-2683
cash_constant,RW,2086,7,-2540
cash_constant,RW,2087,7,-1999
cash_constant,RW,2093,7,-1106
cash_constant,RW,2094,7,-2414
cash_constant,RW,2097,7,-2570
cash_constant,RW,2099,7,-52492
cash_constant,SA,2072,7,-968
cash_constant,SA,2073,7,-806
cash_constant,SA,2074,7,-631
cash_constant,SA,2078,7,-3459
cash_constant,SA,2079,7,-3142
cash_constant,SA,2084,7,-3308
cash_constant,SA,2085,7,-2096
cash_constant,SA,2087,7,-6686
cash_constant,SA,2088,7,-6133
cash_constant,SA,2089,7,-3460
cash_constant,SA,2090,7,-3481
cash_constant,SA,2091,7,-7771
cash_constant,SD,2027,7,-412
cash_constant,SD,2028,7,-394
cash_constant,SD,2071,7,-1850
cash_constant,SD,2072,7,-2405
cash_constant,SD,2088,7,-4969
cash_constant,SD,2089,7,-4043
cash_constant,SD,2091,7,-8424
cash_constant,SD,2092,7,-6969
cash_constant,SD,2093,7,-4785
cash_constant,TW,2061,7,-3497
cash_constant,TW,2062,7,-3505
cash_constant,TW,2063,7,-3512
cash_constant,TW,2064,7,-3520
cash_constant,TW,2065,7,-3528
cash_constant,TW,2066,7,-3535
cash_constant,TW,2067,7,-3544
cash_constant,TW,2068,7,-3552
cash_constant,VN,2073,7,-2566
cash_constant,VN,2074,7,-2630
cash_constant,VN,2075,7,-2695
cash_constant,VN,2076,7,-2759
cash_constant,VN,2077,7,-2977
cash_constant,VN,2078,7,-4905
cash_constant,VN,2079,7,-6934
cash_constant,VN,2080,7,-9056
cash_constant,VN,2081,7,-7523
cash_constant,VN,2082,7,-6084
cash_constant,VN,2083,7,-4738
cash_constant,VN,2085,7,-5827
cash_constant,VN,2099,7,-23030
cash_constant,AE,2068,6,-1219
cash_constant,AE,2069,6,-1231
cash_constant,AE,2070,6,-1244
cash_constant,AE,2071,6,-1257
cash_constant,AE,2085,6,-5611
cash_constant,AE,2099,6,-56331
cash_constant,BD,2076,6,-821
cash_constant,BD,2077,6,-2732
cash_constant,BD,2078,6,-4750
cash_constant,BD,2079,6,-6885
cash_constant,BD,2080,6,-9136
cash_constant,BD,2081,6,-8222
cash_constant,BD,2082,6,-6683
cash_constant,BD,2083,6,-3902
cash_constant,BD,2085,6,-2108
cash_constant,BD,2086,6,-6614
cash_constant,BD,2099,6,-1370
cash_constant,CD,2040,6,-886
cash_constant,CD,2041,6,-926
cash_constant,CD,2042,6,-977
cash_constant,CD,2043,6,-1038
cash_constant,CD,2044,6,-1112
cash_constant,CD,2045,6,-1201
cash_constant,CD,2046,6,-1305
cash_constant,CD,2047,6,-1429
cash_constant,CD,2048,6,-1572
cash_constant,CD,2049,6,-1740
cash_constant,CD,2050,6,-1935
cash_constant,CD,2051,6,-1983
cash_constant,CD,2052,6,-2033
cash_constant,CD,2053,6,-2086
cash_constant,CD,2054,6,-2141
cash_constant,CD,2055,6,-2199
cash_constant,CD,2056,6,-2259
cash_constant,CD,2057,6,-2322
cash_constant,CD,2058,6,-2388
cash_constant,CD,2059,6,-2457
cash_constant,CD,2060,6,-2528
cash_constant,CD,2061,6,-2604
cash_constant,CD,2062,6,-2682
cash_constant,CD,2063,6,-2764
cash_constant,CD,2064,6,-2848
cash_constant,CI,2045,6,-143
cash_constant,CI,2046,6,-156
cash_constant,CI,2047,6,-169
cash_constant,CI,2048,6,-184
cash_constant,CI,2049,6,-200
cash_constant,CN,2066,6,-815
cash_constant,CN,2067,6,-837
cash_constant,CN,2068,6,-859
cash_constant,CN,2069,6,-1144
cash_constant,CN,2070,6,-1539
cash_constant,CN,2071,6,-1684
cash_constant,CN,2072,6,-1824
cash_constant,CN,2073,6,-1957
cash_constant,CN,2093,6,-1498
cash_constant,CN,2095,6,-5698
cash_constant,DZ,2069,6,-328
cash_constant,DZ,2070,6,-1561
cash_constant,DZ,2071,6,-1778
cash_constant,DZ,2072,6,-1957
cash_constant,DZ,2073,6,-2092
cash_constant,DZ,2074,6,-2177
cash_constant,DZ,2075,6,-2210
cash_constant,DZ,2076,6,-2300
cash_constant,DZ,2077,6,-2334
cash_constant,DZ,2078,6,-2313
cash_constant,DZ,2079,6,-2228
cash_constant,DZ,2080,6,-2079
cash_constant,DZ,2082,6,-1530
cash_constant,DZ,2083,6,-4476
cash_constant,DZ,2084,6,-7447
cash_constant,DZ,2085,6,-6629
cash_constant,EG,2026,6,-88561
cash_constant,EG,2027,6,-86078
cash_constant,EG,2028,6,-82511
cash_constant,EG,2029,6,-78385
cash_constant,EG,2030,6,-73776
cash_constant,EG,2031,6,-68884
cash_constant,EG,2032,6,-63639
cash_constant,EG,2033,6,-58135
cash_constant,EG,2034,6,-52464
cash_constant,EG,2035,6,-46722
cash_constant,EG,2036,6,-40962
cash_constant,EG,2037,6,-35424
cash_constant,EG,2038,6,-30152
cash_constant,EG,2039,6,-39160
cash_constant,EG,2040,6,-49890
cash_constant,EG,2041,6,-59697
cash_constant,EG,2042,6,-68488
cash_constant,EG,2043,6,-76167
cash_constant,EG,2044,6,-82638
cash_constant,EG,2045,6,-87811
cash_constant,EG,2046,6,-91596
cash_constant,EG,2047,6,-53274
cash_constant,EG,2048,6,-21479
cash_constant,EG,2067,6,-3425
cash_constant,EG,2068,6,-3492
cash_constant,EG,2069,6,-3561
cash_constant,EG,2070,6,-3630
cash_constant,EG,2071,6,-3702
cash_constant,EG,2072,6,-3774
cash_constant,EG,2073,6,-3849
cash_constant,EG,2074,6,-3925
cash_constant,EG,2075,6,-4002
cash_constant,EG,2079,6,-8592
cash_constant,EG,2080,6,-8815
cash_constant,EG,2081,6,-7739
cash_constant,EG,2082,6,-6693
cash_constant,EG,2083,6,-5682
cash_constant,ET,2050,6,-377
cash_constant,ET,2051,6,-412
cash_constant,FR,2026,6,-2953
cash_constant,FR,2027,6,-3168
cash_constant,FR,2028,6,-3236
cash_constant,FR,2029,6,-3311
cash_constant,FR,2059,6,-5600
cash_constant,FR,2060,6,-5633
cash_constant,FR,2061,6,-5666
cash_constant,FR,2062,6,-5698
cash_constant,FR,2063,6,-5731
cash_constant,FR,2064,6,-5764
cash_constant,FR,2065,6,-5797
cash_constant,FR,2066,6,-5830
cash_constant,ID,2080,6,-1814
cash_constant,ID,2081,6,-5757
cash_constant,ID,2082,6,-7029
cash_constant,ID,2083,6,-4932
cash_constant,ID,2084,6,-2966
cash_constant,ID,2086,6,-1860
cash_constant,ID,2087,6,-7799
cash_constant,IN,2070,6,-1952
cash_constant,IN,2071,6,-2003
cash_constant,IN,2072,6,-2054
cash_constant,IN,2073,6,-2106
cash_constant,IN,2074,6,-2161
cash_constant,IN,2075,6,-2216
cash_constant,IN,2076,6,-2269
cash_constant,IN,2077,6,-2394
cash_constant,IN,2078,6,-2509
cash_constant,IN,2079,6,-2605
cash_constant,IN,2080,6,-2680
cash_constant,IN,2081,6,-2532
cash_constant,IN,2082,6,-3054
cash_constant,IN,2083,6,-6597
cash_constant,IN,2084,6,-8479
cash_constant,IN,2085,6,-6594
cash_constant,IN,2086,6,-4762
cash_constant,IN,2088,6,-5154
cash_constant,IN,2097,6,-4945
cash_constant,MA,2030,6,-654
cash_constant,MA,2043,6,-1219
cash_constant,MA,2044,6,-1283
cash_constant,MA,2045,6,-1352
cash_constant,ML,2038,6,-294
cash_constant,ML,2039,6,-1227
cash_constant,ML,2040,6,-717
cash_constant,ML,2041,6,-277
cash_constant,ML,2050,6,-601
cash_constant,ML,2051,6,-615
cash_constant,ML,2052,6,-671
cash_constant,ML,2053,6,-783
cash_constant,MM,2086,6,-6539
cash_constant,MM,2099,6,-1965
cash_constant,NE,2031,6,-57
cash_constant,NE,2032,6,-58
cash_constant,NE,2033,6,-59
cash_constant,NE,2034,6,-59
cash_constant,NE,2035,6,-60
cash_constant,NE,2036,6,-62
cash_constant,NE,2037,6,-64
cash_constant,NE,2038,6,-66
cash_constant,NE,2073,6,-1871
cash_constant,NG,2050,6,-46494
cash_constant,NG,2051,6,-45930
cash_constant,NG,2052,6,-45429
cash_constant,NG,2053,6,-44988
cash_constant,NG,2054,6,-44608
cash_constant,NG,2055,6,-44288
cash_constant,NG,2056,6,-44027
cash_constant,NG,2057,6,-43827
cash_constant,NG,2058,6,-43684
cash_constant,NG,2059,6,-43601
cash_constant,NG,2060,6,-43577
cash_constant,NG,2061,6,-43612
cash_constant,NG,2062,6,-43706
cash_constant,NG,2063,6,-43859
cash_constant,NG,2064,6,-44071
cash_constant,NZ,2025,6,-1517
cash_constant,OA,2026,6,-964
cash_constant,OH,2031,6,-31
cash_constant,OJ,2026,6,-477
cash_constant,OJ,2030,6,-596
cash_constant,OJ,2031,6,-612
cash_constant,OJ,2032,6,-629
cash_constant,OJ,2049,6,-1838
cash_constant,OJ,2050,6,-2024
cash_constant,OJ,2051,6,-2064
cash_constant,OJ,2052,6,-2106
cash_constant,OJ,2053,6,-2150
cash_constant,OJ,2054,6,-2196
cash_constant,OJ,2055,6,-2244
cash_constant,OJ,2056,6,-2295
cash_constant,OJ,2057,6,-2346
cash_constant,OJ,2058,6,-2401
cash_constant,OJ,2059,6,-2459
cash_constant,OJ,2060,6,-2518
cash_constant,OJ,2061,6,-2578
cash_constant,OJ,2062,6,-2642
cash_constant,OJ,2063,6,-2707
cash_constant,OJ,2064,6,-2776
cash_constant,PH,2043,6,-308
cash_constant,PH,2044,6,-329
cash_constant,PH,2045,6,-350
cash_constant,PH,2046,6,-373
cash_constant,PH,2047,6,-397
cash_constant,PH,2048,6,-424
cash_constant,PH,2049,6,-451
cash_constant,PH,2050,6,-481
cash_constant,PH,2051,6,-492
cash_constant,PH,2052,6,-503
cash_constant,PH,2053,6,-514
cash_constant,PH,2054,6,-526
cash_constant,PH,2055,6,-539
cash_constant,PH,2056,6,-552
cash_constant,PH,2057,6,-565
cash_constant,PH,2058,6,-579
cash_constant,PH,2059,6,-593
cash_constant,PH,2060,6,-607
cash_constant,PH,2061,6,-622
cash_constant,PH,2062,6,-638
cash_constant,PH,2063,6,-654
cash_constant,PH,2064,6,-670
cash_constant,PH,2065,6,-687
cash_constant,PH,2066,6,-704
cash_constant,PH,2067,6,-722
cash_constant,PH,2068,6,-740
cash_constant,PH,2069,6,-758
cash_constant,PH,2070,6,-778
cash_constant,PH,2071,6,-798
cash_constant,PH,2072,6,-818
cash_constant,PK,2086,6,-5554
cash_constant,RU,2027,6,-526132
cash_constant,RU,2028,6,-522149
cash_constant,RU,2029,6,-516414
cash_constant,RU,2030,6,-553663
cash_constant,RU,2031,6,-648245
cash_constant,RU,2032,6,-728236
cash_constant,RU,2033,6,-794345
cash_constant,RU,2046,6,-450109
cash_constant,RU,2047,6,-425764
cash_constant,RU,2048,6,-398140
cash_constant,RU,2049,6,-367140
cash_constant,RU,2050,6,-376381
cash_constant,RU,2051,6,-367863
cash_constant,RU,2052,6,-359425
cash_constant,RU,2053,6,-351049
cash_constant,RU,2054,6,-342720
cash_constant,RU,2055,6,-334428
cash_constant,RU,2056,6,-326159
cash_constant,RU,2057,6,-306327
cash_constant,RU,2058,6,-284290
cash_constant,RU,2059,6,-263567
cash_constant,RU,2060,6,-244156
cash_constant,RU,2061,6,-226040
cash_constant,RU,2062,6,-209180
cash_constant,RU,2063,6,-193570
cash_constant,RU,2064,6,-179181
cash_constant,RU,2065,6,-165988
cash_constant,RU,2066,6,-153963
cash_constant,RU,2067,6,-143081
cash_constant,RU,2068,6,-133299
cash_constant,RU,2069,6,-124580
cash_constant,RU,2070,6,-116888
cash_constant,RU,2071,6,-110277
cash_constant,RU,2075,6,-108200
cash_constant,RU,2076,6,-108765
cash_constant,RW,2077,6,-609
cash_constant,RW,2078,6,-2344
cash_constant,RW,2079,6,-2838
cash_constant,RW,2080,6,-2822
cash_constant,RW,2085,6,-2275
cash_constant,RW,2095,6,-2612
cash_constant,SA,2049,6,-330
cash_constant,SA,2050,6,-344
cash_constant,SA,2051,6,-349
cash_constant,SA,2052,6,-353
cash_constant,SA,2053,6,-358
cash_constant,SA,2054,6,-363
cash_constant,SA,2055,6,-367
cash_constant,SA,2056,6,-372
cash_constant,SA,2057,6,-377
cash_constant,SA,2058,6,-382
cash_constant,SA,2059,6,-387
cash_constant,SA,2060,6,-392
cash_constant,SA,2061,6,-398
cash_constant,SA,2062,6,-403
cash_constant,SA,2063,6,-407
cash_constant,SA,2064,6,-413
cash_constant,SA,2065,6,-418
cash_constant,SA,2066,6,-424
cash_constant,SA,2067,6,-430
cash_constant,SA,2068,6,-435
cash_constant,SA,2069,6,-441
cash_constant,SA,2070,6,-447
cash_constant,SA,2071,6,-453
cash_constant,SD,2026,6,-321
cash_constant,SD,2029,6,-383
cash_constant,SD,2030,6,-373
cash_constant,SD,2031,6,-374
cash_constant,SD,2068,6,-1614
cash_constant,SD,2069,6,-1668
cash_constant,SD,2070,6,-1724
cash_constant,SD,2099,6,-43715
cash_constant,SE,2025,6,-5550
cash_constant,TR,2026,6,-838
cash_constant,TR,2027,6,-949
cash_constant,TR,2028,6,-980
cash_constant,TR,2029,6,-1016
cash_constant,TR,2030,6,-1055
cash_constant,TR,2031,6,-1104
cash_constant,TR,2032,6,-1155
cash_constant,TR,2033,6,-1207
cash_constant,TR,2034,6,-1285
cash_constant,TR,2035,6,-1390
cash_constant,TR,2036,6,-1484
cash_constant,TR,2037,6,-1578
cash_constant,TR,2038,6,-1673
cash_constant,TR,2039,6,-1773
cash_constant,TR,2040,6,-1874
cash_constant,TR,2041,6,-1977
cash_constant,TR,2042,6,-2083
cash_constant,TR,2043,6,-2194
cash_constant,TR,2044,6,-2307
cash_constant,TW,2028,6,-1258
cash_constant,TW,2029,6,-1329
cash_constant,TW,2030,6,-1400
cash_constant,TW,2031,6,-1480
cash_constant,TW,2032,6,-1559
cash_constant,TW,2033,6,-1637
cash_constant,TW,2034,6,-1714
cash_constant,TW,2035,6,-1791
cash_constant,TW,2036,6,-1881
cash_constant,TW,2037,6,-1973
cash_constant,TW,2038,6,-2067
cash_constant,TW,2039,6,-2163
cash_constant,TW,2040,6,-2262
cash_constant,TW,2041,6,-2362
cash_constant,TW,2042,6,-2466
cash_constant,TW,2043,6,-2573
cash_constant,TW,2044,6,-2683
cash_constant,TW,2045,6,-2795
cash_constant,TW,2046,6,-2912
cash_constant,TW,2047,6,-3031
cash_constant,TW,2048,6,-3154
cash_constant,TW,2049,6,-3280
cash_constant,TW,2050,6,-3410
cash_constant,TW,2051,6,-3419
cash_constant,TW,2052,6,-3427
cash_constant,TW,2053,6,-3435
cash_constant,TW,2054,6,-3443
cash_constant,TW,2055,6,-3451
cash_constant,TW,2056,6,-3459
cash_constant,TW,2057,6,-3466
cash_constant,TW,2058,6,-3474
cash_constant,TW,2059,6,-3482
cash_constant,TW,2060,6,-3490
cash_constant,VN,2050,6,-1509
cash_constant,VN,2051,6,-1540
cash_constant,VN,2052,6,-1573
cash_constant,VN,2053,6,-1607
cash_constant,VN,2054,6,-1642
cash_constant,VN,2055,6,-1679
cash_constant,VN,2056,6,-1717
cash_constant,VN,2057,6,-1756
cash_constant,VN,2058,6,-1796
cash_constant,VN,2059,6,-1838
cash_constant,VN,2060,6,-1881
cash_constant,VN,2061,6,-1925
cash_constant,VN,2062,6,-1971
cash_constant,VN,2063,6,-2018
cash_constant,VN,2064,6,-2066
cash_constant,VN,2065,6,-2116
cash_constant,VN,2066,6,-2166
cash_constant,VN,2067,6,-2218
cash_constant,VN,2068,6,-2273
cash_constant,VN,2069,6,-2328
cash_constant,VN,2070,6,-2385
cash_constant,VN,2071,6,-2444
cash_constant,VN,2072,6,-2504
cash_constant,AE,2035,5,-495
cash_constant,AE,2036,5,-529
cash_constant,AE,2037,5,-562
cash_constant,AE,2038,5,-595
cash_constant,AE,2039,5,-629
cash_constant,AE,2040,5,-662
cash_constant,AE,2041,5,-697
cash_constant,AE,2042,5,-731
cash_constant,AE,2043,5,-766
cash_constant,AE,2044,5,-801
cash_constant,AE,2045,5,-838
cash_constant,AE,2046,5,-874
cash_constant,AE,2047,5,-911
cash_constant,AE,2048,5,-950
cash_constant,AE,2049,5,-988
cash_constant,AE,2050,5,-1027
cash_constant,AE,2051,5,-1037
cash_constant,AE,2052,5,-1046
cash_constant,AE,2053,5,-1056
cash_constant,AE,2054,5,-1066
cash_constant,AE,2055,5,-1076
cash_constant,AE,2056,5,-1087
cash_constant,AE,2057,5,-1096
cash_constant,AE,2058,5,-1107
cash_constant,AE,2059,5,-1118
cash_constant,AE,2060,5,-1128
cash_constant,AE,2061,5,-1139
cash_constant,AE,2062,5,-1150
cash_constant,AE,2063,5,-1161
cash_constant,AE,2064,5,-1172
cash_constant,AE,2065,5,-1184
cash_constant,AE,2066,5,-1195
cash_constant,AE,2067,5,-1207
cash_constant,AR,2025,5,-3332
cash_constant,BD,2026,5,-112
cash_constant,BD,2027,5,-140
cash_constant,BD,2028,5,-140
cash_constant,BD,2029,5,-142
cash_constant,BD,2030,5,-146
cash_constant,BD,2031,5,-152
cash_constant,BD,2032,5,-159
cash_constant,BD,2033,5,-166
cash_constant,BD,2034,5,-173
cash_constant,BD,2035,5,-181
cash_constant,BD,2036,5,-189
cash_constant,BD,2037,5,-198
cash_constant,BD,2038,5,-207
cash_constant,BD,2039,5,-218
cash_constant,BD,2040,5,-229
cash_constant,BD,2041,5,-242
cash_constant,BD,2042,5,-255
cash_constant,BD,2043,5,-269
cash_constant,BD,2044,5,-285
cash_constant,BD,2045,5,-303
cash_constant,BD,2046,5,-321
cash_constant,BD,2047,5,-341
cash_constant,BD,2048,5,-362
cash_constant,BD,2049,5,-386
cash_constant,BD,2050,5,-410
cash_constant,BD,2051,5,-418
cash_constant,BD,2052,5,-426
cash_constant,BD,2053,5,-436
cash_constant,BD,2054,5,-444
cash_constant,BD,2055,5,-454
cash_constant,BD,2056,5,-464
cash_constant,BD,2057,5,-473
cash_constant,BD,2058,5,-485
cash_constant,BD,2059,5,-495
cash_constant,BD,2060,5,-506
cash_constant,BD,2061,5,-518
cash_constant,BD,2062,5,-530
cash_constant,BD,2063,5,-543
cash_constant,BD,2064,5,-555
cash_constant,BD,2065,5,-568
cash_constant,BD,2066,5,-581
cash_constant,BD,2067,5,-595
cash_constant,BD,2068,5,-610
cash_constant,BD,2069,5,-625
cash_constant,BD,2070,5,-639
cash_constant,BD,2071,5,-655
cash_constant,BD,2072,5,-671
cash_constant,BD,2073,5,-688
cash_constant,BD,2074,5,-704
cash_constant,BD,2075,5,-722
cash_constant,BD,2084,5,-848
cash_constant,CI,2027,5,-53
cash_constant,CI,2028,5,-53
cash_constant,CI,2029,5,-53
cash_constant,CI,2030,5,-55
cash_constant,CI,2031,5,-57
cash_constant,CI,2032,5,-61
cash_constant,CI,2033,5,-64
cash_constant,CI,2034,5,-67
cash_constant,CI,2035,5,-72
cash_constant,CI,2036,5,-75
cash_constant,CI,2037,5,-80
cash_constant,CI,2038,5,-85
cash_constant,CI,2039,5,-91
cash_constant,CI,2040,5,-97
cash_constant,CI,2041,5,-105
cash_constant,CI,2042,5,-113
cash_constant,CI,2043,5,-122
cash_constant,CI,2044,5,-132
cash_constant,CN,2026,5,-150
cash_constant,CN,2027,5,-200
cash_constant,CN,2028,5,-208
cash_constant,CN,2029,5,-217
cash_constant,CN,2030,5,-228
cash_constant,CN,2031,5,-242
cash_constant,CN,2032,5,-256
cash_constant,CN,2033,5,-270
cash_constant,CN,2034,5,-284
cash_constant,CN,2035,5,-298
cash_constant,CN,2036,5,-311
cash_constant,CN,2037,5,-324
cash_constant,CN,2038,5,-337
cash_constant,CN,2039,5,-351
cash_constant,CN,2040,5,-365
cash_constant,CN,2041,5,-379
cash_constant,CN,2042,5,-394
cash_constant,CN,2043,5,-409
cash_constant,CN,2044,5,-425
cash_constant,CN,2045,5,-440
cash_constant,CN,2046,5,-458
cash_constant,CN,2047,5,-475
cash_constant,CN,2048,5,-493
cash_constant,CN,2049,5,-511
cash_constant,CN,2050,5,-530
cash_constant,CN,2051,5,-545
cash_constant,CN,2052,5,-560
cash_constant,CN,2053,5,-576
cash_constant,CN,2054,5,-592
cash_constant,CN,2055,5,-608
cash_constant,CN,2056,5,-625
cash_constant,CN,2057,5,-641
cash_constant,CN,2058,5,-659
cash_constant,CN,2059,5,-677
cash_constant,CN,2060,5,-695
cash_constant,CN,2061,5,-715
cash_constant,CN,2062,5,-733
cash_constant,CN,2063,5,-753
cash_constant,CN,2064,5,-773
cash_constant,CN,2065,5,-794
cash_constant,CN,2094,5,-1526
cash_constant,CO,2025,5,-5690
cash_constant,DZ,2026,5,-65
cash_constant,DZ,2027,5,-74
cash_constant,DZ,2028,5,-73
cash_constant,DZ,2029,5,-75
cash_constant,DZ,2030,5,-77
cash_constant,DZ,2031,5,-81
cash_constant,DZ,2032,5,-85
cash_constant,DZ,2033,5,-89
cash_constant,DZ,2034,5,-93
cash_constant,DZ,2035,5,-97
cash_constant,DZ,2036,5,-102
cash_constant,DZ,2037,5,-107
cash_constant,DZ,2038,5,-111
cash_constant,DZ,2039,5,-117
cash_constant,DZ,2040,5,-122
cash_constant,DZ,2041,5,-127
cash_constant,DZ,2042,5,-134
cash_constant,DZ,2043,5,-141
cash_constant,DZ,2044,5,-148
cash_constant,DZ,2045,5,-155
cash_constant,DZ,2046,5,-163
cash_constant,DZ,2047,5,-171
cash_constant,DZ,2048,5,-181
cash_constant,DZ,2049,5,-190
cash_constant,DZ,2050,5,-201
cash_constant,DZ,2051,5,-205
cash_constant,DZ,2052,5,-211
cash_constant,DZ,2053,5,-216
cash_constant,DZ,2054,5,-222
cash_constant,DZ,2055,5,-227
cash_constant,DZ,2056,5,-233
cash_constant,DZ,2057,5,-240
cash_constant,DZ,2058,5,-245
cash_constant,DZ,2059,5,-252
cash_constant,DZ,2060,5,-258
cash_constant,DZ,2061,5,-266
cash_constant,DZ,2062,5,-273
cash_constant,DZ,2063,5,-280
cash_constant,DZ,2064,5,-288
cash_constant,DZ,2065,5,-295
cash_constant,DZ,2066,5,-303
cash_constant,DZ,2067,5,-311
cash_constant,DZ,2068,5,-320
cash_constant,DZ,2081,5,-456
cash_constant,EG,2049,5,-2346
cash_constant,EG,2050,5,-2465
cash_constant,EG,2051,5,-2512
cash_constant,EG,2052,5,-2561
cash_constant,EG,2053,5,-2610
cash_constant,EG,2054,5,-2661
cash_constant,EG,2055,5,-2713
cash_constant,EG,2056,5,-2766
cash_constant,EG,2057,5,-2820
cash_constant,EG,2058,5,-2875
cash_constant,EG,2059,5,-2932
cash_constant,EG,2060,5,-2989
cash_constant,EG,2061,5,-3048
cash_constant,EG,2062,5,-3107
cash_constant,EG,2063,5,-3168
cash_constant,EG,2064,5,-3231
cash_constant,EG,2065,5,-3295
cash_constant,EG,2066,5,-3360
cash_constant,FR,2030,5,-3393
cash_constant,FR,2031,5,-3493
cash_constant,FR,2032,5,-3596
cash_constant,FR,2033,5,-3701
cash_constant,FR,2034,5,-3807
cash_constant,FR,2038,5,-4148
cash_constant,FR,2039,5,-4230
cash_constant,FR,2040,5,-4314
cash_constant,FR,2041,5,-4400
cash_constant,FR,2042,5,-4489
cash_constant,FR,2043,5,-4580
cash_constant,FR,2044,5,-4676
cash_constant,FR,2045,5,-4774
cash_constant,FR,2046,5,-4875
cash_constant,FR,2047,5,-4978
cash_constant,FR,2048,5,-5086
cash_constant,FR,2049,5,-5196
cash_constant,FR,2050,5,-5309
cash_constant,FR,2051,5,-5341
cash_constant,FR,2052,5,-5373
cash_constant,FR,2053,5,-5406
cash_constant,FR,2054,5,-5438
cash_constant,FR,2055,5,-5470
cash_constant,FR,2056,5,-5503
cash_constant,FR,2057,5,-5535
cash_constant,FR,2058,5,-5568
cash_constant,GB,2025,5,-3143
cash_constant,ID,2026,5,-67
cash_constant,ID,2027,5,-90
cash_constant,ID,2028,5,-91
cash_constant,ID,2029,5,-94
cash_constant,ID,2030,5,-98
cash_constant,ID,2031,5,-104
cash_constant,ID,2032,5,-110
cash_constant,ID,2033,5,-117
cash_constant,ID,2034,5,-123
cash_constant,ID,2035,5,-130
cash_constant,ID,2036,5,-138
cash_constant,ID,2037,5,-145
cash_constant,ID,2038,5,-154
cash_constant,ID,2039,5,-164
cash_constant,ID,2040,5,-173
cash_constant,ID,2041,5,-184
cash_constant,ID,2042,5,-196
cash_constant,ID,2043,5,-208
cash_constant,ID,2044,5,-221
cash_constant,ID,2045,5,-235
cash_constant,ID,2046,5,-249
cash_constant,ID,2047,5,-266
cash_constant,ID,2048,5,-283
cash_constant,ID,2049,5,-301
cash_constant,ID,2050,5,-321
cash_constant,ID,2051,5,-326
cash_constant,ID,2052,5,-332
cash_constant,ID,2053,5,-338
cash_constant,ID,2054,5,-345
cash_constant,ID,2055,5,-353
cash_constant,ID,2056,5,-360
cash_constant,ID,2057,5,-368
cash_constant,ID,2058,5,-377
cash_constant,ID,2059,5,-386
cash_constant,ID,2060,5,-394
cash_constant,ID,2061,5,-404
cash_constant,ID,2062,5,-414
cash_constant,ID,2063,5,-424
cash_constant,ID,2064,5,-435
cash_constant,ID,2065,5,-446
cash_constant,ID,2066,5,-456
cash_constant,ID,2067,5,-468
cash_constant,ID,2068,5,-480
cash_constant,ID,2069,5,-492
cash_constant,ID,2070,5,-505
cash_constant,ID,2071,5,-517
cash_constant,ID,2072,5,-530
cash_constant,ID,2073,5,-544
cash_constant,ID,2074,5,-558
cash_constant,ID,2075,5,-572
cash_constant,ID,2076,5,-585
cash_constant,ID,2077,5,-599
cash_constant,ID,2078,5,-611
cash_constant,ID,2079,5,-626
cash_constant,ID,2085,5,-684
cash_constant,IN,2026,5,-256
cash_constant,IN,2027,5,-338
cash_constant,IN,2028,5,-341
cash_constant,IN,2029,5,-346
cash_constant,IN,2030,5,-357
cash_constant,IN,2031,5,-376
cash_constant,IN,2032,5,-397
cash_constant,IN,2033,5,-418
cash_constant,IN,2034,5,-442
cash_constant,IN,2035,5,-467
cash_constant,IN,2036,5,-493
cash_constant,IN,2037,5,-521
cash_constant,IN,2038,5,-552
cash_constant,IN,2039,5,-586
cash_constant,IN,2040,5,-623
cash_constant,IN,2041,5,-662
cash_constant,IN,2042,5,-706
cash_constant,IN,2043,5,-753
cash_constant,IN,2044,5,-804
cash_constant,IN,2045,5,-860
cash_constant,IN,2046,5,-921
cash_constant,IN,2047,5,-986
cash_constant,IN,2048,5,-1056
cash_constant,IN,2049,5,-1132
cash_constant,IN,2050,5,-1213
cash_constant,IN,2051,5,-1240
cash_constant,IN,2052,5,-1268
cash_constant,IN,2053,5,-1297
cash_constant,IN,2054,5,-1326
cash_constant,IN,2055,5,-1357
cash_constant,IN,2056,5,-1389
cash_constant,IN,2057,5,-1422
cash_constant,IN,2058,5,-1456
cash_constant,IN,2059,5,-1491
cash_constant,IN,2060,5,-1527
cash_constant,IN,2061,5,-1565
cash_constant,IN,2062,5,-1602
cash_constant,IN,2063,5,-1642
cash_constant,IN,2064,5,-1683
cash_constant,IN,2065,5,-1725
cash_constant,IN,2066,5,-1768
cash_constant,IN,2067,5,-1812
cash_constant,IN,2068,5,-1858
cash_constant,IN,2069,5,-1905
cash_constant,IN,2087,5,-2750
cash_constant,JP,2025,5,-1359
cash_constant,KE,2026,5,-169
cash_constant,KE,2027,5,-221
cash_constant,KE,2028,5,-219
cash_constant,KE,2029,5,-219
cash_constant,KE,2030,5,-222
cash_constant,KE,2031,5,-230
cash_constant,KE,2032,5,-240
cash_constant,KE,2033,5,-250
cash_constant,KE,2034,5,-262
cash_constant,KE,2035,5,-274
cash_constant,KE,2036,5,-288
cash_constant,KE,2037,5,-305
cash_constant,KE,2038,5,-323
cash_constant,KE,2039,5,-344
cash_constant,KE,2040,5,-368
cash_constant,KE,2041,5,-393
cash_constant,KE,2042,5,-424
cash_constant,KE,2043,5,-457
cash_constant,KE,2044,5,-496
cash_constant,KE,2045,5,-538
cash_constant,KE,2046,5,-585
cash_constant,KE,2047,5,-639
cash_constant,KE,2048,5,-697
cash_constant,KE,2049,5,-762
cash_constant,KE,2050,5,-835
cash_constant,KE,2051,5,-848
cash_constant,KE,2052,5,-864
cash_constant,KE,2053,5,-878
cash_constant,KE,2054,5,-894
cash_constant,KE,2055,5,-912
cash_constant,KE,2056,5,-930
cash_constant,KE,2057,5,-948
cash_constant,KE,2058,5,-968
cash_constant,KE,2059,5,-988
cash_constant,KE,2060,5,-1008
cash_constant,KE,2061,5,-1030
cash_constant,KE,2062,5,-1051
cash_constant,KE,2063,5,-1075
cash_constant,KE,2064,5,-1099
cash_constant,KE,2065,5,-1123
cash_constant,KE,2066,5,-1148
cash_constant,KE,2067,5,-1173
cash_constant,KE,2068,5,-1199
cash_constant,KE,2069,5,-1227
cash_constant,KE,2070,5,-1254
cash_constant,KE,2071,5,-1281
cash_constant,MA,2031,5,-686
cash_constant,MA,2032,5,-721
cash_constant,MA,2033,5,-757
cash_constant,MA,2034,5,-795
cash_constant,MA,2035,5,-834
cash_constant,MA,2036,5,-872
cash_constant,MA,2037,5,-912
cash_constant,MA,2038,5,-954
cash_constant,MA,2039,5,-1001
cash_constant,MA,2040,5,-1051
cash_constant,MA,2041,5,-1102
cash_constant,MA,2042,5,-1158
cash_constant,ML,2026,5,-155
cash_constant,ML,2027,5,-199
cash_constant,ML,2028,5,-193
cash_constant,ML,2029,5,-190
cash_constant,ML,2030,5,-188
cash_constant,ML,2031,5,-192
cash_constant,ML,2032,5,-196
cash_constant,ML,2033,5,-200
cash_constant,ML,2034,5,-206
cash_constant,ML,2035,5,-211
cash_constant,ML,2036,5,-218
cash_constant,ML,2037,5,-225
cash_constant,ML,2042,5,-297
cash_constant,ML,2043,5,-318
cash_constant,ML,2044,5,-345
cash_constant,ML,2045,5,-375
cash_constant,ML,2046,5,-409
cash_constant,ML,2047,5,-448
cash_constant,ML,2048,5,-493
cash_constant,ML,2049,5,-543
cash_constant,MM,2070,5,-840
cash_constant,MM,2071,5,-1447
cash_constant,MM,2072,5,-2044
cash_constant,MM,2073,5,-2629
cash_constant,MM,2074,5,-3200
cash_constant,MM,2075,5,-3753
cash_constant,MM,2076,5,-4108
cash_constant,MM,2077,5,-4423
cash_constant,MM,2078,5,-4694
cash_constant,MM,2079,5,-4916
cash_constant,MM,2080,5,-5088
cash_constant,MM,2081,5,-2050
cash_constant,MM,2083,5,-2541
cash_constant,MM,2084,5,-5940
cash_constant,MM,2085,5,-8051
cash_constant,NE,2039,5,-68
cash_constant,NE,2040,5,-71
cash_constant,NE,2041,5,-75
cash_constant,NE,2042,5,-81
cash_constant,NE,2043,5,-86
cash_constant,NE,2044,5,-93
cash_constant,NE,2045,5,-100
cash_constant,NE,2046,5,-109
cash_constant,NE,2068,5,-307
cash_constant,NE,2069,5,-794
cash_constant,NE,2070,5,-1331
cash_constant,NE,2071,5,-1516
cash_constant,NE,2072,5,-1696
cash_constant,NG,2026,5,-61751
cash_constant,NG,2027,5,-63271
cash_constant,NG,2028,5,-64273
cash_constant,NG,2029,5,-65039
cash_constant,NG,2030,5,-65531
cash_constant,NG,2031,5,-65862
cash_constant,NG,2032,5,-65837
cash_constant,NG,2033,5,-65436
cash_constant,NG,2034,5,-64646
cash_constant,NG,2035,5,-63461
cash_constant,NG,2036,5,-64915
cash_constant,NG,2037,5,-66087
cash_constant,NG,2038,5,-66936
cash_constant,NG,2039,5,-67419
cash_constant,NG,2040,5,-67489
cash_constant,NG,2041,5,-67100
cash_constant,NG,2042,5,-66218
cash_constant,NG,2043,5,-65248
cash_constant,NG,2044,5,-64005
cash_constant,NG,2045,5,-62311
cash_constant,NG,2046,5,-60163
cash_constant,NG,2047,5,-57568
cash_constant,NG,2048,5,-54554
cash_constant,NG,2049,5,-51173
cash_constant,NL,2025,5,-8510
cash_constant,OH,2027,5,-27
cash_constant,OH,2028,5,-27
cash_constant,OH,2029,5,-28
cash_constant,OH,2030,5,-28
cash_constant,OJ,2033,5,-648
cash_constant,OJ,2034,5,-669
cash_constant,OJ,2035,5,-693
cash_constant,OJ,2036,5,-720
cash_constant,OJ,2037,5,-751
cash_constant,OJ,2038,5,-789
cash_constant,OJ,2039,5,-834
cash_constant,OJ,2040,5,-884
cash_constant,OJ,2041,5,-943
cash_constant,OJ,2042,5,-1011
cash_constant,OJ,2043,5,-1089
cash_constant,OJ,2044,5,-1178
cash_constant,OJ,2045,5,-1280
cash_constant,OJ,2046,5,-1396
cash_constant,OJ,2047,5,-1526
cash_constant,OJ,2048,5,-1672
cash_constant,PK,2069,5,-187
cash_constant,PK,2070,5,-1332
cash_constant,PK,2071,5,-1777
cash_constant,PK,2072,5,-2196
cash_constant,PK,2073,5,-2582
cash_constant,PK,2074,5,-2934
cash_constant,PK,2075,5,-3243
cash_constant,PK,2076,5,-3338
cash_constant,PK,2077,5,-3368
cash_constant,PK,2078,5,-3328
cash_constant,PK,2079,5,-3215
cash_constant,PK,2080,5,-3027
cash_constant,PK,2081,5,-595
cash_constant,PK,2083,5,-2575
cash_constant,PK,2084,5,-5481
cash_constant,PK,2085,5,-6921
cash_constant,RU,2026,5,-527770
cash_constant,RU,2034,5,-827634
cash_constant,RU,2035,5,-760120
cash_constant,RU,2036,5,-716492
cash_constant,RU,2037,5,-673739
cash_constant,RU,2038,5,-631889
cash_constant,RU,2039,5,-590965
cash_constant,RU,2040,5,-550969
cash_constant,RU,2041,5,-526330
cash_constant,RU,2042,5,-516801
cash_constant,RU,2043,5,-504519
cash_constant,RU,2044,5,-489374
cash_constant,RU,2045,5,-471273
cash_constant,RW,2026,5,-76
cash_constant,RW,2027,5,-99
cash_constant,RW,2028,5,-97
cash_constant,RW,2029,5,-95
cash_constant,RW,2030,5,-95
cash_constant,RW,2031,5,-98
cash_constant,RW,2032,5,-100
cash_constant,RW,2033,5,-103
cash_constant,RW,2034,5,-106
cash_constant,RW,2035,5,-110
cash_constant,RW,2036,5,-114
cash_constant,RW,2037,5,-118
cash_constant,RW,2038,5,-124
cash_constant,RW,2039,5,-131
cash_constant,RW,2040,5,-139
cash_constant,RW,2041,5,-149
cash_constant,RW,2042,5,-160
cash_constant,RW,2043,5,-172
cash_constant,RW,2044,5,-186
cash_constant,RW,2045,5,-202
cash_constant,RW,2046,5,-220
cash_constant,RW,2047,5,-241
cash_constant,RW,2048,5,-265
cash_constant,RW,2049,5,-292
cash_constant,RW,2050,5,-322
cash_constant,RW,2051,5,-329
cash_constant,RW,2052,5,-336
cash_constant,RW,2053,5,-343
cash_constant,RW,2054,5,-350
cash_constant,RW,2055,5,-358
cash_constant,RW,2056,5,-366
cash_constant,RW,2057,5,-375
cash_constant,RW,2058,5,-383
cash_constant,RW,2059,5,-392
cash_constant,RW,2060,5,-402
cash_constant,RW,2061,5,-412
cash_constant,RW,2062,5,-421
cash_constant,RW,2063,5,-432
cash_constant,RW,2064,5,-442
cash_constant,RW,2065,5,-454
cash_constant,RW,2066,5,-465
cash_constant,RW,2067,5,-477
cash_constant,RW,2068,5,-489
cash_constant,RW,2069,5,-502
cash_constant,RW,2070,5,-514
cash_constant,RW,2071,5,-527
cash_constant,RW,2072,5,-539
cash_constant,RW,2073,5,-553
cash_constant,RW,2074,5,-566
cash_constant,RW,2075,5,-580
cash_constant,RW,2076,5,-594
cash_constant,SA,2045,5,-274
cash_constant,SA,2046,5,-288
cash_constant,SA,2047,5,-301
cash_constant,SA,2048,5,-316
cash_constant,SD,2032,5,-377
cash_constant,SD,2033,5,-380
cash_constant,SD,2034,5,-384
cash_constant,SD,2035,5,-389
cash_constant,SD,2036,5,-394
cash_constant,SD,2037,5,-400
cash_constant,SD,2038,5,-409
cash_constant,SD,2039,5,-421
cash_constant,SD,2040,5,-437
cash_constant,SD,2041,5,-455
cash_constant,SD,2042,5,-479
cash_constant,SD,2043,5,-508
cash_constant,SD,2044,5,-545
cash_constant,SD,2045,5,-588
cash_constant,SD,2046,5,-639
cash_constant,SD,2047,5,-698
cash_constant,SD,2048,5,-769
cash_constant,SD,2049,5,-851
cash_constant,SD,2050,5,-947
cash_constant,SD,2051,5,-973
cash_constant,SD,2052,5,-998
cash_constant,SD,2053,5,-1026
cash_constant,SD,2054,5,-1054
cash_constant,SD,2055,5,-1083
cash_constant,SD,2056,5,-1114
cash_constant,SD,2057,5,-1147
cash_constant,SD,2058,5,-1181
cash_constant,SD,2059,5,-1216
cash_constant,SD,2060,5,-1253
cash_constant,SD,2061,5,-1292
cash_constant,SD,2062,5,-1333
cash_constant,SD,2063,5,-1375
cash_constant,SD,2064,5,-1419
cash_constant,SD,2065,5,-1464
cash_constant,SD,2066,5,-1512
cash_constant,SD,2067,5,-1562
cash_constant,TW,2026,5,-1031
cash_constant,TW,2027,5,-1191
cash_constant,VN,2026,5,-403
cash_constant,VN,2027,5,-484
cash_constant,VN,2028,5,-493
cash_constant,VN,2029,5,-505
cash_constant,VN,2030,5,-519
cash_constant,VN,2031,5,-541
cash_constant,VN,2032,5,-563
cash_constant,VN,2033,5,-586
cash_constant,VN,2034,5,-608
cash_constant,VN,2035,5,-629
cash_constant,VN,2036,5,-657
cash_constant,VN,2037,5,-689
cash_constant,VN,2038,5,-730
cash_constant,VN,2039,5,-774
cash_constant,VN,2040,5,-821
cash_constant,VN,2041,5,-871
cash_constant,VN,2042,5,-924
cash_constant,VN,2043,5,-982
cash_constant,VN,2044,5,-1043
cash_constant,VN,2045,5,-1109
cash_constant,VN,2046,5,-1180
cash_constant,VN,2047,5,-1255
cash_constant,VN,2048,5,-1334
cash_constant,VN,2049,5,-1419
cash_constant,AE,2026,4,-164
cash_constant,AE,2027,4,-240
cash_constant,AE,2028,4,-273
cash_constant,AE,2029,4,-306
cash_constant,AE,2030,4,-338
cash_constant,AE,2031,4,-372
cash_constant,AE,2032,4,-405
cash_constant,AE,2033,4,-437
cash_constant,AE,2034,4,-466
cash_constant,CI,2026,4,-40
cash_constant,DE,2025,4,-3250
cash_constant,DK,2025,4,-10177
cash_constant,ET,2026,4,-87
cash_constant,ET,2027,4,-113
cash_constant,ET,2028,4,-110
cash_constant,ET,2029,4,-109
cash_constant,ET,2030,4,-109
cash_constant,ET,2031,4,-112
cash_constant,ET,2032,4,-116
cash_constant,ET,2033,4,-119
cash_constant,ET,2034,4,-123
cash_constant,ET,2035,4,-128
cash_constant,ET,2036,4,-133
cash_constant,ET,2037,4,-139
cash_constant,ET,2038,4,-146
cash_constant,ET,2039,4,-155
cash_constant,ET,2040,4,-164
cash_constant,ET,2041,4,-175
cash_constant,ET,2042,4,-188
cash_constant,ET,2043,4,-202
cash_constant,ET,2044,4,-219
cash_constant,ET,2045,4,-238
cash_constant,ET,2046,4,-260
cash_constant,ET,2047,4,-284
cash_constant,ET,2048,4,-312
cash_constant,ET,2049,4,-343
cash_constant,FR,2035,4,-3918
cash_constant,FR,2036,4,-3993
cash_constant,FR,2037,4,-4070
cash_constant,MM,2026,4,-4
cash_constant,MM,2027,4,-6
cash_constant,MM,2028,4,-6
cash_constant,MM,2029,4,-6
cash_constant,MM,2030,4,-6
cash_constant,MM,2031,4,-6
cash_constant,MM,2032,4,-7
cash_constant,MM,2033,4,-7
cash_constant,MM,2034,4,-7
cash_constant,MM,2035,4,-7
cash_constant,MM,2036,4,-8
cash_constant,MM,2037,4,-8
cash_constant,MM,2038,4,-8
cash_constant,MM,2039,4,-8
cash_constant,MM,2040,4,-10
cash_constant,MM,2041,4,-9
cash_constant,MM,2042,4,-10
cash_constant,MM,2043,4,-12
cash_constant,MM,2044,4,-12
cash_constant,MM,2045,4,-13
cash_constant,MM,2046,4,-14
cash_constant,MM,2047,4,-15
cash_constant,MM,2048,4,-16
cash_constant,MM,2049,4,-18
cash_constant,MM,2050,4,-19
cash_constant,MM,2051,4,-19
cash_constant,MM,2052,4,-20
cash_constant,MM,2053,4,-20
cash_constant,MM,2054,4,-21
cash_constant,MM,2055,4,-21
cash_constant,MM,2056,4,-22
cash_constant,MM,2057,4,-22
cash_constant,MM,2058,4,-23
cash_constant,MM,2059,4,-24
cash_constant,MM,2060,4,-24
cash_constant,MM,2061,4,-25
cash_constant,MM,2062,4,-26
cash_constant,MM,2063,4,-26
cash_constant,MM,2064,4,-27
cash_constant,MM,2065,4,-27
cash_constant,MM,2066,4,-28
cash_constant,MM,2067,4,-29
cash_constant,MM,2068,4,-30
cash_constant,MM,2069,4,-32
cash_constant,MM,2082,4,-44
cash_constant,NE,2047,4,-120
cash_constant,NE,2048,4,-131
cash_constant,NE,2049,4,-146
cash_constant,NE,2050,4,-161
cash_constant,NE,2051,4,-166
cash_constant,NE,2052,4,-169
cash_constant,NE,2053,4,-174
cash_constant,NE,2054,4,-178
cash_constant,NE,2055,4,-182
cash_constant,NE,2056,4,-188
cash_constant,NE,2057,4,-192
cash_constant,NE,2058,4,-198
cash_constant,NE,2059,4,-203
cash_constant,NE,2060,4,-208
cash_constant,NE,2061,4,-214
cash_constant,NE,2062,4,-221
cash_constant,NE,2063,4,-227
cash_constant,NE,2064,4,-234
cash_constant,NE,2065,4,-241
cash_constant,NE,2066,4,-248
cash_constant,NE,2067,4,-256
cash_constant,PK,2026,4,-28
cash_constant,PK,2027,4,-36
cash_constant,PK,2028,4,-36
cash_constant,PK,2029,4,-36
cash_constant,PK,2030,4,-36
cash_constant,PK,2031,4,-38
cash_constant,PK,2032,4,-40
cash_constant,PK,2033,4,-42
cash_constant,PK,2034,4,-43
cash_constant,PK,2035,4,-46
cash_constant,PK,2036,4,-48
cash_constant,PK,2037,4,-50
cash_constant,PK,2038,4,-52
cash_constant,PK,2039,4,-55
cash_constant,PK,2040,4,-59
cash_constant,PK,2041,4,-62
cash_constant,PK,2042,4,-66
cash_constant,PK,2043,4,-70
cash_constant,PK,2044,4,-75
cash_constant,PK,2045,4,-80
cash_constant,PK,2046,4,-85
cash_constant,PK,2047,4,-92
cash_constant,PK,2048,4,-98
cash_constant,PK,2049,4,-105
cash_constant,PK,2050,4,-113
cash_constant,PK,2051,4,-115
cash_constant,PK,2052,4,-118
cash_constant,PK,2053,4,-121
cash_constant,PK,2054,4,-125
cash_constant,PK,2055,4,-128
cash_constant,PK,2056,4,-131
cash_constant,PK,2057,4,-135
cash_constant,PK,2058,4,-138
cash_constant,PK,2059,4,-142
cash_constant,PK,2060,4,-146
cash_constant,PK,2061,4,-150
cash_constant,PK,2062,4,-154
cash_constant,PK,2063,4,-158
cash_constant,PK,2064,4,-162
cash_constant,PK,2065,4,-167
cash_constant,PK,2066,4,-172
cash_constant,PK,2067,4,-177
cash_constant,PK,2068,4,-182
cash_constant,PK,2082,4,-263
cash_constant,SA,2026,4,-61
cash_constant,SA,2027,4,-87
cash_constant,SA,2028,4,-97
cash_constant,SA,2029,4,-107
cash_constant,SA,2030,4,-115
cash_constant,SA,2031,4,-125
cash_constant,SA,2032,4,-135
cash_constant,SA,2033,4,-143
cash_constant,SA,2034,4,-152
cash_constant,SA,2035,4,-158
cash_constant,SA,2036,4,-169
cash_constant,SA,2037,4,-180
cash_constant,SA,2038,4,-191
cash_constant,SA,2039,4,-202
cash_constant,SA,2040,4,-213
cash_constant,SA,2041,4,-225
cash_constant,SA,2042,4,-236
cash_constant,SA,2043,4,-249
cash_constant,SA,2044,4,-261
cash_constant,CA,2025,3,-2254
cash_constant,CL,2025,3,-1076
cash_constant,ES,2025,3,-2236
cash_constant,FR,2025,3,-2419
cash_constant,IT,2025,3,-1928
cash_constant,MX,2025,3,-10581
cash_constant,NO,2025,3,-3209
cash_constant,OH,2026,3,-11
cash_constant,US,2025,3,-1094
cash_constant,ZA,2025,3,-558
cash_constant,AU,2025,2,-1967
cash_constant,IR,2025,2,-106
cash_constant,OC,2025,2,-2342
cash_constant,OD,2025,2,-82
cash_constant,QM,2025,2,-794
cash_constant,TR,2025,2,-555
cash_constant,BD,2025,1,-27
cash_constant,CD,2025,1,-8
cash_constant,CN,2025,1,-13
cash_constant,DZ,2025,1,-33
cash_constant,EG,2025,1,-101
cash_constant,IN,2025,1,-24
cash_constant,KR,2025,1,-764
cash_constant,MA,2025,1,-68
cash_constant,OA,2025,1,-261
cash_constant,OB,2025,1,-71
cash_constant,OE,2025,1,-65
cash_constant,OJ,2025,1,-2
cash_constant,PH,2025,1,-29
cash_constant,SD,2025,1,-2
cash_constant,TH,2025,1,-243
cash_constant,TW,2025,1,-673
cash_constant,VN,2025,1,-169
cash_sectors,OE,2100,82,-71090
cash_sectors,OB,2096,79,-262189
cash_sectors,OI,2100,79,-31480
cash_sectors,OB,2097,78,-267631
cash_sectors,OB,2098,78,-273234
cash_sectors,OB,2099,78,-279003
cash_sectors,OB,2100,78,-284950
cash_sectors,OI,2099,78,-13391
cash_sectors,OB,2091,77,-237065
cash_sectors,OB,2092,77,-241838
cash_sectors,OB,2093,77,-246733
cash_sectors,OB,2094,77,-251751
cash_sectors,OB,2095,77,-256898
cash_sectors,OE,2099,77,-69750
cash_sectors,OB,2089,76,-227873
cash_sectors,OB,2090,76,-232413
cash_sectors,OE,2098,76,-68439
cash_sectors,OI,2097,76,-13112
cash_sectors,OI,2098,76,-13249
cash_sectors,OE,2097,75,-67158
cash_sectors,OI,2092,75,-12460
cash_sectors,OI,2094,75,-12713
cash_sectors,OI,2095,75,-12843
cash_sectors,OI,2096,75,-14544
cash_sectors,OB,2088,74,-223442
cash_sectors,OI,2086,74,-11750
cash_sectors,OI,2087,74,-11863
cash_sectors,OI,2091,74,-12336
cash_sectors,OI,2093,74,-12585
cash_sectors,OI,2084,73,-11532
cash_sectors,OI,2085,73,-11641
cash_sectors,OB,2087,72,-219118
cash_sectors,OE,2096,72,-65902
cash_sectors,OI,2083,72,-11427
cash_sectors,OI,2088,72,-11978
cash_sectors,OI,2090,72,-12214
cash_sectors,OB,2084,71,-206743
cash_sectors,OB,2085,71,-210771
cash_sectors,OB,2086,71,-214893
cash_sectors,OI,2089,71,-12094
cash_sectors,OB,2081,70,-195159
cash_sectors,OB,2082,70,-198937
cash_sectors,OB,2083,70,-202799
cash_sectors,OB,2079,69,-187059
cash_sectors,OB,2080,69,-191468
cash_sectors,OI,2078,69,-11480
cash_sectors,OI,2079,69,-10956
cash_sectors,OI,2080,69,-11126
cash_sectors,OI,2081,69,-11224
cash_sectors,OI,2082,69,-11324
cash_sectors,OB,2059,68,-118976
cash_sectors,OB,2060,68,-121662
cash_sectors,OB,2061,68,-124407
cash_sectors,OB,2062,68,-127215
cash_sectors,OB,2063,68,-130091
cash_sectors,OB,2064,68,-133025
cash_sectors,OB,2065,68,-136029
cash_sectors,OB,2066,68,-139107
cash_sectors,OB,2067,68,-142252
cash_sectors,OB,2068,68,-145472
cash_sectors,OB,2069,68,-148767
cash_sectors,OB,2070,68,-152142
cash_sectors,OB,2071,68,-155623
cash_sectors,OB,2072,68,-159199
cash_sectors,OB,2073,68,-162866
cash_sectors,OB,2074,68,-166621
cash_sectors,OB,2075,68,-170468
cash_sectors,OB,2076,68,-174467
cash_sectors,OB,2077,68,-178558
cash_sectors,OB,2078,68,-182757
cash_sectors,OE,2094,68,-63470
cash_sectors,OE,2095,68,-64673
cash_sectors,OI,2065,68,-8284
cash_sectors,OI,2066,68,-8453
cash_sectors,OI,2067,68,-8628
cash_sectors,OI,2068,68,-9137
cash_sectors,OI,2069,68,-9680
cash_sectors,OI,2070,68,-10262
cash_sectors,OI,2071,68,-10510
cash_sectors,OI,2073,68,-10984
cash_sectors,OI,2074,68,-11212
cash_sectors,OI,2075,68,-11432
cash_sectors,OI,2076,68,-11603
cash_sectors,OI,2077,68,-11770
cash_sectors,OE,2091,67,-59995
cash_sectors,OE,2092,67,-61131
cash_sectors,OE,2093,67,-62289
cash_sectors,OI,2055,67,-6824
cash_sectors,OI,2056,67,-6949
cash_sectors,OI,2057,67,-7080
cash_sectors,OI,2058,67,-7215
cash_sectors,OI,2059,67,-7355
cash_sectors,OI,2060,67,-7500
cash_sectors,OI,2061,67,-7647
cash_sectors,OI,2062,67,-7800
cash_sectors,OI,2063,67,-7957
cash_sectors,OI,2064,67,-8119
cash_sectors,OI,2072,67,-10750
cash_sectors,OB,2057,66,-113774
cash_sectors,OB,2058,66,-116346
cash_sectors,OE,2090,66,-58882
cash_sectors,OI,2053,66,-6587
cash_sectors,OI,2054,66,-6703
cash_sectors,OB,2050,65,-97060
cash_sectors,OB,2051,65,-99332
cash_sectors,OB,2052,65,-101635
cash_sectors,OB,2053,65,-103969
cash_sectors,OB,2054,65,-106354
cash_sectors,OB,2055,65,-108787
cash_sectors,OB,2056,65,-111260
cash_sectors,OE,2088,65,-56719
cash_sectors,OE,2089,65,-57790
cash_sectors,OI,2050,65,-6281
cash_sectors,OI,2051,65,-6377
cash_sectors,OI,2052,65,-6479
cash_sectors,OB,2049,64,-94169
cash_sectors,OE,2087,64,-55671
cash_sectors,OE,2086,63,-54641
cash_sectors,OI,2049,63,-5977
cash_sectors,OB,2048,62,-91366
cash_sectors,OE,2082,62,-50716
cash_sectors,OE,2083,62,-51670
cash_sectors,OE,2084,62,-52641
cash_sectors,OE,2085,62,-53631
cash_sectors,OB,2043,61,-78195
cash_sectors,OB,2044,61,-80715
cash_sectors,OB,2045,61,-83302
cash_sectors,OB,2046,61,-85939
cash_sectors,OD,2099,61,-386380
cash_sectors,OD,2100,61,-393346
cash_sectors,OI,2047,61,-5410
cash_sectors,OI,2048,61,-5686
cash_sectors,OB,2047,60,-88628
cash_sectors,OD,2093,60,-347389
cash_sectors,OD,2095,60,-359898
cash_sectors,OD,2096,60,-366326
cash_sectors,OD,2097,60,-372880
cash_sectors,OD,2098,60,-379561
cash_sectors,OE,2069,60,-36637
cash_sectors,OE,2070,60,-37586
cash_sectors,OE,2071,60,-38569
cash_sectors,OE,2076,60,-43949
cash_sectors,OE,2077,60,-45127
cash_sectors,OE,2078,60,-46338
cash_sectors,OE,2079,60,-47583
cash_sectors,OE,2080,60,-48863
cash_sectors,OE,2081,60,-49781
cash_sectors,OB,2042,59,-75762
cash_sectors,OD,2089,59,-323661
cash_sectors,OD,2090,59,-329437
cash_sectors,OD,2092,59,-341300
cash_sectors,OD,2094,59,-353587
cash_sectors,OE,2052,59,-24017
cash_sectors,OE,2053,59,-24595
cash_sectors,OE,2054,59,-25193
cash_sectors,OE,2055,59,-25811
cash_sectors,OE,2056,59,-26446
cash_sectors,OE,2057,59,-27099
cash_sectors,OE,2058,59,-27773
cash_sectors,OE,2059,59,-28468
cash_sectors,OE,2060,59,-29184
cash_sectors,OE,2061,59,-29921
cash_sectors,OE,2062,59,-30679
cash_sectors,OE,2063,59,-31459
cash_sectors,OE,2064,59,-32262
cash_sectors,OE,2065,59,-33088
cash_sectors,OE,2066,59,-33940
cash_sectors,OE,2067,59,-34814
cash_sectors,OE,2068,59,-35712
cash_sectors,OE,2072,59,-39583
cash_sectors,OE,2073,59,-40628
cash_sectors,OE,2074,59,-41700
cash_sectors,OE,2075,59,-42802
cash_sectors,OI,2046,59,-5144
cash_sectors,OB,2040,58,-71114
cash_sectors,OD,2091,58,-335316
cash_sectors,OE,2047,58,-20285
cash_sectors,OE,2048,58,-21120
cash_sectors,OE,2049,58,-21994
cash_sectors,OE,2050,58,-22913
cash_sectors,OE,2051,58,-23457
cash_sectors,AR,2099,57,-18389
cash_sectors,AR,2100,57,-18673
cash_sectors,OB,2041,57,-73400
cash_sectors,OD,2088,57,-317987
cash_sectors,OE,2044,57,-17992
cash_sectors,OE,2045,57,-18722
cash_sectors,OE,2046,57,-19485
cash_sectors,OI,2045,57,-4891
cash_sectors,AR,2093,56,-24192
cash_sectors,AR,2095,56,-19600
cash_sectors,AR,2096,56,-17608
cash_sectors,AR,2097,56,-17833
cash_sectors,AR,2098,56,-18109
cash_sectors,OB,2039,56,-68839
cash_sectors,OD,2085,56,-301545
cash_sectors,OE,2043,56,-17301
cash_sectors,AR,2092,55,-26687
cash_sectors,AR,2094,55,-21797
cash_sectors,OB,2038,55,-66582
cash_sectors,OD,2086,55,-306929
cash_sectors,OD,2087,55,-312412
cash_sectors,OE,2042,55,-16653
cash_sectors,OB,2035,54,-60824
cash_sectors,OB,2036,54,-62290
cash_sectors,OB,2037,54,-64421
cash_sectors,OD,2082,54,-285912
cash_sectors,OD,2083,54,-291037
cash_sectors,OE,2041,54,-16041
cash_sectors,OI,2044,54,-4648
cash_sectors,AR,2090,53,-24067
cash_sectors,AR,2091,53,-25775
cash_sectors,OB,2032,53,-73274
cash_sectors,OB,2033,53,-68971
cash_sectors,OB,2034,53,-64824
cash_sectors,OD,2084,53,-296249
cash_sectors,OE,2038,53,-14386
cash_sectors,OE,2039,53,-14914
cash_sectors,OE,2040,53,-15466
cash_sectors,OI,2042,53,-4201
cash_sectors,OI,2043,53,-4418
cash_sectors,AR,2089,52,-22291
cash_sectors,BR,2100,52,-76928
cash_sectors,OB,2030,52,-82367
cash_sectors,OB,2031,52,-77737
cash_sectors,AR,2086,51,-19059
cash_sectors,AR,2087,51,-18543
cash_sectors,AR,2088,51,-20447
cash_sectors,BR,2094,51,-65607
cash_sectors,BR,2099,51,-81763
cash_sectors,OB,2029,51,-87246
cash_sectors,OD,2081,51,-280875
cash_sectors,OE,2037,51,-13897
cash_sectors,OI,2041,51,-3996
cash_sectors,AR,2082,50,-18980
cash_sectors,AR,2083,50,-20349
cash_sectors,AR,2084,50,-21708
cash_sectors,AR,2085,50,-21131
cash_sectors,BR,2095,50,-65114
cash_sectors,BR,2096,50,-72799
cash_sectors,BR,2098,50,-89381
cash_sectors,OB,2027,50,-97629
cash_sectors,OB,2028,50,-92331
cash_sectors,OD,2079,50,-269649
cash_sectors,OD,2080,50,-275922
cash_sectors,OI,2040,50,-3802
cash_sectors,AR,2080,49,-16218
cash_sectors,AR,2081,49,-17603
cash_sectors,BR,2093,49,-65981
cash_sectors,BR,2097,49,-82055
cash_sectors,OD,2077,49,-257525
cash_sectors,OD,2078,49,-263518
cash_sectors,OE,2036,49,-13434
cash_sectors,AR,2057,48,-10841
cash_sectors,AR,2058,48,-10948
cash_sectors,AR,2059,48,-11054
cash_sectors,AR,2060,48,-11161
cash_sectors,AR,2061,48,-11268
cash_sectors,AR,2062,48,-11376
cash_sectors,AR,2063,48,-11485
cash_sectors,AR,2064,48,-11594
cash_sectors,AR,2065,48,-11703
cash_sectors,AR,2066,48,-11814
cash_sectors,AR,2067,48,-11951
cash_sectors,AR,2068,48,-12068
cash_sectors,AR,2069,48,-12181
cash_sectors,AR,2077,48,-13749
cash_sectors,AR,2078,48,-13793
cash_sectors,AR,2079,48,-14656
cash_sectors,BR,2092,48,-66449
cash_sectors,OD,2076,48,-251666
cash_sectors,AR,2050,47,-10093
cash_sectors,AR,2051,47,-10200
cash_sectors,AR,2052,47,-10307
cash_sectors,AR,2053,47,-10414
cash_sectors,AR,2054,47,-10520
cash_sectors,AR,2055,47,-10628
cash_sectors,AR,2056,47,-10735
cash_sectors,AR,2070,47,-12291
cash_sectors,AR,2071,47,-12632
cash_sectors,AR,2072,47,-12927
cash_sectors,AR,2073,47,-13177
cash_sectors,AR,2074,47,-13382
cash_sectors,AR,2075,47,-13544
cash_sectors,AR,2076,47,-13667
cash_sectors,BR,2088,47,-68047
cash_sectors,BR,2089,47,-67929
cash_sectors,BR,2090,47,-67652
cash_sectors,BR,2091,47,-67008
cash_sectors,OD,2075,47,-245940
cash_sectors,OE,2035,47,-12984
cash_sectors,OI,2038,47,-3440
cash_sectors,OI,2039,47,-3617
cash_sectors,AR,2049,46,-9929
cash_sectors,OD,2074,46,-240426
cash_sectors,OI,2037,46,-3276
cash_sectors,BR,2078,45,-58150
cash_sectors,BR,2079,45,-58124
cash_sectors,BR,2080,45,-58078
cash_sectors,BR,2081,45,-57866
cash_sectors,BR,2082,45,-59720
cash_sectors,BR,2083,45,-61524
cash_sectors,BR,2084,45,-63246
cash_sectors,BR,2085,45,-64876
cash_sectors,BR,2086,45,-66406
cash_sectors,BR,2087,45,-67830
cash_sectors,CO,2094,45,-61494
cash_sectors,OB,2026,45,-102942
cash_sectors,OD,2070,45,-219652
cash_sectors,OD,2071,45,-224643
cash_sectors,OD,2072,45,-229776
cash_sectors,OD,2073,45,-235040
cash_sectors,OI,2036,45,-3121
cash_sectors,AR,2048,44,-9860
cash_sectors,BR,2046,44,-64415
cash_sectors,BR,2049,44,-49238
cash_sectors,BR,2053,44,-48164
cash_sectors,BR,2054,44,-48662
cash_sectors,BR,2055,44,-49165
cash_sectors,BR,2056,44,-49675
cash_sectors,BR,2057,44,-50191
cash_sectors,BR,2058,44,-50714
cash_sectors,BR,2059,44,-51246
cash_sectors,BR,2060,44,-51786
cash_sectors,CO,2095,44,-70539
cash_sectors,CO,2096,44,-77143
cash_sectors,CO,2097,44,-83568
cash_sectors,CO,2098,44,-83917
cash_sectors,CO,2099,44,-78628
cash_sectors,CO,2100,44,-76144
cash_sectors,OD,2069,44,-214812
cash_sectors,OI,2035,44,-2973
cash_sectors,AR,2047,43,-9914
cash_sectors,BR,2044,43,-77937
cash_sectors,BR,2045,43,-71000
cash_sectors,BR,2047,43,-58340
cash_sectors,BR,2048,43,-52805
cash_sectors,BR,2050,43,-46520
cash_sectors,BR,2051,43,-47180
cash_sectors,BR,2052,43,-47671
cash_sectors,BR,2061,43,-52335
cash_sectors,BR,2062,43,-52892
cash_sectors,BR,2063,43,-53458
cash_sectors,BR,2064,43,-54033
cash_sectors,BR,2065,43,-54618
cash_sectors,BR,2066,43,-55209
cash_sectors,BR,2067,43,-55810
cash_sectors,BR,2068,43,-56419
cash_sectors,BR,2069,43,-57034
cash_sectors,BR,2070,43,-57657
cash_sectors,BR,2071,43,-57780
cash_sectors,BR,2072,43,-57888
cash_sectors,BR,2073,43,-57978
cash_sectors,BR,2074,43,-58050
cash_sectors,BR,2075,43,-58104
cash_sectors,BR,2076,43,-58140
cash_sectors,BR,2077,43,-58155
cash_sectors,CO,2092,43,-71047
cash_sectors,CO,2093,43,-66040
cash_sectors,OD,2066,43,-200972
cash_sectors,OD,2067,43,-205475
cash_sectors,OD,2068,43,-210087
cash_sectors,OE,2034,43,-12533
cash_sectors,OI,2031,43,-2463
cash_sectors,OI,2032,43,-2592
cash_sectors,OI,2033,43,-2719
cash_sectors,OI,2034,43,-2845
cash_sectors,BR,2042,42,-84892
cash_sectors,BR,2043,42,-81428
cash_sectors,CO,2091,42,-76344
cash_sectors,OD,2058,42,-168716
cash_sectors,OD,2059,42,-172404
cash_sectors,OD,2060,42,-176183
cash_sectors,OD,2061,42,-180060
cash_sectors,OD,2062,42,-184036
cash_sectors,OD,2063,42,-188112
cash_sectors,OD,2064,42,-192287
cash_sectors,OD,2065,42,-196574
cash_sectors,OE,2033,42,-12099
cash_sectors,AR,2046,41,-9950
cash_sectors,BR,2041,41,-88327
cash_sectors,KR,2100,41,-40798
cash_sectors,OD,2050,41,-142494
cash_sectors,OD,2051,41,-145476
cash_sectors,OD,2052,41,-148537
cash_sectors,OD,2053,41,-151672
cash_sectors,OD,2054,41,-154905
cash_sectors,OD,2055,41,-158232
cash_sectors,OD,2056,41,-161641
cash_sectors,OD,2057,41,-165130
cash_sectors,AR,2042,40,-9360
cash_sectors,AR,2043,40,-9609
cash_sectors,AR,2045,40,-9889
cash_sectors,CO,2075,40,-45963
cash_sectors,CO,2076,40,-46996
cash_sectors,CO,2077,40,-48155
cash_sectors,CO,2078,40,-49441
cash_sectors,CO,2079,40,-50850
cash_sectors,CO,2080,40,-52379
cash_sectors,CO,2089,40,-81619
cash_sectors,CO,2090,40,-80289
cash_sectors,OE,2030,40,-10781
cash_sectors,OE,2031,40,-11215
cash_sectors,OE,2032,40,-11659
cash_sectors,OI,2030,40,-2336
cash_sectors,AR,2044,39,-9780
cash_sectors,BR,2033,39,-121395
cash_sectors,BR,2040,39,-91732
cash_sectors,CO,2073,39,-44531
cash_sectors,CO,2074,39,-45043
cash_sectors,CO,2081,39,-53671
cash_sectors,CO,2082,39,-54945
cash_sectors,CO,2083,39,-56197
cash_sectors,CO,2084,39,-60147
cash_sectors,CO,2085,39,-64536
cash_sectors,CO,2086,39,-68938
cash_sectors,CO,2087,39,-73344
cash_sectors,CO,2088,39,-77750
cash_sectors,AR,2041,38,-9013
cash_sectors,BR,2030,38,-133707
cash_sectors,BR,2031,38,-131476
cash_sectors,BR,2035,38,-108723
cash_sectors,BR,2037,38,-101749
cash_sectors,BR,2038,38,-98443
cash_sectors,BR,2039,38,-95105
cash_sectors,CO,2071,38,-44002
cash_sectors,CO,2072,38,-44272
cash_sectors,JP,2099,38,-44016
cash_sectors,JP,2100,38,-44672
cash_sectors,OH,2100,38,-5506
cash_sectors,AR,2040,37,-9116
cash_sectors,BR,2027,37,-139932
cash_sectors,BR,2028,37,-137955
cash_sectors,BR,2029,37,-135882
cash_sectors,BR,2032,37,-127933
cash_sectors,BR,2034,37,-114986
cash_sectors,BR,2036,37,-105017
cash_sectors,CO,2049,37,-32706
cash_sectors,CO,2050,37,-31165
cash_sectors,CO,2051,37,-31878
cash_sectors,CO,2052,37,-32602
cash_sectors,CO,2053,37,-33338
cash_sectors,CO,2054,37,-33913
cash_sectors,CO,2055,37,-34467
cash_sectors,CO,2056,37,-35028
cash_sectors,CO,2057,37,-35596
cash_sectors,CO,2058,37,-36171
cash_sectors,CO,2059,37,-36755
cash_sectors,CO,2060,37,-37347
cash_sectors,CO,2061,37,-37947
cash_sectors,CO,2062,37,-38556
cash_sectors,CO,2063,37,-39172
cash_sectors,CO,2064,37,-39797
cash_sectors,CO,2065,37,-40431
cash_sectors,CO,2066,37,-41074
cash_sectors,CO,2067,37,-41724
cash_sectors,CO,2068,37,-42382
cash_sectors,CO,2069,37,-43049
cash_sectors,CO,2070,37,-43724
cash_sectors,OA,2099,37,-36718
cash_sectors,OA,2100,37,-47752
cash_sectors,OE,2029,37,-10571
cash_sectors,OI,2029,37,-3767
cash_sectors,JP,2098,36,-43364
cash_sectors,KR,2097,36,-5707
cash_sectors,OD,2047,36,-125432
cash_sectors,OD,2048,36,-130858
cash_sectors,OD,2049,36,-136530
cash_sectors,OH,2099,36,-5213
cash_sectors,AR,2038,35,-10130
cash_sectors,AR,2039,35,-9596
cash_sectors,CL,2097,35,-51895
cash_sectors,CL,2098,35,-53346
cash_sectors,CL,2100,35,-56318
cash_sectors,JP,2095,35,-41424
cash_sectors,JP,2096,35,-42067
cash_sectors,JP,2097,35,-42715
cash_sectors,KR,2098,35,-7257
cash_sectors,OA,2098,35,-12561
cash_sectors,OD,2046,35,-120234
cash_sectors,OH,2098,35,-7843
cash_sectors,OI,2027,35,-5610
cash_sectors,OI,2028,35,-6522
cash_sectors,BR,2026,34,-141290
cash_sectors,CL,2099,34,-54821
cash_sectors,CO,2048,34,-34582
cash_sectors,JP,2092,34,-54111
cash_sectors,JP,2093,34,-49169
cash_sectors,JP,2094,34,-43718
cash_sectors,OA,2097,34,-14406
cash_sectors,OE,2028,34,-10436
cash_sectors,AR,2037,33,-10718
cash_sectors,CL,2093,33,-69936
cash_sectors,CL,2094,33,-62383
cash_sectors,CL,2095,33,-54808
cash_sectors,CL,2096,33,-50467
cash_sectors,CO,2044,33,-50333
cash_sectors,CO,2045,33,-46224
cash_sectors,CO,2046,33,-40981
cash_sectors,CO,2047,33,-36718
cash_sectors,KR,2091,33,-4897
cash_sectors,KR,2096,33,-7158
cash_sectors,KR,2099,33,-11553
cash_sectors,OE,2027,33,-10396
cash_sectors,OH,2097,33,-6735
cash_sectors,AR,2036,32,-11358
cash_sectors,CL,2086,32,-38829
cash_sectors,CL,2087,32,-46261
cash_sectors,CL,2088,32,-53545
cash_sectors,CL,2089,32,-60655
cash_sectors,CL,2090,32,-67580
cash_sectors,CL,2091,32,-73400
cash_sectors,CL,2092,32,-71504
cash_sectors,CO,2042,32,-55774
cash_sectors,CO,2043,32,-52976
cash_sectors,JP,2088,32,-54047
cash_sectors,JP,2089,32,-56475
cash_sectors,JP,2090,32,-55525
cash_sectors,JP,2091,32,-54738
cash_sectors,KR,2089,32,-4447
cash_sectors,KR,2090,32,-3486
cash_sectors,KR,2092,32,-3466
cash_sectors,KR,2093,32,-2194
cash_sectors,OA,2096,32,-8384
cash_sectors,OD,2045,32,-115260
cash_sectors,AR,2034,31,-13862
cash_sectors,AR,2035,31,-12048
cash_sectors,CL,2056,31,-20301
cash_sectors,CL,2057,31,-20666
cash_sectors,CL,2058,31,-21035
cash_sectors,CL,2059,31,-21408
cash_sectors,CL,2060,31,-21784
cash_sectors,CL,2061,31,-22164
cash_sectors,CL,2062,31,-22547
cash_sectors,CL,2063,31,-22934
cash_sectors,CL,2064,31,-23323
cash_sectors,CL,2065,31,-23771
cash_sectors,CL,2066,31,-24309
cash_sectors,CL,2067,31,-24844
cash_sectors,CL,2068,31,-25379
cash_sectors,CL,2070,31,-26440
cash_sectors,CL,2071,31,-27619
cash_sectors,CL,2072,31,-28665
cash_sectors,CL,2073,31,-29580
cash_sectors,CL,2074,31,-30361
cash_sectors,CL,2079,31,-32393
cash_sectors,CL,2080,31,-32436
cash_sectors,CL,2081,31,-32318
cash_sectors,CL,2083,31,-32910
cash_sectors,CL,2084,31,-33290
cash_sectors,CL,2085,31,-33704
cash_sectors,CO,2034,31,-83062
cash_sectors,CO,2035,31,-78878
cash_sectors,IT,2099,31,-317089
cash_sectors,IT,2100,31,-306174
cash_sectors,JP,2081,31,-29200
cash_sectors,JP,2082,31,-29383
cash_sectors,JP,2083,31,-29586
cash_sectors,JP,2084,31,-30693
cash_sectors,JP,2085,31,-36842
cash_sectors,JP,2086,31,-42787
cash_sectors,JP,2087,31,-48520
cash_sectors,KR,2086,31,-2703
cash_sectors,KR,2087,31,-2386
cash_sectors,KR,2088,31,-4459
cash_sectors,KR,2095,31,-6347
cash_sectors,OA,2088,31,-10846
cash_sectors,OA,2090,31,-10449
cash_sectors,OA,2091,31,-9381
cash_sectors,OA,2092,31,-7451
cash_sectors,OA,2093,31,-7451
cash_sectors,OA,2094,31,-7552
cash_sectors,OA,2095,31,-7655
cash_sectors,OH,2096,31,-5366
cash_sectors,CL,2049,30,-16076
cash_sectors,CL,2050,30,-18176
cash_sectors,CL,2051,30,-18522
cash_sectors,CL,2052,30,-18870
cash_sectors,CL,2053,30,-19222
cash_sectors,CL,2054,30,-19579
cash_sectors,CL,2055,30,-19938
cash_sectors,CL,2069,30,-25911
cash_sectors,CL,2075,30,-31012
cash_sectors,CL,2076,30,-31541
cash_sectors,CL,2077,30,-31947
cash_sectors,CL,2078,30,-32230
cash_sectors,CL,2082,30,-32566
cash_sectors,CO,2032,30,-87286
cash_sectors,CO,2033,30,-86665
cash_sectors,CO,2036,30,-75271
cash_sectors,CO,2037,30,-71748
cash_sectors,CO,2038,30,-68318
cash_sectors,CO,2039,30,-64999
cash_sectors,CO,2040,30,-61795
cash_sectors,CO,2041,30,-58716
cash_sectors,JP,2067,30,-39619
cash_sectors,JP,2068,30,-38958
cash_sectors,JP,2069,30,-38302
cash_sectors,JP,2070,30,-37651
cash_sectors,JP,2071,30,-36877
cash_sectors,JP,2072,30,-36170
cash_sectors,JP,2073,30,-35525
cash_sectors,JP,2074,30,-34420
cash_sectors,JP,2075,30,-33191
cash_sectors,JP,2076,30,-32010
cash_sectors,JP,2077,30,-30865
cash_sectors,JP,2078,30,-29755
cash_sectors,JP,2079,30,-29097
cash_sectors,JP,2080,30,-29036
cash_sectors,KR,2083,30,-2035
cash_sectors,KR,2084,30,-3450
cash_sectors,KR,2085,30,-3058
cash_sectors,KR,2094,30,-9520
cash_sectors,OA,2089,30,-10633
cash_sectors,OH,2093,30,-4264
cash_sectors,OH,2094,30,-4691
cash_sectors,OH,2095,30,-6258
cash_sectors,AR,2033,29,-15861
cash_sectors,CL,2048,29,-14196
cash_sectors,IT,2097,29,-290707
cash_sectors,JP,2060,29,-44395
cash_sectors,JP,2061,29,-43699
cash_sectors,JP,2062,29,-43007
cash_sectors,JP,2063,29,-42320
cash_sectors,JP,2064,29,-41637
cash_sectors,JP,2065,29,-40959
cash_sectors,JP,2066,29,-40286
cash_sectors,KR,2076,29,-1981
cash_sectors,KR,2077,29,-1990
cash_sectors,KR,2078,29,-1998
cash_sectors,KR,2079,29,-2007
cash_sectors,KR,2080,29,-2016
cash_sectors,KR,2081,29,-2022
cash_sectors,KR,2082,29,-2029
cash_sectors,OA,2087,29,-11088
cash_sectors,OH,2092,29,-4559
cash_sectors,ZA,2099,29,-9337
cash_sectors,ZA,2100,29,-24069
cash_sectors,CL,2032,28,-27733
cash_sectors,CL,2033,28,-27789
cash_sectors,CL,2034,28,-38671
cash_sectors,CL,2041,28,-20547
cash_sectors,CL,2042,28,-16607
cash_sectors,CL,2043,28,-15501
cash_sectors,CL,2047,28,-17297
cash_sectors,CO,2027,28,-90471
cash_sectors,CO,2028,28,-89341
cash_sectors,CO,2029,28,-88189
cash_sectors,CO,2030,28,-87009
cash_sectors,CO,2031,28,-86461
cash_sectors,IT,2083,28,-258204
cash_sectors,IT,2084,28,-254458
cash_sectors,IT,2087,28,-254816
cash_sectors,IT,2088,28,-250712
cash_sectors,IT,2089,28,-247596
cash_sectors,IT,2090,28,-245421
cash_sectors,IT,2095,28,-232437
cash_sectors,IT,2096,28,-244960
cash_sectors,IT,2098,28,-324991
cash_sectors,JP,2058,28,-45801
cash_sectors,JP,2059,28,-45096
cash_sectors,KR,2050,28,-1801
cash_sectors,KR,2051,28,-1808
cash_sectors,KR,2052,28,-1815
cash_sectors,KR,2053,28,-1822
cash_sectors,KR,2054,28,-1828
cash_sectors,KR,2055,28,-1835
cash_sectors,KR,2056,28,-1841
cash_sectors,KR,2057,28,-1848
cash_sectors,KR,2058,28,-1854
cash_sectors,KR,2059,28,-1861
cash_sectors,KR,2060,28,-1868
cash_sectors,KR,2061,28,-1874
cash_sectors,KR,2062,28,-1880
cash_sectors,KR,2063,28,-1887
cash_sectors,KR,2064,28,-1894
cash_sectors,KR,2065,28,-1900
cash_sectors,KR,2066,28,-1907
cash_sectors,KR,2067,28,-1913
cash_sectors,KR,2068,28,-1920
cash_sectors,KR,2069,28,-1928
cash_sectors,KR,2070,28,-1935
cash_sectors,KR,2071,28,-1942
cash_sectors,KR,2072,28,-1949
cash_sectors,KR,2073,28,-1957
cash_sectors,KR,2074,28,-1965
cash_sectors,KR,2075,28,-1973
cash_sectors,OA,2086,28,-11360
cash_sectors,OH,2091,28,-4898
cash_sectors,OI,2026,28,-2803
cash_sectors,AR,2031,27,-19696
cash_sectors,AR,2032,27,-18038
cash_sectors,CL,2029,27,-36266
cash_sectors,CL,2030,27,-31167
cash_sectors,CL,2031,27,-27534
cash_sectors,CL,2039,27,-29519
cash_sectors,CL,2040,27,-24856
cash_sectors,CL,2044,27,-21393
cash_sectors,CL,2045,27,-26333
cash_sectors,CL,2046,27,-22743
cash_sectors,IT,2082,27,-262178
cash_sectors,IT,2085,27,-250924
cash_sectors,IT,2091,27,-244144
cash_sectors,IT,2094,27,-235102
cash_sectors,JP,2057,27,-46509
cash_sectors,KR,2046,27,-1668
cash_sectors,KR,2047,27,-1701
cash_sectors,KR,2048,27,-1734
cash_sectors,KR,2049,27,-1767
cash_sectors,MX,2097,27,-32233
cash_sectors,OD,2044,27,-118097
cash_sectors,OE,2026,27,-7881
cash_sectors,OH,2090,27,-2843
cash_sectors,QM,2100,27,-12736
cash_sectors,US,2098,27,-318399
cash_sectors,AR,2029,26,-22549
cash_sectors,AR,2030,26,-21149
cash_sectors,CL,2027,26,-40201
cash_sectors,CL,2028,26,-38653
cash_sectors,CL,2035,26,-47994
cash_sectors,CL,2036,26,-45471
cash_sectors,CL,2037,26,-39844
cash_sectors,CL,2038,26,-34520
cash_sectors,CO,2026,26,-91070
cash_sectors,ES,2097,26,-4681
cash_sectors,IT,2072,26,-306461
cash_sectors,IT,2073,26,-305320
cash_sectors,IT,2074,26,-303960
cash_sectors,IT,2075,26,-301132
cash_sectors,IT,2076,26,-292027
cash_sectors,IT,2077,26,-284605
cash_sectors,IT,2080,26,-270842
cash_sectors,IT,2081,26,-266386
cash_sectors,IT,2086,26,-251530
cash_sectors,IT,2092,26,-242245
cash_sectors,IT,2093,26,-240255
cash_sectors,JP,2056,26,-47221
cash_sectors,MX,2100,26,-24611
cash_sectors,OA,2073,26,-5415
cash_sectors,OA,2074,26,-5524
cash_sectors,OA,2084,26,-11981
cash_sectors,OA,2085,26,-11657
cash_sectors,OH,2089,26,-2607
cash_sectors,US,2100,26,-317918
cash_sectors,AR,2027,25,-25157
cash_sectors,AR,2028,25,-23884
cash_sectors,CI,2100,25,-30812
cash_sectors,CL,2026,25,-40388
cash_sectors,DE,2097,25,-5558
cash_sectors,IR,2100,25,-101773
cash_sectors,IT,2066,25,-297386
cash_sectors,IT,2067,25,-296731
cash_sectors,IT,2068,25,-296360
cash_sectors,IT,2069,25,-301907
cash_sectors,IT,2070,25,-308079
cash_sectors,IT,2071,25,-307381
cash_sectors,IT,2078,25,-278707
cash_sectors,IT,2079,25,-274169
cash_sectors,JP,2048,25,-59049
cash_sectors,JP,2049,25,-54400
cash_sectors,JP,2050,25,-50108
cash_sectors,JP,2051,25,-50131
cash_sectors,JP,2052,25,-50094
cash_sectors,JP,2053,25,-49371
cash_sectors,JP,2054,25,-48653
cash_sectors,JP,2055,25,-47936
cash_sectors,KR,2042,25,-1545
cash_sectors,KR,2043,25,-1575
cash_sectors,KR,2044,25,-1606
cash_sectors,KR,2045,25,-1636
cash_sectors,MX,2094,25,-16082
cash_sectors,MX,2095,25,-24819
cash_sectors,MX,2096,25,-34747
cash_sectors,MX,2098,25,-23457
cash_sectors,MX,2099,25,-23860
cash_sectors,OA,2067,25,-4808
cash_sectors,OA,2068,25,-4904
cash_sectors,OA,2069,25,-5002
cash_sectors,OA,2070,25,-5101
cash_sectors,OA,2071,25,-5203
cash_sectors,OA,2072,25,-5308
cash_sectors,OA,2075,25,-5635
cash_sectors,OA,2076,25,-5750
cash_sectors,OA,2077,25,-5867
cash_sectors,OA,2078,25,-5986
cash_sectors,OA,2079,25,-6108
cash_sectors,OA,2080,25,-6233
cash_sectors,OA,2081,25,-6709
cash_sectors,OA,2082,25,-9315
cash_sectors,OA,2083,25,-11898
cash_sectors,OD,2043,25,-127669
cash_sectors,US,2093,25,-319350
cash_sectors,US,2094,25,-319202
cash_sectors,US,2099,25,-318165
cash_sectors,ZA,2098,25,-10000
cash_sectors,AU,2100,24,-37428
cash_sectors,CI,2098,24,-16061
cash_sectors,CI,2099,24,-27568
cash_sectors,DE,2096,24,-5559
cash_sectors,DE,2100,24,-68897
cash_sectors,ES,2096,24,-4687
cash_sectors,ES,2100,24,-10628
cash_sectors,IR,2099,24,-106432
cash_sectors,IT,2051,24,-365425
cash_sectors,IT,2052,24,-356444
cash_sectors,IT,2053,24,-348195
cash_sectors,IT,2054,24,-340681
cash_sectors,IT,2055,24,-333870
cash_sectors,IT,2056,24,-327734
cash_sectors,IT,2057,24,-322255
cash_sectors,IT,2058,24,-317400
cash_sectors,IT,2059,24,-313145
cash_sectors,IT,2060,24,-309459
cash_sectors,IT,2061,24,-306304
cash_sectors,IT,2062,24,-303651
cash_sectors,IT,2063,24,-301471
cash_sectors,IT,2064,24,-299723
cash_sectors,IT,2065,24,-298373
cash_sectors,JP,2044,24,-75670
cash_sectors,JP,2045,24,-71815
cash_sectors,JP,2046,24,-67758
cash_sectors,JP,2047,24,-63502
cash_sectors,MX,2027,24,-42018
cash_sectors,MX,2028,24,-41685
cash_sectors,MX,2029,24,-42258
cash_sectors,MX,2069,24,-21138
cash_sectors,MX,2070,24,-20698
cash_sectors,MX,2071,24,-20222
cash_sectors,MX,2072,24,-19744
cash_sectors,MX,2073,24,-19264
cash_sectors,MX,2092,24,-18301
cash_sectors,MX,2093,24,-15827
cash_sectors,OA,2050,24,-3455
cash_sectors,OA,2051,24,-3522
cash_sectors,OA,2052,24,-3589
cash_sectors,OA,2053,24,-3659
cash_sectors,OA,2054,24,-3731
cash_sectors,OA,2055,24,-3803
cash_sectors,OA,2056,24,-3878
cash_sectors,OA,2057,24,-3953
cash_sectors,OA,2058,24,-4030
cash_sectors,OA,2059,24,-4111
cash_sectors,OA,2060,24,-4191
cash_sectors,OA,2061,24,-4274
cash_sectors,OA,2062,24,-4358
cash_sectors,OA,2063,24,-4444
cash_sectors,OA,2064,24,-4533
cash_sectors,OA,2065,24,-4623
cash_sectors,OA,2066,24,-4714
cash_sectors,OH,2086,24,-2941
cash_sectors,US,2077,24,-317536
cash_sectors,US,2081,24,-319148
cash_sectors,US,2090,24,-319643
cash_sectors,US,2091,24,-319567
cash_sectors,US,2092,24,-319471
cash_sectors,US,2095,24,-319030
cash_sectors,US,2097,24,-318629
cash_sectors,CA,2098,23,-17952
cash_sectors,CA,2099,23,-27662
cash_sectors,CA,2100,23,-38474
cash_sectors,CI,2095,23,-20028
cash_sectors,CI,2096,23,-16689
cash_sectors,CI,2097,23,-14234
cash_sectors,DE,2088,23,-5564
cash_sectors,DE,2090,23,-5562
cash_sectors,DE,2091,23,-5561
cash_sectors,DE,2092,23,-5561
cash_sectors,DE,2093,23,-5561
cash_sectors,DE,2098,23,-6022
cash_sectors,DE,2099,23,-49257
cash_sectors,ES,2090,23,-4723
cash_sectors,IR,2093,23,-19482
cash_sectors,IR,2094,23,-25158
cash_sectors,IR,2095,23,-29883
cash_sectors,IT,2050,23,-375174
cash_sectors,KR,2038,23,-1433
cash_sectors,KR,2039,23,-1461
cash_sectors,KR,2040,23,-1488
cash_sectors,KR,2041,23,-1517
cash_sectors,MX,2026,23,-44136
cash_sectors,MX,2030,23,-45805
cash_sectors,MX,2031,23,-50276
cash_sectors,MX,2032,23,-54526
cash_sectors,MX,2033,23,-58511
cash_sectors,MX,2062,23,-24169
cash_sectors,MX,2063,23,-23748
cash_sectors,MX,2064,23,-23320
cash_sectors,MX,2065,23,-22889
cash_sectors,MX,2066,23,-22454
cash_sectors,MX,2067,23,-22017
cash_sectors,MX,2068,23,-21578
cash_sectors,MX,2074,23,-18786
cash_sectors,MX,2075,23,-18306
cash_sectors,MX,2076,23,-17836
cash_sectors,MX,2077,23,-17366
cash_sectors,MX,2082,23,-16210
cash_sectors,MX,2083,23,-18146
cash_sectors,MX,2084,23,-20010
cash_sectors,MX,2085,23,-20458
cash_sectors,MX,2086,23,-19723
cash_sectors,MX,2087,23,-23519
cash_sectors,MX,2088,23,-27716
cash_sectors,MX,2089,23,-27594
cash_sectors,MX,2090,23,-26045
cash_sectors,MX,2091,23,-23808
cash_sectors,OA,2048,23,-3185
cash_sectors,OA,2049,23,-3318
cash_sectors,OH,2084,23,-4402
cash_sectors,OH,2085,23,-3652
cash_sectors,OH,2087,23,-2150
cash_sectors,OH,2088,23,-2376
cash_sectors,QM,2099,23,-14650
cash_sectors,US,2068,23,-313124
cash_sectors,US,2069,23,-313613
cash_sectors,US,2070,23,-314093
cash_sectors,US,2071,23,-314588
cash_sectors,US,2072,23,-315083
cash_sectors,US,2075,23,-316516
cash_sectors,US,2076,23,-317033
cash_sectors,US,2078,23,-318020
cash_sectors,US,2079,23,-318494
cash_sectors,US,2080,23,-318947
cash_sectors,US,2082,23,-319325
cash_sectors,US,2089,23,-319692
cash_sectors,US,2096,23,-318838
cash_sectors,AR,2026,22,-26205
cash_sectors,AU,2099,22,-17810
cash_sectors,CI,2093,22,-23624
cash_sectors,CI,2094,22,-21629
cash_sectors,DE,2086,22,-5566
cash_sectors,DE,2087,22,-5577
cash_sectors,DE,2089,22,-5563
cash_sectors,DE,2095,22,-5559
cash_sectors,ES,2091,22,-4717
cash_sectors,ES,2092,22,-4711
cash_sectors,ES,2098,22,-4674
cash_sectors,IR,2092,22,-12915
cash_sectors,IR,2096,22,-49064
cash_sectors,IR,2097,22,-62200
cash_sectors,IR,2098,22,-88113
cash_sectors,IT,2047,22,-552434
cash_sectors,IT,2048,22,-489079
cash_sectors,IT,2049,22,-434112
cash_sectors,JP,2041,22,-94372
cash_sectors,JP,2042,22,-88937
cash_sectors,JP,2043,22,-83523
cash_sectors,MA,2097,22,-4595
cash_sectors,MA,2098,22,-8344
cash_sectors,MA,2100,22,-18236
cash_sectors,MX,2034,22,-62196
cash_sectors,MX,2078,22,-16897
cash_sectors,MX,2079,22,-16430
cash_sectors,MX,2080,22,-15965
cash_sectors,MX,2081,22,-15300
cash_sectors,NG,2100,22,-39921
cash_sectors,OA,2045,22,-2813
cash_sectors,OA,2046,22,-2934
cash_sectors,OA,2047,22,-3057
cash_sectors,OC,2096,22,-16540
cash_sectors,OC,2098,22,-57452
cash_sectors,OC,2099,22,-36552
cash_sectors,OC,2100,22,-41434
cash_sectors,OD,2040,22,-152006
cash_sectors,OD,2041,22,-148199
cash_sectors,OD,2042,22,-137876
cash_sectors,OH,2079,22,-1058
cash_sectors,OH,2080,22,-1126
cash_sectors,OH,2081,22,-1167
cash_sectors,OH,2082,22,-2073
cash_sectors,OH,2083,22,-3331
cash_sectors,US,2052,22,-304956
cash_sectors,US,2053,22,-305448
cash_sectors,US,2054,22,-305951
cash_sectors,US,2055,22,-306461
cash_sectors,US,2056,22,-306966
cash_sectors,US,2057,22,-307470
cash_sectors,US,2058,22,-307988
cash_sectors,US,2059,22,-308511
cash_sectors,US,2060,22,-309029
cash_sectors,US,2061,22,-309549
cash_sectors,US,2062,22,-310068
cash_sectors,US,2063,22,-310585
cash_sectors,US,2064,22,-311094
cash_sectors,US,2065,22,-311606
cash_sectors,US,2066,22,-312119
cash_sectors,US,2067,22,-312627
cash_sectors,US,2073,22,-315574
cash_sectors,US,2074,22,-316049
cash_sectors,US,2083,22,-319464
cash_sectors,US,2084,22,-319576
cash_sectors,US,2085,22,-319645
cash_sectors,US,2086,22,-319692
cash_sectors,US,2087,22,-319718
cash_sectors,US,2088,22,-319719
cash_sectors,AU,2090,21,-23418
cash_sectors,AU,2091,21,-22903
cash_sectors,AU,2096,21,-16963
cash_sectors,AU,2098,21,-17533
cash_sectors,CI,2092,21,-19296
cash_sectors,DE,2094,21,-5560
cash_sectors,ES,2085,21,-4748
cash_sectors,ES,2086,21,-4743
cash_sectors,ES,2088,21,-4734
cash_sectors,ES,2089,21,-4727
cash_sectors,ES,2093,21,-4705
cash_sectors,ES,2094,21,-4700
cash_sectors,ES,2095,21,-4693
cash_sectors,ES,2099,21,-4668
cash_sectors,IT,2046,21,-644622
cash_sectors,JP,2029,21,-155912
cash_sectors,JP,2030,21,-153290
cash_sectors,JP,2031,21,-150577
cash_sectors,JP,2032,21,-147087
cash_sectors,JP,2033,21,-139207
cash_sectors,JP,2034,21,-132088
cash_sectors,JP,2035,21,-127988
cash_sectors,JP,2036,21,-122240
cash_sectors,JP,2037,21,-116557
cash_sectors,JP,2038,21,-110932
cash_sectors,JP,2039,21,-105364
cash_sectors,JP,2040,21,-99846
cash_sectors,KR,2035,21,-1355
cash_sectors,KR,2036,21,-1380
cash_sectors,KR,2037,21,-1407
cash_sectors,MX,2038,21,-58437
cash_sectors,MX,2061,21,-24563
cash_sectors,NG,2098,21,-31299
cash_sectors,NG,2099,21,-41794
cash_sectors,NZ,2097,21,-3082
cash_sectors,NZ,2098,21,-3444
cash_sectors,OA,2043,21,-2586
cash_sectors,OA,2044,21,-2698
cash_sectors,OC,2097,21,-29023
cash_sectors,OD,2038,21,-158221
cash_sectors,OD,2039,21,-155323
cash_sectors,OH,2075,21,-2114
cash_sectors,OH,2076,21,-2471
cash_sectors,OH,2077,21,-1914
cash_sectors,OH,2078,21,-1250
cash_sectors,OJ,2100,21,-17248
cash_sectors,QM,2098,21,-12686
cash_sectors,US,2050,21,-303962
cash_sectors,US,2051,21,-304459
cash_sectors,AU,2085,20,-11964
cash_sectors,AU,2086,20,-13114
cash_sectors,AU,2087,20,-17426
cash_sectors,AU,2088,20,-21503
cash_sectors,AU,2089,20,-24033
cash_sectors,AU,2094,20,-17956
cash_sectors,AU,2095,20,-16673
cash_sectors,AU,2097,20,-17250
cash_sectors,CA,2097,20,-15755
cash_sectors,CD,2100,20,-46028
cash_sectors,CI,2089,20,-15017
cash_sectors,CI,2090,20,-15825
cash_sectors,CI,2091,20,-14742
cash_sectors,DE,2085,20,-5566
cash_sectors,ES,2069,20,-5057
cash_sectors,ES,2070,20,-5383
cash_sectors,ES,2071,20,-5414
cash_sectors,ES,2072,20,-5631
cash_sectors,ES,2073,20,-5560
cash_sectors,ES,2074,20,-5479
cash_sectors,ES,2075,20,-5389
cash_sectors,ES,2076,20,-5307
cash_sectors,ES,2077,20,-5217
cash_sectors,ES,2079,20,-4744
cash_sectors,ES,2080,20,-4770
cash_sectors,ES,2081,20,-4766
cash_sectors,ES,2087,20,-4738
cash_sectors,IR,2083,20,-5868
cash_sectors,IR,2084,20,-6543
cash_sectors,IR,2085,20,-10334
cash_sectors,IR,2086,20,-14130
cash_sectors,IR,2091,20,-10947
cash_sectors,IT,2045,20,-752623
cash_sectors,JP,2026,20,-162919
cash_sectors,JP,2027,20,-160804
cash_sectors,JP,2028,20,-158414
cash_sectors,KR,2033,20,-1277
cash_sectors,KR,2034,20,-1316
cash_sectors,MA,2099,20,-15696
cash_sectors,ML,2100,20,-18211
cash_sectors,MX,2035,20,-65549
cash_sectors,MX,2037,20,-64375
cash_sectors,MX,2039,20,-52756
cash_sectors,MX,2040,20,-47343
cash_sectors,MX,2041,20,-42211
cash_sectors,MX,2042,20,-37373
cash_sectors,MX,2043,20,-35751
cash_sectors,MX,2044,20,-38313
cash_sectors,MX,2059,20,-24116
cash_sectors,MX,2060,20,-24342
cash_sectors,NL,2092,20,-55321
cash_sectors,NL,2093,20,-56001
cash_sectors,OA,2041,20,-2377
cash_sectors,OA,2042,20,-2480
cash_sectors,OC,2095,20,-12329
cash_sectors,OD,2029,20,-180961
cash_sectors,OD,2030,20,-175734
cash_sectors,OD,2032,20,-169820
cash_sectors,OD,2033,20,-168482
cash_sectors,OD,2034,20,-166787
cash_sectors,OD,2035,20,-164723
cash_sectors,OD,2036,20,-162892
cash_sectors,OD,2037,20,-160734
cash_sectors,OH,2057,20,-540
cash_sectors,OH,2062,20,-1600
cash_sectors,OH,2063,20,-1896
cash_sectors,OH,2066,20,-1050
cash_sectors,OH,2074,20,-776
cash_sectors,QM,2093,20,-12566
cash_sectors,QM,2094,20,-12590
cash_sectors,US,2048,20,-280043
cash_sectors,US,2049,20,-291906
cash_sectors,AU,2084,19,-11855
cash_sectors,AU,2092,19,-22485
cash_sectors,AU,2093,19,-21764
cash_sectors,CI,2087,19,-12545
cash_sectors,CI,2088,19,-11839
cash_sectors,DE,2073,19,-5502
cash_sectors,DE,2081,19,-5569
cash_sectors,DE,2084,19,-5567
cash_sectors,DK,2097,19,-9856
cash_sectors,DK,2100,19,-9644
cash_sectors,ES,2066,19,-4424
cash_sectors,ES,2067,19,-4467
cash_sectors,ES,2068,19,-4753
cash_sectors,ES,2078,19,-5121
cash_sectors,ES,2084,19,-4753
cash_sectors,ET,2097,19,-7131
cash_sectors,ET,2098,19,-16008
cash_sectors,IR,2072,19,-4490
cash_sectors,IR,2073,19,-4609
cash_sectors,IR,2074,19,-4730
cash_sectors,IR,2075,19,-4855
cash_sectors,IR,2076,19,-4986
cash_sectors,IR,2077,19,-5120
cash_sectors,IR,2078,19,-5259
cash_sectors,IR,2079,19,-5402
cash_sectors,IR,2080,19,-5548
cash_sectors,IR,2081,19,-5652
cash_sectors,IR,2082,19,-5758
cash_sectors,IR,2087,19,-16437
cash_sectors,IR,2088,19,-15215
cash_sectors,IR,2089,19,-13445
cash_sectors,IR,2090,19,-11964
cash_sectors,MA,2096,19,-5102
cash_sectors,MX,2036,19,-68757
cash_sectors,MX,2045,19,-40223
cash_sectors,MX,2049,19,-23011
cash_sectors,MX,2050,19,-22010
cash_sectors,MX,2051,19,-22240
cash_sectors,MX,2052,19,-22473
cash_sectors,MX,2053,19,-22708
cash_sectors,MX,2054,19,-22944
cash_sectors,MX,2055,19,-23181
cash_sectors,MX,2056,19,-23418
cash_sectors,MX,2057,19,-23652
cash_sectors,MX,2058,19,-23885
cash_sectors,NG,2097,19,-28767
cash_sectors,NL,2094,19,-66607
cash_sectors,NO,2096,19,-3213
cash_sectors,OC,2091,19,-10131
cash_sectors,OC,2092,19,-10138
cash_sectors,OC,2093,19,-14019
cash_sectors,OC,2094,19,-13208
cash_sectors,OD,2026,19,-196414
cash_sectors,OD,2027,19,-191395
cash_sectors,OD,2028,19,-186177
cash_sectors,OD,2031,19,-170811
cash_sectors,OH,2056,19,-465
cash_sectors,OH,2058,19,-705
cash_sectors,OH,2059,19,-891
cash_sectors,OH,2060,19,-1100
cash_sectors,OH,2061,19,-1336
cash_sectors,OH,2064,19,-2228
cash_sectors,OH,2065,19,-2132
cash_sectors,OH,2067,19,-1226
cash_sectors,OJ,2099,19,-6030
cash_sectors,QM,2091,19,-12517
cash_sectors,QM,2092,19,-12542
cash_sectors,QM,2095,19,-12786
cash_sectors,QM,2097,19,-13545
cash_sectors,SE,2099,19,-112105
cash_sectors,SE,2100,19,-145699
cash_sectors,US,2046,19,-256760
cash_sectors,US,2047,19,-268334
cash_sectors,CA,2096,18,-18106
cash_sectors,CI,2086,18,-12315
cash_sectors,DE,2071,18,-5484
cash_sectors,DE,2072,18,-5493
cash_sectors,DE,2074,18,-5511
cash_sectors,DE,2075,18,-5520
cash_sectors,DE,2076,18,-5529
cash_sectors,DE,2077,18,-5539
cash_sectors,DE,2078,18,-5549
cash_sectors,DE,2079,18,-5559
cash_sectors,DE,2080,18,-5569
cash_sectors,DE,2082,18,-5568
cash_sectors,DE,2083,18,-5568
cash_sectors,DK,2095,18,-10003
cash_sectors,DK,2096,18,-9929
cash_sectors,DK,2098,18,-9784
cash_sectors,ES,2055,18,-4163
cash_sectors,ES,2056,18,-4188
cash_sectors,ES,2057,18,-4212
cash_sectors,ES,2058,18,-4236
cash_sectors,ES,2059,18,-4259
cash_sectors,ES,2060,18,-4283
cash_sectors,ES,2061,18,-4307
cash_sectors,ES,2062,18,-4330
cash_sectors,ES,2063,18,-4353
cash_sectors,ES,2064,18,-4377
cash_sectors,ES,2065,18,-4401
cash_sectors,ES,2082,18,-4761
cash_sectors,ES,2083,18,-4757
cash_sectors,ET,2096,18,-8004
cash_sectors,ET,2099,18,-28391
cash_sectors,ET,2100,18,-28716
cash_sectors,IR,2049,18,-2500
cash_sectors,IR,2050,18,-2606
cash_sectors,IR,2051,18,-2668
cash_sectors,IR,2052,18,-2732
cash_sectors,IR,2053,18,-2797
cash_sectors,IR,2054,18,-2865
cash_sectors,IR,2055,18,-2935
cash_sectors,IR,2056,18,-3007
cash_sectors,IR,2057,18,-3081
cash_sectors,IR,2058,18,-3157
cash_sectors,IR,2059,18,-3236
cash_sectors,IR,2060,18,-3317
cash_sectors,IR,2061,18,-3399
cash_sectors,IR,2062,18,-3485
cash_sectors,IR,2063,18,-3573
cash_sectors,IR,2064,18,-3664
cash_sectors,IR,2065,18,-3757
cash_sectors,IR,2066,18,-3852
cash_sectors,IR,2067,18,-3951
cash_sectors,IR,2068,18,-4053
cash_sectors,IR,2069,18,-4157
cash_sectors,IR,2070,18,-4264
cash_sectors,IR,2071,18,-4375
cash_sectors,IT,2034,18,-1105376
cash_sectors,IT,2035,18,-1077481
cash_sectors,IT,2036,18,-1041391
cash_sectors,IT,2042,18,-897935
cash_sectors,IT,2043,18,-875822
cash_sectors,IT,2044,18,-849462
cash_sectors,MA,2094,18,-6233
cash_sectors,MA,2095,18,-5432
cash_sectors,ML,2097,18,-10123
cash_sectors,ML,2098,18,-13261
cash_sectors,ML,2099,18,-19683
cash_sectors,MX,2046,18,-41116
cash_sectors,MX,2047,18,-34369
cash_sectors,MX,2048,18,-28329
cash_sectors,NG,2084,18,-32982
cash_sectors,NG,2085,18,-32836
cash_sectors,NL,2090,18,-52536
cash_sectors,NL,2091,18,-54772
cash_sectors,NO,2095,18,-3236
cash_sectors,NO,2097,18,-3192
cash_sectors,NO,2100,18,-25861
cash_sectors,NZ,2092,18,-4881
cash_sectors,NZ,2100,18,-3639
cash_sectors,OC,2085,18,-10694
cash_sectors,OC,2086,18,-10514
cash_sectors,OC,2087,18,-10360
cash_sectors,OC,2088,18,-10229
cash_sectors,OC,2089,18,-10122
cash_sectors,OC,2090,18,-10123
cash_sectors,OH,2055,18,-258
cash_sectors,OH,2072,18,-686
cash_sectors,OH,2073,18,-730
cash_sectors,QM,2089,18,-12468
cash_sectors,QM,2090,18,-12492
cash_sectors,QM,2096,18,-12638
cash_sectors,SE,2096,18,-7336
cash_sectors,SE,2098,18,-38366
cash_sectors,TH,2095,18,-22213
cash_sectors,US,2043,18,-222832
cash_sectors,US,2044,18,-234008
cash_sectors,US,2045,18,-245321
cash_sectors,ZA,2090,18,-7948
cash_sectors,ZA,2092,18,-8141
cash_sectors,ZA,2093,18,-8422
cash_sectors,ZA,2094,18,-12611
cash_sectors,ZA,2095,18,-12823
cash_sectors,ZA,2096,18,-19909
cash_sectors,ZA,2097,18,-16871
cash_sectors,AU,2080,17,-15249
cash_sectors,AU,2081,17,-14515
cash_sectors,AU,2082,17,-13829
cash_sectors,AU,2083,17,-13189
cash_sectors,DE,2047,17,-5033
cash_sectors,DE,2048,17,-5127
cash_sectors,DE,2049,17,-5223
cash_sectors,DE,2050,17,-5320
cash_sectors,DE,2051,17,-5328
cash_sectors,DE,2052,17,-5335
cash_sectors,DE,2053,17,-5343
cash_sectors,DE,2054,17,-5351
cash_sectors,DE,2055,17,-5358
cash_sectors,DE,2056,17,-5365
cash_sectors,DE,2057,17,-5373
cash_sectors,DE,2058,17,-5381
cash_sectors,DE,2059,17,-5389
cash_sectors,DE,2060,17,-5396
cash_sectors,DE,2061,17,-5403
cash_sectors,DE,2062,17,-5412
cash_sectors,DE,2063,17,-5420
cash_sectors,DE,2064,17,-5428
cash_sectors,DE,2065,17,-5435
cash_sectors,DE,2066,17,-5444
cash_sectors,DE,2067,17,-5452
cash_sectors,DE,2068,17,-5460
cash_sectors,DE,2069,17,-5467
cash_sectors,DE,2070,17,-5476
cash_sectors,DK,2090,17,-10385
cash_sectors,DK,2091,17,-10307
cash_sectors,DK,2092,17,-10229
cash_sectors,EG,2100,17,-54007
cash_sectors,ES,2053,17,-4114
cash_sectors,ES,2054,17,-4139
cash_sectors,GB,2097,17,-5570
cash_sectors,GB,2100,17,-5539
cash_sectors,IR,2047,17,-2302
cash_sectors,IR,2048,17,-2399
cash_sectors,IT,2030,17,-1208956
cash_sectors,IT,2031,17,-1184170
cash_sectors,IT,2032,17,-1158677
cash_sectors,IT,2033,17,-1132429
cash_sectors,MA,2093,17,-5231
cash_sectors,NG,2086,17,-32130
cash_sectors,NG,2087,17,-31471
cash_sectors,NG,2090,17,-29800
cash_sectors,NG,2094,17,-29933
cash_sectors,NG,2096,17,-29295
cash_sectors,NL,2085,17,-41775
cash_sectors,NL,2088,17,-48353
cash_sectors,NO,2098,17,-5091
cash_sectors,NZ,2090,17,-4364
cash_sectors,NZ,2091,17,-5695
cash_sectors,NZ,2093,17,-4213
cash_sectors,NZ,2096,17,-3090
cash_sectors,NZ,2099,17,-3064
cash_sectors,OA,2040,17,-2278
cash_sectors,OC,2082,17,-10061
cash_sectors,OC,2083,17,-10070
cash_sectors,OC,2084,17,-10899
cash_sectors,OH,2068,17,-538
cash_sectors,OH,2071,17,-646
cash_sectors,SE,2085,17,-7649
cash_sectors,SE,2086,17,-7620
cash_sectors,SE,2087,17,-7590
cash_sectors,SE,2088,17,-7561
cash_sectors,SE,2089,17,-7532
cash_sectors,SE,2095,17,-7363
cash_sectors,US,2041,17,-200897
cash_sectors,US,2042,17,-211799
cash_sectors,ZA,2091,17,-8044
cash_sectors,AU,2073,16,-11890
cash_sectors,AU,2074,16,-11902
cash_sectors,AU,2075,16,-11909
cash_sectors,AU,2078,16,-13590
cash_sectors,AU,2079,16,-15454
cash_sectors,CA,2095,16,-27485
cash_sectors,CD,2098,16,-13627
cash_sectors,CI,2080,16,-10468
cash_sectors,CI,2081,16,-11887
cash_sectors,CI,2082,16,-11445
cash_sectors,CI,2083,16,-11030
cash_sectors,CI,2084,16,-10642
cash_sectors,CI,2085,16,-10284
cash_sectors,DK,2088,16,-10543
cash_sectors,DK,2089,16,-10464
cash_sectors,DK,2093,16,-10153
cash_sectors,DK,2094,16,-10077
cash_sectors,ES,2052,16,-4088
cash_sectors,ET,2095,16,-11878
cash_sectors,GB,2095,16,-5591
cash_sectors,GB,2098,16,-5560
cash_sectors,IR,2046,16,-2210
cash_sectors,IT,2028,16,-1257730
cash_sectors,IT,2029,16,-1233641
cash_sectors,IT,2040,16,-929064
cash_sectors,IT,2041,16,-915705
cash_sectors,KR,2029,16,-1137
cash_sectors,KR,2030,16,-1165
cash_sectors,KR,2031,16,-1202
cash_sectors,KR,2032,16,-1239
cash_sectors,MA,2092,16,-5875
cash_sectors,ML,2095,16,-8838
cash_sectors,ML,2096,16,-9432
cash_sectors,NG,2081,16,-31693
cash_sectors,NG,2082,16,-32173
cash_sectors,NG,2083,16,-32603
cash_sectors,NG,2088,16,-30862
cash_sectors,NG,2089,16,-30304
cash_sectors,NG,2091,16,-29354
cash_sectors,NG,2092,16,-30075
cash_sectors,NG,2093,16,-30676
cash_sectors,NG,2095,16,-29598
cash_sectors,NL,2084,16,-39437
cash_sectors,NL,2087,16,-46419
cash_sectors,NL,2089,16,-50394
cash_sectors,NL,2100,16,-89074
cash_sectors,NO,2089,16,-3366
cash_sectors,NZ,2088,16,-3151
cash_sectors,NZ,2089,16,-4212
cash_sectors,NZ,2094,16,-5546
cash_sectors,NZ,2095,16,-3098
cash_sectors,OA,2037,16,-2001
cash_sectors,OA,2038,16,-2089
cash_sectors,OA,2039,16,-2182
cash_sectors,OC,2081,16,-10053
cash_sectors,OH,2045,16,-397
cash_sectors,OH,2053,16,-233
cash_sectors,OH,2054,16,-244
cash_sectors,OH,2069,16,-572
cash_sectors,OH,2070,16,-607
cash_sectors,OJ,2098,16,-5272
cash_sectors,SE,2083,16,-7708
cash_sectors,SE,2084,16,-7679
cash_sectors,SE,2090,16,-7504
cash_sectors,SE,2091,16,-7476
cash_sectors,SE,2092,16,-7448
cash_sectors,SE,2097,16,-7309
cash_sectors,TH,2089,16,-18778
cash_sectors,TH,2090,16,-19031
cash_sectors,TH,2091,16,-21154
cash_sectors,TH,2092,16,-23005
cash_sectors,TH,2096,16,-20425
cash_sectors,US,2039,16,-179410
cash_sectors,US,2040,16,-190122
cash_sectors,ZA,2087,16,-7667
cash_sectors,ZA,2089,16,-7853
cash_sectors,AU,2068,15,-9729
cash_sectors,AU,2069,15,-9830
cash_sectors,AU,2070,15,-9933
cash_sectors,AU,2071,15,-10726
cash_sectors,AU,2072,15,-11873
cash_sectors,AU,2076,15,-11918
cash_sectors,AU,2077,15,-11925
cash_sectors,CA,2085,15,-8596
cash_sectors,CA,2087,15,-6522
cash_sectors,CA,2093,15,-34089
cash_sectors,CI,2079,15,-7319
cash_sectors,DE,2044,15,-4754
cash_sectors,DE,2045,15,-4845
cash_sectors,DE,2046,15,-4939
cash_sectors,DK,2082,15,-11035
cash_sectors,DK,2083,15,-10952
cash_sectors,DK,2084,15,-10869
cash_sectors,DK,2085,15,-10787
cash_sectors,DK,2086,15,-10705
cash_sectors,DK,2087,15,-10624
cash_sectors,DK,2099,15,-9713
cash_sectors,ES,2050,15,-4038
cash_sectors,ES,2051,15,-4063
cash_sectors,GB,2088,15,-5662
cash_sectors,GB,2091,15,-5632
cash_sectors,GB,2096,15,-5581
cash_sectors,IR,2044,15,-2039
cash_sectors,IR,2045,15,-2122
cash_sectors,IT,2026,15,-1301806
cash_sectors,IT,2027,15,-1281291
cash_sectors,IT,2037,15,-1004816
cash_sectors,IT,2038,15,-967755
cash_sectors,IT,2039,15,-937925
cash_sectors,MA,2088,15,-5659
cash_sectors,MA,2089,15,-5557
cash_sectors,MA,2090,15,-5135
cash_sectors,MA,2091,15,-6621
cash_sectors,ML,2087,15,-15462
cash_sectors,ML,2088,15,-14943
cash_sectors,ML,2089,15,-14464
cash_sectors,ML,2090,15,-13283
cash_sectors,ML,2091,15,-12278
cash_sectors,ML,2092,15,-11596
cash_sectors,ML,2093,15,-10999
cash_sectors,ML,2094,15,-10246
cash_sectors,NG,2078,15,-30752
cash_sectors,NG,2079,15,-30970
cash_sectors,NG,2080,15,-31167
cash_sectors,NL,2072,15,-16362
cash_sectors,NL,2073,15,-17820
cash_sectors,NL,2074,15,-19276
cash_sectors,NL,2075,15,-20725
cash_sectors,NL,2080,15,-30838
cash_sectors,NL,2081,15,-32861
cash_sectors,NL,2082,15,-34974
cash_sectors,NL,2083,15,-37167
cash_sectors,NL,2086,15,-44177
cash_sectors,NL,2095,15,-77558
cash_sectors,NL,2099,15,-91958
cash_sectors,NO,2085,15,-3786
cash_sectors,NO,2086,15,-3429
cash_sectors,NO,2087,15,-3407
cash_sectors,NO,2088,15,-3386
cash_sectors,NO,2090,15,-3344
cash_sectors,NO,2092,15,-3302
cash_sectors,NO,2093,15,-3280
cash_sectors,NO,2094,15,-3258
cash_sectors,NO,2099,15,-24296
cash_sectors,NZ,2086,15,-3164
cash_sectors,NZ,2087,15,-3157
cash_sectors,OA,2036,15,-1916
cash_sectors,OC,2077,15,-9903
cash_sectors,OC,2078,15,-9950
cash_sectors,OC,2079,15,-9996
cash_sectors,OC,2080,15,-10044
cash_sectors,OH,2046,15,-194
cash_sectors,OH,2047,15,-157
cash_sectors,OH,2050,15,-202
cash_sectors,OH,2051,15,-211
cash_sectors,OH,2052,15,-222
cash_sectors,OJ,2097,15,-4045
cash_sectors,PH,2100,15,-62446
cash_sectors,QM,2059,15,-9859
cash_sectors,QM,2060,15,-9964
cash_sectors,QM,2061,15,-10070
cash_sectors,QM,2062,15,-10176
cash_sectors,QM,2063,15,-10283
cash_sectors,QM,2064,15,-10390
cash_sectors,QM,2065,15,-10497
cash_sectors,QM,2066,15,-10605
cash_sectors,QM,2067,15,-10714
cash_sectors,QM,2068,15,-10824
cash_sectors,QM,2072,15,-11273
cash_sectors,QM,2073,15,-11389
cash_sectors,QM,2074,15,-11506
cash_sectors,QM,2075,15,-11624
cash_sectors,QM,2076,15,-11746
cash_sectors,QM,2077,15,-11869
cash_sectors,QM,2078,15,-11992
cash_sectors,QM,2079,15,-12118
cash_sectors,QM,2081,15,-12269
cash_sectors,QM,2082,15,-12295
cash_sectors,QM,2087,15,-12418
cash_sectors,QM,2088,15,-12443
cash_sectors,SE,2081,15,-7767
cash_sectors,SE,2082,15,-7738
cash_sectors,SE,2093,15,-7419
cash_sectors,SE,2094,15,-7391
cash_sectors,TH,2088,15,-19668
cash_sectors,TH,2093,15,-24579
cash_sectors,TH,2094,15,-24437
cash_sectors,TR,2098,15,-7982
cash_sectors,TR,2099,15,-31298
cash_sectors,TR,2100,15,-56256
cash_sectors,US,2038,15,-168759
cash_sectors,ZA,2088,15,-7759
cash_sectors,AU,2059,14,-8615
cash_sectors,AU,2060,14,-8855
cash_sectors,AU,2061,14,-9058
cash_sectors,AU,2062,14,-9150
cash_sectors,AU,2063,14,-9243
cash_sectors,AU,2064,14,-9338
cash_sectors,AU,2065,14,-9433
cash_sectors,AU,2066,14,-9531
cash_sectors,AU,2067,14,-9629
cash_sectors,CA,2084,14,-9782
cash_sectors,CA,2086,14,-7510
cash_sectors,CA,2094,14,-31272
cash_sectors,CD,2097,14,-7092
cash_sectors,DE,2041,14,-4483
cash_sectors,DE,2042,14,-4572
cash_sectors,DE,2043,14,-4662
cash_sectors,DK,2074,14,-11480
cash_sectors,DK,2075,14,-11432
cash_sectors,DK,2076,14,-11385
cash_sectors,DK,2078,14,-11293
cash_sectors,DZ,2100,14,-6335
cash_sectors,ES,2046,14,-3845
cash_sectors,ES,2047,14,-3892
cash_sectors,ES,2048,14,-3940
cash_sectors,ES,2049,14,-3988
cash_sectors,GB,2086,14,-5680
cash_sectors,GB,2087,14,-5671
cash_sectors,GB,2089,14,-5652
cash_sectors,GB,2090,14,-5642
cash_sectors,GB,2092,14,-5622
cash_sectors,GB,2093,14,-5611
cash_sectors,GB,2099,14,-5550
cash_sectors,KR,2027,14,-1086
cash_sectors,KR,2028,14,-1109
cash_sectors,ML,2077,14,-5567
cash_sectors,ML,2078,14,-6512
cash_sectors,ML,2079,14,-7517
cash_sectors,ML,2080,14,-8587
cash_sectors,ML,2081,14,-9896
cash_sectors,ML,2082,14,-11230
cash_sectors,ML,2083,14,-12590
cash_sectors,ML,2084,14,-13976
cash_sectors,ML,2085,14,-15386
cash_sectors,ML,2086,14,-16017
cash_sectors,NE,2094,14,-4967
cash_sectors,NL,2061,14,-12933
cash_sectors,NL,2062,14,-12925
cash_sectors,NL,2063,14,-12918
cash_sectors,NL,2064,14,-12909
cash_sectors,NL,2065,14,-12899
cash_sectors,NL,2066,14,-12890
cash_sectors,NL,2067,14,-12879
cash_sectors,NL,2068,14,-12870
cash_sectors,NL,2069,14,-12859
cash_sectors,NL,2070,14,-13460
cash_sectors,NL,2071,14,-14907
cash_sectors,NL,2079,14,-27933
cash_sectors,NL,2096,14,-87797
cash_sectors,NL,2097,14,-92668
cash_sectors,NL,2098,14,-91525
cash_sectors,NO,2070,14,-3723
cash_sectors,NO,2074,14,-3653
cash_sectors,NO,2075,14,-3635
cash_sectors,NO,2076,14,-3618
cash_sectors,NO,2080,14,-5287
cash_sectors,NO,2082,14,-4104
cash_sectors,NO,2084,14,-4354
cash_sectors,NO,2091,14,-3322
cash_sectors,NZ,2070,14,-3047
cash_sectors,NZ,2075,14,-3123
cash_sectors,NZ,2076,14,-3139
cash_sectors,NZ,2077,14,-3154
cash_sectors,NZ,2078,14,-4053
cash_sectors,NZ,2079,14,-6558
cash_sectors,NZ,2080,14,-7581
cash_sectors,NZ,2083,14,-4802
cash_sectors,NZ,2084,14,-3679
cash_sectors,NZ,2085,14,-3440
cash_sectors,OA,2034,14,-1746
cash_sectors,OA,2035,14,-1833
cash_sectors,OC,2050,14,-8719
cash_sectors,OC,2051,14,-8764
cash_sectors,OC,2052,14,-8810
cash_sectors,OC,2053,14,-8855
cash_sectors,OC,2054,14,-8900
cash_sectors,OC,2055,14,-8945
cash_sectors,OC,2056,14,-8989
cash_sectors,OC,2057,14,-9033
cash_sectors,OC,2058,14,-9077
cash_sectors,OC,2059,14,-9119
cash_sectors,OC,2060,14,-9163
cash_sectors,OC,2061,14,-9206
cash_sectors,OC,2062,14,-9249
cash_sectors,OC,2063,14,-9291
cash_sectors,OC,2064,14,-9334
cash_sectors,OC,2065,14,-9376
cash_sectors,OC,2066,14,-9419
cash_sectors,OC,2067,14,-9462
cash_sectors,OC,2068,14,-9505
cash_sectors,OC,2069,14,-9547
cash_sectors,OC,2070,14,-9589
cash_sectors,OC,2071,14,-9632
cash_sectors,OC,2072,14,-9677
cash_sectors,OC,2073,14,-9720
cash_sectors,OC,2074,14,-9764
cash_sectors,OC,2075,14,-9809
cash_sectors,OC,2076,14,-9856
cash_sectors,OH,2048,14,-171
cash_sectors,OH,2049,14,-185
cash_sectors,PH,2097,14,-26162
cash_sectors,PH,2098,14,-32608
cash_sectors,PK,2100,14,-5052
cash_sectors,QM,2057,14,-9650
cash_sectors,QM,2058,14,-9754
cash_sectors,QM,2069,14,-10934
cash_sectors,QM,2070,14,-11045
cash_sectors,QM,2071,14,-11158
cash_sectors,QM,2080,14,-12245
cash_sectors,QM,2083,14,-12320
cash_sectors,QM,2084,14,-12345
cash_sectors,QM,2086,14,-12395
cash_sectors,SE,2078,14,-7778
cash_sectors,SE,2079,14,-7788
cash_sectors,SE,2080,14,-7797
cash_sectors,TH,2075,14,-17029
cash_sectors,TH,2076,14,-17780
cash_sectors,TH,2081,14,-21362
cash_sectors,TH,2082,14,-22077
cash_sectors,TH,2085,14,-23050
cash_sectors,TH,2086,14,-21803
cash_sectors,TH,2087,14,-20676
cash_sectors,TH,2100,14,-25018
cash_sectors,TW,2094,14,-3873
cash_sectors,US,2036,14,-147787
cash_sectors,US,2037,14,-158238
cash_sectors,AU,2057,13,-8128
cash_sectors,AU,2058,13,-8374
cash_sectors,CA,2083,13,-11071
cash_sectors,CA,2088,13,-4772
cash_sectors,CA,2089,13,-3970
cash_sectors,CI,2076,13,-4687
cash_sectors,CI,2077,13,-4696
cash_sectors,CI,2078,13,-4699
cash_sectors,DK,2071,13,-11626
cash_sectors,DK,2072,13,-11578
cash_sectors,DK,2073,13,-11528
cash_sectors,DK,2077,13,-11339
cash_sectors,DK,2079,13,-11247
cash_sectors,DK,2080,13,-11201
cash_sectors,DK,2081,13,-11118
cash_sectors,ET,2091,13,-16102
cash_sectors,ET,2092,13,-15393
cash_sectors,ET,2093,13,-14360
cash_sectors,ET,2094,13,-13142
cash_sectors,GB,2067,13,-5498
cash_sectors,GB,2068,13,-5516
cash_sectors,GB,2070,13,-5551
cash_sectors,GB,2078,13,-5695
cash_sectors,GB,2085,13,-5690
cash_sectors,GB,2094,13,-5601
cash_sectors,IR,2042,13,-1886
cash_sectors,IR,2043,13,-1959
cash_sectors,KE,2096,13,-13605
cash_sectors,KE,2098,13,-24361
cash_sectors,KE,2099,13,-38342
cash_sectors,KE,2100,13,-39279
cash_sectors,MA,2081,13,-6686
cash_sectors,MA,2082,13,-6512
cash_sectors,MA,2083,13,-6346
cash_sectors,MA,2084,13,-6189
cash_sectors,MA,2086,13,-6150
cash_sectors,MA,2087,13,-5800
cash_sectors,ML,2074,13,-4622
cash_sectors,ML,2076,13,-4865
cash_sectors,NE,2095,13,-7414
cash_sectors,NG,2075,13,-31744
cash_sectors,NG,2076,13,-31241
cash_sectors,NG,2077,13,-30731
cash_sectors,NL,2059,13,-12948
cash_sectors,NL,2060,13,-12941
cash_sectors,NL,2076,13,-22177
cash_sectors,NL,2077,13,-23612
cash_sectors,NL,2078,13,-25024
cash_sectors,NO,2068,13,-3759
cash_sectors,NO,2069,13,-3741
cash_sectors,NO,2071,13,-3705
cash_sectors,NO,2072,13,-3688
cash_sectors,NO,2073,13,-3670
cash_sectors,NO,2077,13,-3601
cash_sectors,NO,2078,13,-3584
cash_sectors,NO,2079,13,-3566
cash_sectors,NO,2081,13,-4676
cash_sectors,NO,2083,13,-3573
cash_sectors,NZ,2069,13,-3032
cash_sectors,NZ,2071,13,-3063
cash_sectors,NZ,2072,13,-3304
cash_sectors,NZ,2073,13,-3240
cash_sectors,NZ,2074,13,-3166
cash_sectors,NZ,2081,13,-6590
cash_sectors,NZ,2082,13,-5664
cash_sectors,OA,2033,13,-1662
cash_sectors,OC,2048,13,-8111
cash_sectors,OC,2049,13,-8414
cash_sectors,OH,2044,13,-645
cash_sectors,OJ,2089,13,-3342
cash_sectors,OJ,2090,13,-3408
cash_sectors,OJ,2091,13,-3477
cash_sectors,OJ,2096,13,-5755
cash_sectors,PH,2094,13,-12630
cash_sectors,QM,2055,13,-9441
cash_sectors,QM,2056,13,-9545
cash_sectors,QM,2085,13,-12370
cash_sectors,SE,2066,13,-7677
cash_sectors,SE,2067,13,-7685
cash_sectors,SE,2068,13,-7693
cash_sectors,SE,2069,13,-7700
cash_sectors,SE,2070,13,-7708
cash_sectors,SE,2071,13,-7716
cash_sectors,SE,2072,13,-7725
cash_sectors,SE,2073,13,-7734
cash_sectors,SE,2074,13,-7741
cash_sectors,SE,2075,13,-7750
cash_sectors,SE,2076,13,-7760
cash_sectors,SE,2077,13,-7770
cash_sectors,TH,2074,13,-16290
cash_sectors,TH,2077,13,-18511
cash_sectors,TH,2078,13,-19220
cash_sectors,TH,2079,13,-19907
cash_sectors,TH,2080,13,-20568
cash_sectors,TH,2083,13,-22715
cash_sectors,TH,2084,13,-23276
cash_sectors,TW,2093,13,-5312
cash_sectors,TW,2098,13,-2748
cash_sectors,TW,2099,13,-3356
cash_sectors,TW,2100,13,-2766
cash_sectors,US,2028,13,-65700
cash_sectors,US,2029,13,-75195
cash_sectors,US,2030,13,-84933
cash_sectors,US,2031,13,-95482
cash_sectors,US,2032,13,-106027
cash_sectors,US,2033,13,-116513
cash_sectors,US,2034,13,-126928
cash_sectors,US,2035,13,-137360
cash_sectors,ZA,2086,13,-7577
cash_sectors,AE,2097,12,-1720
cash_sectors,AU,2050,12,-6271
cash_sectors,AU,2051,12,-6555
cash_sectors,AU,2052,12,-6832
cash_sectors,AU,2053,12,-7102
cash_sectors,AU,2054,12,-7366
cash_sectors,AU,2055,12,-7626
cash_sectors,AU,2056,12,-7879
cash_sectors,CA,2078,12,-12140
cash_sectors,CA,2080,12,-11166
cash_sectors,CA,2081,12,-10029
cash_sectors,CA,2082,12,-8968
cash_sectors,CA,2090,12,-9710
cash_sectors,CA,2091,12,-20057
cash_sectors,CA,2092,12,-29682
cash_sectors,CI,2073,12,-3519
cash_sectors,CI,2074,12,-3830
cash_sectors,CI,2075,12,-4673
cash_sectors,DE,2040,12,-4395
cash_sectors,DK,2053,12,-12504
cash_sectors,DK,2054,12,-12458
cash_sectors,DK,2055,12,-12413
cash_sectors,DK,2056,12,-12366
cash_sectors,DK,2057,12,-12318
cash_sectors,DK,2058,12,-12270
cash_sectors,DK,2059,12,-12223
cash_sectors,DK,2060,12,-12173
cash_sectors,DK,2061,12,-12125
cash_sectors,DK,2062,12,-12075
cash_sectors,DK,2063,12,-12025
cash_sectors,DK,2064,12,-11976
cash_sectors,DK,2065,12,-11925
cash_sectors,DK,2066,12,-11876
cash_sectors,DK,2067,12,-11825
cash_sectors,DK,2068,12,-11776
cash_sectors,DK,2069,12,-11725
cash_sectors,DK,2070,12,-11675
cash_sectors,EG,2090,12,-3422
cash_sectors,EG,2091,12,-5067
cash_sectors,EG,2092,12,-8647
cash_sectors,EG,2093,12,-12344
cash_sectors,EG,2096,12,-10445
cash_sectors,EG,2098,12,-23655
cash_sectors,EG,2099,12,-38419
cash_sectors,ES,2041,12,-3621
cash_sectors,ES,2042,12,-3664
cash_sectors,ES,2043,12,-3708
cash_sectors,ES,2044,12,-3752
cash_sectors,ES,2045,12,-3798
cash_sectors,ET,2090,12,-17141
cash_sectors,GB,2057,12,-5321
cash_sectors,GB,2058,12,-5339
cash_sectors,GB,2059,12,-5357
cash_sectors,GB,2060,12,-5375
cash_sectors,GB,2061,12,-5392
cash_sectors,GB,2062,12,-5411
cash_sectors,GB,2063,12,-5428
cash_sectors,GB,2064,12,-5447
cash_sectors,GB,2065,12,-5463
cash_sectors,GB,2066,12,-5482
cash_sectors,GB,2069,12,-5533
cash_sectors,GB,2071,12,-5568
cash_sectors,GB,2072,12,-5586
cash_sectors,GB,2073,12,-5604
cash_sectors,GB,2074,12,-5621
cash_sectors,GB,2075,12,-5639
cash_sectors,GB,2076,12,-5657
cash_sectors,GB,2077,12,-5676
cash_sectors,GB,2079,12,-5712
cash_sectors,GB,2080,12,-6011
cash_sectors,GB,2081,12,-5723
cash_sectors,GB,2083,12,-5707
cash_sectors,GB,2084,12,-5698
cash_sectors,IR,2040,12,-1751
cash_sectors,IR,2041,12,-1816
cash_sectors,KE,2095,12,-14714
cash_sectors,KE,2097,12,-12585
cash_sectors,MA,2078,12,-5772
cash_sectors,MA,2079,12,-6276
cash_sectors,MA,2080,12,-6816
cash_sectors,MA,2085,12,-6041
cash_sectors,ML,2073,12,-4494
cash_sectors,ML,2075,12,-4743
cash_sectors,NG,2074,12,-32245
cash_sectors,NL,2058,12,-12954
cash_sectors,NZ,2063,12,-2941
cash_sectors,NZ,2064,12,-2957
cash_sectors,NZ,2065,12,-2971
cash_sectors,NZ,2066,12,-2987
cash_sectors,NZ,2067,12,-3003
cash_sectors,NZ,2068,12,-3017
cash_sectors,OA,2031,12,-1495
cash_sectors,OA,2032,12,-1579
cash_sectors,OC,2046,12,-7510
cash_sectors,OC,2047,12,-7810
cash_sectors,OH,2043,12,-166
cash_sectors,OJ,2092,12,-5152
cash_sectors,OJ,2093,12,-4582
cash_sectors,OJ,2094,12,-3946
cash_sectors,OJ,2095,12,-4874
cash_sectors,PH,2092,12,-9649
cash_sectors,PH,2093,12,-8324
cash_sectors,PH,2096,12,-22438
cash_sectors,PK,2098,12,-2332
cash_sectors,QM,2048,12,-8338
cash_sectors,QM,2049,12,-8630
cash_sectors,QM,2050,12,-8925
cash_sectors,QM,2051,12,-9028
cash_sectors,QM,2052,12,-9131
cash_sectors,QM,2053,12,-9234
cash_sectors,QM,2054,12,-9337
cash_sectors,RU,2099,12,-40202
cash_sectors,SE,2047,12,-7356
cash_sectors,SE,2048,12,-7409
cash_sectors,SE,2049,12,-7464
cash_sectors,SE,2050,12,-7520
cash_sectors,SE,2051,12,-7533
cash_sectors,SE,2052,12,-7545
cash_sectors,SE,2053,12,-7557
cash_sectors,SE,2054,12,-7567
cash_sectors,SE,2055,12,-7578
cash_sectors,SE,2056,12,-7589
cash_sectors,SE,2057,12,-7599
cash_sectors,SE,2058,12,-7608
cash_sectors,SE,2059,12,-7617
cash_sectors,SE,2060,12,-7627
cash_sectors,SE,2061,12,-7635
cash_sectors,SE,2062,12,-7644
cash_sectors,SE,2063,12,-7653
cash_sectors,SE,2064,12,-7661
cash_sectors,SE,2065,12,-7669
cash_sectors,TH,2035,12,-44652
cash_sectors,TH,2036,12,-44332
cash_sectors,TH,2037,12,-43926
cash_sectors,TH,2038,12,-43431
cash_sectors,TH,2039,12,-42842
cash_sectors,TH,2040,12,-42152
cash_sectors,TH,2041,12,-41356
cash_sectors,TH,2042,12,-40451
cash_sectors,TH,2043,12,-36390
cash_sectors,TH,2044,12,-31249
cash_sectors,TH,2045,12,-26582
cash_sectors,TH,2046,12,-24967
cash_sectors,TH,2047,12,-23711
cash_sectors,TH,2048,12,-22465
cash_sectors,TH,2049,12,-21227
cash_sectors,TH,2050,12,-17605
cash_sectors,TH,2051,12,-17453
cash_sectors,TH,2052,12,-17340
cash_sectors,TH,2053,12,-17256
cash_sectors,TH,2054,12,-17195
cash_sectors,TH,2055,12,-17149
cash_sectors,TH,2056,12,-17113
cash_sectors,TH,2057,12,-17083
cash_sectors,TH,2058,12,-17055
cash_sectors,TH,2059,12,-17026
cash_sectors,TH,2060,12,-16995
cash_sectors,TH,2061,12,-16960
cash_sectors,TH,2062,12,-16920
cash_sectors,TH,2063,12,-16872
cash_sectors,TH,2064,12,-16818
cash_sectors,TH,2065,12,-16758
cash_sectors,TH,2066,12,-16689
cash_sectors,TH,2067,12,-16614
cash_sectors,TH,2068,12,-16533
cash_sectors,TH,2069,12,-16444
cash_sectors,TH,2070,12,-16349
cash_sectors,TH,2071,12,-16219
cash_sectors,TH,2072,12,-16081
cash_sectors,TH,2073,12,-15933
cash_sectors,TH,2097,12,-20452
cash_sectors,TH,2098,12,-30855
cash_sectors,TH,2099,12,-27593
cash_sectors,TR,2091,12,-3191
cash_sectors,TR,2093,12,-3244
cash_sectors,TR,2096,12,-3603
cash_sectors,TR,2097,12,-10090
cash_sectors,TW,2078,12,-2776
cash_sectors,TW,2090,12,-2694
cash_sectors,TW,2091,12,-2700
cash_sectors,TW,2092,12,-3884
cash_sectors,US,2027,12,-56520
cash_sectors,VN,2092,12,-2625
cash_sectors,VN,2093,12,-2390
cash_sectors,VN,2097,12,-2495
cash_sectors,VN,2098,12,-2522
cash_sectors,ZA,2080,12,-7066
cash_sectors,ZA,2081,12,-7147
cash_sectors,ZA,2082,12,-7230
cash_sectors,ZA,2083,12,-7315
cash_sectors,ZA,2084,12,-7401
cash_sectors,ZA,2085,12,-7488
cash_sectors,AE,2091,11,-3204
cash_sectors,AE,2092,11,-2472
cash_sectors,AE,2098,11,-7712
cash_sectors,BD,2093,11,-2614
cash_sectors,BD,2098,11,-3258
cash_sectors,CA,2075,11,-4040
cash_sectors,CA,2076,11,-6258
cash_sectors,CA,2077,11,-9957
cash_sectors,CA,2079,11,-11658
cash_sectors,CD,2089,11,-4094
cash_sectors,CD,2096,11,-5001
cash_sectors,CD,2099,11,-38473
cash_sectors,CI,2071,11,-2457
cash_sectors,CI,2072,11,-3493
cash_sectors,DK,2048,11,-12557
cash_sectors,DK,2049,11,-12595
cash_sectors,DK,2050,11,-12635
cash_sectors,DK,2051,11,-12592
cash_sectors,DK,2052,11,-12548
cash_sectors,DZ,2099,11,-2606
cash_sectors,EG,2094,11,-9730
cash_sectors,EG,2095,11,-6843
cash_sectors,EG,2097,11,-17766
cash_sectors,ES,2040,11,-3579
cash_sectors,ET,2089,11,-18300
cash_sectors,GB,2050,11,-5187
cash_sectors,GB,2051,11,-5206
cash_sectors,GB,2052,11,-5226
cash_sectors,GB,2053,11,-5245
cash_sectors,GB,2054,11,-5265
cash_sectors,GB,2055,11,-5283
cash_sectors,GB,2056,11,-5302
cash_sectors,GB,2082,11,-5715
cash_sectors,ID,2097,11,-1977
cash_sectors,ID,2098,11,-3502
cash_sectors,IR,2039,11,-1688
cash_sectors,KR,2026,11,-997
cash_sectors,MA,2062,11,-3095
cash_sectors,MA,2063,11,-3096
cash_sectors,MA,2064,11,-3086
cash_sectors,MA,2065,11,-3064
cash_sectors,MA,2066,11,-3029
cash_sectors,MA,2067,11,-2978
cash_sectors,MA,2068,11,-2909
cash_sectors,MA,2069,11,-2823
cash_sectors,MA,2070,11,-2813
cash_sectors,MA,2071,11,-3006
cash_sectors,MA,2072,11,-3327
cash_sectors,MA,2073,11,-3676
cash_sectors,MA,2074,11,-4055
cash_sectors,MA,2075,11,-4467
cash_sectors,MA,2076,11,-4869
cash_sectors,MA,2077,11,-5304
cash_sectors,ML,2071,11,-4221
cash_sectors,ML,2072,11,-4360
cash_sectors,MM,2098,11,-2083
cash_sectors,NE,2092,11,-2892
cash_sectors,NE,2093,11,-2652
cash_sectors,NG,2072,11,-33228
cash_sectors,NG,2073,11,-32740
cash_sectors,NL,2032,11,-35013
cash_sectors,NL,2033,11,-28498
cash_sectors,NL,2034,11,-22740
cash_sectors,NL,2035,11,-17752
cash_sectors,NL,2036,11,-12727
cash_sectors,NL,2037,11,-11586
cash_sectors,NL,2038,11,-11678
cash_sectors,NL,2039,11,-11774
cash_sectors,NL,2043,11,-12176
cash_sectors,NL,2044,11,-12285
cash_sectors,NL,2045,11,-12396
cash_sectors,NL,2046,11,-12509
cash_sectors,NL,2047,11,-12626
cash_sectors,NL,2048,11,-12744
cash_sectors,NL,2049,11,-12864
cash_sectors,NL,2050,11,-12989
cash_sectors,NL,2051,11,-12986
cash_sectors,NL,2052,11,-12983
cash_sectors,NL,2053,11,-12979
cash_sectors,NL,2054,11,-12976
cash_sectors,NL,2055,11,-12971
cash_sectors,NL,2056,11,-12967
cash_sectors,NL,2057,11,-12961
cash_sectors,NO,2059,11,-3927
cash_sectors,NO,2060,11,-3908
cash_sectors,NO,2061,11,-3889
cash_sectors,NO,2062,11,-3870
cash_sectors,NO,2063,11,-3851
cash_sectors,NO,2064,11,-3833
cash_sectors,NO,2065,11,-3814
cash_sectors,NO,2066,11,-3796
cash_sectors,NO,2067,11,-3778
cash_sectors,NZ,2045,11,-2543
cash_sectors,NZ,2046,11,-2580
cash_sectors,NZ,2047,11,-2619
cash_sectors,NZ,2048,11,-2658
cash_sectors,NZ,2049,11,-2697
cash_sectors,NZ,2050,11,-2738
cash_sectors,NZ,2051,11,-2754
cash_sectors,NZ,2052,11,-2770
cash_sectors,NZ,2053,11,-2786
cash_sectors,NZ,2054,11,-2801
cash_sectors,NZ,2055,11,-2817
cash_sectors,NZ,2056,11,-2833
cash_sectors,NZ,2057,11,-2848
cash_sectors,NZ,2058,11,-2864
cash_sectors,NZ,2059,11,-2880
cash_sectors,NZ,2060,11,-2895
cash_sectors,NZ,2061,11,-2910
cash_sectors,NZ,2062,11,-2925
cash_sectors,OJ,2087,11,-3477
cash_sectors,OJ,2088,11,-3345
cash_sectors,PH,2089,11,-8791
cash_sectors,PH,2090,11,-11408
cash_sectors,PH,2091,11,-13418
cash_sectors,PH,2095,11,-17813
cash_sectors,QM,2046,11,-7757
cash_sectors,QM,2047,11,-8046
cash_sectors,SA,2093,11,-1776
cash_sectors,SA,2094,11,-2523
cash_sectors,SA,2095,11,-2977
cash_sectors,SD,2096,11,-2456
cash_sectors,SD,2097,11,-2528
cash_sectors,SD,2100,11,-34282
cash_sectors,TH,2026,11,-71717
cash_sectors,TH,2027,11,-71127
cash_sectors,TH,2028,11,-67206
cash_sectors,TH,2029,11,-63204
cash_sectors,TH,2030,11,-59168
cash_sectors,TH,2031,11,-55242
cash_sectors,TH,2032,11,-51331
cash_sectors,TH,2033,11,-47463
cash_sectors,TH,2034,11,-44906
cash_sectors,TR,2089,11,-3141
cash_sectors,TR,2090,11,-3166
cash_sectors,TR,2092,11,-3218
cash_sectors,TR,2094,11,-3270
cash_sectors,TW,2077,11,-3081
cash_sectors,TW,2095,11,-2983
cash_sectors,TW,2096,11,-6289
cash_sectors,US,2026,11,-38065
cash_sectors,VN,2091,11,-3404
cash_sectors,VN,2096,11,-2563
cash_sectors,ZA,2073,11,-6440
cash_sectors,ZA,2074,11,-6525
cash_sectors,ZA,2075,11,-6610
cash_sectors,ZA,2077,11,-6788
cash_sectors,ZA,2078,11,-6879
cash_sectors,ZA,2079,11,-6972
cash_sectors,AE,2089,10,-2062
cash_sectors,AE,2090,10,-2381
cash_sectors,AE,2093,10,-2329
cash_sectors,AE,2094,10,-4878
cash_sectors,AE,2096,10,-2263
cash_sectors,AU,2049,10,-4461
cash_sectors,BD,2090,10,-2098
cash_sectors,BD,2091,10,-2780
cash_sectors,BD,2092,10,-3539
cash_sectors,BD,2094,10,-2818
cash_sectors,BD,2097,10,-2068
cash_sectors,CA,2070,10,-3998
cash_sectors,CA,2071,10,-4006
cash_sectors,CA,2072,10,-4015
cash_sectors,CA,2073,10,-4023
cash_sectors,CA,2074,10,-4032
cash_sectors,CD,2026,10,-629
cash_sectors,CD,2027,10,-801
cash_sectors,CD,2028,10,-763
cash_sectors,CD,2029,10,-734
cash_sectors,CD,2080,10,-3197
cash_sectors,CD,2081,10,-3284
cash_sectors,CD,2084,10,-3563
cash_sectors,CD,2085,10,-3663
cash_sectors,CD,2086,10,-4639
cash_sectors,CD,2087,10,-4457
cash_sectors,CD,2088,10,-4015
cash_sectors,CD,2090,10,-4825
cash_sectors,CD,2091,10,-4332
cash_sectors,CD,2092,10,-4457
cash_sectors,CI,2068,10,-803
cash_sectors,CI,2069,10,-1563
cash_sectors,CI,2070,10,-2383
cash_sectors,CN,2098,10,-3349
cash_sectors,DE,2039,10,-4308
cash_sectors,DK,2044,10,-12418
cash_sectors,DK,2045,10,-12450
cash_sectors,DK,2046,10,-12484
cash_sectors,DK,2047,10,-12519
cash_sectors,DZ,2092,10,-3473
cash_sectors,DZ,2093,10,-5498
cash_sectors,DZ,2094,10,-4301
cash_sectors,DZ,2098,10,-2459
cash_sectors,EG,2088,10,-3337
cash_sectors,EG,2089,10,-3380
cash_sectors,ES,2033,10,-3260
cash_sectors,ES,2034,10,-3319
cash_sectors,ES,2035,10,-3377
cash_sectors,ES,2036,10,-3417
cash_sectors,ES,2037,10,-3456
cash_sectors,ES,2038,10,-3497
cash_sectors,ES,2039,10,-3538
cash_sectors,ET,2083,10,-11705
cash_sectors,ET,2084,10,-11177
cash_sectors,ET,2085,10,-10677
cash_sectors,ET,2086,10,-11260
cash_sectors,ET,2087,10,-14290
cash_sectors,ET,2088,10,-17327
cash_sectors,FR,2098,10,-10910
cash_sectors,FR,2100,10,-99190
cash_sectors,GB,2048,10,-5066
cash_sectors,GB,2049,10,-5125
cash_sectors,IN,2094,10,-3505
cash_sectors,IR,2034,10,-1425
cash_sectors,IR,2035,10,-1472
cash_sectors,IR,2036,10,-1522
cash_sectors,IR,2037,10,-1574
cash_sectors,IR,2038,10,-1628
cash_sectors,KE,2078,10,-5599
cash_sectors,KE,2079,10,-5920
cash_sectors,KE,2080,10,-6214
cash_sectors,KE,2081,10,-5988
cash_sectors,KE,2083,10,-5615
cash_sectors,KE,2084,10,-5472
cash_sectors,KE,2085,10,-5359
cash_sectors,KE,2086,10,-5109
cash_sectors,KE,2090,10,-4518
cash_sectors,KE,2091,10,-4706
cash_sectors,KE,2092,10,-5973
cash_sectors,KE,2093,10,-8403
cash_sectors,MA,2057,10,-2198
cash_sectors,MA,2058,10,-2374
cash_sectors,MA,2059,10,-2559
cash_sectors,MA,2060,10,-2753
cash_sectors,MA,2061,10,-2958
cash_sectors,MM,2091,10,-2159
cash_sectors,NE,2096,10,-11560
cash_sectors,NE,2100,10,-41589
cash_sectors,NG,2071,10,-33713
cash_sectors,NL,2027,10,-111067
cash_sectors,NL,2028,10,-92880
cash_sectors,NL,2029,10,-75774
cash_sectors,NL,2030,10,-59808
cash_sectors,NL,2031,10,-45266
cash_sectors,NL,2040,10,-11871
cash_sectors,NL,2041,10,-11969
cash_sectors,NL,2042,10,-12071
cash_sectors,NO,2043,10,-3936
cash_sectors,NO,2044,10,-3959
cash_sectors,NO,2045,10,-3982
cash_sectors,NO,2046,10,-4006
cash_sectors,NO,2047,10,-4030
cash_sectors,NO,2048,10,-4055
cash_sectors,NO,2049,10,-4080
cash_sectors,NO,2050,10,-4106
cash_sectors,NO,2051,10,-4085
cash_sectors,NO,2052,10,-4064
cash_sectors,NO,2053,10,-4044
cash_sectors,NO,2054,10,-4024
cash_sectors,NO,2055,10,-4004
cash_sectors,NO,2056,10,-3984
cash_sectors,NO,2057,10,-3965
cash_sectors,NO,2058,10,-3946
cash_sectors,NZ,2026,10,-1845
cash_sectors,NZ,2027,10,-1963
cash_sectors,NZ,2028,10,-1983
cash_sectors,NZ,2029,10,-2007
cash_sectors,NZ,2030,10,-2034
cash_sectors,NZ,2031,10,-2070
cash_sectors,NZ,2032,10,-2106
cash_sectors,NZ,2033,10,-2142
cash_sectors,NZ,2034,10,-2179
cash_sectors,NZ,2035,10,-2214
cash_sectors,NZ,2036,10,-2245
cash_sectors,NZ,2037,10,-2275
cash_sectors,NZ,2038,10,-2305
cash_sectors,NZ,2039,10,-2337
cash_sectors,NZ,2040,10,-2369
cash_sectors,NZ,2041,10,-2403
cash_sectors,NZ,2042,10,-2436
cash_sectors,NZ,2043,10,-2471
cash_sectors,NZ,2044,10,-2506
cash_sectors,OA,2030,10,-1413
cash_sectors,OC,2044,10,-6914
cash_sectors,OC,2045,10,-7211
cash_sectors,OH,2041,10,-81
cash_sectors,OH,2042,10,-93
cash_sectors,OJ,2080,10,-3107
cash_sectors,OJ,2081,10,-2865
cash_sectors,OJ,2082,10,-3281
cash_sectors,OJ,2086,10,-4001
cash_sectors,PH,2087,10,-4050
cash_sectors,PH,2088,10,-6339
cash_sectors,PH,2099,10,-58198
cash_sectors,PK,2094,10,-2447
cash_sectors,QM,2038,10,-5508
cash_sectors,QM,2039,10,-5784
cash_sectors,QM,2040,10,-6061
cash_sectors,QM,2041,10,-6337
cash_sectors,QM,2042,10,-6616
cash_sectors,QM,2043,10,-6897
cash_sectors,QM,2044,10,-7182
cash_sectors,QM,2045,10,-7469
cash_sectors,RU,2094,10,-50986
cash_sectors,RU,2095,10,-46823
cash_sectors,SA,2098,10,-2024
cash_sectors,SA,2099,10,-3319
cash_sectors,SE,2026,10,-6328
cash_sectors,SE,2027,10,-6575
cash_sectors,SE,2035,10,-6869
cash_sectors,SE,2036,10,-6898
cash_sectors,SE,2037,10,-6928
cash_sectors,SE,2038,10,-6961
cash_sectors,SE,2039,10,-6996
cash_sectors,SE,2040,10,-7033
cash_sectors,SE,2041,10,-7072
cash_sectors,SE,2042,10,-7114
cash_sectors,SE,2043,10,-7158
cash_sectors,SE,2044,10,-7205
cash_sectors,SE,2045,10,-7254
cash_sectors,SE,2046,10,-7304
cash_sectors,TR,2077,10,-2837
cash_sectors,TR,2078,10,-2863
cash_sectors,TR,2079,10,-2890
cash_sectors,TR,2080,10,-2917
cash_sectors,TR,2081,10,-2941
cash_sectors,TR,2082,10,-2966
cash_sectors,TR,2083,10,-2990
cash_sectors,TR,2086,10,-3065
cash_sectors,TR,2095,10,-3296
cash_sectors,TW,2071,10,-2643
cash_sectors,TW,2073,10,-2642
cash_sectors,TW,2075,10,-2643
cash_sectors,TW,2076,10,-3391
cash_sectors,TW,2079,10,-4702
cash_sectors,TW,2080,10,-5209
cash_sectors,TW,2081,10,-4365
cash_sectors,TW,2082,10,-3584
cash_sectors,TW,2083,10,-2867
cash_sectors,TW,2084,10,-5290
cash_sectors,TW,2087,10,-4141
cash_sectors,TW,2088,10,-4800
cash_sectors,TW,2089,10,-3953
cash_sectors,TW,2097,10,-5763
cash_sectors,VN,2088,10,-2273
cash_sectors,VN,2089,10,-2295
cash_sectors,VN,2090,10,-2551
cash_sectors,VN,2094,10,-4657
cash_sectors,VN,2095,10,-2772
cash_sectors,VN,2100,10,-27989
cash_sectors,ZA,2055,10,-5019
cash_sectors,ZA,2056,10,-5081
cash_sectors,ZA,2057,10,-5145
cash_sectors,ZA,2058,10,-5212
cash_sectors,ZA,2059,10,-5283
cash_sectors,ZA,2060,10,-5355
cash_sectors,ZA,2061,10,-5430
cash_sectors,ZA,2062,10,-5508
cash_sectors,ZA,2063,10,-5587
cash_sectors,ZA,2064,10,-5668
cash_sectors,ZA,2065,10,-5752
cash_sectors,ZA,2066,10,-5837
cash_sectors,ZA,2067,10,-5925
cash_sectors,ZA,2068,10,-6013
cash_sectors,ZA,2069,10,-6104
cash_sectors,ZA,2070,10,-6196
cash_sectors,ZA,2071,10,-6276
cash_sectors,ZA,2072,10,-6357
cash_sectors,ZA,2076,10,-6698
cash_sectors,AE,2077,9,-1739
cash_sectors,AE,2078,9,-3519
cash_sectors,AE,2095,9,-3133
cash_sectors,AE,2100,9,-42185
cash_sectors,AU,2029,9,-2384
cash_sectors,AU,2030,9,-2385
cash_sectors,AU,2031,9,-2658
cash_sectors,AU,2045,9,-2853
cash_sectors,AU,2046,9,-2903
cash_sectors,AU,2047,9,-3159
cash_sectors,AU,2048,9,-3706
cash_sectors,BD,2089,9,-2707
cash_sectors,BD,2095,9,-5296
cash_sectors,BD,2100,9,-4440
cash_sectors,CA,2062,9,-3923
cash_sectors,CA,2063,9,-3933
cash_sectors,CA,2064,9,-3942
cash_sectors,CA,2065,9,-3952
cash_sectors,CA,2066,9,-3961
cash_sectors,CA,2067,9,-3970
cash_sectors,CA,2068,9,-3980
cash_sectors,CA,2069,9,-3989
cash_sectors,CD,2078,9,-3017
cash_sectors,CD,2079,9,-3105
cash_sectors,CD,2082,9,-3375
cash_sectors,CD,2083,9,-3467
cash_sectors,CD,2093,9,-5941
cash_sectors,CD,2095,9,-4888
cash_sectors,CI,2067,9,-478
cash_sectors,CN,2084,9,-1617
cash_sectors,DE,2036,9,-4178
cash_sectors,DE,2037,9,-4198
cash_sectors,DE,2038,9,-4221
cash_sectors,DK,2038,9,-12287
cash_sectors,DK,2039,9,-12302
cash_sectors,DK,2040,9,-12319
cash_sectors,DK,2041,9,-12339
cash_sectors,DK,2042,9,-12362
cash_sectors,DK,2043,9,-12388
cash_sectors,DZ,2088,9,-2167
cash_sectors,DZ,2091,9,-2974
cash_sectors,EG,2087,9,-3295
cash_sectors,ES,2027,9,-2964
cash_sectors,ES,2028,9,-2998
cash_sectors,ES,2029,9,-3038
cash_sectors,ES,2030,9,-3082
cash_sectors,ES,2031,9,-3142
cash_sectors,ES,2032,9,-3201
cash_sectors,ET,2074,9,-7568
cash_sectors,ET,2075,9,-7711
cash_sectors,ET,2076,9,-7854
cash_sectors,ET,2077,9,-7988
cash_sectors,ET,2078,9,-8113
cash_sectors,ET,2079,9,-8413
cash_sectors,ET,2080,9,-10227
cash_sectors,ET,2081,9,-12250
cash_sectors,ET,2082,9,-12259
cash_sectors,FR,2085,9,-6847
cash_sectors,FR,2095,9,-5314
cash_sectors,FR,2096,9,-5350
cash_sectors,FR,2097,9,-7424
cash_sectors,FR,2099,9,-76918
cash_sectors,GB,2027,9,-3943
cash_sectors,GB,2028,9,-3979
cash_sectors,GB,2029,9,-4022
cash_sectors,GB,2030,9,-4072
cash_sectors,GB,2046,9,-4951
cash_sectors,GB,2047,9,-5008
cash_sectors,ID,2090,9,-2891
cash_sectors,IN,2091,9,-2014
cash_sectors,IN,2092,9,-2038
cash_sectors,IN,2093,9,-2879
cash_sectors,IN,2098,9,-2194
cash_sectors,IN,2099,9,-3622
cash_sectors,IR,2031,9,-1283
cash_sectors,IR,2032,9,-1332
cash_sectors,IR,2033,9,-1379
cash_sectors,KE,2076,9,-3875
cash_sectors,KE,2077,9,-5103
cash_sectors,KE,2082,9,-5788
cash_sectors,KE,2087,9,-4652
cash_sectors,KE,2088,9,-4252
cash_sectors,KE,2089,9,-4362
cash_sectors,KE,2094,9,-11968
cash_sectors,ML,2064,9,-1951
cash_sectors,ML,2065,9,-2244
cash_sectors,ML,2066,9,-2559
cash_sectors,ML,2067,9,-2897
cash_sectors,ML,2068,9,-3260
cash_sectors,ML,2069,9,-3652
cash_sectors,ML,2070,9,-4075
cash_sectors,MM,2089,9,-2394
cash_sectors,MM,2090,9,-2011
cash_sectors,MM,2093,9,-3669
cash_sectors,MM,2097,9,-1877
cash_sectors,NE,2077,9,-1727
cash_sectors,NE,2079,9,-2375
cash_sectors,NE,2080,9,-3375
cash_sectors,NE,2081,9,-3280
cash_sectors,NE,2082,9,-2909
cash_sectors,NE,2085,9,-1825
cash_sectors,NE,2086,9,-2519
cash_sectors,NE,2087,9,-4501
cash_sectors,NE,2088,9,-4891
cash_sectors,NE,2090,9,-4100
cash_sectors,NE,2091,9,-3383
cash_sectors,NG,2069,9,-33882
cash_sectors,NG,2070,9,-34190
cash_sectors,NL,2026,9,-129546
cash_sectors,NO,2040,9,-3871
cash_sectors,NO,2041,9,-3892
cash_sectors,NO,2042,9,-3914
cash_sectors,OA,2028,9,-1312
cash_sectors,OA,2029,9,-1358
cash_sectors,OC,2027,9,-2984
cash_sectors,OC,2041,9,-6035
cash_sectors,OC,2042,9,-6326
cash_sectors,OC,2043,9,-6618
cash_sectors,OH,2035,9,-36
cash_sectors,OH,2036,9,-37
cash_sectors,OH,2037,9,-39
cash_sectors,OH,2038,9,-49
cash_sectors,OH,2039,9,-59
cash_sectors,OH,2040,9,-70
cash_sectors,OJ,2083,9,-4695
cash_sectors,OJ,2084,9,-5118
cash_sectors,OJ,2085,9,-4549
cash_sectors,PK,2093,9,-3175
cash_sectors,PK,2097,9,-1585
cash_sectors,RU,2090,9,-68886
cash_sectors,RU,2091,9,-69254
cash_sectors,RU,2093,9,-56598
cash_sectors,RU,2096,9,-43540
cash_sectors,RU,2097,9,-35404
cash_sectors,RU,2098,9,-32209
cash_sectors,RW,2089,9,-1067
cash_sectors,RW,2090,9,-2652
cash_sectors,RW,2091,9,-1945
cash_sectors,RW,2096,9,-744
cash_sectors,SA,2092,9,-3636
cash_sectors,SA,2096,9,-3497
cash_sectors,SD,2084,9,-2448
cash_sectors,SD,2095,9,-2534
cash_sectors,SD,2098,9,-5245
cash_sectors,SE,2028,9,-6578
cash_sectors,SE,2029,9,-6591
cash_sectors,SE,2030,9,-6613
cash_sectors,SE,2031,9,-6663
cash_sectors,SE,2032,9,-6713
cash_sectors,SE,2033,9,-6765
cash_sectors,SE,2034,9,-6815
cash_sectors,TR,2047,9,-2032
cash_sectors,TR,2048,9,-2098
cash_sectors,TR,2049,9,-2165
cash_sectors,TR,2050,9,-2232
cash_sectors,TR,2051,9,-2250
cash_sectors,TR,2052,9,-2268
cash_sectors,TR,2053,9,-2288
cash_sectors,TR,2054,9,-2308
cash_sectors,TR,2055,9,-2327
cash_sectors,TR,2056,9,-2348
cash_sectors,TR,2057,9,-2368
cash_sectors,TR,2058,9,-2390
cash_sectors,TR,2059,9,-2411
cash_sectors,TR,2060,9,-2432
cash_sectors,TR,2061,9,-2454
cash_sectors,TR,2062,9,-2477
cash_sectors,TR,2063,9,-2498
cash_sectors,TR,2064,9,-2521
cash_sectors,TR,2065,9,-2544
cash_sectors,TR,2066,9,-2567
cash_sectors,TR,2067,9,-2589
cash_sectors,TR,2068,9,-2613
cash_sectors,TR,2069,9,-2636
cash_sectors,TR,2070,9,-2660
cash_sectors,TR,2071,9,-2684
cash_sectors,TR,2072,9,-2709
cash_sectors,TR,2073,9,-2733
cash_sectors,TR,2074,9,-2759
cash_sectors,TR,2075,9,-2784
cash_sectors,TR,2076,9,-2810
cash_sectors,TR,2084,9,-3015
cash_sectors,TR,2085,9,-3041
cash_sectors,TR,2087,9,-3090
cash_sectors,TR,2088,9,-3115
cash_sectors,TW,2069,9,-2645
cash_sectors,TW,2070,9,-2644
cash_sectors,TW,2072,9,-2642
cash_sectors,TW,2074,9,-2642
cash_sectors,TW,2085,9,-7020
cash_sectors,TW,2086,9,-5509
cash_sectors,VN,2087,9,-3183
cash_sectors,ZA,2050,9,-4765
cash_sectors,ZA,2051,9,-4808
cash_sectors,ZA,2052,9,-4855
cash_sectors,ZA,2053,9,-4906
cash_sectors,ZA,2054,9,-4960
cash_sectors,AE,2074,8,-1903
cash_sectors,AE,2075,8,-1844
cash_sectors,AE,2076,8,-1726
cash_sectors,AE,2081,8,-2539
cash_sectors,AE,2082,8,-2989
cash_sectors,AE,2087,8,-3953
cash_sectors,AE,2088,8,-2963
cash_sectors,AU,2026,8,-2286
cash_sectors,AU,2027,8,-2385
cash_sectors,AU,2028,8,-2383
cash_sectors,AU,2032,8,-2400
cash_sectors,AU,2033,8,-2406
cash_sectors,AU,2034,8,-2409
cash_sectors,AU,2035,8,-2411
cash_sectors,AU,2036,8,-2452
cash_sectors,AU,2037,8,-2493
cash_sectors,AU,2038,8,-2535
cash_sectors,AU,2039,8,-2578
cash_sectors,AU,2040,8,-2621
cash_sectors,AU,2041,8,-2665
cash_sectors,AU,2042,8,-2711
cash_sectors,AU,2043,8,-2757
cash_sectors,AU,2044,8,-2804
cash_sectors,BD,2088,8,-3953
cash_sectors,BD,2096,8,-4852
cash_sectors,CA,2033,8,-2946
cash_sectors,CA,2034,8,-2980
cash_sectors,CA,2035,8,-3014
cash_sectors,CA,2036,8,-3058
cash_sectors,CA,2050,8,-3796
cash_sectors,CA,2051,8,-3807
cash_sectors,CA,2052,8,-3818
cash_sectors,CA,2053,8,-3828
cash_sectors,CA,2054,8,-3839
cash_sectors,CA,2055,8,-3849
cash_sectors,CA,2056,8,-3860
cash_sectors,CA,2057,8,-3871
cash_sectors,CA,2058,8,-3882
cash_sectors,CA,2059,8,-3892
cash_sectors,CA,2060,8,-3902
cash_sectors,CA,2061,8,-3912
cash_sectors,CD,2030,8,-712
cash_sectors,CD,2031,8,-709
cash_sectors,CD,2032,8,-707
cash_sectors,CD,2033,8,-705
cash_sectors,CD,2034,8,-703
cash_sectors,CD,2035,8,-702
cash_sectors,CD,2036,8,-704
cash_sectors,CD,2066,8,-2153
cash_sectors,CD,2067,8,-2213
cash_sectors,CD,2068,8,-2277
cash_sectors,CD,2069,8,-2342
cash_sectors,CD,2070,8,-2410
cash_sectors,CD,2071,8,-2477
cash_sectors,CD,2072,8,-2546
cash_sectors,CD,2073,8,-2618
cash_sectors,CD,2074,8,-2691
cash_sectors,CD,2075,8,-2768
cash_sectors,CD,2076,8,-2848
cash_sectors,CD,2077,8,-2931
cash_sectors,CD,2094,8,-4775
cash_sectors,CI,2062,8,-190
cash_sectors,CI,2063,8,-192
cash_sectors,CI,2064,8,-249
cash_sectors,CI,2065,8,-329
cash_sectors,CI,2066,8,-406
cash_sectors,CN,2079,8,-1860
cash_sectors,CN,2080,8,-1914
cash_sectors,CN,2081,8,-1745
cash_sectors,CN,2082,8,-1777
cash_sectors,CN,2083,8,-1429
cash_sectors,CN,2085,8,-4401
cash_sectors,CN,2091,8,-1343
cash_sectors,CN,2097,8,-2286
cash_sectors,CN,2099,8,-2917
cash_sectors,CN,2100,8,-1148
cash_sectors,DE,2026,8,-3719
cash_sectors,DE,2027,8,-3878
cash_sectors,DE,2028,8,-3893
cash_sectors,DE,2029,8,-3914
cash_sectors,DE,2030,8,-3942
cash_sectors,DE,2031,8,-3984
cash_sectors,DE,2032,8,-4026
cash_sectors,DE,2033,8,-4070
cash_sectors,DE,2034,8,-4113
cash_sectors,DE,2035,8,-4158
cash_sectors,DK,2030,8,-11790
cash_sectors,DK,2031,8,-11884
cash_sectors,DK,2032,8,-11979
cash_sectors,DK,2033,8,-12075
cash_sectors,DK,2034,8,-12168
cash_sectors,DK,2035,8,-12262
cash_sectors,DK,2036,8,-12268
cash_sectors,DK,2037,8,-12277
cash_sectors,DZ,2087,8,-3018
cash_sectors,DZ,2090,8,-3104
cash_sectors,DZ,2095,8,-3373
cash_sectors,DZ,2096,8,-5222
cash_sectors,EG,2086,8,-3752
cash_sectors,ES,2026,8,-2772
cash_sectors,ET,2067,8,-5290
cash_sectors,ET,2068,8,-5605
cash_sectors,ET,2069,8,-5806
cash_sectors,ET,2070,8,-6008
cash_sectors,ET,2071,8,-7089
cash_sectors,ET,2072,8,-7258
cash_sectors,ET,2073,8,-7417
cash_sectors,FR,2081,8,-4613
cash_sectors,FR,2082,8,-7108
cash_sectors,FR,2083,8,-7010
cash_sectors,FR,2084,8,-6922
cash_sectors,FR,2086,8,-6782
cash_sectors,FR,2087,8,-6728
cash_sectors,FR,2088,8,-6683
cash_sectors,FR,2089,8,-6649
cash_sectors,FR,2090,8,-6623
cash_sectors,FR,2091,8,-5168
cash_sectors,FR,2092,8,-5205
cash_sectors,GB,2026,8,-3732
cash_sectors,GB,2031,8,-4138
cash_sectors,GB,2032,8,-4206
cash_sectors,GB,2033,8,-4274
cash_sectors,GB,2034,8,-4341
cash_sectors,GB,2035,8,-4411
cash_sectors,GB,2036,8,-4455
cash_sectors,GB,2037,8,-4498
cash_sectors,GB,2038,8,-4543
cash_sectors,GB,2039,8,-4590
cash_sectors,GB,2040,8,-4637
cash_sectors,GB,2041,8,-4686
cash_sectors,GB,2042,8,-4735
cash_sectors,GB,2043,8,-4787
cash_sectors,GB,2044,8,-4841
cash_sectors,GB,2045,8,-4895
cash_sectors,ID,2088,8,-3902
cash_sectors,ID,2089,8,-3317
cash_sectors,ID,2091,8,-2515
cash_sectors,ID,2092,8,-3090
cash_sectors,ID,2093,8,-2245
cash_sectors,ID,2094,8,-2083
cash_sectors,ID,2095,8,-4515
cash_sectors,ID,2100,8,-73790
cash_sectors,IN,2090,8,-2644
cash_sectors,IN,2095,8,-3816
cash_sectors,IN,2096,8,-2140
cash_sectors,IN,2100,8,-60387
cash_sectors,IR,2027,8,-1193
cash_sectors,IR,2028,8,-1198
cash_sectors,IR,2029,8,-1212
cash_sectors,IR,2030,8,-1235
cash_sectors,KE,2075,8,-2783
cash_sectors,MA,2047,8,-1134
cash_sectors,MA,2048,8,-1179
cash_sectors,MA,2051,8,-1303
cash_sectors,MA,2052,8,-1431
cash_sectors,MA,2053,8,-1571
cash_sectors,MA,2054,8,-1717
cash_sectors,MA,2055,8,-1870
cash_sectors,MA,2056,8,-2030
cash_sectors,ML,2056,8,-758
cash_sectors,ML,2057,8,-810
cash_sectors,ML,2058,8,-855
cash_sectors,ML,2059,8,-890
cash_sectors,ML,2060,8,-946
cash_sectors,ML,2061,8,-1175
cash_sectors,ML,2062,8,-1418
cash_sectors,ML,2063,8,-1675
cash_sectors,MM,2088,8,-2643
cash_sectors,MM,2092,8,-3257
cash_sectors,MM,2094,8,-2574
cash_sectors,MM,2100,8,-528
cash_sectors,NE,2075,8,-1519
cash_sectors,NE,2076,8,-1626
cash_sectors,NE,2078,8,-1820
cash_sectors,NE,2083,8,-2542
cash_sectors,NE,2084,8,-2180
cash_sectors,NE,2089,8,-4715
cash_sectors,NE,2097,8,-23346
cash_sectors,NE,2098,8,-30653
cash_sectors,NE,2099,8,-42920
cash_sectors,NG,2065,8,-33040
cash_sectors,NG,2066,8,-33190
cash_sectors,NG,2067,8,-33381
cash_sectors,NG,2068,8,-33612
cash_sectors,NO,2036,8,-3793
cash_sectors,NO,2037,8,-3812
cash_sectors,NO,2038,8,-3831
cash_sectors,NO,2039,8,-3851
cash_sectors,OA,2027,8,-1279
cash_sectors,OC,2026,8,-2819
cash_sectors,OC,2028,8,-3006
cash_sectors,OC,2029,8,-3033
cash_sectors,OC,2030,8,-3063
cash_sectors,OC,2031,8,-3134
cash_sectors,OC,2032,8,-3435
cash_sectors,OC,2033,8,-3731
cash_sectors,OC,2034,8,-4020
cash_sectors,OC,2035,8,-4307
cash_sectors,OC,2036,8,-4595
cash_sectors,OC,2037,8,-4881
cash_sectors,OC,2038,8,-5168
cash_sectors,OC,2039,8,-5457
cash_sectors,OC,2040,8,-5745
cash_sectors,OH,2034,8,-35
cash_sectors,OJ,2071,8,-2786
cash_sectors,OJ,2072,8,-3611
cash_sectors,OJ,2073,8,-4057
cash_sectors,OJ,2074,8,-4192
cash_sectors,OJ,2075,8,-4315
cash_sectors,OJ,2076,8,-4439
cash_sectors,OJ,2077,8,-4549
cash_sectors,OJ,2078,8,-4196
cash_sectors,OJ,2079,8,-3680
cash_sectors,PH,2084,8,-1435
cash_sectors,PH,2086,8,-4168
cash_sectors,PK,2091,8,-2114
cash_sectors,PK,2092,8,-3536
cash_sectors,PK,2096,8,-3502
cash_sectors,PK,2099,8,-931
cash_sectors,QM,2026,8,-1732
cash_sectors,QM,2027,8,-2427
cash_sectors,QM,2028,8,-2644
cash_sectors,QM,2029,8,-2883
cash_sectors,QM,2030,8,-3139
cash_sectors,QM,2031,8,-3442
cash_sectors,QM,2032,8,-3749
cash_sectors,QM,2033,8,-4058
cash_sectors,QM,2034,8,-4369
cash_sectors,QM,2035,8,-4687
cash_sectors,QM,2036,8,-4962
cash_sectors,QM,2037,8,-5235
cash_sectors,RU,2082,8,-64225
cash_sectors,RU,2083,8,-63820
cash_sectors,RU,2086,8,-61598
cash_sectors,RU,2087,8,-62768
cash_sectors,RU,2089,8,-67682
cash_sectors,RU,2092,8,-63029
cash_sectors,RU,2100,8,-54487
cash_sectors,RW,2088,8,-1405
cash_sectors,RW,2092,8,-1557
cash_sectors,RW,2098,8,-12530
cash_sectors,RW,2100,8,-50830
cash_sectors,SA,2075,8,-1113
cash_sectors,SA,2076,8,-3098
cash_sectors,SA,2077,8,-2872
cash_sectors,SA,2080,8,-2130
cash_sectors,SA,2081,8,-5113
cash_sectors,SA,2082,8,-4505
cash_sectors,SA,2083,8,-3467
cash_sectors,SA,2086,8,-802
cash_sectors,SA,2097,8,-4323
cash_sectors,SA,2100,8,-25255
cash_sectors,SD,2073,8,-2040
cash_sectors,SD,2074,8,-2377
cash_sectors,SD,2075,8,-2591
cash_sectors,SD,2076,8,-2810
cash_sectors,SD,2077,8,-3021
cash_sectors,SD,2078,8,-3222
cash_sectors,SD,2079,8,-3413
cash_sectors,SD,2080,8,-3592
cash_sectors,SD,2081,8,-3312
cash_sectors,SD,2082,8,-3027
cash_sectors,SD,2083,8,-2739
cash_sectors,SD,2085,8,-3170
cash_sectors,SD,2086,8,-4457
cash_sectors,SD,2087,8,-3822
cash_sectors,SD,2090,8,-2071
cash_sectors,SD,2094,8,-4220
cash_sectors,TR,2045,8,-1897
cash_sectors,TR,2046,8,-1964
cash_sectors,VN,2084,8,-2190
cash_sectors,VN,2086,8,-4305
cash_sectors,ZA,2026,8,-1419
cash_sectors,ZA,2027,8,-1709
cash_sectors,ZA,2028,8,-1737
cash_sectors,ZA,2029,8,-1779
cash_sectors,ZA,2030,8,-1831
cash_sectors,ZA,2031,8,-1912
cash_sectors,ZA,2032,8,-1995
cash_sectors,ZA,2033,8,-2082
cash_sectors,ZA,2034,8,-2167
cash_sectors,ZA,2035,8,-2258
cash_sectors,ZA,2036,8,-2358
cash_sectors,ZA,2037,8,-2465
cash_sectors,ZA,2038,8,-2580
cash_sectors,ZA,2039,8,-2703
cash_sectors,ZA,2040,8,-2835
cash_sectors,ZA,2041,8,-2976
cash_sectors,ZA,2042,8,-3127
cash_sectors,ZA,2043,8,-3288
cash_sectors,ZA,2044,8,-3462
cash_sectors,ZA,2045,8,-3647
cash_sectors,ZA,2046,8,-3844
cash_sectors,ZA,2047,8,-4054
cash_sectors,ZA,2048,8,-4276
cash_sectors,ZA,2049,8,-4513
cash_sectors,AE,2072,7,-913
cash_sectors,AE,2073,7,-920
cash_sectors,AE,2079,7,-3283
cash_sectors,AE,2080,7,-3043
cash_sectors,AE,2083,7,-5797
cash_sectors,AE,2084,7,-4841
cash_sectors,AE,2086,7,-3007
cash_sectors,BD,2087,7,-5319
cash_sectors,BR,2025,7,-5115
cash_sectors,CA,2026,7,-2642
cash_sectors,CA,2027,7,-2777
cash_sectors,CA,2028,7,-2794
cash_sectors,CA,2029,7,-2816
cash_sectors,CA,2030,7,-2841
cash_sectors,CA,2031,7,-2876
cash_sectors,CA,2032,7,-2911
cash_sectors,CA,2037,7,-3103
cash_sectors,CA,2038,7,-3149
cash_sectors,CA,2039,7,-3196
cash_sectors,CA,2040,7,-3244
cash_sectors,CA,2041,7,-3293
cash_sectors,CA,2042,7,-3343
cash_sectors,CA,2043,7,-3395
cash_sectors,CA,2044,7,-3449
cash_sectors,CA,2045,7,-3503
cash_sectors,CA,2046,7,-3559
cash_sectors,CA,2047,7,-3616
cash_sectors,CA,2048,7,-3674
cash_sectors,CA,2049,7,-3735
cash_sectors,CD,2037,7,-708
cash_sectors,CD,2038,7,-718
cash_sectors,CD,2039,7,-733
cash_sectors,CD,2065,7,-2094
cash_sectors,CI,2050,7,-160
cash_sectors,CI,2051,7,-162
cash_sectors,CI,2052,7,-164
cash_sectors,CI,2053,7,-166
cash_sectors,CI,2054,7,-169
cash_sectors,CI,2055,7,-171
cash_sectors,CI,2056,7,-173
cash_sectors,CI,2057,7,-175
cash_sectors,CI,2058,7,-178
cash_sectors,CI,2059,7,-181
cash_sectors,CI,2060,7,-184
cash_sectors,CI,2061,7,-186
cash_sectors,CN,2074,7,-1496
cash_sectors,CN,2075,7,-1577
cash_sectors,CN,2076,7,-1657
cash_sectors,CN,2077,7,-1731
cash_sectors,CN,2078,7,-1800
cash_sectors,CN,2086,7,-3723
cash_sectors,CN,2087,7,-3089
cash_sectors,CN,2088,7,-2828
cash_sectors,CN,2089,7,-3335
cash_sectors,CN,2090,7,-2282
cash_sectors,CN,2092,7,-2811
cash_sectors,CN,2096,7,-1075
cash_sectors,DK,2026,7,-11280
cash_sectors,DK,2027,7,-11652
cash_sectors,DK,2028,7,-11685
cash_sectors,DK,2029,7,-11732
cash_sectors,DZ,2086,7,-3925
cash_sectors,DZ,2089,7,-3116
cash_sectors,DZ,2097,7,-4213
cash_sectors,EG,2076,7,-2819
cash_sectors,EG,2077,7,-2865
cash_sectors,EG,2078,7,-4130
cash_sectors,EG,2084,7,-3170
cash_sectors,EG,2085,7,-4614
cash_sectors,ET,2052,7,-459
cash_sectors,ET,2053,7,-674
cash_sectors,ET,2054,7,-900
cash_sectors,ET,2055,7,-1139
cash_sectors,ET,2056,7,-1389
cash_sectors,ET,2057,7,-1652
cash_sectors,ET,2058,7,-1930
cash_sectors,ET,2059,7,-2224
cash_sectors,ET,2060,7,-2534
cash_sectors,ET,2061,7,-2863
cash_sectors,ET,2062,7,-3208
cash_sectors,ET,2063,7,-3577
cash_sectors,ET,2064,7,-3966
cash_sectors,ET,2065,7,-4379
cash_sectors,ET,2066,7,-4820
cash_sectors,FR,2067,7,-4453
cash_sectors,FR,2068,7,-4465
cash_sectors,FR,2069,7,-4478
cash_sectors,FR,2070,7,-4490
cash_sectors,FR,2071,7,-4504
cash_sectors,FR,2072,7,-4517
cash_sectors,FR,2073,7,-4530
cash_sectors,FR,2074,7,-4542
cash_sectors,FR,2075,7,-4556
cash_sectors,FR,2076,7,-4569
cash_sectors,FR,2077,7,-4582
cash_sectors,FR,2078,7,-4596
cash_sectors,FR,2079,7,-4609
cash_sectors,FR,2080,7,-4622
cash_sectors,FR,2093,7,-5242
cash_sectors,FR,2094,7,-5278
cash_sectors,ID,2096,7,-3899
cash_sectors,ID,2099,7,-47733
cash_sectors,IN,2089,7,-4071
cash_sectors,IR,2026,7,-904
cash_sectors,KE,2072,7,-913
cash_sectors,KE,2073,7,-978
cash_sectors,KE,2074,7,-1808
cash_sectors,MA,2026,7,-461
cash_sectors,MA,2027,7,-605
cash_sectors,MA,2028,7,-603
cash_sectors,MA,2029,7,-608
cash_sectors,MA,2046,7,-1092
cash_sectors,MA,2049,7,-1329
cash_sectors,MA,2050,7,-1273
cash_sectors,ML,2054,7,-633
cash_sectors,ML,2055,7,-699
cash_sectors,MM,2087,7,-3563
cash_sectors,MM,2095,7,-4943
cash_sectors,MM,2096,7,-4568
cash_sectors,NE,2026,7,-47
cash_sectors,NE,2027,7,-59
cash_sectors,NE,2028,7,-56
cash_sectors,NE,2029,7,-54
cash_sectors,NE,2074,7,-1413
cash_sectors,NO,2026,7,-3558
cash_sectors,NO,2027,7,-3660
cash_sectors,NO,2028,7,-3652
cash_sectors,NO,2029,7,-3651
cash_sectors,NO,2030,7,-3656
cash_sectors,NO,2031,7,-3675
cash_sectors,NO,2032,7,-3697
cash_sectors,NO,2033,7,-3720
cash_sectors,NO,2034,7,-3746
cash_sectors,NO,2035,7,-3774
cash_sectors,OH,2032,7,-31
cash_sectors,OH,2033,7,-32
cash_sectors,OJ,2027,7,-606
cash_sectors,OJ,2028,7,-587
cash_sectors,OJ,2029,7,-574
cash_sectors,OJ,2030,7,-566
cash_sectors,OJ,2065,7,-2037
cash_sectors,OJ,2066,7,-2082
cash_sectors,OJ,2067,7,-2128
cash_sectors,OJ,2068,7,-2176
cash_sectors,OJ,2069,7,-2225
cash_sectors,OJ,2070,7,-2275
cash_sectors,PH,2026,7,-45982
cash_sectors,PH,2027,7,-46619
cash_sectors,PH,2028,7,-46777
cash_sectors,PH,2029,7,-46984
cash_sectors,PH,2030,7,-47231
cash_sectors,PH,2031,7,-47544
cash_sectors,PH,2032,7,-47876
cash_sectors,PH,2033,7,-48214
cash_sectors,PH,2034,7,-50324
cash_sectors,PH,2035,7,-53012
cash_sectors,PH,2036,7,-56035
cash_sectors,PH,2037,7,-55106
cash_sectors,PH,2038,7,-44396
cash_sectors,PH,2039,7,-33658
cash_sectors,PH,2040,7,-23021
cash_sectors,PH,2041,7,-12626
cash_sectors,PH,2042,7,-2637
cash_sectors,PH,2073,7,-570
cash_sectors,PH,2074,7,-1037
cash_sectors,PH,2075,7,-1934
cash_sectors,PH,2076,7,-2952
cash_sectors,PH,2077,7,-4026
cash_sectors,PH,2078,7,-5157
cash_sectors,PH,2079,7,-5553
cash_sectors,PH,2080,7,-5633
cash_sectors,PH,2081,7,-4854
cash_sectors,PH,2082,7,-4116
cash_sectors,PH,2083,7,-2309
cash_sectors,PH,2085,7,-3773
cash_sectors,PK,2087,7,-2608
cash_sectors,PK,2088,7,-2229
cash_sectors,PK,2089,7,-2231
cash_sectors,PK,2090,7,-1860
cash_sectors,PK,2095,7,-3786
cash_sectors,RU,2072,7,-68125
cash_sectors,RU,2073,7,-68680
cash_sectors,RU,2074,7,-69102
cash_sectors,RU,2077,7,-69392
cash_sectors,RU,2078,7,-69213
cash_sectors,RU,2079,7,-67557
cash_sectors,RU,2080,7,-64546
cash_sectors,RU,2081,7,-64467
cash_sectors,RU,2084,7,-63248
cash_sectors,RU,2085,7,-62507
cash_sectors,RU,2088,7,-65642
cash_sectors,RW,2081,7,-1455
cash_sectors,RW,2082,7,-905
cash_sectors,RW,2083,7,-497
cash_sectors,RW,2084,7,-1900
cash_sectors,RW,2086,7,-1790
cash_sectors,RW,2087,7,-1407
cash_sectors,RW,2093,7,-767
cash_sectors,RW,2094,7,-1671
cash_sectors,RW,2097,7,-1766
cash_sectors,RW,2099,7,-35919
cash_sectors,SA,2072,7,-747
cash_sectors,SA,2073,7,-622
cash_sectors,SA,2074,7,-484
cash_sectors,SA,2078,7,-2634
cash_sectors,SA,2079,7,-2387
cash_sectors,SA,2084,7,-2489
cash_sectors,SA,2085,7,-1575
cash_sectors,SA,2087,7,-5005
cash_sectors,SA,2088,7,-4584
cash_sectors,SA,2089,7,-2581
cash_sectors,SA,2090,7,-2592
cash_sectors,SA,2091,7,-5777
cash_sectors,SD,2027,7,-403
cash_sectors,SD,2071,7,-1262
cash_sectors,SD,2072,7,-1634
cash_sectors,SD,2088,7,-3200
cash_sectors,SD,2089,7,-2596
cash_sectors,SD,2091,7,-5376
cash_sectors,SD,2092,7,-4434
cash_sectors,SD,2093,7,-3036
cash_sectors,TW,2061,7,-2656
cash_sectors,TW,2062,7,-2655
cash_sectors,TW,2063,7,-2652
cash_sectors,TW,2064,7,-2652
cash_sectors,TW,2065,7,-2649
cash_sectors,TW,2066,7,-2648
cash_sectors,TW,2067,7,-2646
cash_sectors,TW,2068,7,-2646
cash_sectors,VN,2073,7,-1833
cash_sectors,VN,2074,7,-1872
cash_sectors,VN,2075,7,-1913
cash_sectors,VN,2076,7,-1952
cash_sectors,VN,2077,7,-2100
cash_sectors,VN,2078,7,-3448
cash_sectors,VN,2079,7,-4860
cash_sectors,VN,2080,7,-6327
cash_sectors,VN,2081,7,-5243
cash_sectors,VN,2082,7,-4231
cash_sectors,VN,2083,7,-3286
cash_sectors,VN,2085,7,-4022
cash_sectors,VN,2099,7,-15357
cash_sectors,AE,2068,6,-888
cash_sectors,AE,2069,6,-894
cash_sectors,AE,2070,6,-900
cash_sectors,AE,2071,6,-906
cash_sectors,AE,2085,6,-3890
cash_sectors,AE,2099,6,-37748
cash_sectors,BD,2076,6,-595
cash_sectors,BD,2077,6,-1976
cash_sectors,BD,2078,6,-3426
cash_sectors,BD,2079,6,-4950
cash_sectors,BD,2080,6,-6550
cash_sectors,BD,2081,6,-5882
cash_sectors,BD,2082,6,-4770
cash_sectors,BD,2083,6,-2778
cash_sectors,BD,2085,6,-1495
cash_sectors,BD,2086,6,-4679
cash_sectors,BD,2099,6,-941
cash_sectors,CD,2040,6,-753
cash_sectors,CD,2041,6,-778
cash_sectors,CD,2042,6,-810
cash_sectors,CD,2043,6,-850
cash_sectors,CD,2044,6,-900
cash_sectors,CD,2045,6,-960
cash_sectors,CD,2046,6,-1030
cash_sectors,CD,2047,6,-1112
cash_sectors,CD,2048,6,-1209
cash_sectors,CD,2049,6,-1320
cash_sectors,CD,2050,6,-1449
cash_sectors,CD,2051,6,-1480
cash_sectors,CD,2052,6,-1513
cash_sectors,CD,2053,6,-1547
cash_sectors,CD,2054,6,-1582
cash_sectors,CD,2055,6,-1620
cash_sectors,CD,2056,6,-1659
cash_sectors,CD,2057,6,-1700
cash_sectors,CD,2058,6,-1743
cash_sectors,CD,2059,6,-1787
cash_sectors,CD,2060,6,-1833
cash_sectors,CD,2061,6,-1881
cash_sectors,CD,2062,6,-1931
cash_sectors,CD,2063,6,-1983
cash_sectors,CD,2064,6,-2038
cash_sectors,CI,2045,6,-113
cash_sectors,CI,2046,6,-120
cash_sectors,CI,2047,6,-129
cash_sectors,CI,2048,6,-139
cash_sectors,CI,2049,6,-149
cash_sectors,CN,2066,6,-600
cash_sectors,CN,2067,6,-614
cash_sectors,CN,2068,6,-629
cash_sectors,CN,2069,6,-836
cash_sectors,CN,2070,6,-1119
cash_sectors,CN,2071,6,-1221
cash_sectors,CN,2072,6,-1318
cash_sectors,CN,2073,6,-1411
cash_sectors,CN,2093,6,-1025
cash_sectors,CN,2095,6,-3879
cash_sectors,DZ,2069,6,-251
cash_sectors,DZ,2070,6,-1190
cash_sectors,DZ,2071,6,-1352
cash_sectors,DZ,2072,6,-1484
cash_sectors,DZ,2073,6,-1583
cash_sectors,DZ,2074,6,-1643
cash_sectors,DZ,2075,6,-1664
cash_sectors,DZ,2076,6,-1728
cash_sectors,DZ,2077,6,-1748
cash_sectors,DZ,2078,6,-1728
cash_sectors,DZ,2079,6,-1660
cash_sectors,DZ,2080,6,-1546
cash_sectors,DZ,2082,6,-1132
cash_sectors,DZ,2083,6,-3308
cash_sectors,DZ,2084,6,-5492
cash_sectors,DZ,2085,6,-4879
cash_sectors,EG,2026,6,-87683
cash_sectors,EG,2027,6,-84371
cash_sectors,EG,2028,6,-80056
cash_sectors,EG,2029,6,-75276
cash_sectors,EG,2030,6,-70117
cash_sectors,EG,2031,6,-64785
cash_sectors,EG,2032,6,-59222
cash_sectors,EG,2033,6,-53523
cash_sectors,EG,2034,6,-47781
cash_sectors,EG,2035,6,-42089
cash_sectors,EG,2036,6,-36493
cash_sectors,EG,2037,6,-31208
cash_sectors,EG,2038,6,-26264
cash_sectors,EG,2039,6,-33723
cash_sectors,EG,2040,6,-42468
cash_sectors,EG,2041,6,-50224
cash_sectors,EG,2042,6,-56941
cash_sectors,EG,2043,6,-62569
cash_sectors,EG,2044,6,-67066
cash_sectors,EG,2045,6,-70394
cash_sectors,EG,2046,6,-72520
cash_sectors,EG,2047,6,-41651
cash_sectors,EG,2048,6,-16580
cash_sectors,EG,2067,6,-2438
cash_sectors,EG,2068,6,-2478
cash_sectors,EG,2069,6,-2518
cash_sectors,EG,2070,6,-2559
cash_sectors,EG,2071,6,-2600
cash_sectors,EG,2072,6,-2642
cash_sectors,EG,2073,6,-2686
cash_sectors,EG,2074,6,-2729
cash_sectors,EG,2075,6,-2774
cash_sectors,EG,2079,6,-5873
cash_sectors,EG,2080,6,-6006
cash_sectors,EG,2081,6,-5258
cash_sectors,EG,2082,6,-4536
cash_sectors,EG,2083,6,-3841
cash_sectors,ET,2050,6,-277
cash_sectors,ET,2051,6,-301
cash_sectors,FR,2026,6,-2928
cash_sectors,FR,2027,6,-3117
cash_sectors,FR,2028,6,-3156
cash_sectors,FR,2029,6,-3202
cash_sectors,FR,2059,6,-4346
cash_sectors,FR,2060,6,-4360
cash_sectors,FR,2061,6,-4374
cash_sectors,FR,2062,6,-4387
cash_sectors,FR,2063,6,-4400
cash_sectors,FR,2064,6,-4413
cash_sectors,FR,2065,6,-4426
cash_sectors,FR,2066,6,-4439
cash_sectors,ID,2080,6,-1308
cash_sectors,ID,2081,6,-4145
cash_sectors,ID,2082,6,-5050
cash_sectors,ID,2083,6,-3536
cash_sectors,ID,2084,6,-2122
cash_sectors,ID,2086,6,-1325
cash_sectors,ID,2087,6,-5544
cash_sectors,IN,2070,6,-1428
cash_sectors,IN,2071,6,-1460
cash_sectors,IN,2072,6,-1493
cash_sectors,IN,2073,6,-1527
cash_sectors,IN,2074,6,-1561
cash_sectors,IN,2075,6,-1597
cash_sectors,IN,2076,6,-1630
cash_sectors,IN,2077,6,-1715
cash_sectors,IN,2078,6,-1792
cash_sectors,IN,2079,6,-1854
cash_sectors,IN,2080,6,-1902
cash_sectors,IN,2081,6,-1793
cash_sectors,IN,2082,6,-2157
cash_sectors,IN,2083,6,-4651
cash_sectors,IN,2084,6,-5964
cash_sectors,IN,2085,6,-4627
cash_sectors,IN,2086,6,-3334
cash_sectors,IN,2088,6,-3592
cash_sectors,IN,2097,6,-3374
cash_sectors,MA,2030,6,-617
cash_sectors,MA,2044,6,-1012
cash_sectors,MA,2045,6,-1051
cash_sectors,ML,2038,6,-251
cash_sectors,ML,2039,6,-1038
cash_sectors,ML,2040,6,-599
cash_sectors,ML,2041,6,-229
cash_sectors,ML,2050,6,-436
cash_sectors,ML,2051,6,-444
cash_sectors,ML,2052,6,-483
cash_sectors,ML,2053,6,-561
cash_sectors,MM,2086,6,-4559
cash_sectors,MM,2099,6,-1328
cash_sectors,NE,2030,6,-53
cash_sectors,NE,2031,6,-54
cash_sectors,NE,2032,6,-53
cash_sectors,NE,2033,6,-53
cash_sectors,NE,2034,6,-54
cash_sectors,NE,2035,6,-54
cash_sectors,NE,2036,6,-55
cash_sectors,NE,2037,6,-56
cash_sectors,NE,2038,6,-57
cash_sectors,NE,2073,6,-1301
cash_sectors,NG,2050,6,-36127
cash_sectors,NG,2051,6,-35591
cash_sectors,NG,2052,6,-35106
cash_sectors,NG,2053,6,-34670
cash_sectors,NG,2054,6,-34282
cash_sectors,NG,2055,6,-33942
cash_sectors,NG,2056,6,-33649
cash_sectors,NG,2057,6,-33402
cash_sectors,NG,2058,6,-33201
cash_sectors,NG,2059,6,-33044
cash_sectors,NG,2060,6,-32934
cash_sectors,NG,2061,6,-32868
cash_sectors,NG,2062,6,-32847
cash_sectors,NG,2063,6,-32868
cash_sectors,NG,2064,6,-32933
cash_sectors,NZ,2025,6,-1517
cash_sectors,OA,2026,6,-955
cash_sectors,OH,2031,6,-29
cash_sectors,OJ,2026,6,-472
cash_sectors,OJ,2031,6,-575
cash_sectors,OJ,2049,6,-1399
cash_sectors,OJ,2050,6,-1521
cash_sectors,OJ,2051,6,-1546
cash_sectors,OJ,2052,6,-1572
cash_sectors,OJ,2053,6,-1600
cash_sectors,OJ,2054,6,-1628
cash_sectors,OJ,2055,6,-1659
cash_sectors,OJ,2056,6,-1691
cash_sectors,OJ,2057,6,-1724
cash_sectors,OJ,2058,6,-1759
cash_sectors,OJ,2059,6,-1795
cash_sectors,OJ,2060,6,-1832
cash_sectors,OJ,2061,6,-1870
cash_sectors,OJ,2062,6,-1910
cash_sectors,OJ,2063,6,-1951
cash_sectors,OJ,2064,6,-1993
cash_sectors,PH,2043,6,-250
cash_sectors,PH,2044,6,-262
cash_sectors,PH,2045,6,-276
cash_sectors,PH,2046,6,-291
cash_sectors,PH,2047,6,-305
cash_sectors,PH,2048,6,-321
cash_sectors,PH,2049,6,-338
cash_sectors,PH,2050,6,-355
cash_sectors,PH,2051,6,-361
cash_sectors,PH,2052,6,-368
cash_sectors,PH,2053,6,-375
cash_sectors,PH,2054,6,-382
cash_sectors,PH,2055,6,-390
cash_sectors,PH,2056,6,-398
cash_sectors,PH,2057,6,-407
cash_sectors,PH,2058,6,-415
cash_sectors,PH,2059,6,-423
cash_sectors,PH,2060,6,-432
cash_sectors,PH,2061,6,-442
cash_sectors,PH,2062,6,-450
cash_sectors,PH,2063,6,-461
cash_sectors,PH,2064,6,-470
cash_sectors,PH,2065,6,-480
cash_sectors,PH,2066,6,-491
cash_sectors,PH,2067,6,-501
cash_sectors,PH,2068,6,-512
cash_sectors,PH,2069,6,-523
cash_sectors,PH,2070,6,-535
cash_sectors,PH,2071,6,-546
cash_sectors,PH,2072,6,-558
cash_sectors,PK,2086,6,-3408
cash_sectors,RU,2027,6,-513937
cash_sectors,RU,2028,6,-503997
cash_sectors,RU,2029,6,-492476
cash_sectors,RU,2030,6,-521583
cash_sectors,RU,2031,6,-603172
cash_sectors,RU,2032,6,-669162
cash_sectors,RU,2033,6,-720702
cash_sectors,RU,2046,6,-340569
cash_sectors,RU,2047,6,-317216
cash_sectors,RU,2048,6,-292020
cash_sectors,RU,2049,6,-265028
cash_sectors,RU,2050,6,-267337
cash_sectors,RU,2051,6,-260273
cash_sectors,RU,2052,6,-253311
cash_sectors,RU,2053,6,-246439
cash_sectors,RU,2054,6,-239647
cash_sectors,RU,2055,6,-232925
cash_sectors,RU,2056,6,-226266
cash_sectors,RU,2057,6,-211662
cash_sectors,RU,2058,6,-195652
cash_sectors,RU,2059,6,-180662
cash_sectors,RU,2060,6,-166684
cash_sectors,RU,2061,6,-153692
cash_sectors,RU,2062,6,-141652
cash_sectors,RU,2063,6,-130546
cash_sectors,RU,2064,6,-120348
cash_sectors,RU,2065,6,-111028
cash_sectors,RU,2066,6,-102561
cash_sectors,RU,2067,6,-94917
cash_sectors,RU,2068,6,-88060
cash_sectors,RU,2069,6,-81956
cash_sectors,RU,2070,6,-76573
cash_sectors,RU,2071,6,-71938
cash_sectors,RU,2075,6,-69389
cash_sectors,RU,2076,6,-69451
cash_sectors,RW,2077,6,-439
cash_sectors,RW,2078,6,-1685
cash_sectors,RW,2079,6,-2034
cash_sectors,RW,2080,6,-2016
cash_sectors,RW,2085,6,-1607
cash_sectors,RW,2095,6,-1804
cash_sectors,SA,2049,6,-270
cash_sectors,SA,2050,6,-280
cash_sectors,SA,2051,6,-283
cash_sectors,SA,2052,6,-286
cash_sectors,SA,2053,6,-288
cash_sectors,SA,2054,6,-291
cash_sectors,SA,2055,6,-295
cash_sectors,SA,2056,6,-298
cash_sectors,SA,2057,6,-302
cash_sectors,SA,2058,6,-304
cash_sectors,SA,2059,6,-308
cash_sectors,SA,2060,6,-311
cash_sectors,SA,2061,6,-315
cash_sectors,SA,2062,6,-318
cash_sectors,SA,2063,6,-322
cash_sectors,SA,2064,6,-325
cash_sectors,SA,2065,6,-328
cash_sectors,SA,2066,6,-332
cash_sectors,SA,2067,6,-336
cash_sectors,SA,2068,6,-339
cash_sectors,SA,2069,6,-343
cash_sectors,SA,2070,6,-347
cash_sectors,SA,2071,6,-351
cash_sectors,SD,2026,6,-317
cash_sectors,SD,2028,6,-382
cash_sectors,SD,2029,6,-366
cash_sectors,SD,2030,6,-354
cash_sectors,SD,2031,6,-351
cash_sectors,SD,2068,6,-1113
cash_sectors,SD,2069,6,-1146
cash_sectors,SD,2070,6,-1180
cash_sectors,SD,2099,6,-27238
cash_sectors,SE,2025,6,-5550
cash_sectors,TR,2026,6,-829
cash_sectors,TR,2027,6,-928
cash_sectors,TR,2028,6,-949
cash_sectors,TR,2029,6,-972
cash_sectors,TR,2030,6,-998
cash_sectors,TR,2031,6,-1032
cash_sectors,TR,2032,6,-1067
cash_sectors,TR,2033,6,-1102
cash_sectors,TR,2034,6,-1160
cash_sectors,TR,2035,6,-1239
cash_sectors,TR,2036,6,-1306
cash_sectors,TR,2037,6,-1372
cash_sectors,TR,2038,6,-1437
cash_sectors,TR,2039,6,-1502
cash_sectors,TR,2040,6,-1569
cash_sectors,TR,2041,6,-1634
cash_sectors,TR,2042,6,-1699
cash_sectors,TR,2043,6,-1765
cash_sectors,TR,2044,6,-1831
cash_sectors,TW,2028,6,-1226
cash_sectors,TW,2029,6,-1282
cash_sectors,TW,2030,6,-1339
cash_sectors,TW,2031,6,-1402
cash_sectors,TW,2032,6,-1464
cash_sectors,TW,2033,6,-1522
cash_sectors,TW,2034,6,-1579
cash_sectors,TW,2035,6,-1635
cash_sectors,TW,2036,6,-1701
cash_sectors,TW,2037,6,-1766
cash_sectors,TW,2038,6,-1833
cash_sectors,TW,2039,6,-1899
cash_sectors,TW,2040,6,-1967
cash_sectors,TW,2041,6,-2033
cash_sectors,TW,2042,6,-2101
cash_sectors,TW,2043,6,-2169
cash_sectors,TW,2044,6,-2238
cash_sectors,TW,2045,6,-2309
cash_sectors,TW,2046,6,-2380
cash_sectors,TW,2047,6,-2451
cash_sectors,TW,2048,6,-2522
cash_sectors,TW,2049,6,-2595
cash_sectors,TW,2050,6,-2668
cash_sectors,TW,2051,6,-2668
cash_sectors,TW,2052,6,-2667
cash_sectors,TW,2053,6,-2666
cash_sectors,TW,2054,6,-2665
cash_sectors,TW,2055,6,-2664
cash_sectors,TW,2056,6,-2663
cash_sectors,TW,2057,6,-2662
cash_sectors,TW,2058,6,-2660
cash_sectors,TW,2059,6,-2659
cash_sectors,TW,2060,6,-2657
cash_sectors,VN,2050,6,-1155
cash_sectors,VN,2051,6,-1176
cash_sectors,VN,2052,6,-1197
cash_sectors,VN,2053,6,-1219
cash_sectors,VN,2054,6,-1243
cash_sectors,VN,2055,6,-1267
cash_sectors,VN,2056,6,-1292
cash_sectors,VN,2057,6,-1317
cash_sectors,VN,2058,6,-1344
cash_sectors,VN,2059,6,-1370
cash_sectors,VN,2060,6,-1398
cash_sectors,VN,2061,6,-1427
cash_sectors,VN,2062,6,-1456
cash_sectors,VN,2063,6,-1486
cash_sectors,VN,2064,6,-1517
cash_sectors,VN,2065,6,-1548
cash_sectors,VN,2066,6,-1581
cash_sectors,VN,2067,6,-1614
cash_sectors,VN,2068,6,-1649
cash_sectors,VN,2069,6,-1683
cash_sectors,VN,2070,6,-1719
cash_sectors,VN,2071,6,-1756
cash_sectors,VN,2072,6,-1794
cash_sectors,AE,2035,5,-449
cash_sectors,AE,2036,5,-475
cash_sectors,AE,2037,5,-499
cash_sectors,AE,2038,5,-523
cash_sectors,AE,2039,5,-547
cash_sectors,AE,2040,5,-571
cash_sectors,AE,2041,5,-593
cash_sectors,AE,2042,5,-615
cash_sectors,AE,2043,5,-638
cash_sectors,AE,2044,5,-660
cash_sectors,AE,2045,5,-682
cash_sectors,AE,2046,5,-704
cash_sectors,AE,2047,5,-726
cash_sectors,AE,2048,5,-746
cash_sectors,AE,2049,5,-768
cash_sectors,AE,2050,5,-788
cash_sectors,AE,2051,5,-794
cash_sectors,AE,2052,5,-799
cash_sectors,AE,2053,5,-804
cash_sectors,AE,2054,5,-809
cash_sectors,AE,2055,5,-815
cash_sectors,AE,2056,5,-820
cash_sectors,AE,2057,5,-826
cash_sectors,AE,2058,5,-830
cash_sectors,AE,2059,5,-836
cash_sectors,AE,2060,5,-841
cash_sectors,AE,2061,5,-847
cash_sectors,AE,2062,5,-853
cash_sectors,AE,2063,5,-858
cash_sectors,AE,2064,5,-864
cash_sectors,AE,2065,5,-870
cash_sectors,AE,2066,5,-876
cash_sectors,AE,2067,5,-882
cash_sectors,AR,2025,5,-3332
cash_sectors,BD,2026,5,-112
cash_sectors,BD,2027,5,-137
cash_sectors,BD,2028,5,-137
cash_sectors,BD,2029,5,-138
cash_sectors,BD,2030,5,-139
cash_sectors,BD,2031,5,-144
cash_sectors,BD,2032,5,-149
cash_sectors,BD,2033,5,-154
cash_sectors,BD,2034,5,-160
cash_sectors,BD,2035,5,-165
cash_sectors,BD,2036,5,-171
cash_sectors,BD,2037,5,-177
cash_sectors,BD,2038,5,-184
cash_sectors,BD,2039,5,-192
cash_sectors,BD,2040,5,-200
cash_sectors,BD,2041,5,-208
cash_sectors,BD,2042,5,-217
cash_sectors,BD,2043,5,-227
cash_sectors,BD,2044,5,-238
cash_sectors,BD,2045,5,-249
cash_sectors,BD,2046,5,-262
cash_sectors,BD,2047,5,-275
cash_sectors,BD,2048,5,-289
cash_sectors,BD,2049,5,-304
cash_sectors,BD,2050,5,-320
cash_sectors,BD,2051,5,-325
cash_sectors,BD,2052,5,-331
cash_sectors,BD,2053,5,-337
cash_sectors,BD,2054,5,-343
cash_sectors,BD,2055,5,-350
cash_sectors,BD,2056,5,-355
cash_sectors,BD,2057,5,-362
cash_sectors,BD,2058,5,-370
cash_sectors,BD,2059,5,-377
cash_sectors,BD,2060,5,-384
cash_sectors,BD,2061,5,-392
cash_sectors,BD,2062,5,-400
cash_sectors,BD,2063,5,-408
cash_sectors,BD,2064,5,-417
cash_sectors,BD,2065,5,-425
cash_sectors,BD,2066,5,-434
cash_sectors,BD,2067,5,-443
cash_sectors,BD,2068,5,-452
cash_sectors,BD,2069,5,-462
cash_sectors,BD,2070,5,-472
cash_sectors,BD,2071,5,-482
cash_sectors,BD,2072,5,-493
cash_sectors,BD,2073,5,-502
cash_sectors,BD,2074,5,-513
cash_sectors,BD,2075,5,-525
cash_sectors,BD,2084,5,-603
cash_sectors,CI,2027,5,-51
cash_sectors,CI,2028,5,-51
cash_sectors,CI,2029,5,-51
cash_sectors,CI,2030,5,-51
cash_sectors,CI,2031,5,-53
cash_sectors,CI,2032,5,-55
cash_sectors,CI,2033,5,-59
cash_sectors,CI,2034,5,-61
cash_sectors,CI,2035,5,-64
cash_sectors,CI,2036,5,-66
cash_sectors,CI,2037,5,-70
cash_sectors,CI,2038,5,-74
cash_sectors,CI,2039,5,-77
cash_sectors,CI,2040,5,-83
cash_sectors,CI,2041,5,-87
cash_sectors,CI,2042,5,-93
cash_sectors,CI,2043,5,-99
cash_sectors,CI,2044,5,-105
cash_sectors,CN,2026,5,-149
cash_sectors,CN,2027,5,-196
cash_sectors,CN,2028,5,-202
cash_sectors,CN,2029,5,-209
cash_sectors,CN,2030,5,-217
cash_sectors,CN,2031,5,-229
cash_sectors,CN,2032,5,-240
cash_sectors,CN,2033,5,-251
cash_sectors,CN,2034,5,-261
cash_sectors,CN,2035,5,-271
cash_sectors,CN,2036,5,-280
cash_sectors,CN,2037,5,-288
cash_sectors,CN,2038,5,-297
cash_sectors,CN,2039,5,-306
cash_sectors,CN,2040,5,-314
cash_sectors,CN,2041,5,-323
cash_sectors,CN,2042,5,-332
cash_sectors,CN,2043,5,-342
cash_sectors,CN,2044,5,-350
cash_sectors,CN,2045,5,-360
cash_sectors,CN,2046,5,-369
cash_sectors,CN,2047,5,-379
cash_sectors,CN,2048,5,-388
cash_sectors,CN,2049,5,-399
cash_sectors,CN,2050,5,-409
cash_sectors,CN,2051,5,-418
cash_sectors,CN,2052,5,-429
cash_sectors,CN,2053,5,-440
cash_sectors,CN,2054,5,-451
cash_sectors,CN,2055,5,-461
cash_sectors,CN,2056,5,-473
cash_sectors,CN,2057,5,-484
cash_sectors,CN,2058,5,-496
cash_sectors,CN,2059,5,-509
cash_sectors,CN,2060,5,-521
cash_sectors,CN,2061,5,-533
cash_sectors,CN,2062,5,-546
cash_sectors,CN,2063,5,-559
cash_sectors,CN,2064,5,-572
cash_sectors,CN,2065,5,-587
cash_sectors,CN,2094,5,-1041
cash_sectors,CO,2025,5,-5690
cash_sectors,DZ,2026,5,-64
cash_sectors,DZ,2027,5,-72
cash_sectors,DZ,2028,5,-71
cash_sectors,DZ,2029,5,-73
cash_sectors,DZ,2030,5,-73
cash_sectors,DZ,2031,5,-77
cash_sectors,DZ,2032,5,-80
cash_sectors,DZ,2033,5,-84
cash_sectors,DZ,2034,5,-87
cash_sectors,DZ,2035,5,-89
cash_sectors,DZ,2036,5,-92
cash_sectors,DZ,2037,5,-97
cash_sectors,DZ,2038,5,-99
cash_sectors,DZ,2039,5,-104
cash_sectors,DZ,2040,5,-108
cash_sectors,DZ,2041,5,-111
cash_sectors,DZ,2042,5,-116
cash_sectors,DZ,2043,5,-120
cash_sectors,DZ,2044,5,-125
cash_sectors,DZ,2045,5,-131
cash_sectors,DZ,2046,5,-136
cash_sectors,DZ,2047,5,-141
cash_sectors,DZ,2048,5,-148
cash_sectors,DZ,2049,5,-153
cash_sectors,DZ,2050,5,-160
cash_sectors,DZ,2051,5,-164
cash_sectors,DZ,2052,5,-168
cash_sectors,DZ,2053,5,-172
cash_sectors,DZ,2054,5,-175
cash_sectors,DZ,2055,5,-180
cash_sectors,DZ,2056,5,-184
cash_sectors,DZ,2057,5,-188
cash_sectors,DZ,2058,5,-193
cash_sectors,DZ,2059,5,-198
cash_sectors,DZ,2060,5,-202
cash_sectors,DZ,2061,5,-207
cash_sectors,DZ,2062,5,-212
cash_sectors,DZ,2063,5,-217
cash_sectors,DZ,2064,5,-223
cash_sectors,DZ,2065,5,-228
cash_sectors,DZ,2066,5,-233
cash_sectors,DZ,2067,5,-240
cash_sectors,DZ,2068,5,-245
cash_sectors,DZ,2081,5,-339
cash_sectors,EG,2049,5,-1787
cash_sectors,EG,2050,5,-1853
cash_sectors,EG,2051,5,-1884
cash_sectors,EG,2052,5,-1913
cash_sectors,EG,2053,5,-1945
cash_sectors,EG,2054,5,-1976
cash_sectors,EG,2055,5,-2008
cash_sectors,EG,2056,5,-2041
cash_sectors,EG,2057,5,-2074
cash_sectors,EG,2058,5,-2108
cash_sectors,EG,2059,5,-2142
cash_sectors,EG,2060,5,-2177
cash_sectors,EG,2061,5,-2213
cash_sectors,EG,2062,5,-2249
cash_sectors,EG,2063,5,-2286
cash_sectors,EG,2064,5,-2323
cash_sectors,EG,2065,5,-2361
cash_sectors,EG,2066,5,-2400
cash_sectors,FR,2030,5,-3254
cash_sectors,FR,2031,5,-3320
cash_sectors,FR,2032,5,-3389
cash_sectors,FR,2033,5,-3457
cash_sectors,FR,2034,5,-3527
cash_sectors,FR,2038,5,-3707
cash_sectors,FR,2039,5,-3744
cash_sectors,FR,2040,5,-3783
cash_sectors,FR,2041,5,-3823
cash_sectors,FR,2042,5,-3863
cash_sectors,FR,2043,5,-3905
cash_sectors,FR,2044,5,-3948
cash_sectors,FR,2045,5,-3991
cash_sectors,FR,2046,5,-4036
cash_sectors,FR,2047,5,-4081
cash_sectors,FR,2048,5,-4127
cash_sectors,FR,2049,5,-4174
cash_sectors,FR,2050,5,-4221
cash_sectors,FR,2051,5,-4236
cash_sectors,FR,2052,5,-4250
cash_sectors,FR,2053,5,-4264
cash_sectors,FR,2054,5,-4277
cash_sectors,FR,2055,5,-4291
cash_sectors,FR,2056,5,-4306
cash_sectors,FR,2057,5,-4319
cash_sectors,FR,2058,5,-4333
cash_sectors,GB,2025,5,-3143
cash_sectors,ID,2026,5,-67
cash_sectors,ID,2027,5,-88
cash_sectors,ID,2028,5,-89
cash_sectors,ID,2029,5,-91
cash_sectors,ID,2030,5,-94
cash_sectors,ID,2031,5,-98
cash_sectors,ID,2032,5,-103
cash_sectors,ID,2033,5,-108
cash_sectors,ID,2034,5,-114
cash_sectors,ID,2035,5,-119
cash_sectors,ID,2036,5,-124
cash_sectors,ID,2037,5,-130
cash_sectors,ID,2038,5,-137
cash_sectors,ID,2039,5,-143
cash_sectors,ID,2040,5,-151
cash_sectors,ID,2041,5,-158
cash_sectors,ID,2042,5,-167
cash_sectors,ID,2043,5,-176
cash_sectors,ID,2044,5,-184
cash_sectors,ID,2045,5,-194
cash_sectors,ID,2046,5,-205
cash_sectors,ID,2047,5,-215
cash_sectors,ID,2048,5,-226
cash_sectors,ID,2049,5,-238
cash_sectors,ID,2050,5,-251
cash_sectors,ID,2051,5,-255
cash_sectors,ID,2052,5,-258
cash_sectors,ID,2053,5,-263
cash_sectors,ID,2054,5,-268
cash_sectors,ID,2055,5,-272
cash_sectors,ID,2056,5,-278
cash_sectors,ID,2057,5,-283
cash_sectors,ID,2058,5,-289
cash_sectors,ID,2059,5,-294
cash_sectors,ID,2060,5,-301
cash_sectors,ID,2061,5,-308
cash_sectors,ID,2062,5,-314
cash_sectors,ID,2063,5,-321
cash_sectors,ID,2064,5,-328
cash_sectors,ID,2065,5,-335
cash_sectors,ID,2066,5,-343
cash_sectors,ID,2067,5,-350
cash_sectors,ID,2068,5,-358
cash_sectors,ID,2069,5,-366
cash_sectors,ID,2070,5,-374
cash_sectors,ID,2071,5,-383
cash_sectors,ID,2072,5,-391
cash_sectors,ID,2073,5,-400
cash_sectors,ID,2074,5,-409
cash_sectors,ID,2075,5,-419
cash_sectors,ID,2076,5,-427
cash_sectors,ID,2077,5,-436
cash_sectors,ID,2078,5,-444
cash_sectors,ID,2079,5,-453
cash_sectors,ID,2085,5,-489
cash_sectors,IN,2026,5,-254
cash_sectors,IN,2027,5,-332
cash_sectors,IN,2028,5,-331
cash_sectors,IN,2029,5,-334
cash_sectors,IN,2030,5,-341
cash_sectors,IN,2031,5,-356
cash_sectors,IN,2032,5,-371
cash_sectors,IN,2033,5,-388
cash_sectors,IN,2034,5,-405
cash_sectors,IN,2035,5,-424
cash_sectors,IN,2036,5,-444
cash_sectors,IN,2037,5,-464
cash_sectors,IN,2038,5,-487
cash_sectors,IN,2039,5,-511
cash_sectors,IN,2040,5,-538
cash_sectors,IN,2041,5,-566
cash_sectors,IN,2042,5,-597
cash_sectors,IN,2043,5,-631
cash_sectors,IN,2044,5,-667
cash_sectors,IN,2045,5,-705
cash_sectors,IN,2046,5,-746
cash_sectors,IN,2047,5,-790
cash_sectors,IN,2048,5,-837
cash_sectors,IN,2049,5,-887
cash_sectors,IN,2050,5,-940
cash_sectors,IN,2051,5,-957
cash_sectors,IN,2052,5,-976
cash_sectors,IN,2053,5,-995
cash_sectors,IN,2054,5,-1016
cash_sectors,IN,2055,5,-1036
cash_sectors,IN,2056,5,-1057
cash_sectors,IN,2057,5,-1080
cash_sectors,IN,2058,5,-1102
cash_sectors,IN,2059,5,-1126
cash_sectors,IN,2060,5,-1149
cash_sectors,IN,2061,5,-1174
cash_sectors,IN,2062,5,-1200
cash_sectors,IN,2063,5,-1225
cash_sectors,IN,2064,5,-1252
cash_sectors,IN,2065,5,-1280
cash_sectors,IN,2066,5,-1308
cash_sectors,IN,2067,5,-1337
cash_sectors,IN,2068,5,-1367
cash_sectors,IN,2069,5,-1397
cash_sectors,IN,2087,5,-1921
cash_sectors,JP,2025,5,-1359
cash_sectors,KE,2026,5,-167
cash_sectors,KE,2027,5,-217
cash_sectors,KE,2028,5,-212
cash_sectors,KE,2029,5,-211
cash_sectors,KE,2030,5,-211
cash_sectors,KE,2031,5,-217
cash_sectors,KE,2032,5,-223
cash_sectors,KE,2033,5,-230
cash_sectors,KE,2034,5,-239
cash_sectors,KE,2035,5,-247
cash_sectors,KE,2036,5,-257
cash_sectors,KE,2037,5,-268
cash_sectors,KE,2038,5,-281
cash_sectors,KE,2039,5,-296
cash_sectors,KE,2040,5,-312
cash_sectors,KE,2041,5,-331
cash_sectors,KE,2042,5,-352
cash_sectors,KE,2043,5,-376
cash_sectors,KE,2044,5,-402
cash_sectors,KE,2045,5,-430
cash_sectors,KE,2046,5,-463
cash_sectors,KE,2047,5,-499
cash_sectors,KE,2048,5,-537
cash_sectors,KE,2049,5,-579
cash_sectors,KE,2050,5,-627
cash_sectors,KE,2051,5,-635
cash_sectors,KE,2052,5,-644
cash_sectors,KE,2053,5,-653
cash_sectors,KE,2054,5,-663
cash_sectors,KE,2055,5,-674
cash_sectors,KE,2056,5,-684
cash_sectors,KE,2057,5,-695
cash_sectors,KE,2058,5,-707
cash_sectors,KE,2059,5,-720
cash_sectors,KE,2060,5,-732
cash_sectors,KE,2061,5,-746
cash_sectors,KE,2062,5,-759
cash_sectors,KE,2063,5,-774
cash_sectors,KE,2064,5,-787
cash_sectors,KE,2065,5,-802
cash_sectors,KE,2066,5,-817
cash_sectors,KE,2067,5,-833
cash_sectors,KE,2068,5,-849
cash_sectors,KE,2069,5,-865
cash_sectors,KE,2070,5,-882
cash_sectors,KE,2071,5,-898
cash_sectors,MA,2031,5,-641
cash_sectors,MA,2032,5,-665
cash_sectors,MA,2033,5,-690
cash_sectors,MA,2034,5,-714
cash_sectors,MA,2035,5,-741
cash_sectors,MA,2036,5,-765
cash_sectors,MA,2037,5,-790
cash_sectors,MA,2038,5,-817
cash_sectors,MA,2039,5,-845
cash_sectors,MA,2040,5,-875
cash_sectors,MA,2041,5,-906
cash_sectors,MA,2042,5,-940
cash_sectors,MA,2043,5,-974
cash_sectors,ML,2026,5,-153
cash_sectors,ML,2027,5,-195
cash_sectors,ML,2028,5,-188
cash_sectors,ML,2029,5,-181
cash_sectors,ML,2030,5,-177
cash_sectors,ML,2031,5,-179
cash_sectors,ML,2032,5,-181
cash_sectors,ML,2033,5,-182
cash_sectors,ML,2034,5,-185
cash_sectors,ML,2035,5,-188
cash_sectors,ML,2036,5,-191
cash_sectors,ML,2037,5,-195
cash_sectors,ML,2042,5,-241
cash_sectors,ML,2043,5,-255
cash_sectors,ML,2044,5,-272
cash_sectors,ML,2045,5,-291
cash_sectors,ML,2046,5,-313
cash_sectors,ML,2047,5,-339
cash_sectors,ML,2048,5,-367
cash_sectors,ML,2049,5,-400
cash_sectors,MM,2070,5,-612
cash_sectors,MM,2071,5,-1051
cash_sectors,MM,2072,5,-1480
cash_sectors,MM,2073,5,-1898
cash_sectors,MM,2074,5,-2304
cash_sectors,MM,2075,5,-2693
cash_sectors,MM,2076,5,-2940
cash_sectors,MM,2077,5,-3156
cash_sectors,MM,2078,5,-3339
cash_sectors,MM,2079,5,-3486
cash_sectors,MM,2080,5,-3596
cash_sectors,MM,2081,5,-1446
cash_sectors,MM,2083,5,-1784
cash_sectors,MM,2084,5,-4159
cash_sectors,MM,2085,5,-5625
cash_sectors,NE,2039,5,-59
cash_sectors,NE,2040,5,-61
cash_sectors,NE,2041,5,-64
cash_sectors,NE,2042,5,-67
cash_sectors,NE,2043,5,-70
cash_sectors,NE,2044,5,-75
cash_sectors,NE,2045,5,-81
cash_sectors,NE,2046,5,-87
cash_sectors,NE,2048,5,-102
cash_sectors,NE,2068,5,-218
cash_sectors,NE,2069,5,-560
cash_sectors,NE,2070,5,-936
cash_sectors,NE,2071,5,-1063
cash_sectors,NE,2072,5,-1185
cash_sectors,NG,2026,5,-61199
cash_sectors,NG,2027,5,-62142
cash_sectors,NG,2028,5,-62553
cash_sectors,NG,2029,5,-62718
cash_sectors,NG,2030,5,-62609
cash_sectors,NG,2031,5,-62338
cash_sectors,NG,2032,5,-61726
cash_sectors,NG,2033,5,-60767
cash_sectors,NG,2034,5,-59456
cash_sectors,NG,2035,5,-57800
cash_sectors,NG,2036,5,-58546
cash_sectors,NG,2037,5,-59014
cash_sectors,NG,2038,5,-59175
cash_sectors,NG,2039,5,-59000
cash_sectors,NG,2040,5,-58459
cash_sectors,NG,2041,5,-57524
cash_sectors,NG,2042,5,-56177
cash_sectors,NG,2043,5,-54773
cash_sectors,NG,2044,5,-53157
cash_sectors,NG,2045,5,-51195
cash_sectors,NG,2046,5,-48894
cash_sectors,NG,2047,5,-46271
cash_sectors,NG,2048,5,-43362
cash_sectors,NG,2049,5,-40219
cash_sectors,NL,2025,5,-8510
cash_sectors,OH,2027,5,-27
cash_sectors,OH,2028,5,-26
cash_sectors,OH,2029,5,-27
cash_sectors,OH,2030,5,-27
cash_sectors,OJ,2032,5,-586
cash_sectors,OJ,2033,5,-597
cash_sectors,OJ,2034,5,-609
cash_sectors,OJ,2035,5,-623
cash_sectors,OJ,2036,5,-641
cash_sectors,OJ,2037,5,-662
cash_sectors,OJ,2038,5,-687
cash_sectors,OJ,2039,5,-718
cash_sectors,OJ,2040,5,-753
cash_sectors,OJ,2041,5,-793
cash_sectors,OJ,2042,5,-840
cash_sectors,OJ,2043,5,-894
cash_sectors,OJ,2044,5,-956
cash_sectors,OJ,2045,5,-1026
cash_sectors,OJ,2046,5,-1104
cash_sectors,OJ,2047,5,-1191
cash_sectors,OJ,2048,5,-1290
cash_sectors,PK,2069,5,-123
cash_sectors,PK,2070,5,-870
cash_sectors,PK,2071,5,-1157
cash_sectors,PK,2072,5,-1423
cash_sectors,PK,2073,5,-1666
cash_sectors,PK,2074,5,-1885
cash_sectors,PK,2075,5,-2076
cash_sectors,PK,2076,5,-2127
cash_sectors,PK,2077,5,-2136
cash_sectors,PK,2078,5,-2101
cash_sectors,PK,2079,5,-2021
cash_sectors,PK,2080,5,-1895
cash_sectors,PK,2081,5,-371
cash_sectors,PK,2083,5,-1596
cash_sectors,PK,2084,5,-3385
cash_sectors,PK,2085,5,-4260
cash_sectors,RU,2026,5,-521654
cash_sectors,RU,2034,5,-741314
cash_sectors,RU,2035,5,-672032
cash_sectors,RU,2036,5,-625158
cash_sectors,RU,2037,5,-580047
cash_sectors,RU,2038,5,-536693
cash_sectors,RU,2039,5,-495086
cash_sectors,RU,2040,5,-455195
cash_sectors,RU,2041,5,-428739
cash_sectors,RU,2042,5,-414988
cash_sectors,RU,2043,5,-399279
cash_sectors,RU,2044,5,-381623
cash_sectors,RU,2045,5,-362045
cash_sectors,RW,2026,5,-76
cash_sectors,RW,2027,5,-97
cash_sectors,RW,2028,5,-94
cash_sectors,RW,2029,5,-92
cash_sectors,RW,2030,5,-91
cash_sectors,RW,2031,5,-92
cash_sectors,RW,2032,5,-94
cash_sectors,RW,2033,5,-96
cash_sectors,RW,2034,5,-97
cash_sectors,RW,2035,5,-100
cash_sectors,RW,2036,5,-103
cash_sectors,RW,2037,5,-106
cash_sectors,RW,2038,5,-110
cash_sectors,RW,2039,5,-115
cash_sectors,RW,2040,5,-121
cash_sectors,RW,2041,5,-127
cash_sectors,RW,2042,5,-135
cash_sectors,RW,2043,5,-144
cash_sectors,RW,2044,5,-155
cash_sectors,RW,2045,5,-166
cash_sectors,RW,2046,5,-180
cash_sectors,RW,2047,5,-194
cash_sectors,RW,2048,5,-211
cash_sectors,RW,2049,5,-230
cash_sectors,RW,2050,5,-250
cash_sectors,RW,2051,5,-255
cash_sectors,RW,2052,5,-260
cash_sectors,RW,2053,5,-264
cash_sectors,RW,2054,5,-269
cash_sectors,RW,2055,5,-275
cash_sectors,RW,2056,5,-280
cash_sectors,RW,2057,5,-285
cash_sectors,RW,2058,5,-292
cash_sectors,RW,2059,5,-298
cash_sectors,RW,2060,5,-304
cash_sectors,RW,2061,5,-310
cash_sectors,RW,2062,5,-317
cash_sectors,RW,2063,5,-324
cash_sectors,RW,2064,5,-331
cash_sectors,RW,2065,5,-339
cash_sectors,RW,2066,5,-346
cash_sectors,RW,2067,5,-354
cash_sectors,RW,2068,5,-361
cash_sectors,RW,2069,5,-370
cash_sectors,RW,2070,5,-378
cash_sectors,RW,2071,5,-386
cash_sectors,RW,2072,5,-395
cash_sectors,RW,2073,5,-403
cash_sectors,RW,2074,5,-412
cash_sectors,RW,2075,5,-421
cash_sectors,RW,2076,5,-429
cash_sectors,SA,2045,5,-233
cash_sectors,SA,2046,5,-242
cash_sectors,SA,2047,5,-252
cash_sectors,SA,2048,5,-261
cash_sectors,SD,2032,5,-349
cash_sectors,SD,2033,5,-348
cash_sectors,SD,2034,5,-347
cash_sectors,SD,2035,5,-348
cash_sectors,SD,2036,5,-348
cash_sectors,SD,2037,5,-349
cash_sectors,SD,2038,5,-352
cash_sectors,SD,2039,5,-358
cash_sectors,SD,2040,5,-367
cash_sectors,SD,2041,5,-378
cash_sectors,SD,2042,5,-393
cash_sectors,SD,2043,5,-412
cash_sectors,SD,2044,5,-435
cash_sectors,SD,2045,5,-463
cash_sectors,SD,2046,5,-496
cash_sectors,SD,2047,5,-535
cash_sectors,SD,2048,5,-581
cash_sectors,SD,2049,5,-635
cash_sectors,SD,2050,5,-696
cash_sectors,SD,2051,5,-712
cash_sectors,SD,2052,5,-728
cash_sectors,SD,2053,5,-746
cash_sectors,SD,2054,5,-763
cash_sectors,SD,2055,5,-782
cash_sectors,SD,2056,5,-802
cash_sectors,SD,2057,5,-822
cash_sectors,SD,2058,5,-844
cash_sectors,SD,2059,5,-866
cash_sectors,SD,2060,5,-889
cash_sectors,SD,2061,5,-913
cash_sectors,SD,2062,5,-939
cash_sectors,SD,2063,5,-966
cash_sectors,SD,2064,5,-993
cash_sectors,SD,2065,5,-1021
cash_sectors,SD,2066,5,-1050
cash_sectors,SD,2067,5,-1081
cash_sectors,TW,2026,5,-1021
cash_sectors,TW,2027,5,-1170
cash_sectors,VN,2026,5,-399
cash_sectors,VN,2027,5,-475
cash_sectors,VN,2028,5,-479
cash_sectors,VN,2029,5,-486
cash_sectors,VN,2030,5,-494
cash_sectors,VN,2031,5,-511
cash_sectors,VN,2032,5,-526
cash_sectors,VN,2033,5,-542
cash_sectors,VN,2034,5,-556
cash_sectors,VN,2035,5,-571
cash_sectors,VN,2036,5,-589
cash_sectors,VN,2037,5,-612
cash_sectors,VN,2038,5,-641
cash_sectors,VN,2039,5,-672
cash_sectors,VN,2040,5,-706
cash_sectors,VN,2041,5,-741
cash_sectors,VN,2042,5,-777
cash_sectors,VN,2043,5,-817
cash_sectors,VN,2044,5,-857
cash_sectors,VN,2045,5,-902
cash_sectors,VN,2046,5,-948
cash_sectors,VN,2047,5,-996
cash_sectors,VN,2048,5,-1047
cash_sectors,VN,2049,5,-1099
cash_sectors,AE,2026,4,-162
cash_sectors,AE,2027,4,-235
cash_sectors,AE,2028,4,-265
cash_sectors,AE,2029,4,-294
cash_sectors,AE,2030,4,-322
cash_sectors,AE,2031,4,-351
cash_sectors,AE,2032,4,-378
cash_sectors,AE,2033,4,-404
cash_sectors,AE,2034,4,-428
cash_sectors,CI,2026,4,-40
cash_sectors,DE,2025,4,-3250
cash_sectors,DK,2025,4,-10177
cash_sectors,ET,2026,4,-86
cash_sectors,ET,2027,4,-111
cash_sectors,ET,2028,4,-107
cash_sectors,ET,2029,4,-105
cash_sectors,ET,2030,4,-103
cash_sectors,ET,2031,4,-105
cash_sectors,ET,2032,4,-107
cash_sectors,ET,2033,4,-109
cash_sectors,ET,2034,4,-111
cash_sectors,ET,2035,4,-115
cash_sectors,ET,2036,4,-117
cash_sectors,ET,2037,4,-122
cash_sectors,ET,2038,4,-126
cash_sectors,ET,2039,4,-131
cash_sectors,ET,2040,4,-138
cash_sectors,ET,2041,4,-146
cash_sectors,ET,2042,4,-154
cash_sectors,ET,2043,4,-163
cash_sectors,ET,2044,4,-175
cash_sectors,ET,2045,4,-187
cash_sectors,ET,2046,4,-201
cash_sectors,ET,2047,4,-218
cash_sectors,ET,2048,4,-234
cash_sectors,ET,2049,4,-254
cash_sectors,FR,2035,4,-3597
cash_sectors,FR,2036,4,-3634
cash_sectors,FR,2037,4,-3669
cash_sectors,MM,2026,4,-4
cash_sectors,MM,2027,4,-5
cash_sectors,MM,2028,4,-6
cash_sectors,MM,2029,4,-6
cash_sectors,MM,2030,4,-6
cash_sectors,MM,2031,4,-6
cash_sectors,MM,2032,4,-6
cash_sectors,MM,2033,4,-6
cash_sectors,MM,2034,4,-6
cash_sectors,MM,2035,4,-6
cash_sectors,MM,2036,4,-7
cash_sectors,MM,2037,4,-7
cash_sectors,MM,2038,4,-7
cash_sectors,MM,2039,4,-8
cash_sectors,MM,2040,4,-8
cash_sectors,MM,2041,4,-8
cash_sectors,MM,2042,4,-9
cash_sectors,MM,2043,4,-9
cash_sectors,MM,2044,4,-10
cash_sectors,MM,2045,4,-11
cash_sectors,MM,2046,4,-12
cash_sectors,MM,2047,4,-12
cash_sectors,MM,2048,4,-12
cash_sectors,MM,2049,4,-13
cash_sectors,MM,2050,4,-14
cash_sectors,MM,2051,4,-15
cash_sectors,MM,2052,4,-15
cash_sectors,MM,2053,4,-15
cash_sectors,MM,2054,4,-16
cash_sectors,MM,2055,4,-17
cash_sectors,MM,2056,4,-16
cash_sectors,MM,2057,4,-17
cash_sectors,MM,2058,4,-17
cash_sectors,MM,2059,4,-17
cash_sectors,MM,2060,4,-18
cash_sectors,MM,2061,4,-19
cash_sectors,MM,2062,4,-19
cash_sectors,MM,2063,4,-19
cash_sectors,MM,2064,4,-20
cash_sectors,MM,2065,4,-21
cash_sectors,MM,2066,4,-21
cash_sectors,MM,2067,4,-21
cash_sectors,MM,2068,4,-22
cash_sectors,MM,2069,4,-23
cash_sectors,MM,2082,4,-31
cash_sectors,NE,2047,4,-94
cash_sectors,NE,2049,4,-111
cash_sectors,NE,2050,4,-121
cash_sectors,NE,2051,4,-124
cash_sectors,NE,2052,4,-126
cash_sectors,NE,2053,4,-129
cash_sectors,NE,2054,4,-132
cash_sectors,NE,2055,4,-135
cash_sectors,NE,2056,4,-138
cash_sectors,NE,2057,4,-141
cash_sectors,NE,2058,4,-144
cash_sectors,NE,2059,4,-148
cash_sectors,NE,2060,4,-152
cash_sectors,NE,2061,4,-155
cash_sectors,NE,2062,4,-159
cash_sectors,NE,2063,4,-163
cash_sectors,NE,2064,4,-168
cash_sectors,NE,2065,4,-172
cash_sectors,NE,2066,4,-177
cash_sectors,NE,2067,4,-181
cash_sectors,PK,2026,4,-27
cash_sectors,PK,2027,4,-35
cash_sectors,PK,2028,4,-35
cash_sectors,PK,2029,4,-35
cash_sectors,PK,2030,4,-34
cash_sectors,PK,2031,4,-36
cash_sectors,PK,2032,4,-36
cash_sectors,PK,2033,4,-38
cash_sectors,PK,2034,4,-39
cash_sectors,PK,2035,4,-40
cash_sectors,PK,2036,4,-42
cash_sectors,PK,2037,4,-43
cash_sectors,PK,2038,4,-45
cash_sectors,PK,2039,4,-46
cash_sectors,PK,2040,4,-48
cash_sectors,PK,2041,4,-51
cash_sectors,PK,2042,4,-53
cash_sectors,PK,2043,4,-55
cash_sectors,PK,2044,4,-58
cash_sectors,PK,2045,4,-62
cash_sectors,PK,2046,4,-64
cash_sectors,PK,2047,4,-68
cash_sectors,PK,2048,4,-72
cash_sectors,PK,2049,4,-76
cash_sectors,PK,2050,4,-80
cash_sectors,PK,2051,4,-82
cash_sectors,PK,2052,4,-83
cash_sectors,PK,2053,4,-85
cash_sectors,PK,2054,4,-87
cash_sectors,PK,2055,4,-89
cash_sectors,PK,2056,4,-91
cash_sectors,PK,2057,4,-93
cash_sectors,PK,2058,4,-95
cash_sectors,PK,2059,4,-97
cash_sectors,PK,2060,4,-99
cash_sectors,PK,2061,4,-102
cash_sectors,PK,2062,4,-104
cash_sectors,PK,2063,4,-107
cash_sectors,PK,2064,4,-109
cash_sectors,PK,2065,4,-111
cash_sectors,PK,2066,4,-114
cash_sectors,PK,2067,4,-117
cash_sectors,PK,2068,4,-120
cash_sectors,PK,2082,4,-163
cash_sectors,SA,2026,4,-61
cash_sectors,SA,2027,4,-86
cash_sectors,SA,2028,4,-94
cash_sectors,SA,2029,4,-103
cash_sectors,SA,2030,4,-111
cash_sectors,SA,2031,4,-119
cash_sectors,SA,2032,4,-128
cash_sectors,SA,2033,4,-135
cash_sectors,SA,2034,4,-141
cash_sectors,SA,2035,4,-147
cash_sectors,SA,2036,4,-155
cash_sectors,SA,2037,4,-164
cash_sectors,SA,2038,4,-172
cash_sectors,SA,2039,4,-181
cash_sectors,SA,2040,4,-189
cash_sectors,SA,2041,4,-198
cash_sectors,SA,2042,4,-206
cash_sectors,SA,2043,4,-215
cash_sectors,SA,2044,4,-224
cash_sectors,CA,2025,3,-2254
cash_sectors,CL,2025,3,-1076
cash_sectors,ES,2025,3,-2236
cash_sectors,FR,2025,3,-2419
cash_sectors,IT,2025,3,-1928
cash_sectors,MX,2025,3,-10581
cash_sectors,NO,2025,3,-3209
cash_sectors,OH,2026,3,-12
cash_sectors,US,2025,3,-1094
cash_sectors,ZA,2025,3,-558
cash_sectors,AU,2025,2,-1967
cash_sectors,IR,2025,2,-106
cash_sectors,OC,2025,2,-2342
cash_sectors,OD,2025,2,-82
cash_sectors,QM,2025,2,-794
cash_sectors,TR,2025,2,-555
cash_sectors,BD,2025,1,-27
cash_sectors,CD,2025,1,-8
cash_sectors,CN,2025,1,-13
cash_sectors,DZ,2025,1,-33
cash_sectors,EG,2025,1,-101
cash_sectors,IN,2025,1,-24
cash_sectors,KR,2025,1,-764
cash_sectors,MA,2025,1,-68
cash_sectors,OA,2025,1,-261
cash_sectors,OB,2025,1,-71
cash_sectors,OE,2025,1,-65
cash_sectors,OJ,2025,1,-2
cash_sectors,PH,2025,1,-29
cash_sectors,SD,2025,1,-2
cash_sectors,TH,2025,1,-243
cash_sectors,TW,2025,1,-673
cash_sectors,VN,2025,1,-169
income_post_gjf,BR,2096,17,-859
income_post_gjf,AR,2096,15,-3808
income_post_gjf,BR,2095,15,-1668
income_post_gjf,AR,2095,14,-3323
income_post_gjf,AR,2094,12,-2439
income_post_gjf,NL,2089,11,-3421
income_post_gjf,BR,2094,10,-1749
income_post_gjf,AR,2093,9,-1558
income_post_gjf,AU,2096,9,-3871
income_post_gjf,CO,2077,9,-1994
income_post_gjf,CO,2078,9,-2948
income_post_gjf,CO,2094,9,-5848
income_post_gjf,CO,2095,9,-2158
income_post_gjf,NL,2086,9,-2514
income_post_gjf,NL,2088,9,-3700
income_post_gjf,NL,2090,9,-2434
income_post_gjf,NL,2091,9,-2695
income_post_gjf,NL,2092,9,-3574
income_post_gjf,NL,2093,9,-4743
income_post_gjf,BR,2097,8,-265
income_post_gjf,CO,2075,8,-1246
income_post_gjf,CO,2076,8,-1264
income_post_gjf,CO,2079,8,-2927
income_post_gjf,CO,2080,8,-2893
income_post_gjf,CO,2081,8,-2526
income_post_gjf,CO,2082,8,-2170
income_post_gjf,CO,2096,8,-269
income_post_gjf,IR,2082,8,-2838
income_post_gjf,IR,2083,8,-3857
income_post_gjf,IR,2086,8,-4711
income_post_gjf,IR,2087,8,-4891
income_post_gjf,IT,2090,8,-6215
income_post_gjf,IT,2094,8,-3169
income_post_gjf,IT,2095,8,-4187
income_post_gjf,JP,2082,8,-3085
income_post_gjf,JP,2083,8,-2560
income_post_gjf,JP,2084,8,-4096
income_post_gjf,JP,2085,8,-3350
income_post_gjf,JP,2086,8,-2667
income_post_gjf,JP,2087,8,-2048
income_post_gjf,JP,2088,8,-5666
income_post_gjf,JP,2089,8,-7795
income_post_gjf,NL,2085,8,-3181
income_post_gjf,NL,2087,8,-4621
income_post_gjf,NL,2094,8,-3770
income_post_gjf,OB,2097,8,-5070
income_post_gjf,TH,2095,8,-5268
income_post_gjf,TH,2096,8,-2743
income_post_gjf,TH,2097,8,-5222
income_post_gjf,AE,2091,7,-3945
income_post_gjf,AE,2092,7,-2924
income_post_gjf,AE,2093,7,-3837
income_post_gjf,AE,2097,7,-3118
income_post_gjf,AU,2088,7,-2400
income_post_gjf,AU,2090,7,-4771
income_post_gjf,AU,2091,7,-3123
income_post_gjf,AU,2097,7,-1178
income_post_gjf,BD,2093,7,-3184
income_post_gjf,BD,2098,7,-5033
income_post_gjf,CA,2088,7,-2714
income_post_gjf,CA,2089,7,-2037
income_post_gjf,CA,2090,7,-4619
income_post_gjf,CA,2091,7,-3185
income_post_gjf,CD,2097,7,-3275
income_post_gjf,CL,2097,7,-3080
income_post_gjf,CL,2098,7,-3527
income_post_gjf,CO,2074,7,-1228
income_post_gjf,CO,2083,7,-1828
income_post_gjf,CO,2084,7,-1501
income_post_gjf,DE,2092,7,-3464
income_post_gjf,DK,2088,7,-4586
income_post_gjf,DK,2090,7,-5693
income_post_gjf,ES,2091,7,-3014
income_post_gjf,FR,2089,7,-3929
income_post_gjf,FR,2096,7,-3895
income_post_gjf,GB,2089,7,-2621
income_post_gjf,GB,2091,7,-5805
income_post_gjf,ID,2093,7,-3312
income_post_gjf,ID,2098,7,-3870
income_post_gjf,IR,2079,7,-2457
income_post_gjf,IR,2080,7,-2563
income_post_gjf,IR,2081,7,-3238
income_post_gjf,IR,2084,7,-3324
income_post_gjf,IR,2085,7,-2811
income_post_gjf,IR,2090,7,-3469
income_post_gjf,IR,2091,7,-2504
income_post_gjf,IR,2092,7,-2600
income_post_gjf,IR,2094,7,-5626
income_post_gjf,IT,2086,7,-2669
income_post_gjf,IT,2087,7,-2703
income_post_gjf,IT,2088,7,-4309
income_post_gjf,IT,2089,7,-3220
income_post_gjf,IT,2093,7,-2710
income_post_gjf,IT,2096,7,-5779
income_post_gjf,JP,2081,7,-3627
income_post_gjf,KE,2087,7,-3024
income_post_gjf,KE,2088,7,-4692
income_post_gjf,MM,2098,7,-3598
income_post_gjf,MX,2094,7,-3405
income_post_gjf,MX,2095,7,-2971
income_post_gjf,NG,2085,7,-2924
income_post_gjf,NL,2082,7,-3391
income_post_gjf,NL,2083,7,-2703
income_post_gjf,NL,2084,7,-2304
income_post_gjf,NO,2089,7,-3668
income_post_gjf,NO,2090,7,-3595
income_post_gjf,NO,2091,7,-4010
income_post_gjf,NO,2096,7,-2891
income_post_gjf,NZ,2092,7,-6193
income_post_gjf,OC,2087,7,-2750
income_post_gjf,OC,2089,7,-4808
income_post_gjf,OC,2090,7,-3500
income_post_gjf,OD,2093,7,-3762
income_post_gjf,OH,2099,7,-3425
income_post_gjf,PH,2092,7,-3048
income_post_gjf,PH,2097,7,-3010
income_post_gjf,PK,2098,7,-5891
income_post_gjf,QM,2098,7,-3565
income_post_gjf,SE,2088,7,-3095
income_post_gjf,SE,2089,7,-5177
income_post_gjf,TR,2094,7,-5441
income_post_gjf,VN,2092,7,-3601
income_post_gjf,ZA,2093,7,-3331
income_post_gjf,AE,2090,6,-3144
income_post_gjf,AU,2086,6,-3672
income_post_gjf,AU,2087,6,-2643
income_post_gjf,AU,2089,6,-6703
income_post_gjf,AU,2095,6,-2784
income_post_gjf,BD,2092,6,-4611
income_post_gjf,BR,2093,6,-1411
income_post_gjf,CA,2087,6,-2481
income_post_gjf,CA,2097,6,-3526
income_post_gjf,CI,2086,6,-4727
income_post_gjf,CO,2072,6,-745
income_post_gjf,CO,2073,6,-1202
income_post_gjf,CO,2085,6,-1191
income_post_gjf,DE,2091,6,-4397
income_post_gjf,DE,2096,6,-3376
income_post_gjf,DE,2097,6,-4205
income_post_gjf,DK,2086,6,-2818
income_post_gjf,DK,2087,6,-2644
income_post_gjf,DK,2089,6,-3389
income_post_gjf,DK,2091,6,-3911
income_post_gjf,DK,2096,6,-3103
income_post_gjf,DK,2097,6,-4356
income_post_gjf,EG,2090,6,-3263
income_post_gjf,EG,2091,6,-2971
income_post_gjf,EG,2092,6,-3729
income_post_gjf,EG,2093,6,-5640
income_post_gjf,EG,2098,6,-5031
income_post_gjf,ES,2088,6,-2619
income_post_gjf,ES,2090,6,-4303
income_post_gjf,ES,2092,6,-4612
income_post_gjf,ES,2097,6,-5282
income_post_gjf,FR,2085,6,-2611
income_post_gjf,FR,2086,6,-2914
income_post_gjf,FR,2087,6,-3337
income_post_gjf,FR,2088,6,-3871
income_post_gjf,FR,2090,6,-4884
income_post_gjf,FR,2097,6,-4775
income_post_gjf,GB,2088,6,-2379
income_post_gjf,GB,2090,6,-3720
income_post_gjf,GB,2092,6,-3935
income_post_gjf,GB,2097,6,-3977
income_post_gjf,ID,2092,6,-2851
income_post_gjf,ID,2094,6,-4557
income_post_gjf,IN,2094,6,-5153
income_post_gjf,IR,2072,6,-1127
income_post_gjf,IR,2073,6,-1673
income_post_gjf,IR,2074,6,-1815
income_post_gjf,IR,2075,6,-1950
income_post_gjf,IR,2076,6,-2088
income_post_gjf,IR,2077,6,-2220
income_post_gjf,IR,2078,6,-2343
income_post_gjf,IR,2088,6,-3919
income_post_gjf,IR,2089,6,-4527
income_post_gjf,IR,2093,6,-4313
income_post_gjf,IR,2095,6,-3749
income_post_gjf,IT,2085,6,-2643
income_post_gjf,IT,2091,6,-4345
income_post_gjf,IT,2092,6,-4363
income_post_gjf,JP,2080,6,-4187
income_post_gjf,JP,2090,6,-5533
income_post_gjf,JP,2096,6,-3920
income_post_gjf,KE,2082,6,-2528
income_post_gjf,KE,2083,6,-3222
income_post_gjf,KE,2085,6,-4221
income_post_gjf,KE,2086,6,-3502
income_post_gjf,KR,2087,6,-2623
income_post_gjf,KR,2089,6,-4727
income_post_gjf,KR,2090,6,-3910
income_post_gjf,KR,2091,6,-6005
income_post_gjf,MA,2097,6,-5720
income_post_gjf,MM,2092,6,-4237
income_post_gjf,MM,2093,6,-5940
income_post_gjf,MX,2096,6,-7963
income_post_gjf,MX,2098,6,-4314
income_post_gjf,NE,2094,6,-3176
income_post_gjf,NE,2095,6,-4744
income_post_gjf,NE,2096,6,-3546
income_post_gjf,NG,2082,6,-2656
income_post_gjf,NG,2083,6,-4132
income_post_gjf,NG,2084,6,-3513
income_post_gjf,NG,2086,6,-5227
income_post_gjf,NG,2096,6,-4441
income_post_gjf,NO,2088,6,-2520
income_post_gjf,NO,2092,6,-5387
income_post_gjf,NO,2095,6,-2801
income_post_gjf,NO,2097,6,-4817
income_post_gjf,NZ,2089,6,-3664
income_post_gjf,NZ,2090,6,-2679
income_post_gjf,NZ,2091,6,-4036
income_post_gjf,NZ,2097,6,-4294
income_post_gjf,OA,2090,6,-3594
income_post_gjf,OA,2092,6,-6527
income_post_gjf,OA,2097,6,-5432
income_post_gjf,OA,2098,6,-6272
income_post_gjf,OB,2095,6,-3380
income_post_gjf,OB,2096,6,-3845
income_post_gjf,OC,2086,6,-3360
income_post_gjf,OC,2088,6,-3580
income_post_gjf,OC,2091,6,-4457
income_post_gjf,OC,2095,6,-2470
income_post_gjf,OC,2096,6,-5115
income_post_gjf,OD,2092,6,-3266
income_post_gjf,OD,2098,6,-5876
income_post_gjf,OE,2099,6,-3398
income_post_gjf,OI,2094,6,-4008
income_post_gjf,OI,2095,6,-4113
income_post_gjf,OI,2098,6,-4573
income_post_gjf,OJ,2092,6,-5788
income_post_gjf,OJ,2093,6,-4222
income_post_gjf,OJ,2098,6,-4103
income_post_gjf,PH,2091,6,-4360
income_post_gjf,PH,2093,6,-4329
income_post_gjf,PH,2098,6,-4204
income_post_gjf,PK,2091,6,-3059
income_post_gjf,PK,2092,6,-3973
income_post_gjf,PK,2093,6,-5935
income_post_gjf,QM,2090,6,-3560
income_post_gjf,QM,2091,6,-4593
income_post_gjf,QM,2092,6,-3708
income_post_gjf,RU,2099,6,-4068
income_post_gjf,RW,2089,6,-2948
income_post_gjf,RW,2090,6,-4404
income_post_gjf,RW,2091,6,-3248
income_post_gjf,RW,2097,6,-3042
income_post_gjf,SA,2095,6,-4218
income_post_gjf,SD,2096,6,-2870
income_post_gjf,SD,2097,6,-3927
income_post_gjf,SE,2085,6,-2383
income_post_gjf,SE,2086,6,-2541
income_post_gjf,SE,2087,6,-4069
income_post_gjf,SE,2090,6,-3714
income_post_gjf,SE,2096,6,-4975
income_post_gjf,TH,2093,6,-7273
income_post_gjf,TR,2092,6,-2552
income_post_gjf,TR,2093,6,-4178
income_post_gjf,TR,2095,6,-3339
income_post_gjf,TR,2098,6,-5202
income_post_gjf,TW,2093,6,-5330
income_post_gjf,TW,2094,6,-3408
income_post_gjf,US,2094,6,-3744
income_post_gjf,US,2098,6,-4662
income_post_gjf,VN,2091,6,-4109
income_post_gjf,VN,2093,6,-4108
income_post_gjf,VN,2097,6,-3341
income_post_gjf,VN,2098,6,-3768
income_post_gjf,ZA,2090,6,-2782
income_post_gjf,ZA,2092,6,-5097
income_post_gjf,AE,2089,5,-3694
income_post_gjf,AE,2094,5,-7999
income_post_gjf,AE,2096,5,-3635
income_post_gjf,AE,2098,5,-3678
income_post_gjf,AR,2097,5,-3674
income_post_gjf,AU,2092,5,-5627
income_post_gjf,AU,2094,5,-5395
income_post_gjf,BD,2090,5,-3235
income_post_gjf,BD,2091,5,-3794
income_post_gjf,BD,2094,5,-4385
income_post_gjf,BD,2097,5,-3284
income_post_gjf,CA,2086,5,-3414
income_post_gjf,CA,2092,5,-3526
income_post_gjf,CA,2096,5,-2945
income_post_gjf,CD,2080,5,-3083
income_post_gjf,CD,2081,5,-3150
income_post_gjf,CD,2082,5,-4597
income_post_gjf,CD,2083,5,-4149
income_post_gjf,CD,2084,5,-3692
income_post_gjf,CD,2085,5,-3230
income_post_gjf,CD,2086,5,-5246
income_post_gjf,CD,2087,5,-4891
income_post_gjf,CD,2098,5,-3954
income_post_gjf,CI,2080,5,-2856
income_post_gjf,CI,2083,5,-3500
income_post_gjf,CI,2084,5,-4102
income_post_gjf,CI,2085,5,-3398
income_post_gjf,CI,2087,5,-4838
income_post_gjf,CI,2097,5,-4786
income_post_gjf,CN,2084,5,-3309
income_post_gjf,CN,2085,5,-5707
income_post_gjf,CN,2098,5,-5303
income_post_gjf,CO,2070,5,-671
income_post_gjf,CO,2071,5,-711
income_post_gjf,CO,2086,5,-899
income_post_gjf,DE,2089,5,-4028
income_post_gjf,DE,2090,5,-3233
income_post_gjf,DE,2093,5,-4245
income_post_gjf,DK,2085,5,-3824
income_post_gjf,DK,2095,5,-3960
income_post_gjf,DZ,2091,5,-3111
income_post_gjf,DZ,2092,5,-3804
income_post_gjf,DZ,2093,5,-5443
income_post_gjf,DZ,2094,5,-3358
income_post_gjf,DZ,2098,5,-4141
income_post_gjf,EG,2089,5,-3305
income_post_gjf,ES,2087,5,-3323
income_post_gjf,ES,2089,5,-2995
income_post_gjf,ES,2093,5,-3831
income_post_gjf,ES,2096,5,-2756
income_post_gjf,ES,2098,5,-3284
income_post_gjf,ET,2095,5,-4059
income_post_gjf,ET,2096,5,-3864
income_post_gjf,FR,2084,5,-3386
income_post_gjf,FR,2091,5,-3332
income_post_gjf,FR,2095,5,-2948
income_post_gjf,GB,2087,5,-3393
income_post_gjf,GB,2093,5,-7598
income_post_gjf,GB,2096,5,-3001
income_post_gjf,ID,2090,5,-3409
income_post_gjf,ID,2091,5,-2527
income_post_gjf,ID,2097,5,-2906
income_post_gjf,IN,2093,5,-4026
income_post_gjf,IN,2095,5,-6870
income_post_gjf,IR,2071,5,-663
income_post_gjf,IT,2084,5,-3465
income_post_gjf,JP,2094,5,-4069
income_post_gjf,JP,2095,5,-4105
income_post_gjf,KE,2080,5,-3004
income_post_gjf,KE,2081,5,-2910
income_post_gjf,KE,2084,5,-2742
income_post_gjf,KE,2089,5,-3637
income_post_gjf,KE,2090,5,-5067
income_post_gjf,KE,2094,5,-3663
income_post_gjf,KE,2095,5,-4234
income_post_gjf,KE,2096,5,-4092
income_post_gjf,KR,2086,5,-3331
income_post_gjf,KR,2088,5,-3411
income_post_gjf,KR,2097,5,-3963
income_post_gjf,MA,2078,5,-3094
income_post_gjf,MA,2079,5,-4463
income_post_gjf,MA,2080,5,-5949
income_post_gjf,MA,2081,5,-5381
income_post_gjf,MA,2096,5,-3863
income_post_gjf,ML,2094,5,-4363
income_post_gjf,ML,2095,5,-5291
income_post_gjf,ML,2096,5,-5566
income_post_gjf,MM,2089,5,-3400
income_post_gjf,MM,2090,5,-2734
income_post_gjf,MM,2091,5,-3278
income_post_gjf,MM,2097,5,-2910
income_post_gjf,MX,2093,5,-2450
income_post_gjf,MX,2097,5,-3542
income_post_gjf,NE,2092,5,-3894
income_post_gjf,NE,2093,5,-3042
income_post_gjf,NG,2076,5,-1464
income_post_gjf,NG,2077,5,-2272
income_post_gjf,NG,2078,5,-2249
income_post_gjf,NG,2079,5,-2215
income_post_gjf,NG,2080,5,-3499
income_post_gjf,NG,2081,5,-3070
income_post_gjf,NG,2087,5,-4245
income_post_gjf,NG,2095,5,-3455
income_post_gjf,NL,2081,5,-4122
income_post_gjf,NO,2087,5,-3129
income_post_gjf,NZ,2088,5,-3426
income_post_gjf,NZ,2098,5,-5450
income_post_gjf,OA,2087,5,-2988
income_post_gjf,OA,2089,5,-3673
income_post_gjf,OA,2091,5,-2629
income_post_gjf,OA,2096,5,-6061
income_post_gjf,OB,2098,5,-7841
income_post_gjf,OC,2085,5,-3119
income_post_gjf,OC,2094,5,-3598
income_post_gjf,OD,2089,5,-2774
income_post_gjf,OD,2090,5,-3797
income_post_gjf,OD,2091,5,-4625
income_post_gjf,OD,2097,5,-4010
income_post_gjf,OE,2094,5,-4744
income_post_gjf,OE,2095,5,-4917
income_post_gjf,OE,2096,5,-3963
income_post_gjf,OH,2094,5,-4752
income_post_gjf,OH,2095,5,-6642
income_post_gjf,OI,2093,5,-4281
income_post_gjf,OI,2096,5,-9071
income_post_gjf,OJ,2090,5,-2715
income_post_gjf,OJ,2091,5,-3927
income_post_gjf,OJ,2097,5,-3726
income_post_gjf,PH,2089,5,-3022
income_post_gjf,PH,2090,5,-3427
income_post_gjf,PH,2094,5,-6629
income_post_gjf,PH,2096,5,-4141
income_post_gjf,PK,2090,5,-3159
income_post_gjf,PK,2097,5,-3171
income_post_gjf,QM,2089,5,-2995
income_post_gjf,QM,2093,5,-5266
income_post_gjf,QM,2097,5,-5600
income_post_gjf,RU,2093,5,-3940
income_post_gjf,RU,2094,5,-3507
income_post_gjf,RU,2095,5,-3871
income_post_gjf,RW,2086,5,-3536
income_post_gjf,RW,2087,5,-2922
income_post_gjf,RW,2088,5,-3729
income_post_gjf,RW,2092,5,-5253
income_post_gjf,RW,2096,5,-3812
income_post_gjf,RW,2098,5,-2835
income_post_gjf,SA,2093,5,-2951
income_post_gjf,SA,2094,5,-4119
income_post_gjf,SA,2096,5,-4973
income_post_gjf,SE,2084,5,-3180
income_post_gjf,SE,2091,5,-5956
income_post_gjf,SE,2095,5,-3029
income_post_gjf,SE,2097,5,-4395
income_post_gjf,TH,2090,5,-2747
income_post_gjf,TH,2091,5,-4143
income_post_gjf,TH,2092,5,-2773
income_post_gjf,TH,2094,5,-4341
income_post_gjf,TR,2097,5,-4116
income_post_gjf,TW,2091,5,-3476
income_post_gjf,TW,2092,5,-4033
income_post_gjf,TW,2098,5,-4005
income_post_gjf,US,2092,5,-3027
income_post_gjf,US,2093,5,-3268
income_post_gjf,US,2095,5,-4852
income_post_gjf,VN,2089,5,-2767
income_post_gjf,VN,2090,5,-3235
income_post_gjf,VN,2094,5,-7602
income_post_gjf,VN,2096,5,-4101
income_post_gjf,ZA,2089,5,-3428
income_post_gjf,ZA,2091,5,-2865
income_post_gjf,ZA,2098,5,-4702
income_post_gjf,AE,2077,4,-1984
income_post_gjf,AE,2078,4,-4773
income_post_gjf,AE,2095,4,-5078
income_post_gjf,AU,2085,4,-4790
income_post_gjf,BD,2089,4,-4371
income_post_gjf,BD,2095,4,-8102
income_post_gjf,CA,2085,4,-4580
income_post_gjf,CD,2075,4,-2199
income_post_gjf,CD,2076,4,-2394
income_post_gjf,CD,2077,4,-2581
income_post_gjf,CD,2078,4,-2759
income_post_gjf,CD,2079,4,-2926
income_post_gjf,CD,2088,4,-4073
income_post_gjf,CD,2089,4,-3274
income_post_gjf,CD,2090,4,-6486
income_post_gjf,CD,2096,4,-3493
income_post_gjf,CI,2076,4,-1633
income_post_gjf,CI,2077,4,-2252
income_post_gjf,CI,2078,4,-2197
income_post_gjf,CI,2079,4,-2134
income_post_gjf,CI,2081,4,-4302
income_post_gjf,CI,2082,4,-3693
income_post_gjf,CI,2088,4,-3784
income_post_gjf,CI,2089,4,-5164
income_post_gjf,CI,2096,4,-4744
income_post_gjf,CI,2098,4,-3455
income_post_gjf,CL,2081,4,-3365
income_post_gjf,CL,2084,4,-4124
income_post_gjf,CL,2085,4,-3439
income_post_gjf,CL,2086,4,-2782
income_post_gjf,CL,2087,4,-2198
income_post_gjf,CL,2096,4,-4715
income_post_gjf,CN,2080,4,-3192
income_post_gjf,CN,2081,4,-3612
income_post_gjf,CN,2082,4,-4595
income_post_gjf,CN,2083,4,-3938
income_post_gjf,CN,2086,4,-4711
income_post_gjf,CN,2088,4,-5130
income_post_gjf,CO,2069,4,-465
income_post_gjf,CO,2087,4,-1685
income_post_gjf,DE,2087,4,-4478
income_post_gjf,DE,2088,4,-3148
income_post_gjf,DE,2094,4,-5317
income_post_gjf,DE,2095,4,-4612
income_post_gjf,DE,2098,4,-8503
income_post_gjf,DK,2084,4,-4920
income_post_gjf,DK,2092,4,-5927
income_post_gjf,DZ,2088,4,-3488
income_post_gjf,DZ,2090,4,-4213
income_post_gjf,EG,2088,4,-3866
income_post_gjf,EG,2094,4,-3432
income_post_gjf,EG,2097,4,-4360
income_post_gjf,ES,2086,4,-4531
income_post_gjf,ET,2094,4,-3518
income_post_gjf,ET,2097,4,-4876
income_post_gjf,FR,2083,4,-4341
income_post_gjf,FR,2092,4,-7338
income_post_gjf,GB,2086,4,-4590
income_post_gjf,GB,2094,4,-4880
income_post_gjf,GB,2095,4,-5140
income_post_gjf,GB,2098,4,-8972
income_post_gjf,ID,2089,4,-5180
income_post_gjf,ID,2095,4,-7797
income_post_gjf,IN,2091,4,-3524
income_post_gjf,IN,2092,4,-3377
income_post_gjf,IN,2098,4,-3642
income_post_gjf,IN,2099,4,-5759
income_post_gjf,IR,2070,4,-547
income_post_gjf,IT,2082,4,-5281
income_post_gjf,IT,2083,4,-4344
income_post_gjf,JP,2093,4,-4015
income_post_gjf,JP,2097,4,-1978
income_post_gjf,KE,2078,4,-3062
income_post_gjf,KE,2079,4,-3043
income_post_gjf,KE,2091,4,-5953
income_post_gjf,KE,2092,4,-4076
income_post_gjf,KE,2093,4,-6088
income_post_gjf,KE,2097,4,-3736
income_post_gjf,KR,2085,4,-3691
income_post_gjf,KR,2092,4,-4807
income_post_gjf,KR,2093,4,-2892
income_post_gjf,KR,2098,4,-4557
income_post_gjf,MA,2076,4,-1837
income_post_gjf,MA,2077,4,-2025
income_post_gjf,MA,2082,4,-4680
income_post_gjf,MA,2084,4,-3343
income_post_gjf,MA,2095,4,-4002
income_post_gjf,ML,2093,4,-3460
income_post_gjf,ML,2097,4,-3014
income_post_gjf,MM,2088,4,-3838
income_post_gjf,MM,2094,4,-4023
income_post_gjf,MX,2080,4,-2742
income_post_gjf,NE,2077,4,-2086
income_post_gjf,NE,2078,4,-2481
income_post_gjf,NE,2079,4,-4007
income_post_gjf,NE,2080,4,-5671
income_post_gjf,NE,2081,4,-5529
income_post_gjf,NE,2082,4,-4931
income_post_gjf,NE,2085,4,-3162
income_post_gjf,NG,2073,4,-926
income_post_gjf,NG,2074,4,-1456
income_post_gjf,NG,2075,4,-1460
income_post_gjf,NG,2088,4,-3330
income_post_gjf,NG,2089,4,-6123
income_post_gjf,NG,2091,4,-4359
income_post_gjf,NG,2093,4,-4904
income_post_gjf,NG,2094,4,-5228
income_post_gjf,NG,2097,4,-3708
income_post_gjf,NL,2080,4,-4895
income_post_gjf,NL,2095,4,-1867
income_post_gjf,NO,2085,4,-5483
income_post_gjf,NO,2086,4,-4255
income_post_gjf,NO,2093,4,-5274
income_post_gjf,NO,2094,4,-5528
income_post_gjf,NZ,2087,4,-3850
income_post_gjf,NZ,2093,4,-3931
income_post_gjf,NZ,2096,4,-4367
income_post_gjf,OA,2086,4,-3006
income_post_gjf,OA,2088,4,-3259
income_post_gjf,OA,2093,4,-4265
income_post_gjf,OA,2094,4,-8284
income_post_gjf,OC,2083,4,-5014
income_post_gjf,OC,2084,4,-4032
income_post_gjf,OC,2092,4,-6035
income_post_gjf,OC,2093,4,-6121
income_post_gjf,OC,2097,4,-4284
income_post_gjf,OD,2088,4,-3711
income_post_gjf,OD,2094,4,-4795
income_post_gjf,OD,2095,4,-3598
income_post_gjf,OE,2093,4,-4134
income_post_gjf,OH,2092,4,-4280
income_post_gjf,OH,2093,4,-3830
income_post_gjf,OH,2096,4,-6574
income_post_gjf,OJ,2087,4,-4257
income_post_gjf,OJ,2088,4,-3611
income_post_gjf,OJ,2089,4,-3100
income_post_gjf,OJ,2094,4,-4368
income_post_gjf,PH,2088,4,-4528
income_post_gjf,PH,2095,4,-4617
income_post_gjf,PK,2088,4,-3889
income_post_gjf,PK,2089,4,-3367
income_post_gjf,PK,2094,4,-3661
income_post_gjf,PK,2096,4,-6788
income_post_gjf,QM,2088,4,-3456
income_post_gjf,RU,2092,4,-4526
income_post_gjf,RU,2096,4,-3929
income_post_gjf,RW,2084,4,-3531
income_post_gjf,RW,2085,4,-2716
income_post_gjf,RW,2093,4,-3484
income_post_gjf,SA,2098,4,-3631
income_post_gjf,SA,2099,4,-4610
income_post_gjf,SD,2084,4,-3329
income_post_gjf,SD,2095,4,-3784
income_post_gjf,SD,2098,4,-8565
income_post_gjf,SE,2083,4,-4094
income_post_gjf,SE,2094,4,-4234
income_post_gjf,TH,2089,4,-3187
income_post_gjf,TR,2076,4,-1938
income_post_gjf,TR,2077,4,-4068
income_post_gjf,TR,2091,4,-4257
income_post_gjf,TR,2096,4,-4737
income_post_gjf,TW,2073,4,-1463
income_post_gjf,TW,2075,4,-1634
income_post_gjf,TW,2090,4,-4421
income_post_gjf,TW,2095,4,-4439
income_post_gjf,US,2072,4,-898
income_post_gjf,US,2074,4,-1397
income_post_gjf,US,2077,4,-2688
income_post_gjf,US,2091,4,-4187
income_post_gjf,VN,2088,4,-4202
income_post_gjf,VN,2095,4,-4577
income_post_gjf,ZA,2088,4,-4796
income_post_gjf,ZA,2094,4,-6753
income_post_gjf,AE,2071,3,-696
income_post_gjf,AE,2072,3,-1424
income_post_gjf,AE,2073,3,-1301
income_post_gjf,AE,2074,3,-2418
income_post_gjf,AE,2075,3,-2326
income_post_gjf,AE,2076,3,-2140
income_post_gjf,AE,2079,3,-4402
income_post_gjf,AE,2080,3,-4022
income_post_gjf,AE,2082,3,-3801
income_post_gjf,AE,2087,3,-6719
income_post_gjf,AE,2088,3,-5138
income_post_gjf,AU,2084,3,-5997
income_post_gjf,BD,2088,3,-6234
income_post_gjf,BD,2096,3,-7411
income_post_gjf,BR,2077,3,-2646
income_post_gjf,BR,2078,3,-2996
income_post_gjf,BR,2079,3,-4155
income_post_gjf,BR,2080,3,-4171
income_post_gjf,BR,2081,3,-3701
income_post_gjf,CA,2084,3,-5845
income_post_gjf,CA,2093,3,-8065
income_post_gjf,CA,2098,3,-5279
income_post_gjf,CD,2072,3,-1613
income_post_gjf,CD,2073,3,-1814
income_post_gjf,CD,2074,3,-2010
income_post_gjf,CD,2091,3,-4969
income_post_gjf,CD,2093,3,-8189
income_post_gjf,CI,2074,3,-1607
income_post_gjf,CI,2075,3,-1656
income_post_gjf,CI,2090,3,-6005
income_post_gjf,CI,2091,3,-4262
income_post_gjf,CI,2092,3,-2736
income_post_gjf,CL,2078,3,-2839
income_post_gjf,CL,2079,3,-3878
income_post_gjf,CL,2080,3,-3808
income_post_gjf,CL,2082,3,-4244
income_post_gjf,CL,2083,3,-4826
income_post_gjf,CL,2088,3,-1661
income_post_gjf,CL,2089,3,-1175
income_post_gjf,CL,2090,3,-4159
income_post_gjf,CL,2091,3,-9941
income_post_gjf,CL,2099,3,-2698
income_post_gjf,CN,2073,3,-1027
income_post_gjf,CN,2074,3,-2125
income_post_gjf,CN,2075,3,-2639
income_post_gjf,CN,2076,3,-2780
income_post_gjf,CN,2077,3,-2907
income_post_gjf,CN,2078,3,-3018
income_post_gjf,CN,2079,3,-3113
income_post_gjf,CN,2087,3,-3776
income_post_gjf,CN,2089,3,-5906
income_post_gjf,CN,2090,3,-4383
income_post_gjf,CN,2091,3,-3962
income_post_gjf,CN,2097,3,-4928
income_post_gjf,CO,2088,3,-6434
income_post_gjf,CO,2097,3,-32
income_post_gjf,DK,2073,3,-927
income_post_gjf,DK,2074,3,-2739
income_post_gjf,DK,2083,3,-6110
income_post_gjf,DK,2093,3,-6006
income_post_gjf,DK,2098,3,-5131
income_post_gjf,DZ,2087,3,-4842
income_post_gjf,DZ,2089,3,-3333
income_post_gjf,DZ,2095,3,-5069
income_post_gjf,DZ,2096,3,-7941
income_post_gjf,DZ,2099,3,-4297
income_post_gjf,EG,2087,3,-5172
income_post_gjf,EG,2095,3,-7157
income_post_gjf,ES,2085,3,-5847
income_post_gjf,ES,2094,3,-6068
income_post_gjf,ES,2095,3,-6319
income_post_gjf,ET,2079,3,-2652
income_post_gjf,ET,2080,3,-3847
income_post_gjf,ET,2081,3,-6698
income_post_gjf,ET,2082,3,-6594
income_post_gjf,ET,2093,3,-6147
income_post_gjf,ET,2098,3,-9703
income_post_gjf,FR,2081,3,-6459
income_post_gjf,FR,2082,3,-5365
income_post_gjf,FR,2093,3,-4526
income_post_gjf,FR,2094,3,-5597
income_post_gjf,GB,2085,3,-5893
income_post_gjf,ID,2096,3,-6387
income_post_gjf,IN,2090,3,-5495
income_post_gjf,IN,2096,3,-3231
income_post_gjf,IR,2069,3,-246
income_post_gjf,IR,2096,3,-1845
income_post_gjf,JP,2072,3,-1375
income_post_gjf,JP,2076,3,-3133
income_post_gjf,JP,2077,3,-4224
income_post_gjf,JP,2078,3,-3932
income_post_gjf,JP,2079,3,-3766
income_post_gjf,JP,2091,3,-4940
income_post_gjf,JP,2092,3,-6558
income_post_gjf,KE,2076,3,-3038
income_post_gjf,KE,2077,3,-3060
income_post_gjf,KE,2098,3,-10430
income_post_gjf,KR,2084,3,-4783
income_post_gjf,KR,2096,3,-4970
income_post_gjf,MA,2083,3,-4000
income_post_gjf,MA,2085,3,-4817
income_post_gjf,MA,2086,3,-7109
income_post_gjf,MA,2098,3,-1524
income_post_gjf,ML,2078,3,-2878
income_post_gjf,ML,2079,3,-2994
income_post_gjf,ML,2092,3,-5644
income_post_gjf,MM,2087,3,-5394
income_post_gjf,MM,2095,3,-8163
income_post_gjf,MM,2096,3,-7682
income_post_gjf,MX,2075,3,-2168
income_post_gjf,MX,2076,3,-2769
income_post_gjf,MX,2077,3,-2880
income_post_gjf,MX,2078,3,-2848
income_post_gjf,MX,2079,3,-2802
income_post_gjf,MX,2081,3,-4505
income_post_gjf,MX,2082,3,-6310
income_post_gjf,MX,2083,3,-5372
income_post_gjf,MX,2091,3,-4099
income_post_gjf,MX,2092,3,-3674
income_post_gjf,MX,2099,3,-4211
income_post_gjf,NE,2076,3,-1924
income_post_gjf,NE,2083,3,-4335
income_post_gjf,NE,2084,3,-3744
income_post_gjf,NE,2086,3,-4528
income_post_gjf,NE,2087,3,-7870
income_post_gjf,NE,2089,3,-5056
income_post_gjf,NE,2090,3,-6327
income_post_gjf,NE,2091,3,-5481
income_post_gjf,NE,2097,3,-6132
income_post_gjf,NG,2071,3,-882
income_post_gjf,NG,2072,3,-907
income_post_gjf,NG,2090,3,-6108
income_post_gjf,NG,2092,3,-7431
income_post_gjf,NL,2072,3,-1547
income_post_gjf,NL,2073,3,-1949
income_post_gjf,NL,2075,3,-1510
income_post_gjf,NL,2076,3,-4280
income_post_gjf,NL,2077,3,-3907
income_post_gjf,NL,2078,3,-3523
income_post_gjf,NL,2079,3,-4647
income_post_gjf,NO,2070,3,-533
income_post_gjf,NO,2071,3,-1054
income_post_gjf,NO,2072,3,-890
income_post_gjf,NO,2073,3,-1866
income_post_gjf,NO,2074,3,-1607
income_post_gjf,NO,2075,3,-1936
income_post_gjf,NO,2076,3,-3436
income_post_gjf,NO,2077,3,-2991
income_post_gjf,NO,2079,3,-3059
income_post_gjf,NZ,2086,3,-5185
income_post_gjf,NZ,2094,3,-8519
income_post_gjf,NZ,2095,3,-4414
income_post_gjf,OA,2084,3,-4543
income_post_gjf,OA,2085,3,-3749
income_post_gjf,OB,2092,3,-5111
income_post_gjf,OB,2093,3,-6038
income_post_gjf,OB,2094,3,-6004
income_post_gjf,OB,2099,3,-4730
income_post_gjf,OC,2082,3,-6065
income_post_gjf,OD,2087,3,-4884
income_post_gjf,OE,2097,3,-4906
income_post_gjf,OH,2091,3,-3977
income_post_gjf,OH,2097,3,-3050
income_post_gjf,OH,2098,3,-7394
income_post_gjf,OI,2092,3,-7045
income_post_gjf,OI,2099,3,-4500
income_post_gjf,OJ,2086,3,-5498
income_post_gjf,OJ,2095,3,-3899
income_post_gjf,OJ,2096,3,-5950
income_post_gjf,PH,2087,3,-6170
income_post_gjf,PK,2087,3,-5439
income_post_gjf,PK,2095,3,-6988
income_post_gjf,QM,2087,3,-4738
income_post_gjf,QM,2094,3,-3026
income_post_gjf,RU,2090,3,-5754
income_post_gjf,RU,2091,3,-4071
income_post_gjf,RU,2097,3,-3427
income_post_gjf,RW,2082,3,-5222
income_post_gjf,RW,2083,3,-4368
income_post_gjf,RW,2094,3,-7392
income_post_gjf,RW,2095,3,-6281
income_post_gjf,SA,2075,3,-1490
income_post_gjf,SA,2076,3,-3998
income_post_gjf,SA,2092,3,-5302
income_post_gjf,SA,2097,3,-7470
income_post_gjf,SD,2075,3,-3524
income_post_gjf,SD,2076,3,-3880
income_post_gjf,SD,2077,3,-4226
income_post_gjf,SD,2078,3,-4559
income_post_gjf,SD,2079,3,-4878
income_post_gjf,SD,2080,3,-5179
income_post_gjf,SD,2081,3,-4730
income_post_gjf,SD,2082,3,-4271
income_post_gjf,SD,2083,3,-3803
income_post_gjf,SD,2085,3,-4755
income_post_gjf,SD,2086,3,-6898
income_post_gjf,SD,2087,3,-5855
income_post_gjf,SD,2090,3,-2863
income_post_gjf,SD,2094,3,-6663
income_post_gjf,SE,2081,3,-6127
income_post_gjf,SE,2082,3,-5077
income_post_gjf,SE,2092,3,-5854
income_post_gjf,SE,2093,3,-7224
income_post_gjf,TH,2087,3,-5885
income_post_gjf,TH,2088,3,-4408
income_post_gjf,TH,2098,3,-1538
income_post_gjf,TR,2071,3,-1292
income_post_gjf,TR,2072,3,-1200
income_post_gjf,TR,2073,3,-1099
income_post_gjf,TR,2074,3,-2272
income_post_gjf,TR,2075,3,-2103
income_post_gjf,TR,2078,3,-3785
income_post_gjf,TR,2079,3,-3489
income_post_gjf,TR,2080,3,-3181
income_post_gjf,TR,2081,3,-6420
income_post_gjf,TR,2090,3,-6169
income_post_gjf,TW,2070,3,-797
income_post_gjf,TW,2071,3,-809
income_post_gjf,TW,2072,3,-1206
income_post_gjf,TW,2074,3,-1918
income_post_gjf,TW,2076,3,-3457
income_post_gjf,TW,2077,3,-3023
income_post_gjf,TW,2078,3,-2593
income_post_gjf,TW,2079,3,-5193
income_post_gjf,TW,2096,3,-9022
income_post_gjf,TW,2099,3,-4782
income_post_gjf,US,2071,3,-1049
income_post_gjf,US,2073,3,-1615
income_post_gjf,US,2075,3,-2605
income_post_gjf,US,2076,3,-2291
income_post_gjf,US,2078,3,-4106
income_post_gjf,US,2079,3,-3594
income_post_gjf,US,2080,3,-3085
income_post_gjf,US,2081,3,-7064
income_post_gjf,US,2096,3,-8594
income_post_gjf,US,2097,3,-6837
income_post_gjf,US,2099,3,-6008
income_post_gjf,VN,2087,3,-5799
income_post_gjf,ZA,2087,3,-6268
income_post_gjf,ZA,2099,3,-5756
income_post_gjf,AE,2068,2,-145
income_post_gjf,AE,2069,2,-596
income_post_gjf,AE,2070,2,-774
income_post_gjf,AE,2081,2,-3223
income_post_gjf,AE,2083,2,-8295
income_post_gjf,AE,2084,2,-6764
income_post_gjf,AE,2086,2,-4510
income_post_gjf,AR,2092,2,-9807
income_post_gjf,AR,2098,2,-2271
income_post_gjf,AU,2071,2,-892
income_post_gjf,AU,2072,2,-2280
income_post_gjf,AU,2077,2,-1297
income_post_gjf,AU,2078,2,-4749
income_post_gjf,AU,2082,2,-4290
income_post_gjf,AU,2083,2,-6845
income_post_gjf,AU,2093,2,-6208
income_post_gjf,BD,2087,2,-8271
income_post_gjf,BR,2073,2,-1299
income_post_gjf,BR,2074,2,-2547
income_post_gjf,BR,2075,2,-2585
income_post_gjf,BR,2076,2,-2624
income_post_gjf,BR,2082,2,-3225
income_post_gjf,BR,2083,2,-2743
income_post_gjf,BR,2084,2,-2257
income_post_gjf,BR,2092,2,-1577
income_post_gjf,CA,2070,2,-640
income_post_gjf,CA,2076,2,-874
income_post_gjf,CA,2077,2,-4411
income_post_gjf,CA,2078,2,-6503
income_post_gjf,CA,2081,2,-4227
income_post_gjf,CA,2082,2,-4981
income_post_gjf,CA,2094,2,-4372
income_post_gjf,CA,2095,2,-6005
income_post_gjf,CD,2070,2,-1199
income_post_gjf,CD,2071,2,-1408
income_post_gjf,CD,2092,2,-3547
income_post_gjf,CD,2094,2,-5995
income_post_gjf,CD,2095,2,-7016
income_post_gjf,CI,2072,2,-1570
income_post_gjf,CI,2073,2,-1598
income_post_gjf,CI,2093,2,-8834
income_post_gjf,CI,2095,2,-7829
income_post_gjf,CL,2075,2,-2107
income_post_gjf,CL,2076,2,-2982
income_post_gjf,CL,2077,2,-2919
income_post_gjf,CL,2092,2,-6517
income_post_gjf,CL,2093,2,-5258
income_post_gjf,CL,2095,2,-6760
income_post_gjf,CN,2070,2,-640
income_post_gjf,CN,2071,2,-776
income_post_gjf,CN,2072,2,-905
income_post_gjf,CN,2092,2,-7336
income_post_gjf,CN,2093,2,-4687
income_post_gjf,CN,2094,2,-2469
income_post_gjf,CN,2096,2,-3842
income_post_gjf,CN,2099,2,-4132
income_post_gjf,CO,2068,2,-273
income_post_gjf,CO,2089,2,-10514
income_post_gjf,DE,2071,2,-1578
income_post_gjf,DE,2072,2,-1390
income_post_gjf,DE,2073,2,-1192
income_post_gjf,DE,2074,2,-1488
income_post_gjf,DE,2075,2,-3496
income_post_gjf,DE,2076,2,-3122
income_post_gjf,DE,2077,2,-2739
income_post_gjf,DE,2079,2,-2331
income_post_gjf,DE,2080,2,-7103
income_post_gjf,DE,2084,2,-4006
income_post_gjf,DE,2085,2,-7543
income_post_gjf,DE,2086,2,-5943
income_post_gjf,DK,2070,2,-494
income_post_gjf,DK,2071,2,-1268
income_post_gjf,DK,2072,2,-1102
income_post_gjf,DK,2075,2,-2410
income_post_gjf,DK,2076,2,-2093
income_post_gjf,DK,2077,2,-1770
income_post_gjf,DK,2078,2,-4453
income_post_gjf,DK,2079,2,-6594
income_post_gjf,DK,2080,2,-5812
income_post_gjf,DK,2081,2,-4627
income_post_gjf,DK,2082,2,-5387
income_post_gjf,DK,2094,2,-7660
income_post_gjf,DZ,2085,2,-7776
income_post_gjf,DZ,2086,2,-6274
income_post_gjf,DZ,2097,2,-6300
income_post_gjf,EG,2077,2,-2168
income_post_gjf,EG,2084,2,-4175
income_post_gjf,EG,2086,2,-6559
income_post_gjf,EG,2096,2,-6561
income_post_gjf,EG,2099,2,-5873
income_post_gjf,ES,2078,2,-3499
income_post_gjf,ES,2079,2,-7206
income_post_gjf,ES,2083,2,-4096
income_post_gjf,ES,2084,2,-7271
income_post_gjf,ET,2070,2,-578
income_post_gjf,ET,2071,2,-1921
income_post_gjf,ET,2072,2,-2057
income_post_gjf,ET,2073,2,-2179
income_post_gjf,ET,2074,2,-2285
income_post_gjf,ET,2075,2,-2376
income_post_gjf,ET,2076,2,-2470
income_post_gjf,ET,2077,2,-2548
income_post_gjf,ET,2078,2,-2609
income_post_gjf,ET,2083,2,-5660
income_post_gjf,ET,2084,2,-4759
income_post_gjf,ET,2085,2,-3898
income_post_gjf,ET,2087,2,-2313
income_post_gjf,ET,2088,2,-7143
income_post_gjf,ET,2089,2,-8525
income_post_gjf,ET,2091,2,-4294
income_post_gjf,ET,2092,2,-8464
income_post_gjf,FR,2074,2,-696
income_post_gjf,FR,2075,2,-3960
income_post_gjf,FR,2076,2,-4479
income_post_gjf,FR,2079,2,-3347
income_post_gjf,FR,2080,2,-6123
income_post_gjf,FR,2098,2,-4584
income_post_gjf,GB,2073,2,-1806
income_post_gjf,GB,2074,2,-2902
income_post_gjf,GB,2075,2,-2639
income_post_gjf,GB,2076,2,-2384
income_post_gjf,GB,2077,2,-2117
income_post_gjf,GB,2078,2,-1840
income_post_gjf,GB,2079,2,-5045
income_post_gjf,GB,2080,2,-8115
income_post_gjf,GB,2083,2,-4042
income_post_gjf,GB,2084,2,-7304
income_post_gjf,ID,2088,2,-7131
income_post_gjf,IN,2089,2,-7684
income_post_gjf,IN,2097,2,-6082
income_post_gjf,IR,2097,2,-8063
income_post_gjf,IT,2075,2,-652
income_post_gjf,IT,2076,2,-3935
income_post_gjf,IT,2077,2,-5792
income_post_gjf,IT,2080,2,-4403
income_post_gjf,IT,2081,2,-6277
income_post_gjf,IT,2097,2,-1983
income_post_gjf,JP,2069,2,-688
income_post_gjf,JP,2070,2,-916
income_post_gjf,JP,2071,2,-833
income_post_gjf,JP,2073,2,-1956
income_post_gjf,JP,2074,2,-1802
income_post_gjf,JP,2075,2,-1637
income_post_gjf,KE,2074,2,-2958
income_post_gjf,KE,2075,2,-2995
income_post_gjf,KR,2070,2,-172
income_post_gjf,KR,2076,2,-2566
income_post_gjf,KR,2077,2,-6086
income_post_gjf,KR,2080,2,-4330
income_post_gjf,KR,2081,2,-4528
income_post_gjf,KR,2082,2,-7212
income_post_gjf,KR,2083,2,-5957
income_post_gjf,KR,2094,2,-8021
income_post_gjf,KR,2095,2,-4281
income_post_gjf,MA,2072,2,-1041
income_post_gjf,MA,2073,2,-1248
income_post_gjf,MA,2074,2,-1448
income_post_gjf,MA,2075,2,-1640
income_post_gjf,MA,2087,2,-5759
income_post_gjf,MA,2088,2,-4494
income_post_gjf,MA,2089,2,-3324
income_post_gjf,MA,2090,2,-4056
income_post_gjf,MA,2091,2,-9364
income_post_gjf,MA,2093,2,-3831
income_post_gjf,MA,2094,2,-7585
income_post_gjf,ML,2072,2,-1895
income_post_gjf,ML,2073,2,-2087
income_post_gjf,ML,2074,2,-2265
income_post_gjf,ML,2075,2,-2427
income_post_gjf,ML,2076,2,-2594
income_post_gjf,ML,2077,2,-2745
income_post_gjf,ML,2080,2,-3090
income_post_gjf,ML,2081,2,-2653
income_post_gjf,ML,2082,2,-2224
income_post_gjf,ML,2083,2,-1805
income_post_gjf,ML,2084,2,-4436
income_post_gjf,ML,2085,2,-7736
income_post_gjf,ML,2086,2,-9047
income_post_gjf,ML,2090,2,-5554
income_post_gjf,ML,2098,2,-7483
income_post_gjf,MM,2086,2,-7071
income_post_gjf,MX,2072,2,-1166
income_post_gjf,MX,2073,2,-2202
income_post_gjf,MX,2074,2,-2193
income_post_gjf,MX,2084,2,-4455
income_post_gjf,MX,2085,2,-3561
income_post_gjf,MX,2087,2,-3483
income_post_gjf,MX,2090,2,-5722
income_post_gjf,NE,2071,2,-1035
income_post_gjf,NE,2072,2,-1226
income_post_gjf,NE,2073,2,-1409
income_post_gjf,NE,2074,2,-1585
income_post_gjf,NE,2075,2,-1752
income_post_gjf,NE,2088,2,-6431
income_post_gjf,NG,2070,2,-538
income_post_gjf,NG,2098,2,-7700
income_post_gjf,NL,2069,2,-619
income_post_gjf,NL,2070,2,-776
income_post_gjf,NL,2071,2,-688
income_post_gjf,NL,2074,2,-1734
income_post_gjf,NO,2069,2,-428
income_post_gjf,NO,2078,2,-2546
income_post_gjf,NO,2080,2,-7944
income_post_gjf,NO,2081,2,-6567
income_post_gjf,NO,2083,2,-4064
income_post_gjf,NO,2084,2,-6816
income_post_gjf,NO,2098,2,-4290
income_post_gjf,NZ,2071,2,-1382
income_post_gjf,NZ,2078,2,-2913
income_post_gjf,NZ,2079,2,-6552
income_post_gjf,NZ,2083,2,-3904
income_post_gjf,NZ,2084,2,-6947
income_post_gjf,NZ,2085,2,-6640
income_post_gjf,OA,2082,2,-5316
income_post_gjf,OA,2083,2,-4650
income_post_gjf,OA,2095,2,-4956
income_post_gjf,OB,2091,2,-7811
income_post_gjf,OC,2072,2,-1828
income_post_gjf,OC,2073,2,-2178
income_post_gjf,OC,2074,2,-1975
income_post_gjf,OC,2075,2,-1761
income_post_gjf,OC,2076,2,-1555
income_post_gjf,OC,2077,2,-3626
income_post_gjf,OC,2078,2,-5927
income_post_gjf,OC,2079,2,-5432
income_post_gjf,OC,2081,2,-4165
income_post_gjf,OC,2098,2,-8182
income_post_gjf,OD,2086,2,-6111
income_post_gjf,OD,2096,2,-6325
income_post_gjf,OD,2099,2,-7436
income_post_gjf,OE,2092,2,-6704
income_post_gjf,OH,2081,2,-1492
income_post_gjf,OH,2087,2,-1068
income_post_gjf,OH,2090,2,-5791
income_post_gjf,OI,2078,2,-1269
income_post_gjf,OI,2083,2,-4357
income_post_gjf,OI,2084,2,-6313
income_post_gjf,OI,2085,2,-6370
income_post_gjf,OI,2087,2,-3407
income_post_gjf,OI,2088,2,-6989
income_post_gjf,OI,2091,2,-5857
income_post_gjf,OI,2097,2,-4747
income_post_gjf,OJ,2085,2,-6787
income_post_gjf,OJ,2099,2,-6959
income_post_gjf,PH,2086,2,-7944
income_post_gjf,PK,2086,2,-7098
income_post_gjf,QM,2073,2,-1806
income_post_gjf,QM,2074,2,-3404
income_post_gjf,QM,2075,2,-3269
income_post_gjf,QM,2076,2,-3140
income_post_gjf,QM,2080,2,-2469
income_post_gjf,QM,2081,2,-6560
income_post_gjf,QM,2084,2,-4883
income_post_gjf,QM,2085,2,-6181
income_post_gjf,QM,2086,2,-6140
income_post_gjf,QM,2095,2,-8490
income_post_gjf,QM,2096,2,-8167
income_post_gjf,RU,2077,2,-2086
income_post_gjf,RU,2078,2,-5712
income_post_gjf,RU,2082,2,-3557
income_post_gjf,RU,2083,2,-6970
income_post_gjf,RU,2086,2,-3786
income_post_gjf,RU,2087,2,-7626
income_post_gjf,RU,2089,2,-4827
income_post_gjf,RU,2098,2,-8876
income_post_gjf,RW,2080,2,-6980
income_post_gjf,RW,2081,2,-6093
income_post_gjf,SA,2071,2,-528
income_post_gjf,SA,2072,2,-1920
income_post_gjf,SA,2073,2,-1782
income_post_gjf,SA,2074,2,-1631
income_post_gjf,SA,2077,2,-3723
income_post_gjf,SA,2078,2,-3432
income_post_gjf,SA,2079,2,-3128
income_post_gjf,SA,2080,2,-3244
income_post_gjf,SA,2081,2,-7304
income_post_gjf,SA,2082,2,-6556
income_post_gjf,SA,2083,2,-5258
income_post_gjf,SA,2086,2,-3218
income_post_gjf,SA,2090,2,-3936
income_post_gjf,SA,2091,2,-7999
income_post_gjf,SD,2071,2,-1411
income_post_gjf,SD,2072,2,-1996
income_post_gjf,SD,2073,2,-2640
income_post_gjf,SD,2074,2,-3179
income_post_gjf,SD,2088,2,-4827
income_post_gjf,SD,2089,2,-3825
income_post_gjf,SD,2091,2,-8538
income_post_gjf,SD,2092,2,-6961
income_post_gjf,SD,2093,2,-4598
income_post_gjf,SE,2075,2,-2390
income_post_gjf,SE,2076,2,-4956
income_post_gjf,SE,2077,2,-4541
income_post_gjf,SE,2079,2,-3667
income_post_gjf,SE,2080,2,-5883
income_post_gjf,SE,2098,2,-4431
income_post_gjf,TH,2074,2,-1706
income_post_gjf,TH,2075,2,-3592
income_post_gjf,TH,2076,2,-4646
income_post_gjf,TH,2077,2,-4621
income_post_gjf,TH,2080,2,-4383
income_post_gjf,TH,2081,2,-5140
income_post_gjf,TH,2082,2,-6280
income_post_gjf,TH,2083,2,-5179
income_post_gjf,TH,2085,2,-4297
income_post_gjf,TH,2086,2,-7485
income_post_gjf,TR,2070,2,-571
income_post_gjf,TR,2082,2,-5765
income_post_gjf,TR,2083,2,-4640
income_post_gjf,TR,2084,2,-3578
income_post_gjf,TR,2085,2,-3119
income_post_gjf,TR,2086,2,-8425
income_post_gjf,TR,2089,2,-6676
income_post_gjf,TR,2099,2,-5948
income_post_gjf,TW,2069,2,-418
income_post_gjf,TW,2080,2,-5883
income_post_gjf,TW,2081,2,-4705
income_post_gjf,TW,2083,2,-2603
income_post_gjf,TW,2084,2,-6077
income_post_gjf,TW,2087,2,-4433
income_post_gjf,TW,2088,2,-7567
income_post_gjf,TW,2089,2,-6396
income_post_gjf,TW,2097,2,-8157
income_post_gjf,US,2068,2,-371
income_post_gjf,US,2069,2,-475
income_post_gjf,US,2070,2,-586
income_post_gjf,US,2082,2,-5700
income_post_gjf,US,2083,2,-4435
income_post_gjf,US,2085,2,-3837
income_post_gjf,US,2086,2,-9355
income_post_gjf,US,2089,2,-7281
income_post_gjf,US,2090,2,-6343
income_post_gjf,VN,2084,2,-2259
income_post_gjf,VN,2086,2,-7542
income_post_gjf,ZA,2072,2,-1106
income_post_gjf,ZA,2073,2,-2894
income_post_gjf,ZA,2074,2,-2763
income_post_gjf,ZA,2079,2,-1918
income_post_gjf,ZA,2080,2,-4983
income_post_gjf,ZA,2085,2,-3722
income_post_gjf,ZA,2095,2,-3548
income_post_gjf,ZA,2096,2,-9392
income_post_gjf,ZA,2097,2,-9042
income_post_gjf,AE,2085,1,-5237
income_post_gjf,AR,2070,1,-207
income_post_gjf,AR,2071,1,-2020
income_post_gjf,AR,2072,1,-1980
income_post_gjf,AR,2073,1,-1913
income_post_gjf,AR,2074,1,-1820
income_post_gjf,AR,2075,1,-1702
income_post_gjf,AR,2076,1,-1587
income_post_gjf,AR,2077,1,-1448
income_post_gjf,AR,2082,1,-1831
income_post_gjf,AR,2083,1,-5328
income_post_gjf,AR,2084,1,-8834
income_post_gjf,AR,2085,1,-7213
income_post_gjf,AR,2086,1,-1606
income_post_gjf,AR,2091,1,-6591
income_post_gjf,AU,2070,1,-108
income_post_gjf,AU,2073,1,-2107
income_post_gjf,AU,2074,1,-1917
income_post_gjf,AU,2075,1,-1711
income_post_gjf,AU,2076,1,-1511
income_post_gjf,AU,2079,1,-7391
income_post_gjf,AU,2080,1,-6805
income_post_gjf,AU,2081,1,-5509
income_post_gjf,AU,2098,1,-93
income_post_gjf,BD,2076,1,-366
income_post_gjf,BD,2077,1,-2388
income_post_gjf,BD,2078,1,-4525
income_post_gjf,BD,2079,1,-6782
income_post_gjf,BD,2080,1,-9166
income_post_gjf,BD,2081,1,-8187
income_post_gjf,BD,2082,1,-6544
income_post_gjf,BD,2083,1,-3588
income_post_gjf,BD,2085,1,-2503
income_post_gjf,BD,2086,1,-7289
income_post_gjf,BD,2099,1,-1765
income_post_gjf,BR,2068,1,-13
income_post_gjf,BR,2069,1,-488
income_post_gjf,BR,2070,1,-1003
income_post_gjf,BR,2071,1,-1086
income_post_gjf,BR,2072,1,-1155
income_post_gjf,BR,2085,1,-1768
income_post_gjf,BR,2086,1,-1276
income_post_gjf,BR,2087,1,-782
income_post_gjf,BR,2090,1,-798
income_post_gjf,BR,2091,1,-2417
income_post_gjf,CA,2071,1,-1668
income_post_gjf,CA,2072,1,-1534
income_post_gjf,CA,2073,1,-1384
income_post_gjf,CA,2074,1,-1220
income_post_gjf,CA,2075,1,-1044
income_post_gjf,CA,2079,1,-5957
income_post_gjf,CA,2080,1,-5394
income_post_gjf,CA,2083,1,-7212
income_post_gjf,CA,2099,1,-360
income_post_gjf,CD,2068,1,-113
income_post_gjf,CD,2069,1,-627
income_post_gjf,CD,2099,1,-288
income_post_gjf,CI,2069,1,-680
income_post_gjf,CI,2070,1,-1458
income_post_gjf,CI,2071,1,-1524
income_post_gjf,CI,2094,1,-5175
income_post_gjf,CI,2099,1,-1858
income_post_gjf,CL,2071,1,-1097
income_post_gjf,CL,2072,1,-2274
income_post_gjf,CL,2073,1,-2240
income_post_gjf,CL,2074,1,-2184
income_post_gjf,CL,2094,1,-6178
income_post_gjf,CN,2069,1,-241
income_post_gjf,CN,2095,1,-9235
income_post_gjf,CO,2067,1,-94
income_post_gjf,CO,2090,1,-7509
income_post_gjf,CO,2091,1,-2370
income_post_gjf,CO,2092,1,-1808
income_post_gjf,CO,2093,1,-9945
income_post_gjf,DE,2068,1,-82
income_post_gjf,DE,2069,1,-253
income_post_gjf,DE,2070,1,-434
income_post_gjf,DE,2078,1,-2350
income_post_gjf,DE,2081,1,-7716
income_post_gjf,DE,2082,1,-6206
income_post_gjf,DE,2083,1,-4796
income_post_gjf,DK,2067,1,-110
income_post_gjf,DK,2068,1,-231
income_post_gjf,DK,2069,1,-358
income_post_gjf,DZ,2082,1,-1822
income_post_gjf,DZ,2083,1,-5262
income_post_gjf,DZ,2084,1,-8729
income_post_gjf,EG,2070,1,-481
income_post_gjf,EG,2071,1,-545
income_post_gjf,EG,2072,1,-590
income_post_gjf,EG,2073,1,-617
income_post_gjf,EG,2074,1,-625
income_post_gjf,EG,2075,1,-615
income_post_gjf,EG,2076,1,-607
income_post_gjf,EG,2078,1,-4956
income_post_gjf,EG,2079,1,-7887
income_post_gjf,EG,2080,1,-8106
income_post_gjf,EG,2081,1,-6836
income_post_gjf,EG,2082,1,-5603
income_post_gjf,EG,2083,1,-4410
income_post_gjf,EG,2085,1,-8023
income_post_gjf,ES,2071,1,-507
income_post_gjf,ES,2072,1,-2470
income_post_gjf,ES,2073,1,-2303
income_post_gjf,ES,2074,1,-2120
income_post_gjf,ES,2075,1,-1921
income_post_gjf,ES,2076,1,-1730
income_post_gjf,ES,2077,1,-1526
income_post_gjf,ES,2080,1,-7453
income_post_gjf,ES,2081,1,-6071
income_post_gjf,ES,2082,1,-4775
income_post_gjf,ET,2068,1,-146
income_post_gjf,ET,2069,1,-361
income_post_gjf,ET,2086,1,-3082
income_post_gjf,ET,2090,1,-6303
income_post_gjf,FR,2068,1,-151
income_post_gjf,FR,2069,1,-523
income_post_gjf,FR,2070,1,-920
income_post_gjf,FR,2071,1,-818
income_post_gjf,FR,2072,1,-701
income_post_gjf,FR,2073,1,-571
income_post_gjf,FR,2077,1,-4119
income_post_gjf,FR,2078,1,-3741
income_post_gjf,GB,2068,1,-346
income_post_gjf,GB,2069,1,-712
income_post_gjf,GB,2070,1,-999
income_post_gjf,GB,2071,1,-895
income_post_gjf,GB,2072,1,-780
income_post_gjf,GB,2081,1,-6670
income_post_gjf,GB,2082,1,-5313
income_post_gjf,ID,2072,1,-62
income_post_gjf,ID,2073,1,-291
income_post_gjf,ID,2074,1,-506
income_post_gjf,ID,2075,1,-706
income_post_gjf,ID,2076,1,-814
income_post_gjf,ID,2077,1,-906
income_post_gjf,ID,2078,1,-286
income_post_gjf,ID,2079,1,-1649
income_post_gjf,ID,2080,1,-4236
income_post_gjf,ID,2081,1,-7692
income_post_gjf,ID,2082,1,-8830
income_post_gjf,ID,2083,1,-7046
income_post_gjf,ID,2084,1,-5374
income_post_gjf,ID,2085,1,-1091
income_post_gjf,ID,2086,1,-3935
income_post_gjf,ID,2087,1,-9055
income_post_gjf,ID,2099,1,-1781
income_post_gjf,IN,2070,1,-883
income_post_gjf,IN,2071,1,-1179
income_post_gjf,IN,2072,1,-1462
income_post_gjf,IN,2073,1,-1729
income_post_gjf,IN,2074,1,-1981
income_post_gjf,IN,2075,1,-2216
income_post_gjf,IN,2076,1,-2379
income_post_gjf,IN,2077,1,-2523
income_post_gjf,IN,2078,1,-2647
income_post_gjf,IN,2079,1,-2749
income_post_gjf,IN,2080,1,-2830
income_post_gjf,IN,2081,1,-1298
income_post_gjf,IN,2082,1,-3347
income_post_gjf,IN,2083,1,-7209
income_post_gjf,IN,2084,1,-9261
income_post_gjf,IN,2085,1,-7206
income_post_gjf,IN,2086,1,-5210
income_post_gjf,IN,2087,1,-971
income_post_gjf,IN,2088,1,-6901
income_post_gjf,IR,2067,1,-23
income_post_gjf,IR,2068,1,-385
income_post_gjf,IT,2068,1,-359
income_post_gjf,IT,2069,1,-694
income_post_gjf,IT,2070,1,-1053
income_post_gjf,IT,2071,1,-964
income_post_gjf,IT,2072,1,-863
income_post_gjf,IT,2073,1,-751
income_post_gjf,IT,2074,1,-628
income_post_gjf,IT,2078,1,-5346
income_post_gjf,IT,2079,1,-4882
income_post_gjf,JP,2068,1,-86
income_post_gjf,JP,2098,1,-3815
income_post_gjf,KE,2071,1,-224
income_post_gjf,KE,2072,1,-2078
income_post_gjf,KE,2073,1,-2899
income_post_gjf,KR,2071,1,-1736
income_post_gjf,KR,2072,1,-1539
income_post_gjf,KR,2073,1,-1332
income_post_gjf,KR,2074,1,-1113
income_post_gjf,KR,2075,1,-884
income_post_gjf,KR,2078,1,-5511
income_post_gjf,KR,2079,1,-4925
income_post_gjf,KR,2099,1,-6703
income_post_gjf,MA,2069,1,-13
income_post_gjf,MA,2070,1,-605
income_post_gjf,MA,2071,1,-826
income_post_gjf,MA,2092,1,-6402
income_post_gjf,ML,2069,1,-651
income_post_gjf,ML,2070,1,-1467
income_post_gjf,ML,2071,1,-1688
income_post_gjf,ML,2087,1,-7300
income_post_gjf,ML,2088,1,-5647
income_post_gjf,ML,2089,1,-4101
income_post_gjf,ML,2091,1,-8120
income_post_gjf,MM,2071,1,-55
income_post_gjf,MM,2072,1,-725
income_post_gjf,MM,2073,1,-1380
income_post_gjf,MM,2074,1,-2018
income_post_gjf,MM,2075,1,-2633
income_post_gjf,MM,2076,1,-3020
income_post_gjf,MM,2077,1,-3359
income_post_gjf,MM,2078,1,-3645
income_post_gjf,MM,2079,1,-3874
income_post_gjf,MM,2080,1,-4042
income_post_gjf,MM,2081,1,-482
income_post_gjf,MM,2083,1,-2387
income_post_gjf,MM,2084,1,-6383
income_post_gjf,MM,2085,1,-8862
income_post_gjf,MM,2099,1,-2309
income_post_gjf,MX,2068,1,-31
income_post_gjf,MX,2069,1,-377
income_post_gjf,MX,2070,1,-750
income_post_gjf,MX,2071,1,-777
income_post_gjf,MX,2086,1,-2692
income_post_gjf,MX,2088,1,-8654
income_post_gjf,MX,2089,1,-8124
income_post_gjf,NE,2069,1,-243
income_post_gjf,NE,2070,1,-838
income_post_gjf,NE,2098,1,-3169
income_post_gjf,NG,2068,1,-164
income_post_gjf,NG,2069,1,-344
income_post_gjf,NL,2068,1,-68
income_post_gjf,NL,2096,1,-486
income_post_gjf,NO,2068,1,-329
income_post_gjf,NO,2082,1,-5275
income_post_gjf,NZ,2070,1,-59
income_post_gjf,NZ,2072,1,-2132
income_post_gjf,NZ,2073,1,-2015
income_post_gjf,NZ,2074,1,-1881
income_post_gjf,NZ,2075,1,-1730
income_post_gjf,NZ,2076,1,-1584
income_post_gjf,NZ,2077,1,-1424
income_post_gjf,NZ,2080,1,-8034
income_post_gjf,NZ,2081,1,-6570
income_post_gjf,NZ,2082,1,-5194
income_post_gjf,NZ,2099,1,-1463
income_post_gjf,OA,2070,1,-109
income_post_gjf,OA,2071,1,-399
income_post_gjf,OA,2072,1,-666
income_post_gjf,OA,2073,1,-908
income_post_gjf,OA,2074,1,-1127
income_post_gjf,OA,2075,1,-716
income_post_gjf,OA,2076,1,-9
income_post_gjf,OA,2077,1,-1373
income_post_gjf,OA,2078,1,-3479
income_post_gjf,OA,2079,1,-5727
income_post_gjf,OA,2080,1,-7154
income_post_gjf,OA,2081,1,-6222
income_post_gjf,OA,2099,1,-1193
income_post_gjf,OB,2070,1,-397
income_post_gjf,OB,2071,1,-533
income_post_gjf,OB,2072,1,-659
income_post_gjf,OB,2073,1,-774
income_post_gjf,OB,2074,1,-880
income_post_gjf,OB,2075,1,-974
income_post_gjf,OB,2076,1,-1072
income_post_gjf,OB,2077,1,-1158
income_post_gjf,OB,2078,1,-1233
income_post_gjf,OB,2079,1,-1295
income_post_gjf,OB,2080,1,-1346
income_post_gjf,OB,2081,1,-974
income_post_gjf,OB,2082,1,-2184
income_post_gjf,OB,2083,1,-5318
income_post_gjf,OB,2084,1,-8511
income_post_gjf,OB,2085,1,-9465
income_post_gjf,OB,2086,1,-5517
income_post_gjf,OB,2087,1,-333
income_post_gjf,OB,2089,1,-2639
income_post_gjf,OB,2090,1,-8726
income_post_gjf,OC,2067,1,-56
income_post_gjf,OC,2068,1,-256
income_post_gjf,OC,2069,1,-468
income_post_gjf,OC,2070,1,-695
income_post_gjf,OC,2071,1,-607
income_post_gjf,OC,2080,1,-4925
income_post_gjf,OD,2074,1,-1473
income_post_gjf,OD,2075,1,-3145
income_post_gjf,OD,2076,1,-4838
income_post_gjf,OD,2077,1,-6638
income_post_gjf,OD,2078,1,-7103
income_post_gjf,OD,2079,1,-7436
income_post_gjf,OD,2080,1,-7729
income_post_gjf,OD,2081,1,-6459
income_post_gjf,OD,2082,1,-3427
income_post_gjf,OD,2083,1,-1666
income_post_gjf,OD,2084,1,-5550
income_post_gjf,OD,2085,1,-7387
income_post_gjf,OE,2071,1,-785
income_post_gjf,OE,2072,1,-2036
income_post_gjf,OE,2073,1,-3254
income_post_gjf,OE,2074,1,-3709
income_post_gjf,OE,2075,1,-4137
income_post_gjf,OE,2076,1,-4578
income_post_gjf,OE,2077,1,-4991
income_post_gjf,OE,2078,1,-5374
income_post_gjf,OE,2079,1,-5728
income_post_gjf,OE,2080,1,-6049
income_post_gjf,OE,2081,1,-4917
income_post_gjf,OE,2082,1,-2436
income_post_gjf,OE,2085,1,-713
income_post_gjf,OE,2086,1,-5005
income_post_gjf,OE,2087,1,-9329
income_post_gjf,OE,2088,1,-8664
income_post_gjf,OE,2089,1,-4308
income_post_gjf,OE,2090,1,-1091
income_post_gjf,OE,2091,1,-8495
income_post_gjf,OE,2098,1,-5143
income_post_gjf,OH,2067,1,-97
income_post_gjf,OH,2075,1,-3858
income_post_gjf,OH,2076,1,-4753
income_post_gjf,OH,2077,1,-3348
income_post_gjf,OH,2078,1,-1655
income_post_gjf,OH,2079,1,-689
income_post_gjf,OH,2080,1,-2031
income_post_gjf,OH,2082,1,-3767
income_post_gjf,OH,2083,1,-7053
income_post_gjf,OH,2084,1,-9876
income_post_gjf,OH,2085,1,-7943
income_post_gjf,OH,2086,1,-6089
income_post_gjf,OH,2088,1,-5633
income_post_gjf,OH,2089,1,-7750
income_post_gjf,OI,2070,1,-1073
income_post_gjf,OI,2071,1,-1355
income_post_gjf,OI,2072,1,-1607
income_post_gjf,OI,2073,1,-1835
income_post_gjf,OI,2074,1,-2034
income_post_gjf,OI,2075,1,-2199
income_post_gjf,OI,2076,1,-2247
income_post_gjf,OI,2077,1,-2269
income_post_gjf,OI,2079,1,-3128
income_post_gjf,OI,2080,1,-6076
income_post_gjf,OI,2081,1,-7290
income_post_gjf,OI,2082,1,-5770
income_post_gjf,OI,2086,1,-4829
income_post_gjf,OI,2089,1,-7547
income_post_gjf,OI,2090,1,-5173
income_post_gjf,OJ,2071,1,-254
income_post_gjf,OJ,2072,1,-1961
income_post_gjf,OJ,2073,1,-2852
income_post_gjf,OJ,2074,1,-3070
income_post_gjf,OJ,2075,1,-3256
income_post_gjf,OJ,2076,1,-3450
income_post_gjf,OJ,2077,1,-3612
income_post_gjf,OJ,2078,1,-2785
income_post_gjf,OJ,2079,1,-1602
income_post_gjf,OJ,2080,1,-284
income_post_gjf,OJ,2081,1,-793
income_post_gjf,OJ,2082,1,-3963
income_post_gjf,OJ,2083,1,-7173
income_post_gjf,OJ,2084,1,-8120
income_post_gjf,PH,2075,1,-1269
income_post_gjf,PH,2076,1,-3127
income_post_gjf,PH,2077,1,-5100
income_post_gjf,PH,2078,1,-7193
income_post_gjf,PH,2079,1,-7927
income_post_gjf,PH,2080,1,-8068
income_post_gjf,PH,2081,1,-6602
income_post_gjf,PH,2082,1,-5205
income_post_gjf,PH,2083,1,-1808
income_post_gjf,PH,2084,1,-2704
income_post_gjf,PH,2085,1,-7169
income_post_gjf,PK,2072,1,-308
income_post_gjf,PK,2073,1,-759
income_post_gjf,PK,2074,1,-1164
income_post_gjf,PK,2075,1,-1516
income_post_gjf,PK,2076,1,-1595
income_post_gjf,PK,2077,1,-1590
income_post_gjf,PK,2078,1,-1496
income_post_gjf,PK,2079,1,-1307
income_post_gjf,PK,2080,1,-1021
income_post_gjf,PK,2083,1,-3267
income_post_gjf,PK,2084,1,-7004
income_post_gjf,PK,2085,1,-8857
income_post_gjf,PK,2099,1,-1486
income_post_gjf,QM,2070,1,-414
income_post_gjf,QM,2071,1,-399
income_post_gjf,QM,2072,1,-370
income_post_gjf,QM,2077,1,-2992
income_post_gjf,QM,2078,1,-2828
income_post_gjf,QM,2079,1,-2649
income_post_gjf,QM,2082,1,-8047
income_post_gjf,QM,2083,1,-6407
income_post_gjf,QM,2099,1,-5919
income_post_gjf,RU,2071,1,-740
income_post_gjf,RU,2072,1,-2484
income_post_gjf,RU,2073,1,-2315
income_post_gjf,RU,2074,1,-2122
income_post_gjf,RU,2075,1,-1910
income_post_gjf,RU,2076,1,-1703
income_post_gjf,RU,2079,1,-6427
income_post_gjf,RU,2080,1,-5934
income_post_gjf,RU,2081,1,-4711
income_post_gjf,RU,2084,1,-6760
income_post_gjf,RU,2085,1,-5220
income_post_gjf,RU,2088,1,-5830
income_post_gjf,RW,2075,1,-78
income_post_gjf,RW,2076,1,-2021
income_post_gjf,RW,2077,1,-4087
income_post_gjf,RW,2078,1,-6276
income_post_gjf,RW,2079,1,-6931
income_post_gjf,SA,2068,1,-54
income_post_gjf,SA,2069,1,-309
income_post_gjf,SA,2070,1,-580
income_post_gjf,SA,2084,1,-4033
income_post_gjf,SA,2085,1,-2881
income_post_gjf,SA,2087,1,-8575
income_post_gjf,SA,2088,1,-8087
income_post_gjf,SA,2089,1,-5585
income_post_gjf,SD,2069,1,-813
income_post_gjf,SD,2070,1,-879
income_post_gjf,SE,2069,1,-529
income_post_gjf,SE,2070,1,-1370
income_post_gjf,SE,2071,1,-1243
income_post_gjf,SE,2072,1,-1104
income_post_gjf,SE,2073,1,-951
income_post_gjf,SE,2074,1,-788
income_post_gjf,SE,2078,1,-4110
income_post_gjf,TH,2072,1,-67
income_post_gjf,TH,2073,1,-215
income_post_gjf,TH,2078,1,-4568
income_post_gjf,TH,2079,1,-4488
income_post_gjf,TH,2084,1,-4134
income_post_gjf,TR,2067,1,-38
income_post_gjf,TR,2068,1,-205
income_post_gjf,TR,2069,1,-382
income_post_gjf,TR,2087,1,-7202
income_post_gjf,TR,2088,1,-5227
income_post_gjf,TW,2067,1,-109
income_post_gjf,TW,2068,1,-183
income_post_gjf,TW,2082,1,-3612
income_post_gjf,TW,2085,1,-8515
income_post_gjf,TW,2086,1,-6376
income_post_gjf,US,2084,1,-3268
income_post_gjf,US,2087,1,-6957
income_post_gjf,US,2088,1,-4794
income_post_gjf,VN,2076,1,-694
income_post_gjf,VN,2077,1,-2672
income_post_gjf,VN,2078,1,-4762
income_post_gjf,VN,2079,1,-6962
income_post_gjf,VN,2080,1,-9262
income_post_gjf,VN,2081,1,-7584
income_post_gjf,VN,2082,1,-6009
income_post_gjf,VN,2083,1,-4536
income_post_gjf,VN,2085,1,-7069
income_post_gjf,ZA,2070,1,-268
income_post_gjf,ZA,2071,1,-235
income_post_gjf,ZA,2075,1,-2613
income_post_gjf,ZA,2076,1,-2465
income_post_gjf,ZA,2077,1,-2300
income_post_gjf,ZA,2078,1,-2117
income_post_gjf,ZA,2081,1,-8348
income_post_gjf,ZA,2082,1,-7817
income_post_gjf,ZA,2083,1,-6349
income_post_gjf,ZA,2084,1,-4952
income_post_gjf,ZA,2086,1,-7843
